id,name,city,state,stars,review_count,category
I9Y-4JhE4thXVfw--3Azhg,Invacare Corp.,Manhattan,New York,3.5,5,Medical Supplies
CF-QQvee-Z_OPc_E-nkI8Q,Chuck E. Cheese,Newark,New Jersey,3,6,Food Delivery Services
rie_OxMfIxmfMJD8MFyprg,Café Perko,B0st0n,Massachusetts,4.5,9,Home Services
YsqezpbZ-cgwf9kvWpBvFw,Fay Wong,B0st0n,Massachusetts,2.5,6,Chinese
JdsD9o8OIcW2JV3NubQ_hA,Public Library,Manhattan,New York,4,4,Public Services & Government
3rHMaoarZ13Qrafr2DeFcA,The Zen,Syracuse,New York,3,17,Chinese
Mzc-5qTf_eY5mNR7Zn5S2w,Nail's Attraction,Manhattan,New York,2.5,23,Nail Salons
Kn57RIWAdnVfJHI1loLXOQ,Super Hakka Restaurant,Manhattan,New York,3.5,67,Chinese
nd8gEcA81CCq-CIigvO5YQ,Hakim Optical Factory Outlet,Manhattan,New York,2.5,3,Shopping
7lvogweL-b7av26TUOCf4w,Hey Noodles,Manhattan,New York,4,6,Asian Fusion
a7PQyftj6OURt0f5evJRUg,Junction Eatery,Manhattan,New York,4,15,Restaurants
zuTA5DZ3FQL33hstBJktNQ,Ci Gusta!,The Bronx,New York,4,16,Ice Cream & Frozen Yogurt
3Td52lQh8WDFLMLI2v-B4g,"Ken Nakamura DC, CAFCI",Manhattan,New York,5,3,Acupuncture
dVaIvpEMYuJPlHHCe9Oevg,Perfect Nail Spa,Manhattan,New York,3,17,Nail Salons
CDjcqC_y7D14jZd9kKmZ9g,Fressen Restaurant,Manhattan,New York,3.5,51,Restaurants
l8fPKljU559jkRRFLwfx9w,Queens Public Library,Queens,New York,4,4,Libraries
8g4U25x6q7DUYN50lsQq2A,Chez Julien,Quincy,Massachusetts,4.5,3,Caterers
OFaBWa-YLblMZhfS54MsWA,Jetsun's Juicyburger,Manhattan,New York,2.5,17,Breakfast & Brunch
JiYlmAqfqfiGK3JycqhOqw,Zara,Manhattan,New York,2,6,Women's Clothing
JkHJXplZptBUhBxclMLbRg,Noise,Manhattan,New York,3.5,3,Shopping
yiKd42V_SoI_08DL62twDQ,Doner Kebab House,Manhattan,New York,4,90,Restaurants
m_L_h0dBvaAF5WER7GOzPQ,Dream Cyclery,Manhattan,New York,4.5,14,Bikes
4EwFbukGHSWoyZ3EOGapPA,Equinox Fitness,Brooklyn,New York,4,3,Gyms
cCKMUbJLXG3d-jB7xzG4cw,Maison de Thé Cha Noir,Cambridge,Massachusetts,4.5,7,Food
3PhF188adiC8ZutKRP9gyQ,Health Herb Harmony,Niagara Falls,New York,3,55,Desserts
DBU2PkMCYXHtHRHLtX1xQg,Smile White,Manhattan,New York,3,9,Health & Medical
OCr1LxK7ruGwWSD12unbzg,Oriental Falls Spa,Newark,New Jersey,2,6,Beauty & Spas
FRHfFuJ8a9FKgGpm-GrdeA,Chow Pastry,B0st0n,Massachusetts,4,4,Food
HuSgA5afcUz14MjtJkcNSA,Ariake Japanese Restaurant,Elmira,New York,3.5,13,Japanese
mEc96Dg8H8t0iZrEF7Pk_Q,Pub P J,B0st0n,Massachusetts,3,19,Sports Bars
uVkOVB0FJ9INOBmzB8ai5g,Restaurant Peddlers,Salem,Massachusetts,3,4,Restaurants
tWNdXuz8wBbyEFllemjrzw,Domino's Pizza,B0st0n,Massachusetts,3,4,Italian
rc3uC4080uSOMtJRs59N5g,Starbucks,Manhattan,New York,2.5,16,Coffee & Tea
I3BtaQaQ3PvwlUk6oYpTjg,Salon Calypso & Spa,Poughkeepsie,New York,3,3,Skin Care
T6dBetrpUOhYz8GmKX05Yg,Hairy Tarantula Comics & Games,Manhattan,New York,4,23,Hobby Shops
wPltTd0vAcOcDWIE8JhWVg,Cobra,Manhattan,New York,3,16,Dance Clubs
oU0sywyWhlb-Z5Dyo33B6g,EB Games,Manhattan,New York,2.5,12,Books
Mhb-iYVDZUDzq7iPELg7QQ,Mr. Jerky Fish and Chips,Manhattan,New York,4,3,Restaurants
VgG6x5tfIcPmadoE5FikPw,The Works Gourmet Burger Bistro The Beach,Manhattan,New York,3,6,Food Delivery Services
TCvqMYuw3FpWjhkS0Dq3UA,Lettuce Knit,Manhattan,New York,3.5,14,Knitting Supplies
W6JDLxfW2RGRSv5z7J1hMg,Sal's Grocery Store,Huntington,New York,3.5,5,Grocery
VQkrYJgDZIDsnaphQh1ZDw,Osco!,Boston,Massachusetts,3,18,Restaurants
JLPRHZC0QDT731abIbawTg,The Village Seamstress,Manhattan,New York,5,8,Local Services
0O3H5plJx-Cq2A80qFVW5w,LAB,Manhattan,New York,4,17,Canadian (New)
wSZ-E1rwPQUcq1rAbn2ANg,Cookie Crumble Cafe,Ithaca,New York,2.5,9,Italian
RI-dk_hgC_jDMNBKWAy-ww,Tasty's Caribbean Take Out,Manhattan,New York,3.5,9,Restaurants
_0oMhe_H-Dw6RX1BmRk1_g,Silver Snail Comics,Manhattan,New York,4.5,4,Shopping
fcwk_5aiACu6y7AxpRhUug,Smart Furniture,Buffalo,New York,2.5,3,Shopping
gY1EPTJwTo7PVdH935C16i,40 Northh,Plymouth,Massachusetts,4.5,8,#N/A
lEMIuw9EuGrni4eY4FaRQQ,Ella Minnow Children's Bookstore,Manhattan,New York,3.5,3,Books
tMxzAzHSFJWjSu6CEjwtJQ,Posies Flower Studio,Manhattan,New York,4.5,3,Shopping
jpIEMrCxZ6EHCwRlkMAokg,The Sound Post,Manhattan,New York,4,5,Music & DVDs
WeUIaYtfyeX9eQKw_5xeiQ,Caz's Great Fish,Utica,New York,4.5,9,Fish & Chips
eujvfaVhdWgctXEasaYkzA,Seasons Foodmart,Elmira,New York,3,18,Imported Food
lqc424ErH0U6Z4eg-k_cQQ,Mandy's,B0st0n,Massachusetts,4.5,18,Restaurants
t8voOVIOx0_Q_VrQbgeuSg,A Mano Italian Eatery,Huntington,New York,3.5,3,Italian
Y2MhasrSTYFJM8O04IqCgQ,Restaurant des Jardiniers,Quincy,Massachusetts,5,8,Canadian (New)
XmgbQmB8SiFcWVWE1xU3fw,Taberna,B0st0n,Massachusetts,3.5,12,Portuguese
9jII6Il9Phzm6cobNexo7g,Sobeys,Utica,New York,2.5,3,Bakeries
4FIEx4XKsnpb5gKB-AJBpg,Cutdle,Manhattan,New York,3.5,3,Hair Salons
UOQwnDVFCPm34gg5MqOa8g,Kangoo Jumps New York,Manhattan,New York,4.5,3,Gyms
DXFJZkDwC8wmQHLPLEsvYQ,Ultra Supper Club,Manhattan,New York,3,19,Lounges
_BJ2lBc1TWwIfxNzXbaaBA,District 28 Bar Bistro,Manhattan,New York,3,8,Sandwiches
kMSigAcVWboEHRBzyiiScA,Sonic,Manhattan,New York,4,11,Coffee & Tea
ZbY4MnRevaWEQsJ9DB1DSA,Nature's Health Food,Manhattan,New York,4,3,Specialty Food
tbwifvIexNogBETNZY8irg,Whittamore's Berry Farm,The Bronx,New York,4.5,25,Specialty Food
eJIYkn25Sm11KK0C0EqsZA,MedVSpa,Manhattan,New York,3.5,3,Medical Spas
zMoW05c6cNwcbYG4mXcWDA,The Home Depot,B0st0n,Massachusetts,2,5,Shopping
0fVMp00yMNmtuCjCeZEc7w,Uniqlo,Manhattan,New York,3.5,24,Men's Clothing
ZHSMToFUzdVijeJvrWLNJw,The Trane Studio,Manhattan,New York,3.5,7,Jazz & Blues
NULeUErpXSit6Gshc2BreQ,Sun Nails,Manhattan,New York,2,10,Nail Salons
nM5iqNPEEDEdFLzss2ppMQ,Y Phung Watch Repair,Manhattan,New York,4.5,4,Local Services
irrqJYiN8JvOl9XwK5bhbg,KFC,Elmira,New York,2.5,5,American (Traditional)
jPs3_reHSqxpyC9jJvwR8A,Couture Et Nettoyeur C E,B0st0n,Massachusetts,1.5,3,Laundry Services
y-g76lPfb4E5LdKVxFF0RQ,Track & Field Bar,Manhattan,New York,4.5,31,Party & Event Planning
XfezCsFdaPDIJQAepZ13qA,Ample Food Market,Binghamton,New York,2,7,Food
wc1NuLiUrOKmtAcsG2lHIw,Allure Hair & Spa,Manhattan,New York,2.5,22,Hair Salons
Ae8WjL1VsWis713IqETurQ,Jacques Cartier Pizza,Quincy,Massachusetts,3,3,Pizza
zwOuVcnMnc9zfev4_1M4jQ,Rainhard Brewing,Manhattan,New York,4.5,6,Breweries
RcEaxi1h3qMIzQTDQyqNFg,Pinoy Hub,Manhattan,New York,4,5,Restaurants
5bTJ9CA2YcgyhjM9Nvrbrw,Cajun Way: Chicken & Seafood,Buffalo,New York,3,13,Restaurants
kAjCI0-7igmzWdsXbOuYWQ,The Fox,Manhattan,New York,2.5,47,Bars
e-S4GXbIEG82p9yhpDexow,Kitchen Stuff Plus,Buffalo,New York,4,5,Shopping
V-MDiyWy__EyrjNeB7Ts7Q,Umana Health,Poughkeepsie,New York,5,4,Physical Therapy
0_Twd4emsDeKa91azXGoug,Starbucks,Manhattan,New York,4,6,Coffee & Tea
8WYIG5N1tWsRtjL6DpZxqQ,Graffitti's,Poughkeepsie,New York,2,5,#N/A
F7yUPLSIullj2Du6CvTo-Q,The Bear and Firkin Pub,Lake George,New York,3,10,Pubs
fCdcxvZJjkwh7PbOOWUmJQ,Colaba Cuisine,Yonkers,New York,3.5,22,Indian
nN4L8-Zt0l0-J3KzkLjXAw,Thai Delight Restaurant,Poughkeepsie,New York,3.5,3,Restaurants
ijdlKGYIiVxuDGu-hMejHg,Top Saigon Restaurant,Niagara Falls,New York,2.5,12,Vietnamese
c9o0sBdEvER2nBeZ6HS9pw,Cineplex Odeon First The Bronx Place Cinemas,The Bronx,New York,2.5,7,Cinema
MKviRVX2QxRgGS6juCEeYg,Fantasy Eatery,Manhattan,New York,3.5,14,Chinese
ubW9VGPz6CnpDWjTrfHxgQ,Hair Smart,Niagara Falls,New York,3,3,Beauty & Spas
CWa4v0nmLoa6rm2DjXrdMg,Café Au Bout de L'isle,Worcester,Massachusetts,3.5,3,Restaurants
MoX-OXOMuOrxikH5fwuybQ,Star Scarsdale Viet Thai Cuisine,The Bronx,New York,2.5,18,Thai
7HrCELR6uv2HkgL7aT_hcQ,Chiado,Manhattan,New York,4,88,Seafood
XlhTovG_AP59XLGBmD7ipA,Bridge and Bardot,Manhattan,New York,3.5,3,Used
FyKXTyE95QWGHLSVDqaApA,New Veer Preet Service Centre,Buffalo,New York,2,6,Tires
_bmLQ4kM3AAwlLZyuuRPgA,Tutti Frutti Breakfast,Buffalo,New York,2.5,20,Breakfast & Brunch
OBSca4THBrnji7VJX4cpyw,Just Temptations,Buffalo,New York,3.5,3,Caterers
G2ES3OhOycGuqj0wW14zXw,Evergreen Natural Foods,Manhattan,New York,4.5,25,Specialty Food
29bw6uZ7I5D_XoRGXr1ALQ,Casa Creole,New Bedford,Massachusetts,4,3,Restaurants
PpvcuZ95QsaClvsTjdwFRw,Oh 3 Singes,New Bedford,Massachusetts,4.5,3,Specialty Food
Rw0kRneuwXnRTHfGnDnA5w,Green P ParScarsdale,Manhattan,New York,4,7,Automotive
WGpgb6L3knlJctBOABYHQA,Madison Manor Boutique Hotel,Manhattan,New York,2,3,Hotels
iJCI80Nwp514xIqBOgjhCA,Fat Pasha,Manhattan,New York,3.5,124,Restaurants
45rWYQPlQ4x5cFU0uuRKug,Harry's Drive-In,Newark,New Jersey,3.5,29,Burgers
s4IsetnGL_dUPb_7kgCfDQ,Sushi Jun,Queens,New York,4,8,Restaurants
wNL7DFH8wzP6iluQJnsA3w,Fresh Collective,Manhattan,New York,4,12,Shoe Stores
aEj74jHPbM3LN-p_DSyMDw,Azienda Cafe,Manhattan,New York,3.5,3,Coffee & Tea
uvjJi6j6uxP2G8Vlg9aX8A,Moxie's Grill & Bar,Poughkeepsie,New York,3.5,52,American (Traditional)
CDZlAVwVa-poKMZo1kqZoQ,Orient Retreat Spa,Niagara Falls,New York,4,4,Day Spas
xpnKW9566jhZsWHEtLH0ig,Rôtisserie St-Hubert,B0st0n,Massachusetts,4,3,Barbeque
71t6eKK4Wkdzyqj2dcRL7w,La Boîte Noire,B0st0n,Massachusetts,4,10,Shopping
n_f5fIJXPtdErd1CHEUXTA,PetSmart,The Bronx,New York,3,8,Pet Training
rq-jNRnX_CL9mNq55DO17w,Aroma Espresso Bar,Manhattan,New York,2.5,16,Food
XVxReat5L3dgeBTlR64ufA,Pizza U,B0st0n,Massachusetts,3.5,3,Pizza
_zTW9DhfQxU7HaVAu-Tsmg,Sanko Trading,Manhattan,New York,4,44,Grocery
7qHU_Zh5qEJP3DaaBHqWBg,Saigon Lotus,Manhattan,New York,4.5,48,Thai
Yi6Y7SHNp83dpVEBKhyfhQ,Strada Jewellery,Manhattan,New York,5,49,Local Services
SY-tkMJOgHqgbUd1tD-yBQ,Restaurant Cambodiana,Marlborough,Massachusetts,4.5,3,Asian Fusion
VMMLyTjrXe6qAQIXMrLp-w,Firehouse Subs,Utica,New York,4.5,6,Restaurants
lShGSRdcV-xbGLvcuj0Nag,Aeroplan,B0st0n,Massachusetts,1,8,Hotels & Travel
Z-nJT35J1Sd7l4_8ApzKAg,Tito's Pizza & Wings,Queens,New York,3,3,Chicken Wings
d9VHRDmg37JrC8o7gqHxsw,Hotel Omni Norwood,B0st0n,Massachusetts,3.5,76,Hotels
2MmMKEha9al4UPUG_aJLJw,Boucher Double,New Bedford,Massachusetts,3,4,Restaurants
WKayXylpXcAEReoqgNK3tA,The Avenue Restaurant & Lounge,Newark,New Jersey,4.5,15,Caribbean
mRDs0z_ys0h1NFh59vQqSg,KFC,Manhattan,New York,3,3,Fast Food
a0wGft8Zg0hDwOnUTPlSBQ,Roots - Eglinton Power Ctr Outlet,Newark,New Jersey,4.5,5,Leather Goods
0jn6rkjc9fvQDw5iPtvxfg,Sunny Foodmart,The Bronx,New York,3,13,Grocery
IJDY4TZIp34ow1mDBCW8Cg,New York Beauty Clinic,Manhattan,New York,3.5,3,Medical Spas
Lrle-Vr9YlLxVIEIlrHDRg,ibake,Brooklyn,New York,3.5,14,Food
xL-Ckvr8k8vEBJxC1wsCqQ,Wah Sing Seafood Restaurant,Manhattan,New York,3,70,Restaurants
g2FSpf4OTWcQauAOWjoL-g,Adelaide Hall,Manhattan,New York,3.5,10,Nightlife
674mcTNUUY7J6ByzRhiARA,VMedia,Brooklyn,New York,1.5,8,Home Services
ZsrQbYusDGkNqXMnxBhqlQ,Café Falco,B0st0n,Massachusetts,4.5,34,Japanese
u6ylhDrUV1v6g5Aex8rebw,Impact Kitchen,Manhattan,New York,3.5,65,Food
vHHHbPjhXtLApOmBoGWLww,Seaspray Restaurant,Manhattan,New York,2.5,8,Chinese
KLwTrBLp9ClmH35ZBAlbYg,Restaurant Sai Gwan,B0st0n,Massachusetts,4,16,Restaurants
5zFXFpQNGqGsnfKvACyrQg,Cafe Rico,B0st0n,Massachusetts,4.5,7,Food
bGao_iVv3TAYcZ_5y9bOCQ,Le Fagotin,Brockton,Massachusetts,5,3,Restaurants
XmfiEDGV1V1mqeEP7SurTg,Ufficio,Manhattan,New York,4,41,Cocktail Bars
bmDUty0odSexELXaEG4ELA,Gilead Cafe and Bistro,Manhattan,New York,3.5,66,Canadian (New)
uUq0bMEjt202bMbRHkIcNA,Mabu Station,Manhattan,New York,2.5,108,Desserts
N4xwumeBbIK8wWxu7E8Waw,Garrison's by the Park Barbershop,Manhattan,New York,4,50,Barbers
TkiUm9epsCchQHFVrGJNmg,Bleu Caramel,B0st0n,Massachusetts,3.5,11,Restaurants
bnynFslWzMdociRDNhAIiw,Dong Dong Pastries,Niagara Falls,New York,4,7,Desserts
Lie3btnttaXYYc1K8IjDWA,Art's Fish & Chips,Utica,New York,3,9,Restaurants
J-U6C8FgveGsDdHwRB56OQ,Global Pharmacy USA,Buffalo,New York,1.5,5,Drugstores
00cnADqESisY-PclaGK6uA,La Conca d'Oro,B0st0n,Massachusetts,5,5,Event Planning & Services
_80vznYut7O0Vq6F5-95Zw,ChocoSol Traders,Manhattan,New York,4.5,3,Food
kIBj9C-9JKEiboPbL4uhtw,Bees Knees Dance,Manhattan,New York,4,6,Specialty Schools
W7NYA7Eo_C4EN30tz7q2aQ,El Convento Rico Club,Manhattan,New York,3.5,21,Nightlife
y9cMrm4_ZSsbH00NATButQ,Chickenland,Buffalo,New York,4.5,5,Caterers
ZsA8J49XHGd6nrNhbYMejw,Toroli,B0st0n,Massachusetts,4.5,34,Restaurants
Kdt5XrqARBMIH694fgnyuA,Amicos Pizza Ristorante,Manhattan,New York,3,31,Event Planning & Services
7w2Z3pA5hahdmuA40kauBg,Adonis,Lowell,Massachusetts,3.5,10,Grocery
r-LcGgYJn9zqOwX42Lzx1w,Epicerie a Lam Kee,B0st0n,Massachusetts,4,11,Food
IflW1yOEcNQrB2SWxHKoSg,The Poet Cafe,Manhattan,New York,5,4,Food
v5ufpXJ9bU3LCp4U0Iewsg,Studio Cycle Group Inc,Manhattan,New York,4,5,Motorcycle Dealers
4XMhO5LyfFHq5rdFHkXfXQ,Chuck E. Cheese,B0st0n,Massachusetts,2.5,3,Pizza
ObCV8RUxYqJfnwh7uZGMww,Select Sandwich,Manhattan,New York,3.5,6,Breakfast & Brunch
KPkUKPQtyLbpMrGoyMmJAA,Tattoo Box Boston,B0st0n,Massachusetts,4,12,Tattoo
rsJFpQ7jSY9az7SEYwi8pA,Harmonie Orientale,Salem,Massachusetts,3,4,Sushi Bars
VF98tmCaWSCeErQdds0z-w,Daybreak,Queens,New York,4,13,Restaurants
ESeL9xjkDEiL0GzLMbEmqA,Dispatch Coffee,B0st0n,Massachusetts,3.5,6,Food
tc3fBQqkmtEa53Ap1enE4A,Dunfield Club,Manhattan,New York,3.5,13,Fitness & Instruction
_1eT4mAskvdk8vJSl61TEQ,Beauty Queen Hair & Esthetics,Manhattan,New York,2.5,3,Beauty & Spas
vnxDFDUH_y-hsKqOZ9fEpg,Fusion Hair Studio,Niagara Falls,New York,3.5,9,Beauty & Spas
rxr0kjcVwX22QI2Hq5iA4w,Grappa Restaurant,Manhattan,New York,3.5,20,Restaurants
gLvBBrz7GaEbec3KlfVlLA,Sbarro,Ithaca,New York,3,4,Pizza
FQy3it-XBt6XnZFTK2UoCA,Timothys Coffees of the World,Manhattan,New York,3.5,7,Coffee & Tea
kMQFHW2aQL8qPvueZDJv1x,Four Points by Sheraton Hotel & Suites,B0st0n,Massachusetts,2.5,3,#N/A
D7nZVc4tm6_-6X6dYBiaHg,Starbucks,Manhattan,New York,2.5,10,Food
OA1o0ixPWw-maEq2CF1Qag,Kiin,Manhattan,New York,4,41,Restaurants
hB6zLH4TwV81o1b2SfnDUA,Shirin Mahal Bakery & Sweets,Manhattan,New York,3.5,4,Food
ewkZj2cKq5wBB2TOqj8Mug,Concession Road,Manhattan,New York,4,32,Restaurants
XXqHbsf-sOZfwSS4gLWU4A,Hive Café,B0st0n,Massachusetts,2.5,4,Salad
tvDZJVdwCLgAD-EfZblpGQ,The Corned Beef House,Ithaca,New York,4.5,6,Restaurants
cW4IU7Kq6fXI4pDIYDz3tA,The Puck Sports Bar and Grill,Manhattan,New York,3,16,Sports Bars
ishZ97FeVMr78s2rKlzROQ,Momo Tea,Niagara Falls,New York,4,6,Tea Rooms
DwG7_vYztZP-AMXEIvGgFA,Christine Cs Shortbread,Manhattan,New York,5,3,Food
Fu5rL-dPs-VNW0k315xMbw,Fantasy Eatery,Niagara Falls,New York,3,37,Restaurants
c4N5uWUmw6lwCHiJxsvEEg,McDonald's,Buffalo,New York,1.5,7,Fast Food
lIEahf71RLPJ_rFBJ5fqzQ,Sala Modern Thai Kitchen & Bar,Manhattan,New York,4,40,Asian Fusion
HRBnH1lbsjHDcZWvwryWGg,Hôtel Chez Swann,B0st0n,Massachusetts,4,34,Hotels
oBuFzfKprMOxd9T2ytjZhw,I Deal Coffee,Manhattan,New York,4,13,Coffee & Tea
u1wI2d12J6rbDFFUTG9c5Q,CherryBerry,The Bronx,New York,4,9,Ice Cream & Frozen Yogurt
OMWHA7yVjk1epDnC5Ohg4w,Subway,Manhattan,New York,1.5,3,Restaurants
RwWrH8xXMrm4QUJKKlo7zQ,Pro Hockey Life,Ithaca,New York,4,6,Sporting Goods
FRuuIDOd21pTJHvEGIt1Gg,Holder Restaurant Bar,B0st0n,Massachusetts,4,235,Restaurants
uHgQgxfksSyqTzRRfRh0_w,The Ice Cream Shop Oneonta,Ithaca,New York,3.5,3,Ice Cream & Frozen Yogurt
qu9mGrHooIcyo7Ly1cqDFA,Pizzéria Piccante,Framingham,Massachusetts,4,4,Restaurants
9qSf1EHgJ9mVScKl30eRYg,Comfort Suites Downtown,B0st0n,Massachusetts,3.5,10,Hotels
aMWcnH5b5_B2tlquZnLBHw,Happy Noodle,Manhattan,New York,4,12,Restaurants
RN17Ce_ITWJODYlhEjehZw,Wrentham,B0st0n,Massachusetts,3.5,27,Department Stores
sxUQbWFfna2jHmAaXELOuw,Ganto Sushi,Manhattan,New York,3,6,Restaurants
KhBRnmB4D3NxcsV9dg8giA,Birds And Beans Cafe,Poughkeepsie,New York,4,50,Restaurants
N-11FCEppz5NVYZVM2G5yA,Fit Dogs,Manhattan,New York,3,4,Dog Walkers
yXnyHetmUlM_LOxUbLauog,Zec Café,B0st0n,Massachusetts,4,4,Restaurants
y_WxwLoH-MEINB3RTVy8dQ,Ginza Sushi Restaurant,Oneonta,New York,3.5,48,Sushi Bars
vbWQvKr3fl-RvogVeLXk3g,Soia & Kyo,B0st0n,Massachusetts,1.5,3,Fashion
xi109DyT11hpD93z4FAHug,Crywolf,Manhattan,New York,4,6,Arts & Crafts
hRHnzrGCVsHItdSsapkyYg,Koza Kebab & Grill House,Manhattan,New York,4.5,9,Mediterranean
K6Cz-e5h3Z9TH0uYIhWT2w,Mikes Restaurants,B0st0n,Massachusetts,2.5,5,Restaurants
r-xia4iLBMFxAiUfpY-vig,Target,Manhattan,New York,2,13,Department Stores
2RWOMcGakXHEdgFctf03Eg,La Petite Gondole,B0st0n,Massachusetts,4.5,4,Halal
PU6w0HlUmpZXxlbc31gqTQ,Dunkin',Andover,Massachusetts,3,4,Cafes
xZkEavhjO4r-6D1QS9aAgg,Gadabout,Manhattan,New York,4,6,Shopping
SLS_Ld3nVj91JJGks1yOTQ,OPA! of Greece Dundas Street,Manhattan,New York,3,8,Restaurants
bO_XtMjGqV-l8x023KREpg,Dutch Bros. Coffee,Binghamton,New York,4,4,Coffee & Tea
p2i_ZU48IhgNgCjnM08DQg,Vescada Salon,Manhattan,New York,3,11,Hair Salons
yX4anPCzNGDQ-v8_uug2yg,Kensington Natural Bakery,Manhattan,New York,3,15,Restaurants
KPsRJrK0totR-_QRVsC0fg,Bar Oak,Manhattan,New York,3.5,12,American (New)
2H03AHK21D3WMOjkP1DS2A,State & Main,Syracuse,New York,3,30,Bars
tNJBD6CleWS821Y024GTqw,The Greek Point,The Bronx,New York,2.5,20,Greek
fE-dFRyFWP4ZiijhCEMxIg,Café By Kwin,Manhattan,New York,3.5,9,Salad
SdStiFh7yOQQ1Id2zQwJ1w,Downtown Porsche,Manhattan,New York,3,5,Automotive
qd-nuT8GlS3hsjKmDDj72g,Burrito Boyz,Buffalo,New York,4,67,Restaurants
m9la92P5EOJq5Cr4fcP7Zg,Niagara Falls Day Tour,Manhattan,New York,2.5,3,Tours
fo_w5L2x00wS4NMHzE8oyg,Sandoozles Smokehouse & Pub,Manhattan,New York,2,4,Barbeque
KmMTqav3TjbDAHhQzbvuQQ,Scooter's Roller Palace,Buffalo,New York,4,16,Active Life
kEq7eudoX5qdcaSLAq3axw,Paris Bakery & Pastry,Manhattan,New York,3,16,Bakeries
P9Itkji-aaA_m86s81TKXQ,Salon De Coiffure Chez Stephane Coiffure & Esthetiqu,B0st0n,Massachusetts,3,3,Beauty & Spas
ipNHAHzEcdUj9lfNy8TEdQ,Zara,Buffalo,New York,2.5,5,Women's Clothing
_ysKN1qNIPrzfL7BaQxG6g,The Art Shoppe,Manhattan,New York,2,4,Shopping
Fz1r4nl8kUYN9JvVYKvqMw,Bo 7 Mon,Manhattan,New York,3.5,5,Vietnamese
ikUAY164va8chsgFFhfQhw,SPA Bêtes V I P,B0st0n,Massachusetts,4.5,3,Pets
iTlJEtq4fnkkADgVjoUhXQ,Mourelatos Supermarket,Fall River,Massachusetts,4,3,Grocery
5UH5pP7rKi3idkUUzoiXyA,Prince Maki Sushi Plus,Boston,Massachusetts,4.5,6,Japanese
UXpXavd3EbJU1xh32iTo_g,NYC Service,The Bronx,New York,3,4,Public Services & Government
FwcIo83tMqzU6COsUHBGAg,Whelan's Gate Gastropub,Manhattan,New York,4,13,Restaurants
EOGH9EJyS_VerDZx3lsjTw,Ivory Parade,Manhattan,New York,3.5,6,Cards & Stationery
SDbHqXI9sEQRZCLIlknyKA,William Ashley Warehouse Sale,Manhattan,New York,4,8,Shopping
gqGnHza3_7Y53NzXEzDpzg,Dunkin',Manhattan,New York,2,5,Coffee & Tea
JiLSzIsXDXGZbR8OdwIYmw,Thomas Lavers Cannery & Delicatessen,Manhattan,New York,4,15,Delis
F-AYOq1xIY2u_qmWUG5VBw,Hakka Ren,Buffalo,New York,3.5,58,Indian
0SzsjK9u-tiYgefzJO04jw,Cone Gyro Bar,B0st0n,Massachusetts,3.5,6,Greek
7F6YzrTNdRz5teRSNbRq9C,Sweet Lee's,Cambridge,Massachusetts,4.5,33,#N/A
_WOqh3hBx3qqzE-Jf-bLKA,Imprint Pilates,Manhattan,New York,4.5,10,Yoga
D1Mhqi69HAGeHhs-rB5-yA,Dunkin',Queens,New York,4.5,4,Restaurants
WVOtgN0CU8vZvClch1SYDg,L'Antre Nous,New Bedford,Massachusetts,4.5,3,Breakfast & Brunch
MqT4cWU_BHBm0kpxqyMg0w,McDonalds,Manhattan,New York,1.5,6,Active Life
XTiYRBjgSFjIx8wKKjQvkg,Sears,Fall River,Massachusetts,1,4,Department Stores
iVxtmA5K0YHUVqeYuZ41KQ,Sushi Tower,Manhattan,New York,3,24,Sushi Bars
dHDly8l7xbbk6jRz-CYRZw,Hair By Flora,Manhattan,New York,2,6,Beauty & Spas
xbrzeSs5xDcEL1g6SI9-fA,ACE Rent a Car,Manhattan,New York,1,4,Airports
4KdjZ4UkZOtTikWHXCz9EA,Mendocino,Manhattan,New York,4,3,Women's Clothing
LDMzekefCl0g2WNybJG86g,Le Biftheque,Fall River,Massachusetts,2.5,25,Steakhouses
3zJdvcJldp8OTYfaQhy6Iw,Marc Anthony Salon,Manhattan,New York,1.5,9,Beauty & Spas
br2M2b-CsXI0HY0RXvHl0w,El Sombrero,Buffalo,New York,4,86,Mexican
74WSUrXFvEGCbrQedj_0Xw,Mike and Lori's No Frills,Newark,New Jersey,3,8,Department Stores
HaBNgcFkE4GggOoecDaSdA,Messis,Manhattan,New York,4,19,Modern European
uOSpNcsEKLsc-v6HSfzifA,D & K Spa Nails,Manhattan,New York,4,3,Hair Removal
3YS0rwSApGFouybkknQfkQ,Dolce Lucano,Oneonta,New York,4,3,Specialty Food
I-Xwbv0xGSYbs3WesYBxsw,Restaurant Cafe Promenades Brockton,B0st0n,Massachusetts,4,3,Canadian (New)
VOm_VVok4zS_tfFaz6GQlg,Il Bun Ji Restaurant,Manhattan,New York,3.5,9,Korean
MrmwDgMlL2GtthlAZsJwNQ,SCADDABUSH Italian Kitchen & Bar,The brox,New York,3.5,268,Nightlife
HiQUSQcybN-cehXefdddtg,Lave-Auto St-Urbain Laurier,Boston,Massachusetts,1.5,7,Auto Detailing
oE4LLveAUHqLcDRQvfo9LQ,Basic Kneads Massage Therapy & Wellness Centre,Poughkeepsie,New York,5,4,Beauty & Spas
32FkzNqL6bYZ5CCrCF4JiA,Brutus Bar,B0st0n,Massachusetts,3,28,Pubs
K8_YZFwve16cvj84RzS_vQ,Tim Horton,Buffalo,New York,5,4,Sandwiches
YwTtrKCE_9OaMe9xASCLenox,Szechuan Express,Manhattan,New York,1.5,13,#N/A
JPBHpiGDsdaXcfgtEcG1OQ,Avis,Manhattan,New York,2,3,Hotels & Travel
M6KM77IZG9MWxV8_036iUQ,The Alamo,Manhattan,New York,3,3,Tex-Mex
OuP0eBmsGSC8sVxm_x-Wkw,Augusta House,Manhattan,New York,3.5,21,Bars
L_tieGcFMQVSmk7XiA093A,Chine Hot Pot & Noodles,Manhattan,New York,4,89,Chinese
v3dfFnyL6DoagSTy_MeyRQ,Eggsclusif,Waltham,Massachusetts,3.5,27,Restaurants
WaDDm9h-FVhkWSEl0dQdIw,Old Mill Station,Manhattan,New York,3,3,Hotels & Travel
OvqcrNBI-ZjhAbUU6pwvzg,Super Five Foods O-A Vita Pita,Binghamton,New York,2.5,3,Sandwiches
grLN10Kl1W2Jn7CWJTL_lw,Mary Brown's Famus Chicken and Taters,Lake George,New York,3.5,5,Restaurants
F2WYiBmd6R9yoUjCk7_xTQ,Peche Peche Fish & Seafood,Framingham,Massachusetts,2.5,3,Specialty Food
BdHgn-fG1hOGTNkN9kYbVA,Rôtisserie St-Hubert,B0st0n,Massachusetts,3,24,Barbeque
s0IHyfHZIyDdNWV8g7XaMw,Les Chocolats de Chloé,B0st0n,Massachusetts,4.5,23,Chocolatiers & Shops
evTWdlBsQl6EMiVcm0fXww,Bar Cloakroom,B0st0n,Massachusetts,5,53,Nightlife
WeWHgusw0QYnO-BCIz5UCw,Quartier des Spectacles,B0st0n,Massachusetts,5,6,Performing Arts
ExoqgA3aAz6bYidI0DSQvw,California Sandwiches,Manhattan,New York,3.5,10,Sandwiches
7q-xKVw03EwYp3-YLok0Jw,Junction Health,Manhattan,New York,5,9,Doctors
q3AXOAPxwJsSzdUmQHmoYQ,Aldo Shoes,Manhattan,New York,3,8,Shoe Stores
tQWGRIdcblxhZCPI4bGo5Q,Y & E Postal Outlet and Variety,Manhattan,New York,4,3,Post Offices
X_zo7fvTFM7hF-OKzlVyAw,Complexe les Ailes,B0st0n,Massachusetts,3,10,Shopping Centers
nih2SFB62WAMDMy5CGaT7A,Food Basics,Newark,New Jersey,2,6,Food
JluBdtULf0uQADj9xq5YvA,Global Cheese,Manhattan,New York,4,69,Caterers
noxJfNCMRqch77V2eMaCT1,Moe's Deli and Bar,B0st0n,Massachusetts,3,7,#N/A
5JNgIiiVVXClwS6ut_Z9rg,Howard Johnson Hotel Downtown New York - Rochesterville,Manhattan,New York,2.5,15,Hotels & Travel
q9kVbGaUwsalkhyFJdNQ0Q,Aroma Espresso Bar,Manhattan,New York,3,41,Cafes
dAm1ivXeG77XdZvkLbgMFP,B & J Trading Company,Manhattan,New York,4.5,11,#N/A
CuR4Xxu_aHrYD0IGGRdm5Q,South of Temperance,Manhattan,New York,3,49,Restaurants
eLExQY6_KOYaayapWNp5IQ,NCE BBQ,Ithaca,New York,3.5,13,Restaurants
2MMRdPAQDI_6VYQUdIjSzg,Xococava,Manhattan,New York,4,23,Food
TPUYlIDVNRryusMla9UJzA,Budds' Imported Cars,Utica,New York,4,4,Automotive
Zt3Z4xFbV_EUH8nRZWvjtA,The Guitar Shop,Buffalo,New York,5,5,Musical Instrument Services
SWX0K1dpy4fcRq-ktZxmCg,Bistro des Moulins,B0st0n,Massachusetts,3.5,3,Restaurants
nrUoS2wgmJ1LSkFfSlOjvg,Bonimi,Manhattan,New York,4.5,25,Modern European
HhABJq6b4jI3yfKcI6G72Q,Food Basics,Manhattan,New York,2,16,Grocery
7N4_jIwfNZr48OGTjwqF-w,Atlas,Manhattan,New York,4,4,Restaurants
1_rqZz1K5Uoq2RvZlINfgA,Cho Sun Ok,The Bronx,New York,4,195,Restaurants
1dOO-uxiDiI7EftBizeiXg,Poubelle du Ski,B0st0n,Massachusetts,4.5,5,Sporting Goods
7gzCdoL1Zuk-S1Tf55lp4Q,Farrouj Express,B0st0n,Massachusetts,4.5,5,Restaurants
Wpfv64KNkGwMzfo2B_VAuQ,Hunan Style Restaurant,Manhattan,New York,3,5,Restaurants
8MXjK1lhVRhU3yGCUv9qsA,Mean Bao,Manhattan,New York,3.5,74,Chinese
g-E5EXHrke9Y8mLr0_ef3Q,Healing Hands Registered Massage Therapy,Manhattan,New York,4.5,5,Massage
7ZJ_qv18n7nzbry5bsq2Pg,Chuck E. Cheese,Manhattan,New York,3,46,Burgers
qVVTWSAEijA_D-MI3UNpxQ,S'Wok,B0st0n,Massachusetts,4,5,Thai
h5tZgdmxTO5ZnSFVr00pyQ,Hand & Stone Massage and Facial Spa,Brooklyn,New York,4.5,6,Massage Therapy
p2jVil4w4-IlF-arx6EjTg,Prohibition,B0st0n,Massachusetts,3.5,3,Shopping
sJVVPwW8iDow23gEJvyFkQ,RUBS American BBQ,New Bedford,Massachusetts,4,83,Sandwiches
7g03Bv-yYVJHzMD_YKqBQg,Bagel & Co,Manhattan,New York,4.5,13,Breakfast & Brunch
A_BfpD9nY6YFRR5l2_GMMw,Jung Soo Nae,Niagara Falls,New York,4,15,Korean
xgukCbvTpjLsGCxhYkLQcQ,Restaurant  Kyomi,Salem,Massachusetts,3.5,24,Asian Fusion
5JrQA9mgp-OnjUr4I_wOJA,CVS Pharmacy,Manhattan,New York,3,4,Drugstores
8MdS6jgVymIfV0C2yv_IGA,Bamiyan Kabob,Buffalo,New York,4,47,Afghan
MuQ5FaZT2P6zSRB3YEs3Rg,Sapporo Sushi,Manhattan,New York,3,9,Restaurants
PluE17omC-VtH-Qc8h1GTw,Avenue Skin Care,Manhattan,New York,3.5,3,Cosmetics & Beauty Supply
_SK4Tw8SMDt4VRyn3fpUSA,Dreams Hair Salon,Manhattan,New York,4,10,Hair Stylists
w6HDcGMoX11fJiLLPSpAOg,Kebobchi,Binghamton,New York,3.5,3,Pakistani
7Xu_zR6gg4L8-4l47Ntl0Q,Julia's Nails,Manhattan,New York,2.5,10,Nail Salons
RL_tVsQYTwYGgZ0Qw5YRMw,ParScarsdale,B0st0n,Massachusetts,4,4,Dance Clubs
ojPrFPeJqqOKdA6O69HeiQ,Archive,Manhattan,New York,4.5,28,Art Galleries
pWy-sZB1s_-ypb8qydreLQ,Churrasco Portugril,Manhattan,New York,3,33,Restaurants
VRWzDJojknDnVCAfmePO9g,Mr. Lube,Huntington,New York,2.5,3,Automotive
s7pujHNqp89mntixHL7eCg,Helios 1Hour Dry Cleaners,East Rochester,New York,3.5,5,Local Services
ysAq-mQmH017uM--rQml3A,Pizza Depot,Binghamton,New York,2.5,3,Restaurants
Q5aCAdonssPqCb899L3bhA,Blue Sky Supermarket,Lake George,New York,4,14,Grocery
up4vf3T6cptoucNLDutJqw,Food Basics,The Bronx,New York,3.5,6,Grocery
AakkkTuGZA2KBodKi2_u8A,Pho Phuong,Manhattan,New York,3.5,50,Vietnamese
1eSqJ1r2BQUPSeizA6CkGn,Patiala House,Binghamton,New York,4,10,#N/A
LzFiFFhiqiw4fjw4b9SJbQ,Arouch,B0st0n,Massachusetts,4.5,15,Pizza
zwBEMcCVqh8wOXn_sOIfxg,Akiko Sushi,B0st0n,Massachusetts,4,10,Restaurants
nNqQgldcRBkKpjikX9ENNw,Le Gros Jambon,B0st0n,Massachusetts,4,101,Restaurants
LOdeVw1kMh8CLx4mtWvX4Q,Jack Saloon,Haverhill,Massachusetts,2.5,10,Restaurants
BcQngodAj1QPUXDd1M_g0g,Frou Frou Vintage,Manhattan,New York,4.5,4,Shopping
8BcxfqJyNBsaHygLT291mA,Pistolero,B0st0n,Massachusetts,4,8,Nightlife
yVAsYV9p1B6TJXNXOL9KSQ,Longo's,Utica,New York,4,7,Food
IGwZWouXEVfq_iB6lLCnrg,A Touch of Paradise,Huntington,New York,2.5,5,Hair Removal
dumO6I2X9g6dv_70NDWkmw,Raku Ramen & Izakaya,The Bronx,New York,3,63,Japanese
aXvnz_IyPLmwMjhb58jOJQ,Ôzeu & O'Boeuf,B0st0n,Massachusetts,3.5,17,Breakfast & Brunch
GfAVgsJaKRoaQ0LrYXIRLQ,Hi-Tech Video Games,Manhattan,New York,3.5,7,Videos & Video Game Rental
SCXANH5zhmonSxoGihl-zg,HK Garden,Manhattan,New York,4,19,Restaurants
YIW9EccX6isxy5NE6D5wSQ,Flavours of Italy,Ithaca,New York,4.5,11,Pizza
cjHWG01xVcJwk3Z230O1Hw,Prochilo Bros Auto Collision,Manhattan,New York,4,18,Automotive
zda8UmgLZMnDGbu-raxZaw,Commerce Bar Gastronomique,B0st0n,Massachusetts,3.5,17,Gastropubs
ujgXdPK2iXNeYpEO9wQ0Cg,Baskin-Robbins,B0st0n,Massachusetts,3.5,12,Ice Cream & Frozen Yogurt
deQWVXDkdJcPAdnCroN61w,Il Carne Vino,B0st0n,Massachusetts,2,3,Restaurants
luMwg1cXaPPWOUdqJlUOzw,Chuan Xiang Qing,B0st0n,Massachusetts,2.5,3,Chinese
Zx-rz7D4DOT8Kmx97LFAjw,Ronnie's Local 069,Manhattan,New York,3.5,60,Bars
iQJ0IvKNbOh_6DSkUCv9dQ,Marcel's Bistro,Manhattan,New York,2.5,29,French
uFR3usTqHIyzw4kxU7rjOA,La Prep,B0st0n,Massachusetts,2.5,3,Salad
wMhovVi6ToUtVoP-YxmsOA,Avesta Resto Café,B0st0n,Massachusetts,3.5,61,Restaurants
uD1k76iz6c3h4doO4o7yIQ,Adamar Diamonds,Manhattan,New York,5,3,Jewelry Repair
MZgIUrRRF3AuTLzbSgGEIw,Tinnels West Indian Take-Out,Binghamton,New York,3.5,16,Pakistani
MVBCWXTDtU8C1Qh5mMNSKA,Gold Mark Chinese Cuisine,The Bronx,New York,2.5,46,Chinese
Vkl5QgIfpi6fS-Xox1EOug,Les Enfants Terribles,Cambridge,Massachusetts,3,28,French
9rdkkaK68TpTt0TQC5w7Qw,Wallace Espresso,Manhattan,New York,4,4,Cafes
tTC2xUWC5UOqh_zuIEAYcg,KFC,The Bronx,New York,3,22,Comfort Food
1xBI6EhPAwtZHQhzAAEAxQ,McDonald's,Buffalo,New York,3,3,Restaurants
03gc5odFyYkFMB8fWGBMQQ,Good Day Hairshop,Manhattan,New York,3.5,25,Beauty & Spas
gISrxk4A5dfrjDivkC-L-Q,Douce France,Manhattan,New York,4,49,Restaurants
t4QsZYXgOGR7nMQuTKO_pg,Mamma Mia Trattoria,Queens,New York,3,7,Italian
TrHvPKXoGyts5v2kVyVkHg,Théâtre Fairmount,B0st0n,Massachusetts,4,10,Performing Arts
ay0olTNhy6z0XEKgWR6fTQ,The Mad One Barbershop Uptown,Manhattan,New York,2,6,Barbers
JDWhkcJHNGX-KY0bOLcodQ,Shark's Fin City,The Bronx,New York,2.5,9,Restaurants
tDjYWt7-6qLorIem1-SQlg,Yellow Chilli,Binghamton,New York,3.5,7,Indian
twJd5gc9wYV630rjsbgGiA,Jimmy the Greek,Buffalo,New York,2.5,10,Greek
MEWuqvpyDLoVlB8Qqz1GuQ,Le Blanc Nails Bar,Manhattan,New York,4.5,8,Nail Salons
JHgXN5L2e_hYqQ_pla6zNg,Gelato Mio,B0st0n,Massachusetts,4,4,Ice Cream & Frozen Yogurt
pVL-w3PYQu7LRy_D-4rlQQ,Real Tan,Elmira,New York,4.5,5,Tanning
1RaqclhYT9KkJ4eznsI86Q,Bâton Rouge,Beverly,Massachusetts,3.5,11,Seafood
0owIRP_z5RcYKKmh5RnD7A,Cabane Hot-Dogs,B0st0n,Massachusetts,4,8,Specialty Food
DmqgxtZD8AuiAnfOSdIkAQ,Le Caveau Szechwan,B0st0n,Massachusetts,4,5,Ethnic Food
KxlkLRpb9gSTL1S6UnFXzw,Harbourside Fish and Chips,Binghamton,New York,5,6,Seafood
__G0Ug3CK2yCDdQLYpd0ww,LV spa,B0st0n,Massachusetts,3,6,Beauty & Spas
HiAARrvWFZYzp1NMAtKxQQ,Orange Snail,Brooklyn,New York,3,5,Caribbean
JFL_1v9yycRX0wEMCraU0A,Curry's Art Store,Manhattan,New York,4,14,Art Supplies
v3gSujyy-PB8q9pSqot2Rg,Sheraton Gateway Hotel in New York International Airport,Manhattan,New York,3,38,Event Planning & Services
9vLGuYpCoV9Od2b7hoBPrg,Detroit Eatery,Manhattan,New York,3.5,36,American (Traditional)
XyJFzd8Ftw9hzzWSBUEIMw,BLS International Services,Manhattan,New York,2.5,8,Public Services & Government
hbQKqSNzOpaJFqDmXry23A,SVP Sports,Brooklyn,New York,3,3,Shopping
VYkosZRlRjStOFqIB62orQ,Shaxian Delicacies,Manhattan,New York,4,7,Restaurants
Vzx5hH_qZ9Uf2O7COjdfFg,Mifune Japanese Cuisine,The Bronx,New York,3.5,11,Japanese
6XqDdv39IPFyxXMKZomkyg,Goodwill Industries,Newark,New Jersey,3,5,Shopping
61GK4EGXBd4uha_2unicNw,Acquolina Ristorante,Manhattan,New York,3,11,Italian
ZKQzDL2NB1Q6vxdT6FhSEw,Curry's Art Store & Art Supplies,The Bronx,New York,4.5,8,Arts & Crafts
TlbqXr-rQyuXkL34DUn94A,Workbridge Associates,Manhattan,New York,5,3,Professional Services
7cULS2ATRXy0IEWKYaVJcQ,Librairie Mona Lisait,B0st0n,Massachusetts,2.5,11,Books
ijf9tBHePS0hpZ9GdZwz8g,Crux Comptoir,Haverhill,Massachusetts,5,4,Juice Bars & Smoothies
78qDAXntkxbmbiMdfbUJiw,Mitra Hot Yoga,Manhattan,New York,3.5,24,Beauty & Spas
igDvmuH2LBLKbv6qyqLYcA,Hunt Pub At Hogan's Inn,Albany,New York,4.5,3,Nightlife
FQHwUBCrdHctmRzPJs2Mbw,Walkers Wine Bar & Grill,Buffalo,New York,3.5,34,Live/Raw Food
R_wQkUJHfAMxCSqgW3qXKQ,Tako Japanese Restaurant,Utica,New York,4,3,Japanese
ZtPzdwBq1dQaUIQnPKa-Qw,Fit For Life,Manhattan,New York,2,6,Restaurants
04Wrnzmsm9cHAg2dSn0-Hg,American Appliance Source,Manhattan,New York,2.5,4,Shopping
iHYOjRlvDc10mw45vGGYbg,Restaurant Le Tour De Ville,B0st0n,Massachusetts,3,4,French
_6agShdUe17ftw_xHo26IA,Poulet Bronzé,B0st0n,Massachusetts,3.5,22,Fast Food
pvcEAF7v6heTC0aFXogHYA,La Quina Rotisserie,Manhattan,New York,4.5,8,Latin American
GoOkCxPFM5i5lxHgFQMj1w,Asian Legend,Manhattan,New York,3,50,Food
1RFIVcZYV77tGIwVVGGClw,More Than Pies,Manhattan,New York,4.5,3,Restaurants
Lwyv8yLPuSDX7_MWGIQWHg,Bar Häagen-Dazs,Manhattan,New York,4,11,Ice Cream & Frozen Yogurt
Cz43OfHfsodN7Dk4SdTt1Q,Spigolo Ristorante,Oneonta,New York,3,5,Restaurants
CLFJVwIe1DCeXJXZH07iZA,Gourmet Chez Toi,B0st0n,Massachusetts,5,3,Event Planning & Services
aacD7IqTzbK1tTMpBf0CCQ,Busters by the Bluffs,Newark,New Jersey,4.5,8,Pubs
e7hLWm0qh_2b__dLx49r9g,The Maids' Cottage,Queens,New York,4.5,28,Bakeries
qcf0IFL24hBl0gUw77llyA,Ben Sherman,Manhattan,New York,2.5,3,Shopping
OLJ_Y8i0HkH_mgO1Ql3pdQ,Matsuno,Framingham,Massachusetts,3.5,16,Restaurants
TQThjWCkjU-qMZfYSk20kA,Harbor Fish and Chips,Manhattan,New York,3.5,17,Restaurants
hn4Pk40aKTniyYtRwhflpQ,Taftan Kebab,Niagara Falls,New York,4,28,Ethnic Food
oKZPgeCOxnVSxudYcn1OtQ,Cibo Wine Bar,Manhattan,New York,3.5,227,Italian
F0Ultpa6JtoHGXK5sLfQoQ,Something Sweet 4 U,Binghamton,New York,2.5,7,Imported Food
aUuUWz8P27VwX37BQEeWqg,Gourmand d'Asie,Haverhill,Massachusetts,4,3,Chinese
2rhovS8CHOSr8VXPHsJrNA,Rococoa,Manhattan,New York,5,3,Desserts
b13cpT8r7F-7rAas19pYzg,South Street Burger,Brooklyn,New York,3,30,Restaurants
U_HTXIeGY64vdmuaTWfevg,The Home Depot,Utica,New York,2.5,3,Auto Repair
P7u1eMWVVwog2FGyTQ2vvA,Danier Factory Outlet,Rochester,New York,4,5,Leather Goods
kktb-uIc2YjNWOdbW4ktCg,Delina Restaurant,Manhattan,New York,4,24,Fast Food
eWPCHrPKJDZUqaHWv2EB3A,Rob's No Frills,Manhattan,New York,3,18,Grocery
Vi6B2DYOuLiTRSaCQhxQ1w,Poutine Machine,Manhattan,New York,2.5,4,Food Trucks
r03BNov4Uyul5bJzlgWdJQ,That's Italian Ristorante,Niagara Falls,New York,4,49,Salad
EPb3FWs3mxQLUjGeMNP0SQ,Brasserie 701,B0st0n,Massachusetts,3,97,Lounges
X2bUZ2udFByvLlKs0FUMYw,Boswell,B0st0n,Massachusetts,4.5,23,Restaurants
PYfewaNPrfF3BDAVEqvR7A,Dazzling Modern Restaurant and Bar,Manhattan,New York,3.5,41,Nightlife
T8npqHg1fPp4P8JE3E16sw,The Royalton,Oneonta,New York,2.5,3,Event Planning & Services
y-98vDrcc8du8hy6Pg9Epg,Brick,Salem,Massachusetts,1.5,6,Electronics
EiUieVtLqYA_x4hyboJkFA,Marche Thai Hour,B0st0n,Massachusetts,3.5,4,Grocery
0ElUIheTgU5Q5aqVftIJZA,Little Burgundy,B0st0n,Massachusetts,3,4,Shopping
f6mtvDGYQaYR4YTP7VjGNw,Active Green + Ross Tire & Auto Centre,Poughkeepsie,New York,3.5,6,Automotive
r3xrhcmsyBoQl4C3RMSTrA,Wind Mobile,Utica,New York,3,4,Mobile Phones
y1Tx1Nyqbmxat_AiSpcYxA,Toben Food By Design,Manhattan,New York,4,3,Event Planning & Services
O7tw5TKampTgX88fNSA51w,Nadege Patisserie,Manhattan,New York,4,42,Desserts
wPLDHMk_P6ZaVy223J7Vxg,Olliffe,Manhattan,New York,3.5,5,Specialty Food
eO20rSFp92cb_61SAJ_Sgg,Pho Ginger,Buffalo,New York,3.5,16,Vietnamese
Tfb0k0UCxMhOe-YvspX3Pg,Woodbine Beach,Manhattan,New York,4,11,Active Life
xMbr0C6EuvaDEhDXWTFUzg,KoJa Restaurant,Manhattan,New York,4,63,Sushi Bars
H4QwyOb7aeDnSt8dyXvRLg,Melanie Lyne,Manhattan,New York,2.5,5,Fashion
cPAVcmanexdCPzwGpy5ZVg,Palermo Bakery,Manhattan,New York,4,7,Food
cfRhPXuHrYzWNvut5q9n3w,Tiffany & Company,Manhattan,New York,3.5,16,Shopping
nC1SDVfPR65eSQBSBoDQDw,Nasib's,Newark,New Jersey,4,44,Halal
lfIihPuqUd3t0EIrjlcTwQ,Rus-Teak,Manhattan,New York,4,4,Home & Garden
loS1AHV16qO1vxy2qTMZ2g,MacMillan Orchards,Huntington,New York,4.5,3,Specialty Food
H5M7VSequiTztXXdQLcEEQ,Johnny Rockets,Manhattan,New York,2.5,46,Burgers
TFIk886eBb3tLc4XFWyiqw,Maison FreshMint,Boston,Massachusetts,3.5,8,Food Delivery Services
XF6GjGQE1RuYRscIi9rxKw,Extreme Pita,Manhattan,New York,3,10,Sandwiches
572rJsNibmJFx3vaWvbJQw,Philthy McNasty's Sports Pub,Utica,New York,2.5,9,Bars
n0JifoI1yWxaBiv7VLRc4Q,The Bronx Ribfest and Music Festival,The Bronx,New York,3.5,18,Festivals
tySM6WgaryrSQ0nwwz6oOQ,Shish,Manhattan,New York,4,4,Mediterranean
4Xnt27bG3pFYv-FpQWsuCw,Gage Park,Binghamton,New York,4,7,Playgrounds
I19KjkRDk4oJ8J2a9Ur2FA,Gordo EX Cafe,Manhattan,New York,3.5,26,Restaurants
LBHbyID7tcaGszznHtnCrw,JOEY,Manhattan,New York,3.5,348,Restaurants
17fB9l8NWZRWDbbAs8iqtw,Grand Central Station,Manhattan,New York,3.5,3,Hotels & Travel
MR0jXmXfvt_PW8nUm5Oeeg,Chicken'licious,Manhattan,New York,4,5,Comfort Food
Hdel58FZ3HEoKLvaNl-8Qw,Sephora,Queens,New York,3,4,Hobby Shops
FROm6x3Sme7dZPmOpwC4MQ,Athlete's Care Sports Medicine Centres,Manhattan,New York,4,3,Massage Therapy
25L1kb22h6EE2Bc-7V-uwA,Auxiliary Crossfit,Manhattan,New York,5,3,Gyms
ZZF5iqlKFBWJSGSZzWHMzA,Lucky Red,Manhattan,New York,3.5,79,Restaurants
JhQyOcVCkzNANOXgrbW11A,Japas,Manhattan,New York,3,40,Tapas Bars
gMU-G4giZYeUT8kAa38SCw,Dann Sushi,B0st0n,Massachusetts,4,18,Sushi Bars
VdUnqNqNfO_73j029PmdPg,Mep Digital Printing & Design,Manhattan,New York,5,3,Graphic Design
nGaHAOp191884-yx5CHHCg,Carmine's Tuscany Grill,Brockton,Massachusetts,3,6,Restaurants
JvnKu29ZPijOtEwtctbA-g,The Low Carb Grocery,The Bronx,New York,4.5,15,Food
LtbuQJJn9pRhNf9BqGuNBQ,Starbucks,Elmira,New York,3.5,11,Coffee & Tea
lmj1ygbylscxuuUCUDdEGQ,Scarsdale Country Day Spa,Ithaca,New York,5,4,Beauty & Spas
6ye29lMLsIJIF0CzsfjJ5g,ABC Driving School,Buffalo,New York,3,4,Driving Schools
te5Xk-DB_b3Da5aVDaKJjw,Go Play Indoor Playground,Ithaca,New York,2,4,Playgrounds
dloMNbqt1o5YBAq1N1lI6w,The Skin Klinic,Manhattan,New York,4.5,8,Health & Medical
H9Ht6OgTMl3PZoX60OzCew,Domino's Pizza,Manhattan,New York,3,9,Italian
lphAkoJB5knD9rNn5MCLZQ,Colour Lab,Manhattan,New York,1.5,7,Hair Salons
0FH5h58Qls1VIuXh5QORlg,El Sol Mexican Art Cafe,Manhattan,New York,3,41,Mexican
8igSEuGdCMLFrwwXgU38kg,Lee's Wok,The Bronx,New York,3.5,5,Chinese
N2NgijnhDThp-EixO9BfKw,Talise,Brooklyn,New York,4,4,Restaurants
Hd2BWbHGecB11CRo5v7X9g,Your Mail Business Centre,Manhattan,New York,5,4,Printing Services
oOGLDf2rzeCPS7UQ8hhPlQ,SU&BU,Manhattan,New York,4,93,Sushi Bars
LxAlW2Dk9RWJFd68XaqOdQ,Circus Books and Music,Manhattan,New York,4,11,Vinyl Records
3MJ1rPjbdUGCDCy8o41cxQ,Hôtel le Crystal,B0st0n,Massachusetts,4,55,Hotels & Travel
tpOStoyngCFJYGtyvxOPmA,Restaurant Soupebol,Pittsfield,Massachusetts,3.5,9,Restaurants
lI-whHdtCPekZawB3s0Qbg,Think Fitness Studios,Manhattan,New York,5,4,Active Life
Vji_YCoJBoDTPkKy_Dmq7g,EDO,The Bronx,New York,3.5,12,Asian Fusion
fCkfyCr1gFczZC816a9pOA,Spoon & Fork,Poughkeepsie,New York,3,137,Restaurants
CgyzY1Xk3yWwAjYCtEEE3w,Martino Brothers Collision,Rochester,New York,2,5,Automotive
7K1i-fIbGgNjJwzomoD04w,Vivalia Bistro Express,B0st0n,Massachusetts,5,3,Vegetarian
Lzr34VkDJQ6l8oWq9MptAA,Sushi Sky Japanese Restaurant,Manhattan,New York,3,117,Restaurants
pbt-wWuOE2Kp4rvz57Bdvg,Symphony Diamonds,Manhattan,New York,3.5,3,Jewelry
Cew9RRnuldbqaL3MW6p1wg,Greenwood Smokehouse BBQ,Manhattan,New York,3.5,120,Southern
bCOe_-9xxTebv7QIFxdHxw,The Home Depot,Newark,New Jersey,3,4,Department Stores
1PY66FSWslYJarQlXx4b_w,Icehouse,B0st0n,Massachusetts,3.5,124,Restaurants
Dwh4VnfaSgOB8wngPhVrLA,Discovery District,Manhattan,New York,4.5,5,Arts & Entertainment
rkF_WvWIHqM1TfYtoPTvNw,Sushi Rock,Manhattan,New York,3,65,Restaurants
skXRRi56BCmHbcai1ME8fw,Presse Cafe,B0st0n,Massachusetts,2.5,5,Food
JE8FVuAJgoPVwou6NzYe3g,Starbucks,Manhattan,New York,5,3,Food
yQ9ozRnd33UYff2uMQhbTg,La Cardeline,B0st0n,Massachusetts,5,3,Food
SGld6m1YYDDmQ_KxWAbd4Q,New York Island Ferry,Manhattan,New York,4,40,Public Transportation
q2_TjBG98dsaXs2cGx5KyA,Queens Quay Hair Design & Esthetic,Manhattan,New York,3.5,3,Beauty & Spas
NuxrRTI2IM_vMk11vKA1ZQ,Harvey's Restaurants,Poughkeepsie,New York,3,3,Restaurants
F00_MPv3zG2iQuT_lJ7dBg,The Big Guy's Coffee Shop,Manhattan,New York,3.5,6,Coffee & Tea
BX9Q8pT8bLsqWWZIJoBs9g,Riverdale Park West,Manhattan,New York,5,9,Active Life
z8H4Mdzl4jS9pYswj6Jf9w,Buca Rochesterville,Manhattan,New York,3.5,112,Italian
pw167x7bLW5t6N2WHjroZA,Barnsteiner's,Manhattan,New York,3.5,31,Restaurants
hclsSmP0NoQSBVKuEXSCNg,SickKids,Manhattan,New York,5,8,Pediatricians
LiEx831W0T_Fx2M9-m42eg,Pizza Hut,Newark,New Jersey,3,4,Pizza
f1FXt0nLebUikFawu_V3PA,McDonald's,Newark,New Jersey,4.5,3,Restaurants
wEkoHhJAfKeGXUehPg_L-g,Harlots Hair Salon,Manhattan,New York,4.5,6,Beauty & Spas
iDCAMAg7XPBx2g-82AIsgg,Scarsdale Place,Manhattan,New York,4,27,Restaurants
iK6KWjBtRioorI5HGpPeVQ,SUNNY City College,Manhattan,New York,3.5,5,Bookstores
-13A6Y3NJYG0u5uEUAdoAQ,Le Spot St-Denis,B0st0n,Massachusetts,3.5,3,Flowers & Gifts
Kz-7-oEnWa6_SsH3omi-yw,Fameux Viande Fumee Et Charcuterie,B0st0n,Massachusetts,3.5,40,American (Traditional)
3a9Hw1932ut0XMAZKC1e2A,Image Xpress,Manhattan,New York,4,3,Mass Media
YSaf1x4Ik6nH2GsIa2DCvg,South Sea Chinese Foods,Manhattan,New York,2.5,6,Restaurants
_MO8Ja3kG6vSTJCGECya_Q,La Colonie Thai,Taunton,Massachusetts,5,3,Restaurants
xbkyyIlylQJeAI_I8iK9yg,Nail Deco & Spa,Manhattan,New York,3.5,3,Skin Care
oIbxs2YL399SGXdcScyVPg,7-Eleven,Manhattan,New York,2.5,3,Convenience Stores
o10HWCwBFbptlbIxgL4T5Q,The Grill Brothers,Manhattan,New York,2.5,5,Burgers
MZNrlYIMt2FwcdEH33_EHw,Golden Lotus Chinese Cuisine,Ithaca,New York,3.5,7,Restaurants
UlktnEI785XfJ7FC_SwiBw,Bloor Fruit Market,Manhattan,New York,4.5,31,Grocery
MF7UkOk5iPa3yhGvvgwPJQ,Restaurant Kamela,B0st0n,Massachusetts,4.5,6,Moroccan
vnIdWzIB2W4j9cDcd6tHAQ,La Revolucion,Manhattan,New York,3.5,45,Mexican
Rd2dzpMw_iHh8zeMuL2TWQ,Zem-One,Buffalo,New York,3,13,Thai
uhlZlcSAdBvUQDp37Fb9NQ,Avenue Seafood,Brooklyn,New York,4,7,Food
67tHFfOTunPUJMgJ_Huq_Q,Omi Sushi,Niagara Falls,New York,3,4,Japanese
pwnz4O5LFxv2OBEy0UCjtw,Sophie Mon Petit Cafe,Manhattan,New York,3,14,French
RjZP38S11LqnPcoMxHESug,Burro Burrito,Manhattan,New York,4,37,Mexican
e9smQsCHC7-ghr_7fWz4Mw,Lamb Kebab - Savory Chinese Crepes,Manhattan,New York,4,13,Restaurants
SeJBr1v-PzO0jalUoU4WvA,Koodo Store,Manhattan,New York,2.5,4,Shopping
I3g19_AfRy2pCfu8XZOh1w,Mako Espresso Bar,Manhattan,New York,3,3,Food
8m8flB_cNJseSHQcok7r-A,The Calm,Manhattan,New York,5,12,Physical Therapy
SeGmGvFWi58zGOq1O4953Q,Amazing Thai,Niagara Falls,New York,4,7,Restaurants
aXFC7fA3pYHukfvw4E-OZQ,Epic Hair Salon,Newark,New Jersey,2,3,Beauty & Spas
srcfY2_U5_0k7dzZQX6sAg,L'usine De Spaghetti,B0st0n,Massachusetts,3.5,61,Restaurants
hch0HKpGxg2bHvgjntOfzA,Pearson Airport Limousine,Manhattan,New York,1,6,Hotels & Travel
VM1xX5RizwVJ_TJ3ZUD8oA,Jonas Restaurant,B0st0n,Massachusetts,3.5,3,Restaurants
lJNJklmxfgk0ht58E2OsoQ,Kabuki Japanese Restaurant,Brooklyn,New York,2.5,11,Japanese
6z8niWBqVsjyenVG5_LtDw,The Opera House,Manhattan,New York,3.5,35,Music Venues
P7eL2rWn7PSAin3OjfOEuw,Windsor Arms Hotel Spa,Manhattan,New York,2.5,12,Hotels
E8Z0EdUWQyZ9p6STrtNNxA,Red Lobster,Poughkeepsie,New York,3,31,Restaurants
0H0L1HJ9NTdTQYGqY0dcww,Pizzaville,Manhattan,New York,2.5,8,Restaurants
X10JKzxbodoXCA9poYXtsw,Meadowvale Coin Laundry,Buffalo,New York,3,3,Local Services
gvmdWqpfxIlx2x5K9HiboA,Brixton Parlour,Manhattan,New York,4,8,Hair Salons
0-8DTqVaY9RJU0PAWD2l6Q,The Owl of Minerva,The Bronx,New York,3,71,Imported Food
I3lHQQ7CbN75JJCkkAqphQ,Stonegrill On Winchester,Manhattan,New York,2.5,21,Canadian (New)
YHgtbWFBOjB3fkkh0gMkmQ,Le Gourmet Thai Viet Restaurant,B0st0n,Massachusetts,4,4,Restaurants
joPmcPcAlfO4MH051SoNuw,Marius et Fanny,B0st0n,Massachusetts,4.5,15,Specialty Food
IFg1pCoF9m90ivwvE3SUcQ,Fox and Fiddle - Niagara Falls,Niagara Falls,New York,2.5,24,Pubs
A_eLE3cYQOzUfkVK-k4UeA,Sweet Temptations,Manhattan,New York,4,4,Specialty Food
Zs11zx1QTNgbQ11v2zyoBw,Sweet Addiction Candy Co,Manhattan,New York,5,4,Specialty Food
_gQUXHA8dUSxZ2UcV6X8gw,Best Buy,Newark,New Jersey,2,10,Department Stores
fZIrPIK0RBEN2OzwUhi71Q,FORTY2 Supperclub,Manhattan,New York,2,16,Restaurants
pgCKBs3s7QC_Rh68XpZ3KA,Dutch Bros. Coffee Queensway,Poughkeepsie,New York,2.5,3,Food
6rTzYUGghp3XHPgOGaO8UQ,Hawthorne Food and Drink,Manhattan,New York,3.5,57,Canadian (New)
WCuB-DUcyrOy1mv-TwvJDA,Blueheel,Buffalo,New York,5,4,Fitness & Instruction
RkagUGtiA_cUYSv2M_a8Hw,Studio 86 Salon,Manhattan,New York,4.5,6,Hair Salons
ZjU8vHUKakBREudY6Ittpg,Le Shambala,B0st0n,Massachusetts,3,24,Himalayan/Nepalese
GzSgAOdhlTXjwq5z2lmzYw,Golden Hanger Cleaners,Manhattan,New York,3.5,11,Dry Cleaning & Laundry
zEXdAuPuVUSOtsYMCnSsgQ,Dream Night Limousine,Manhattan,New York,2.5,3,Hotels & Travel
q-Mbr_XrA93pQkNaWJ6sMg,Nova Era Bakery,Manhattan,New York,3,21,Bakeries
d43KBUWXsGvwuAbC6QA2Cw,Junk Works,Brooklyn,New York,3.5,3,Recycling Center
y4aiabXNukQpDPnx41UWfQ,Cogs Cycle,Manhattan,New York,2.5,13,Shopping
VYUBY9SLdrvaajeX8i3kCA,Chuck E. Cheese,Manhattan,New York,2,8,Pizza
iX0XUpk34WqHfUuLjPhR9g,Stella,Manhattan,New York,4,36,Restaurants
4CkAvwCy5265YKAurY1ZKg,Tarboosh Tent Restaurant,Utica,New York,4,3,Middle Eastern
gaSP19bI-CJZ-yRA4lvoUw,Sushi Island,Manhattan,New York,3,83,Restaurants
vkEXivbtaviDVKev1c-lyQ,Futon D'or,B0st0n,Massachusetts,3.5,3,Shopping
F8qQlXP38A4ATAkcTofLeg,Nepal Pari Nail Spa,Manhattan,New York,4,38,Waxing
w5vAf1BLs2uh5Rqz6ZUFDn,Jimmy Guaco's,B0st0n,Massachusetts,4,6,#N/A
5kIHNfjP2oWvEm3oI5wVeg,Mission Burrito,Manhattan,New York,3,25,Restaurants
X184O0qgC5MKvePbsSe-nA,Sushi On the Run,Manhattan,New York,3.5,17,Event Planning & Services
XQC1aPdOoPcT-dnE6Hvw6A,Electron Computer Inc,Brooklyn,New York,4,4,Local Flavor
KcIalceIg6PSPONvLlI4-w,Sud Forno,Manhattan,New York,4,109,Bakeries
jdylAP9AWIJVZ4O0T2YgIQ,Palm Palace,Binghamton,New York,3,8,Chinese
9I2Wlrph9kA0qHZUpRJSZA,Lick's Homeburgers & Ice Cream,Buffalo,New York,3.5,3,Burgers
ewsX9hB-gLEQMLdAdqA_9g,Wildhagen Hat Shop,Manhattan,New York,4,4,Hats
STrT4PacHNWP4ioIKnFfmA,My Petropolis,Manhattan,New York,4.5,3,Pet Services
x4q_kJ-dvaHL7dkpZKJUdg,Bob's Bulgogi,Manhattan,New York,4,63,Restaurants
c39n5gpaOT8TdbQBwvSgGA,Mega Wheelz,Buffalo,New York,3.5,3,Automotive
mM3o2evEq36fJvkUCe-BWw,Sushi-Ya Japan,Poughkeepsie,New York,3.5,107,Japanese
-Z358O0-8eH0sgSjKINvMA,Bar Burrito,Manhattan,New York,4,5,Restaurants
pkO54EbPl6E57Q0yu2XYRA,Cafe Myriade,B0st0n,Massachusetts,4.5,166,Food
Q7PWryGwFr52WMmfzqCBhA,Very Fair Chinese Restaurant,Newark,New Jersey,3.5,66,Dim Sum
VdFLqrydzyc3wchPw_YZUw,Fix-It Friend,Manhattan,New York,5,5,Home Services
LlghWOR0jvN692sN8_WBlA,Tint Scarsdale,Brooklyn,New York,4,4,Automotive
DrdhxvpwlZGhwF5vTR_QnA,Maison India,B0st0n,Massachusetts,4,30,Restaurants
slc54YlLNLVx-fRvoSqw4w,Dunkin',Manhattan,New York,2.5,7,Bagels
mKHGo9_iNGl3vA4IwsqQ2g,Happy Foot Spa,Manhattan,New York,3.5,37,Massage
htB_5GK6rLYynVnsS6eDlw,Rouge Valley Health System - Rouge Valley Centenary,Newark,New Jersey,3,10,Hospitals
HTipzqMegyxUfzlrXHvY-A,Cafe de Causette,The Bronx,New York,3.5,30,Ice Cream & Frozen Yogurt
Gv8u5bX_Kd7HG7jkeF_vWA,Ten Feet Tall,Manhattan,New York,3,5,Cafes
CgJddyi3Han1Hu78D0sYsA,Koji Japanese Restaurant,Manhattan,New York,4.5,22,Japanese
wQKMfDjt2IDgZVtIPc7F5g,Thai Noodle,Manhattan,New York,4,14,Restaurants
REWOzmARk5FVQFGjDyMvWA,Antidote,B0st0n,Massachusetts,4,18,Vegetarian
RCHNsNA18wqrjNFOHOg1Cw,Dormio Organic Beds,Buffalo,New York,3.5,6,Mattresses
f5jj-_cTaiqI-WMMPgrLNQ,Chez Sindibad,B0st0n,Massachusetts,3,4,Restaurants
OKt93u1HigXI7XrNbssztA,East Africa Restaurant,B0st0n,Massachusetts,4,30,African
Udpx-0h5dcqsaQbRs_r5iA,Sunset Grill,Binghamton,New York,3,6,Breakfast & Brunch
FaM8L9iTgIVcYY29PTxZtw,Great Clips,Huntington,New York,3,5,Hair Salons
fs41slWKTZnU7sGxfqjohA,Adria Shoe Repair,Manhattan,New York,3,5,Local Services
RGg86O5SmjhiVglYYpWkEQ,Full House Chinese Cuisine,Newark,New Jersey,3,22,Restaurants
hDAs86ujf7fOpr4n85jEAw,High Park Nails And Spa,Manhattan,New York,3.5,55,Waxing
izgA7nGZCWAYV8m6DgVqcQ,Serissa Cate,The Bronx,New York,3,33,Food
KjK4-xeXgrtQRqCwFs-u6w,Belle Restaurant and Bar,Brooklyn,New York,3.5,13,Restaurants
dTZZOXlntz3i1gyW0BFp-Q,Thai 4 You Restaurant,Manhattan,New York,3,4,Thai
_hgipZHkBAYgKp4iGnhNKA,Leo Le Glacier,B0st0n,Massachusetts,4,9,Ice Cream & Frozen Yogurt
OQ1w-h1-yVd9f7pXG6Jy-Q,Sams Club,Manhattan,New York,4.5,11,Grocery
cAj-wwzw8HhwpHDtF_zLhA,Dani Sushi Japanese & Korean Restaurant,Manhattan,New York,4.5,27,Restaurants
ow3oP3cfmhlfmSsGaXe25Q,Destingo,Manhattan,New York,3,58,Restaurants
SD4c0TmVeajUBnlY2lS-iA,Tony Shamas Hair & Laser,Manhattan,New York,4,23,Laser Hair Removal
9TvJrGWguUrmEc7m6oKj1Q,Future Shop,The Bronx,New York,2,7,Electronics
288uyG-jORlPnGhn3fMlfA,Absolute Comedy,Manhattan,New York,3.5,59,Comedy Clubs
ER6zbge2wupQMfGkzInXcg,Sushi 2 Go,Poughkeepsie,New York,1.5,3,Restaurants
29L2u1-bqyXebJls83ArzA,The Korean Kitchen,Manhattan,New York,4,14,Korean
AY7F-R6RUTr1Fhz4lIBXww,Comptoir De Bruxelles,Somerville,Massachusetts,5,5,Bakeries
O0_3Vb1753agUvTdzjtUEg,La Boîte Gourmande,B0st0n,Massachusetts,3,22,Restaurants
JRA7uFTUzUFERKdHEq66sw,Mankind Grooming Studio For Men,Manhattan,New York,3.5,13,Nail Salons
W4C1F5U42BjMeosDHnJ7Mw,Crystal Cleaners,Manhattan,New York,3.5,3,Dry Cleaning & Laundry
IutYdMXVSV9HRaTuDz3zKQ,Pizza Bella,Brooklyn,New York,3.5,6,Pizza
SoOT1ujHPnD9as-1nktN0Q,Boucherie Al-Khair,B0st0n,Massachusetts,4,8,Food
lZ18HyZhfrrN_VAJIpyhxQ,X-Nail & Spa,Manhattan,New York,3.5,23,Hair Salons
eat4zuEaO_vNN5JGPjGQ5g,Tire Depot Huntington,Huntington,New York,4,4,Auto Repair
79bdBD1rxtrsP76QkbAwDA,My Mechanic Auto & Tire Centre,The Bronx,New York,1,7,Tires
pAF2wsESFO0SUJZbF3iyqg,Chowdy,Manhattan,New York,2,7,Food
ypdV1ob2vfsluUPNbn2NuQ,Senbazuru Sushi Bar,Niagara Falls,New York,3.5,22,Sushi Bars
G6nv_1lxkr9XtN2r9ayD8g,Takimi,Manhattan,New York,2.5,16,Asian Fusion
nlssnslcQPqsTWBkgSG2WA,Le Brûloir,B0st0n,Massachusetts,4,10,Restaurants
eViin_sKOZiPYiUNH3gngg,Skylark Restaurant,Manhattan,New York,2.5,11,Pakistani
XKPosZx2j4RHcZ8Ewdwj0A,Leméac,B0st0n,Massachusetts,4,177,Restaurants
ExUE88ygYj1n2ay6u-J3pQ,Unique Nails N Spa,East Rochester,New York,3.5,7,Nail Salons
i_qN10CHkcJKgb215Nwf9g,New York Garden Inn,Manhattan,New York,4,3,Bed & Breakfast
_5OKZ37-5wCpjGC9fOaTIQ,Beachside Grill,Manhattan,New York,2.5,39,Burgers
CvIcDNGBMQDRfA1zpGmQfg,Dunkin',Manhattan,New York,3.5,4,Coffee & Tea
IArnr62Nug-SgYEjSFn_DA,The Hazelton Hotel,Manhattan,New York,4.5,18,Event Planning & Services
KbY0_47p3n7D4SSFGMxw0Q,Pizza Exquise,B0st0n,Massachusetts,3,3,Restaurants
5P2cIEeY8YJ0xDIfSgeXWg,FuZen,Manhattan,New York,4,72,Sushi Bars
Zv5V0AI6z8hSI_I9clvOww,The Black Cat Pub and Grill,Manhattan,New York,3.5,5,Pubs
SMyALn-JJuInJQTjy_Ugww,Real Fruit Bubble Tea,Brooklyn,New York,2.5,6,Juice Bars & Smoothies
BvmZinFqEmLXTqN0HiBlTg,Enduro Sport,East Rochester,New York,3.5,5,Shopping
LVMaNlmFPsrCZyIyLDbMNw,WalScarsdale On A Cloud,Manhattan,New York,2,5,Shoe Stores
ZhACHVw9k438Z3i-Gw9BHA,Banh Mi Boys,Manhattan,New York,4.5,63,Asian Fusion
UV2eT3MQre7eWjtsnuiM7g,Umji Restaurant,Manhattan,New York,4,9,Korean
JpyHiBZtQel1b0OuvRz_pw,Matcha Tea & Dessert,The Bronx,New York,4.5,22,Food
yDGbxfQB1rVgdcJ1yMXRRQ,Première Moisson,B0st0n,Massachusetts,4.5,28,Food
VLsGqEfxV2EqQ2AKgs-NVw,Concept Lighting Group,Utica,New York,3.5,3,Furniture Stores
lP8Qx2Lv0rjgTgDOvs_2Sg,Lee Town Restaurant,Manhattan,New York,3,27,Dim Sum
Rr3ZlPEo70TxT2e_A47y9g,Sharetea,Newark,New Jersey,3,7,Taiwanese
ZvFTOeWTpGZoKW_K9ZhhXA,La Librairie de Verdun,Cambridge,Massachusetts,4.5,5,Shopping
LJiSpMn4gRmkZ3aqKn6tvg,YOCO Frozen Yogurt,Manhattan,New York,3.5,7,Do-It-Yourself Food
NlmdKg9px1fDh8kuPOeQ-A,St. Louis Bar & Grill,Brooklyn,New York,2,26,Nightlife
dlGbew-3WurkFQA5OnHEvQ,Nail Brite,Niagara Falls,New York,2.5,24,Hair Removal
B4IRP58bBXt-TgflXsZcWw,The UPS Store,Manhattan,New York,3.5,9,Printing Services
i4ZLquZaqB7dCu4P6gHGDQ,Yogi's Noodles,Buffalo,New York,3,5,Fast Food
Po8dR8oj4INZaNRe2-TLQw,Oxygen Bike,Poughkeepsie,New York,4.5,9,Sporting Goods
9ok8nLK-8emYWbt6kwd-HA,Golden Duke Chinese Cuisine,The Bronx,New York,3.5,51,Restaurants
_1jaQX_3kkg2i_Dftzgycg,Dollarama,Manhattan,New York,4,13,Discount Store
V2VhzztLGEQiVC1lv_UdUA,Hey Spicy Hotpot,Niagara Falls,New York,2.5,7,Restaurants
O9O0tmaFq4_n4jEENEc1NQ,Superjet International Coffee Shop,Manhattan,New York,4,23,Food
WO5uv-M-u5AG24PiRLYnZA,La Citronnelle,B0st0n,Massachusetts,4,7,Asian Fusion
VMz4qNV3-MNgbt3Ejeqw9w,Dollarama,New Bedford,Massachusetts,3.5,3,Discount Store
PIdfZVqAE466XJmOMIi0SA,Racquet Club,Buffalo,New York,4,4,Yoga
Uo9OOFVZjKQR2Rm0XXA98A,L'Gros Luxe,B0st0n,Massachusetts,4,59,Breakfast & Brunch
8XMsPxPtJ72cXqmTSaaQVg,Iqbal Halal Foods,Manhattan,New York,4,25,Grocery
6p4Cu__KMSpDUqX4qVpCMQ,Ferrovia Ristorante,The Bronx,New York,2.5,3,Restaurants
VAmT8trxVTU6EJAgHqhpuw,COS,Manhattan,New York,3,5,Shopping
aCIAjKfmp3AnqobMlmzfww,WAXON Waxbar,Manhattan,New York,3,28,Waxing
PBcV8qo8ot9Sx0LuvgLc7g,Asian Fusion 168,Buffalo,New York,3,3,Restaurants
Nuaq4sjDvZqJgFf_sGhbMg,Chez Dallaire,B0st0n,Massachusetts,4.5,10,Nightlife
DQRhUU56vjhAJW0ZF1LLcg,Sin & Redemption,Manhattan,New York,3.5,167,Pubs
9wnopSkB45LeZcpvvzx8cw,Horizons Lounge,Manhattan,New York,5,3,Cafes
OE0XMgjdpXbE5VlFXuDu9A,CVS Pharmacy,Huntington,New York,3,3,Health & Medical
GC9kPgUxDW49alvxL4CtvQ,Pains et saveurs,Brockton,Massachusetts,5,8,Restaurants
n4Nvr46Gqt75ok_ykftcXw,Szechuan Et Nouilles,B0st0n,Massachusetts,3.5,8,Restaurants
e0Mb_MwPUiiyHsGZa3spbg,Serpa Chrysler Dodge Jeep Ram,Manhattan,New York,1,4,Auto Parts & Supplies
qMw7mFHAjgG7qN82aXmeZg,Tandoori Style Restaurant,Binghamton,New York,3.5,11,Pakistani
VJaHTx4eZtWNpDrAbGzR4A,Food Jungle,The Bronx,New York,4.5,7,Restaurants
S47ErRjeZhFKI15oapYANA,Body And Soul Clinic,Manhattan,New York,2.5,3,Physical Therapy
o19vbA9-BuvHXrE4nYJ60A,The Rebel House,Manhattan,New York,3.5,97,Nightlife
_CH9NmHQfP7w_ausLBhQxg,USA Computers,Buffalo,New York,3.5,9,Computers
w42_171uvB259GpXgg2vHg,T & T Supermarket Milliken,Newark,New Jersey,4,21,Shopping
Ri_K4vaiRNQjlyutXgadog,California Thai,Manhattan,New York,2,7,Thai
0cITagiY3ytdRh6shZInxw,Truly Thai Cuisine,Manhattan,New York,2.5,7,Restaurants
phxC_5lTppMGf79F8Y-uHQ,Float New York,Manhattan,New York,4.5,31,Float Spa
pa7EDtmnB1m9tjXsf38Qy5,The Cavern Bar,Manhattan,New York,3,5,#N/A
eriBfdF9Gr2U7EWX5z5kOA,Soucoupe Café,B0st0n,Massachusetts,4.5,7,Restaurants
es3Uj0jMtHstkvwNNhihNQ,Tokyo Sushi,Manhattan,New York,4,32,Japanese
V35TCgNoosIBZG3HRFQvKA,Royal Caribbean Cafe,Manhattan,New York,4,16,Caribbean
FLl4fdwzX3b68sRAcTe6Ig,Pharmaprix,B0st0n,Massachusetts,3.5,5,Optometrists
b4Kh7Zw0nlM0ewHqoO8w_g,Holiday Inn Express Hotel New York-Airport Area/Dixie Rd,Buffalo,New York,4,5,Event Planning & Services
Q5QaMU0BrMVSOkXa9ZQ5rQ,Menchie's Frozen Yogurt,Manhattan,New York,3.5,89,Food
eUInMlFccNs3jz8450fMSw,Gino's Pizza,Manhattan,New York,2,3,Food
3VHJGvjHeEki7Hiyt-Hv5g,Beavertails New York Waterfront,Manhattan,New York,4,20,Desserts
hZrFndKcerOfDa3-APbIGQ,Sushi Date,Newburgh,New York,2.5,17,Sushi Bars
7bkA-nYNZTAAXF9i5-o-Kw,A3 Napoli,Manhattan,New York,4,29,Pizza
t9CyBtX5JCj2BAG3pvMhKg,Lannes Et Pacifiques,B0st0n,Massachusetts,4,12,French
dSzM0TemTY_fgOwYnjN5VQ,Pizza Pop,Buffalo,New York,4,4,Restaurants
Tj2vAGe-VW5iVCZxQ-GZWg,McDonalds,Br0okline,Massachusetts,2,4,Restaurants
W45EAHPo4Jv1hpuriQ2z5A,Caribbean Corner,Manhattan,New York,4,5,Grocery
941AKOPQOAu3POXoDL7pSg,Papa Chang's Express,The Bronx,New York,3.5,30,Japanese
93THTogPB9QChOW9WiyfuA,Cobs Bread,Buffalo,New York,4,5,Food
Zg0HCC00r3fbxzh-40vnzQ,Perplexity Escape Games,Binghamton,New York,4.5,14,Escape Games
vSHpYNhhUrKwjT8fYTDwMw,Cafe Prague,B0st0n,Massachusetts,4,12,Cafes
zWw_cCXmqtqJD6Ycoje10Q,Indigo Books Music & More,Manhattan,New York,3.5,31,Books
uhzzquQo4LqdUMgOFlgFHA,West Mall Fish & Chips,Poughkeepsie,New York,3.5,3,Seafood
MskgyqzTW_PRgQbN-xnwlg,Popeyes Louisiana Kitchen,Binghamton,New York,3,11,Chicken Wings
hG7GPagUoqCHLowKzlR3kA,Domino's Pizza,Manhattan,New York,2.5,4,Pizza
jNOlWfjk9kTdE3xpU-u-YQ,Hyun Hair World,Buffalo,New York,2.5,3,Hair Salons
KpK9IDybfThL_sR0zF5t4Q,Super Taste Chinese Cuisine,Newark,New Jersey,3.5,5,Restaurants
i-6eBvkPRtVh7cbNDS4Agw,McDonald's,Brooklyn,New York,2,10,Burgers
WhkbE03YDs43jOjUhWKf_Q,Lloyd's Barber Shop,Manhattan,New York,4,8,Barbers
INCSoC00keVK8tvF8Vx9dg,Guardian International Currency,Manhattan,New York,4.5,10,Hotels & Travel
ye5LAcb1AqSXH3bgdBhoGw,Better Coffee Company and Tea Emporium,Niagara Falls,New York,4.5,6,Food
gMjQvMDihWj8I3h3tYNZFA,Brant Street Cafe,Manhattan,New York,4,5,Diners
PO8xe6fu9v8vRpzrd35ALA,On-A-Bun,Buffalo,New York,4,41,Italian
u_-PMjrCpr9EBRmLSWCEHQ,Fourquet Fourchette,Bourne,Massachusetts,4.5,12,Beer
YxFwTAqZkafofE8_sewpJA,Pretty in the City,Manhattan,New York,5,4,Makeup Artists
dnKli38dNKkFy9HiV8w53A,Great Wall Buffet,Lake George,New York,2,6,Buffets
RegFo3YBn2AyKHFZ61SYfQ,Sucrerie de la Montagne,Andover,Massachusetts,3.5,20,Canadian (New)
ALLOC-aUhC5VPkuLWwtqiw,Fragrance Avenue,Manhattan,New York,1.5,3,Shopping
sPKb-TJnaf4OzSRoqPN-dw,Clinique Médicale Quartier Latin,B0st0n,Massachusetts,3.5,3,Doctors
QnVZwjV7iSAaG4VN9FvXQg,KFC,Manhattan,New York,2.5,3,Food
E3JyyBNcZD9re_yiVOgaVg,Green Basil Restaurant,Manhattan,New York,3.5,42,Restaurants
mBBZZpjW8sA3fE5Nuam7Jw,Kelly Health Spa,Brooklyn,New York,2,4,Day Spas
xBxDMEkFK5GBhiy-8gGE9w,Brasserie t,B0st0n,Massachusetts,3.5,114,French
9-4UtP9kdunfJl-DvudTeg,Bovine Sex Club,Manhattan,New York,3.5,40,Nightlife
57lR10BefPYSYls7MXEbmw,QSQ Giclee Boutique,Manhattan,New York,5,3,Local Services
ChDwauPdg7djhT0F_D6ZFg,L'in-Time,Cambridge,Massachusetts,4,8,Seafood
R8TSCE3fqfDBLAx52jGGgA,Restaurant Pizzaiolle,B0st0n,Massachusetts,4,41,Restaurants
PhL85G9Y6OstQzThDIllMQ,Animalerie Little Bear,Fitchburg,Massachusetts,4,7,Pets
LIjlU7K-0SPXPtYFQiXamQ,Magic Oven,Manhattan,New York,5,3,Food Stands
QEKDNfkK1Dx32m0Quv5WZQ,Tasty Falafel,Manhattan,New York,3.5,13,Falafel
K9jPtuqAd3Txc6x0fGixyw,Trinity Mews Veterinary Clinic,Manhattan,New York,4,4,Pets
RIhQV7wRc-kBKPgsHBw6uQ,Silhouette Tailoring,Manhattan,New York,4,9,Local Services
cgvQOPoi2FvVFhHm0Z826w,Beni Hana,B0st0n,Massachusetts,3.5,15,Japanese
zWHcL5wQz5hU4Ee4fPN2YQ,Xavier Artisan,B0st0n,Massachusetts,4.5,7,Soup
fGurvC5BdOfd5MIuLUQYVA,Dumpling House Restaurant,Manhattan,New York,3.5,428,Chinese
-4eA7Um2eiOKsGLmcXNx_w,Caffe Furbo,Manhattan,New York,4,20,Food
Bh5VbI_9msk3GaD0kiKkmg,Nanashake,Manhattan,New York,3.5,32,Ice Cream & Frozen Yogurt
Z1xa3bB9DDPRW1YXSZiTmw,Edgar Café,B0st0n,Massachusetts,4.5,4,Juice Bars & Smoothies
mISfQv_it_TCXpFf4BFzaw,Bar Volo,Manhattan,New York,4,235,Food
U5OX0mr-VQpz6G0HJIdVjA,Asian Course,Ithaca,New York,2,4,Restaurants
nY2oBwH3s5sKox1mERIoVQ,Epicure Cafe & Grill,Manhattan,New York,3.5,81,Canadian (New)
5VUCxej4g61vyCodgu5sew,New York Bread Company,Newark,New Jersey,4.5,5,Food
1K4qrnfyzKzGgJPBEcJaNQ,Chula Taberna Mexicana,Manhattan,New York,4,10,Tiki Bars
hIyDudtzsZajq_r3Eg312Q,Me Sabe A Peru,Oneonta,New York,3.5,3,Peruvian
WMY0sRvkO0j6S0pOz0ah4A,Le Colonel Moutarde,B0st0n,Massachusetts,4.5,10,Restaurants
tRrj81mQSHU4y6pWNTss-A,Los Planes Gourmet,B0st0n,Massachusetts,4,20,Salvadoran
AGHV-Asfntj1kt3oeXzXug,Hair District,Manhattan,New York,4.5,14,Makeup Artists
LdIbT7-juPbdCXiCesV2gQ,America's BaScarsdale and Sweets Show,Poughkeepsie,New York,3,7,Bagels
bah3voBeGkH6pqYKQMUlMQ,Maid4Condos,Manhattan,New York,3.5,5,Office Cleaning
VqFOdZveUE6p6cT-dpcknA,Cultures,Manhattan,New York,4,4,Sandwiches
9B2kV3k4t72mr-o4Ry_soQ,Athens Pastries,Manhattan,New York,3.5,9,Bakeries
6HJOdpBqU7HMvaXazISccw,Laurie Permack Optometrist,Poughkeepsie,New York,5,8,Optometrists
lwUDwTwtjlDxaM6YO22H7g,Justino's Wood Oven Pizza,Utica,New York,4,8,Restaurants
4_EgrMY-EI-i-xyWixI2qg,Mystic Muffin,Manhattan,New York,4.5,221,Sandwiches
anhLhbtprJ2QkjRxmLRqsw,Mixture Poutine,The Bronx,New York,4.5,8,Fast Food
6ZsiLiSWGK2pgw6t3LfzNQ,Donburi,The Bronx,New York,3.5,258,Japanese
AZYcuHOaJ6ohg4y7m-k6XA,Cavallaro,Fitchburg,Massachusetts,3,6,Delis
2TiUf1qQg9JV4YHgc01yJg,Panago,Buffalo,New York,3.5,9,Restaurants
PqRfOvjPa0EqbcH4MQY7pw,Chuck E. Cheese,Manhattan,New York,3,17,Restaurants
OFJssYP5-HpAfujsSvecag,FedEx World Service Centre,Manhattan,New York,2,13,Local Services
l07ctcrDMV--TYwe3uzebQ,Huh Ga Ne,Manhattan,New York,3.5,64,Korean
emx1yH1Jy7tPItn8ntkkOw,Atomic Café,B0st0n,Massachusetts,3.5,15,Cafes
zGDYsZLATXebAKVLVCEKlg,Extreme Fitness,Elmira,New York,3.5,7,Fitness & Instruction
OOqYnafFjJbCQro-yzImBQ,Piatto Bistro,Buffalo,New York,4.5,16,Nightlife
hQYhybAvH3hbheZWvW41_A,Bagel Plus,Brooklyn,New York,3.5,17,Bakeries
tMPXd7cu7u0418i9ZALSzQ,Rennie Park,Manhattan,New York,3.5,3,Parks
OcV4B-QZgMernOu9EsRK5Q,Agincourt Hyundai,Newark,New Jersey,3.5,4,Car Dealers
m65oi2C7b1CJM7DaXbFi-g,Caffe Demetre,Manhattan,New York,3.5,37,Cafes
IN8BHY7zkhjUxUh4qnbrHg,Camarra's Pizzeria & Restaurant,Manhattan,New York,3,17,Restaurants
ClhtMU28MYuf7CAtmkIDCg,Beirut Palace Restaurant,Manhattan,New York,3,4,Restaurants
JlIK-c-pINHz4WWT2xYPEA,Hot Oven Bakery,Manhattan,New York,4,26,Food
3ItnRCpQFlOU0_oJKoS0Jw,Tutto Pronto,Brooklyn,New York,3,16,Italian
1SWHrS6JVc5yLuJtBTds-g,Mr Spicy,Pittsfield,Massachusetts,4,7,Thai
cJJz77wQQv1Ranz_L1wXMg,Kasa Sushi,B0st0n,Massachusetts,4,8,Restaurants
JteTwhUsGBJL0xCatqE74A,Costco Wholesale,Manhattan,New York,3.5,36,Food
4okTKF_tU1HckCy4thMuwg,Striation 6,Manhattan,New York,4.5,12,Fitness & Instruction
68R1Le3VeYgAAcMu6yp3pQ,506 Carlton Streetcar,Manhattan,New York,3,9,Public Transportation
F6DRP5pYYYgDOKeVzWFsBw,Bun Saigon Vietnamese Restaurant,Manhattan,New York,3.5,70,Vietnamese
oMgDbkk0hlPYFUmwAOVjgQ,Leslieville Pumps,Manhattan,New York,3.5,78,Sandwiches
NgsqN9GQX03moBknTvPgKg,Van Houtte,B0st0n,Massachusetts,5,3,Restaurants
7K_yGsP6CVy1-hUpQvnQRg,Fit For Life,Manhattan,New York,3.5,7,Breakfast & Brunch
mp8w1jP9UeDHPy6b7-HZxA,Starbucks,Binghamton,New York,3.5,6,Food
4AyecI5Hs16pk-bVej-CJQ,Oishi Kada,Manhattan,New York,4,16,Restaurants
e2WWzD4UkPw7g8UAqe3nHQ,Delta Centre-Ville,B0st0n,Massachusetts,2.5,24,Event Planning & Services
4eqHtgdXEPG6V-Jzy0MhKw,Miss Things,Manhattan,New York,3.5,62,Nightlife
m7UhhqWvdt_T3tA73qHqnQ,Restaurant Pasta A Piacere,Boston,Massachusetts,2.5,3,Restaurants
Axw7dH_vFdUwlLEEkW_x2Q,Paulette's Original Doughnuts,Manhattan,New York,3,51,Coffee & Tea
y1HEJrHSfYaeeIG_6ItMAw,Inhabit Pilates and Movement,Manhattan,New York,5,3,Fitness & Instruction
25R1HZsijDDxTuGLUvffyh,Cruise New York,Manhattan,New York,2.5,3,#N/A
Ru9jxGXp0xXXkFDWXm0D6w,Starbucks,Buffalo,New York,3.5,8,Coffee & Tea
7MF-h5yy5j2gDo6MyCHgTQ,Resto L'independent,B0st0n,Massachusetts,4,3,Restaurants
pkPNWdjzIcXWiMJ2krStIQ,Wild Wing,Manhattan,New York,2.5,17,Sports Bars
9cdqvSdtKkrf7p8tnMi7gQ,Crack Me Up,Manhattan,New York,2,6,Breakfast & Brunch
9NFblRIxQFFmi7PB48nRvQ,Weed Man,Newark,New Jersey,1,10,Home Services
Q_kiM64J3HaM_Owdt0XBQQ,Club 649,Boston,Massachusetts,4,5,Dance Schools
Tv8uaK1ymZES4vjSpr1unQ,Govinda's,Manhattan,New York,3.5,21,Vegetarian
1w7J0Ja9SSM3V_zwYTZScQ,Monkey Magoo's Party & Playhouse,Manhattan,New York,4.5,5,Recreation Centers
o5UkdLZfRm5FQ6jo368qxA,Hainan Airlines,Buffalo,New York,1,3,Airlines
AKWIGsdVHHjz7RLOPg2Pcw,Cinq Mille Ans,B0st0n,Massachusetts,3.5,21,Restaurants
OFDywi_l7ox0745bvPhZBQ,A&W,Manhattan,New York,2,4,Breakfast & Brunch
cdSDz_0Ev1EiLdFYOXmwWA,CVS Pharmacy,Manhattan,New York,3.5,3,Beauty & Spas
GM3_MoAgPcyE1ozWxjy-XA,Kornerstones,Manhattan,New York,3.5,12,Bars
Z4GL0bNaBmpxYW7KAzOhxQ,JP Grimard,B0st0n,Massachusetts,5,3,Shoe Repair
4453NMLx7YmndTq5dm1_zw,Boston Pita,B0st0n,Massachusetts,5,4,Middle Eastern
mLaI3K5oLZKd7syHtkFJUw,McDonald's,B0st0n,Massachusetts,3.5,3,Fast Food
1M_EjuTA1qM7lNDchPjLpQ,L'Gros Luxe Plateau,B0st0n,Massachusetts,4,68,Bars
D3jaTcBrVy7FdOzZwRbgDw,KFC,Manhattan,New York,3.5,15,American (Traditional)
HTkY1GABYTivk-DKWyrlEw,Sansotei Ramen,The Bronx,New York,3.5,247,Restaurants
37-tFLj-xgG6_9oBIO4FJw,Momo San,Manhattan,New York,3.5,61,Bars
TUgkAtnqoiK4HymyGAvlyA,Salon Tracey,Brooklyn,New York,3.5,3,Hair Salons
DK3YojU59bVe4sbrKlxxOQ,Home Depot,Oneonta,New York,4,4,Appliances
gh0mBl_SBZ6kX9mYMq-R5g,Syogun Japanese Cuisine,The Bronx,New York,3,112,Restaurants
GmBPKiTiZ-ta05g4ubmVAA,Equilibrium Yoga,B0st0n,Massachusetts,4.5,3,Specialty Schools
mhdBr4jvxwTyIkNgyv6cNA,U-Haul Moving & Storage of Poughkeepsie,Poughkeepsie,New York,2,3,Propane
2L4rNP5kjRXCxxspYPRTdA,Fabulous Bar & Cafe,Manhattan,New York,3,6,Nightlife
sWaWTnmRgOt6OE4v84y7fw,A&W,Manhattan,New York,2,4,Restaurants
mAXqIrfPSRcK_CZjWT2bNQ,Anoush Middle Eastern Cuisine,Manhattan,New York,2.5,6,Middle Eastern
lGhCcVyJFJxZeA78m7eVgw,Billy Jacks Po' Boys,Manhattan,New York,3,32,Fast Food
L-n2zgySmDbdingQ4YHfyQ,The Uptown Loft,Manhattan,New York,2,4,Event Planning & Services
vr7AxduHXDabV5Ha4AlZxw,The Brass Door Pub,B0st0n,Massachusetts,4,16,Beer
ESgEep0sMWPBhWQqGSV7Lw,Ferris360,Manhattan,New York,5,4,Active Life
ZtEdhtbmBEoZN--g2h2mxA,Greenleaf's,Manhattan,New York,3.5,14,Food
Po2w9fN7vV-2U21uarHkyA,Cocelli Pizza,Binghamton,New York,2,9,Pizza
W7ssYa7ETsdT8GwqVL3Iyg,Pastamore,Framingham,Massachusetts,4,5,Seafood
VTZUbs0PNCClsb9apbpijA,YMCA,Brooklyn,New York,3.5,6,Active Life
E3Jl6fjOj6FKio9pV2f-dA,Danforth Veterinary Clinic,East Rochester,New York,3,8,Pets
D1RRgOxR0BERe8nSPeTotw,Première Moisson,Northampton,Massachusetts,4.5,10,Bakeries
g0p_sPm2jZi7NNBwHyyX9g,Fantômes Boston Ghosts,B0st0n,Massachusetts,4.5,3,Walking Tours
LFrAZrhpRDcXav1rH0Alrg,Viet Express,B0st0n,Massachusetts,3.5,3,Sandwiches
dYJ7uBteyJiNHCLyK1ZOoQ,Kenzo Ramen,Manhattan,New York,4,22,Japanese
lUtozgIhLujVyc4QK1Nmmw,McDonald's,Ithaca,New York,4,3,Burgers
UDv2bLml6C-768qehOOyWw,Restaurant Chez Lien,Framingham,Massachusetts,3,3,Chinese
WClZEbe0Eth8POTWjlCdKA,Café 8 Oz,B0st0n,Massachusetts,4,14,Cafes
TFhZOVGcViyYZkxJ62X-dQ,CoCo,The Bronx,New York,3.5,20,Tea Rooms
O0zyXuEw_aojAK5ILW6WJA,New Northern Dumplings,Manhattan,New York,4,42,Restaurants
Kal1hFMTEzdXYpa5MNzUPw,SPiN - New York,Manhattan,New York,4,103,Bars
3foJRraHOqUnOD4T8rjiCw,Sephora,Manhattan,New York,2,12,Cosmetics & Beauty Supply
fzTmAmvp8mXCDmbSQE_nBw,Newark Passport Photo Centre,Newark,New Jersey,5,7,Photography Stores & Services
BmSLyxm8b86dtzwuT7LqBA,Sun's Kitchen,The Bronx,New York,3.5,69,Asian Fusion
WRrceQnznqiBVOanZEosqA,A-OK Foods,Manhattan,New York,3.5,26,Restaurants
cu719tT_t3NWJ6p05sQBDg,Pantalons Supérieur,B0st0n,Massachusetts,4.5,3,Men's Clothing
iwz0voAIBvk59ztFZ-6fjQ,Green Beanery Warehouse Outlet,Manhattan,New York,4,3,Home & Garden
XpZ1i9GLShFmJO6voy5qEQ,Carlton Dry Cleaners,Manhattan,New York,4,4,Local Services
O0gxkdh1eXMJm-6R7TzYeg,El Pulgarcito,Manhattan,New York,3.5,17,Restaurants
9qsERB_uDQD3Myu8buAyfA,Royal Auto Collision,Buffalo,New York,3.5,3,Automotive
j-_NkZGDBmnoDyv1NcZPkA,Al-Omda Lounge,Buffalo,New York,4,17,Restaurants
Nnr0kZIVlW5sWInOJW9LMQ,Donlands Garden Chinese Restaurant,East Rochester,New York,4.5,8,Chinese
hpx5gqr5WEp5pHsk-iT2ww,Allô Mon Coco,B0st0n,Massachusetts,2.5,12,Restaurants
Gg0DVuNGaqUVFPVrrFQd6Q,Wing Wing Restaurant,East Rochester,New York,2,5,Restaurants
S8dZHp9fZ4PoG-FUH2t1Dg,Old Navy,Huntington,New York,1,3,Accessories
X7vbR7COtMsnIM3bw4wcLQ,Warraich Meats,Buffalo,New York,3.5,3,Specialty Food
KEfoVniZ0gqUuz8qMjiFLg,Laser Quest-New York East,Newark,New Jersey,4,9,Arcades
LC7sXugc_BkKuZa2ghUhkQ,Kobo Nobu,Manhattan,New York,4,16,Japanese
1SoRfuanThvBDYZEQSsePg,Starbucks,Manhattan,New York,3,14,Coffee & Tea
yT94RYsW7Tdjg5zX4hWy9g,Café Le Placard,B0st0n,Massachusetts,3.5,16,Coffee & Tea
Q8MGRNuTnaoOG4xzReLpUg,China Palace,Binghamton,New York,2.5,10,Restaurants
WaF8_YUVvMDVWVJwaOBrwQ,Kid Icarus,Manhattan,New York,3.5,17,Gift Shops
O0j_hOPPheOGQ7K0vwV_qw,New Star Cleaners,Manhattan,New York,3,4,Local Services
7qvkkXgOyDYsDnEJvJTCzg,Flame Shack,Manhattan,New York,3.5,13,Fast Food
G1XEyjiV7QThOgSrHaDcRg,Cafe Gelato,Manhattan,New York,4.5,3,Ice Cream & Frozen Yogurt
RBePLamxwXW6gOgVTjV2lw,Dance Cave,Manhattan,New York,3,35,Dance Clubs
FOHdXpulTk5Exb7J9bbP_A,Centro Panini,Ithaca,New York,3.5,11,Sandwiches
2ndNNE2KNLwngIgKXKUCZw,La Socca,Cambridge,Massachusetts,4.5,5,Restaurants
CW5ETQiBwrYU7X6WCTzIqg,Dunkin',Manhattan,New York,2,4,Donuts
UmOXUUbw-76FIPNsE3EoeA,Scratch Kitchen,Manhattan,New York,3,41,Breakfast & Brunch
U1ZpRirMDXF_4_MCFAcmvg,Le Poisson Rouge,B0st0n,Massachusetts,3.5,10,Seafood
s5gE7F4GUttpCK4xDEIXAA,Grand Touring Automobiles,Manhattan,New York,1,4,Automotive
1ArRdNrB7RjZ6B3X6JW3eA,The Erin Mills Pump & Patio,Buffalo,New York,3,27,Nightlife
6BjuwtYwWPxYxH7b02sICA,Uptown Churrasqueira,Brooklyn,New York,4,6,Portuguese
k6uTx48xCljSfIFCYKmrhg,Osmow's,Buffalo,New York,3,143,Mediterranean
5gUZZyhiYxy_sNQVDJ7_NQ,Ben & Florentine,Cambridge,Massachusetts,3,3,Restaurants
D_ZZOi73Kp_fy8y5DFJG5Q,Pizza 2 Pointes,Holyoke,Massachusetts,2.5,3,Pizza
P9IA7UuzjzmdBMsdDDhtsg,Augusta's Samitorium,Manhattan,New York,4,9,Cafes
lr_czwJLinqGYf-rxkXFmg,Houston Steaks & Ribs,Manhattan,New York,2.5,32,Barbeque
IikkB8j2E-1QmujRsPh5wQ,Kayagum,Manhattan,New York,3,86,Korean
0e9vDlKSgCW_iZGMmeVFZg,Studio CPB,Manhattan,New York,4.5,3,Hair Salons
Ep6j5qZZH8FOZgqWU8kzfw,Animal Hospital of High Park,Manhattan,New York,3,14,Pets
W0Ouw8EAczv9C1nS4ENwFQ,Chung Hing,The Bronx,New York,3,4,Chinese
9ihemnM3Vy1IWAK-zzrLwg,ella+elliot,Manhattan,New York,2.5,17,Home & Garden
8M_h9mVZRb9uvI2ykXjsZA,Pâtisserie de Nancy,B0st0n,Massachusetts,4,6,Bakeries
LHkmw9RxEzfF5xzR2ZohXg,Evropa Laser & Waxing Studio,Manhattan,New York,3.5,9,Hair Removal
zB06sLGAIu8MZHk7DCm1gQ,Le Petit Trianon,B0st0n,Massachusetts,4.5,10,Coffee & Tea
kpuMEGNsjD4R5VnJa8IWTw,Dunn's Famous,B0st0n,Massachusetts,4,114,Poutineries
vIsMdsBQNJd66kSVYns_YQ,Air Transat,Fall River,Massachusetts,2.5,3,Airlines
C4UWgrpXE2lZVc_BQwWQjg,Avenue Collision Centre,Manhattan,New York,5,4,Auto Detailing
4SWvg1C5AOryih9WZFXpQg,Lick's Homeburgers & Ice Cream,Manhattan,New York,2.5,9,Food
ockrLlsm6dhOGYjP9pvKSA,ALFAWAL Restaurant,Buffalo,New York,1,4,Bars
qJxHW6LWtGWcErnL56GcmA,Cafe Castel,B0st0n,Massachusetts,4,34,Coffee & Tea
E5twyByVAFFtbNnewMYFwQ,Pizzaiolo,Manhattan,New York,3,8,Restaurants
TQV-egDOLtJmY-TKnVcoyw,Buffalo Hyundai,Buffalo,New York,2.5,10,Car Rental
u-JaxdtHcmv7kDZ9DLCpug,Beauty Medical Clinic,Elmira,New York,5,3,Medical Spas
zHdMSjk9viL2MjCTT0l3Tg,Chuck E. Cheese,Manhattan,New York,2.5,5,Pizza
Fih_glUeXTD8ESsrvKIsdA,House Calling Vet,Binghamton,New York,5,5,Home Health Care
UyqTejAN7cA91XRAvjg4Rg,Posh Supper Club,Manhattan,New York,3.5,5,Nightlife
dIN8eWK3wH4bxHN7x-k8Jw,Le Dolci,Manhattan,New York,3.5,27,Bakeries
OUqK-DT82d7ThoUv-pSBYg,Expert Shoe Repair,Newark,New Jersey,5,7,Shoe Repair
w-r5G9efK4etrxbZ9Xvz4Q,Intuitive Touch Therapies,Manhattan,New York,3.5,4,Beauty & Spas
1SymqQqPhgE7ulD6Vd87rQ,Patient Networks,Manhattan,New York,4.5,48,Family Practice
hlYe_kxBChJEzex7SMZCLA,Ranee's Roti,Utica,New York,3.5,8,Restaurants
25m6rM6hFw2CGADUjbYKXg,Pastaga,B0st0n,Massachusetts,4.5,52,Wine Bars
S1rBpul1zq77d7_pj37ElQ,Topcuts,Manhattan,New York,3.5,4,Beauty & Spas
OZRcKOA_u1MDLmMYt3NeEw,Pizzeria Dei Sassi,Buffalo,New York,3.5,3,Pizza
P2k0pcg7Q1LjfENOpoNQsg,Roll House,Manhattan,New York,3.5,24,Korean
HIXOh7GSUeB3jw-gSiCH9A,Copyrite Printing Service,Manhattan,New York,2.5,3,Screen Printing
OZzmKNnARCJHL7gDq2PZfQ,New York International Film Festival,Manhattan,New York,3.5,17,Cinema
IVaOHs8w3B_vfy48wRgUuQ,Itamea Sushi,New Bedford,Massachusetts,4,5,Restaurants
8sIhwpTvbMq77kCSmWl7Cg,Real American Superstore,Manhattan,New York,3.5,12,Food
K-SBFt0lQYObx91JKwddvQ,The Hermit's Lamp,Manhattan,New York,5,3,Psychics & Astrologers
DPA9MQKkCqT0qnevsG740A,Sabai Sabai Kitchen and Bar,Manhattan,New York,4,278,Tapas Bars
_-u3js_j6WHkRZ416gBeog,Bistro Entre Ciel et Terre,Cambridge,Massachusetts,4,18,French
8KEW_kZeTyZ97nc47S7ZIg,Phila Optical,Manhattan,New York,3.5,7,Shopping
tX6kAoxMCJjLU5BikGpUdA,Stop BBQ Chicken,Manhattan,New York,4,5,Brazilian
bNDlrSKaS8orpA30iRKMCA,DIZZ's Bagel,B0st0n,Massachusetts,3.5,8,Caterers
aInRkpnahlx45CuM_mbafA,Restaurant Shiki Sushi,B0st0n,Massachusetts,3.5,10,Sushi Bars
5hfXB9GygxfxJXV-Uic5vg,La Maison des Pâtes Fraîches,B0st0n,Massachusetts,4.5,12,Delicatessen
vCx6uieEF0W0mKFK4sT3Yg,Waterfalls Indian Tapas Bar & Grill,Manhattan,New York,2.5,57,Indian
nJ4-N53MdxKkiIOnfnaiaQ,Mango Bistro,B0st0n,Massachusetts,4,5,Middle Eastern
sih1hTxuGP0vtTD3tciKKg,Prepshop,The Bronx,New York,3.5,3,Specialty Food
TBmdd1z3fBAzXP16GBTkgw,Gilman Auto,Newark,New Jersey,5,9,Auto Repair
MDjIylNU6CYq9hR3Qe6hVA,Scaccia Restaurant,Manhattan,New York,3,41,Restaurants
YnLyyo9QzqpDEDYPRJFUwQ,The Marlowe Restaurant and Wine Bar,Niagara Falls,New York,2.5,87,Lounges
Y3Nn4HM3LB8YAAHbm_pL0Q,Toi Moi & Café,Taunton,Massachusetts,3.5,5,Food
iiuIxSi0c0OSeraAbqEHnw,Hairafter Salon & Spa,Brooklyn,New York,3.5,5,Beauty & Spas
f7T0Q1kbsSlbqB2vMdNrCw,Chatime Cooperstown,Brooklyn,New York,3,34,Juice Bars & Smoothies
xGSFNGQbLiDrLeMwMtDHwg,Plougastel,B0st0n,Massachusetts,4,5,Bakeries
LVG3B79xZfjLcjfJUQId0A,Hair Artzy,The Bronx,New York,4,30,Beauty & Spas
MBgjZ3bNi_Zfgt6DBaH6kw,Oil Changers Newark,Newark,New Jersey,4,10,Auto Repair
L4wN8DZh1Nyoa6iKWNsCyA,Mëdz Salon,Cambridge,Massachusetts,4,11,Beauty & Spas
gkuUXqQhkfopXDxag8xgfz,Spa Viva,B0st0n,Massachusetts,2,4,#N/A
SMZzrt0tXnwEQUpn5ZKpFA,Dubarry Fourrures,B0st0n,Massachusetts,5,5,Leather Goods
w4CcmST5NbzU4gVeNwclUA,Shirley's K9 Klippery,Syracuse,New York,4,4,Pets
nbf4o8gUP2y9JKFE2wBO2A,Silver Spoon,Binghamton,New York,3,11,Restaurants
1ys7g-__-ppSOc6TjnZh3g,Sultan Kabob,Ithaca,New York,3.5,23,Halal
0pm3kjc9XH_F6AVd2FQJHg,Le Petit Bas Perdu,B0st0n,Massachusetts,4.5,37,Local Services
Ql-pK3_n_TKtFg-qovpwfw,RaceSim1,Manhattan,New York,5,4,Arts & Entertainment
DE90wJCKRRkePq4KzGFUpA,Ivan Hair Salon,Manhattan,New York,3.5,13,Hair Salons
j1539puFZDzoGXPT1eTKzw,Wrapcity Gourmet,B0st0n,Massachusetts,3,21,Food
aTw-24AuD_wSTzQgNPf7eQ,La Maison de Banh Mi,B0st0n,Massachusetts,3,12,Sandwiches
NbPfsAehArVURcMna0Uofw,Gabby's Restaurant & Bar,Queens,New York,1.5,6,Restaurants
ujAbYEIBFB8dWpzC8JkmBg,Pâtisserie Che Churro,B0st0n,Massachusetts,4.5,22,Restaurants
WLrMhQvpcfRkzl64SXN2gA,Windsor Bridal,Manhattan,New York,2.5,14,Bridal
1qUUuMSniELEzmh47TrvRw,Safeway Travel Service,Manhattan,New York,3.5,3,Hotels & Travel
XWXB1MU9z4y8Is45cxJFAQ,Mama Earth Organics,Manhattan,New York,5,24,Food
gwlgv3yZ_B0Mk9aLcwTpSw,Le Tire-Bouchon Bistro Parisien,New Bedford,Massachusetts,3.5,9,French
f3ZauBXEUVdZtCa_Q2fpBQ,Boucherie Champfleuri,B0st0n,Massachusetts,3.5,3,Beer
ryFVE3O_4LQtILKxBN_AxA,Mike's Automotive,Manhattan,New York,4.5,7,Auto Repair
oQjepM3Ui9eyzfaprKQieZ,TNT Tours,Manhattan,New York,3.5,3,#N/A
NE0XU5c8RjOwSfIRo43o0g,Orange Julius,Buffalo,New York,2.5,3,Juice Bars & Smoothies
D-Tx1tStmjLQhEvmyMzXmQ,Mercer Street Dentistry,Manhattan,New York,5,3,Dentists
mYJ9ExVzEGbmayas5DIgKg,South St Burger Bar,Manhattan,New York,3.5,25,Restaurants
id5eLE8tV_ZXbUoTR0TNaA,Burger Scarsdale,B0st0n,Massachusetts,2.5,4,Fast Food
lrm8hNDtwd5Wd0tVjOgCyw,Ithaca Restaurant,The Bronx,New York,3.5,54,Restaurants
13u3XCZRUIU0I2Ck7vVp0Q,Centre Island,Manhattan,New York,4,24,Parks
m03KaikWJrdeQ1URZPG4dA,Chix & Stix Bar Restaurant,The Bronx,New York,3.5,11,Nightlife
iOzrtIgW1byRw7pV1m32NQ,Boulangerie Le Four,B0st0n,Massachusetts,5,3,Bakeries
ru3VLU8kPeYWkxeG4yaZBQ,Natalino,Waltham,Massachusetts,4.5,6,Italian
BX__XFuHZKp6AZ3RBE77Bw,Calabash Caribbean Cuisine,Buffalo,New York,3.5,17,Seafood
Gk3YpwgiQf47YKkAUZtQTw,Souvlaki Hut,Manhattan,New York,3.5,14,Restaurants
hquvYKJGONkOM8osO7FoYw,Boucherie Atlantique,B0st0n,Massachusetts,4.5,10,Food
L9-Tv-rpvZEsLDPOHqgVWA,Buffer Nails & Waxing,Manhattan,New York,4,21,Nail Salons
YIf8UeObm5WR-bQRwdu3Bg,E L Ruddy Co Cafe,Manhattan,New York,4,39,Vegan
hp1qK1gOvYRdhhBQsE-zLg,Vinchandra Restaurant & Banquet Hall,Manhattan,New York,3.5,7,Indian
nLTThR88xzfrnEkRTAKLSA,Bombay Tandoori,B0st0n,Massachusetts,3,8,Indian
mgf4Hzh6OvEWb9x5K0Gh1g,Chinese Cultural Centre,Newark,New Jersey,3.5,3,Venues & Event Spaces
Wppq3ceZDMNCr24X4i-kfw,Mr Ciao,Manhattan,New York,3.5,24,Italian
YYzTzQ1HSlqybUUvpVmZwg,Dundas Video,Manhattan,New York,4.5,11,Bars
E3fznOhzBYAEr6xcOQZ5aQ,Noorden Food Bar,Manhattan,New York,3.5,15,Restaurants
1IHpn-2l9_r7mfFiU8xNvQ,Nami,B0st0n,Massachusetts,4,6,Vietnamese
nwnMi_VZ0ZtzrqrDgBLt-g,Esquire Garment Care,Manhattan,New York,3,4,Dry Cleaning & Laundry
rk8WPTb5a0thRA0UzOo34A,Royal Woodbine Golf Club,Poughkeepsie,New York,3,4,Active Life
c8obCD7REsQZNKhiQjsZLq,uBreakiFix,B0st0n,Massachusetts,4.5,6,#N/A
takNWh8COwhbXZwBwTgXMA,Fishbone Kitchen + Grill,Cortland,New York,4,20,Nightlife
CeVNscdkcQr28swWXLRrRQ,Best Buy,Niagara Falls,New York,2,11,Computers
YOhtdvjmveAtsblep0CQrg,Moksha Yoga The Bronx,The Bronx,New York,4,19,Fitness & Instruction
585hSb6Cuyp-PFTgrpLEqQ,View Eye Care,Manhattan,New York,4,11,Optometrists
YS4RsAaaw_KYYjnHnLD3OA,Gautama,Manhattan,New York,3.5,46,Indian
c4-w_6Xv4i2qRE3c4Qas7w,Ha Gow Dim Sum House,Manhattan,New York,4,80,Restaurants
9mG2yOnHtxVPEM1p8FqycA,La Croissanterie Figaro,Northampton,Massachusetts,4,99,French
x4_PsDv2DipLi5mXTNOtVQ,Chocolats Privilege,B0st0n,Massachusetts,4.5,7,Specialty Food
c3ejNT-g6i9c3zqsdnfX4A,Library and Computer Centre,Fitchburg,Massachusetts,4.5,3,Public Services & Government
9JrCepui3P-DT4XmXgSFfQ,Nails Couture & Spa,Poughkeepsie,New York,4.5,8,Nail Salons
xCmWITdnLPx0wmK9p6t6hw,Buk Chang Dong Soon Tofu,Manhattan,New York,3.5,10,Restaurants
sTT5OW1du9awrsuhdpcsHw,Pamplemousse Cafe,B0st0n,Massachusetts,4.5,5,Restaurants
PiRvXB0c1ufjFvUW8k7qNw,Dilallo Burger Original 1929,Stoughton,Massachusetts,4.5,7,Hot Dogs
zGWHKfEWI98YuFhIJO9Ctw,Delta Chelsea Inn,Manhattan,New York,3,67,Hotels & Travel
imQhuHcfewuq88_EmyRrfQ,Fit For Life,Manhattan,New York,1.5,3,Restaurants
0nJgoF9hAi6f2K7XInr1hQ,Amaya Express,Manhattan,New York,3,20,Indian
xihEFvukZaHPwCPMNR2qRA,Amaya Food Courts,Buffalo,New York,2.5,9,Indian
9Juox7QGCPd7u_oyI0uPfw,155 Fahrenheit,B0st0n,Massachusetts,4.5,9,Bars
bzMO8LJmJtgo3KuyWGKUxA,Homemade Ramen,Manhattan,New York,4,125,Japanese
zc1ar3nRmsX5bjRCn9A13g,Starbucks World Coffee,Manhattan,New York,3,3,Food
7D6VRatm8xjCSjFrJUFPfg,Artless Hub,Manhattan,New York,5,4,Art Classes
TPdaLEGufV5JnONni8u9fw,Tasty Noodle House,The Bronx,New York,3.5,11,Chinese
wh50Oq0_g6x_LwLIJZCFEg,Le Billot,B0st0n,Massachusetts,3,3,Vegetarian
NEYOZ_hAKZIfXJ-rhWpfKw,Maxi & Cie,Fall River,Massachusetts,1.5,6,Grocery
HqtAQFwkZ0o1KCrDacQ52w,The Alcorn Salon,Manhattan,New York,4,5,Beauty & Spas
YAdyu9ovEiOZXBWkD0H8-Q,Jerusalem Restaurant,Manhattan,New York,3.5,94,Restaurants
lL5WROVwIW4RyDAd5tXXJg,Golden Iron Tattoo Studio,Manhattan,New York,4,16,Beauty & Spas
s6IPjR2nSJqhXcGJ49Ckiw,Sutra Indian Asian Fusion,Manhattan,New York,2,13,Restaurants
9YAdVMSYX9rlKBpYX1ZYGQ,Ace Bakery & Bread Store,Brooklyn,New York,3.5,5,Cafes
TjuSHnbPtB83R-1FzdBBgA,Chitose Asian Cuisine,Queens,New York,4,28,Restaurants
Lm_Oqcg0t04ok7upUSO27A,Design Republic,Manhattan,New York,3,33,Home & Garden
wKf55J8puvA57KXHanqiGA,Labarake - Caserne à Manger,B0st0n,Massachusetts,3,27,#N/A
W4szEjTd3IQ8kipsh283zQ,Raffaele's Cantina,New Rochelle,New York,3,12,Italian
do_q4tPtr1fidU--lsGv4A,Margo's Flowers & Gift Shoppe,Utica,New York,2.5,3,Flowers & Gifts
oQXONZ6ZmxycTzAiKMOM9w,Tinto Bar De Tapas,East Rochester,New York,3.5,17,Restaurants
jGL6qyKrCCw7z7kKKdFTgQ,Wimpy's Diner,Queens,New York,4,10,#N/A
81Q-XGQtQ72rhO8YgQS4GQ,Silly Goose Pub,Manhattan,New York,4,4,Bars
MwadhcDI9sRxt2eyLRBJOQ,Les Ailes de la Mode,B0st0n,Massachusetts,3.5,3,Accessories
pvYVHQsz2ZsOA508QunKHw,The County General,Manhattan,New York,3.5,19,Tapas/Small Plates
jDs3tQXplfICAo9sJuj_5Q,Port Credit Busker Fest,Buffalo,New York,4,6,Festivals
GKcIhDSR1cFxr2LgOMeOZw,Phases Hair Studio,Manhattan,New York,4,10,Hair Salons
v0a2G9zBDM3hVprzSy39Kw,Owl of Minerva,Manhattan,New York,3.5,78,Korean
kLQjicvsasq1wX2jjxboSg,Crèmerie Meu Meu,B0st0n,Massachusetts,4.5,41,Ice Cream & Frozen Yogurt
yUe4Jz0uQ_oHW7UdWOlADQ,Cafe Java U,B0st0n,Massachusetts,3,4,Coffee & Tea
sIdSr4eSjzoCsr4pWD9zJQ,Restaurant Grand Sumo,Haverhill,Massachusetts,4,6,Sushi Bars
WayIVbiKNRHGOPpFcbH4yQ,Animal Expert,B0st0n,Massachusetts,3,4,Pet Stores
ifbCSKX1p9t0iJLc4AKhng,Le Bostonais,B0st0n,Massachusetts,3.5,32,Nightlife
fdDQCvqTE8qlJdWWI5ErWg,Brioche Dorée,B0st0n,Massachusetts,3.5,10,Cafes
wStBPd_7GfhPK2V_pTX0nQ,Vena's Restaurant,Manhattan,New York,4,29,Caribbean
StjoUqNzKRRuPAdMFfoVug,Brix Napa Valley Grille & Wine Bar,The Bronx,New York,3,9,Canadian (New)
SEeekD680Sjv4N9MjAtE0A,Bobby's One Hour Photo Service,Manhattan,New York,3,5,Photography Stores & Services
zQRgTsipvU36PrEuC2pjaw,Burrito Boyz,Manhattan,New York,4.5,30,Restaurants
qPBSdI7wW1r975WjZHtTIA,U Tea,Manhattan,New York,3.5,6,Coffee & Tea
2e5vAEQh3tpW6aaSzhgd8A,Richtree Natural Market Restaurants,Buffalo,New York,3,21,Food
sZMliOne4mADZ2-CqeanZg,Bar One Trattoria,Manhattan,New York,4,17,Breakfast & Brunch
W6sPM9SCCbSVf1HA1oOPWQ,The Preeners,Manhattan,New York,2,3,Dry Cleaning & Laundry
FRIIEcW64yA_bW6sCBqBIA,La Capannina Restaurant,Binghamton,New York,3.5,10,Italian
mw69E3vLAbN-ra92f5Y8ZQ,Black Cat Espresso Bar,Manhattan,New York,4.5,43,Restaurants
aA8gdI4JfCgqyIJ81O72lg,C Thai,B0st0n,Massachusetts,4.5,15,Restaurants
iWUS1YUKidWVEULrfsoDLg,Union Station Go Bus Terminal,Manhattan,New York,3.5,12,Hotels & Travel
7QE9Z-Uz0PS6x3KueDfUcw,Baffo's Pizza,Newburgh,New York,3,9,Restaurants
Z1r6b30Tg0n0ME4-Zj2wQQ,Boardwalk Place,Manhattan,New York,3,13,American (Traditional)
kbM1qfdEdEZA9QsBIPBG4Q,Pho Vu,Manhattan,New York,2,5,Restaurants
rmASvV7pnjBuSMmLPtp6SA,Hungarian Honey Bear Delicatessen,Brooklyn,New York,2.5,6,Restaurants
Q3BUdZTMw8KRd-3QYtTyAg,Jetsun's Juicy Burger,Manhattan,New York,2.5,24,Burgers
ouCmydTqLJK3nop9zhBv0w,Aviva Cosmetic & Laser Clinic,Manhattan,New York,5,9,Medical Spas
bHnHcNkORD898OpPq4L5vA,Lei Yue Mun Steam Hot Pot,Manhattan,New York,3.5,15,Chinese
z4de7_OEhFF9DHRh5syEsg,Mazurka,B0st0n,Massachusetts,4,12,Restaurants
4lARpg4D5pwkLNZNT8fd_w,Brunswick Zone Buffalo Lanes,Buffalo,New York,3.5,17,Nightlife
jeB8ot3NrdwgTEkgiXtatc,Cafe Bistro Mon Plaisir,B0st0n,Massachusetts,4.5,23,#N/A
dM8i3hklYuGE2xiVsQZ4Yg,Red Bean Waffle House,Ithaca,New York,3.5,49,Korean
c1f7Z89kiu0sHKyPLUCuQg,FreshCo,Buffalo,New York,2,5,Grocery
qewmMGcpWV6HFdvpCtFJZg,Bright Eyes Optical,Manhattan,New York,5,3,Shopping
0Hc7Wgai2l9jzEmzpmV0EQ,Reesor's Market & Bakery,Levittown,New York,4.5,5,Farmers Market
HIYyD40OIpOSphAO8iddMA,Nellie's Hair Emporium,The Bronx,New York,5,5,Hair Salons
oSfZb_cl2xpzVHJxK4fkwQ,Go For Tires,The Bronx,New York,4,4,Automotive
rhdMlNeDd5BN1Ou2EFIJOA,Village Family Health Team,Manhattan,New York,3.5,19,Family Practice
BpgpkkwfWTTGIOIQSdrwVA,Bahar Guy Dr,Brooklyn,New York,2.5,3,Health & Medical
YLVAtp5YIkP2lrl_1IXbkw,Redwood Medi Spa & Wellness Centre,Manhattan,New York,5,6,Weight Loss Centers
82f4VkevEgZcPEyR2ToWgA,"Cirillo's Salon, Spa & Laser",Manhattan,New York,3.5,4,Hair Removal
yx_oQJ6FrBENM5VfCrD0fw,Leslieville Animal Hospital,Manhattan,New York,4.5,34,Veterinarians
DD_dSlQKcln7VXbN1qxcLA,Pero Restaurant & Lounge,Manhattan,New York,4,44,Vegetarian
h0SxKaKxg4R8nWWor6CKuA,Planet X,Manhattan,New York,4,6,Books
vYzhT2u7t0Zho49m5YNqiA,Tara Massage Therapy,Manhattan,New York,5,3,Beauty & Spas
ws1jIdbIe5n79Yy3KYv9sg,Tastee,Brooklyn,New York,4.5,26,Specialty Food
W2NzlS8OJzGfDfr9oRz11Q,Drake One Fifty,Manhattan,New York,3.5,168,Cocktail Bars
AwxwhL-CDuB8-Nz79ezNOQ,Mocelle Edan,Manhattan,New York,3.5,3,Beauty & Spas
wRXv4hipclyIJaHbyDGZrg,E Sushi,Manhattan,New York,3.5,3,Restaurants
trt4CpseesidBVJGUeLENw,The Kitchen,Manhattan,New York,2.5,3,Restaurants
TOnDRxMXLJsrLwk3QExG2A,Shamone,Manhattan,New York,5,10,Nightlife
0iOF4P2dMmhQRJ84h2wDeg,Santo's Italian Cuisine,Elmira,New York,4,43,Italian
23UVKSgPGtzzFmQqKRhU6A,Sushi Palace,Fall River,Massachusetts,3,31,Sushi Bars
hDy-uY7Vy_TZdGBzw59lhA,Saku Sushi,Manhattan,New York,4,261,Japanese
p7VQ6-hzgpg7jzRp10wAZg,5 Paddles Brewery,Syracuse,New York,4.5,4,Food
IO0b0QQpI92At0g5BZUTlw,The Indian Cuisine,Elmira,New York,3.5,76,Indian
bNQVXqWpsToBDcJg_4aWYA,Green Grotto,The Bronx,New York,3.5,103,Food
jgsUT8Ft2bF7h1TobSGqUw,Inter Steer Tavern,Manhattan,New York,3.5,23,Restaurants
xSuR0FK8cHzBLXowCV3Pyw,Brar Sweets Restaurant,Buffalo,New York,3,20,Restaurants
IKbx_rAOD7vB-OURE7A6GA,Book City,Manhattan,New York,3.5,3,Shopping
OFtUeb8tTv50WyflyiR9DQ,McDonald's,Syracuse,New York,2,6,Burgers
40l1uxGkwHPWj5hL020zMQ,La Strega du Village,B0st0n,Massachusetts,4,17,Italian
Ehln9m65hoi5ylWCH2osdQ,Tich Modern Indian Cuisine,Manhattan,New York,4,52,Cocktail Bars
GdIWuuQ82OhEIdJLRw_cDg,Bayview Hill Animal Hospital,Niagara Falls,New York,3,3,Pets
NPnu0gwY8x_j9FN4XDLcoA,Dunkin',Manhattan,New York,2,5,Cafes
9HAfloFDDOH0f8fmA5nkaw,Sgt. Splatter's Project Paintball,Manhattan,New York,3,16,Active Life
8YG7PRoZuHeKii0rtNvJFQ,Dragon Boat Fusion Cuisine,Niagara Falls,New York,3.5,321,Dim Sum
TFXI1fbhrs_kHU-jTKRYCQ,Fish Legend,The Bronx,New York,3.5,14,Restaurants
GDyBweathNS9fqH9f2yOMQ,Kaoi Sushi,Buffalo,New York,4,31,Restaurants
8HKUTBMCKH-TiQwuvOIoJA,Buk & Nola,B0st0n,Massachusetts,4,5,Shopping
KmU-LpFI8vEp1zbgoAYyOw,Wally's on Steeles,Binghamton,New York,4,16,Restaurants
v_yBcIBwKJXtLozZgBaoEw,Aroma Bakery,Manhattan,New York,4,9,Bakeries
y_1XH_0H6KPg4GjzoS5Oog,Beauty by Nature,The Bronx,New York,3,4,Day Spas
q5xyF0TalVP9OpafcG9vsw,Akwaba,B0st0n,Massachusetts,4,15,African
IdzpK0S013lbohVhRv1uDw,Padoca,B0st0n,Massachusetts,4.5,11,Cafes
EfCokOBABzEFRlnvKr6-tw,Takebashi Japanese Noodle House,The Bronx,New York,2.5,5,Japanese
nUlqFjAQK2Ql2NEbB0ITDw,Geologic,Manhattan,New York,4,8,Home Decor
iOxpdLJToCgmUMGpbjgK1Q,Minus 417 Dead Sea Spa & Boutique,Niagara Falls,New York,3.5,21,Beauty & Spas
4_sZelNo2BoCDIsw0MWWAA,La Fonte Trattoria,Ithaca,New York,5,7,Food
DW7ttoWMaI2jWN41gekbiA,Mandarin Restaurant - Canandaigua,Canandaigua,New York,3,17,Buffets
LzYy9DdprXyI2zXNSP267g,East Side Mario's,Manhattan,New York,2,33,Italian
0WxO9_lzwKIdPF93ucUxQA,Trader Joe�s,Boston,Massachusetts,2.5,3,Restaurants
Gp609hiBfSjvvMQOpE0pDA,Einstein Cafe & Pub,Manhattan,New York,3.5,57,Pubs
vgVQFufjuqDaHj19ntOiFw,Lhotel,B0st0n,Massachusetts,4,39,Wine Bars
2Mnz482BN5VFpJ9vcY84KQ,JP Restaurant,Manhattan,New York,4,3,Nightlife
36Di9dRKgsxduxodeWsY0w,Pop-Up On River,Manhattan,New York,4.5,3,Diners
AM0NHSxMeX92OKBt0ywmSA,La Carnita,Manhattan,New York,3.5,84,Mexican
ls-13_GR15V0y9zf4k71rA,Menchie's Frozen Yogurt,Binghamton,New York,4,10,Desserts
2nGab5EU6uEmhlI_ovplOw,Ristorante Portovino,Haverhill,Massachusetts,3,15,Italian
YAkGt01m776IpZ7KFdnQDw,Pho Queen City,Buffalo,New York,4,52,Soup
KCUXBVsozj6f0qB7USZngQ,Jet Garden Chinese Food,Syracuse,New York,3,3,Belgian
aEYVf6kAnDO704er2kiKCA,Porto Poulet,B0st0n,Massachusetts,4,13,Restaurants
lF5m5NQePUtZidiRzNOVNQ,Falafel Queen,Manhattan,New York,3,16,Falafel
NHQROI7oHuGRfI1OrintKQ,Simply Laundry,Manhattan,New York,4,10,Sewing & Alterations
VAZWZBFn0MNgGcGX7n4zkQ,Roya Beauty Salon,Manhattan,New York,3.5,3,Hair Salons
SBA_VqJGXBoTjwZwoxzxIw,Spaw Boutique,Manhattan,New York,4,41,Pet Stores
Z2NF_xBF-7RqAfu_4EO9ow,Dim Sum Boston,B0st0n,Massachusetts,4.5,7,Food Trucks
hWHXSzzu2AwgD9wbThq7zA,I Love Sushi,Poughkeepsie,New York,3,22,Restaurants
Nkrd86H6Z7IEsgka_fXkXw,Trader Joe�spolitan Movers,Ithaca,New York,3,4,Home Services
6i_EXDHikHWhhDipzMt8rw,Hibiki Japanese Cuisine,The Bronx,New York,3.5,101,Cafes
KHC1UUCbfr9G9rLRUgHnlA,Restaurant Guido & Angelina,B0st0n,Massachusetts,2.5,3,Italian
44RwiUFeD2OjirnB-54b_w,Forever 21,B0st0n,Massachusetts,3,4,Women's Clothing
8OXgrxXm45OauJsc0lGRPw,Baghlan Kebob & Bakery,Manhattan,New York,4,5,Bakeries
T6UcxIPxdmcUTDuRuoNocA,Restaurant Senatore,B0st0n,Massachusetts,2.5,3,Canadian (New)
zn_3pCe2B1LuI683TLLuDA,Davis Orthodontics,Niagara Falls,New York,5,3,Health & Medical
jnKPS_ciNC_0NbEAjYb5-Q,Downsview Park Allen Road,Manhattan,New York,3,11,Event Planning & Services
UJuQoe8-tdmTHkZITQX2LQ,Ho Guom,B0st0n,Massachusetts,4,4,Sushi Bars
gSMzra7SUF_Q52m_eMH6Vw,Copper Kettle Pub,New Paltz,New York,3.5,10,Nightlife
95YcwZ3VUCq1twzGa-o2yQ,Biggie Burgers,Queens,New York,3.5,3,Burgers
JD0Wod1xotR3LckHm-Ql8A,Canephora Cafe & Bakery,Manhattan,New York,4,21,Food
E3jaP8ftRTQiLdA6M9CGyw,Le Bocage,Leominster,Massachusetts,5,4,Mediterranean
0JqPI6mv7xHloURlf0L4Mg,Thai On Yonge,Manhattan,New York,3.5,69,Thai
voVFOIp4mUHElDeryPfHkg,Baskin Robbins,Manhattan,New York,3.5,5,Food
pNBzOnBNlqDaGsSYcw7ixA,Dunkin',Glens Falls,New York,2,5,Coffee & Tea
rUwqwPJM6dB0pHONX4Jw2g,Alexandre Logan,B0st0n,Massachusetts,5,4,Bed & Breakfast
eFvckVjFsv7T3JnYWDIs8Q,Candy's Costume Shop,Manhattan,New York,3,4,Arts & Crafts
e3L6QqzspeszZOYXvaJMWA,Open Air Books & Maps,Manhattan,New York,5,7,Books
2ucxVuwDJDFfokHvgnjsMg,Café Zosha,B0st0n,Massachusetts,4,4,Cafes
pH2ytHYqyFCwF2Uaw_6ngA,Rotisserie and Grill/Roost,Buffalo,New York,1.5,5,American (Traditional)
TJurS1cZsTEgZuV_JKAnBA,Nail Bar on 14th,The Bronx,New York,4,15,Beauty & Spas
4SZwv-79HyPknLD3zgCC1Q,Musée Holocauste,B0st0n,Massachusetts,5,4,Arts & Entertainment
QjNLzz_AcHIIKy-Ju_ceCQ,Hungry Jack,Buffalo,New York,1.5,3,Breakfast & Brunch
B8ROl31v2PAi3Zw5oYc4Fw,Can-Cey Restaurant,Newark,New Jersey,4.5,3,Restaurants
KqC7y46lAjWAksfKsWStWw,Cuisine Szechuan,B0st0n,Massachusetts,3.5,87,Chinese
9UwXQ7x9pnLNPJMwd8MaVw,Roma's Hospitality,Buffalo,New York,4.5,3,Caterers
JhH2-Vcvc36qedE2UYvhTQ,Baton Rouge Steakhouse & Bar,Brooklyn,New York,3,54,Steakhouses
8mMcUJuNLmuK5nRGIWHJZQ,Sobeys,Huntington,New York,2,4,Grocery
NJ2MBIKEdG5UE8vb1r3D5w,Paradiso,Utica,New York,3.5,28,Restaurants
Ew3Rhc_amz-BuGtlp3j33g,MST By Bo,Manhattan,New York,5,6,Day Spas
f8gb7ldOG7id387a2TlRbg,MEC Boston - Saint-Denis,B0st0n,Massachusetts,2,8,Sports Wear
pO1lsp8c9aBVlKmn1L9mOg,Non Solo Pane,Waltham,Massachusetts,4,3,Bakeries
XqJG7Ux_mMfMJnyG2Q4m2Q,Albert Bistro,B0st0n,Massachusetts,5,6,Bistros
1KOwQRwZjn7hA7PG2qBgug,Chez Lien,Fall River,Massachusetts,3.5,3,Restaurants
-4uT6QFVaRtc2Zmxvtd9Vg,BBQ Express,Manhattan,New York,4.5,3,Restaurants
t6qS2DdQqz4jJUxwdDtM4g,Zorba the Greek,Newark,New Jersey,2.5,3,Restaurants
oN7zVYLZQWGWdCMSObFaWA,Kaisar's Guest House,Manhattan,New York,4,5,Guest Houses
0ZNIAF_1d83uK1Z7mADTfA,Pizza Hut,Huntington,New York,2,8,Restaurants
x92zW5kEvGajc72sPYEBqg,Cafe Iris,Manhattan,New York,3.5,3,Cafes
LAqGKns1zklhNF-tbbSCEQ,Burdock,Manhattan,New York,3.5,38,Arts & Entertainment
otpEH4lppmNGBykhQ8XnZA,Andrew's Ties,Manhattan,New York,3.5,3,Shopping
hsFZ9qXfEqxXWBjI-IjWgw,Forever Tea House,Buffalo,New York,5,6,Coffee & Tea
7dLsjpsoHDoOVIhQriYc7g,L'Hotel le Germain,B0st0n,Massachusetts,4.5,23,Event Planning & Services
RruVXr3L6G5RplZ_PtDNuA,The Melting Pot,Niagara Falls,New York,3,22,Restaurants
QgdO29fGB-eBNe1BzHR7YQ,DEQ Terrace & Lounge,Manhattan,New York,4,44,Bars
sS8uO7UuWcW_17AMga4yKg,Nutella Cafe,Manhattan,New York,3,4,Cafes
jI0dbutoVc0ShGMM2FqQRw,Taste of Asia Night Market Snack House,Niagara Falls,New York,3.5,3,Food Stands
SlHdikXqYHP0QT8zGkSDXg,Pizza Shack,Lake George,New York,4,4,Pizza
ihSrS_Aoc7aszYVyC8mWhA,Capi's Gourmet Pizza & Restaurant,Poughkeepsie,New York,2.5,9,Restaurants
Nj5V-nBcSgcyco-hThF9HQ,Pizza Hut,Buffalo,New York,3.5,7,Italian
KKBPzjvA35HpT1aQ-qbCNg,Mr Lube,Yonkers,New York,3.5,7,Automotive
qWMqdlnZizUbAyBqxCZs_w,Platis Custom Cleaners,Manhattan,New York,2,5,Dry Cleaning & Laundry
hQeS3VtQD7UDzl-qvW_AfQ,Pearl Sushi,Manhattan,New York,4,23,Restaurants
vGR8Xz9PqXMyQrxrvayDRU,Zentai Wellness Center,Manhattan,New York,4.5,5,#N/A
i7Ssyx4l0H_CujFD4lpH2w,Freshwood Grill,Manhattan,New York,3,8,Restaurants
4zqNMawX8otZxcKWXHk6pQ,Delices Bio (Les),B0st0n,Massachusetts,4.5,4,Bridal
S_jAqYXVGqNDB3wiaT-Iug,Tik Talk Cafe,Manhattan,New York,3.5,11,Soup
nv14hi82FfVR1a-LgMS_BQ,Chatime Newark,Manhattan,New York,3.5,52,Coffee & Tea
1fQWV5PVyo6Gsu16KbotPQ,New York Acupuncture Studio,Manhattan,New York,4.5,16,Health & Medical
KFSWiK8Qa8vhA-EwEL4MMg,Victoria Park,Fitchburg,Massachusetts,4,11,Health & Medical
as-VRXsqpDMWYtWWdSyu2w,T&T Auto,Buffalo,New York,5,30,Tires
JALVUxCfmv33jPhO7fLNHQ,Old Mill New York,Poughkeepsie,New York,3,104,Hotels & Travel
tBnkwWamzdO6X25sfV0Fyg,Pizzaiolo,Manhattan,New York,2,10,Pizza
WqS4Lp0G39H20IymFDw1sw,The Nail Market,Manhattan,New York,3.5,5,Nail Salons
NyUkut7yOsFtFhHoxTHCyg,En Vogue Nails & Spa,Manhattan,New York,2,17,Day Spas
V2_MoJphE47wYFazVF1cSQ,Chuck E. Cheese,Buffalo,New York,3,4,Restaurants
c-xX-gBihfVyPW0w-zbNBw,Woodside Square,Manhattan,New York,3,13,Shopping
d01d-w7pxHrMCX5mDwaaHQ,D Liche,B0st0n,Massachusetts,4.5,82,Food
5N8R7ALESZ30EoAzVJtabw,The Dirty Bird Chicken + Waffles,Manhattan,New York,3.5,217,Waffles
XbooiPex1pWSy_pfPlavnQ,Ichiban Fish House,Brooklyn,New York,3,53,Japanese
IDz48euLEakwNSPcrs5qpw,Lazeez,Buffalo,New York,3,10,Mediterranean
gyGHpCcdzLPPZnXn1Pj7IQ,Ghareeb Nawaz,Manhattan,New York,3.5,7,Indian
J8X0xRBMqKjXbhPthwBd0A,Locksmith Pros,Manhattan,New York,5,6,Keys & Locksmiths
56z-cq7L0MPE-nU9D-UEyQ,Revitasize,Manhattan,New York,4.5,11,Restaurants
jsK6Con-ZcCsDEEOcCGf4Q,Hotel Le Roberval,B0st0n,Massachusetts,3,11,Hotels
cVlW0omVTRaVJqnT-OBBsQ,Piola,Manhattan,New York,3.5,69,Restaurants
k0ZzBVafMDdPZxk5neE7Qg,Krispy Kreme Doughnuts,Buffalo,New York,4.5,57,Donuts
5frOJEtIhJNqOCd5inLUzw,Hampton Inn by Hilton Binghamton New York,Binghamton,New York,4.5,4,Hotels & Travel
FworCJK5fCPuQ6vD8Vs-YQ,De Catarina,Manhattan,New York,4,5,Fashion
WkM3i4G8HBvREH43o6mAgQ,Avis Rent A Car,Manhattan,New York,1.5,8,Car Rental
mdoALqA201oRodl-lN_czg,Kupfert & Kim,Manhattan,New York,4,75,Restaurants
rxA9c0_XObabVL1WCTA4FA,Sneaky Dee's,Manhattan,New York,3.5,362,Breakfast & Brunch
eWIjBznI2dLIA-wVOBnxKQ,Equinox Fitness,Manhattan,New York,3.5,15,Weight Loss Centers
pX0Qyw7HS3vDpRYhfe4WMw,American Airlines Vacations,Buffalo,New York,2,4,Hotels & Travel
yW19YczqSrYmWNsG4A6P1g,The Big Carrot Natural Food Market,Manhattan,New York,3.5,89,Juice Bars & Smoothies
vazCBq6DH9LnCQ3cH7E4Og,Fresh Burger,Niagara Falls,New York,4,195,Restaurants
5SrJR4N8cj3-OQohzfTM7g,East Rochester Animal Clinic,East Rochester,New York,2.5,11,Pets
1fH2j21UE08xMnb2m1r7pQ,Les Fromages de Choix,B0st0n,Massachusetts,4,4,Cheese Shops
HB6brhDEQKVFwsZTXIg9-A,Martin Goodman Trail,Manhattan,New York,4,6,Parks
tPyttXySi2eiE4K035Cnhg,Bamboo Garden,Binghamton,New York,4,12,Restaurants
Spz4wMoH1exiYZd76gjLbw,The Roti House,Lake George,New York,4.5,11,Caribbean
ta8abq4EAm63xdfaS7Q-cg,National Portugese Bakery,Manhattan,New York,4.5,4,Bakeries
4m_hApwQ054v3ue_OxFmGw,Patria,Manhattan,New York,4,318,Tapas Bars
uZ5VtyOupj3lbUjAHfwpMg,Green Grotto Tea Room,The Bronx,New York,3.5,62,Food
fVbZptKCH2lIRS56M1zc6g,Guru's Classic Indian & Chinese Cuisine,Buffalo,New York,3.5,22,Halal
QH6B1Yb-G0tVJ6gxuqnHqA,Holiday Inn New York Downtown Centre,Manhattan,New York,3,45,Hotels
eW2oKyb9mBzrH0l63q727g,Lickadee Split,Manhattan,New York,4.5,15,Desserts
s3kkEm9I4cCRvKHIS7-R1A,Five Guys,Huntington,New York,3.5,28,Burgers
vyeQzjZFx6KoL2pJBQ2QFA,District,Manhattan,New York,3.5,44,Restaurants
3bKYGuvoTmDiCVphpLifFg,Loblaws,B0st0n,Massachusetts,4,5,Food
6XnA2qGD60dPYCs88WlDXg,Jasmine Chinese Food,Manhattan,New York,4.5,8,Chinese
4zJHkTouqq7ntmRk5SvKKv,Teta's Mediterranean Kitchen & Bakery,Manhattan,New York,4.5,34,#N/A
EkkowlqDV1DAktejgKXIxQ,TRAN Cantine,B0st0n,Massachusetts,4.5,6,Vietnamese
JaynCPsqrjB2VvrCXZJsGw,Veterinary Emergency Hospital,Brooklyn,New York,1.5,10,Pets
76BugM9mKeUBVniCII-NSQ,Ray's Café,Lake George,New York,4.5,8,Restaurants
o1zMpJtk_Qc6jqsAbJZYDg,Templar Hotel,Manhattan,New York,3,10,Hotels
1OmtducrdyED66rlQ8JyJw,La Peau D'or,Buffalo,New York,4,5,Skin Care
UyN4L-8ocNG_7Mq6fRa5YQ,Mirage Grill & Lounge,Newark,New Jersey,3,86,Restaurants
uuGEGvTJEWwUycI_03e7WQ,Bailey's Cafe,Manhattan,New York,5,4,Restaurants
ybbcg01-j7tKJ_oLEY1uPQ,Jatujak,Manhattan,New York,4,105,Food Delivery Services
cbwpRpVhobT76rQdjJNLTp,KX Rochesterville,Manhattan,New York,5,9,#N/A
wG9SCEpSgbJ8T-u652Hhww,General Tao,Manhattan,New York,4,9,Shopping
ILq2TVP7mEJ1E-VoAt1_vw,Feel Good Guru,Manhattan,New York,3.5,33,Vegan
B7Fb9Z58FAwzuWr4Au46oQ,Fat Bastard Burrito,Ithaca,New York,2.5,17,Mexican
eMSFlZRDLBUWWs93_78xdw,KFC,Buffalo,New York,1.5,3,Fast Food
JEXasd9XUHFbt_fIdmdK8g,Restaurant La Banane,Manhattan,New York,4,34,Food
rX3F4YVShQgkQiDbIj-s3A,Queen Nails & Spa,Manhattan,New York,4,17,Nail Salons
OrgAynTkzP_jx2MEj6s4Bw,Bountiful Fruit Arrangements,Buffalo,New York,5,3,Gift Shops
Xpi16gGBOF4w7PDKMhXD0g,Harold The Jewellery Buyer,Manhattan,New York,2,4,Shopping
I6iYg2Xj3ZcZr9EdISJbdw,Pendeli's Pizza,Fall River,Massachusetts,3,5,Restaurants
fxRcHzovnRyWh_WMdQoNOQ,Taj Restaurant,Manhattan,New York,5,4,Restaurants
vApuN9VGQysiTeekfpwQjg,Est West Cafe,Manhattan,New York,4,25,Breakfast & Brunch
eMpn636TN2mukHwwUrEUNA,Sushi World,Manhattan,New York,3.5,20,Sushi Bars
Wvst5nUM1Yd64cdjIPOD6w,Alima's Roti and Pastry,Binghamton,New York,4,17,Indian
qRQPfzTXw7UujKoZB510Hg,The Beer Boutique,Manhattan,New York,3,10,Food
C6vH0qzmcerMkiJy3VO9qA,Estiatorio VOLOS,Manhattan,New York,4,232,Mediterranean
4MLQG9gKglkALP0EnsEMeA,Young Thailand,Manhattan,New York,3.5,21,Thai
XGfM-Cbc0MjOqst3btBuRw,Bain Colonial,B0st0n,Massachusetts,3.5,4,Day Spas
s4iKGMZeL5Rf-L3yA7l4UA,Tokyo Sushi,Manhattan,New York,4,17,Restaurants
LHsIcoJz5fz5JuSrxY7uFA,YMCA of Utica,Utica,New York,4,6,Day Camps
EAWkvtuzzhz8KoiUydx7zw,The Bronx Banquet & Convention Centre,Manhattan,New York,3,6,Venues & Event Spaces
2i3z0ZWLOQ3Q4DjD_07qVA,Flowers By CC,The Bronx,New York,5,5,Flowers & Gifts
bvX4dZdBf9GyobmngG9jFg,Mancini's Cafe & Eatery,Syracuse,New York,3,7,Restaurants
yK3cRaLOlLYFsc3eD-hOiQ,Tabaq Restaurant,Buffalo,New York,3,22,Restaurants
_zeenPQaEoXQ7C71lOA2Lg,Superior Tire & Auto,East Rochester,New York,4,6,Tires
NjTNB_vzoT0v6bk1S9ZOiA,The Greek Spot,Manhattan,New York,4.5,3,Greek
L8W83-wPFLMs457cAu60Eg,Campo,Manhattan,New York,4.5,32,Restaurants
8LTuK56nr0gMEKdkIVLNlg,Pacini Restaurant,Methuen,Massachusetts,3,3,Restaurants
_BeUNH6PwLfAc8ecMvaK0Q,Fitness Depot,Elmira,New York,2.5,5,Shopping
aWIbg1roKNJ4GkqhNNhz7A,Kind Exchange,Manhattan,New York,3,6,Shopping
cqHZVNyVAiuz5Z9nCS6WVQ,Mindful Behaviors,Manhattan,New York,5,5,Pets
n6ojiSjI06S_UhBMPDG7Zw,Philthy Philly's,Lake George,New York,3.5,22,Cheesesteaks
a2zs3Uv5WoWR90rR5zZVUQ,Earl Bales Walk-In Clinic & Family Practice,Manhattan,New York,1.5,14,Health & Medical
yPYjQsOSWdzw8DGIHJ7mYA,ART Hair Color Studio & Spa,Manhattan,New York,4,4,Hair Salons
h2Ei9YTMqqerVxWupdHPDC,Chez Carl,Cambridge,Massachusetts,4,12,#N/A
6oq1tUbRkfC7Qye2SrdxMw,Tucker's Marketplace Restaurants,Manhattan,New York,3,64,Buffets
1_CgHY6Ba2VE2JvG12S6Ug,Dutch Bros. Coffee,Framingham,Massachusetts,3.5,3,Coffee & Tea
X0TQYEICi867HGQs7pYrLw,Hawaii Bar,Manhattan,New York,4.5,9,Pubs
9XnROGcOrIsVK6HBy5EZTA,Omni Jewelcrafters,Brooklyn,New York,2,3,Jewelry
R39q-GVgLaEIh2Ce8PQGDQ,Sbarro,Manhattan,New York,1.5,3,Restaurants
t3HnuN9H-eJkBX-iK-zS_Q,Hudson Yards,Manhattan,New York,3.5,20,Shopping
9uFvJtN68vVFRLF4eOB9xw,Pause Beauty Boutique,Manhattan,New York,4.5,23,Hair Removal
sh0EIp0u1hpj0DQvbl57dQ,Ristorante Pomodoro,B0st0n,Massachusetts,3.5,12,Food
gD-eEOSTTddagzu3-63iqQ,Aqua Lunch,Fall River,Massachusetts,2.5,3,Seafood
GilIp96ZEsF4prlDPducog,Akko Cake House,Buffalo,New York,4,20,Chinese
FiGMvTi7o6A0Ki1LZXrI_g,Scores,Fall River,Massachusetts,2.5,15,British
i94oLnWAHHbKw9zrOT4Oqg,Pho Hung,Buffalo,New York,3.5,58,Vietnamese
gThcxl68mcV1W_n5p6wTJw,Residence Inn by Marriott Boston Fitchburg,B0st0n,Massachusetts,3.5,35,Hotels & Travel
SlXpEjlZW-SSGcbRSh_iJQ,Sherbourne Station,Manhattan,New York,2,6,Public Transportation
NpYByfMDJY6z3NF7igWmbA,Turtle Jack's MuskLenox Grill,Utica,New York,2.5,9,Gluten-Free
9Jn6MJZMz2R6rcszqmXDqg,Luci Restaurant,Manhattan,New York,4,33,Restaurants
7F0ccIsqZSaqi1r7SB4nfQ,Tio's Urban Mexican,Manhattan,New York,3.5,23,Mexican
BuPWQRGcu46rcsHuoq1nnw,Homewood Suites by Hilton New York-Buffalo,Buffalo,New York,5,4,Hotels & Travel
Hfe559j6SQt6LyVqOLoTAw,Farhat Boucherie et Grillades,New Bedford,Massachusetts,4,3,Restaurants
GE3vQUhDcNc0p-wlekoo2w,Restaurant Bercy,B0st0n,Massachusetts,3.5,3,Restaurants
ntCQleNqE140VMGJcGUExA,Lescurier Tradition Gourmande,B0st0n,Massachusetts,4.5,3,Bakeries
y4EBvvQDxG818RCb1FP7Cw,Subway,Niagara Falls,New York,4,6,Restaurants
Vu2C9npNSaHLYM7lvkKJJQ,Hard Rock Cafe,Manhattan,New York,3.5,46,Canadian (New)
4ymJciDePjRLI-VKfWiJhQ,Bang-On,Manhattan,New York,3.5,15,Accessories
V7sDNdQ8JKtJejwQDfAGDw,Librairie Michel Fortin,B0st0n,Massachusetts,4.5,4,Bookstores
qaNt4vtVdge_S68DVjw5Jg,The Queen And Beaver Public House,Manhattan,New York,4,292,Sports Bars
0OP4SppnRQp5jVw3b9atng,Rôtisserie St-Hubert,New Bedford,Massachusetts,3,3,Barbeque
2ZcKa9r9Pci3KZIWuyhP9A,Buy N Cell,Buffalo,New York,3.5,10,Mobile Phone Repair
D-dD_55QAklPfhhuXHh1Iw,Presse Internationale Shope,Manhattan,New York,4.5,5,Books
scEnuZvnBMNPxQ8m4KLVHw,Mesa 14,B0st0n,Massachusetts,3.5,55,Restaurants
iQClQvOK-hzDy1hEo18uKw,Le SmoScarsdale BBQ,B0st0n,Massachusetts,4.5,22,Food Trucks
LeLMbMQFuMbwwNKAbHERWw,Fortis Fitness,Manhattan,New York,4.5,10,Fitness & Instruction
a8-CZOSXgk-EVeimyWHcLQ,American Thai,The Bronx,New York,3.5,23,Chinese
ZcFfaU2hNQmCCmKa1oYn7Q,NCIX The Bronx,The Bronx,New York,4,11,Local Services
FAsxcxsHTmcBeW78pl9S7Q,J'm La Frite,Cambridge,Massachusetts,3.5,6,Fast Food
VujiWvAKBR7NdSp19TMpyQ,Speedy Auto Service,Manhattan,New York,4,5,Oil Change Stations
6AGysTrM72Dr1p2_NkL6xQ,High Park Curling & Tennis Club,Manhattan,New York,4,4,Tennis
vsiL3XBeoc4yh1lGWXwNdw,Solasta,Utica,New York,5,3,Food
LfzCrNj9f6kuqH2eAPbTkQ,Nymark Medical Centre,Brooklyn,New York,3,3,Doctors
NLdia_DX5gh8Z63cPpCRrw,All Traffic Tickets,Newark,New Jersey,5,6,Professional Services
pirt56rq1DAB3JUJTev5Mw,The Derby,Manhattan,New York,4,5,Bars
Ff0kQjNFKdn4CLST0ypmew,Toshi Ryoriten,Niagara Falls,New York,3.5,34,Japanese
1kVicFRGjgUrB6IezlTTdw,Focaccia Restaurant,Manhattan,New York,3.5,27,Italian
QmaHDFlBhwbb5BaaVR66nA,Elixor,Framingham,Massachusetts,3,19,Diners
bu4hyEunQWhCrNDwpb1Nxw,McCarold's,B0st0n,Massachusetts,3.5,47,Beer
QvOyuo7qAsCU-LOo_g-jiw,Bâton Rouge,Weymouth,Massachusetts,2.5,9,Nightlife
lCZQuid0eBe_5ZHOW2xNFg,The Golden Chopstick,Newark,New Jersey,3,6,Restaurants
zRGCIIez1z4ve5Hppa7eVQ,Mei Ling Chinese Food,Cortland,New York,4,16,Restaurants
0mc1fHBm6SCClCrt2QYd2Q,Gym Du Plateau,B0st0n,Massachusetts,3,4,Fitness & Instruction
8xCiibfgqy-8xpCWEaguqg,The Keg Steakhouse + Bar - Place Ville Marie,B0st0n,Massachusetts,4,171,Nightlife
jp6wKEW6AmSJrz9TtYSx4g,The Merseyside,Manhattan,New York,5,8,Bakeries
SyP0K4Kyh_4lKg0XkazE9w,Southlake Regional Health Centre,Queens,New York,2.5,6,Hospitals
2lg5U96JBQWtJLeJOq-kFg,Sea U Marine,The Bronx,New York,4.5,3,Pets
7tf_FNRjBEp9LxK9KHOoPQ,Starbucks,The Bronx,New York,3.5,11,Food
ZhCaWIRubPuMV7Eeaj6Mlw,Shave Baby Hair,Buffalo,New York,5,3,Barbers
5pJXye7SUjzLLiu7U9_WXA,Magia,Revere,Massachusetts,3.5,7,Italian
4rwV51N_tmDaIfu5uf-51A,Madhatter Pub,B0st0n,Massachusetts,3.5,32,Nightlife
I79qPzPBs-YeyRTyU8MApw,Public Library,Manhattan,New York,4,6,Public Services & Government
yZZaCLmVbsKqQAdjaszupA,Imperial Buffet,Newark,New Jersey,2.5,67,Buffets
ljkZuPphAFpuwNF1o9-FGw,Foggy Dew Irish Pub,Manhattan,New York,3,56,Pubs
cnYKpVcZ_mu3wbe6Gh6q5g,Waxing Clinic,Manhattan,New York,4.5,3,Beauty & Spas
7xy8ImAZfRWrdFEUyhDXeA,Nick's Famous Pitas,Buffalo,New York,4,5,Restaurants
YgTc6ku9nwu8L9b0-FCXFA,Pink Lemon Bake Shop,Niagara Falls,New York,3.5,3,Desserts
JtTmdr4vtnfVXadTQHXDrg,Starbucks,Huntington,New York,4.5,3,Food
94jcO0qf3gAdKEQGVU2zHQ,Bad Axe Throwing,Buffalo,New York,4.5,15,Archery
3AVuOoqMr3p_6zpVL0EHyw,401 Dixie Volkswagen,Buffalo,New York,4,4,Car Dealers
eTDtLDO7pZDNjcfBjZC2mg,T & T Supermarket,Buffalo,New York,3.5,33,Grocery
K6Lwlc5EBOyuuK-Fk76log,G & R Barber Shop,Newark,New Jersey,4,4,Hair Salons
h3QErqS3OZgLJ5Tb6-sLyQ,Asia Hut,Lake George,New York,4.5,3,Chinese
BRI1GLty8we4EL81P7POfw,Caractère Chinois,B0st0n,Massachusetts,4,4,Restaurants
YH8Bn-7pLR-SFR8MCgQj1w,Jules Cafe Patisserie,Manhattan,New York,3.5,36,French
nF6rufAThCF9hutkPnJq2A,Pars,Ithaca,New York,5,3,Persian/Iranian
tE4CGiwLVcq7vSATcBzKYA,New Element Training,Manhattan,New York,5,4,Gyms
5Wq85xOGaeLK3V-tBKKASQ,LHL Seafood Restaurant,Manhattan,New York,2.5,26,Seafood
kYZJ94hdzbhZIIXhIZU5Dw,Strada 241,Manhattan,New York,3.5,55,Food
yIz8YF34SCCXbV2tuCCycQ,Teuscher Chocolates of Switzerland,Manhattan,New York,3.5,4,Specialty Food
4FX9F9dWkbwSxDet19GVgQ,Sam's Shawarma & Donair,Manhattan,New York,3,12,Restaurants
CHf_Uk6x6pF740PA6amvXw,Parkway Fine Foods,Rochester,New York,1,8,Grocery
3clk4swpXnpgFbwIjiy6Yw,T-Lex Auto Service,The Bronx,New York,4.5,15,Auto Repair
aObwBM6rLOd9gbj36ghwzA,Yung Sing Pastry Shop,Manhattan,New York,4,9,Restaurants
S8H-VShWsIUqyPoqI5Rvbw,Zupa's Restaurant & Deli,Manhattan,New York,3,21,Restaurants
U9IPxzMp4LbdoiBtTzBWLw,Restaurant Bombay Choupati Enr,Chatham,Massachusetts,4.5,53,Restaurants
v8eeQFnURqfGRR6Xr9IqCw,Burger Scarsdale,Manhattan,New York,1.5,12,Fast Food
fgtBKB7fdZPI5CxOsXhT5w,Buzzfit,Framingham,Massachusetts,3,4,Gyms
GlDG4XyTIhfpFriNzIKwJA,The Preeners,Manhattan,New York,1,4,Dry Cleaning & Laundry
_wbYPgEUdyvroTXn-cPDww,Traditional Fish & Chips,Buffalo,New York,3,13,Fish & Chips
QX8ry6q2K0cQUprakDBVDg,Le Rosemont,B0st0n,Massachusetts,4.5,7,Nightlife
G2ZP40c11X5ZZh1xHaJVMA,Bourbon Street Grill,The Bronx,New York,4.5,3,Fast Food
BbEQh0_n2sCl26KDG_Y9qQ,Riaz Kabab,New Bedford,Massachusetts,4,18,Halal
CjDuyFpkCcinGghw6xrP8g,Neutral,Manhattan,New York,4,8,Nightlife
krzdljmPY8K2sC1IF1R1Ow,Belmonte Raw,Manhattan,New York,3.5,9,Juice Bars & Smoothies
w3gg3OaBTOAZpotv-i80hA,Zaffron Restaurant,Brooklyn,New York,3,54,Persian/Iranian
hVVi6XHWC-7RVZOvK1WpOw,Super Submarine,Manhattan,New York,4,4,Restaurants
uFK3f0oGcenGXzHKkFJRfQ,Teavana,Manhattan,New York,4.5,7,Food
EDfYAWyJKXGSTF2cHY7N-A,Shanghai Kitchen,Syracuse,New York,3.5,3,Food
WLEbbuly3H-_raBE1atQRg,Tako Sushi,Buffalo,New York,3,46,Japanese
5NlWRwyyGA6FYZTU_Rue4w,Nader's Middle Eastern Grill & Bakery,Buffalo,New York,2.5,40,Bakeries
NxY28JeOtOJNtsK78Vefdg,Kruzo Grill,Elmira,New York,4,15,Russian
V5KW6RBqPpzYK-i7xkNpqw,Pizzaville,Buffalo,New York,4,6,Pizza
sznnqsfsbG0wpeGQPVzQxw,CVS Pharmacy,Manhattan,New York,3,27,Beauty & Spas
vUDwEdosgazCZxgZw60J3A,H & M,Manhattan,New York,2.5,15,Shopping
tf4FoM-A_I469qTUbLZs5Q,M Square Coffee Co,Manhattan,New York,4.5,37,Food
RhS_cyPTCRYLRky-Y7yNCA,Lau Sun Mou Tea,Newark,New Jersey,4,3,Coffee & Tea
T41xcxAUHwVCogmfsr1n1w,Lahore Karahi,Chatham,Massachusetts,3.5,4,Pakistani
nJJXgPK89KmQy3BXqRnVzA,Grange Park,Manhattan,New York,3.5,9,Parks
htiB-auOhxa6YTp9bAb6lw,Five Iron Golf,Manhattan,New York,2.5,64,Shopping
p_KC8_d_MQnfJwgzm6Azdw,Billy Bishop New York City Airport,Manhattan,New York,4,155,Airports
RYGWTRVTC4_ZrfsJwpE5VQ,Subway,The Bronx,New York,4.5,7,Restaurants
7etvutmxNwvOJyWJQyETsw,Lowes,Ithaca,New York,2.5,3,Hardware Stores
IKcYQnpwulVlh-98zQKLOQ,Croatia Restaurant,Buffalo,New York,5,4,Canadian (New)
N52YfkFdHjZpdUV_-nkJbw,Cosmos Snack Bar,Boston,Massachusetts,4.5,38,Restaurants
sse9sgcNBnZoBCSSEyzDoQ,Piazza Manna,Manhattan,New York,3,5,Italian
YiqeFwcwUCgeAuC7PUGHJw,Spoon and Fork Thai & Vietnamese Cuisine,Buffalo,New York,4,5,Thai
a6HWL9N_jyDMY1Zd_BzKNw,"Duc N Le, OD",Manhattan,New York,5,3,Health & Medical
1uHrzTZR80yp_NQvG1l2yQ,Popeyes Louisiana Kitchen,Binghamton,New York,5,3,Fast Food
jh6CORhaODRwdWqUYiGHXg,Grill Hut,Manhattan,New York,2,5,Middle Eastern
sOABhOtXKJy0iXjK7Y0jHw,Sweet B's,Rhinebeck,New York,5,7,Bakeries
iGVGbLYW-N81E2NSpiY8dA,Angus Glen Golf Club,The Bronx,New York,4,15,Golf
nH9sGGOaW0ONeIYcmsK3EQ,Szechuan Legend,Manhattan,New York,3,48,Chinese
5Qr0XNS4UPLoA22rY0ph5A,Li's House 1988,The Bronx,New York,3.5,8,Restaurants
o3nRiXtuGhMzxCQCfjeyWg,The Next Program,Manhattan,New York,5,3,Counseling & Mental Health
kBIRtHHvg2v0xZzyl10XMw,WM Pet Services & Boutique,The Bronx,New York,3.5,3,Pet Boarding/Pet Sitting
ilZACarKk5VY1xU02llNYA,West Camera,Manhattan,New York,3.5,12,Hobby Shops
MNKSYVKTAxujGGhbmx5kuA,Arahova Souvlaki,Salem,Massachusetts,2.5,10,Mediterranean
lnZhnZzBiG5rD9brVv5uXA,Menchie's Frozen Yogurt,Manhattan,New York,3,8,Kosher
5XKNQgziq8kpVppdc2hn0w,The Chicken Shop,Binghamton,New York,3,4,Food
Osajpu52xFzvMDQoUtuJBg,Smoke's Poutinerie - New York Zoo,Manhattan,New York,2.5,3,Poutineries
4j2n_oHF4EfWMwrpkYfy9g,Phoenix Beauty Lounge,The Bronx,New York,3.5,3,Beauty & Spas
Tvtwp5NFy-PzM2poMzjL0g,Axess Law,Manhattan,New York,3,3,Real Estate Law
WV1YVoB9bxN_uw6hnScPGw,Fraser-MacDonald Animal Hospital,Manhattan,New York,3.5,12,Pets
jCgc74lRwBDU5X7-z1Br5Q,St James Town Steak & Chops,Manhattan,New York,4,25,Delis
bLkjdMq1NiZS92khpuJQ4M,Ami Repair Service,Manhattan,New York,5,3,#N/A
5-Tg1LvdVPi5BHYr6AM-ew,Five Iron Golf,Brooklin,New York,2.5,9,Burgers
6rZXMx3YQ4Pq60maNPdvwg,Bamburgh Dental Office,Newark,New Jersey,2.5,3,Orthodontists
kJdqE_WVw97Fs_tB8V7roA,Locksmith Care,Manhattan,New York,4.5,7,Home Services
25v4eRjdhs-LcC06TEjF8w,Chuck E. Cheese,Binghamton,New York,3.5,12,Pizza
qxdZWoRVwf4lpI_gjAN2gA,Le Bol d'or / Golden Bowl,Haverhill,Massachusetts,2.5,14,Restaurants
TIJffQgd5QoxPFl1HeqqTQ,Animal Vaccination Service,Newark,New Jersey,3.5,4,Pets
TLyw2oHt4JVoqHQEWMjhlw,Vol de Nuit,B0st0n,Massachusetts,3.5,10,Bars
YwZydXk4Pp8dZfQKtmahGg,6IX MMA,Manhattan,New York,5,4,Active Life
5G6tkZu1h-M08tip2V_6oA,Sugar Marmalade,Manhattan,New York,3,87,Desserts
91Ca9nXEj9rBQSSziyIc3A,Jealousy Beauty,Manhattan,New York,3.5,6,Shopping
S1wSCcOG1ID_l1-Ft7Q-Mg,Roots - Sherway Gardens,Poughkeepsie,New York,3.5,3,Sports Wear
xLUsM-7yFDnXO7m7Xa420Q,Gloucester Bakery,Brooklyn,New York,2.5,16,Food
ECdqqNFICoPpKsa2n2ueZg,Fous Truck,B0st0n,Massachusetts,4,4,Food Trucks
1WRc0v-JJxaok2WMMgA7Eg,Couscoussiere D'ali Baba,B0st0n,Massachusetts,2.5,7,#N/A
1lCPZbyrLzQ1qLFjEVQCVw,Creative Niche,Manhattan,New York,4,6,Employment Agencies
OtOxeQjkgXN1FH9B0K15yA,LA Fitness,Buffalo,New York,2.5,9,Gyms
yFry1BMXHDy_Pq1iw61KOg,Jam Factory,Manhattan,New York,4,4,Venues & Event Spaces
hs90yJsdwBGtSjW2V9RxQA,Basha,Chatham,Massachusetts,4.5,4,Restaurants
bnRo8eb_qhQ4fDIZEFADCw,Chez Hailar,B0st0n,Massachusetts,5,6,Sandwiches
_OgPerm_IgZSi3p4fSjwAQ,Kidsports-Indoor Playground,Buffalo,New York,3,3,Amusement Parks
LAAl7t-Ma93BkRzSPDqvgw,Redfish Bluefish Creative Cafe,Manhattan,New York,4,13,Food
TIu83s4sWMdhbwimzdfzIQ,Lucky Star Restaurant,Manhattan,New York,4,16,Restaurants
69dbxJDP3dVcrDDBjPYiZU,Hoai Huong,Poughkeepsie,New York,3.5,22,#N/A
o37mk94tQ3UyQOOxDXQo8A,Grill Cottage,Manhattan,New York,4.5,7,Falafel
ddwMcFPkd3nrfgNxBTpBSA,Blvd Interiors,Manhattan,New York,5,3,Shopping
OhbeXrZNn2oyrcTxW8fAvA,Explore Center,Niagara Falls,New York,3.5,3,Active Life
cnHEOfNPkTtdoWvU1EjuiQ,Sydney's,Manhattan,New York,4.5,14,Men's Clothing
B4kMSzaBQi_PSzkcc_6GOQ,NYU Recreation and Athletics Centre,Manhattan,New York,3,5,Sports Clubs
V4ChRa_c1DNxJfbeF09MJQ,Nova Era Bakery,Manhattan,New York,3,8,Bakeries
SXAXzOwp0I2wiA1V3iMtbg,Red Mango,Manhattan,New York,3.5,13,Restaurants
exs56JDSWmPWQ3dQOdjHag,Sushi nakazawa,Manhattan,New York,4,39,Japanese
0NlMDqEzvwyRDX4XlqoO3g,BarBurrito,Ithaca,New York,3.5,3,Tex-Mex
HBGQjntoDFI2WQ2VH557pQ,Mr Sub,Buffalo,New York,3.5,3,Sandwiches
Ls92PSVGpDBeO91m5GO-nw,Windows By Installer,Manhattan,New York,2.5,3,Home Services
1bLau_c0fkCKrJYu2zG6Xw,Goa Beauty Hair Salon,Manhattan,New York,3.5,35,Hair Salons
4xETVbh239uFddQ0ZBI0PA,Anise Vietnamese Restaurant,Ithaca,New York,4,3,Restaurants
FNCwfNvmZhIMzuoYwUUdoA,Boho,B0st0n,Massachusetts,4.5,3,Bars
pUlMaKeaPGmQ6IdQC1fhJA,Extreme Nails and Spa,Buffalo,New York,2,3,Nail Salons
ffWkln-XUcOyh_K9SK5oBQ,Annapurna Vegetarian Restaurant,Manhattan,New York,3.5,28,Indian
IOqYT27UorjB7qTyrEsx3A,Dermedica Laser & Spa,Manhattan,New York,1.5,5,Medical Spas
qMKiwfIjiZ_Zb6tKeaiPAA,Fresh Sandwich Shop,Cortland,New York,4,9,Sandwiches
8e5xJ8LtANtww6fcMM_iMg,MYNC Lash Lounge and Brow Bar,Manhattan,New York,4,12,Eyelash Service
tr3iZ_frb_oqw56IfSDr9Q,Pedi N Nails,Buffalo,New York,4,7,Beauty & Spas
l0FAcZb7Pk-FAuEsXbe3dA,Dolphin Gaming,Newark,New Jersey,4,4,Nightlife
3hBU-MTew98Q7gbaiT0TAg,Naruto Sushi & Hibachi,Niagara Falls,New York,3,18,Restaurants
6DOgloCLHJyisHUt2DjMAg,Curry's,Utica,New York,3.5,3,Shopping
5R0kCSZkk_005LvnIONJbw,Crêpe & Co.,Manhattan,New York,3.5,17,Cafes
3qLoM-yEHUyv5stNT8m3JQ,My Pet Boutique,Manhattan,New York,4,5,Pets
o6tXKd-u18X5702u0wP6Dw,Hakim Optical Factory Outlet,Manhattan,New York,2,14,Eyewear & Opticians
WGmMEWmievG-DqD_Ix5KMg,Pisco,Manhattan,New York,3.5,10,Restaurants
ADmJgVJ82zdLzffdaH1gVw,Planet Organic Market,East Buffalo,New York,3.5,12,Organic Stores
zY4P1gScsqbo-dd4WGxxtA,Club Cayo Coco,Manhattan,New York,3.5,12,Tapas Bars
dC_0up0uEGApy0VIjnDvig,Chinese Wok,Buffalo,New York,1,6,Halal
tbe4cqQ5DTYflCMFcsZ2Ew,Kitsuné Espresso Bar,B0st0n,Massachusetts,4,9,Coffee & Tea
zxNzSF2bGHmkFMrVzud3rQ,Aroma Spa and Wellness Centre,Manhattan,New York,3.5,10,Beauty & Spas
WXPT_Qu14JyE90RU_ver9Q,Nails For You,Manhattan,New York,2,4,Nail Salons
b6IjUr2azLh0AsWDjus4zg,The Berkeley Cafe,Manhattan,New York,4,9,Coffee & Tea
yOnTazvxIzirgLkTnl_rEw,Louanne's Famous Fries,Plattsburgh,New York,4.5,6,Sandwiches
7jDdjpW0XJRktZL1WsGKjA,About A Dog Pet Services,Manhattan,New York,4.5,7,Dog Walkers
mRIU9OqKiA93RSrEcMONvA,Junction West Animal Hospital,Manhattan,New York,5,4,Pet Stores
utJFzFJev_InflusBZaKow,Diolo Restaurant-Traiteur,B0st0n,Massachusetts,4.5,4,Restaurants
PhOntMzCT7RHVL_3JjFg_w,Big M Burgers,Lake George,New York,4.5,32,Hot Dogs
dqlcQKDP1-3gzJxLGCiInQ,BoConcept New York,Manhattan,New York,4,5,Home Services
7StdmeBbSxIMdv7H3NnGVQ,Esso,Manhattan,New York,2,4,Automotive
ScT2XD3TvieGPbTjCNplHg,Lili & Oli,B0st0n,Massachusetts,4.5,14,Cafes
9iKcVI8DPw3imjHk6dNVEQ,Dairy Queen Holyoke,Holyoke,Massachusetts,4,6,Restaurants
TROUqSvbVudUkXq5yr27lg,Trader Joe�s,Brooklyn,New York,3,13,Grocery
c0_GFs2aFnrvqp1bytbA8w,Aritzia,Manhattan,New York,2.5,19,Accessories
GLKVAHzymmr3rjDp7vE1WQ,KFC,Manhattan,New York,2.5,13,Barbeque
HxY4jbJkUAtjVVYqxM54-A,Ghadir Meat Market,Newark,New Jersey,4.5,3,Meat Shops
VvWXVhohRkg1dS4-4lm46g,Lost And Found,Manhattan,New York,1.5,24,Venues & Event Spaces
KxHDiCOhHWQu_VOw8DMfJA,The Hole In the Wall,Manhattan,New York,4.5,125,Bars
z720LhMW1_CihaM2LfwvjQ,Bank of America,Manhattan,New York,2.5,3,Banks & Credit Unions
UKPCpXfDt8jDy0RGAzRsqQ,Exposures Photography,Manhattan,New York,4.5,7,Boudoir Photography
cNN3aDfTdCRvuvFwG4rN5h,La Maison Kam Fung,Haverhill,Massachusetts,3.5,59,#N/A
7cMnc_zSPenfSQa9_199CA,Bloomer's,Manhattan,New York,4,89,Restaurants
P6paPwtYXcwn4vbSXViIaQ,Darbar Persian Grill,Manhattan,New York,4,74,Restaurants
apR-OTYP_N4XzJG54NHKTQ,The Loft Hotel,B0st0n,Massachusetts,3.5,20,Event Planning & Services
yQCRlPOYFo_95f1sTyxwHg,Sushi Gen,Manhattan,New York,3,31,Sushi Bars
5kkJswbyY-WPJ4GDK611bw,Miracle Movers,Manhattan,New York,3,6,Self Storage
2tcLEbgc_8FSjGtyUQu_Xw,Longos,Niagara Falls,New York,3.5,10,Food
awCayDbnY60ls0UIWqtU8w,La Belle Province,Framingham,Massachusetts,2.5,3,Restaurants
7CirQTdpQrfkAmKUSzAAo2,Épices de Cru,B0st0n,Massachusetts,5,9,#N/A
WhBAy0x3rvJmMqGSkyDUNw,Saje Natural Wellness,Manhattan,New York,4.5,9,Shopping
1sKUm7jurmshxIrb-ku2Eg,Le Tablier Rouge,B0st0n,Massachusetts,3,12,Restaurants
SJr6Hs_XS4ubUq8NojqXzA,Portrait Dental,Manhattan,New York,4.5,12,Cosmetic Dentists
VgHL2c7HtH8YCt3M1JcbtQ,2nd Floor Events,Manhattan,New York,5,3,Venues & Event Spaces
ewSSu8SRcjWjsiL2GyqhVT,Kia 427 Qew,Poughkeepsie,New York,3,4,#N/A
QhmxJJxzpEOleqU2E598TQ,Hakka Pavilion,Huntington,New York,4,4,Restaurants
UT7__tNbki3uXBsCPyhzSw,Pole,Manhattan,New York,5,4,Dance Studios
BN7KeClLq8DR-crgAImpcQ,Trinity Common,Manhattan,New York,3.5,45,Bars
Fc3d4aD3-tiP983Ac7VcIQ,Aronis & Dimitra's Bistro,Manhattan,New York,3,3,Specialty Food
G-pfJ45GejfgHTfGqi1kog,Canpar,Binghamton,New York,1.5,15,Local Services
P4zWgzYzy03D9LeDTpKuDg,Guru Lukshmi,Buffalo,New York,4.5,13,Indian
t8BmwzTWBRy3c6rMVbF76A,American Opera Company,Manhattan,New York,4,11,Arts & Entertainment
FoRVCri_clZDdhrYVlPmQw,Egglicious,Manhattan,New York,3.5,25,Breakfast & Brunch
YWkooXN0HDBF4W-LkeAuYQ,Harry Rosen,Manhattan,New York,4,7,Men's Clothing
YVP4jlzDhQOtt1QzvDLVGg,Impatient Theatre Co.,Manhattan,New York,4.5,7,Adult Education
ui-48FWXEXE6_o5guOQvcA,Glow,Manhattan,New York,3.5,3,Beauty & Spas
rXMfoViOF8kKuyBSF3Ls9w,Hard Rock Cafe,Niagara Falls,New York,3,68,Nightlife
NgkIOCNwgEuF740lf5q71A,Extreme Fitness,Brooklyn,New York,2.5,11,Gyms
NXNU8rqEwhHURjGmQJOqng,Mr.Lube,Buffalo,New York,3.5,7,Automotive
Jan2rvIAt9Qc5fy7pbERKg,Stress Free Pharmacy,Poughkeepsie,New York,5,3,Pharmacy
ohZEAOsjOYPINsqaqKnzfA,Flaming Stove,Manhattan,New York,4,18,Middle Eastern
qwlsGR-pJb6xMWJBqiNIQw,J-Town By The Sea,The Bronx,New York,3.5,33,Restaurants
gwOYq2vNZrLoU3gtrHusQA,La Chilenita,B0st0n,Massachusetts,3.5,13,Restaurants
yJUedW4gA6iGUdICXJbG9Q,The Dutch Bros. Coffee,Manhattan,New York,3,12,Food
oTQ6tIxa-PFoeydNFbv7Ww,Mr. Lube,Cortland,New York,1.5,3,Oil Change Stations
3mj2PDIylNnuMYIPw8wXQg,The 2016 Yelpie Awards,Manhattan,New York,5,29,Yelp Events
am4hFy_A4FYe4QzDqk--2g,Havana Style,Manhattan,New York,4,20,Event Planning & Services
1gt0jOf1OWBwa3BR-I-QMA,The Russian Stone Mineral Gallery,Brooklyn,New York,5,4,Shopping
ZMTYz2Sjx1D9u2l3bW43PQ,Mazda of New York,Manhattan,New York,3,12,Automotive
OR6iRk0vrMzE-1gLg-WYrw,Grenadier Cafe,Manhattan,New York,2.5,66,Breakfast & Brunch
UxNBapvrLn7t7LMIcIvfDQ,Takumi,B0st0n,Massachusetts,3.5,16,Japanese
DEHTulRwyQxHY_ADmoCfQw,Bar Chez Roger,B0st0n,Massachusetts,4.5,3,Nightlife
hCL3kt8z58sZUBzEeauf1g,Studio De Coiffure 214,B0st0n,Massachusetts,4.5,3,Beauty & Spas
F9qLtFU47zHR1FVuRulhaQ,Cosmopawlitan,Manhattan,New York,4,13,Pets
BVfmwosT7VxBNFZZrQDRAw,The Beer Store,Manhattan,New York,3.5,3,Food
MHi250R-7VQQya2I1cqQ3g,Café Bistro El Mundo,B0st0n,Massachusetts,3.5,18,Food
uHJk9P3u_N8m1wZwbimunw,Tacorrito,Manhattan,New York,2.5,11,Tex-Mex
FPjlyNITZALDdcnfhnZ9Xg,John's Fish & Chips,Poughkeepsie,New York,4,15,Restaurants
YwRGdP_Vu4WDDT6eNNNROw,Chingu,B0st0n,Massachusetts,4.5,13,Music Venues
YfeTH4jtz_gpWz0QRYJFnQ,Sugar Marmalade,The Bronx,New York,3.5,80,Chinese
_YzvyyudPRtIZkWE1Jmt_g,Cafe Supreme,Manhattan,New York,4,3,Breakfast & Brunch
MOVD-29ngGZYiMNQXbUBhA,Kennedy Bingo,Manhattan,New York,3.5,3,Religious Organizations
ltZN_xsBAOu4LSarIxG8Dw,Le Cordon,Boston,Massachusetts,3,3,Bars
1q-0v6rg3X-K6qMj81wt-Q,Curry In A Hurry,Manhattan,New York,3,14,Indian
Ijh1AcbH-F3CyhYT_5qL8Q,Indian Grill,Manhattan,New York,4.5,45,Restaurants
dKON2mm3YfMHgAV3I_TepQ,Yulla Asian Fusion Restaurant,Manhattan,New York,2.5,3,Restaurants
oFvJiMF6i8c9nKQD5g0Ghw,Trio Restaurant,Manhattan,New York,2.5,20,Canadian (New)
LqU6N7VdRc6Z_SQbFCfqlQ,Gerry's Delicatessen,B0st0n,Massachusetts,3,13,Sandwiches
X9ftU-exKhTMOjtr3B52rw,Jim Chai Kee Wonton Noodle,Manhattan,New York,4,55,Soup
5x0mBtY2dL_t1f53QDFwzw,Tosho Knife Arts,Manhattan,New York,4,7,Kitchen & Bath
PYvRVwP-XUY6eQyg9YZ4TA,Mercury Diner,Cortland,New York,4,15,Restaurants
mPG6_wxVogtbBK3HaKc7RA,Botania,Boston,Massachusetts,5,4,Skin Care
LWAhvkjQZgHukgmgXto95A,Oshio Restaurant,The Bronx,New York,3,33,Japanese
5Y9GXBFTEA6ahtxj7kRyXg,Fit Factory Fitness,Manhattan,New York,3,15,Trainers
pVxe7_DwqXVT87EUpLZYIQ,Pho 123,Binghamton,New York,2.5,19,Vietnamese
iFw7PElu00efW3jDOU_b5Q,Bloor Street Fitness,Manhattan,New York,3,13,Fitness & Instruction
OYYqgcbwUgbL_O2jv_zoZA,SKIN MED Laser Clinic,Niagara Falls,New York,1.5,6,Health & Medical
HroRqAmZWXywHNUCRsaQeg,Spring Rolls,Manhattan,New York,3,65,Restaurants
jo4nS-avhKux4IFwFCsrvw,California Thai,Manhattan,New York,2,6,Thai
0oXATsxjB34yO0fyaj5RMQ,Coach House Weddings,Buffalo,New York,5,3,Churches
Pw7nSfi1mem_G7ZiZUALCQ,Hair Culture,Niagara Falls,New York,3.5,4,Hair Salons
VXgMXIFa90rwehlRYQdf5A,Chef's Table,Buffalo,New York,4,5,Cafes
GbcT53eRqN0fwu2U1GSIVA,F+F Pizza,B0st0n,Massachusetts,2,3,Pizza
1GulRRJaDG5SD5DfITqg-w,Albion's Pizza Shawarma,Manhattan,New York,4,30,Restaurants
JTzBQNnp_CUZQbl14B6Lzw,Future Shop,Syracuse,New York,2,3,IT Services & Computer Repair
RUS5xdYjwstuNkKO8honsg,Chuck E. Cheese,The Bronx,New York,3.5,4,Pizza
uK3PKTq9mE5HV4Sb0aZ2JA,Scarsdale West Veterinary Clinic,Manhattan,New York,2.5,6,Veterinarians
9LfThlY69bLntguxARW5Cg,Popeyes Louisiana Kitchen,Manhattan,New York,3,11,Fast Food
wc283PoGTUyDZAPfMFSwlA,Park Inn by Radisson New York Airport West,Buffalo,New York,3,15,Event Planning & Services
7JCrB4ODzJmDaIk7l2L0rQ,Bellagio Ristorante,B0st0n,Massachusetts,4,14,Restaurants
jSqp2CzopYUFPlgq3aoQSg,Love Your Leather,Poughkeepsie,New York,3.5,16,Leather Goods
2vuAlukfUZf3vbHsexEeDw,McDonald's,Manhattan,New York,1,8,Restaurants
UKSBDsa8w_KEmLej7OjF5A,WATCH IT! - 10 Dundas,Manhattan,New York,4.5,7,Fashion
9LlEJRwLgB2phHhBWXp9cg,Dunkin',Buffalo,New York,2,4,Coffee & Tea
2wMidPLP50FZlJvMAwCXjA,Place Versailles,B0st0n,Massachusetts,3,4,Shopping
ZHkZgDYHcXMfs02XRX58xg,Jalouse Hair,Manhattan,New York,3,4,Hair Salons
V65Ffj_EDwOn75WcknbUdg,Amaya Express,Manhattan,New York,2,32,Indian
tjTJ8WDxC7tP8wzO31IxDw,PappaRoti,B0st0n,Massachusetts,4.5,6,Desserts
mPa8X5WVTupKwKp9et2Azg,Brigham & More,Manhattan,New York,5,6,Tobacco Shops
umK6wcryq2IT8Sg86fkPnA,Ichiban Sushi,Manhattan,New York,3.5,19,Restaurants
AJVWgKRwtoF_I69ZE-gkmA,Goodwill,Poughkeepsie,New York,4,5,Fashion
g-7eYzQp3n-ylR98jbk97Q,Nora's Salon & Spa,Manhattan,New York,3.5,3,Beauty & Spas
9vXD2kWaqsfGOPglp6rM6g,Siam Princess,Poughkeepsie,New York,5,4,Restaurants
jpM72bMpR07ExhrZ9omM1A,La Popessa,B0st0n,Massachusetts,3,7,Italian
7HVLYfDEYXAhuC-dro5mcw,Jean Machine,Manhattan,New York,3,12,Shopping
zCSX6Q3HSJ7RxHM5zhmTBw,Boston Plaza,B0st0n,Massachusetts,4.5,39,Canadian (New)
5RgKxelhsAfb4ts8TBdJPQ,St-Viateur Bagel & Café DDO,Pittsfield,Massachusetts,3,6,Bakeries
kOIAYRC7uSZrR9y5-DCiEw,Ben & Florentine,Haverhill,Massachusetts,3,6,Restaurants
NQV6fmdgfunMqYbWrS6xNA,Wok To Go,Buffalo,New York,2.5,5,Chinese
G7sVtpD6aqpuUB4F3LEG_w,Hoche Café,B0st0n,Massachusetts,4,57,Food
yVNaMEBUslR_7GbFhurJEg,Le H4C,B0st0n,Massachusetts,4.5,43,French
BlrvqjGanZvjlNsnIyvAXQ,Regina Pizzeria & Trattoria,Manhattan,New York,4,43,Restaurants
9v9cMGBpUm_IzTuPfXXEOw,Firefly Seafood & Steak House,The Bronx,New York,2,65,Restaurants
Lzn2Jkui2QCuWzMHoL79Jg,On Your Face by Gafas Optical,Manhattan,New York,5,5,Eyewear & Opticians
s8ZNt0y-2UpcZdxDCwIvkg,Goodfoot New York,Manhattan,New York,5,5,Shoe Stores
HLO5SB6DUjrF3xTyIWP2Sg,Sally Beauty Supply,Buffalo,New York,3.5,3,Cosmetics & Beauty Supply
OyK4exJueO3Fwt8lji9OMQ,Skyway Jack's,Buffalo,New York,3.5,51,Breakfast & Brunch
tHYxSLGiCdbu-arlSsnMLg,Churrasqueira Vila Verde Restaurant,Manhattan,New York,4,8,Event Planning & Services
7aeLrn18FMX8pmoXAxuTEg,Andre-Pierre,Manhattan,New York,3,10,Hair Salons
g9g0fLPzznUeAXt-B626oQ,The Lid Lounge,Manhattan,New York,4,10,Beauty & Spas
K9Ycc5lO5CCqH2KMZInZag,Treasure Hunt,Buffalo,New York,3.5,4,Discount Store
tu_bhkTGMkieJeOH3uQVHQ,Nak Won,Brooklyn,New York,3,132,Korean
_G0D8aHqgtU_URReXF0Stg,Starbucks,Manhattan,New York,4,10,Food
uoRdhBoM5guXTjLqDSpxpg,Summer House,Manhattan,New York,4,8,Thai
UNtCpMVjKzBsrLkLsq24gA,Ivan Optical,The Bronx,New York,4,17,Eyewear & Opticians
qlrjWbPQecLK48P9PIthow,Starbucks,Manhattan,New York,3.5,10,Food
dxBeA7XHTlBQKu9ypEJxwg,Orange Julius,Manhattan,New York,4,8,Juice Bars & Smoothies
LE94B7yvaxh0l_wh_yEpjg,Agave Y Aguacate,Manhattan,New York,3.5,36,Mexican
1A8kiwAYorw9mL7gPT3AzV,The Monarch Tavern,Manhattan,New York,4,29,#N/A
IdVoDto0eqtzzH5B4bpvsA,Little House HK cafe,The Bronx,New York,3,22,Restaurants
qDv5GyT2tzlJrbtxqzasQA,Roti Palace of India,Manhattan,New York,3.5,8,Indian
4yUPxmax43jDwgV5JUaHrS,Bac Ky Vietnamese Canteen,Manhattan,New York,3.5,41,#N/A
RzJEqt010ycK5QtnW4t9fA,So Good Restaurant,Niagara Falls,New York,3.5,16,Chinese
gIvUZOlA5VIGEbzt_TVofA,Home Depot,Niagara Falls,New York,2,4,Home Services
cKKOgDEn8H2VHfORkNg7XA,Don Valley Golf Course,Brooklyn,New York,3,4,Golf
NGgHn-Mu2mSOaXS9e2dtvA,Marble Slab Creamery,Manhattan,New York,3,40,Ice Cream & Frozen Yogurt
Lc5F5u663_NnMYzJ7geHrg,Sobeys,The Bronx,New York,3.5,3,Grocery
LVQLyQBh-YrPx5E8OtBcsQ,The Wally Tap & Grill,East Rochester,New York,3,19,American (Traditional)
uVx23DaAXpJHGs4zlMa1LQ,American Blood Services,Manhattan,New York,4,4,Health & Medical
e3H0QcvAMXhcim9rjC6hMA,The Beer Store Express,Manhattan,New York,3.5,3,Beer
ilUCL2Lp7S1cJaGyH0Z0Uw,Robinson Automotive,Buffalo,New York,4.5,7,Automotive
_vDu1__P7G8fy90M8SgdCA,Valley Stream Co. Restaurant,Valley Stream,New York,3,7,American (New)
mkHyJwHvx0_pGqHA-WP8ug,Energy Crew Moving & Transportation,Manhattan,New York,4,13,Local Services
1z_AO2cnw-1Zl2NcquXflQ,Humber River Regional Hospital,Manhattan,New York,2,5,Hospitals
x0-07-TMgvRG6cPfFdDyug,Holiday Inn Express & Suites Danvers - Dorion,Danvers,Massachusetts,4.5,3,Venues & Event Spaces
4kEH8Ba3T9SAnnVP16oUbD,Hurontario Street,Buffalo,New York,2,6,#N/A
jpXk4jjINZjnTdvnzLO6Vg,Starbucks,Huntington,New York,3,7,Internet Cafes
T7ZRFfK7zX3CPzcXK2w7dA,Ecksand,B0st0n,Massachusetts,5,4,Jewelry
E_cMkVDGE4jpL_ixIxJXUw,I Went To Philly,Manhattan,New York,3,23,Hot Dogs
mjZVeJ7GSe_LI0XA0RqGZQ,Oats & Ivy,Manhattan,New York,4,12,Vegan
azZ_FAErOlrCtBzU_EBoVg,Global Pet Foods,Manhattan,New York,5,4,Pets
tI7BShAlAendn_DKRZa4Tg,Hoai Huong,Haverhill,Massachusetts,3.5,8,Gluten-Free
NXpvhD0NRrk4Tx1AOhpZ8A,Wild Wing,Manhattan,New York,2.5,9,Chicken Wings
Rii5mMzYCGH6OMVbf7DFsw,PEAU - Esthétique Médicale,B0st0n,Massachusetts,3.5,3,Health & Medical
9Vwt8MhNn7NrZi1sWa-JkQ,SportZone,Manhattan,New York,2,3,Sporting Goods
KwfxXgRHD2AuAMmLrEfH-A,Anytime Fitness,Buffalo,New York,3,5,Fitness & Instruction
TCGYeWWS6C_gJbi0mXjZew,Exalta,Binghamton,New York,4,6,Restaurants
i4wxyxG1YA0SRLXQ0uQJ5Q,Andalos,B0st0n,Massachusetts,4.5,12,Bakeries
sMRpCuNCn4erNseKrr7STg,Diamond Beach,Manhattan,New York,4.5,3,Sports Clubs
Yh18ij9FW0ZkpWuFJnb8Xg,Vi Pei Bistro,Manhattan,New York,4,20,Canadian (New)
eB67Ak5iop5pqzKhXRzECQ,Livelihood Cafe,Manhattan,New York,5,5,Coffee & Tea
kzOBa1uvGdYunmw6ssF9Dg,Il Fornaro,Brooklyn,New York,3,14,Italian
MYthzr2pBdxH2Jg6oxa9bg,American Eagle Outfitters,Manhattan,New York,3,3,Shoe Stores
2TGbIdKD-smMD7udsLig3Q,Louis Shoe Repair,Manhattan,New York,3.5,5,Shoe Repair
9ORi_9JLQnDfPVExs-463A,Tied Photography & Video,Manhattan,New York,5,3,Video/Film Production
3UdhRjoh_ZiKRJi3bpbpQA,Office Team,Manhattan,New York,2.5,11,Employment Agencies
TjvDMyJOy0eSil3kOGUxPQ,Lola Rosa,B0st0n,Massachusetts,4,115,Vegan
PoaBPxR8bo-xQKS980ThZA,Set Me Free Recycle Bicycle,Manhattan,New York,3,3,Shopping
Y7wIhT6UvCukRYTTS5ErFQ,Le Trou Normand Restaurant,Manhattan,New York,2.5,10,Restaurants
R3JTtmvDI74AZ_dCXM8MVw,Warehouse Wines & Spirits - Queen and Coxwell,Manhattan,New York,4.5,3,Food
ucgzkl7atsBMGu4gGpmHfw,Peter Pan Bistro,Manhattan,New York,4,98,American (New)
3FztYH7zZrZcy8g9IWVtQQ,Salon Le Tube,B0st0n,Massachusetts,3.5,3,Beauty & Spas
uVxoH84VOroNq9tR3d_48A,Com Tam Dao Vien Peach Garden,The Bronx,New York,3,5,Restaurants
v2FV5JACcLszio-_kisfsw,Landlord Property & Rental Management,Manhattan,New York,2,6,Real Estate
9HWdRtNS0q4_UkEvL14IfA,Pho Pasteur,Manhattan,New York,3.5,166,Restaurants
kiWEmWp7ZdjwsIMx7Lzn9A,Peacok Bar,Manhattan,New York,3.5,12,Dance Clubs
pnwNhO2DuFzRPVzWzQSbCQ,Chuck E. Cheese,Cortland,New York,3,9,Pizza
MB242ilqodf30d0xim1S1A,Petite Auberge Les Bons Matins,B0st0n,Massachusetts,4.5,27,Event Planning & Services
SzRcfEpCCOPPxTsw1ljZLQ,Sedaghat Restaurant,Newark,New Jersey,4,6,Persian/Iranian
MsVb9bO8WG3BGeAys4-Waw,Mooon Rice,Buffalo,New York,3,7,Indian
3VK_NJI6mlT4LMrrM0uJiw,Sephora,Manhattan,New York,3,19,Beauty & Spas
4xSralBJINSqnZaarAUYrw,La Prep,Manhattan,New York,3,8,Sandwiches
DqFZlL0g7-IgaIrfGO12Eg,La Dolce Vita,Utica,New York,3.5,18,Food
IRh84mdSYHORS9U7W7G_Mg,Green Choice Moto,Manhattan,New York,2.5,3,Bikes
bbQblTw9q18TYQHuIfxsng,Starbucks,Yonkers,New York,3,13,Coffee & Tea
E7b4A0NbSwkMkg43vv9WMA,Hielo Resto-bar,B0st0n,Massachusetts,3,9,Restaurants
2qb95Q-0pJOq0uBFBSUmvA,Diaper-eez,Manhattan,New York,4,11,Shopping
svijhRN0hWIHfKb421D1Tg,JOEY Sherway,Manhattan,New York,3.5,73,American (Traditional)
dgpPVSFL84ONx477Lln2sw,Merchants of Green Coffee,Manhattan,New York,4,76,Food
_M-XiOzqdUcsY0C1G5GE-w,Dollar Store with More,Newark,New Jersey,4,5,Discount Store
5coRSpthYajgefF9R1cXDQ,E-Z Rent-A-Car,Buffalo,New York,1,63,Hotels & Travel
XiMvHK4Nq0xPa1GOtdKzdA,Bong Lua Vietnamese Restaurant,Newark,New Jersey,3.5,110,Vietnamese
pQnH4mK633sXo6aL4SYcXg,Giggles,Salem,Massachusetts,4,4,Flowers & Gifts
7l8ClMM0mKyvGGR6iVE44w,McDonald's,Newark,New Jersey,3,6,Fast Food
gcfDH5QxVC2xqdXYz94W8Q,889 Yoga,Manhattan,New York,4,45,Pilates
eW2hYDhQwt_r7O1rRnfajw,Pharmacie Jean Coutu,B0st0n,Massachusetts,3.5,3,Pharmacy
HtpNW2ksFbflBHBs7t3AFw,San Francesco Foods,Brooklyn,New York,3.5,23,Italian
FC08EHoZF2t9WIiwsMxweA,Mosheta,Manhattan,New York,2.5,11,Beauty & Spas
i99T5tkhG5NKqONE1OqcEg,Chung Gi Wa Sushi Japanese & Korean Restaurant,Buffalo,New York,4,15,Japanese
lu6IAy3HQaQytbKIAPh2EA,Folco's Ristorante,The Bronx,New York,4,41,Event Planning & Services
3Ugr8BNVuDngxvjwUF3aoy,Wicker Emporium,Oneonta,New York,3,3,#N/A
gQbfilZP7r3R9H-4oIM2Zg,New York Island Bicycle Rental,Manhattan,New York,3.5,7,Active Life
zmbqCb-vMVjDOW1GlKImWw,Club Lambi,B0st0n,Massachusetts,3,6,Music Venues
dwgeEOAcPuR-GhpMBaJmjA,Made In China Hot Pot,The Bronx,New York,3,25,Chinese
9NUzqXvKC-Ah9I_62UD-Bg,Marché des Éclusiers,Boston,Massachusetts,4.5,19,Nightlife
eVvC_0Vgsg2wsdB26uGKTw,Hub Climbing,The Bronx,New York,4.5,44,Yoga
7QDkHNUXnp4ypMiBecvEUg,Workout With Jess,Manhattan,New York,5,8,Trainers
lvN0O3DRaO10KXGWCEZFbw,Dutch Bros. Coffee,Manhattan,New York,4,12,Coffee & Tea
vLWphV8xAVYflOn1gCU9Jw,Paramount Fine Foods,Manhattan,New York,1,18,Barbeque
8H67qELki7DEl8Qa7po5Pg,La Fusion Indienne,B0st0n,Massachusetts,4,6,Indian
s68N5XdOCI7YnLI8hnw9jw,Cavalia Odysseo,Manhattan,New York,4,7,Performing Arts
VrLlN_zRx77i9sECufz5CQ,Pho Vietnam,B0st0n,Massachusetts,3,4,Restaurants
BOhaMeDfrPRFpGRiA11mAA,Woodchester Nissan,Buffalo,New York,2.5,5,Car Dealers
WB3nXcDioVvGax2u5_jXhw,Johny Banana,Manhattan,New York,3,13,Specialty Food
EZ1ofHftF2hGklADKzm6PA,Silk MedSpa,Manhattan,New York,1.5,7,Medical Spas
1Ok2EXqdH-R0sy-_tyOrMg,Enoteca Monza,B0st0n,Massachusetts,3.5,47,Italian
9FSnPeIIKpIxe7EUkd8JnA,Super One Hair Salon,Manhattan,New York,5,3,Hair Salons
OkZgIO-58loPMjcabKqycg,Real American Superstore,Manhattan,New York,3,13,Shopping
QW6YN-F4ikGWzEey8yi-OQ,Door FiftyFive,Buffalo,New York,4,99,Bars
kMotsd5D2NjmgRDNbTNkHg,FlyFar,Buffalo,New York,1.5,7,Airlines
rOyzxtWGekcMBc4aNinZjg,Bistro Grande,Manhattan,New York,3,7,Restaurants
0gMB7yvyLkXkKO0Xgz9KHA,Wood35 Restaurant Bar,B0st0n,Massachusetts,3,5,French
lh_JmbOstJX8hSViCKnb-A,Smoke's Poutinerie,Ithaca,New York,3,36,Fast Food
g8ZBD72IPXe_N24oiyBukA,Ma Douce Moitié,B0st0n,Massachusetts,4,27,Restaurants
gX7BELV3DFJII8g7XXSEdA,Mihalis Place Dining,Manhattan,New York,3,7,Restaurants
dnwIP_axdo_VrScyAOXe3w,Frites Alors,B0st0n,Massachusetts,3.5,3,Comfort Food
7r0pzEEfgfLAfLoSDRgcog,Plaiter Place,Manhattan,New York,4,4,Grocery
KzgjHAp9aaWwZxacZkVmlA,Bank of America,Manhattan,New York,1.5,13,Financial Services
gzNElgPqcf7P6EB9wImqLA,Marika Dekanoidze,Manhattan,New York,3,3,General Dentistry
wROj9KOvOHgKwXlG9PUsIA,McKibbin's Irish Pub,B0st0n,Massachusetts,3.5,85,Irish
qTacF-_Iucc1Nxom_Za_5Q,Bar Begonia,Manhattan,New York,3.5,39,Restaurants
sUTgw9d2-OkYSRmF0wK75A,Union Chicken,Manhattan,New York,3.5,33,Chicken Shop
549qudovfSh00D2uj64D8A,The Dutch Bros. Coffee,Manhattan,New York,4.5,8,Food
xHzmCsYw_TW_erwZoJF6mQ,Beaute Mantra,B0st0n,Massachusetts,4,7,Eyebrow Services
9T4YdMTovMiOJNNKDTh-Wg,Gazette Restaurant,B0st0n,Massachusetts,2.5,10,Specialty Food
47QnThFRhjhlg1M6ZnONLw,Pearl Nails,Lake George,New York,2.5,7,Nail Salons
hSBf_UpaesTHenfCy2YO9A,East Side Mario's,Buffalo,New York,2.5,42,American (Traditional)
1TH2GR3ZaqsaXBi1P7j7XA,A.S.N,B0st0n,Massachusetts,3.5,3,Local Services
zoIxVwmgydzycbXL-13FdQ,Friperie Saint Laurent,B0st0n,Massachusetts,4,7,Shopping
GHxkBytq6H6piwCJyYnu3g,La Tour de Boston,B0st0n,Massachusetts,4,23,Observatories
AnooUWnq68nDpMjXf2n4_g,Celestial Court Chinese Cuisine,The Bronx,New York,3.5,9,Chinese
kB5Ow6V9b23dETFpGAL1Hg,Faith Culture,Manhattan,New York,3,3,Gift Shops
lJrjGAOePuSNvZUNLXkBhA,Gracias Corazon,B0st0n,Massachusetts,4.5,9,Vegetarian
cdA3MPcoVPYLrZzhR0_rmQ,Beach Fish House,Manhattan,New York,4.5,11,Specialty Food
20Nbimv7IFHzF3tjGfcx7A,Family Pet Foods,Lake George,New York,4,4,Pets
jFnKxfATy_Oa1QUBqKRb1A,Amtrak,B0st0n,Massachusetts,3.5,16,Hotels & Travel
217UagoGgTanLS0kfjYmXA,Spin Dessert Café,Manhattan,New York,3,70,Desserts
tV7q-hJ2jFM1oQR39mz3PA,Hairy Tarantula Comics & Games,Manhattan,New York,2.5,12,Books
gdAzvrNVrVClYMONc__SvQ,Yiu's Chinese Cuisine,The Bronx,New York,3,6,Restaurants
CGMy03zdTqkm5Zuqn6MZXQ,Loblaws Supermarkets Limited,Lake George,New York,3.5,7,Florists
Cr9CK2uLYKEEDKbRcJIBTQ,SPCA Boston,B0st0n,Massachusetts,4,15,Animal Shelters
2lAiwr1JFpWJmXR1kT7OtA,Tate + Yoko,B0st0n,Massachusetts,2.5,7,Men's Clothing
nPBZaN5ttrArS6tZwdjN7Q,Cabbagetown Brew,Manhattan,New York,4.5,10,Restaurants
HF7NAsFCX9EsIglza7ty5w,Off the Bones,Lake George,New York,3,7,Barbeque
xTTvF0XjJ42hpg4I3BS9Og,HoopDome,Brooklyn,New York,4,5,Sporting Goods
996axDvF9P8zxB9MJA52Xg,Yuzu Izakaya,Manhattan,New York,4,25,Japanese
7FOiVlIuzme6yOl0uDb47A,Lowe's,Manhattan,New York,2,3,Shopping
eKy-38nIX0vhvMb3QgECyg,Schnitzel Hub,Ithaca,New York,3.5,47,German
A1Ep3RYtCLFeEOg2pAiUCw,Taylor Creek Park,Manhattan,New York,4.5,8,Local Flavor
fuk8V-SmFO0xRyC9eMDarw,China Garden Restaurant,Manhattan,New York,2.5,8,Indian
nbOhzr_K-CcdFEM4UKoeGg,Les Bonnes Soeurs,Methuen,Massachusetts,4.5,3,Breakfast & Brunch
FoxMqvkCna3maT9CP0W8vA,New City Gas,B0st0n,Massachusetts,3.5,35,Nightlife
jM6JjZXFAQQANwdlEwbH3g,Faema Caffe,Manhattan,New York,2.5,33,Italian
vrh_xGoCxMFiEPlNX2-Lfg,Pizza Depot,Buffalo,New York,2.5,5,Restaurants
Lyzr1uckXL0U-iBoMc0yfg,Makimono,Manhattan,New York,3,35,Restaurants
YEdqRph-juUIRyynT_qB_A,Café Grand,B0st0n,Massachusetts,4,5,Coffee & Tea
NrC-6z7iY35MjhMw0R-eug,Smithtown Acura,Smithtown,New York,3.5,3,Automotive
ZOyBejO3lpOTx5CKQuyr_g,LOL Grill & Bar,Manhattan,New York,2,18,Lounges
ZZRfuFBTfnTx_XSB0tkIkw,Dupont Bbq Chicken,Manhattan,New York,3,8,Restaurants
xK_O9mPuaK8R6SyS4jPSiQ,Parkway Honda,Manhattan,New York,4,9,Auto Parts & Supplies
vPua8PBP4NlHNhu3zY-axQ,The Body Shop,Manhattan,New York,3.5,7,Beauty & Spas
jOqh0eVjqtUOpZ9AZgSazA,Grey Gardens,Manhattan,New York,4.5,32,Restaurants
_Oz6jTG9hZf0yGnBBmcUGw,Est West,The Bronx,New York,3,13,Restaurants
DVB-m7zPZ2muSqTvP0W5Zw,Pho Hùng,Cambridge,Massachusetts,3.5,9,Cantonese
HWGWP_8YDzb9s8qTHh9fjw,Alex H Restaurant,B0st0n,Massachusetts,3,4,Restaurants
dS4qx82Rjx9oDpgycaAKRQ,Cats Link,Buffalo,New York,1.5,7,IT Services & Computer Repair
SyDQXZVP2eRxirFmsD-p1A,This End Up,Manhattan,New York,4,50,Bars
vuPnaNbWFl8hOkHPz7cAiQ,Starbucks,New Rochelle,New York,4.5,4,Coffee & Tea
AxmfUydLL7Tbz_mpVqZISw,Edwards & Davies Jewellers,Manhattan,New York,5,3,Jewelry
nzX8XtlcpUDIrk5SxS04aQ,Equinox Fitness,Huntington,New York,3,4,Trainers
vLOvmZzpcQv4e3wruKtl7g,Ted's Collision,Manhattan,New York,3.5,22,Restaurants
NPDSmud-5U5qDUanVKgimA,Burger King - Front & Jarvis,Manhattan,New York,2,16,Restaurants
VHbT6RRMXMgFOOC3p2UtSg,Bistro Etc,B0st0n,Massachusetts,3,4,French
Y3Mwhwj3TmF7ka552_sY_A,General Thai Chinese Cuisine & Vegetarian,Cortland,New York,4.5,11,Chinese
FutyJWlHvqySwPMhxaFldA,In2sports,Ithaca,New York,3,5,Sporting Goods
a0waNq189aVNDMKrUlf3ZQ,Sleep Country,Manhattan,New York,3,4,Mattresses
PR1LvgAgtxYMIBKVSB-McQ,Bombay Mahal,B0st0n,Massachusetts,3.5,59,Restaurants
08sdTX1MNAyeyOJai2EZ3Q,Hong Phat,Ithaca,New York,3.5,3,Vietnamese
A5NEk5nZmyIDkWXAShB-BA,Colombia Mia,Buffalo,New York,4,18,Latin American
tDAcyX-6O7oN3dW4YXAzgg,Rose Ross,B0st0n,Massachusetts,4.5,3,Restaurants
Pt24B_tPolf9AhWoWD--qw,Di Menna,Wellesley,Massachusetts,2.5,7,Restaurants
63Lbl-p0puV_qbLCUX4TIg,Le P'tit Atelier,B0st0n,Massachusetts,4.5,3,Food
UM3tXZP60ybIj3Vh1GKLWQ,Irish Embassy Pub & Grill,B0st0n,Massachusetts,3.5,43,Pubs
ATc1AaPlBuDgjmLe86nUdw,Via Mercanti North,Ithaca,New York,4,7,Restaurants
uuP5z_KPXPrTFNO7STCAYA,Kalbi,B0st0n,Massachusetts,3.5,39,Restaurants
MNsCb6oI_W4F6OCZ90Qbzw,McAdam Place,Buffalo,New York,3.5,8,Restaurants
U3YN0VQSpMo-rweGz6fMqg,Café de' Mercanti,B0st0n,Massachusetts,4.5,25,Coffee & Tea
h_pNipJ6r0zliPIs6MzR6A,L2 Lounge,New Bedford,Massachusetts,2.5,3,Coffee & Tea
iyIuyNFjCGRGetQGKJ0Z2A,Johnny Boy,B0st0n,Massachusetts,4.5,3,Women's Clothing
TFYNP5VfHO23qVGHtHSqJg,L'Oeufrier,B0st0n,Massachusetts,4,22,Breakfast & Brunch
Jhz_aUT4i84Wt8KAZVGXVA,Casa de Mateo,B0st0n,Massachusetts,3,20,Restaurants
o1bF2ZBMw8Vep67NlECmxA,Villa Cafe,The Bronx,New York,4.5,3,Cafes
e_0b5dDByfhjsSMH85qk0Q,Gourmand Vagabond,B0st0n,Massachusetts,4.5,3,Food Trucks
54LaYk_ixmFYXw3u-3s9Lw,Dolcini,Mamaroneck,New York,3,13,Bakeries
splcXDtI5-UUERmGi2wmNA,Mr. Souvlaki,Manhattan,New York,4,3,Greek
WvNQX4XjdeeUmNZme0dueQ,Boxermans,B0st0n,Massachusetts,5,4,Bistros
kTBSo1gR5P2UxhyoKXyy8Q,Restaurant Le Tire-Bouchon Cafe-Bistro,Berkley,Massachusetts,4.5,6,Restaurants
nYkXSmb3BCATYmTFdIPa0A,Oasis Aqualounge,Manhattan,New York,4,12,Beauty & Spas
sXLdPB6WWaAN_ZsEAmCF0w,Gallery Sushi,Manhattan,New York,3.5,59,Restaurants
Q0nQYCqOO_uUpGopQas4bw,Caribbean Authentic Restaurant,Buffalo,New York,4.5,6,Restaurants
eKbN4KVQYgGt3flbYqfXzw,Café dei Campi,B0st0n,Massachusetts,5,10,Restaurants
hs8V9JmtBL7FLXRNAyPXLA,SnackMrkt,Queens,New York,3.5,3,Food
rp0H7k1Fg8Mw_WaAqPAhWA,Active Green & Ross Tire & Auto Centre,Newark,New Jersey,1,7,Auto Repair
wtftZecNakP5WKwi-k0cYg,Kiro Sushi,Manhattan,New York,4,21,Japanese
j_pi7HWSARbfKabuPRsXbw,The Ten Spot - Queen West,Manhattan,New York,4,91,Waxing
lbXedRjHzVYaC7VBCfPlBw,Jermark Plumbing & Mechanical Services,Brooklyn,New York,1,4,Contractors
bkoHwgtwnHtTzcy5mORtCQ,Game Keeper,B0st0n,Massachusetts,3.5,4,Shopping
21762yRZkQ6H0wZVmTiM9g,Koiya Izakaya,Manhattan,New York,3.5,6,Japanese
YGOrl1m87cg7g0xZyQslHg,CVS Pharmacy,Manhattan,New York,2,5,Shopping
Imx6jA3Z4bKsDdQ_eD3bpw,Microsoft Store,Manhattan,New York,3.5,6,Computers
DZXLxLEraVPZelNOsPOmEg,Thompson's Homeopathic Supplies,Manhattan,New York,4.5,3,Shopping
h-HapMH1z_H3FQS1w5Nqgg,Equinox Fitness,Manhattan,New York,2,19,Active Life
kpZ2vPjkHfee4pCLC05tfg,Paganelli's,Manhattan,New York,3.5,57,Desserts
06SetQuOsL1J8b4uLqTz4w,Dick & Jane Romance Boutique,Niagara Falls,New York,3,4,Adult
gpN0iUpDl7BN2IUwzB7oMQ,Sushi nakazawa,Manhattan,New York,4,48,Sushi Bars
lIFPpV0q-mFmDXSItv7iOw,Vip Health Care Clinic,Manhattan,New York,5,3,Health & Medical
m95VdOb99apWMFlP5iBFMA,Slider Revolution,Manhattan,New York,3.5,18,Breakfast & Brunch
kRcBHPnFTrN8h4xZ1QnQxA,Brookfield Place,Manhattan,New York,4.5,3,Shopping
ABRIA5MvOVc0pHEIy1maig,Economy Lube,Buffalo,New York,2.5,12,Oil Change Stations
R3FZENdOY_TTKykKsJIuRA,Educo Salon,Manhattan,New York,4.5,106,Beauty & Spas
9aH2RIxER2_9GlX12l3K-w,Restaurant Amaranto,B0st0n,Massachusetts,4.5,29,Restaurants
ji7tkSly3KcB9PDu6D5x0Q,Supermarché Akhavan,Boston,Massachusetts,4,24,Food
xfVKO-GWN9muwRZDUjUzVQ,Baby Car Seat Installers,The Bronx,New York,5,6,Baby Gear & Furniture
ySdHSrOYKVfbU0-4IHqx7A,Celebration Shoes,Manhattan,New York,5,4,Shoe Stores
sd5SuNirzpYdh7D9UCTImw,Dollar Car Rental,Manhattan,New York,2,3,Car Rental
_rbjvugUv0IPv7HFcdTdIQ,KFC,East Rochester,New York,2,7,Barbeque
vT0O9YgLNfNncSZbKRW_xA,Bar Homestand,Manhattan,New York,3.5,5,Comfort Food
v85W1Qv99YvKpru3oPSp2A,Springbox Kitchen,Manhattan,New York,2,12,Sandwiches
Qd_ia5b8ZrvxY4v_DcMPcQ,Patate & Ciboulette,B0st0n,Massachusetts,4.5,3,Greek
FHm69MlMvFv0rW-esmut-g,Sijan Plaza Restaurant,Buffalo,New York,2.5,3,Restaurants
L0lx5wBqQvksBX7JbL8fhA,Structube,B0st0n,Massachusetts,2,5,Home Decor
NsT3cspPfL2Lai2sTxDCog,New York Kick Boxing & Muay Thai Academy,Manhattan,New York,3.5,3,Kickboxing
xNpD5ObRmK0q87f6QU283A,Tapas 24,B0st0n,Massachusetts,3.5,76,Tapas/Small Plates
AO3v1EYkRUF4DaRzD5CW_g,Hotel Chateau St Marc,B0st0n,Massachusetts,4,7,Hotels
t-oLfL30kpKtyOUb8m09Mg,Restaurant Le Prince Arthur,B0st0n,Massachusetts,3.5,3,French
m2fUk2S8dDWvQaFeVRPXNg,Studio 180,Manhattan,New York,3.5,3,Beauty & Spas
MY-rY-BUoQ9EVQJ5hCXnCA,Le Muscadin,B0st0n,Massachusetts,3.5,3,Italian
TquhfdqqZM4Ja5qe0oYjXQ,Asia Feast Sushi Bar,Ithaca,New York,2,17,Asian Fusion
8NBY8n7o1RQv3CNIAVRPfA,Popeyes Louisiana Kitchen,Huntington,New York,2,3,Cajun/Creole
4NQJBo8IDSd5kNO5i3e61w,Rajin's West Indian Take Out,Newark,New Jersey,3,3,Pakistani
tsG_3_3wNplQmKnZqRK-VQ,Pepper Ring Asian Cuisine,Manhattan,New York,3.5,3,Thai
xLDU3RQ1Ni_wTioEib_VIQ,Chows Wok,Haverhill,Massachusetts,3.5,3,Restaurants
0HIiowOQJgs46UL8Vt3lsQ,Starbucks,Manhattan,New York,4,7,Coffee & Tea
QGel5rC9kIphG8XY8Pfn4Q,Club D'Elite,Niagara Falls,New York,5,6,Hair Salons
cs_3GebpYdsU9BDYUtxkiw,Coal Miner's Daughter,Manhattan,New York,4,5,Fashion
9EsW_emJj-4IW2Y48Jmb-A,Yarl Dosa Corner,Binghamton,New York,4,9,Indian
0EcStBvDedg9fq-Wvz34RQ,Junors,Manhattan,New York,2,4,Shopping
lJ0_Xl6aDdfvnbTvLIy9Yw,Sequel Restaurant & Catering,Manhattan,New York,3,3,Event Planning & Services
P7udRUa4BZtlXWooVJcVIQ,Mumma's Burritos,Binghamton,New York,4,14,Mexican
4eP4sX4NXyDSdGBE8RAoJQ,Primo Veal,Manhattan,New York,4.5,39,Italian
9Jn1BlMAg6fum1HCOBZkFw,The Twelfth Fret,Manhattan,New York,4,21,Specialty Schools
LUYqt2n-XJ3cOfmQewDamg,Johnny Panini,Ithaca,New York,4.5,3,American (Traditional)
D0ByhfYzK_aZykfCTznt7A,Beauty Babe Lounge,Manhattan,New York,5,5,Eyelash Service
3cqB5VOEBP52C9wbC8P-UA,Maialino Enoteca Italiana,Manhattan,New York,3.5,18,Restaurants
5S5KpaAD6G1HWgYw7l5EHw,Soho Dental,Manhattan,New York,5,10,Health & Medical
BCe2xkpFqXUh36V4SruS6w,Centre Norwood,B0st0n,Massachusetts,3,4,Event Planning & Services
EKnU3om0PXGdkWfGnTM9Zw,Rosebud,Manhattan,New York,3,7,Canadian (New)
FIvMNiC48J13A17FMHI7oA,Airfleet Airport Limo Service,Manhattan,New York,1.5,4,Limos
uMxESYGsmwzT2HUpCMKtag,Uline Shipping Supplies,Binghamton,New York,4.5,3,Shipping Centers
oHwHEnks9WNP6innmm9-Qw,Delineation Hair & Skin Essentials,Manhattan,New York,4,4,Shopping
pwhGl5xuPlR1FWnm6YMJlw,Mr Mike's Pizza,Manhattan,New York,4.5,22,Poutineries
hLchaSQLMqxwZQPUf3DcGA,DAVIDsTEA,Manhattan,New York,3.5,10,Food
Q4otZry4im9qJXggaY8XAQ,East Side Mario's,Lake George,New York,2.5,17,Italian
fMhTgEHAssaJmwhA-E3RLw,Vera Wang,Manhattan,New York,2.5,14,Shopping
AskVA_OPP0cNXrpyfuawBw,Star Lobster Seafood Market,Manhattan,New York,4,7,Specialty Food
w4SY_FlZnIfAb8UjDABPsQ,Cineplex Odeon Yonge & Dundas Cinemas,Manhattan,New York,3.5,138,Cinema
4EfD15N0NJ2eDWa9bmVCtw,Aubergine Kitchen and Bar,Queens,New York,4,4,Turkish
hDcrFnpo8C58msL8C64dgA,VP Spa & Nails,Utica,New York,3.5,3,Beauty & Spas
_yKF0jaSebmpmTGAadg-Ug,"Massive Auto Collision, Inc",Manhattan,New York,5,3,Auto Repair
NxpaDfYm8OB14Zw9QDFejA,Tapas At Embrujo,Manhattan,New York,3.5,57,Tapas/Small Plates
n-zs5Cxn8MeSVPtodzvqIg,Salmon Lovers,Manhattan,New York,4.5,22,Restaurants
a9y5V1o5Dbewb-y0sDnkmA,Jane & Major Mac Esso,Ithaca,New York,3.5,3,Automotive
nRZjrWIzqKc26KjpBG0fHg,Cafe Princess,Manhattan,New York,3.5,138,Coffee & Tea
3lbsd4fUqAG3knPeCi4p2w,Maddie's Place,Wellesley,Massachusetts,3.5,5,Seafood
Hr2xtns9jV0jsDOPQcy6Lw,Dutch Bros. Coffee,Manhattan,New York,2.5,6,Coffee & Tea
UQAxHRgbBoMwjoa4Of2-9g,Dollarama,Manhattan,New York,3.5,28,Shopping
_o1uZC9T5F9k75oLifWPag,Pelo Hair & Spa,Manhattan,New York,4,4,Skin Care
WRf_U1apFiUujipcGDkOhA,Tap Phong Trading Company,Manhattan,New York,4,38,Shopping
r82ZB05BifMyELjCmJXedw,G-Nails,Niagara Falls,New York,3.5,3,Beauty & Spas
ciDaLZY95c3XHYjB-YA04A,Best Western Voyageur Place Hotel,Queens,New York,4.5,3,Pizza
HDn1_QQQlr5N0B4t-7rcUg,Pagliacci,B0st0n,Massachusetts,4.5,7,Food
CF2HAEZwaqpMqqHtC5c9tw,Chi-Ko-Roo,Manhattan,New York,3.5,11,Restaurants
pfn4CSTtpjSkN-OeyAafJQ,Laterna Dining Room,Brooklyn,New York,3,29,Restaurants
zgVg-81yGQfwiOXtHhYhNg,Hôtel de Ville de Boston,B0st0n,Massachusetts,4,3,Landmarks & Historical Buildings
Cfj526DoysI9UvojIrRsUw,Asian Kitchen,Manhattan,New York,2.5,3,Chinese
2ByeG6MPXp1OfhJt-f6-iw,Restaurant La Perle Vietnamienne,Malden,Massachusetts,3.5,6,Restaurants
cby5X-b8te9z9P4eklutRA,Spice Lounge & Tapas,Buffalo,New York,4,52,Tapas/Small Plates
B9pY6CA5sF5gnN1KPaYyBg,Life is Sweet,Manhattan,New York,4,24,Desserts
R9bFr7dADF2fosWJjgbyWQ,Nawzar Meat Market,Manhattan,New York,4.5,13,Restaurants
w7oavNpCB9O0b3sE9fgK1Q,The Elgin & Winter Garden Theatre Centre,Manhattan,New York,4.5,25,Arts & Entertainment
hrk8cTITGnWbK7NIQL6Aew,Royal Alexandra Theatre,Manhattan,New York,3.5,23,Arts & Entertainment
W1fPf248xyubhrBqfJ3PrQ,Hotel Novotel New York Ithaca,Ithaca,New York,4.5,11,Hotels
jEzUThmpGtZAHogYiT58gQ,Wells Fargo,Manhattan,New York,2.5,41,Performing Arts
ChpHdt_mTz1FcS9iU68t2A,Jean-Brillant Côte-des-Neiges Farmers Market,Boston,Massachusetts,4.5,10,Farmers Market
vGCS3E_N-sos3y7cioRPNw,Dbk Salon & Spa,Brooklyn,New York,4.5,3,Beauty & Spas
XWmKkm9pjvGcONXjtQnLaw,Starbucks,Manhattan,New York,3.5,5,Food
BgJsTx5i5iW8Fw5OFv9lnQ,Tasty Thursdays,Manhattan,New York,3,3,Street Vendors
7esFF4cro9SasTxXv1FDAw,Starbucks',Manhattan,New York,3,4,Food
vwVoksbTKehDP8ZGUQaVfQ,Sweet Mahal,Manhattan,New York,3.5,17,Indian
tOJjTFxKPl69_x-qzegqZA,Le Deli de Fairview,Pittsfield,Massachusetts,3,6,Delis
7LNuQqjcjAn0bBlGHIiQzQ,Agra Fine Indian Cuisine,Brooklyn,New York,3,55,Pakistani
H04E6SW-RpCxCJcQjjKEdA,Plus One Solutions,The Bronx,New York,2.5,5,Shopping
kGal388xLnmCwI4mw2TG8Q,J-C Foodland,Manhattan,New York,3,5,Grocery
S_srbyDzijK78-03u5XAZA,Starbucks,Manhattan,New York,2,7,Coffee & Tea
gANq4UePoyWdAdfPBUMELw,Pita Pit,Newark,New Jersey,3.5,11,Restaurants
OuhZ8i51_ESP3Jm48js9Lg,Artisans At Work,Manhattan,New York,4.5,3,Gift Shops
F2Ic0wqZkWz2cSwSWkJ5mA,Paoletti's Pizzeria,Ithaca,New York,4,41,Pizza
hvAA5ebsM6EPl43OBpoVVw,Buk Chang Dong Soon Tofu,Niagara Falls,New York,4,53,Restaurants
6QCjUr7SmNCSDD7jKJPFYg,Sheena's Kitchen,Cooperstown,New York,3,6,Restaurants
IuK9I6ACLrSq2ErZKXy8iQ,Sweat & Soda,Manhattan,New York,5,8,Food
tDoibcAYdbXp6tqVKGR1PA,Equinox Fitness,Buffalo,New York,2.5,6,Sports Clubs
nMrGa2xxHc6qsqneQJ2hEC,Bureau en Gros,Salem,Massachusetts,2,5,#N/A
hRfKircaxCRGGPPhoatkjA,La Stella Patisserie,Brooklyn,New York,3.5,5,#N/A
BWnVdK1W8i9kYU75u0DMHA,Royal Sushi,The Bronx,New York,4,14,Japanese
EsUtyYz5_3wYAhPROK3GCw,Flock,Manhattan,New York,4,16,Salad
lXlnZw7aWAyp1FwC1-goSA,La Concession- Boutique + Comptoir Alimentaire,B0st0n,Massachusetts,3.5,16,Food
tFUVSelICGB7DuV1Jpf7NA,Pizza Waltham Express,Waltham,Massachusetts,2.5,6,Restaurants
r76Jr-MchYOobglY6TguzQ,Taco Tijuana,B0st0n,Massachusetts,4,37,Restaurants
ojCSosodsEd-q4QDLxd5bw,I-Spa Relaxation & Wellness,The Bronx,New York,3,4,Beauty & Spas
Vb4aceiQjd1SVmEBFvrIXA,Marcy Fine Foods,Brooklyn,New York,3.5,6,Restaurants
WM7FYVwC7JYMgar_3SIAvg,VapeLion,B0st0n,Massachusetts,5,4,Tobacco Shops
LNmNm55bPFwFV7UsyclXRQ,KFC,Binghamton,New York,2.5,3,Chicken Wings
Vy-3AXhzUwuOSzze70mPgg,Orchid Florist,Elmira,New York,5,7,Shopping
zQwAPLeF1hSXLIHjyALmjg,Restaurant Makkah,B0st0n,Massachusetts,5,6,Restaurants
_bSp9bhhDR2iaGCX73XQKg,Café Passion St-Lambert,Taunton,Massachusetts,4,10,Restaurants
BCip7UpfEMhCG8FDd-i-4w,High Park Outdoor Amphitheatre,Manhattan,New York,4,8,Arts & Entertainment
tOl5TmyPIedIfjxN6jASTQ,The Good Neighbour,Manhattan,New York,4.5,8,Coffee & Tea
R7VdcG-kmaAO55z0Tufw1g,The Bronx Pain Clinic,Valley Stream,New York,2.5,3,Health & Medical
JvBgXc-64WXGy1Ud5otrww,O P Performance Centre,East Rochester,New York,5,6,Car Stereo Installation
NJyTPOukXuLK8vabKw7nvA,Hot Spicy Spicy,Brooklyn,New York,3,26,Food
qZfsxM4Wndt9N4OHT3I47A,Ardene,Manhattan,New York,3,3,Fashion
7m9CUEJNDcDMuuBXy_bghw,Chinatown Optical,Manhattan,New York,5,7,Shopping
XNxEzwoH1eCFh517YnCxaA,Salon Daniel Spa,Manhattan,New York,2,5,Beauty & Spas
9uGTVWSioqn6sDPd87uVWg,Beryl's Pepperpot,Huntington,New York,3.5,20,Caribbean
79e4GUc_y2A5Cn3z1lNERw,Dumpling Scarsdale,Manhattan,New York,3,25,Chinese
pBlFzXKwVgePyOlhBdeBZg,Boyd Conservation Area,Ithaca,New York,4.5,4,Active Life
q8MUVVuQpfR6v0HBHmAFxw,The Combine Eatery,Manhattan,New York,3.5,80,Canadian (New)
MZTs19wigEb2nvBcyR-WuA,Nostimo Greek Souvlaki,Rhinebeck,New York,4,4,Greek
uATd3sAvreK_x7VuOSWiqQ,Big Moe's Pape,Manhattan,New York,3,4,Burgers
i5v1yXxWTdn550cFArtgyQ,Lion On The Beach,Manhattan,New York,2.5,34,Pubs
5cynnwe6sXMDAWeAtyavXN,Le Chien Rose,B0st0n,Massachusetts,3.5,10,#N/A
UNnYvWgV7D32mHWQfBg2mQ,George's Deli & BBQ,Manhattan,New York,3.5,26,Delis
fXScQNUXwoUS2TgRFr8NjA,Shishalicious Cafe,Buffalo,New York,4,19,Restaurants
G5VuWVbyVgFydZ_XaT6Oqw,Carbon Café,Manhattan,New York,4,4,Coffee & Tea
aldKu_hTFdJJhYwv6Fy3tQ,George's Tastee,Niagara Falls,New York,3.5,14,Caribbean
gWUIFWzzXSZHab1r7pbP2g,MAC Cosmetics,Manhattan,New York,4,13,Cosmetics & Beauty Supply
rFuoE3M2z_9TkPCQRtKBsQ,Boucherie Lawrence,B0st0n,Massachusetts,4.5,25,Restaurants
9QloWG1ruFCwBc-rXR7j7A,Columbus Bakery,Manhattan,New York,4,3,Food
R4cMkGsASsSINr4f0o3dig,Cluny,B0st0n,Massachusetts,4.5,3,Restaurants
C7ETu5gYoE9mghoebkhvBA,Parlour Anjuman Beauty,Buffalo,New York,2,4,Hair Salons
4TmoHYdiBGJQ6x49bf-ZuA,Take Sushi,Manhattan,New York,4,34,Restaurants
L5MqRuYQJ-GfMviM7f7fyQ,Provigo,Malden,Massachusetts,5,3,Grocery
A7waf6G3cvnLfAqKeLL8DA,Buca,Manhattan,New York,4,337,Restaurants
ddmNMxRutYVmau5aCTOSow,Martins BBQ,Binghamton,New York,3.5,10,Event Planning & Services
WckCtqnKLHnEV9Z5zVYXdw,St Lawrence Residences,Manhattan,New York,1.5,3,Hotels
7wdUnsT7bX08wFwT86yUOQ,Orange Spa Plus Ltee,B0st0n,Massachusetts,3.5,5,Beauty & Spas
ytzSk3ahW2JVRzJ0DiyUzA,Gazebo Burgers & Grill,Utica,New York,4,13,Burgers
XPADqnjqVkWZ9lyU5jY3og,Starbucks,Ithaca,New York,3,3,Coffee & Tea
cF72QUrUxeBWN5KGQxG_zA,Le Bleury Bar à Vinyle,B0st0n,Massachusetts,4,11,Lounges
Vmm_RKD3Mq_wezuCxkAt6A,Chartwell Shopping Centre,Manhattan,New York,3.5,5,Shopping
IfmSqAJ6_IeE1ffQ2AcxsQ,Best Kabab and Karahi,Manhattan,New York,3.5,6,Indian
ZfBfjGEZZnnGx4R6tSC0GQ,Morneau Shepell,Brooklyn,New York,2,5,Professional Services
sI0fmR16PR1umeh74GZa3g,Utopia,B0st0n,Massachusetts,4.5,4,Tobacco Shops
VFr0wUWq-qwe6nIRjdRYvg,Stone Cafe,Niagara Falls,New York,3.5,9,Chinese
ISzpUnmcKJdOH1q2jPmLYg,Touhenboku Ramen,Niagara Falls,New York,3,78,Restaurants
8EJ1ZYDcmRKC3C-l4YGDKw,Tagpuan New York,Brooklyn,New York,3,12,Filipino
csn2S8XIZUCnNYfLRSIO0A,Tangerine Asian Cuisine,Niagara Falls,New York,3.5,27,Restaurants
dG1L0KtTbINlVuWAh_-IIQ,Reflections Vintage & Antiques,Manhattan,New York,4,9,Thrift Stores
CMNt_p4OsgksDuBk6FmStg,Papabubble,Manhattan,New York,4.5,3,Shopping
cUhIkGT4RCc-X8ZapWv0qg,Yoga Tree,Manhattan,New York,3.5,21,Trainers
cREumgxq2gBEi0YJ5FVb9w,Soho Spa,Manhattan,New York,2.5,6,Day Spas
cDaxoMopGwguj9wlJMStOg,Tea +,Manhattan,New York,4,6,Gift Shops
PwmaDYHxxTVvT_4KdBQc5Q,Grill Bistro (Le),B0st0n,Massachusetts,1.5,10,Canadian (New)
VV9LDkAI18BGHMOGBxA_Sg,Cafe Daylight Factory,B0st0n,Massachusetts,4,6,Restaurants
fgDp7gfEcWlTeci8E_Ihlg,All Thai Up,Queens,New York,2.5,3,Restaurants
hXlkeHIfUsXbNgOvfXF8jQ,Deli 500,B0st0n,Massachusetts,3,5,Sandwiches
Pprj3lMHpSm_Q1Lw_j4xdQ,Woody's Burger Bar and Grill,Poughkeepsie,New York,4,150,Restaurants
PdlE3MuaJBh79_BK-7gXQg,Monster Plowing Company,Manhattan,New York,3.5,3,Local Services
PQdUsnu-m_CvYz9XR_ohOA,Syracuse Public Library,Syracuse,New York,4,6,Libraries
_cjPEH9wXhKS-HQe_U3M4Q,Le Sélect Bistro,Manhattan,New York,4,325,French
dj2KhjtZBC3Y1IrAsDXYng,Le Gourmand,Pittsfield,Massachusetts,4.5,14,Chinese
5bfS1mtdFBCUzpAd7Cp8m1,Ultimate Laser Tag,Buffalo,New York,3.5,3,#N/A
cTRn8E24HswgJCmFS2IFxA,Healthy Island Food Store,Manhattan,New York,4,3,Grocery
dr57Gr2FeEGL7xSutbGSaQ,Measurement Park,Manhattan,New York,3,3,Active Life
-0M3o2uWBnQZwd3hmfEwuw,Ana's Nail Boutique & Spa,Manhattan,New York,4,4,Hair Removal
ZP5N3k-NidiKb6S7niFdBw,Tokyo Sushi,Manhattan,New York,4,11,Restaurants
DR5C7EQFLp8PZwr7TV80ng,St Andrews Fish & Chips,Newark,New Jersey,3.5,21,Restaurants
Uxgu1WAAgnDg7GzK3emzeg,El-Tipico Ecuatoriano,Brooklyn,New York,3,7,Restaurants
O3y7sD3GAY-OlVvvBxFTOw,City Vape & Smoke,Buffalo,New York,5,4,Food
F8jf-xPsdTEENyrzLIcqnA,La Demande Générale,B0st0n,Massachusetts,5,17,Food
ZSTJxCuUvS4Xha_dcGnSLQ,CVS Pharmacy,Manhattan,New York,3.5,3,Drugstores
0sEo0DF8e697BDEkqFtBag,Highpoint Restaurant & Cafe,New Rochelle,New York,4.5,12,Hungarian
2seC9dQj4ptd2EcNMvgs6d,Piazza Del Sogno,B0st0n,Massachusetts,4,20,#N/A
USwPHb8aePMuFtD2uDAnpA,Modern Sensibility,Manhattan,New York,2.5,7,Wholesale Stores
F8pxFcbt-uXwfliz3JLAeg,Pollo Grill + Bar,New Bedford,Massachusetts,3,9,Restaurants
jZiCSq7znfzf-0Nu9FEJGg,Rum Diaries,Huntington,New York,3,15,Sports Bars
OTNy5YN4uDCJlXTJMlEHJw,Chahat Vidéo & Variété,B0st0n,Massachusetts,4.5,3,Street Vendors
YYdyB3UOlmIjiX2Zq_u_gw,The Bull - Pub & Grill,Buffalo,New York,4,7,Bars
b_7KVLqMCjskIVEO_v5nZw,Anthi,East Rochester,New York,4,7,Flowers & Gifts
q0hAKzn_LmyUiScCuWS4Hg,Korean Grill House,Manhattan,New York,3,93,Korean
M7SlrFyfRrq2rf7y5T8sAA,Punjabi By Nature,Binghamton,New York,2.5,8,Restaurants
Gn3FZAV84-L23NxBH8Tfpg,Fionn Maccools,Binghamton,New York,4,4,American (Traditional)
jOwtBfEGtYctb_JRGp5WeA,All Good Dog Food,Manhattan,New York,5,3,Pets
07HVbRIgeeaSwNO9l-A2YQ,Patisserie Bel-Air,B0st0n,Massachusetts,4.5,3,Bakeries
9nH2V7_6xxxyY1wzXZ0W_Q,The Treadmill Factory,The Bronx,New York,1.5,3,Shopping
v86J4q6ATA2ANm1fc7yCNg,Sangria Lounge,Manhattan,New York,3.5,23,Nightlife
hV-zGKGReMAi8GucYa4NHg,Domino's Pizza,Niagara Falls,New York,3.5,5,Caterers
AD99Ik0HpQq3F_21OIjOIw,Pierre et Pierre,B0st0n,Massachusetts,3,4,Modern European
zVq_GgSj60P51GbIjA_fjw,Library,Manhattan,New York,2.5,3,Public Services & Government
tWcwNAQoMsbDeZ-fmz1GnQ,Beauty Supply Outlet,Oneonta,New York,2.5,3,Cosmetics & Beauty Supply
wYZoSBvIbJWvDl-ruZwJ7Q,Harbourfront Centre,Manhattan,New York,4,52,Venues & Event Spaces
R77kXkoxdobDwnxhOpwIng,Akimi Japanese Cuisine,Niagara Falls,New York,2.5,20,Sushi Bars
AyUO53ftWgCU0gcrYMb3cQ,Sweet Olenka's,Poughkeepsie,New York,4.5,68,Desserts
doFDnxU3ohyVemq2N3t2lQ,L'Ancien Chablis,Taunton,Massachusetts,5,4,Comfort Food
X-U51yD8W1dQgyClxgjLEg,Sweetgrass Spa,Manhattan,New York,4,28,Shopping
_wvUsnWiRZNS1uBD2Rmn_A,Baby On the Hip,Manhattan,New York,2.5,15,Fashion
kehXAzA57IiYvlsTv_N4Tg,The Birchmount Tavern,Newark,New Jersey,2.5,3,Music Venues
SVoADnLbbFuLRYzrOx-Apw,Proberry,Buffalo,New York,4.5,5,Ice Cream & Frozen Yogurt
WLmKPfI_MKRw0xQ-9sy9Gg,Allan's Pastry Shop,Brooklyn,New York,4.5,30,Bakeries
XXGzCIcxzAZ6H98mxZbdqA,T&T Supermarket,Manhattan,New York,3.5,87,Specialty Food
Z8O-Svr6gE_Ie1HVy1I8DQ,Mucho Burrito,Manhattan,New York,3.5,12,Fast Food
BM3mCDw1EPI5DnUFy15Cqg,Chez Bong,B0st0n,Massachusetts,3.5,39,Restaurants
MhKxvS4skMg_-SLRCy4n0Q,Wunderland Gallery and Espresso Bar,Manhattan,New York,3.5,12,Restaurants
ekKpGc82H07jHm4P4mpe6A,Scarsdaledom Gentleman's Club,B0st0n,Massachusetts,2,5,Nightlife
kZneT2DjppJiXnuecmh12g,Imagine Cinemas,Niagara Falls,New York,3,16,Cinema
HwgCbqHWaM4uWGp_A1G1nQ,Lime Asian Kitchen,Manhattan,New York,4,32,Chinese
iddR-Z7pwpp90Cu8SFJ3QA,The Perfect Kitchen,Buffalo,New York,3.5,58,Restaurants
f4M0Pbv3HNKFeoLiP6crMA,Motel 6,Syracuse,New York,1.5,3,Hotels
9JuVgiTUwrfweitp_flZbg,The Sausage Scarsdale,Manhattan,New York,4,15,Food
__fyRzU8kL6HkVV3wgxfmQ,Mademoiselle Urban Restobar,B0st0n,Massachusetts,3.5,3,Bars
nuIxuoIY_2AsgLo-xm0hkg,Tavora,Buffalo,New York,3.5,5,Food
ItMEVEXfUD39SoPfdzzKDg,Affy's Premium Grill,Buffalo,New York,3,37,Steakhouses
joCwkZdnpj3R2It1nDqxdw,Double Pizza,B0st0n,Massachusetts,4,5,Pizza
A4MdFCkxy2Es8aGG5ANT3w,The Beer Guy,Manhattan,New York,3.5,3,Food Delivery Services
y_er27vVjXHtgegJSrbawg,Home Depot,Lake George,New York,2,5,Home & Garden
9OaeSZ-JqYSnOTWP3GD2rg,La Famille,B0st0n,Massachusetts,4.5,18,Coffee & Tea
jpOsut519yWobIOANjk66A,Serrurier 514 Locksmith,B0st0n,Massachusetts,3.5,3,Home Services
T-1A_7-XHCv8XDXaMIlefA,Pho Mi 99,Ithaca,New York,3.5,57,Vietnamese
Gm6eDyKt7iX4lixI-jOnYQ,Gallo Churrasqueira,Ithaca,New York,3.5,13,Restaurants
lsfPvV4iZop_rA3PUZeZJA,Caribou Gourmand,B0st0n,Massachusetts,3.5,12,Steakhouses
sSWy-yEYPCHLss0LvmAhhA,Eggs Crepes Restaurant,Huntington,New York,3.5,6,Breakfast & Brunch
eW6_05mOgBaqX4OD2oWC_g,Merryberry,Manhattan,New York,4.5,51,Restaurants
V1VOx5iu3S_QwENYwiBDDg,Hotel Espresso,B0st0n,Massachusetts,2.5,48,Hotels
Kfy_fJHXWePhTAJOQM_oaw,Studio Flow Space - Yoga Verdun,Cambridge,Massachusetts,4,4,Active Life
LkOas5m0OqeSzK8ExEqoHg,Ralph's Hardware,Manhattan,New York,3.5,4,Home & Garden
ra65zNEvp9skoxr9wSydTw,KFC,Manhattan,New York,3,5,American (Traditional)
VozHPBbxlJJfyKxKOtcCow,Sirop,Boston,Massachusetts,2.5,3,Restaurants
Hlr62QVRX1h9Euk73gBdnA,Restaurant La Belle Province,B0st0n,Massachusetts,3,9,Fast Food
kmMx1em0IDc6zb7hqJctvw,Brazil Bakery & Pastry Ltd,Buffalo,New York,3,13,Bakeries
8IqwuXBUd-qJA3ruLOAN5A,Starbucks,Manhattan,New York,1.5,3,Coffee & Tea
z2n5NPgKsb_fMnWq8bMLRw,Bakery Nakamura,The Bronx,New York,4,51,Food
Qtn2pEjhGlYjUkJFHz6b6w,Bayview Golf & Country Club,Elmira,New York,4,6,Event Planning & Services
IMXukXEZGW2hoWEoRslO0g,Osmow's,Buffalo,New York,1.5,7,Mediterranean
KZoFzDi6YXUG8kH_LpOw3w,JJ Bean,Manhattan,New York,5,8,Cafes
I_miJsfTzehhWxNL2qR76w,Hopkins,B0st0n,Massachusetts,4.5,4,Restaurants
S_5s_J6Mrii2cAi4ylK30w,Yunnan Cross Bridge Rice Noodle,Newark,New Jersey,3.5,10,Noodles
AJGVSZOXw0yC3sn-LTRP7A,Equinox Fitness,Lake George,New York,4,3,Fitness & Instruction
8QQuup7LTjYgXbP3pA446Q,Shanghai 360,New Bedford,Massachusetts,4,6,Restaurants
BY9JxpTr9XAHJcgOMccz1A,Bloor-Jane,Manhattan,New York,3.5,42,Diners
wSF_GwDtsEnrV2pVYi31Rg,Kenmark Snow Sports,Niagara Falls,New York,3.5,4,Outdoor Gear
ihk6lWFPuVi___DSucNelQ,Ka Hing Kitchen,The Bronx,New York,3,6,Restaurants
cntlwl0a0Etih0bsLjWUzg,Luminato,Manhattan,New York,4.5,3,Arts & Entertainment
dndeG_UVJHF1yAdLlZxPzA,Panda Chef Wok & Sushi,Manhattan,New York,3,4,Chinese
S4gGdJgYRy7R_hL0UbEevA,Smiley's Restaurant & Deli,Manhattan,New York,2.5,6,Delis
NsKmhcG6arDhTqDVKXIv6g,Loblaws - Yonge Street,Brooklyn,New York,3.5,21,Food
e8eyfgofLe2pUh6wdJnAXg,The Blue Shoe Box,Manhattan,New York,4,4,Shoe Stores
FlVOC0CfQzf_Fd5TlhHfGw,Chutneys Fine Indian Cuisine,Poughkeepsie,New York,3.5,31,Restaurants
bKh66jlEqEKZZFkjWipt8w,Stoney's Bread Company,Poughkeepsie,New York,3.5,108,Sandwiches
3XDj7eLxpvvIhneUi5iT0Q,Shell,Ithaca,New York,4.5,3,Automotive
7Zr3wFW3D9OR9coeMcBxTw,Bonnie Gordon College of Confectionary Arts,Manhattan,New York,2.5,3,Colleges & Universities
jqvVB8AezYhCuVinJf5fWA,Lux Nail Bar,Manhattan,New York,4,65,Nail Salons
xD7cl0fmr_nPbuCOro_vYA,Remo's Place,Poughkeepsie,New York,4.5,7,Restaurants
cBwoRkjydW1uiMibtT51ug,Club La Cité,Boston,Massachusetts,2,9,Swimming Pools
12yGJ-rF6MUtGuz8Whny5g,unYozi Beauty,Manhattan,New York,4,4,Tattoo
XKuj1CJMKkBlGUz7WY91Yg,Wendy's,Poughkeepsie,New York,4.5,7,Restaurants
PfT-Sws-1bHnzLkp7AedmA,June Croken hairdresser on fire,Manhattan,New York,5,22,Beauty & Spas
i-1MQjAfgpBmgVn8Pa2v5A,Serrurier McWhinnie Locksmith,B0st0n,Massachusetts,4.5,3,Shopping
ixfpsy7M6vLAe0Xf-EWH4g,Wallace Espresso,Manhattan,New York,5,34,Cafes
G1lP1zURa0oYxyZdTg4oJg,Mat & Max Coiffure,B0st0n,Massachusetts,4.5,3,Hair Salons
lNkBf4Agbm-LzFNDxuAF4Q,Baldwins Steakhouse & Bar,Cortland,New York,3.5,7,Steakhouses
ut2eJDcvnkh_lSGUj50UPQ,Mandy's,B0st0n,Massachusetts,4.5,24,Restaurants
IZ8wHBKHfWYCa-ZzbOSAog,Harbour Nails 2,Manhattan,New York,2.5,5,#N/A
4N2RfdsZAfF-zCsdaVNdBg,Daybreak,Queens,New York,4.5,5,Restaurants
W7vJi6hwzBNsTdIwePZfUg,The Works,Utica,New York,3.5,61,Burgers
aE_InMCFg_6htbySiMd75Q,Teta's Mediterranean Kitchen,The Bronx,New York,4,4,Mediterranean
lK9wO-NjSlvLHbkdajrljA,Richmond Optometry,Manhattan,New York,5,4,Optometrists
Ag2RqqfgjcPbbNDt8wcQ3g,Common Sort,Manhattan,New York,3.5,17,Used
BtG1Zsv2MpEZDEbfXnwHGA,Delta The Bronx,The Bronx,New York,3.5,6,Hotels
MUxSmldyjEah8PSBj1a2lg,Atelier May,Manhattan,New York,5,7,Beauty & Spas
xeo2II3qgZ0MjwnmEjCK7A,Famu,The Bronx,New York,4,10,Restaurants
uxBE0rPD52Pi-_QlpSVOyw,La Tasse Gamine,B0st0n,Massachusetts,4,5,Venues & Event Spaces
mPwWuN17o3elnJrNJJf-3Q,Rosen Avra Barrister & Family Law Mediator,Manhattan,New York,1,3,Lawyers
BRaQwG5kSKzrcAge7c32zw,Harry Rosen,Buffalo,New York,3.5,7,Fashion
X74dy7wrgY9R98kfdsKDJQ,The Rooster Rotisserie and Grill,Manhattan,New York,3.5,62,Barbeque
OIKp-6ObAd-yW-32U3c22Q,Wine Rack,Manhattan,New York,4,9,Food
wRq-Y0dr0S2QC8jCqcgDfA,Copie Nova,B0st0n,Massachusetts,2,3,Printing Services
lkY7son6wZKZ-eoR2HVxKg,Le Beaver Club,B0st0n,Massachusetts,4.5,11,Restaurants
KYYUvIJi7laFzK1NsaE77Q,New York Popcorn Company,Manhattan,New York,4.5,54,Food
oNmV1gmPweiF4CCbEjYljg,Museum of Contemporary American Art,Manhattan,New York,4,18,Art Galleries
CmOFu9WDV0GsxD6QyFV4Iw,Richtree Eaton Centre,Manhattan,New York,2.5,61,Specialty Food
cTm9pJXTYCfA4RtQ2dnwdA,West Shefford,B0st0n,Massachusetts,4,5,Nightlife
DSWsjtAfLYw9a4MTz0kKLw,Best Buy,Utica,New York,2,5,Computers
uQIzTphRbaN3_VRhvbPESA,Dutch Bros. Coffee,Manhattan,New York,4,6,Coffee & Tea
U9lLi1cMesU5eNofWZ759w,Used Tire Depot,Utica,New York,3,4,Tires
ZoYhTIeJsqTFqA2hVUJbug,New York West Medical,Manhattan,New York,2.5,3,Medical Centers
cjatara6LkXRu2BXD_jxlA,Chat Bar,Manhattan,New York,3,32,Tapas Bars
-6nS5flLpZcJOB2F3JfbNA,Fit4Less,Newark,New Jersey,3.5,7,Trainers
FjTihEfjgq9dm3IJ7S888Q,Local 1794,Manhattan,New York,4,78,Gastropubs
tHo179TiJc35UWoAx9KYsQ,Pristine Nails & Spa,Ithaca,New York,3,3,Beauty & Spas
2ikFsTMd8dnCPM7OYFyaUw,Red Cabin Restaurant,Poughkeepsie,New York,3.5,3,Burgers
rFzh__Yb6sgRBME_louFlA,Mj Guardian Roofing,Manhattan,New York,5,3,Home Services
OAR-e_6VPGAxwWnsDNtdDw,Starbucks,Manhattan,New York,3.5,6,Food
bupp2QYvkW9lBzNlr5MlMg,Starbucks World Coffee,Manhattan,New York,3,5,Coffee & Tea
FX-SEG7AyIBJmAmt3rVNJA,Saviari Tea & Cocktail Lounge,Manhattan,New York,3,6,Lounges
UsyuN5UXjXEE_m5S6XMc8g,Shining Nails,Manhattan,New York,2,9,Beauty & Spas
VP7ptiny7fSacjdzml09ZQ,Avis Rent a Car,Manhattan,New York,1.5,12,Car Rental
phDPEZuaNmTScnryV5g-tw,Petsmart,Cooperstown,New York,2.5,5,Pet Groomers
o2uZemnFnlyEV0YDEiWBIw,Double D's,Manhattan,New York,3,56,Pizza
PGmyhbOXguCN8syLo9bwTg,Oysterfest,B0st0n,Massachusetts,4.5,5,Festivals
Y55K59x6mB95wNbhcIdxYw,Marouf Tochal,Ithaca,New York,4,5,Desserts
k_3v01usDwuA3XYk3zqZQw,Venus Plants and Flowers,B0st0n,Massachusetts,4.5,7,Florists
_mo-QIcmJgUwcjeunAwtew,Espinosa Master Tailor,Manhattan,New York,4,6,Fashion
cT83wpL263E76-ykmxRhEg,Clinic Ineed,Manhattan,New York,3.5,17,Beauty & Spas
1fZuXWkUfdwT76oKGOhhUw,Fast Fresh Foods,Manhattan,New York,3.5,13,Salad
3eEI5NKOlG2YMEHKAPMivw,Thai Express,B0st0n,Massachusetts,2.5,3,Mediterranean
IZaBSFnjwomvTDs7gRoCLA,New Rochester Fries,Manhattan,New York,2.5,17,Restaurants
yvN7EtDJt08e17TjPnvBkQ,Dunk'n Dip,Buffalo,New York,3.5,132,American (Traditional)
p33fQFOfBKW3r8PyQNWilQ,Williams Coffee Pub,Ithaca,New York,3.5,5,Food
nt6lCG6H7imdDih8QGKEbQ,Matthew Jonathan,Utica,New York,4,8,Beauty & Spas
L3pmMpLZL4JGnbha6CMlKw,Les Mecs Cheveux,B0st0n,Massachusetts,3.5,6,Beauty & Spas
NDjxiIYJWEfnM3DfggZo5g,Pomodoro Italian Kitchen,Binghamton,New York,3.5,21,Italian
mPrhSr7A511DVO63ikV-hQ,Milestones Restaurants,Queens,New York,3,19,Comfort Food
ACunnwAMxMkEN7peSH1vog,"Bhumika Salon, Spa & Laser Center",Buffalo,New York,2,6,Makeup Artists
nogpz7Ebqc0ZIqX8cImdKg,Freshly Squeezed,Buffalo,New York,4,5,Specialty Food
MbRsMt5lldz2uEdd3XYIPA,Alton Mill Arts Centre,New Rochelle,New York,4.5,3,Museums
_HqZL3gK98-Q4ObAoyM1aw,Rose and Sons Swan,Manhattan,New York,4,47,Breakfast & Brunch
bPABsVXUwS8RlVd5uZS8Pw,El Cafecito Cafe,Manhattan,New York,4,25,Latin American
TKDfJPM2GkxmgS8LfyYhng,Squish,Manhattan,New York,4,5,Candy Stores
0-WZrh1_sA2r__ue2suzyQ,The Wine Butler Buffalo,Buffalo,New York,5,7,Wineries
8jSoKOPOaQLtJq7wDPqRSQ,The Pie Shack,Manhattan,New York,3.5,8,Food
QJf992yAgUpNeFMuTTPQ1A,HotBlack Coffee,Manhattan,New York,4.5,39,Event Planning & Services
gYsVPvhSXgX97_ER1wy5Zw,Madeline's Boutique,Manhattan,New York,3,13,Women's Clothing
u71djaZjecGVU1MqMevQ4g,Sotto Sotto Restaurant,Manhattan,New York,4,46,Restaurants
8gknbxD0ymJPYCPuE6yKXg,Caryl Baker Visage,Manhattan,New York,2.5,7,Eyelash Service
DjwXvVJitsipN-HoEesXgA,Yofee Coffee,Niagara Falls,New York,2.5,3,Desserts
gUQXksFGvShjSl7Xil41bQ,Mobile Square,The Bronx,New York,4,37,Mobile Phone Repair
EpqlqXSjtoKhc-dNft0_ug,Beryl's Pepper Pot,Manhattan,New York,4,14,Caribbean
Nl4v432g8ZdnZhAlShj8Sw,977 Cafe,Manhattan,New York,2,4,Chinese
Gt-T8XbgbvFw5KeLpmnSLg,Hard Rock Cafe,Manhattan,New York,3,79,Arts & Entertainment
szl4VS8yFPBAuPan95ot8w,The Grill House Churrasquira,Ithaca,New York,4,10,Canadian (New)
dBX0TUPNZ1WtVzv5jfYE2w,Ti Amo Gelato & Cafe,Niagara Falls,New York,4,34,Food
p67HFxsFWnTO9uUs3BuPGg,Royal Blush Salon & Spa,Manhattan,New York,4,12,Skin Care
mr3rQcYBKWu2L6o7qtQ9Wg,Hub Coffee House & Locavorium,Manhattan,New York,4,32,Breakfast & Brunch
FjHGjWZ6EAEioQWBUp7WZA,Brazilian Star Bar & Grill,Manhattan,New York,3.5,15,Brazilian
wowGDYsOpR_mIMMFDL-qhg,Vatica,Manhattan,New York,3,5,Indian
1kjZVNEVqEofc_qqVt4eMA,Sheridan Nurseries Buffalo,Buffalo,New York,4,3,Shopping
xE6_6lrWHmcv2hVwWxHwiw,The UPS Store,Manhattan,New York,1,4,Notaries
3_HrWm4qrzTN0gAC_CrfTQ,Crêpe It Up,Manhattan,New York,4,123,Breakfast & Brunch
Ze4VPogvcD7inc3QuvY_yg,The The Bronx Station Restaurant,Manhattan,New York,2.5,112,Canadian (New)
KKT-8PdTgudbWMHq4KT9dw,Marche Royal Plus,B0st0n,Massachusetts,3.5,3,Food
oJynEBZyqKcfJjDgfMgDTA,P & M Restaurant,Manhattan,New York,4.5,23,Greek
zA0FUrIItgfLEn4ee4wz-g,CinéRobothèque,B0st0n,Massachusetts,4.5,3,Arts & Entertainment
x_Xv1A22Gk69xi20DzINMQ,Bullock City Auto Service,The Bronx,New York,4,3,Auto Repair
ZMCxAECs6KOhpcWpt8HBiw,Mong Kok Chinese Restaurant,The Bronx,New York,3,24,Chinese
o09XwaPavEJJzwiJnUZkYQ,New York Wildlife Centre,Brooklyn,New York,5,3,Pets
FBUOH4QV-W5b4Spoq7KJgQ,Cabaret Mado,B0st0n,Massachusetts,4,18,Arts & Entertainment
bBGTy0iw4vXxq28zpTjsnA,Peperoncino Trattoria,Ithaca,New York,3.5,18,Italian
g-hiWN6W8JvLxXUL9W3CqA,Bibiche Bistro,Manhattan,New York,3.5,5,French
OtyrW7djmi1pbYg4tOUIAw,Burger King - Ray Lawson,Binghamton,New York,2.5,7,Food
BcsGNJOqIxF8U6kL_zCyGQ,Hôtel le St-James,B0st0n,Massachusetts,4.5,20,Hotels
JeLPTTFMpKA6h_W3zHd2hQ,Medisys,B0st0n,Massachusetts,2,5,Health & Medical
SKtQEVn4FhBcJCvxAvC3OQ,Holt Renfrew,Manhattan,New York,2.5,13,Department Stores
_8VVawSvZbHs7Jts1_768g,Pho Dau Bo,Buffalo,New York,3,45,Restaurants
AM0GxFsIzhwVNT8N5mEO-g,Chocolates & Creams,Manhattan,New York,4,3,Food
LqW-9eVxW1aTRUN8lQwA6w,Boyana Hairworks,Manhattan,New York,2.5,6,Beauty & Spas
UWU52OI3EQixZewe30hOlQ,Lago Italian Bakery,Niagara Falls,New York,4,7,Food
0zeyuk-YMDBlRBzpmQjr8Q,Gay John R Dr Oral Surg,Manhattan,New York,4,4,Dentists
4mlwqV7qMLmEwsYBN44upg,One Health Clubs - Utica,Utica,New York,3,5,Active Life
8USV3p7wZNHvxic8v_FvxA,Boutique Courir Boston,B0st0n,Massachusetts,3.5,6,Fashion
t4C5LsJJrm4FL1VCEkBcHw,Le Piment Rouge Windsor,Boston,Massachusetts,3,11,Restaurants
OuiNJhOCqw14wQ1NZXjmkQ,Bocci,Salem,Massachusetts,3,16,Italian
ntasi-3RahuTjPEkN181ug,Woody's,Manhattan,New York,4,33,Gay Bars
OdKz_1uTROWkJWmNdwlGmw,MotorFabrik,Manhattan,New York,3.5,3,Automotive
OScYt1v7Z31I5uzISnistA,Lena's Roti & Doubles,Binghamton,New York,4,10,Indian
KDa4XDHiz13J6EymwAm34A,The Great American Bagel,Buffalo,New York,2.5,5,Bagels
ey1eAQldmOASEuCdFVmTPA,Dejeuners Obodum Bistro-Cafe Desserts,Plymouth,Massachusetts,3,12,French
KqJT8c6js_2g50CHlO9gJA,Abbey Animal Hospital,Utica,New York,4.5,3,Pet Stores
9ZDRDnAEpeknZs7ZFF8pPQ,Starbucks World Coffe,Manhattan,New York,3.5,3,Coffee & Tea
Zxpj-NWfBBe21tSlefOWLw,"Neshama Therapy, TCM",Manhattan,New York,5,4,Health & Medical
VVkHYxdc2nWz0PgYtJ830A,Gino's Famous Pizza,Lake George,New York,3,5,Pizza
RBRPyYuctCRZPF7bNWPyFw,Bamiyan Kabab,Buffalo,New York,4,103,Restaurants
bEsoelB42lczgiNQXRLLdA,Sugar Bush Smithtown Syrup Festival,Cooperstown,New York,3,8,Festivals
nyq5XmvPAZYbbXZsDwnDsA,Restaurant Roberto,B0st0n,Massachusetts,4,16,Italian
vcuR8_MjplAl1He0hwHxTA,Golden Hanger Cleaners,Manhattan,New York,4.5,3,Laundry Services
xSnHXy4WjmWshSA5oDYFbg,Triangle Physiotherapy,Poughkeepsie,New York,4.5,3,Massage Therapy
9rti-kF-oQ7IOhUF3JYsRA,Brar's-Trinity Common,Binghamton,New York,3,14,Fast Food
a3pSUuiySdFW67bRxzWOSA,Rona,B0st0n,Massachusetts,4.5,5,Shopping
MN3HlCVSAErLcvbsxsi6nQ,The Ten Spot - Forest Hill,Manhattan,New York,5,6,Waxing
BCSofuQwu1VE8wjzDaQ3qQ,The Coldroom,B0st0n,Massachusetts,5,56,Bars
KeVfcbxfulYQocZ17K9hXw,Sobeys,Elmira,New York,4,5,Seafood Markets
KsaVx2E63ZMXUQfrxcp_XQ,Mr. Chestnut,The Bronx,New York,5,8,Restaurants
DF_w5Hwgi4bLgZH8_6F3cA,Banh Mi 24,Manhattan,New York,4,41,Sandwiches
RzvbHaDXSQn7d_b5UAFjLQ,Pita 2 Go,Manhattan,New York,4,3,Mediterranean
Bz6UcQZgRkrGtDwcagvt9w,Ronnie B's Southern Kitchen & Taps,Manhattan,New York,3.5,8,Soul Food
HdQrBS3jrtOrRqzRymgiig,China Gourmet Scarsdale,Newark,New Jersey,4,5,Restaurants
wGqd717jOG7jBjNLqoK8JQ,Caribbean Taste,Manhattan,New York,3.5,12,Restaurants
kchDx0ej68wjE31J4_jFbQ,The School Fine Dining,The Bronx,New York,3.5,33,Restaurants
03spWO4l9I5p8KKxsGlVGw,The Bike Place,Manhattan,New York,5,6,Sporting Goods
WYg4LRnFd_t9GhsmqZ4pfg,Budds' BMW,Utica,New York,2.5,7,Automotive
Bh8qt5P8MmhEEu_qRLz7EQ,Café du Nouveau Monde,B0st0n,Massachusetts,4.5,12,Restaurants
pv4zBiL4VmA4L80VDjAFyA,La Cage aux Sports,New Bedford,Massachusetts,2,5,Nightlife
Yl2TN9c23ZGLUBSD9ks5Uw,Byblos,Manhattan,New York,4.5,492,Middle Eastern
yxUo-0uFXeh_HIvG5K0D8Q,Bruno's Fine Foods,Poughkeepsie,New York,3,5,Specialty Food
ECb4na1SMh_UpEu_cD1UzA,Sleep Country,Manhattan,New York,4,4,Furniture Stores
Agy_UwVTOMyFgb1tjnTYMA,Marconi Pizza,Buffalo,New York,3.5,34,Pizza
OrGGV05yjScIPekmZkEwXg,Veterinary Emergency Clinic,Manhattan,New York,3.5,28,Veterinarians
Erlweso-2lkPlgvPtCYPVw,Equinox Bay Street,"Manhattan, NY",New York,4.5,14,Sports Clubs
_lSsSzpUa3iMK1WPnjpOBw,B Espresso Bar,Manhattan,New York,3,5,Coffee & Tea
759faMgpYDW-00vxd-In3A,Song Cook's,Buffalo,New York,4,88,Korean
__pTR2Zcmofr_1FpAaQZhA,Paramount Fine Foods,Elmira,New York,3,87,Middle Eastern
G09eY4PUs2XgJpR-sCRlaA,Petal Dust Bake Shop,Niagara Falls,New York,4.5,9,Bakeries
YTC7x19r-5bht9TX-qDOWg,The Dutch Bros. Coffee,Manhattan,New York,3.5,7,Food
_W6zeVJfbo-yxL_vXUhYHg,Jacx Restaurant Bar And Grill,Peekskill,New York,4.5,3,Canadian (New)
LppJQQdIPMG1j5WbTNs8_w,Bagel St-Lo,B0st0n,Massachusetts,4.5,14,Internet Cafes
j6-aksaGFMUKwMXLbyf8gA,Mandarin Restaurant - Erin Mills,Buffalo,New York,3.5,20,Restaurants
_niSQeYPBawz3rubX7UxPQ,Kitch,Manhattan,New York,3,31,Restaurants
FcJ7DkL-UKj8RLUi08lyfg,The Roy Public House,Manhattan,New York,3,66,Bars
Jlz3BNM6ZfcaEf04LsATfA,Mos Mos Coffee,Manhattan,New York,4.5,5,Coffee & Tea
c0QRQGynmV5Dl4u4a9-gKA,Marco Polo Restobar,Buffalo,New York,4,10,Mediterranean
cPDWvaxauKlokoV7MEVHxQ,St-Ambroise Boston Fringe Festival,B0st0n,Massachusetts,4.5,3,Arts & Entertainment
cd9dbVKJBDFOwhvthWY-6Q,Montana's Cookhouse Saloon,Huntington,New York,2.5,13,Nightlife
Tga64GlSy6xjp-Z-Ogddng,Crate & Barrel,Manhattan,New York,4,10,Shopping
cpPEFiMJJg2kLsh5Sh6yNQ,Casa Manolo,Cambridge,Massachusetts,4,4,Restaurants
AJIraNBLyoFbd_Jf6JE7Dw,Moxie's Grill & Bar,Buffalo,New York,3.5,41,Canadian (New)
D37qORFp1NSZqsAOVlagyQ,Madisons New Rochester Bar & Grill,B0st0n,Massachusetts,3,21,American (Traditional)
PVgbVUuNtIgXE-lq02M5ig,Kimberly Fashion Designs and Alterations,Manhattan,New York,4.5,7,Sewing & Alterations
Kxop0nGA-BUrwYD4EGhyPA,Chinese Traditional Buns,Manhattan,New York,3,65,Chinese
QXAEGFB4oINsVuTFxEYKFQ,Emerald Chinese Restaurant,Buffalo,New York,2.5,100,Chinese
u2YUXAjaHwhY0zHR8yZlig,Cora's Breakfast & Lunch,Brooklyn,New York,3,44,Restaurants
x6xCpinxjV4KRhrUXK_qPQ,Hot Yoga Wellness Kennedy,Manhattan,New York,3.5,14,Fitness & Instruction
6Toez65egZSMV1iohQWGIQ,Cantine Bar & Grill,Manhattan,New York,3.5,25,Breakfast & Brunch
s8oWabqAdXz9hcj3mhNs9D,Nice One Nails,Buffalo,New York,1.5,7,#N/A
zOxeH9ow-sWHFT7Ddt1pgw,Revolution MMA,Manhattan,New York,3.5,3,Fitness & Instruction
IQ9IzsKp61HJn41vtPSEJw,Conrad Rygier - Keller Williams Neighbourhood Realty Brokerage,Manhattan,New York,5,3,Real Estate Agents
M18VeJ8ck6Njw_pnyaRxOQ,The Captain's Boil,Newark,New Jersey,3.5,36,Restaurants
K3bRbsObi2kcWh0kjJ9m6Q,Dutch Bros. Coffee,Northampton,Massachusetts,3,4,Food
yWxL9xODQvI1EnPMPGp1pw,Dear-Born baby,The Bronx,New York,3.5,19,Baby Gear & Furniture
7um-gnjmA5sqnUcM9Gh2Mg,New Dynasty,Boston,Massachusetts,4,9,Chinese
dpVkC2iXXE-WS-lvtNVVhw,Niemeyer Imports,Niagara Falls,New York,3.5,7,Restaurants
7YrQH44kboYLS8f8ROz37w,New Balance,Manhattan,New York,2,8,Shoe Stores
Mpnh7Hut-zO3U-kHy2LfRg,San Francisco Place,Binghamton,New York,3.5,8,Sandwiches
3AelAPjer0bNZPomdJaPgQ,Graydon Hall,Brooklyn,New York,4.5,14,Venues & Event Spaces
sv4Zu-4R72PXRYHyLharMA,Yogurty's Froyo,Buffalo,New York,4.5,14,Ice Cream & Frozen Yogurt
VFLn2eJP6fFKCDJTCuZsZw,Fine Finish Auto Detail,Manhattan,New York,3.5,3,Automotive
NVwIn5UQokETKIh9fECYMQ,Whole Foods Market,Manhattan,New York,3.5,127,Health Markets
MI0b4GygzprUf79urQJE9g,New York Guest Houses,Manhattan,New York,4.5,3,Vacation Rentals
m6NIoPM9vhhevZBdF79R1A,Duke of Rochester,Manhattan,New York,3,96,Nightlife
fp8h0LdbO5WxiK41oYgZVA,Idle On Bloor,Manhattan,New York,4,9,Asian Fusion
Nzkvuq1-74_B3fSCLE2gkA,Yogurty's,Manhattan,New York,3.5,9,Restaurants
RYGTF_2UlcdwDYZqL8duQQ,Frankly Eatery,Manhattan,New York,4,21,Coffee & Tea
rLb_d18dR7hDRYV4x4ZREg,Taste of Israel,Elmira,New York,3.5,3,Grocery
3XMbSoeaz2tw3_EAXKcqzQ,Ten Ren Tea,The Bronx,New York,3,9,Coffee & Tea
aNdqBc8GaEDcFZJ4hCCCOQ,Le Medspa Centre,The Bronx,New York,4.5,3,Beauty & Spas
KcNWvpy6jErME-a5XnpWLQ,Presotea,The Bronx,New York,2,18,Food
mCDtgH4Ph3oHws6dQHGlPQ,La Bête Noire Emporium de Musique,B0st0n,Massachusetts,4,3,Music & DVDs
Lmqj8Me1EiYljYj0N1W7JA,Dark Horse,Manhattan,New York,2.5,37,Nightlife
6Q5XNrz-EXX1tI-3UHR2Pw,Le Mitoyen,New Bedford,Massachusetts,5,6,French
S104l3lOcpkX6g98CFrGPw,Taj Mahal Inde,Cambridge,Massachusetts,3,20,Restaurants
xkc_MfxUcSuRdQnmSvF1IA,Harvey's Restaurants,Manhattan,New York,3.5,9,Restaurants
a9usBo16KZ-gxOJXdryNlQ,Chuck E. Cheese,Manhattan,New York,2.5,8,Restaurants
NyQey4tR7en-l24ChgYEag,Food & Liquor,Manhattan,New York,3.5,11,Bars
D1NNYrjfr6LwlIvrQVWPdg,Fortune Computers,Manhattan,New York,2.5,7,Computers
jxrp9qEnpWIL8h5ED-UxBg,Sears,Poughkeepsie,New York,3,9,Shopping
gzOjboYojl0RfUDiETdGXA,Vecchio Frak,Manhattan,New York,3.5,8,Italian
RsSXhZnhKsH79uAMbxg9mA,Airport Gate Cafe & Grill,Manhattan,New York,3.5,9,Restaurants
7qYSXx_SO4W7_PNDqtNlXg,Pita Pavilion,Brooklyn,New York,4.5,4,Sandwiches
1W2fzoJwOxEMrcS-Z5BooQ,Firman Auto Service Centre,Newark,New Jersey,4.5,3,Auto Repair
sxcIt1KsAyeZklKOLaKV8A,La Dora,B0st0n,Massachusetts,4,13,Italian
5TxSOYyuBfDhenI91pa5ig,SAQ,B0st0n,Massachusetts,4,8,Beer
raNbNCv0PtFJV38PHeftUQ,Casey's Bar & Grill,Binghamton,New York,3,15,Bars
5CezAX7JSxoF37sX1xTpFA,The Spice Trader,Manhattan,New York,4.5,17,Food
PUneCUDGvdgnay3uvI89fA,Sushi Bong,Brooklyn,New York,3.5,217,Restaurants
Y34Rk2Oh17d4JdVyeqLVEA,Hulshof Farm market,Cooperstown,New York,4.5,3,Desserts
G3OeHF5jrHvNqi4o3aNezQ,Edward Street Bistro,Cortland,New York,3,14,Restaurants
Sib5SNwugkrRvr4H-ERDCw,Warehouse Wines & Spirits,The Bronx,New York,3,4,Beer
wAH9oI_rNlwlWXzJ-U9xtw,Centennial Park,Poughkeepsie,New York,3.5,7,Active Life
LI9sVHgnX-DzFyvWmPDRgA,Guru Lukshmi- Authentic South Indian Cuisine,Buffalo,New York,4,261,Indian
gWP4A3wj-86ZQuVW0oZ9vg,Coiffure Abramo,B0st0n,Massachusetts,4.5,3,Beauty & Spas
v9DncDynhn7f-RBURtcSFw,Sushi & Tea,Manhattan,New York,4.5,17,Sushi Bars
7A1rTh8gGbJTyCIcbdb6dg,Rakia Bar,Manhattan,New York,4,16,Food
NMeFl9el_5rq98oakW7URg,Archibald's  Pub,Niagara Falls,New York,3,29,Nightlife
OnT6IDleF5XrHzhD_ryi2g,Lowe's Home Improvement,Manhattan,New York,3,8,Hardware Stores
MEyXSPSg0ClmYXqnHKy_6w,Mr. Lube,Niagara Falls,New York,1.5,3,Automotive
k-h3zeV8EVE-YI7FIpMZpg,L'Intermarché 4 Frères,B0st0n,Massachusetts,2.5,3,Food
LI2WJHONWlYQ6gAXLNarXQ,Tung Hing Bakery,Buffalo,New York,3,5,Food
JrB6On8q8f1_ICQSCLg47w,Five Guys,Manhattan,New York,3.5,116,Restaurants
WqwEbfAYIXJjUXEAlo1QYg,Rest-Poutine,Newburyport,Massachusetts,5,12,Comfort Food
EZMRSxlutv8fQqvznw78Dg,Rolo,Manhattan,New York,4.5,20,Watches
vKA9sIqBcW0UlTKGhFwv1w,The Roof Lounge,Manhattan,New York,3.5,38,Nightlife
e3gLd-8XXC_HnvcWtjnrKQ,Chuck E. Cheese,New Paltz,New York,1.5,6,Restaurants
BIbY6hbhyTAs3_dxbETc6A,Restaurant Pho Nam DO,B0st0n,Massachusetts,3.5,5,Vietnamese
e6tuazwQSshuqe_AAd0V_g,But 'N' Ben Scottish Bakery,Lake George,New York,5,4,Bakeries
QKaniCqHZihhnOW9koPgNQ,Citrus Restaurant and Lounge,Manhattan,New York,4,12,Breakfast & Brunch
OXhnnR6LVt-v1riuM66rbQ,Bike Sauce,Manhattan,New York,4,7,Shopping
PV1oXOI6U30D0DRaDN9R4w,Cabbagetown Pet Clinic,Manhattan,New York,4,10,Pets
I4TnpgdTH14JkK4JKk-38g,Beyond the Sea,Poughkeepsie,New York,2,4,Apartments
yxaSvz2EfrA549XkQCO3Ww,Vicky's Nail & Body,Buffalo,New York,2,9,Beauty & Spas
g-nzfTvso3-4c4gkhkmGbQ,Frankie Tomatto's,The Bronx,New York,3,181,Buffets
RF4SJ2UNmTWsfBE5sc7TYQ,Melonhead Children's Hair Care,Manhattan,New York,2.5,13,Hair Salons
caSa3jfFSySM8urrV__Cuw,La Fruiterie Du Plateau,B0st0n,Massachusetts,4,11,Food
aadG1TzULt-ezzUJZUSSJQ,Factory Girl,Manhattan,New York,3.5,71,Restaurants
N75qNiNuQ-EDIg-o07dEiQ,Sol'exotica Tanning Spa,Manhattan,New York,3,21,Skin Care
Zzw_A_2l9TK6sl4OAHUFiQ,Dutch Bros. Coffee,Buffalo,New York,3.5,8,Desserts
QKZ1sAAy8WQsdTDqkX9gyA,REmix,Manhattan,New York,1.5,22,Fashion
f6X9MJSsZ0IncUGQBZjKLw,Moss Park Restaurant,Manhattan,New York,3,4,Diners
Zwg2TWwdm7y5ORK3yN6nDw,Urban Nirvana,Manhattan,New York,4,30,Fitness & Instruction
87f7Xzm-P4bJUfBsWDLW7w,Dutch Bros. Coffee,Manhattan,New York,2.5,3,Food
8uYn7eVXnvc3ZeuwQWrNNw,Lush,Manhattan,New York,4,16,Beauty & Spas
QxMgkraDxkA7dmKo8DFHRw,Bees Knees Dance,Manhattan,New York,4.5,6,Education
2pxixL9-HsJUGL86Lc8bDg,Deli La Trattoria,Malden,Massachusetts,5,8,Restaurants
Lpbo9wYj4pu58vJ7tlh-4w,Hirut,Manhattan,New York,4,13,Ethiopian
CDsYDpAcfDE_81OHRjVIHQ,Thai Naka,Manhattan,New York,4,13,Restaurants
c_9iq0DL5lQ_eKr-Xxr5ow,Concepts Day Spa and Salon,Manhattan,New York,3.5,21,Day Spas
vToX1tz1HZXJi8T_EOaNQQ,Carlo's No Frills,Brooklyn,New York,3.5,15,Grocery
rt0Mkl8IcCPaxbCzWOBlcg,Eat More Restaurant & Cafe,Buffalo,New York,3.5,36,Pakistani
jPw7tD4l8u15NCmqGynqog,House of Wings South,Utica,New York,5,3,Canadian (New)
Y4RMRWQWiwnQE2FCc9SzEw,Pawz N'Style Pet Grooming,Elmira,New York,2.5,3,Pets
NqOmAGGEed-W4eXWlMd0Bw,Taco Bell,Manhattan,New York,2.5,5,Tex-Mex
yV5RhiwyTDCzpYh2R9yd2Q,Mastermind Educational,Manhattan,New York,3.5,3,Toy Stores
cPOAwA2qP0ihB6R783Kf_Q,AllStar Wings & Ribs,Yonkers,New York,3,107,Sports Bars
ACKOgPzUkd8uoglRw5194Q,Failte Irish Pub,Buffalo,New York,3,49,Bars
vMO2vNyWLuxumso7t3rbYw,Pablo's Grill It Up,Newark,New Jersey,3,3,Restaurants
rvM5NOlJffP-_Ew9Q1h2Lw,P.A. & Gargantua,B0st0n,Massachusetts,4,12,Food
bysUX0wDuWBHUBr29HHZuw,Bamboo Garden Health Centre,Manhattan,New York,4,33,Massage
IF5xeKtuBQq5KX5cFZ8QaA,No Frills,Buffalo,New York,2,4,Grocery
UqlMkfiUaB73ISSDm9SkIg,Restaurant Bravi,Revere,Massachusetts,4.5,5,Italian
AKMvsVr_9meoSmawkEBe4g,Phoenix Chinese Restaurant,Buffalo,New York,3,43,Restaurants
kNsawZpFG2Nhb4Ja1g5_Bg,CVS Pharmacy,Manhattan,New York,3.5,28,Drugstores
Vd6FVCKq0bHqVneb0DjTnw,Zaza Espresso Bar,Manhattan,New York,3,13,Ice Cream & Frozen Yogurt
FI86w69zKVFCV5GgbWekyQ,Nutrition Village,Manhattan,New York,3.5,5,Health Markets
imWSI4y7ijULP5w70r3vIA,True Brew Cafe,Manhattan,New York,3.5,3,Food
5ZQmIhBVOelUScK9UbSUqA,Pizza Hut,Manhattan,New York,2.5,3,Pizza
7d2LqDc0Cb5dcizil_h34A,Karma's Kitchen,Manhattan,New York,4,36,Himalayan/Nepalese
ml_Fo07EBZQ8uSSnvkZb3A,Buvette Chez Simone,B0st0n,Massachusetts,4.5,85,Restaurants
ewC7EUFl9edHn6GrgY41kQ,Alltime Car Rental,Buffalo,New York,2.5,3,Hotels & Travel
dI3oP0mHyiMbwpOJT8ZA7g,Subway,Utica,New York,4,5,Sandwiches
hhkaqdEBFlnqM-anSEN-RQ,Petit Marché Végé,B0st0n,Massachusetts,4.5,8,Restaurants
sYNizmTwXOxHYQbBuSs5Tw,holts café,Manhattan,New York,3.5,10,Restaurants
oZE2Wrz8RPpFv5AmMVOzJw,Greasy Spoon,B0st0n,Massachusetts,3,35,Restaurants
ptvThErEEPnVK30yU6xRmg,Cora's Breakfast and Lunch,Lake George,New York,3.5,28,Restaurants
ruPtRmLjHpttUPpp8y4jOQ,Viana Sol,Brockton,Massachusetts,5,4,Event Planning & Services
ewcw5g7b8F27BaTyf_VN6Q,Holiday Inn Buffalo West,Buffalo,New York,3,4,Hotels & Travel
QvSWiMx0vT09mfO0TxJy_w,Red Rooster Portuguese BBQ,Ithaca,New York,3,41,Restaurants
1-yJdYelRPEvHRH0_R6B0A,Sugar Me Spa,Niagara Falls,New York,5,14,Hair Removal
zSV2udu2L8-LSqj7-BTbWw,Vandermeer Nursery,Huntington,New York,2,3,Home & Garden
_DuPG5sSEwZcgfjdndQc4A,Hey Meatball,Manhattan,New York,4,151,Restaurants
FhgV22i-nsKvJdLTD68uYw,Tula West,Manhattan,New York,3.5,19,Yoga
HFPovXxiMQ451N80-E-vyQ,Emporium Latino,Manhattan,New York,4.5,49,Latin American
fp24IseF5LGD1Iev7d0PVA,India's Taste,The Bronx,New York,3.5,146,Buffets
nwQq25Nuf-AmtHT9l0BXIw,Lula Lounge,Manhattan,New York,3,40,Latin American
QmNHMVapNKdTEvlKjLTAUg,Marvel Coffee Company,Manhattan,New York,4,7,Coffee & Tea
TBpRKz70Eee8MR63fzVZ2A,Moksha Yoga The Bronx,The Bronx,New York,4,5,Active Life
Veh6q4g0w7G4JH1vmBp_Tg,Athlete's Care,Manhattan,New York,2.5,3,Health & Medical
i346KkU_VBIiGp7ifMTTlw,Domino's Pizza,Manhattan,New York,1.5,3,Pizza
7f1aqFsUnajdWrwY3lfKEQ,Kanto by Tita Flips,Manhattan,New York,4,38,Street Vendors
3-i1qd64K-WLo0fJ5wrbbw,Owl of Minerva,Brooklyn,New York,3,109,Korean
Jb5cKHZsun9kqEvxlUrRbQ,Club Monaco Newark,Newark,New Jersey,2,4,Fashion
ew1g8MSS7dPxBtOMnIcDzQ,Freshii,Ithaca,New York,3,8,Restaurants
sF3-6J2FrH3wGFbpZWALbw,Erindale Park,Buffalo,New York,4,12,Active Life
JMF-6xbIMiWhyx02mXfGDQ,99 Nails & Spa,Manhattan,New York,3,5,Beauty & Spas
9kyAF6wHtoXfJWFNkMz65e,La Bella Managua,Manhattan,New York,4.5,145,#N/A
u3q_fVU-qxgoGWLPVy4nMw,Tommy's Restaurant,Ithaca,New York,4,25,Caribbean
D9Qehu4TYLpV0DmS3QGSgg,Hoche Glacé,B0st0n,Massachusetts,4,6,Ice Cream & Frozen Yogurt
YTCSaFHzEZJkdG56gxY9aA,Cameron House,Manhattan,New York,4,32,Bars
qbWy-amzxcZK10hqS-NLSw,Get Gelled Manicure Bar,Manhattan,New York,4,45,Beauty & Spas
2ArkDGIgaSGd58dYFEOEVg,Ristorante Lugano's,New Bedford,Massachusetts,2.5,13,Mediterranean
cdk-qqJ71q6P7TJTww_DSA,Comfort Inn,Manhattan,New York,2.5,9,Hotels & Travel
fvlFgK_WD226YJ-ZQkPAOw,Ha Long Bay Bistro,Manhattan,New York,3.5,12,Restaurants
YgbDPdxiob2rSH2NIM0tsQ,Quoi de N'uf,B0st0n,Massachusetts,3.5,48,Coffee & Tea
TQSHiH6KSCd2TDYEDTYRMA,Tasty House,The Bronx,New York,4,4,Food
JCqKC5CjUnqLyb7yieR1pg,Hometurf Lawn Care Service,Buffalo,New York,1.5,3,Gardeners
2wrzJrML4I00e-11UiV4iQ,Raaw Japanese Cuisine,Manhattan,New York,3.5,66,Japanese
03jZx8QkMxNhaRLeo6_U0Q,Club Soda,B0st0n,Massachusetts,3,18,Venues & Event Spaces
1cGgVvEbuBlW2GDvJ112vA,Yakiniku Futago,The Bronx,New York,3.5,150,Barbeque
cA9LmSotIsN3C8zCI94--A,Queen Margherita Pizza - Baby Point,Manhattan,New York,3.5,69,Comfort Food
WC6nTfoa6BMyEy1lHZOOFA,Moga's Pizza,Buffalo,New York,2,4,Pizza
nemcwBBzPuTbP9oKF9t_Jw,Tilde,Manhattan,New York,3,40,Comfort Food
T3eygkCPKat4TMyWIKLtGg,Chengdu Guokui,Manhattan,New York,2.5,3,Chinese
guFIqSvxlwQnFfe301wg3A,Duggan's Brewery,Manhattan,New York,3,39,Restaurants
LjDmo1YSiuRme9NfAGrvAg,Lucci Café,B0st0n,Massachusetts,4.5,6,Coffee & Tea
Of3wxX_qfISGey1YpbWRBw,Starbucks,Manhattan,New York,2.5,6,Coffee & Tea
qLEShJZktG253dxYTG5jYA,Bombay Express,Manhattan,New York,3,4,Indian
aiB80Rf_24egHOKt0QThPw,Burger Hut Foods,Brooklyn,New York,3,10,Burgers
pIAubSIEIoeQ3tTG7NRY1Q,New York Camera Service Centre,Manhattan,New York,2,9,Books
RDInWdSjS_EByGl322ofeQ,Absinthe Pub and Coffee Shop,Manhattan,New York,3,4,Food
OXW2erFOPT-Oov6wChxWYA,Lee Chen Asian Bistro,Manhattan,New York,4,36,Chinese
izR8yDpeFmI3vGylKc7Bsg,Restaurant La Hacienda,Northampton,Massachusetts,3.5,3,Restaurants
0wvM7bCPmeaaN0hhF8640Q,Golden Mint Coffee & Tea Company,Manhattan,New York,4.5,20,Food
q_ZFKfeL6MfhyiIJPu_S2A,Khorak Super Market,Manhattan,New York,3.5,28,Event Planning & Services
lTIt-3zKyluCPFwdu78JSA,B & B Cafe Restaurant,The Bronx,New York,3,12,Chinese
LbTalPLQNDLravy1ccUgAg,Ron's Cigar Store,Manhattan,New York,4,5,Tobacco Shops
rofWaZTIuaedAxT_UKleSw,Boom J's Cuisine,B0st0n,Massachusetts,4,21,Restaurants
WfG88vgl7dIcEXxbjolUlA,La Rose Bakery,Manhattan,New York,4.5,10,Bakeries
XZzyS2J_ivhWI--PZEH-jA,Village Market,Manhattan,New York,3.5,4,Food
sGyxho4L87V465XySbBrIw,SU&SHI Noodle Bar,Manhattan,New York,2.5,69,Ethnic Food
mAMWh1htdpk4jYJ6vOvM4g,Quattro 4 Ragazze,Manhattan,New York,4,23,Italian
NKoI09Z35Gwn5gdfi5HWNg,Simpatico Cibo e Vino,Manhattan,New York,4.5,5,Caterers
1zbleOExOpyEA525GbRyqA,The Fox & Fiddle,Manhattan,New York,2.5,35,Pubs
IBoA8jgl2NfhYxOpk94CJg,American Apparel,B0st0n,Massachusetts,3.5,5,Women's Clothing
dmU0c9UkTYAc1KkaKfTosQ,Mlles Gâteaux,B0st0n,Massachusetts,3.5,6,Food
ua6EalI7V0a0ZogIIrKAbw,Cup of Tea Bakery and Cafe,Syracuse,New York,4,7,Bakeries
u01qVwIaqEidD8Q12JdTVQ,Maison Cakao (La),B0st0n,Massachusetts,3.5,3,Chocolatiers & Shops
W8oYWcvFrthDx_tbHIWkfw,Costco,Newark,New Jersey,3.5,37,Grocery
h2LDxrB2hphlIAHur8gR9Q,Olympic 76 Pizza,Manhattan,New York,4,41,Restaurants
ODwqVEORhb9YAgo3MP0PXw,Yummy Bar-B-Q,Manhattan,New York,3.5,5,Restaurants
ibI_8q7air3PV0EqhbqQww,The Third Floor Hair Boutique,Manhattan,New York,4.5,16,Hair Salons
iF-WQm54Ih2OqwXWjEwOqA,Clarkson Mediterranean Bistro,Buffalo,New York,4.5,18,Restaurants
nkFOHrBNM5x9hoT7KUNdwg,Jing Thai Restaurant,Buffalo,New York,3,22,Thai
5w6pNMlRCnFSgn--Wp2S9w,Dominion On Queen Restaurant Bar & Lounge,Manhattan,New York,3,21,Bars
MwI_po3xC40QUnoak-0Wgw,Gong Cha Tea,The Bronx,New York,3.5,101,Restaurants
aSn-TjPXXhcIe2nlfkSmgA,InStep Foot Clinic,Newark,New Jersey,5,3,Massage
nGRLE7HPCHnIlbHwk3vZCQ,Back Alley Woodfire BBQ & Grill,Manhattan,New York,3.5,5,Pizza
SJCxyB8wZQmgGY1UerStbg,La Coupole - Bistro Laurentien,B0st0n,Massachusetts,3,10,French
Hz_nONSnd6T5GwRJiR8GDg,ShawarmaLicious,Buffalo,New York,2.5,5,Middle Eastern
CU6iiZ2VUz8nYx4g-uXiPg,Rejuven8 at Four Points By Sheraton,Buffalo,New York,1.5,3,Nightlife
jtiPLoDKGTCcC9XowMuY5A,Hôpital de Verdun,Cambridge,Massachusetts,3.5,3,Medical Centers
qhagbvK-Pv4cGGghJ7gXBA,Konnichiwa,Manhattan,New York,4,116,Japanese
NOcSBxST02RPlhLHq0B5fA,Denny's,Newark,New Jersey,2.5,7,American (Traditional)
kw8Lh8bJAtquHkT9CB4zGg,Future Bistro,Manhattan,New York,3.5,185,Coffee & Tea
OyutYVBEA505HnCnMEaXMw,Sushi Ichiban,The Bronx,New York,3,3,Restaurants
6P-SAWkCd8UuNngLKIW8wQ,Lakeshore Falafel,Buffalo,New York,5,6,Mediterranean
dCjMmVa1sewpKysfxXMfpw,Salon Crave,Buffalo,New York,4,11,Hair Salons
_V4TwNu5bodA6z4_rgKTLg,Starbucks,Boston,Massachusetts,2.5,8,Coffee & Tea
jj63iNdANCbBLbHxPvUIwg,Villa Madina,Brooklyn,New York,2,16,Restaurants
m0Fenek_9hSPCLZux2h8ww,TD,Buffalo,New York,4,5,Financial Services
hfzkyrcsEaRcQZoaTAt8ww,Restaurant Phuket,Wellesley,Massachusetts,3.5,13,Restaurants
36pB0QVVNZuOLV_UxosbAQ,Marmite Su'l Feu,B0st0n,Massachusetts,4.5,11,Cajun/Creole
gtOhzC8QWTACjEt9atLKzQ,Back In Motion,Manhattan,New York,3,5,Chiropractors
X46mymnTc04uhlXPqmq7qw,Dindigul Thalappakattu Biriyani,Manhattan,New York,2,8,Restaurants
Enlq1TYQ_QAu7Fw1aujXxA,Budget Car Rental,Buffalo,New York,2,5,Car Rental
cdTlFbFNRukbm9VXjRtmWA,Just Temptations,Ithaca,New York,3.5,3,Bakeries
K4-J1A_ZIzG2yNkee0KOaA,Keung's Delight,The Bronx,New York,3,89,Restaurants
KoDh-p9GXLA4D5YY8Irlew,Yelp's Power Up Party,Manhattan,New York,5,12,Local Flavor
JrfBjcUJBYwMLPpP8oL48A,Mocha Mocha,Manhattan,New York,3.5,42,Restaurants
DBzIH3gX6Qf2hedvHb02UA,Ali Baba's Restaurant,Manhattan,New York,4,13,Mediterranean
_vZ7bHaGCjllogiZ7RH17w,Origin North,Manhattan,New York,3,153,Restaurants
2LrMcbRnJvp9BC22hgZulg,Okia,New Bedford,Massachusetts,3.5,6,Restaurants
dtIsT2opQvNNVk3RLOdYoQ,Allwyn's Bakery,Manhattan,New York,3.5,14,Food Court
CgTJQlnMFE0GKLeiTA5hnA,Vintage Grounds,Manhattan,New York,4,3,Fashion
fh2orgchOaQk7jQn9Kk6Vg,Fade In Cafe,Manhattan,New York,3,6,Religious Organizations
lcp_eVp7keL1TEBzcYkpzg,Warehouse Wines & Spirits - West Village,Manhattan,New York,2.5,6,Beer
hXB72crkUuzBH9CDONTmew,Scarsdale Tandoori,Ithaca,New York,4,8,Restaurants
XD0LjNuPPwJPsTAHecUh7A,Carrabba's Italian Grill,Manhattan,New York,3,168,Italian
IZkxEGnSHctJTLocK8PhLQ,Warehouse Wines & Spirits,Manhattan,New York,3,4,Food
zjQ7mm9hmJblIYwecGlbkQ,Big Al's,Brooklyn,New York,4.5,7,Aquarium Services
lBNP0_mtkSbEgKiedSyRvw,We Print What You Want,Buffalo,New York,2.5,3,Women's Clothing
0uAqmdhioZhlgdihsWRyQA,First Impressions Dental,Peekskill,New York,5,3,Dentists
mLaYeHwh8wm5KT-trZVL0Q,Gusta,B0st0n,Massachusetts,4,7,Vegan
3ohJ9WQLb5Cbb_j1zdJ-xg,Fabarnak,Manhattan,New York,4,120,American (New)
BiVfSNSc_M45QMAJEE9iow,Turtle Jack's MuskLenox Grill,Buffalo,New York,3,19,Gluten-Free
FCco1kEF4tjZhz-IPxdk0Q,Doug Miller Books,Manhattan,New York,4,15,Bookstores
dsvFUqrhytVmKXCW7bKNhA,"Matthew Serrick, DC",Manhattan,New York,4.5,27,Health & Medical
7qdb7MIMzXYg2L2_bHg3_Q,Home Outfitters,Poughkeepsie,New York,2.5,3,Fashion
8kfNHU8Uo7GTIpWnMcLW6A,Scooter Girl,Manhattan,New York,4.5,9,Toy Stores
cjOTiM029haRXhfUAZrZ7A,Bidon Taverne Culinaire,Taunton,Massachusetts,4.5,13,Restaurants
i8Hin3HgubM7fz8C0xNIew,Formula Honda,Newark,New Jersey,2.5,4,Auto Repair
qnpvw-uQyRn9nlClWFK9aA,Wild Wing,Buffalo,New York,2.5,6,Chicken Wings
hQA1JdUPtNkAtbghtAa6ng,Get Detailed,Elmira,New York,5,10,Body Shops
C9O56wJPzmB8YtzOoy_bBA,Sushi Shop,B0st0n,Massachusetts,2.5,7,Sushi Bars
ZdYpLTSAsp7zoz_yGGqjkA,Estia Cafe,Manhattan,New York,4,3,Food
ogNJTdKs3YG0wlxjWfa_-A,Top Tea,Manhattan,New York,3,9,Restaurants
8gL8Gkmyx9z7ZIgjmAK1hQ,Palermo Pub,Utica,New York,3.5,3,Bars
Mh3BljUFOtGwjdg_Gsol1g,Katrina's Greek Village Grill,Smithtown,New York,4,5,Greek
TRLi-uOOcQFXWE7aeXFGRg,Downsview Chrysler Dodge Jeep,Brooklyn,New York,1.5,3,Automotive
fBc7O6Vw659tnWzRFNYG4A,Spero Ristorante,Queens,New York,3,8,Italian
cIwYOpu2yJuVXtW44aQcrw,Museum Subway Station,Manhattan,New York,4.5,7,Train Stations
8PyZKzrAVEb0_T7dievHeQ,Weinstein & Gavino's,Waltham,Massachusetts,4,19,Restaurants
XYnhQq6aUSVcYXymsfngcA,Bienvenue en Inde,B0st0n,Massachusetts,3,15,Indian
YK313oIaYb8Z2NQHL1NWBQ,Restaurant Fourquet Fourchette,B0st0n,Massachusetts,4,13,Restaurants
NeKMiGC0OmFHsRB-1KOGuQ,XTC Fitness,Buffalo,New York,2.5,4,Shopping
nxL2lOZzJctHalnIQNbOQg,BeHot Yoga New York,Manhattan,New York,3.5,25,Yoga
LrV-p6qjW-GxaMBTQpn2BA,Restaurant Maison Shing DO,Fall River,Massachusetts,3,4,Restaurants
RVQheBLRMFpaoKXqZ84a4w,Union Lighting & Furnishings,Manhattan,New York,3,14,Furniture Stores
63in7ND_-TPVVI_J12JLRA,Robin des Bois,B0st0n,Massachusetts,4.5,46,French
b9SRiR65qYx1pfpNo-9mpA,Le Victoria - Maison de Café,Cambridge,Massachusetts,2.5,3,Cafes
Nxs7lhfa_T_Y87HzOxR7pQ,Mobilia,The Bronx,New York,2,10,Furniture Stores
G8FqrrQ8GrWmBXERqsOJVQ,Aubut,B0st0n,Massachusetts,4.5,10,Food
iZtv9s9lBA6DviQ2Mbm-SA,Mumbai Sapphire,The Bronx,New York,2.5,5,Restaurants
rkfwxvOjIzgZiv2XdMC8_Q,Mendocino,Manhattan,New York,3,4,Women's Clothing
WTGmtvIE1v9uEBZxiyXImQ,Maizal,Manhattan,New York,4,88,Vegetarian
XO1GL-fIGtwGaXnsJHcU2A,Rochesterville Salon & Spa,Manhattan,New York,2,4,Beauty & Spas
_ATmZqlmuBpOnUQSAcaODA,Crocs Store,Manhattan,New York,2.5,7,Shoe Stores
1tuA2XHiwL2NKl_ZwnPXjg,Pizza Show,B0st0n,Massachusetts,4.5,6,Restaurants
3hpCwht6R4CjmmnhH2wHqg,DetailnPlasti,Manhattan,New York,5,3,Auto Detailing
sDwwMNFTwYybM4FD26hVNQ,Misoya Sushi,New Rochelle,New York,4,11,Sushi Bars
jH--WJWy_2REiw445Le6IA,Bubble Tease,B0st0n,Massachusetts,4,3,Restaurants
dBI7dleKcbOfM8MlJCu7PA,Burgers Etc.,B0st0n,Massachusetts,4,3,Burgers
BYDs_o6U4CLxJec8k1Q90Q,Poke Guys,Manhattan,New York,4,239,Hawaiian
2wXh5DZoX6aTr9diKtVqDi,Mouton Vert,B0st0n,Massachusetts,4.5,11,#N/A
Qa7dMfFeFA9gymyUune1ow,Pho Kim Restaurant,Haverhill,Massachusetts,2,4,Restaurants
mLP2kJvOR0rDvqAe2mhovg,Freshii,Manhattan,New York,1.5,19,Restaurants
_lY--h33OC_uJ0iumOMwUw,The Digital Smoker,Buffalo,New York,4.5,7,Shopping
qnd5kCQyIGwmbPb0negWgw,Salon Hair Care & Beauty Supply,Buffalo,New York,4.5,3,Cosmetics & Beauty Supply
Uq-GOs9_IqweUsB5MdII9w,Emma's Country Kitchen,Manhattan,New York,4,280,Food
ulPMz1hqKmSYTE0pwR46ew,Newton Trelawney Property Management Services,Huntington,New York,1,4,Home Services
qqPOnyzMVpk-TYsl1Mf5-w,Scruples Salon & Spa,Oneonta,New York,4,8,Beauty & Spas
YifQ-70WhBjNq4cYRU9vEw,CVS Pharmacy,The Bronx,New York,2.5,4,Drugstores
BsZ7iMblcaObTN9V_uoy3g,Fiesta Gardens,Manhattan,New York,3,5,Shopping
9L8UgjIvLfwylrFacB2HuA,Café Holts,B0st0n,Massachusetts,4,14,American (New)
8SEzXjfBqjdtrf0P_tGptg,Dak Lak Vietnamese Coffee,The Bronx,New York,4.5,14,Food
8GF7HlozG0FajwjSMoGJDA,Hair By Nature,Manhattan,New York,2,7,Beauty & Spas
sdCTNVvCvB2O3Qy_xtB9rA,Maranello Cafe,Buffalo,New York,4.5,3,Italian
Edvhkok6G-f2nANwM6RkEw,Bebe Children Clothes,Manhattan,New York,3.5,4,Fashion
6F0MUn8YiCZvckTeyGd9Wg,Eggs For life,Cortland,New York,3,4,Restaurants
Xjg178LCK4_v9svmsD2vZQ,Dunkin',Niagara Falls,New York,2.5,7,Food
RT0xDJ37iN6vq5uSoYJNTw,The Playpen Restaurant,Manhattan,New York,4,9,Diners
U2-KPK_ybCJa86jLyFLXOQ,Menchies Frozen Yogurt,Ithaca,New York,5,4,Food
72S_eNMpbbSL2kRgzy-iXQ,Buffalo Wild Wings,Buffalo,New York,3,42,Sports Bars
pnf9vsKdniTLHUrbpbZu4A,Wildflower,Manhattan,New York,2,3,Nightlife
bBZePNzvzABkuOYnizBESw,The Village Grocer,The Bronx,New York,4,32,Food
mOUOQmxuUekeUqYGVi4JXw,Sao Sao,Haverhill,Massachusetts,3.5,3,Restaurants
ZfFifdcLPSqr2BtIgZO2Tg,BraeBen Golf Course,Buffalo,New York,3.5,5,Golf
4XYug72FsqWjM79JXKNZxA,Pantry,Manhattan,New York,4,4,Grocery
awRW2hZfE1JFAzAiyNcEVw,Summerhill Market,Manhattan,New York,3,7,Food
stMft_Zx7r42l9UlVFaLjw,Burrito Boyz,Buffalo,New York,3.5,24,Mexican
cMrCi3nAcBi3aUKDRAySiw,Big Mamma's Boy,Manhattan,New York,3.5,12,Gluten-Free
NSiGpggvFKBBXyxL7fMArQ,Printorium,Manhattan,New York,3.5,5,Printing Services
imkuIUCjNwqlTj6swv7lmQ,Luca e Franco Osteria,B0st0n,Massachusetts,3.5,7,Italian
UmZabXjUjTVekZlys2Ao8A,Galleria Shopping Centre,Manhattan,New York,2.5,23,Public Relations
JsVLvKCgI03tqyjy1B2d_g,Cafe Landwer,Smithtown,New York,3.5,31,Restaurants
Da1wKWu_ma26i71GKtWDrw,Decadent Desserts,Manhattan,New York,3.5,11,Desserts
zRmGWov54JbpdrWpuZuqwg,Wal-Mart,Ithaca,New York,1.5,9,Department Stores
F_Y0C7vHbie6XwzH0uAJYA,Portico,Manhattan,New York,3,10,Beauty & Spas
4fhgdaPJVHwx4VeNWKYblQ,Wazema Ethiopian Restaurant,Manhattan,New York,4,12,Restaurants
Rwj49QLS4FhZUyD_FzFGFg,Dutch Bros. Coffee,Buffalo,New York,3.5,12,Food
kkcbQSEPYK6p1R8RT_O0-g,The Great American Oil Change,Poughkeepsie,New York,4.5,9,Transmission Repair
zI4bQEU_jPnQDOsDDqGoGA,Lush Cosmetics,Buffalo,New York,4.5,8,Beauty & Spas
wSJrLwiC21tgO6_mq_xyWQ,Gold's Gym,B0st0n,Massachusetts,3,9,Gyms
Adk2VDmna8yso2WGEj8dlA,Christie Pits Pub,Manhattan,New York,4.5,6,Bars
jD4N1xRFZrcSxAfoKEqd6A,Kaiseki-Sakura,Manhattan,New York,4.5,6,Restaurants
8AnQLZau775I1acTSSVh_Q,Peter's Hairstyling,Manhattan,New York,4.5,3,Barbers
zzf3RkMI1Y2E1QaZqeU8yA,Massage Matters,Manhattan,New York,4.5,32,Medical Spas
4MpINkjEExYsHCHQy-ZG7A,Walmart,Huntington,New York,2,5,Fashion
O8Rfhvrad3IMhfu2IhqHGQ,Roots - Brookfield Place,Manhattan,New York,4,3,Fashion
JYwXO_3PwLkTy3TzrX3JbA,Belle Province,B0st0n,Massachusetts,2.5,4,Restaurants
ZCNlRDCkDUoWmUOsSNq81g,Restaurant FamiLi,B0st0n,Massachusetts,2,3,Restaurants
a2gH2yFOCx6qkROlya1NCQ,Koa Lua,B0st0n,Massachusetts,3.5,23,Hawaiian
_100eEcCeQNu8Yz9Crlzhw,Food Depot Supermarket,Newark,New Jersey,2,5,Food
dqST39RCLARoZ1JvfVHwag,Barre Life Fitness Studio,Utica,New York,4.5,3,Fitness & Instruction
bIioipKX2IiES22VDFsytQ,Deal Find,Manhattan,New York,1,23,Shopping
U6Xg4m-nCFnf0QpFjfAIKQ,Civello Queen St. Salon & Spa,Manhattan,New York,4,122,Massage
eVI5yxMGfcYht-J70FP4rA,Amma Roti House,Manhattan,New York,4,10,Restaurants
6ymodBf1UW4bofBZTdvGOw,Patisserie D'Or,Utica,New York,4,3,Bakeries
SV9a5efxEVkVYW6hQHe7Iw,Coco Loco,B0st0n,Massachusetts,3.5,20,American (Traditional)
6qkNhpgMYE6y3eHurFq6yw,MAI MAI Restaurant,Poughkeepsie,New York,3.5,25,Chinese
QHZw2L6LV1qmExNJbfhIsQ,Skyview Fusion Cuisine,The Bronx,New York,3,106,Restaurants
E1O7FJ9NifBGiKUyQtcd0Q,Ambrosia Natural Foods,Ithaca,New York,4.5,3,Specialty Food
3HfmB1xXYFFMdWqqyFLxkP,David Gerber,Manhattan,New York,3.5,8,#N/A
Z9AJNQoqQ1azetpCFPGDbQ,Clinique Dentaire Du Vieux Boston,B0st0n,Massachusetts,5,4,General Dentistry
f51YniULra1Fz01jwILh8Q,The Ceili Cottage,Manhattan,New York,3.5,117,Pubs
6eaQfA4WDBhZ-YNGeJfDeg,Bagel Ste-Rose,New Bedford,Massachusetts,4.5,7,Restaurants
fHyAQpEPntfcKUCmtT1J5w,Il Panino Café Mediterraneo,B0st0n,Massachusetts,4,9,Cafes
6qRGUJwa_W5T_VXvnbj0gw,Cobs Bread,Buffalo,New York,3.5,6,Bakeries
1R8L7DwwFY4G38n34Glt3Q,The Ten Spot,Manhattan,New York,3,26,Skin Care
pofDmHoIsdvPcSKzb2iMag,Sky Dragon Chinese Restaurant,Manhattan,New York,2.5,118,Chinese
ZDCacYqNdssKt1eFn3Qh4A,Star Nails,Manhattan,New York,3,16,Nail Salons
atucAE6Ik182bBViOcgqOw,Oak + Fort,Manhattan,New York,2,4,Shopping
W0ya1E9jp1yB8IFiGxr4fw,Symposium Cafe Restaurant & Lounge,Plattsburgh,New York,3,14,American (Traditional)
hcH1Njh_YMP3IHQopGAvcA,Seara Bakery & Pastry,Manhattan,New York,2.5,6,Food
xoETL4WaB538FAVAVZJ8ow,Quesada Burritos & Tacos,Dollard-Des Ormeaux,Massachusetts,3,13,#N/A
42jpss_f5YQrOfTNOiq7mA,Addison Chevrolet Buick GMC East,Buffalo,New York,1,3,Car Dealers
Mn8PTuxCUu1A2_RlwXv3kw,Vintage Garden,Manhattan,New York,4,13,Restaurants
lNfuEUg8nxVG6RctMV5Qcg,Sky Zone Ithaca,Ithaca,New York,2.5,5,Trampoline Parks
4UuygjFYAE-qhCWWXycquA,Wooftown,Manhattan,New York,4,17,Pet Stores
ttuEwktrkmh3TUlSFPZqAA,Banh Mi Boys,Manhattan,New York,4,377,Asian Fusion
q-GWafFE7BIu3XadIAG4JA,Costco,Berkley,Massachusetts,3.5,5,Wholesale Stores
NXOtO23eUQK0odEirJ80Pg,Hard Rock Cafe,B0st0n,Massachusetts,2,6,American (Traditional)
ln0ut1SD_uBEjTnEiaFFUw,Miss Pho,Ithaca,New York,3,5,Restaurants
_QZz6uVd43G3V2QqE5RIHw,Le Fromentier,B0st0n,Massachusetts,4.5,21,Food
1jdZuhFDFiAtgZIo4WyhEg,"China Town, New York",Manhattan,New York,4,9,Shopping
_5DfZQiT4HavxLgfdejpXQ,Groom & Associates,B0st0n,Massachusetts,5,5,Employment Agencies
fCNer5lt_9JyZZ23k4-BAQ,Thair Hair Boutique & Spa,Manhattan,New York,4.5,12,Day Spas
LvsSh7ojoyCjNqqrl95iwg,Athens,Pittsfield,Massachusetts,3.5,5,Restaurants
TR0-w6VoZDAdvFQiq7P2Ug,Millie Creperie,Manhattan,New York,4,309,Japanese
zDPF7vf3DMI-fJm0L4Idmw,Crazy Cuts,Manhattan,New York,3.5,6,Shopping
lrWS74jcGpdaG2bOHtzl7Q,Trader Joe�s,Brooklyn,New York,3.5,4,Caterers
KvfaPsLlpOZAF276Lpvm4w,Tealicious Tea House,Manhattan,New York,3,37,Restaurants
C9keC4mWuXdl2mYFHZXudQ,Uncle Otis Clothing,Manhattan,New York,5,13,Sports Wear
lXSufkhgTNT8griDgw01NA,Turquoise Wholistic,The Bronx,New York,4.5,4,Health Markets
P-RaKOrY19LalAlqHMbuQQ,European Optical,Ithaca,New York,3,3,Eyewear & Opticians
fb52z4BrlIn7MPNGec8O3Q,Philthy McNastys,Manhattan,New York,3.5,3,Nightlife
u2ETlHOcFdRz4BxcdfsK0Q,Bangkok Garden Restaurant,Manhattan,New York,3,108,Thai
Wp0A8vLxoJ3NugPUhncZjA,"Doris Jelacic, RMT",Manhattan,New York,5,3,Meditation Centers
eGP9T_kj0iM5h3MciSQjSw,Brar's Sweets & Restaurant,Binghamton,New York,3.5,87,Desserts
QX96lCxUkkXTZiEEO9Sv5Q,St. Andrew's Playground,Manhattan,New York,3.5,5,Active Life
aHhAk2LYz1nm6Vnln5O10A,The Riverwood Conservancy,Buffalo,New York,4.5,12,Active Life
ctTiEiUTY_FvnZ0ovBeZWQ,Ho Ga Oriental Cuisine,Manhattan,New York,4,12,Asian Fusion
PeshDxLl_4kVfmqICGlvgw,Above All Electronic Surplus,Manhattan,New York,4.5,10,Electronics
k-kYbovXIa8CenGs0Tr3Rw,Bonne Journee,Manhattan,New York,4.5,6,Bakeries
m2xeKBhS0szlm7xfU5b8ew,Buffet Palace,Manhattan,New York,2.5,41,Buffets
23VXMGHyYl7piQSPMoGOyg,Lansdowne Subway Station,Manhattan,New York,2.5,5,Transportation
t5JKO7n_o4pMhivCpGW9MQ,Hottexhaust,Oneonta,New York,3.5,11,Automotive
wk6aHP-vxv9dhmmJVDWnPg,Crews & Tangos,Manhattan,New York,2.5,57,Bars
0O5JOpj-kSsQ0FUCaRPXPg,Rehab Bar + Lounge,Utica,New York,3,6,Dance Clubs
t_1myTZfYeEQ07Jr8JEF5Q,Au Pied de Cochon,$hrew$bury,Massachusetts,4,52,Soul Food
6G_S11aSDjdYnvqRaF24_w,Scruffy Murphy's Irish Pub,Manhattan,New York,3,31,Cajun/Creole
VWn0-myNv9SkyozBr2hJ0w,Restaurant Y Lan,B0st0n,Massachusetts,4,9,Vietnamese
whlf80TxfwYCPSMqmXXpjA,Revitasize,Manhattan,New York,5,5,Food
wv2_vvpPADy2_jEeno6mTQ,CanaBee Baby,The Bronx,New York,3,10,Shopping
MDsRuzo3L1uL8WC7VQVCGg,Lucas Coffee Shop,Brooklyn,New York,4,4,Food
An13-_tazw3KTfYCzgoy0g,Rabba Fine Foods,Manhattan,New York,3.5,10,Grocery
ZsA4JEarDfSf-U5mYbXtJg,Bijoy's Restaurant,Cortland,New York,4.5,24,Canadian (New)
a9vXCXANnHXKennnHzQCtZ,Stellar Auto,Brooklyn,New York,5,3,#N/A
FNY91rHQx9OBfT7r6FOKhA,Felix & Mr Norton,The Bronx,New York,4.5,56,Food
Js0YIHsfsQCcsUoUF5JFSw,Leslieville Farmers' Market,Manhattan,New York,4,7,Food
jNw0Lnb_HVfhFVWe5q-qmw,Terrazza,Manhattan,New York,4,37,Restaurants
WVAvGK24DQ9FdsEHBqIygQ,Mi Taco Taqueria,Manhattan,New York,4,63,Mexican
PL-GNY3O6WBl5l4f1LZYPQ,Body Revival,Binghamton,New York,5,7,Health & Medical
PI_381xkNGQzMDl-fAto7Q,Jack-A-Billy,B0st0n,Massachusetts,5,8,Pet Services
1jUL-Zp36eAKQ1-d8MGvLw,Pushpa's Esthetics,Poughkeepsie,New York,3,16,Beauty & Spas
S_HGcJXKZ9_RSasDW_xivg,Carl's Jr,Manhattan,New York,2.5,17,Burgers
hpte2mkCkY-CNg9OREQrMA,A&W,Manhattan,New York,3,17,Fast Food
D_s16LOzlDkLwa4S8QPabw,Port 229,Buffalo,New York,3.5,34,Seafood
a0epECkZLIs5TkKtDNuyAg,Chuck E. Cheese,The Bronx,New York,3,15,Italian
VWMpdCvxo8O-iv-1ZoWvzw,Stasis Preserves,Manhattan,New York,5,7,Specialty Food
8CL8Ys3H9Fb3pH6qlRZVKw,Cuchulainn's Irish Pub,Buffalo,New York,3.5,18,Irish
FL_UG4G1btvH5K3TVDvnew,Bagel Nash,Manhattan,New York,3,9,Food
sXbxzcPrxj-qTHWqoJd3CA,Cafe Frappe,Manhattan,New York,3,8,Coffee & Tea
PjzLPyDJUS77bQgXrSsN9w,Sergio Benetti,Manhattan,New York,4,4,Fashion
zATVmaDUd1Jr6DMm4yQgrg,The Home Depot,Niagara Falls,New York,1,7,Automotive
kjgatxWIFRvCOT75IP37qA,Casa Di Giorgio,Manhattan,New York,3.5,3,Restaurants
KpnStsMtEyvIQOdGA1ssUw,Royal Rochester Animal Hospital,Poughkeepsie,New York,4,8,Pets
wyNtE5qN35asNZpX55W3sw,Carrabba's Italian Grill,Huntington,New York,4.5,10,Restaurants
kuL9uUKwgwmN2DmANgcDjQ,Whole Foods Market,Utica,New York,3.5,25,Organic Stores
pSdJFoMvB26sGz1vta5ebQ,Fair Trade Jewellery,Manhattan,New York,4.5,10,Bridal
1SknhuCmaR0PIIjQY3e6eg,Burger's Priest,Manhattan,New York,3.5,203,Restaurants
6W6HfPk1umIjiFFTdtEdcA,Ricoh Coliseum,Manhattan,New York,3,20,Venues & Event Spaces
1wbG3HVn9c2abfAdrM0jAQ,Alma Natural Spa,Manhattan,New York,4.5,31,Day Spas
rSKWpGKiaGkMZeX6ixb2Og,Pizzeria Sofia,Haverhill,Massachusetts,3.5,26,Pizza
tXiAJ44hoieL0XqqI93BDQ,iFLY New York,Utica,New York,4.5,15,Event Planning & Services
70-d5ojKLTscIcC7RBo5Lw,Bicycles McW,B0st0n,Massachusetts,5,4,Local Services
6K_9C9qQ5sDrmbtEQKjU_g,Mi'hito Sushi Laboratory,Buffalo,New York,4,51,Sushi Bars
iZZ61xxODHXz9CdbEA3h4Q,Dunkin',Waltham,Massachusetts,4.5,3,Coffee & Tea
WrKAFRFcx6GiLYR4Pshtgg,Mezza Notte Trattoria,Brooklyn,New York,3,42,Italian
9yMoy_fz5C0qDMrVVLBM6Q,I-Fancy Beauty Salon,Brooklyn,New York,4,8,Nail Salons
hf-bDGKfoM4lyxrlpN92wg,Bubble Tease,Manhattan,New York,3.5,46,Food
hupi6kGVTvEn8Q0VG_F25A,Bruno's Fine Foods,Brooklyn,New York,2.5,6,Specialty Food
-8hAGEWRSKtpLZ8e3L2xhA,57 Cals,New Bedford,Massachusetts,4,16,Falafel
8PYmhRDQbCFvbhSAnZGEdQ,NYC Service,Manhattan,New York,4,4,Departments of Motor Vehicles
V8sHG4H0a5oiqbc-qAS7LQ,Kanda,Pittsfield,Massachusetts,2.5,15,Restaurants
YKbJP76PSTRXqTU_GNKoeQ,Politica Resto Bar,Manhattan,New York,3.5,19,Italian
qjJ1i0pL627vmuITdzgCOg,Animal Emergency Clinic of Durham Region,Syracuse,New York,5,3,Pets
59c3Cp-p5i18xFCKUuCkFQ,La Vecchia Ristorante,Manhattan,New York,4,200,Restaurants
619CSpVaR22mMfYSj9nY7g,Vacuums Plus,Manhattan,New York,5,11,Professional Services
6R75fHJ_chR0LZT_7RZ92A,Vienna Bakery & Cafe,Niagara Falls,New York,3,11,Food
9rVEHf9BayM8e5ekOfxPvw,L'intermarché Universel,B0st0n,Massachusetts,2.5,5,Grocery
y3gM-UEEIgN3GBhAjcIEyA,Parpar Boutique,Manhattan,New York,4,3,Accessories
54_git0HB9xRH9o4FCPFfQ,Tam Tam Mont Royal,B0st0n,Massachusetts,4.5,33,Local Flavor
p0oPR5mjAf12n5__vidhSw,Nice One Nails,Manhattan,New York,2.5,13,Beauty & Spas
yoGlBpx5tFUYqLJ9YmcdjQ,Air Transat Holidays Administration,Poughkeepsie,New York,2,5,Travel Services
8gbJ_oKfKzR_GOOFIHIHFQ,Chef's Door,Utica,New York,4.5,3,Mediterranean
8Lpoyo7RHWZrHlQW2JM2wQ,Kura Sushi,Buffalo,New York,4.5,61,Asian Fusion
6skW7bdvCNPOscfGxU1zYw,Bières et Compagnie,Falmouth,Massachusetts,3.5,5,Nightlife
3wbk266bDBg6LCAPxVcdWQ,Restaurant Zen Asia,Taunton,Massachusetts,4.5,3,Vietnamese
jbEUkJkX2yqCwQAHz6YV0g,Bobby's Hideaway,Buffalo,New York,3.5,53,Canadian (New)
JRJoKT0yQjVtkLPxNtzu8g,Apple Store Stoughton,B0st0n,Massachusetts,3.5,29,IT Services & Computer Repair
vZH4GbFHG9L93MzdhCqFfQ,Massimo's Fine Meats,Buffalo,New York,4,4,Food
Q-MFNKDGQ7Q5WrMmyJvcVQ,Siamese Thai Cuisine,Ithaca,New York,3.5,28,Bars
vmRxmH_GieFfCbb8HOeUeQ,Salon Spa Tentation,B0st0n,Massachusetts,3,3,Hair Salons
Dxp9SElV1f5MwPxIun_47w,Murphy's Law Pub and Kitchen,Manhattan,New York,3,82,Nightlife
C6JXlni7CnnAn8XI5ZXejg,Dignity Auto Repairs And Services,Manhattan,New York,2,5,Auto Repair
5dSrlAsETYORRe4nYmxDZA,El Taquito,Manhattan,New York,3,6,Mexican
V5vDC3Ml-tDVBq6Jr8EuAA,Sheraton New York Airport Hotel & Conference Centre,Manhattan,New York,3,22,Hotels
5Z8jKAmP-BAB-K7z9NqX3A,Havre-aux-Glaces,B0st0n,Massachusetts,4.5,21,Ice Cream & Frozen Yogurt
XmdJO7O0hrtlLwAQdibm4Q,Atsa Matta For You? Trattoria,Manhattan,New York,4.5,5,Restaurants
y-sRypoTK2L6EuozhEMQzA,The Central,Manhattan,New York,2.5,41,Canadian (New)
9ANHGGeqvPfv_W3ehFLWLg,Martindale Dental - Scarsdale St.,Manhattan,New York,5,4,Dentists
91elKBfGmpCwZoFeMBewZg,Second Time Around,Manhattan,New York,1,4,Fashion
LHY_-Kr2JqGHMn49xHjPZw,Island Princess,Manhattan,New York,3.5,3,Boat Charters
ckW8QYcTrwmqwQ6Tw7WJsg,Stella Pizzeria,B0st0n,Massachusetts,4,8,Pizza
Yr03NzsQVVtVphdQVcclkQ,White New York,Manhattan,New York,4,33,Shopping
EXTC1NVaJXRR6wnipgv9vA,Frank Malfara Service Station,Rochester,New York,3,9,Automotive
pMCK4ya4gnkuYNriWSt5ng,Harry Rosen,Manhattan,New York,3.5,29,Men's Clothing
cSbKzpOjMgWBb2D74ovmiA,Syracuse Shores Nail Salon & Spa,Syracuse,New York,4,7,Beauty & Spas
7eSbvHOOpRmEwywDOclevQ,Pizzaiolo,Manhattan,New York,3.5,21,Pizza
dbGpPQ9_Ft_99d-0IE6FWw,Bu,B0st0n,Massachusetts,4,4,Italian
6Z2feki4zwheuZhPlPYFQA,Boucherie du Marché,B0st0n,Massachusetts,4.5,10,Specialty Food
nDRSgG0kGS05KCHdvuSXgQ,Peter's Garage,Manhattan,New York,5,4,Automotive
3qTSOuJ-ZyU1L7o62KHSIg,Gio Rana's Really Really Nice Restaurant,Manhattan,New York,4,168,Restaurants
A8yT6LIlgRn18p1qbW9-ZA,Pamier Kabob,Manhattan,New York,3.5,74,Restaurants
Sopn2pODJej3xllcPjTu-w,Costco,The Bronx,New York,3,42,Fashion
_1wZ4ZbxWA_Qsm1-0UCreA,Kuni Sushi Ya,Manhattan,New York,2,19,Japanese
JtrBa5-T6QLXv3y5_ACTkg,Doo Roo Ae,Manhattan,New York,4,38,Korean
lN_mlnNrkhYe6IjsZCPxvw,Mercedes-Benz,Buffalo,New York,3.5,3,Car Dealers
9g1PWYfQ4UGW8hBtOlHTpA,Tom Trucker,Manhattan,New York,3,4,Movers
yklSVLflZ02xaoylbjtRjw,Starbucks,Manhattan,New York,4,8,Food
9Cqh3vLTKTjZkoF03Udrtw,Basha - Monkland,B0st0n,Massachusetts,3,6,Middle Eastern
dpLyHcRNCR--a8oSbqHXeQ,Sasmart - Smart Wear,Manhattan,New York,5,5,Department Stores
HPKZj8FYDNG6RKVlv5weRg,Gurts,Manhattan,New York,3.5,10,Bakeries
DN_cXMaeAUFFLm6eUOsNWQ,Indian Sweet Master,Binghamton,New York,3,28,Delicatessen
_w78YjNVPBpJMEqHTb3q0g,Starbucks,Manhattan,New York,4,6,Coffee & Tea
E1WG9lbypCMKlKhAjzWRsQ,520 BBQ House,Manhattan,New York,2.5,3,Barbeque
n_D9ni3-b7AfKH8AnCZp0A,Yogi's Pizza & Wings,Manhattan,New York,3,5,Food
xHZs155hCahZSrT3Cqrs8g,Mikasa,New Bedford,Massachusetts,4,23,Sushi Bars
Tuu_B0QGo7SQUuXW_Nd4hg,Pizza Pan,Manhattan,New York,3,9,Sandwiches
vpEeL1NA7rRyu0aD_g313Q,Canyon Creek,Manhattan,New York,3.5,32,Seafood
zNjylXcTRfNfBecBrVbIpA,Specs On Bloor,Manhattan,New York,2.5,7,Eyewear & Opticians
rfPU6W3fppa2F8oAOhNk8Q,Restaurant Le Surfin,B0st0n,Massachusetts,3.5,3,Restaurants
a_ciIZR8FKVtPU3G-UDvYA,Andrew's Formal Rentals,Manhattan,New York,5,22,Formal Wear
V0IW9zskzm8GNLyS46jf8A,ShrimpFever,Newark,New Jersey,5,8,Pet Stores
NrjzI_RhWLJBqWVustL2sQ,Buonanotte,B0st0n,Massachusetts,2.5,79,Nightlife
dGRTBM-KxycUoRVihI3Kyg,Sash & Bustle,Manhattan,New York,4.5,15,Shopping
yLURgS2DqvYyPjgqmH41Zg,Buffet Vichy St Hubert,Brockton,Massachusetts,2.5,4,Buffets
MEI_SAILs3-ihABduBAqwA,Thorncliffe Bowlerama,Manhattan,New York,3.5,4,Active Life
2gUlfNEmqFlugmT-uT1m_w,MUJI,Manhattan,New York,3,55,Shopping
e8LyJefmrtdrFwnCufhmSw,Glow,B0st0n,Massachusetts,4,5,Juice Bars & Smoothies
1AEALHEuoiM0aeU9FL3asw,International,Buffalo,New York,4,3,Sports Bars
36vIOefMiKQgBY7PSMTfAQ,William's Shoe Store,Manhattan,New York,4,4,Fashion
CG4z-yLMWFhrMc-65kC7gw,Laser Quest-Niagara Falls,Niagara Falls,New York,3.5,17,Active Life
iX4usy_Z99UgS1tLW6jpzg,Labrosse,B0st0n,Massachusetts,4.5,3,Bars
pKNTqz0ms5atE39J1l4NzQ,Martin Grove Volkswagen,Oneonta,New York,2.5,3,Auto Parts & Supplies
3m5Bh1AoDIDY4OwNadqSnw,The Thai Grill,Manhattan,New York,4,10,Thai
7zW2T9P0kgzO11F30HWvjg,La Boutique Noire,Manhattan,New York,4.5,3,Women's Clothing
s-9EOPYZ_M24pB8zjSnFUw,Bánh Mì Banh Yiu,B0st0n,Massachusetts,4.5,10,Restaurants
b13pUQ9-zPZtQd-9V6mFug,Chuck E. Cheese,Manhattan,New York,2.5,20,Pizza
JDHw4ADjfnhfnILP1FoL1Q,Ichimi Sushi,Manhattan,New York,2.5,4,Sushi Bars
RV51zDQvtmjMqhtw8wy1lQ,B Korean BBQ,Manhattan,New York,4.5,5,Restaurants
6mAyUJE0DI11jH-k7MX80A,Montana's BBQ & Bar,The Bronx,New York,3,29,Restaurants
9b40Hn_R4bODr3N-AHtWZw,New You Spas,Manhattan,New York,2,6,Health & Medical
5GhwdPodZMhVoW4fBVv8OQ,Resto Mon-Real,B0st0n,Massachusetts,3.5,4,Breakfast & Brunch
jRmDrZt6w5cKTJTDfX2X2A,Vivaldi,Chatham,Massachusetts,4.5,16,Event Planning & Services
t0X2qtlJYYKwhOxH35rrKg,Mariko Japanese Restaurant,Manhattan,New York,2,5,Restaurants
hJaIoQW0h9uFPumX_JqJbg,Crazy Nails,Newark,New Jersey,3,11,Nail Salons
bxcVRvqq37Z_8J0tnL78rA,Grey Tiger,Manhattan,New York,3.5,18,Vegan
GAgEoHcf4PSuZRS5Zd3ltA,Q's Shawarma,Manhattan,New York,4,11,Mediterranean
Mh9pUksi_zukLdwDlgG7BA,Timothys World Coffee,Manhattan,New York,4.5,5,Coffee & Tea
D-6q0sf1Zc6ptMWoC6oVPw,Sam's Menswear,Ithaca,New York,5,3,Shopping
GObX6Qx_avDoZk-PW7AMpQ,Allure Body Bar,Manhattan,New York,3.5,19,Waxing
cyGpoXCS4RVib3vEDs-iMw,Serious Sandwiches,Manhattan,New York,3,5,Sandwiches
XugCgJqRQgNGeiycvTybjA,Mamma's Pizza,Manhattan,New York,2.5,3,Restaurants
OGMWhyH2j6BqApJ_xLRd8g,Restaurant A La Vieille Cheminee,Wellesley,Massachusetts,4,4,Restaurants
0FIeULvI-SSjvZ3riH8BRw,Thai Golden Bell Restaurant,Queens,New York,4,22,Fast Food
WA7sC64kCRstywm2EgZXEw,Pasha Authentic Turkish Cuisine,Manhattan,New York,4,55,Turkish
RP6LTJlIYH4dWyCCTexFvw,Spin Dessert Cafe,Manhattan,New York,3.5,10,Restaurants
sg9HzFWNuoFwcDVsCGKg4A,The Shoe Room,Manhattan,New York,4,4,Sporting Goods
rcjw4QjAbu1jvW6gSNvRlA,Thai Island,Manhattan,New York,2.5,19,Vietnamese
NbaP_lZTns_GbTSkQz_KIw,Nks Banquet Hall,The Bronx,New York,3,16,Event Planning & Services
I-3pI0DeW3VYJ6mpUyDNSw,Banana Republic,Brooklyn,New York,3,5,Shopping
l58jSzFpteauvnhtczAgMw,Restaurant La Nouvelle Lune Indienne,B0st0n,Massachusetts,2.5,10,Pakistani
nNXWAj9GVYP55IN3OFRh7A,Raffi Jewellers,Brooklyn,New York,3.5,3,Shopping
oejQ4bWsJaKszf98xjNrrg,Abruzzo Pizza,Niagara Falls,New York,4,158,Italian
WblSNKSAPhfBAWIZFLGFFQ,Leather & Sewing Supply Depot,Manhattan,New York,4,14,Fashion
mh_6-SMr4EudgL2OqD7YvQ,New York Institute of Bartending,Manhattan,New York,3.5,5,Specialty Schools
_ph4A6c_Fx2E7SsPBZvPaw,Olive Pressée Olive Oil,B0st0n,Massachusetts,4.5,3,Specialty Food
Jzy_ENGzkgDMOcECyiacoQ,Wimpy's Diner,Binghamton,New York,4,5,Diners
u5XWrLv6uo3i_rhxH4wLDA,Denny's,Manhattan,New York,3,5,Burgers
N0_PHoyv48njSRK-FrhUEQ,Pawfect Cuts Professional Pet Grooming Salon,Manhattan,New York,4.5,8,Pets
bOJvy6tIi5TkoKZswA6UPQ,Musée du Boston Juif,B0st0n (MA),Massachusetts,4.5,5,Museums
oR0a8o24L237PWYCRAF4cQ,Restaurant L'espiegle,Billerica,Massachusetts,3.5,4,French
mCi6_rVAYZUqJQeMXNRlJw,Paramount Fine Foods,The Bronx,New York,3.5,23,Middle Eastern
GWi2y-m_JhR_qTLqyfcgIw,The Mirage Bar and Lounge,Binghamton,New York,2,6,Hookah Bars
CF3VHl1l92MX8hwxFUDrDw,Soubois,B0st0n,Massachusetts,2.5,24,Canadian (New)
Yo0TeWJhaxVR7llRmZz2kw,Transmission Depot,Manhattan,New York,3.5,3,Automotive
0Bgxi2tK4Aby45W5omlhVQ,Airport Strip Club,Buffalo,New York,3,3,Dance Clubs
IB8Y_xlVPMpfsJwR_gbquA,Starbucks',B0st0n,Massachusetts,4,6,Food
8nU1ykI-GTtiMGN-AqPhhA,Apple Store,Queens,New York,3,10,Local Services
HPavppcJB3oQpIGbOqgtzw,Terrace On the Green,Binghamton,New York,4,8,Restaurants
V1QqMRnusTzzgfywd3OYsw,Zaika,B0st0n,Massachusetts,5,4,Indian
vYbpodi9utup_njMK5PAfw,Nudo,B0st0n,Massachusetts,4,127,Restaurants
093HgvfAw4a0Qh6_Naq1fw,Thai 5 Cafe,Niagara Falls,New York,4,26,Fast Food
2xw-Ksu9b2jDYlZaApXcBA,Indian Roti House,Manhattan,New York,4,126,Restaurants
H0eHlmK38XGG3sLnNU7ObQ,The Victorian Tea Room,Ithaca,New York,4,7,Tea Rooms
ciLDFn1QWQjl6n27QKOzWg,Sam's Pita & Grill,Buffalo,New York,3.5,12,Food
XRWr5Vn_Gb60yrD5FETT5A,Divino,Fall River,Massachusetts,3.5,19,Restaurants
zu8Wj0gkbdnia7Dt4grMkQ,Energy Shack Juice Bar,Manhattan,New York,4,14,Food
A_hY8kcA9237y-uNVJPzew,Orchid Cafe,Manhattan,New York,2.5,3,#N/A
t5mTYSaFtxiDGWVVR_A6qg,Cool Runnings Restaurant,Manhattan,New York,4.5,69,Restaurants
SV1ObBcHvXuUM2X0Ee2OrA,Saba's Sugaring,Manhattan,New York,5,4,Nail Salons
VAhDMG64OqR3WNODHMhMtg,The Dog's Bollocks,Manhattan,New York,3,67,Restaurants
yVpRpdQayKW_nK_W9wIRZg,La Maison Thai,B0st0n,Massachusetts,2.5,11,Thai
uwfDhVcCirSERpCL0qOtVw,Cyclopedia,Manhattan,New York,5,4,Local Services
eyrT84zf4NKs-Zv84O-6DA,Laffa Laffa,Manhattan,New York,3.5,6,Mediterranean
BpJlQ1yJKSL_hMSlm1dKHQ,New York Underground Market,Manhattan,New York,3,26,Street Vendors
_w4Sq611guDU1Dn-huFvIQ,Green Garden,Manhattan,New York,2.5,6,Flowers & Gifts
slJCDYKIEhnAcAi9XPZOoA,Ellen Starr Psychotherapy,Manhattan,New York,5,3,Counseling & Mental Health
KK_B9KvfGzOfJ7tMyliLBw,PiesAnna,Cambridge,Massachusetts,4.5,3,Restaurants
XaY06L1jMH8LQ3HrESPJ9Q,Kato Animal Hospital,Manhattan,New York,5,5,Veterinarians
hUUc0oOabym0V6nIB-oQhw,Spin Dessert Cafe Ithaca,Ithaca,New York,3,56,Food
0MKfNoq14qHQsppxWJzg1Q,Arahova Souvlaki Restaurants,Fall River,Massachusetts,3.5,3,Restaurants
HwHvRU1o_tEGokWrjVBdSw,Chuck E. Cheese,Brooklyn,New York,2.5,34,Restaurants
jRfKx5zZbg7UJienGKFG4A,LASIK MD,Buffalo,New York,4.5,11,Health & Medical
TTaj9hK6AuL6D8cMtxmbjA,Edible Arrangements,Newark,New Jersey,2.5,7,Gift Shops
yH-MeYEofJOjQ1Iya4y4mw,The Bake House,The Bronx,New York,4.5,9,Specialty Food
Cvor72cgP6IjBhE46hrdVA,Paolo Gattuso,Haverhill,Massachusetts,4.5,3,Restaurants
YLzQJESNAPjizXMQu4FlPg,Lick's Homeburgers and Ice cream,Manhattan,New York,2.5,3,Food
0F42T07SdUQY24pidn9QwQ,Daisuki Sushi,The Bronx,New York,2.5,44,Restaurants
wzpXkllYc5pUWShoZyulKw,Lou Dawg's,Manhattan,New York,3,55,Barbeque
_mt8L2RDj1Ltklompp4E8Q,Applebee's,Huntington,New York,3,23,Restaurants
wJtVC0oGIGMP_vNhPMv5vg,Fit For Life,Manhattan,New York,3.5,3,Restaurants
nSLuBBo2_kOQK-iEcygZvQ,Kamasutra Club,B0st0n,Massachusetts,2.5,23,Adult Entertainment
rvGHMEPsP_VtOJB6eF3qEg,The TechKnow Space,Manhattan,New York,3,39,Mobile Phones
HJQw1W4ajzbuyfRlPos_Og,Blackbird BaScarsdale,Manhattan,New York,4.5,54,Bakeries
hPUd4f1egKtHCRlsieH3Vg,Coffee and All That Jazz,Manhattan,New York,3.5,17,Cafes
yPR8Bh55-9NXmooZS7lrLA,Royal Congee Chinese Cuisine,Manhattan,New York,4,11,Restaurants
ntMxCgN1U0noM4k2igrE7A,Kidapalooza Family Festival,The Bronx,New York,2.5,4,Arts & Entertainment
FvG1Jw70RgCYW6fH99RdZQ,No name,Manhattan,New York,4,10,Barbers
2h2qW4-rLr2dahfSL6oDaw,Robbie's,Wellesley,Massachusetts,3.5,3,Steakhouses
w4NYEIpgy7n0UYc2Ilq9mw,Barbarella,B0st0n,Massachusetts,4,4,Beauty & Spas
KIzn2qZQ7rPJWqdK1Y6-7Q,La Prep,Brooklyn,New York,3,5,Salad
y5OFXka4tt7zHQB6KkFYjQ,Lanzhou Hand Pulled Noodle,The Bronx,New York,2,9,Restaurants
nh9lh-9uCUTsacxBD_xf1w,Josy's Fashion,Buffalo,New York,3.5,3,Shopping
Y7u--YGHNRtB4rdWKmP_NQ,Royale's Luncheonette,Manhattan,New York,5,4,Sandwiches
qsL5PrPtCMMAYTO7nU6nLA,Buffalo Taxi,Buffalo,New York,1.5,5,Hotels & Travel
0QX23jvjcpKTYM6kVJAjow,Barfly,B0st0n,Massachusetts,4.5,28,Music Venues
ywfhUYgNQqVf06sYQiIKMQ,Chez Jacquie & France,Cambridge,Massachusetts,3.5,38,Restaurants
GZ4UciilQ8pYTC2k7hDxaA,Cafe Des Beaux Arts,Boston,Massachusetts,3,4,Cafes
D8PQHOw-Eht1WPDhPfZfMA,Restaurant Mumbai,B0st0n,Massachusetts,3,6,Restaurants
VghejSa_mjn-W7BfGQsDtA,Monk Kitchen,Manhattan,New York,4,5,Canadian (New)
ZchQEkoujPt8b1H0RtmBAg,Lennie's Whole Foods,Manhattan,New York,3.5,11,Specialty Food
fJ1bjai10zAHCsG6bij8jg,Le Clafouti,B0st0n,Massachusetts,4.5,15,Sandwiches
uChnTTQzV7Nu7EDrluF6uw,Sauvignon Bistro,Manhattan,New York,4,23,Restaurants
uo5frafLjAF1M6RzQj9WTs,Kadampa Meditation Centre,Manhattan,New York,4,6,#N/A
1Ez7KzJ0U71iT-Dg4jvn-w,El Cheapo Movers,Manhattan,New York,3.5,48,Home Services
TpDIUtJNTW_q1Fwc8_Qa9g,Allô! Mon Coco,Fall River,Massachusetts,3,12,Breakfast & Brunch
AFF2vsQmRT4L22AvUsit-Q,Doomie's New York,Manhattan,New York,3.5,132,Restaurants
p0CsAuiW9KCW_ySDNNRW1w,Omonia Restaurant,Manhattan,New York,2.5,48,Greek
cvci9KQ3sj3oBQu6L4Tkee,Esmeralda Sur-Lac,Hingham,Massachusetts,4,5,#N/A
gZefkLuJhuwEnT5ITZl-eg,The Treatment Room,Manhattan,New York,5,3,Beauty & Spas
qSyAd1fDtA4GWp_q9jZKmA,Equinox Fitness,Manhattan,New York,4,4,Pilates
5LPK0LeKiS4HKzYwKXvFLg,Suliko Restaurant,Yonkers,New York,4,70,Russian
QuzrjFwhi7a-emcOo3N_CQ,Elite Event chez Vladimir Poutine,B0st0n,Massachusetts,4.5,11,Yelp Events
BCzZbgOjJFexYbGfSd6UZg,T & D Steak-Burger,Syracuse,New York,2.5,3,Burgers
USXv_-C8LWoIiRE1OGQdmg,Baskin Robbins,Manhattan,New York,2,3,Food
WBaQtymoLPJfxnlBwIViow,Bistro 243,Manhattan,New York,3,26,Restaurants
1unYwscsjfPsytZRowHNYg,Nails @ Anthony's,Oneonta,New York,3,5,Beauty & Spas
g8xX5YlPeJJW3_mRREIEOg,Harvest Restaurant,Syracuse,New York,4.5,8,Restaurants
LuxAYSafulewOAB6AGZBSw,Kathryn's Bar & Grill,Lake George,New York,2.5,6,Seafood
nSdBi45lKtBoww44gQcPiQ,Trove,Manhattan,New York,4,12,Shopping
0D_QSsW8eiJGXiQt30-nFw,Burger Factory,Ithaca,New York,3.5,17,Burgers
ps6P5Etgto_PXgy6p1Qpuw,Professional Sew & Fit,Manhattan,New York,4.5,3,Local Services
j7_yOwPVGPrzsF6uNOngEg,Noah's Natural Foods,Manhattan,New York,3.5,4,Specialty Food
_GxIYv74MyV0pEZ28ZHSlQ,Zaytoon Persian Kitchen & Dessert Bar,The Bronx,New York,4,4,Persian/Iranian
1aP1KPO3ZWS1sSY2pIrj8g,Royal Lighting,Brooklyn,New York,4.5,5,Shopping
Klb6f5FCiJrHRcTcn_yrnw,Tang Home Style Lamb and Beef,Manhattan,New York,4.5,3,Restaurants
g9ZRSy54nfYX9dnXx_girA,Steve's Music Store,Boston,Massachusetts,3.5,13,Shopping
NQBhCRbFKQOfyAY8kRYP8g,Café Replika,B0st0n,Massachusetts,4.5,63,Restaurants
_Li7ZgVb2L15InDOB4y6Kw,Lawai'a Poke Bar,Manhattan,New York,4,23,Hawaiian
HeXphmZD9g3EQqX4zMVQEA,All Star Bowl,Newark,New Jersey,2,10,Active Life
zXke9R6lKZcv_sb5eVmUTw,Pardis,Niagara Falls,New York,3.5,12,Restaurants
tZOeM38grniz7YIDV01p5g,Restaurant Dima,B0st0n,Massachusetts,5,3,Restaurants
Zqf9RJexzqqynVAR4WHEFg,Two Bite Saloon,Manhattan,New York,4,42,Nightlife
csYwiQfurNcjEoHlgfIMVA,Menchie's Frozen Yogurt,The Bronx,New York,3,32,Food
d2_Hh78HRjxB1kzD5YR4iw,Work of Art,Utica,New York,5,3,Beauty & Spas
Otncrh8MiVM4WV3-xJqQbA,Dai Ichi Sushi Restaurant,Buffalo,New York,4,39,Sushi Bars
rIT-2aXUkBFeDBHjAz24Vw,Fresh Pizza Plus,Manhattan,New York,3.5,3,Restaurants
klIBq4dTrid0Jblpnhd6vQ,A&W,Buffalo,New York,3,9,Fast Food
jY-yHKseP06XLILD8tnxng,Eye Candy Opticians,Manhattan,New York,5,9,Shopping
dc2jT85aZGNguurhIwJDbA,The Bar with No Name,Manhattan,New York,4,23,Burgers
8dgGmLne5grPADdw4Id1ZA,New Balance,Lake George,New York,4.5,4,Sporting Goods
Xq9SvfRq_PBr8ma6vwh_Mw,Chuck E. Cheese,Manhattan,New York,3.5,3,Chicken Wings
63hkYvXXcZsHeCeZBQbfew,Shawarmaz,B0st0n,Massachusetts,4,58,Lebanese
6rTfCrx1653GH7sMS2G7KQ,Sleepy Baker,Manhattan,New York,4,10,Event Planning & Services
qhdwhLuZclpZNw2U4jzKYA,Roti Roti Family Restaurant,Poughkeepsie,New York,4,12,Restaurants
LBHYAEi8GvbSj6GQ54bA4w,Pizza Depot,Manhattan,New York,2.5,6,Food
LNLzlo6mpIcsvrFlB1vrTg,Beutiful Nails,Elmira,New York,3,5,Beauty & Spas
fTYFGytoYm6UavQVv5GGBA,Krispy Kreme's Doughnut Cafe,Manhattan,New York,4,41,Food
oz4oVv0yiPFdnKnTw01TGw,Taste of Thailand Cuisine,Poughkeepsie,New York,4,56,Thai
ybFJUdRaN4eCff-W3HHiEw,Grumman78,B0st0n,Massachusetts,3.5,93,Sandwiches
Kk-M_DxsopNE_hSNKhigNg,Thai Express,Buffalo,New York,3,10,Thai
p1INXqHihlSze0V6MYvHMA,Sage Cafe & Catering,Manhattan,New York,4,27,Event Planning & Services
AawSB_EpIDOWDYhTKhHawQ,Azan's Beauty Salon,Manhattan,New York,4.5,3,Beauty & Spas
t-UBWPiyUgXNC7T9-haVHA,Seafront Fish Market,Manhattan,New York,4,7,Food
xtpz1gFUzNGBpDlWJ3wP7w,Sushi Hour,Utica,New York,3,34,Restaurants
Gw-czbovLneqikIGSmjOCA,Starbucks,Manhattan,New York,2,10,Coffee & Tea
IeFP8v2JyUCoIfzvsyGBgA,Hardy's Hogtown Brasserie,Manhattan,New York,3,12,Canadian (New)
Wd312kHBbEccatedK0nNlg,Double Double Pizza Chicken,Newark,New Jersey,2,8,Pizza
1MQ-rCO-U4swt-A7oPwg3w,Plaza Flamingo Banquet & Catering,Manhattan,New York,2.5,6,Event Planning & Services
pfrxdNAI5aqgO5994XCsOA,Empire Theatres,Brooklyn,New York,2.5,5,Cinema
NYpnwc4yt44SkcBb9dlhtA,Bourbon St Grill,Manhattan,New York,3,4,Restaurants
zsuMI3wO4qWwEEHuf90XFA,Paramount Fine Foods,Buffalo,New York,2.5,3,Middle Eastern
rzcFGP2lMnYJO4BgkSE86g,La trattoria La Volta,Wareham,Massachusetts,3.5,4,Restaurants
n4Fw2J0Zh8PBrbOtIoRlzw,Midas,Manhattan,New York,3.5,6,Auto Repair
jVEwM1YZllb7IDYMGEQm3A,Emira Hyundai,Elmira,New York,1,14,Automotive
Sh7cigi-2D2t5uzvz459_Q,Electrika,Holyoke,Massachusetts,3,3,Home Automation
JA-O7eaQ_Mkuzu4ctzEzfg,Earth Indian,Manhattan,New York,4,32,Indian
zs-T0uqKSHhYWSEok6oouw,Nonna's Oven,Niagara Falls,New York,3.5,79,Pizza
CFAAdYU5S7KomIEzsyuGUQ,Bravo Pizza,East Rochester,New York,3,4,Pizza
BO3JIXfXb-JM2HX1Ni0OfQ,Valley Stream South Pet Hospital,The Bronx,New York,4,4,Veterinarians
TH8QoP2xFRtuxP1kR08b1w,Panago,Manhattan,New York,4,11,Pizza
FzpZiVqT2CKQOppEUVPkMg,Calistoga Grill,Pittsfield,Massachusetts,2.5,6,Restaurants
CtsWDj8r4EjyAvFt4Mpwig,Sit Stay Dog Emporium,Manhattan,New York,3,13,Pets
eaIVcOTMOeb8U2inN3UTzg,Caffe Demetre,Manhattan,New York,3.5,63,Creperies
CMEt6H1nG3kJrOD4WUU4bA,The Hot Dog Guysss,B0st0n,Massachusetts,3.5,3,Hot Dogs
6by_YDcHWzWWuXyBHiDn1g,Garage Deguire,Fall River,Massachusetts,4,5,Automotive
3kJZEAKKqOrw8JMut4dMdw,"Nick Babatsikos, DDS",Brooklyn,New York,4,4,Health & Medical
JKTBAmokh91PeTvCA1U2zQ,Desperate Housemaids,Ithaca,New York,1.5,9,Home Cleaning
hMEVbme_dTIwpQ1iphPOLA,Asteria Souvlaki Place,Manhattan,New York,3.5,42,Mediterranean
W4Dmj9Wxfq5gEALW6RUKTA,Ichiban Sushi House,Brooklyn,New York,4,19,Sushi Bars
Wrjz_LLqFy692cyXhIO0jw,WEGZ Stadium Bar,Ithaca,New York,3,66,Restaurants
BsqBS24WbMPmenzTWT5cyw,Haartek Salon,Manhattan,New York,4.5,7,Beauty & Spas
_uLQH63PHDqWhGsnDAc87Q,The Beauty Supply Outlet,Manhattan,New York,3,4,Shopping
x0WXXrdRLk37cDPjL6ZWSA,Domino's Pizza,Buffalo,New York,4.5,3,Italian
tqgDsKlKdH73HVs5jxfemw,TNT Blu,Manhattan,New York,4.5,3,Women's Clothing
SsMbKVCrcL_y6SvwDubLTg,The Swag Sisters Toy Store,Manhattan,New York,4.5,10,Toy Stores
fDi6ZNZor88A9YOvKe2m2g,Magic Idea,B0st0n,Massachusetts,2.5,7,Taiwanese
OJLR2T3CgXQkUgFmqrkTwQ,Istar Restaurant,Poughkeepsie,New York,4,8,Halal
T4g4k2OhCTsiqcP-ZXElHQ,Jules Bistro,Manhattan,New York,4,146,Restaurants
TokCEFNZeS1VQe1iir2ubg,Dunkin',Manhattan,New York,2,3,Sandwiches
UWsYm8noJT40MSQPE-B5-w,Roots - Ithaca Mills Outlet,Ithaca,New York,2.5,3,Shopping
Tx6Nqi0hHNJmD8GEhIVvJg,Restaurant Sauvé,Wareham,Massachusetts,4.5,7,Hot Dogs
WiPQH1XNrJP70nkNW1hcAQ,Chop Steakhouse & Bar,Utica,New York,3.5,19,Restaurants
ls3r7doDW0p65cwMWxEIdQ,Grill Fish Cool,Manhattan,New York,2.5,9,Seafood
eZRFBi7eq2fVAn2jvIgcMg,Tula South,Manhattan,New York,3,11,Yoga
JHAWuH9hYITYzpLnNAN1qQ,La Maison Simons,B0st0n,Massachusetts,4,62,Shopping
cqKp6DKVCDK7yVgx2PR4Gn,Carrabba's Italian Grill,Manhattan,New York,3,99,#N/A
YqlEkvQj2dNj19M58gTInA,Al's Barber Shop,Binghamton,New York,5,9,Beauty & Spas
AxwADGYgujgTf4niZM9iTA,Stubbe Chocolates & Pastry,Manhattan,New York,4.5,21,Chocolatiers & Shops
tJGd-FJbO1Kl_e-NYTOh5Q,Patisserie St Louis De France,B0st0n,Massachusetts,4,9,Food
EvsHlX_KPQjfVHRHT6UXZg,Lily Fruits Market,Manhattan,New York,5,4,Juice Bars & Smoothies
enxHib7lg5f0kr4E_p9VPg,Novello Desserts,The Bronx,New York,4,24,Wedding Planning
KrwGJBrSE3kN721yx-MzfQ,KINTON RAMEN,Manhattan,New York,3.5,198,Restaurants
V3tOTcWGMdrlLO00njOztA,Archtop Cafe,Newburgh,New York,4,4,Coffee & Tea
ayo66_5jwDkI1lPL1nzRuw,Drogheria Fine,B0st0n,Massachusetts,4.5,12,Cafes
2SXuqcnUop4DuWr1oonQ7w,McCall's Retail Store,Poughkeepsie,New York,3.5,6,Specialty Schools
av5C53NPx8Z2s34T0g1QbA,Buddha Dog,Manhattan,New York,4,4,Restaurants
E_D3urpBPcSyaNRI34dkfg,Eighty8 Family Restaurant,Elmira,New York,3.5,26,Canadian (New)
2KOXNZVoxpcwen_JmIQdfA,Pho Mi 99,Buffalo,New York,4,104,Vietnamese
aFUPfnjTP9RKF6k1P6YFug,The Keg Steakhouse + Bar - Huntington,Huntington,New York,4,37,Nightlife
wAsdVIJy0pBDSnvLU7NDLA,Glow Zone 360,Binghamton,New York,5,5,Arts & Entertainment
uEEPrpWOGjACxHMeeyvlVg,Domino's Pizza,Buffalo,New York,4,6,Restaurants
OQtldLhTbdyRRYSdA5rxRw,The Bier Markt,Buffalo,New York,3,100,Restaurants
kaxBWp2iyyUmafaD2dgMJQ,Buffet des Continents,Westborough,Massachusetts,3,17,Restaurants
Cx0wkl85Xdw9OCQkbXMjzQ,Sushi Bong,The Bronx,New York,4,93,Japanese
5cGSkfEc9FbFltBpioRF0g,Hangover Sports Bar,The Bronx,New York,3,10,Bars
66AoA8NbX9VHr7bBcKJm8Q,Mula Yoga,Manhattan,New York,4.5,20,Fitness & Instruction
9AVuEdSl85ZEd49zrdsK5g,Harvey's Restaurants,The Bronx,New York,4,10,American (Traditional)
UkP3C7j66p3nsTstQ3MovQ,Dunkin',Cooperstown,New York,4.5,4,Coffee & Tea
1PnHQEOXnxosKYhB86Ou7A,Freshii,Newark,New Jersey,4.5,5,Juice Bars & Smoothies
UuOsCk3Osh_Gz5uScNyv1Q,Playful Minds,Manhattan,New York,4.5,5,Shopping
R48jl0K1LXHvIkz0YQK8pA,Casa Galicia,B0st0n,Massachusetts,3.5,14,Restaurants
ggIWkJtgXHKnhdxRu338AQ,Crème Brasserie,Manhattan,New York,4,62,French
_pTDN39_VsOoWT2ULLpK-w,Organic Boutique,Manhattan,New York,2,25,Health Markets
mrDKrJjS1O6cK19xFtcbjg,Caffe Napoletana,B0st0n,Massachusetts,5,3,Restaurants
oQ5IFGtNDyk0jyjWWcow4A,Mobilicity,Manhattan,New York,3,13,Mobile Phones
MYCrFbGo2-ZiEYqpwiKsrw,Cellar Door,Manhattan,New York,4,36,Pizza
_oFeTg8lIbmH1cVTt0x-rw,Smart Cook,The Bronx,New York,3.5,10,Japanese
GiO7AQR2DvPip1YALZQJDA,Fionn MacCool's Irish Pub,Manhattan,New York,3,52,Irish
JSIRSzO8GdqldMb5aOQpww,Espresso Cycles,Manhattan,New York,4.5,3,Local Flavor
B9npZLBe_DumKZf57E_VxA,Paper Things,Manhattan,New York,3.5,3,Shopping
NyZpF90s9yDgrBl0vE6dww,The Rose Emporium,Manhattan,New York,4,4,Shopping
l9-jXoTiKNJScfrkTVtF6g,Al Flaherty's Outdoor Store,Rochester,New York,4,6,Gun/Rifle Ranges
CBMcVQlLdD5I5Vd-3PRFGw,Midtown Gastro Hub,Manhattan,New York,2.5,18,American (New)
OIcneOOA3uhODls7ANBsnQ,Artisano Bakery Cafe,Manhattan,New York,3.5,32,Restaurants
gqtM_fBY6-YZ0H-fvs9tZw,Seaport Merchants,Newark,New Jersey,4,3,Seafood Markets
9wCDzXE1v7M6oiMWUs_9Pg,Velvet Fine Food,Manhattan,New York,3,11,Pubs
hOAUVlmyYZP74HZHEZsWoQ,Meadowvale Optometry,Buffalo,New York,4.5,3,Health & Medical
1bsmnH6a7X8bHOmlDmMrOw,The Accessory Bar,Manhattan,New York,4,4,Watches
TkNhGEsi7BOXk7LzDpbHVg,Fou d'Ici,B0st0n,Massachusetts,4,16,Cheese Shops
1DWYMTniZ8UPoxJPvvkVqA,NYU Library,Manhattan,New York,3,3,Education
SXLIWK018zwOozEoBzXB8w,Aesop,B0st0n,Massachusetts,4.5,3,Skin Care
F2UDLBuUn_2-F0a3uL_1_g,Falafel Abou Hanna,Framingham,Massachusetts,5,13,Falafel
obXqyHC8OBniyTRWfBQo2A,Pharmaprix,B0st0n,Massachusetts,2.5,3,Eyewear & Opticians
e-YnECeZNt8ngm0tu4X9mQ,Korean Grill House,Manhattan,New York,3,100,Korean
vbK5Se6m_qY2typy3Rhvug,Planet of Sound,Manhattan,New York,3.5,4,Books
k2iXZr6uDCbuBisihm-ftg,Rice Box,B0st0n,Massachusetts,5,4,Restaurants
pl--0Ysik5XdobI_UTIg9A,Sami Fruits,New Bedford,Massachusetts,4.5,3,Fruits & Veggies
20Uv2Y0oH8H-oIFWrnqNeA,Le Phillies Cheesesteak,B0st0n,Massachusetts,3.5,14,Cheesesteaks
WCjznesyAn8o2z8gHghlzg,Levittown Fish & Chips,Levittown,New York,4,17,Fish & Chips
Atl--S-1K3OECDaWGFbAIg,Folie en Vrac,B0st0n,Massachusetts,4,3,Food
b0cz_E52RTaP6ouIK6fEJQ,Duff's Famous Wings,Ithaca,New York,3,62,Restaurants
A2QCvZI5cPl5LrmSlZDijA,Nice One Nails Sherway,Manhattan,New York,2.5,15,Skin Care
KNcoy0qNcclKpa3uhdrPKw,Ahimsa Yoga Studio,Manhattan,New York,4,14,Active Life
2cUWtkuu5ylH1dOvYguk1Q,Bistro Normandie Cafe,Manhattan,New York,4.5,6,Restaurants
g9u88P793jItmxH_5A8fug,Zmaya,Fall River,Massachusetts,3,4,Event Planning & Services
eblmSc1w_TuGxvxkpTSNsA,Pita Lite,Binghamton,New York,4,17,Restaurants
w5-llUi5t59YZRI_dOSi0w,The Library Bar,Manhattan,New York,3.5,58,Nightlife
z4TX4AepJcuhFFleFq9GzA,Club 281,Boston,Massachusetts,4,19,Bars
7wi0yczEe3OC3P8CpkZz2g,After Queen Tea Shop,The Bronx,New York,4,31,Desserts
YSUcHqlKMPHHJ_cTrqtNrA,Carrabba's Italian Grill,Manhattan,New York,3,61,Restaurants
hizckLDtLmSYGQIFAQ9pWQ,Café 52,B0st0n,Massachusetts,3.5,3,Cafes
afqLkoS5Q6UJmqETMF_vTg,Quincaillerie Rona,B0st0n,Massachusetts,4,4,Home & Garden
8jPNYvloDMDhOgGAkAWLyw,Trade Secrets,Manhattan,New York,3.5,3,Hair Salons
kGOr_D-LNpgZ2M9N8TT4QQ,La Societe - New York,Manhattan,New York,3,274,French
Fn33de7Ans4x9YD2T7QgAA,Thaiphon,B0st0n,Massachusetts,3,10,Thai
dMuwrXqkNMJKx7JbbETTHQ,Mimico GO Station,Manhattan,New York,3.5,3,Hotels & Travel
qIYoTx7pTNsGjAFXp9noTg,Chubby's Subs,Manhattan,New York,4.5,16,Sandwiches
Wkw2h5UYaGbXsq9si0vWxw,Place Jean-Paul Riopelle,B0st0n,Massachusetts,4.5,4,Active Life
Gglsm0mtG3PI8BzTvOm3zg,NU Car Rental,Manhattan,New York,1,27,Hotels & Travel
e1jI2-vU1fd4UKpyogtxuA,UB Social,Manhattan,New York,2.5,3,Restaurants
YpSOCqnpn-ceZOfg4MY2GQ,Brickyard Grounds,Manhattan,New York,4.5,26,Restaurants
Rnck2nc0j-FbolNiae2grg,Golden Asian Cuisine,Manhattan,New York,4,14,Asian Fusion
e8H_6IynA1X13PbJbQP-3A,Maid Day Makeovers,Poughkeepsie,New York,2,4,Home Services
Oi2k3en1Ip-D0n_jfGbvIQ,Artigiani Pizzeria & Cucina,B0st0n,Massachusetts,4,25,Italian
FD4shyeIHnv8gBlnrAjEOQ,Centre Sivananda de Yoga Vedanta,B0st0n,Massachusetts,4,4,Active Life
BZm3QkpLhO2TBNHKd0DbBQ,Gabby's Bar and Grill,Manhattan,New York,2.5,56,Seafood
n2ZnnFypEhB3dSFM3QsvWW,Blo Blow Dry Bar,Manhattan,New York,2.5,36,#N/A
qdG4tYLHKJ33Rut7BQM-Zg,Le Tequila Bar,Saint Laurent,Massachusetts,4,15,Food
vgJ5uq62ZeNVMuNjinmK-g,Active Green & Ross Tire & Auto Centre,Buffalo,New York,1,4,Automotive
EqNKy8Hawph8RGwuCJlppA,Petro,Manhattan,New York,2,3,Automotive
pjQVoTe8BHboKn37uVLNjw,T Cafe,Manhattan,New York,3.5,13,Food
nhfZW6Pi-oLQuhYcrcZJWw,Sam James Coffee Bar,Manhattan,New York,4,77,Food
GAvEj-UyzAsdH_plkzzBeQ,Elias Naan and Kabob,Syracuse,New York,3,9,Halal
NrFsdILQztHSlIUNra82nQ,Juice Box,Manhattan,New York,5,11,Food
82uVF0T8gHY2XQujl0bO2Q,Le Milsa,Chatham,Massachusetts,2.5,12,Brazilian
so0r9bIwUeguiAWOe4uuSA,Sammich,Manhattan,New York,4.5,8,Restaurants
-1pEy-CVg3s3CznrUjrRHA,McDonald's,East Rochester,New York,2.5,9,Burgers
yoQziUwhIFsKGNTOvpzsDQ,Get Real Cafe,Manhattan,New York,4.5,8,Breakfast & Brunch
ZAw8PJAopCs-Rd1X8Y4xGQ,Shallow Groove Lounge,Manhattan,New York,1.5,3,Lounges
QH8B92lZXtLwQV9Fdrpukg,Rose's Vietnamese Sandwiches,Manhattan,New York,4.5,22,Restaurants
yVN5afc10scJ85ENKdMM4Q,Zoinks Music & Books,Manhattan,New York,4,4,Vinyl Records
LtSJn2xwn6ykQBpGBw2WyQ,Royal Elephant,Manhattan,New York,3,25,Restaurants
J-SZZniOp7nNsCNbj5rIUQ,New Generation Sushi,Manhattan,New York,3.5,188,Restaurants
-8AoSGOdZyDdTpT2oqX3zQ,Hard Rock Cafe,Westborough,Massachusetts,3.5,9,Nightlife
TgcjQfl1E9DE-SjDVOUDJQ,Rose and Sons,Manhattan,New York,3.5,182,Restaurants
btXxmi9atA7EdrZYj6sZMg,Miyako Sushi,Niagara Falls,New York,2.5,3,Japanese
Sz6edL-Ya2rxnjjjrv8Gdg,Roast Butcher,Manhattan,New York,4,9,Meat Shops
TUD3RUtNdKYh2UyQuYdR2A,Sahan Restaurant,Newark,New Jersey,4.5,15,Ethiopian
t3pKESVSZ34J36XQIsiZ7g,Gateway of India,Manhattan,New York,4,4,Middle Eastern
TRNgMB2f1t_m31yHz0JapQ,Untitled & Co,Manhattan,New York,3.5,5,Fashion
pym03Nj6-X1Of3xa9mfPWg,Windjammers Fish and Chips,The Bronx,New York,3.5,6,Restaurants
nRw01CNUKAANX-qIJ3dvXQ,Café Chat l'Heureux,B0st0n,Massachusetts,4,54,Canadian (New)
zbfo_4dSK1Sg9axtnNEfZg,Sanctuary Day Spas Ithaca,Ithaca,New York,3.5,7,Beauty & Spas
U53eDEXANIEdaJ2TzRTKLg,Mamma's Bakery,Cortland,New York,4.5,8,Colombian
fcpGO67gqGptI-1vZpXPtA,M.Trois,B0st0n,Massachusetts,3.5,16,Restaurants
kXpd8Fsh6fpt3bjRRyqI5Q,Laura Secord/Hallmark,Manhattan,New York,3,3,Food
1Hc_D0QLNvHITUiT4WIQ5A,Southern RUB Smokehouse,Ithaca,New York,4,5,Southern
bfR-vJvrjdOJaWsXGJgzPA,Veda Healthy Indian Takeout,Manhattan,New York,2.5,27,Restaurants
fqCXTIaokR_tTSPBICfhzg,Sud Group,Brooklyn,New York,1,3,Real Estate
iEPNSFhueOTZeubaLGshqw,Sushi 426,B0st0n,Massachusetts,4,5,Sushi Bars
NIPn7olHs6k3Svxy6DHUQA,Canyon Creek,Ithaca,New York,3,31,Restaurants
XcnskpanuBX7ixpmZf4lRA,360 Auto Service,The Bronx,New York,4.5,12,Automotive
9KTzKo12wv6EFYfErA9AGA,McDonald's,Ithaca,New York,1.5,4,Burgers
icTMQrn3BYeSfBrxQZN6Bg,Gold Diamond Chinese Restaurant,Manhattan,New York,3,18,Restaurants
CDT877LUfJ4wnv_YWItckQ,Ambrosia Santé,B0st0n,Massachusetts,5,5,Health & Medical
7P0nEJgVaX6WDDae3sc9eg,Fionn MacCool's,Manhattan,New York,3,26,Nightlife
ugr3e-42ZVzaVnNWOH7JDg,Haida Sandwich,Manhattan,New York,3.5,33,Sandwiches
LdjcVFexewG_1la_2tYJ5Q,Boucherie Fitchburg,B0st0n,Massachusetts,5,4,Butcher
sA-YqTMe2bJmg1MgbfowuA,Whisked Gluten-Free,Manhattan,New York,4,11,Food
1mHcIfWIUO1i6K9st5atdA,Bliss Restaurant and Bar Hilton Airport New York,Buffalo,New York,4,6,Bars
j768mimbKFuVKjDWGGcTVA,Nail Parade,Elmira,New York,5,3,Nail Salons
I1wBwC7Wy-wlBzBFo_HNxg,"Pure + Simple, The Beach",Manhattan,New York,3.5,3,Waxing
fv53fg6H_Q-QcQ92JOdXMA,University of New York -  Buffalo,Buffalo,New York,3.5,4,Education
U3A716YhAWFkyURKcfUo7A,Cosmic Treats,Manhattan,New York,4,62,Restaurants
L7Y1MCMKnJMZMS3rbtHzLw,Hey Presto Movers,Manhattan,New York,5,6,Movers
6fn7wDZ2FzteSKnJ-u2R6g,Sleep Country,Manhattan,New York,2.5,3,Shopping
Z5yKM3_FnbIUb11aitCYaw,Hampton Inn and Suites,The Bronx,New York,3.5,11,Hotels & Travel
fWlWOqZVR7JXAhSGKTmUrg,Hotel Champ De Mars,B0st0n,Massachusetts,2.5,14,Hotels & Travel
m7yVScRf9Yfvj5Wu0TIOlA,McDonald's,Manhattan,New York,3,5,Fast Food
Gf6whhJ3nszfXQixTt2EOQ,Coq O Coq,B0st0n,Massachusetts,3,9,Fast Food
grZEbAsZwWA3yJMwDRl0Nw,Etsu Restaurant,Manhattan,New York,4,117,Korean
jJcg-kE3q3FylJhewFcNQA,The Wokker,Manhattan,New York,3.5,7,Specialty Food
vo8L42IzyEAIbEy51eiwQA,M. Burrito,B0st0n,Massachusetts,3,16,Restaurants
KyY3Gbhcbf0zunFJh2kIqQ,Station Street Grill,Huntington,New York,3,8,Comfort Food
K3RpHoLDHFOYnnaWA8PLGQ,Dunkin',Manhattan,New York,3.5,3,Coffee & Tea
RlkN0-porVxkRCYeLowa2w,Nettoyeurs et tailleurs Renew système,B0st0n,Massachusetts,2,3,Laundry Services
j-3vdvZ6K2teTj4zZ0ePNA,NY Community Acupuncture,Manhattan,New York,4.5,7,Health & Medical
bIgpMp6xcM-ZLlC0r2HgnQ,Kampai,Athol,Massachusetts,5,4,Food
58HXM57wvUFLpgxTdP-fng,Osteria 55,Manhattan,New York,4,3,Restaurants
I5hpF9bfxUDT2jgG8s3i7w,Amazing Nail Salon,Manhattan,New York,2.5,6,Beauty & Spas
s57Ur967jj96LhlRaKfKJQ,Les Co'Pains d'Abord,Boston,Massachusetts,4.5,28,Food
QrO_VmwDfdO5NzfmBeNhQw,That's Italian Ristorante,Oneonta,New York,4,40,Food
R2EnMfwLoTiIHF-1ICG5Ag,Restaurant Au-Tarot,B0st0n,Massachusetts,4,6,Pizza
yGgpH8mY8INpGLq9arxmYg,63 Ossington Bus,Manhattan,New York,4,9,Transportation
Fv621YzHSas5eYM8ppllhQ,Pho Huong,Manhattan,New York,3,20,Vietnamese
zyfPzBC4s17UWh6x8olj7w,Cineplex Quartier Latin,B0st0n,Massachusetts,3.5,13,Arts & Entertainment
vNTIJVAs5cIrIFyUDdj1xQ,Bliss Laser,Brooklyn,New York,4,5,Beauty & Spas
n_P7dsW0dtm-iT-9V8xY6w,E & R Sweetery,Ithaca,New York,5,3,Caterers
zfn1IaDy4SZSPKRjsyvY5g,The Brick,Newark,New Jersey,1,5,Shopping
45OH7rpeWRzXelgpxs2BRw,Madras Restaurant,Binghamton,New York,2.5,20,Indian
HL5pz7P_bvJoBn8IfQAldQ,Alternative Fitness,B0st0n,Massachusetts,3.5,7,Active Life
FeGgefLBypyYuAOa_Luh7g,Creations Vezina,New Bedford,Massachusetts,1.5,8,Bridal
ThR-wgd61_2R8lSfwU5IDA,Pépinière Jasmin,Fall River,Massachusetts,5,3,Shopping
GSyJeeixw-cYZqoXykqP7Q,"Silvery Blue Butterfly Salon Spa & Boutique, Inc",Utica,New York,3.5,3,Beauty & Spas
8UCsvFHPVxwP1KvKBz0Wmg,Mikasas Sushi Bar,B0st0n,Massachusetts,3,7,Sushi Bars
uJGSjSsBbVhzeBGmB9-SWw,Halo Hair Studio & Spa,Smithtown,New York,2.5,7,Beauty & Spas
wNL_e37flI29_nNVU3fVKQ,Pancho's Bakery,Manhattan,New York,5,5,Food
vqdSK0uQEGPLbHB3KJX1Vw,Designer Depot,Ithaca,New York,2,4,Fashion
afoYUjmSVkmEWn1ibc14dg,Postables Stationery & Postal Service,Manhattan,New York,3,5,Flowers & Gifts
jabL_RJ4FWm7OqHyvBGRYw,Adorable Doggytown,B0st0n,Massachusetts,3.5,4,Pets
0lQeZyb_jLHf44yBq7V5-g,Raps Authentic Jamaican,Rochester,New York,4,61,Caribbean
DnJaf6Am1jeWvhZt42Hi2A,For Goodness Cakes,Buffalo,New York,5,3,Food
SBUs7Ca1tS4oWHy1OAy3sA,Ritz Restaurant,East Rochester,New York,4,23,Restaurants
FZBOSc21Z4lExHuBuw25Jg,Lobster House,Newark,New Jersey,3.5,7,Restaurants
Pbt5s6MWCD0A0JYEiOcNLw,Nick's Famous Shawarma On Lakeshore,Buffalo,New York,2.5,8,Restaurants
izst_6bVxblVj9V3IMlxKA,Gold Zen Japanese & Asian Dining,Manhattan,New York,2.5,7,Japanese
nNVkOU4VCJk866ixG9j95Q,Chopstixpress,Manhattan,New York,4,5,Chinese
E3ywc0jRedCW0gxredLvGQ,Serenity Massage & Wellness,Buffalo,New York,3,5,Health & Medical
hTvPGE7rIJIkMcuRfe0eOw,Virevent,B0st0n,Massachusetts,4.5,4,Food
VNYoiW3QIl6Gc3CuNoGFfQ,Crepe De Gerard,B0st0n,Massachusetts,2.5,6,Breakfast & Brunch
tRbFTTYAiPMuAIifuNpa5A,Raro Tattoo & Piercing Studio,Oneonta,New York,5,3,Shopping
2NuHis_3hY6we1KXDXj_9Q,Patate Charley,Saint-Jerome,Massachusetts,5,3,Restaurants
Fff86V14qsQubK2m_MVgeg,The Addisons Residence,Manhattan,New York,3,26,Nightlife
R6H_YGKiu-GkSy27zdh0Uw,Waterfront New York,Manhattan,New York,3,5,Public Services & Government
qpqB77Fao7b058dcdRFUaQ,Swirls,Buffalo,New York,4,9,Event Planning & Services
nj6gbiEInXiKMWhIOvv8og,Blinco's Crepes & Coffee,Manhattan,New York,4.5,17,Creperies
Ik7WA5Lb6zUQ6zPxCxPCJQ,99 Sudbury Events,Manhattan,New York,2.5,13,Trainers
q4QuS-MaVSXbIFkUZlxZ9g,Win's Seafood Restaurant,The Bronx,New York,2.5,34,Chinese
dpev5CUfPAwFTLk68zRMtQ,Whale Juice & Blends,Manhattan,New York,4.5,12,Food
BuF6wbOCTZ14AuA8x0sGFA,Serendipity Bistro,Manhattan,New York,4,5,Burgers
4jsNKfrbgssqKObCzj05hw,Un Magasin de Breuvage,Boston,Massachusetts,2.5,3,Bubble Tea
Dcc2usxnfMolNp2f6sviDA,Teavana,Manhattan,New York,3,7,Food
S-AOeUJkQFmPAjRX6Bap8A,Innercity Moving & Storage,Manhattan,New York,3.5,3,Movers
_0GrSMcaLuYd9RG-p3E4kQ,Simple Way,Manhattan,New York,1.5,3,Grocery
rY2lui1-kvcSyEx-_EV0mw,Menchie's - Haverhill,Haverhill,Massachusetts,4,4,Food
OGSWuGLLW_8TBmQ_wWhdEQ,Lena's Roti & Doubles,Manhattan,New York,4.5,5,Restaurants
V9qjoWogqqMWvFFpuASRYw,Evviva Breakfast & Lunch - Downtown New York,Manhattan,New York,3.5,76,Cafes
cw9Vp_nxdgH5KzYuu1AC2Q,La Mere Restaurant,Newark,New Jersey,3.5,12,Restaurants
hKlib0mgTS4rug6CGPAV6g,Wingporium,Poughkeepsie,New York,3.5,88,Chicken Wings
JQrh2cmndqRKwTpVveHPDg,Dayali,Niagara Falls,New York,2.5,75,Restaurants
owjfKCmAL1tbg2YMGmLglA,Brooks Brothers,Manhattan,New York,2.5,14,Shopping
KpgqaCEqXmxSc4ejb29KHw,Drift,Manhattan,New York,4,65,Bars
rl137V_5Hx0cJAV4beVdhA,Campechano Taquería,Manhattan,New York,4,90,Restaurants
tfN_-Gx_LWRrtBwR4mMCbg,Pâtisserie Belge,B0st0n,Massachusetts,4.5,9,Sandwiches
Pwjo1kXWk4dyldClSNfyag,Hungary Thai Bar & Eatery Restaurant,Manhattan,New York,3,70,Vegetarian
98X8L1JeRdmvqLEHV-1Olw,RAD Jewellery,Manhattan,New York,4,3,Jewelry
KemsP5B23MAOWVmMOMfyFA,Equinox Fitness,Buffalo,New York,3.5,5,Active Life
bgAkl-VUhz1Vcoi5GHkMUQ,Le Ming Chuan,Haverhill,Massachusetts,3,6,Restaurants
Q3Tgxs9eZPod6EqwCyYHhQ,Honey's Beestro,Brooklyn,New York,2.5,3,Restaurants
T8rwJJFM2UEoAeDUpRMR2w,Winners Apparel,Buffalo,New York,2.5,3,Shopping
CdToTYphxVWWkIpUoUWxWg,Albany Medical Clinic,Manhattan,New York,3,37,Doctors
YDRnoQr8UyxPEXi-5ZrVJg,KINTON RAMEN,The Bronx,New York,3,104,Japanese
BqywX5vLKwIBRaInuuZGug,Tails Up Dog Grooming,Manhattan,New York,5,4,Pet Services
Qh28hjL2t6BMcge0B2mstA,Little Caesars,The Bronx,New York,3.5,4,Food
ReuNyA5IRirdNjOFFMXKyg,Club Monaco New York Eaton Centre,Manhattan,New York,4,4,Fashion
pHNge8uk5SqZxNFfjLuMFQ,Vegetarian Food Festival,Manhattan,New York,4,11,Festivals
80LCPTNO0LM_7Vg9nV9B7w,La Cloche à Fromage,B0st0n,Massachusetts,5,3,Restaurants
zSVBnWOXMO6qu-QD0iSUjQ,Montecassino,Oneonta,New York,2.5,3,Venues & Event Spaces
bLIZaVbOGpWYTbZoJSe15w,Château Ramezay,B0st0n,Massachusetts,3.5,7,Public Services & Government
haV5maGtPDXYPCnrf3z9VQ,Country Style,Lake George,New York,1.5,3,Cafes
L62c0MtSAohBDMNTrrZ8CA,The Bay,Pittsfield,Massachusetts,2,3,Shopping
XCUXCTHvY8QVR4xU0DF__w,Dumpling House,Manhattan,New York,3.5,63,Dim Sum
ewAmzOqnSAfLBdt4Stc8bA,McLean's Pub,B0st0n,Massachusetts,3.5,70,Bars
BtL8s2Ej5vzgDe9h3dQ_7w,Popular Pizza,Binghamton,New York,2.5,5,Pizza
zoUGIDxPby2YiHTuynyvtA,Bamboo Legend,Buffalo,New York,3.5,40,Restaurants
f2UEvjjBvK3EonpQJuZccg,Bath and Body Works,Manhattan,New York,3.5,8,Shopping
SA7NjDkzdaJxUjKvX9_gpA,Anondo Restaurant,Manhattan,New York,4.5,21,Restaurants
0X4tuuZTySYO6_XW8mUQ9Q,Blanc De Blanc,B0st0n,Massachusetts,4,11,Cafes
fb6i40G-7hYLTZjPkGQLEg,Massage Addict,Buffalo,New York,3.5,3,Beauty & Spas
4jX5mpcvySfzmAtyYKPPdQ,Boutique Oh La La,B0st0n,Massachusetts,4,3,Accessories
wY8EmrjhokXEgSeCOJwoqQ,Calabrese Pizza,Manhattan,New York,3.5,19,Sandwiches
aFQQMQlUIW9KajS6oH5kyw,Domino's Pizza,Manhattan,New York,4,5,Restaurants
lRwpFFaFr3QQ5fGHkk3eXQ,I Love Sushi,Manhattan,New York,1.5,54,Japanese
FzDeRN6HRRVpxoz2XjUOsA,Zimmerman's Discount,Manhattan,New York,3,5,Grocery
rHaRt3J8R7fGfHTP5Kw6lg,Tov-Li Pizza & Falafel North,Brooklyn,New York,4,29,Falafel
5T6kFKFycym_GkhgOiysIw,La Banquise,B0st0n,Massachusetts,4,1241,Restaurants
EAeTMoM3U9IK52btP1xcOg,Mongo's Grill,Binghamton,New York,4,22,Restaurants
VbFGfmrl0VtXc10vKpj5aw,Porticello Restaurant,Manhattan,New York,3.5,3,Restaurants
nAC8ivyqS93rJ0EkNvmWdw,Collision Reporting Centres,Brooklyn,New York,2,3,Body Shops
SILSPO3t7JEMJvDjDPTOag,Nortown Foods,Manhattan,New York,2,9,Delis
B_coag5he5jNWLAgdHomYg,Bali Restaurant,Niagara Falls,New York,3,40,Malaysian
Kesics30m3QqLKzkueuMtQ,Tiffany Nails,Manhattan,New York,2.5,18,Nail Salons
JRDP_PTlFo59HdMZMOifyg,The Persian Palace,Niagara Falls,New York,2.5,14,Persian/Iranian
Bq6rRlyp_KJ5LWjkVBxDTQ,Villemont Pizza,New Bedford,Massachusetts,2.5,3,Fast Food
rs1KuGK15t5xcykB9UFH1w,Marble Slab Creamery,Utica,New York,3.5,8,Desserts
Tlc317wt-t9OOOqBK4qxEA,Pekarna,B0st0n,Massachusetts,3.5,14,Food
Sg8yJcPrDzCxkpBWWM9B4w,Vape29,Manhattan,New York,4,3,Shopping
-63pZrN9eEFoi-avMMx6Ug,London Pub Company,Niagara Falls,New York,2.5,37,Nightlife
9Ltfy9Hgizai-OT9LoD4HA,Banu,Manhattan,New York,3,116,Bars
clZe2m5wDeZsBsGnTnX4Gg,Ranu Thai Cuisine,Poughkeepsie,New York,4,29,Thai
ScAJKPQVRrl0Nu97atturQ,Ecco Shoes,Manhattan,New York,4.5,3,Shopping
Ap9sPUi1p8Cf20kL_-Wzpg,Rolopan Crepes,B0st0n,Massachusetts,4,5,Restaurants
PVpzBR4iKqthjrt6K1aAcA,Yogurty's,Ithaca,New York,4,9,Ice Cream & Frozen Yogurt
LHUne_v8WmkL5hF8fHuV6w,New York Bike Repair,Manhattan,New York,4.5,3,Bikes
u2OWmQOVGFBF_jVwuiIveA,Steakfrites Bistro,Manhattan,New York,3,11,French
r_ZcprwRLOC1IHcJ6fRg8g,Body & Soul Med + Day Spa,Buffalo,New York,2,13,Day Spas
N0Tk9ORpX-gtbPNR0WoznQ,Tandem,B0st0n,Massachusetts,4.5,9,Restaurants
QteCo1aukiNRZsXLCYHCXw,Ben & Izzy's Deli,Manhattan,New York,2.5,16,Restaurants
7l8ktZxvL-AGcdXAQBKPDQ,Popeye's Supplements,Manhattan,New York,4,4,Drugstores
TJcSbwOvxXVIjFJwHq7BDw,Freeing Station New York,Niagara Falls,New York,4,27,Active Life
q0tv7o043ZVn4pMr9Cqgmw,The Ten Spot - Yonge & Eg,Manhattan,New York,4,10,Nail Salons
nPPj1l7qJfuw9K7Hv5rSkg,Value Village,Utica,New York,3,7,Thrift Stores
QeslAU224G_o75TRS09orA,Walmart,Manhattan,New York,3.5,3,Department Stores
hYB0Dhcp34duTxF62oJsag,Indo American Beauty Salon,Poughkeepsie,New York,4.5,25,Hair Salons
VWjApb5nA_X1ZdOgey3ybQ,Ambrosia Bakery,New Bedford,Massachusetts,5,9,Bakeries
izucdKmWkOyOsEqZE5sYFg,Jim's Restaurant,Manhattan,New York,3.5,24,American (Traditional)
1qOxjcR4x8JzLFjRX0rvXw,Stuft Gourmet Sausages,Manhattan,New York,3.5,5,Hot Dogs
qNFHmH-qo7Ia2vv0IK72ug,Tequila Bookworm,Manhattan,New York,3.5,84,Sandwiches
crrm1Wa8av7loDl-1kZk4Q,Hometown Korean Restaurant,Poughkeepsie,New York,3.5,11,Restaurants
Sv5AeTtAjMvDim7GCgvvjg,Scarsdale David Laffa Grill,Elmira,New York,3.5,3,Restaurants
T6MNhCZCnlHjxAW9tIXQmA,Eggsquis,Salem,Massachusetts,4,5,Restaurants
2OB0p5idPAicilqf_wzHLQ,Oxtail Pho & Banh Mi,Manhattan,New York,4,6,Restaurants
KzZBnjQJYjKFMdXcjON_9A,The Home Depot,Manhattan,New York,2,7,Tires
ojh8dtsMBiULB6oMsL6h7w,Clinique Vétérinaire Plateau,B0st0n,Massachusetts,4,15,Pets
e_mjuRcc0fW_wkkemGEShA,L'Escale,B0st0n,Massachusetts,3,5,Canadian (New)
sqIEwNn-AG_zZ0LI8dpQ4A,Sunny Dragon Restaurant,Elmira,New York,3.5,25,Restaurants
25MGKIJWaB3epxZ7P-KPfQ,Custom Mufflers & Brakes,Newark,New Jersey,4.5,3,Automotive
Uc3voxXeD33g0J3hHyMJ2g,Dutch Bros. Coffee,Cambridge,Massachusetts,3,3,Cafes
TvrgbBktloAY5_c-8GFP3w,Village Cigar Company,Utica,New York,3.5,3,Tobacco Shops
CG4KapQ-CXygjnqlN9ytLA,Domino's Pizza,The Bronx,New York,2.5,7,Pizza
cdJDKOB0Todcqnv6CiOQTg,Azian Cuisine,Smithtown,New York,3.5,16,Restaurants
j0Ss0KI7iJbhTz-4GjssJw,Strength-N-U,Newark,New Jersey,4.5,3,Trainers
xM0HKP9CgZoI3mcUbxdd4w,Safehouse Coffee,Manhattan,New York,4,5,Food
1GWSJbsVfKCPXIYPap6nIA,Oishii Japanese Ramen,Manhattan,New York,2,4,Restaurants
M77doyRU7zrTPGRDqXyu4Q,Queen West Antique Centre,Manhattan,New York,3,4,Antiques
b7zBV97lGZB2csbkSB32CQ,The Great American Backrub,Manhattan,New York,3.5,5,Beauty & Spas
LsnpRrz1hGMMy_xm8tz0uQ,Réno-Dépot,Pittsfield,Massachusetts,1.5,6,Shopping
_zICxzg7kkHREGTJfVHAFQ,Red Rose Convention Centre,Buffalo,New York,3.5,7,Venues & Event Spaces
S-DofNDAh6nXP5SxT0HSVg,Tutti Frutti,B0st0n,Massachusetts,1.5,9,Restaurants
s_VpeEfBsG-sGg6Vyq8afQ,Pho Lien,B0st0n,Massachusetts,4,106,Restaurants
e-G9Thimb--8XPVYVn2JHg,Red Eye Espresso,Manhattan,New York,4.5,8,Food
Uu7aqb4jTW2xWGMLpVR-yQ,Sugarbuds Village Bakery & Cafe,Newark,New Jersey,2.5,8,Food
RSrnpTGG0xy_K1uM3YHqOg,Laser Quest,B0st0n,Massachusetts,4,9,Education
ZL2OfyeW8JM2wSbAiaMQYQ,Wally's Grill,Poughkeepsie,New York,3,15,Restaurants
mWv7BIrpj_aG8pmGxWe3Vw,Bite Me Bakery,Manhattan,New York,3.5,8,Food
xOXImYSjz4Sa0oYuml-ldg,Whole Foods Market,Buffalo,New York,3.5,50,Organic Stores
obrbOqA5Pxita02b0rcGrg,Chuck E. Cheese,Manhattan,New York,3,5,Italian
JVK8szNDoy9MNiYSz_MiAA,Annvita English Tea Room,Manhattan,New York,3,61,Tea Rooms
StnuRUR2j_ISkC8bX4SUDQ,Krispy Kreme,Manhattan,New York,3.5,27,Food
yrtHT-84h0dg7YyT5nE7pQ,Osteria Berto Gourmet Wraps,Ithaca,New York,3,16,Italian
Xu3y7gnAdOOMrDreVktA6w,Blumenthal,Boston,Massachusetts,4.5,3,Restaurants
qPlTE5QSCNGNmrs9zdrzMg,Critter's Castle Pet Shop,Manhattan,New York,1,3,Pets
puYqiS18863_EnnhSG-N-w,Don Cherry's Sports Grill,Rhinebeck,New York,1.5,3,Bars
GVciy04FeuH4yRouF27p5A,Bickford Park Animal Hospital,Manhattan,New York,5,23,Veterinarians
Swj3YVo9lc9Kn9K3upIt1g,Fruits De Mer United Seafood Ltee,Wellesley,Massachusetts,4.5,3,Food
7f7u1SxsbQTaPsHPPMw3bA,Juice & Java,Manhattan,New York,3.5,3,Restaurants
twirfhS-LvbQjAoZjoxWOQ,Sushi Karu,Manhattan,New York,4.5,7,Restaurants
PgtOActam5PdtWn45dl-mQ,Bruno's Valu-Mart,Manhattan,New York,3,5,Grocery
_4B99coJlSasAgQPm0gyqA,Wild North Flowers,Manhattan,New York,5,22,Florists
21AZ9RR7D7s2TlT5S07mMA,Coronation Dog Park,Manhattan,New York,4,9,Dog Parks
4GqCDXliCho7-gNzjYL4Jw,Riverdale Cleaners,Manhattan,New York,5,3,Sewing & Alterations
27vF5LESbv4kFQfHZUDCnw,The Tempered Room,Manhattan,New York,4,40,Bakeries
EDgmMgMr0Ol3dphyDm1kSg,SoftMoc,Manhattan,New York,3.5,8,Shoe Stores
llF8KiDzxUHouf_dXL6XdQ,Simcoe Dental Group,Manhattan,New York,5,3,Dentists
Q6tqrFKl9lnbhdo95ogSeg,Ho-Lee-Chow,Manhattan,New York,2,14,Restaurants
GYLDg9TC5srLenoxeb9ushWQ,Orange Julius Courtneypark,Buffalo,New York,4.5,3,#N/A
YgwqL9w6jbz5cCJqVzFBRw,"Rod, Gun & Barbers",Manhattan,New York,3,7,Nightlife
5h--136168hpYFhgh-yOCg,Monteiro,B0st0n,Massachusetts,3.5,7,Portuguese
jr73qx65ut0FDlXqgWzoXQ,Sporting Life 10K,Manhattan,New York,3.5,4,Fitness & Instruction
ewzeCLTEDNsqBrCHHW3eFA,St Lawrence Cleaners,Manhattan,New York,2.5,3,Laundry Services
j9BZuqgGYb5PfA2ll_rc1Q,Nuvo Nails,Manhattan,New York,3.5,4,Nail Salons
7grygtJ69AJ_J7mM3bI0OA,Riverdale Park East,Manhattan,New York,4.5,9,Tennis
POJL-N7Smw1UZMP_xldFwg,Levetto,Elmira,New York,4,165,Restaurants
vGxrs041ENPaRWH435C2MA,Milestones Restaurants,The Bronx,New York,3,68,American (Traditional)
4eVV7753ARrJbWevKk5RZZ,Cabin Fever,Manhattan,New York,4.5,26,#N/A
1703ptmaXAXS_FqYIn7WPg,Knappett Jewellers,Queens,New York,3.5,3,Jewelry
4wtqTzXPPp_6vBfFQKiTGQ,Milestones Restaurants,Manhattan,New York,2.5,179,Comfort Food
kWxjBp2T-baD2APFKI5tlQ,Precision Laser Tattoo Removal,Manhattan,New York,3,6,Nail Salons
sQyX5VeAMPrxD9D3XH9HhQ,Miyamoto- Epicerie Japonaise,Fitchburg,Massachusetts,4.5,9,Imported Food
aBdFmNEYq4_ft8eCr-TwRw,Maa Sagar,Buffalo,New York,3.5,6,Indian
TMgTJ44x_CJQVxGoJWZAvw,Homewood Suites by Hilton New York-Utica,Utica,New York,4.5,3,Hotels
9Fuv3NFX90vjLkP-Dk8cog,Méga Plex-Guzzo,B0st0n,Massachusetts,3,16,Cinema
PuSpC01clO7J6xLoayTGuw,Morningside Library,Manhattan,New York,4.5,4,Libraries
wSfmY9DJlQ6S0OEbYDCKPQ,Petsmart,Buffalo,New York,5,3,Pets
6BZ-yG31kf-zOaD8s-0_jA,Queensway Fish & Chips,Poughkeepsie,New York,3.5,14,British
a9-r8ru5CAN_cNK1kVsPnw,Domino's Pizza,Manhattan,New York,2.5,3,Restaurants
NYj4iiRyQulshoafgujiSQ,New Bilan Restaurant,Manhattan,New York,4.5,7,Restaurants
QCoeVqhEKg_LGAUyojKe7g,Village Grec,B0st0n,Massachusetts,3.5,20,Greek
bN9WeldcsIAowZ3p_ubZAA,The Ballroom Bowl Bar Bistro,Manhattan,New York,2.5,122,Bowling
AP9vhzzu0H-ZOxyEStlegQ,Classico Pizza & Pasta,Manhattan,New York,3.5,17,Pizza
q61Ev3y8-QttcUR0TGD1jA,David Scott Cosmetics,Manhattan,New York,2.5,5,Cosmetics & Beauty Supply
q567nVPoW_iGNOD024ghBA,Club Monaco Queen Street,Manhattan,New York,4,4,Men's Clothing
VzT_RT1Rs97cF7HoRXpPSg,Pho Do Thi,Buffalo,New York,3,31,Vietnamese
5B_YKWtJthJqmD5MYw2maA,Hot Pot Cafe,Manhattan,New York,5,3,Halal
8BqHgocAbM-idZxWhjm6Lg,Dunkin',Lake George,New York,2,3,Coffee & Tea
2YuwHtBrpXTL0g2eD0wDJA,Frano's,Levittown,New York,3.5,3,Restaurants
8f8can9v2DNi2A8nHvznUG,Circle Shoes & Skate Exchange,Manhattan,New York,3.5,3,#N/A
DG1Z-s-rh8zX0odQRrJGkA,Yelp's Brunch Bash,Manhattan,New York,3.5,16,Local Flavor
S6k0qY25TxNywfCYLby4Hg,Public Storage,Manhattan,New York,5,5,Self Storage
JRKVlsYbM56K2mY5Yb24gw,Sébastien Barbier Boston,B0st0n,Massachusetts,4,3,Barbers
TR6vgFkV1RNv7uPyOSBzjw,The Four Seven,Manhattan,New York,4.5,23,Bars
Q02mmuBN2rDgHdg7SbPYxg,La Belle Province,B0st0n,Massachusetts,3.5,11,Restaurants
dTWfATVrBfKj7Vdn0qWVWg,Flavor Cuisine,Manhattan,New York,3,6,Food Court
69YyslIwQ6bYacxd5A4sGw,House of Cheung,Manhattan,New York,2,8,Chinese
l9ZyzHZs6uQvy_S8EOZIIg,Sugar Hut,Niagara Falls,New York,4,4,Food
1c5V3xttmHJaRhOMD41-GQ,East End Garden Centre & Hardware,Manhattan,New York,3.5,6,Nurseries & Gardening
7AH10sZESTObfbfGZbiFlw,Burger King - TD Towers,Manhattan,New York,3,12,Restaurants
F9F6IjrBBB2QW39AwbR85w,Serrano at Village Gate West,Manhattan,New York,3.5,3,Real Estate
LmUSpXHq9OieVY8zpr88Sw,Dunn's Famous Decarie,B0st0n,Massachusetts,3.5,27,Restaurants
hdNOL59QqvGlg70E4yHrsQ,Gourmet Burger Co,Manhattan,New York,3,22,Restaurants
N-EA6G39XHc1RqF-4jAABg,Mexican Amigos,Manhattan,New York,2.5,50,Mexican
SvW3WsatQWvR8c1iwAD_QA,Urban House Cafe,Manhattan,New York,4,33,Bars
JU_-RuxNNAKgNKeR27_g4A,Mediterraneo Steakhouse,Fall River,Massachusetts,4.5,9,Restaurants
sCo8DEQfbc8_xWzg2kmvIA,Al Mandi,Manhattan,New York,4,4,Arabian
glHBzrKo5_OvyMLs0OCXLw,The Home Depot,Buffalo,New York,2,6,Department Stores
_6dX6woezCD6h36Rid9CGA,Village Chill,Manhattan,New York,3.5,5,Food
sb5mhl5ZgiUmZleZTrhyCQ,Last Drop Cafe,East Rochester,New York,4,17,Breakfast & Brunch
owswkOnn3JN6lK7Dm9gRCw,Asian Express,Manhattan,New York,3.5,14,Restaurants
vGpRVpq_UzXNw2UiHP_1Og,Denny's,The Bronx,New York,3,18,Breakfast & Brunch
ZtYhddUCobpfc8z5EFKhpg,Apple Auto Glass,The Bronx,New York,4,5,Auto Glass Services
GmNXmd_UAtG5FEnlEFfkkQ,Wimpy's Diner,The Bronx,New York,3.5,23,Breakfast & Brunch
zxi1WSAHYvbn6_shovaFLA,Quiznos,Lake George,New York,1,3,Sandwiches
GRTKpAPV523YqJpD3g4VOg,Alleycatz Restaurant Jazz Bar,Manhattan,New York,2.5,71,American (New)
fz761yppFtnixsNTmCOULw,The Cove,Queens,New York,3,5,Burgers
WWlXdCH3SvUtEn8GTimZ-A,Body Blue,Manhattan,New York,4,7,Shopping
V0ZBqwBGsYuihpUbju_IQg,Davenport Garden Centre,Manhattan,New York,4,4,Nurseries & Gardening
fGRCo7zYoY4_en_hiUZFMQ,Denim Scarsdales,B0st0n,Massachusetts,5,5,Shopping
lzL_dnYq3kK9GFaVGPV10w,Coffee Guitar,Manhattan,New York,5,4,Food
lk3-wld-aysXpgb2kPVE-Q,Pizza Hut,Manhattan,New York,2.5,3,Italian
jZMlgwWVB4vID3PRUhYsag,Club Downtown,B0st0n,Massachusetts,3,20,Adult Entertainment
G0J88j2hHXSKmy1nMIZcDA,The Little Hair Shop,Manhattan,New York,3.5,10,Beauty & Spas
Oen_gjR_egwLT2B7U4FucQ,Vélo Urbain,B0st0n,Massachusetts,4.5,3,Local Services
x3JHj5h33ouzw_Ynj-utJg,Asian Legend,Manhattan,New York,3.5,90,Restaurants
LVQ7gYUkrigamR9XlGy1hw,Glitch Fix,Elmira,New York,4.5,13,Computers
uq7DGoGmmZwqVzMsbpYVMp,Keung Kee Restaurant,Manhattan,New York,3.5,38,#N/A
8aDGR0qv0bMMyZRX2ZZvIQ,Monument-National,B0st0n,Massachusetts,4,4,Cinema
K12EYif4vVDBno8S5RaWMQ,Mars Food,Manhattan,New York,3,43,Breakfast & Brunch
JqFKnaelxCwTD2jkEwpi8Q,Starbucks,Syracuse,New York,4,3,Food
WbaAuSVAb2VmptO3YYhWLw,New Age Physio,Manhattan,New York,5,3,Physical Therapy
ckmhafwEhhIyPEtCon8GSg,The Fresh Tea Shop,Queens,New York,3.5,22,Cafes
J5XK5yRvcweubTt_Y79ODQ,Justine Blainey Wellness Centre,Binghamton,New York,1.5,3,Acupuncture
gMgDoEoExMwZ-PyX9VVRQQ,Mr. Greek Mediterranean Grill,Queens,New York,3,8,Greek
cilz3zHyydAG2kYjbNdrFg,Moo Beef Noodle House,Manhattan,New York,3,9,Taiwanese
OAtJ992w2v2C8B3bQWhmxQ,Origin,Manhattan,New York,2.5,21,Tapas/Small Plates
IMVkGLAnocVZ1kni4X3wPg,Rochester Mills Beauty Boutique,Manhattan,New York,2,3,Massage
bVKrAuvOpaImrNRBsVlaSw,Rapido,Manhattan,New York,4,8,Food
VdAP8qAC9fTkqaIQ6CjwzQ,Quaker Hill Veterinary,Queens,New York,3.5,4,Pets
yXgmi4C_GQe-Vn47aXA_ig,Pompette,B0st0n,Massachusetts,4.5,11,Restaurants
BosHv6PCo9rLGYc6Iu6TyA,Sunset Grill,Buffalo,New York,3,6,Restaurants
QHLMfVAdm5HJCqrepwdNtw,La Maison de Seoul,B0st0n,Massachusetts,4,32,Korean
UCJrY7uZwtaJIcQ10oLzKg,Zestos Pizza,B0st0n,Massachusetts,3.5,10,American (Traditional)
X9cQ00S2pIbQ1FFJ_U2X-g,Village Ice Cream Shoppe,Huntington,New York,4,9,Food
yxQsedCcjJEfqhC7u8Rl0A,Alioli Ristorante,Buffalo,New York,4,73,Nightlife
1RdiPatHJfkA8R1pC4EOrA,Oakpark Pet Hospital,Utica,New York,5,4,Pets
SpiM8OA4rCqH-NsgSGTCrw,Pho 4 You,Manhattan,New York,4,3,Restaurants
XT7-XSDM3kGS4KYS6AkZjg,Pizza Hut,Salem,Massachusetts,2.5,8,Chicken Wings
1rzXGyuul11F0LIG_w_XMw,Wild Strawberry Salon,Niagara Falls,New York,2,4,Makeup Artists
lNcWildu5RaR5vXHOUacjw,Moderation Suit,Manhattan,New York,4.5,3,Formal Wear
Qjy3rBYSNzUVEiH7k3xN0A,Rebirth Yoga Studio,Buffalo,New York,1.5,5,Yoga
ou5hsYWeOSswnR_QihIytA,Bar Inc,B0st0n,Massachusetts,3.5,18,Dive Bars
1rURUVztowOl0lMoVHyNpw,Restaurant Épik,B0st0n,Massachusetts,5,13,Wine Bars
k_WC80QnYu4oooGeaphRHQ,City Taxi,Poughkeepsie,New York,2,3,Hotels & Travel
7maw_SNG0Q_co6-jPDoUnw,Chong Qing Legend,Newark,New Jersey,4,12,Restaurants
007Dg4ESDVacWcC4Vq704Q,Front Door Organics,Manhattan,New York,4.5,7,Organic Stores
GFhlhdFYjuW47z192L3Qbg,Fast Fresh Foods,Manhattan,New York,3,4,Do-It-Yourself Food
doyMZoah94iD3L9i7rqp-Q,Chez Dany,B0st0n,Massachusetts,1.5,3,#N/A
nrOxXGd3Vx6iz5xuIJT8cw,Akane Sushi,Niagara Falls,New York,3.5,122,Sushi Bars
MLQeuiL9rqOq_rDKGEcU0A,F'Amelia,Manhattan,New York,3.5,91,Pizza
7adoEC9c6etjbPM1l4tm8g,Pizza Hut,Buffalo,New York,2,4,Chicken Wings
CDMGhrQZFOpH3yStOsawwA,Elizabeth Milan Day Spa,Manhattan,New York,3,4,Day Spas
NTuvt9fOpPnC2CkvVDG5_w,Dunkin'-Cold Stone Creamery,Manhattan,New York,3,10,Bagels
rsQnbPuMnEYmoFw-6CSm0Q,Local 75,B0st0n,Massachusetts,4,7,Gastropubs
1BiIrRvejfuXifw-DVq9Cg,Fabricland Distributors,Newark,New Jersey,2.5,4,Arts & Crafts
FAORBkeNdPP-qesHHj_5OQ,Quiznos Sub,Manhattan,New York,2.5,4,Fast Food
jwF2DNjFBGR6VXDrrmhlSQ,Thai Zone,New Bedford,Massachusetts,2.5,3,Thai
6aOnrzf15RMqFNOQ-_ElIA,COCO Crafted Organic Chocolate,Manhattan,New York,5,15,Chocolatiers & Shops
x2YKcVc7NwZ6vffv8RBgwg,La Fondue du Prince,Worcester,Massachusetts,5,3,Fondue
qcb9ypJtmbiEQg65uaCwqA,LA Fitness,Manhattan,New York,4,17,Fitness & Instruction
EZrkg2mrQLGaXdsiuRnBgQ,Carmelina Restaurant,The Bronx,New York,3.5,41,Italian
1iKMxBsTsPSoEzYUf1AijA,Paradise Biryani Pointe,B0st0n,Massachusetts,3.5,9,Restaurants
j0YMfO-cJhOXGDBSfv3FXg,Mâche!,B0st0n,Massachusetts,4,106,American (Traditional)
A7fkuHw8wxEdn0v-SKBP9g,Trattoria Da Gina,New Bedford,Massachusetts,5,4,Italian
QxByT5k1Og8LgddjHI9kag,Peter's Cajun Creole Pizza,Manhattan,New York,3.5,27,Cajun/Creole
gYYLTomCf3j_QaUR5qUpjw,Homesense,Buffalo,New York,4.5,3,Home Decor
rROS_gXxt9UbD7peptH3vA,Nuthouse,Manhattan,New York,4,14,Food
tyVRfb_Xr7r9aQ73Q-NQXQ,Dufferin Grove Park,Manhattan,New York,5,15,Active Life
kemSq9mBxmPaKHQrUXPJ_g,Kupfert & Kim,Manhattan,New York,4,106,Restaurants
gbMDGRFNAhgaDOt7h_xGTQ,Sporting Life Bikes & Boards,Manhattan,New York,3.5,14,Sporting Goods
yYsHJVVdpsoeIOlvOua-rA,Sweet Olenka's,Manhattan,New York,4,70,Food
yRBE98DheftGKDwZG39P-w,Latazza Cafe,Manhattan,New York,4.5,6,Cafes
burpg9xI8_zvWgiahTNjGQ,Domino's Pizza,Fall River,Massachusetts,2,5,Restaurants
FdRZWQ8TVuKANFXcI1Do7Q,Civello Rosedale Salon & Spa,Manhattan,New York,4,50,Hair Salons
RWFC8Ht9gWcRc2vX57OPsA,Papa CEO Scarsdale Slice,Manhattan,New York,3,41,Pizza
3EOXgCMlTzQ9qCFd6dZL5Q,SITAMAA Day Spa,Manhattan,New York,3,7,Day Spas
TWqDzegXkyYv7itPSNIhqg,Relish Bar & Grill,Manhattan,New York,3.5,45,Restaurants
NQW8GLK3pqTQxc2GzxvImA,Satipañña Insight Meditation New York,Manhattan,New York,4.5,3,Local Services
TEfmUsvRZWB7XA85ZX7haw,NCIX Buffalo,Buffalo,New York,3.5,6,IT Services & Computer Repair
tthOKLpeBZXkEEbqHMfueQ,Bagel De L'ouest,Framingham,Massachusetts,5,5,Bagels
s7Pj1mNYqRTGNOXLOiBafw,Figo,Manhattan,New York,3.5,120,Italian
nsQUBrkiQlOSEN9MvJ-5pA,Clic Klak,Buffalo,New York,3.5,3,Baby Gear & Furniture
2sG3M1NxfU0fazmrzGSWJw,Scuba 2000,Niagara Falls,New York,3.5,5,Scuba Diving
X4OQpv3PqiSlNVDLVinVPQ,Cartel,B0st0n,Massachusetts,4,44,Latin American
Jk3mUFfIWnH2whJhvAS0XQ,Esso,Ithaca,New York,3,4,Gas Stations
ovIXtPNJEC_mGgFodHL_Vg,Warehouse Wines & Spirits - Cabbagetown,Manhattan,New York,4,3,Beer
kL7u1A1lIsefy_NGYZN9vg,La Prep,Manhattan,New York,4,6,Breakfast & Brunch
abguc9KMyUkrwYsRqvcS8w,Le Tuktuk,B0st0n,Massachusetts,4,6,Restaurants
m2hz26KM3kLN_AS5CcEjPg,East Thirty-Six,Manhattan,New York,4,132,Bars
hlR9pTF0TO-2eWALESkASQ,Stitches,B0st0n,Massachusetts,4,3,Women's Clothing
G2Z-4U6cDsDQvT6v3FzYmA,Ricarda's,Manhattan,New York,4,52,Desserts
gMpLUVlRqc5prUbZ3NGJsg,Newstar Hotel,Wellesley,Massachusetts,1.5,3,Hotels & Travel
Qu7SXBC67diyQEpVbVTzKQ,Value Village,The Bronx,New York,2.5,6,Thrift Stores
jDe6PKIev0Z20XpcYSaAlw,A & C Games,Manhattan,New York,3.5,13,Videos & Video Game Rental
lsfFzCl7SXgoq8N5NjbvZA,Parmigiano Trattoria,Manhattan,New York,4,23,Restaurants
Lm818gcGuR2LUWGcs0NwNw,Top Nail,Manhattan,New York,4,7,Tanning
aRkP-RzuuUQLfUx8Kk4aVw,Nice One Nails,Manhattan,New York,1.5,37,Hair Removal
s11QWE4k8fabX2MCTU7zuQ,Orbite,B0st0n,Massachusetts,3.5,4,Cosmetics & Beauty Supply
tmuLHd4pnyPOF1ZL4x5bZw,Kanda Sushi,Framingham,Massachusetts,3.5,5,Dim Sum
nSbyoNnIYJreHmua0wQXEA,Sonique Hair Design,Binghamton,New York,5,19,Beauty & Spas
QTYA1yCbsCjRU6BYDdQJuw,Sweet Pea Dessert Cafe,Newark,New Jersey,3,11,Restaurants
JCtTTygnD0cN8246-8OkPg,Sabor Brasil,Manhattan,New York,4,11,Brazilian
zol8ct7LUwRcKARld-Nzvg,Rona,B0st0n,Massachusetts,3.5,4,Hardware Stores
bV2rloJ9CsnO0st1GUvB0w,Ben & Florentine,Falmouth,Massachusetts,3.5,6,Breakfast & Brunch
DAB2oczUT1jMreJHEWbfJA,Poutineville,Revere,Massachusetts,4,5,Do-It-Yourself Food
ZtNhshv5ofqivOGiCslqTw,M2M  Asian Grocery Store,Manhattan,New York,4,16,Food
fEHYeuPJ1CAlq02KNI88HA,Swift Moving And Deliveries,Manhattan,New York,2.5,3,Local Services
vfKSsF8kj34NW3tj2Qf2Lw,Rosen's Cinnamon Buns,Manhattan,New York,3.5,17,Patisserie/Cake Shop
MdhVvYRe6lMSzFS41IUlUA,Starbucks,Manhattan,New York,4,11,Coffee & Tea
BXW3l2O-jmyosDiEo55k9A,Auto Detail Bay,Niagara Falls,New York,3,6,Automotive
5M__5-AqoEvc1fHbmDLoIg,Dawson's All Day Breakfast,Syracuse,New York,2,7,Breakfast & Brunch
6wZBf3JN-v1_o8eyz2LCvA,1800 Degrees,Poughkeepsie,New York,3,8,Restaurants
BGj-L9GFzrJcTDd2U6qyhg,5 Elements Yoga & Pilates,Binghamton,New York,4.5,3,Active Life
7_9jPeXgMdxhNmNmSpQorw,The Brick,Buffalo,New York,1.5,7,Electronics
8d7x9Lgc3G-KyAclJlaYrA,Leigh and Harlow,Manhattan,New York,4,4,Fashion
UvYp592I8h5Jg63Fq7TQUw,Fred Perry Authentic Shop,Manhattan,New York,4.5,5,Men's Clothing
5jtxiHzuaFLoJxevfJNxRQ,Come and Get It,Manhattan,New York,4,63,Sandwiches
wN4H4PPBXOu_OJiI4-Ma6Q,Salon Moov,B0st0n,Massachusetts,4,4,Beauty & Spas
vEQGLvBhsV6zzgAkumJaDg,All American Self Storage Poughkeepsie,Poughkeepsie,New York,5,3,Local Services
gyPmHqIqC5-RAAy51oiafQ,The Cloak Bar,Manhattan,New York,4.5,18,Tapas Bars
GbJfTR51467qbzpIKZ3Jxw,Initium Hair Design,The Bronx,New York,4.5,5,Hair Salons
QywecLDR0H9TraJNd-lY_A,Burger Legend,Buffalo,New York,3.5,62,Burgers
WZKGbLstywdLQ9jAR46XDQ,Konkan Delite,Buffalo,New York,2.5,3,Indian
IQPqzraaKvdCEjL6imjUXw,Church On Church,Manhattan,New York,4,9,Bars
alncf_6juI-sJJ5afONm0g,Sky Yard,Manhattan,New York,3.5,20,Nightlife
A8yIKHSI5LFYZ6_H8dZBcg,Chefydrew's International Cuisine,Manhattan,New York,4,7,Caribbean
F_Rk30DMHlWjGAzZvsrWaA,Evymama,Manhattan,New York,4,8,Maternity Wear
8kY90f4lN_KXkQlCyv2U4A,Mr B's Factory Outlet Warehse Sales,Buffalo,New York,3.5,3,Shoe Stores
7U23rwCmVWasFQ0cHRMYVw,China 8,Buffalo,New York,3,14,Food
UDRI5-ogXgh2AhAQK26b6Q,Appletree Natural Foods,Manhattan,New York,2.5,6,Specialty Food
q6QjMYwBlkwum4kj88t4Sg,Pita & Grill,Buffalo,New York,4,37,Restaurants
AdwllxAaoyzbV42ix2vfYw,Marble Slab Creamery,Manhattan,New York,3,4,Ice Cream & Frozen Yogurt
mQtExAMAHjgudejnAMbb0Q,Harry's Social Kitchen,Manhattan,New York,3.5,7,Restaurants
i7PVYSPDnkLIp2cPYuvsMw,Homesense,Buffalo,New York,4,3,Shopping
cPiN4o2MeFFKPpXre7N_Dw,Dance Teq,Manhattan,New York,4.5,6,Dance Studios
PXHQ0u-mKdPA5fZ0auG9Gg,Romano Panini,Queens,New York,4,3,Restaurants
jFy_9PEefYGxhZISQpKW4A,Tkrestobar,B0st0n,Massachusetts,4,9,Asian Fusion
bTfTUoZDKuwXKPoFLr5tJh,Godspeed Brewery,Manhattan,New York,3.5,7,#N/A
m8SkL136H8FzkFGvAQCdPA,Wildfire Steakhouse & Wine Bar,Manhattan,New York,4,67,Bars
v57Aq8TlBOrzo2j4SSpWCg,Restaurant Limon,B0st0n,Massachusetts,3,23,Mexican
iTo-3R5sb-mlvoGtTJRGrA,Holiday Inn Utica,Utica,New York,4,10,Event Planning & Services
SfHE6qK6dT7wxX-Ow82tRg,Café Parvis,B0st0n,Massachusetts,4,118,Food
f7i3uVahlfykAQvDxx4CDg,Duke of Somerset,Manhattan,New York,3,31,British
sMM4s3Mtq5U6zg20FQMQCA,Crème Fraîche Market Cafe,Manhattan,New York,4,6,Cheese Shops
yg--5IbP2PbBQlPlcLDSMQ,Kidsopolis,Utica,New York,3,3,Event Planning & Services
t5IAgOFWLAHLleINAUEgTw,Arts Market,Manhattan,New York,5,7,Fashion
Jccph05iNEopbkT1sKsPNw,National Sports - Newark,Newark,New Jersey,3.5,3,Fashion
1bjYdl8wHtgqvgB-hA9NDg,Lighting Center,Utica,New York,2,4,Shopping
0jjy1j9Et6ewrTWWhCZ-jQ,Sunrise Caribbean Restaurant,Buffalo,New York,3.5,3,Restaurants
I2jqzhNnV75V0dy24Clqng,Le Balnéo,Holyoke,Massachusetts,4.5,9,Italian
NtIUfE8Yj119F3DSPXYs5A,Montana's BBQ & Bar,Elmira,New York,2,37,Steakhouses
RroT8hA7NCvTOtH2y3JRGw,Mtl Star Sandwicherie,B0st0n,Massachusetts,4.5,5,Donairs
w3lFTW91cTRgso2xr__T2Q,Churrasco of Portugal,Huntington,New York,3.5,21,Food
0UIBu4yU6o60eftrXWG-TQ,Sugarmoon,Manhattan,New York,5,9,Hair Removal
SxD2if5gy972rpGDonkH3w,Jumbo Restaurant,Holyoke,Massachusetts,1.5,3,#N/A
1cva8o5XPlSQS2AEjm0pvg,Sano Sushi,Elmira,New York,3,63,Restaurants
sSdHUsUZ4mvkb5ymIOJ_Aw,N9 Cafe,Manhattan,New York,2.5,25,Cafes
vBf8pjeR9RqvulRXvg-ibA,No Bones About It,Manhattan,New York,5,4,Pets
jCvnGFx3nWX51OkDW8mSsg,7-Eleven,Manhattan,New York,2.5,3,Convenience Stores
NUxyHhSJjfLwRgE0F_o8lw,Rotisseries Scores,New Bedford,Massachusetts,2.5,7,Restaurants
9tHDUdbcWGSSr8atHl3Ryg,Turtle Jack's MuskLenox Grill,Buffalo,New York,3.5,25,Vegetarian
Nyvu02Pv5k0LCTIny4Hyew,Entrepot l'Oréal,B0st0n,Massachusetts,3,3,Beauty & Spas
aOaRYBPVrQFSvE3ovl-LEw,Le Roi du Smoked Meat,B0st0n,Massachusetts,3.5,33,Restaurants
efFIGYJDnqPnjXlASxF7PQ,Lucy Ethiopian Kitchen,Manhattan,New York,4.5,46,Ethiopian
1cbWbpnvNrcRtgru-cQqyA,University of New York Bookstore,Manhattan,New York,2.5,13,Colleges & Universities
ioaS-3rHW7RBubBK5gcfVQ,Café Campagne,Somerville,Massachusetts,4,6,Breakfast & Brunch
cWPTOM_o5toaXpq0gNxD7Q,BlackGold Cafe,Manhattan,New York,4,54,Restaurants
GEmPOsnK6A2srevUw75BCg,Ben McNally Books,Manhattan,New York,4.5,12,Bookstores
ILlebFUb89ZozizpVGeHdQ,The Kennedy Public House,Manhattan,New York,3,102,Restaurants
y2QENZ0Rre4EOveD0iFpBQ,Sammy's Gourmet,Manhattan,New York,4,6,Salad
nnn6Gl_tf8bwGsNyXQ9s3g,Hinnawi Bros Bagel & Café,B0st0n,Massachusetts,4,24,Bagels
AFjol4dWf-zYb9mz9j7gPw,Ginger,Manhattan,New York,2,3,Restaurants
YLeAUkFFJri_21uTkyrVFg,Malaysian Garam Masala,Manhattan,New York,4,4,Malaysian
WaFTO4zJfL7yLHe4EQmvZA,Studio Fresh,Manhattan,New York,4.5,3,Women's Clothing
TDAWrnpPiGHFX_4j96PIpg,Thai Wok Restaurant,East Rochester,New York,3.5,9,Thai
wKc2EBr_NnLJk0awKR1TQw,Bergo Designs,Manhattan,New York,4,6,Home & Garden
YCzPKhPgfUI9j1-mxJFpnQ,Teriyaki,Buffalo,New York,2,6,Restaurants
cKdox2gt3L1Dbb7MpOPdWg,Au Pied de Cochon,B0st0n,Massachusetts,4,982,French
xmnBvjTlZltuMkhnYJgp9w,Yeti Nails at College & Bay,Manhattan,New York,3,14,Nail Salons
RF0mZ-IteC1pK3yQ7lTvAg,Mochizuki,Manhattan,New York,4,6,Restaurants
D8AJWGM1GfW_sdaD6UB_BA,Chez Tung,B0st0n,Massachusetts,5,5,Restaurants
O3sIXkB4rHX9OLKILiyZLw,JoBlo,Cambridge,Massachusetts,3.5,33,Burgers
Z31OHtHR_dxTHBB7kGqHjw,Presse Café,B0st0n,Massachusetts,3.5,11,Food
aMT1FXZvm2_bmJT6QoLV8A,Si Chuan House Cuisine,Manhattan,New York,3.5,22,Restaurants
Ea8VlDF9NLNKvaKD_D1Wrg,Buffalo Valley Community Centre & Library,Buffalo,New York,3.5,3,Libraries
Hxyx7c3unYCYFVN92dT7PQ,Alfa Restaurants Regd,Revere,Massachusetts,4,5,Fast Food
ZdG4umk_doiH5Ai6wg6MlA,Al Dar Restaurant,Boston,Massachusetts,4,4,Cafes
5GcHJvxiTrIt23gB0qMdjw,Leslie Cafe,Manhattan,New York,3,37,Restaurants
Bb2fJN9kq57cFizCUp7-gw,Balisi,Manhattan,New York,3.5,3,Women's Clothing
KkRUprt06Jg8ANLIQLPijQ,La Cascina,Manhattan,New York,4,15,Italian
rTJDssEcvPnq5jjGzKLTlQ,McDonald's,The Bronx,New York,1.5,16,Burgers
gOzmhf8DSOlEQk_souFJOg,Scorpio Seafood & Steak House,Buffalo,New York,4,6,Caterers
eoG9zP7xxsDHVM0kJYrvkw,The Shameful Tiki Room,Manhattan,New York,4,85,Nightlife
821Xtr_wwXqDc_ljjy5p6w,Pizza Hut,The Bronx,New York,3,21,Italian
P1xTQOh01Js-FntcMvJPAw,Patisserie Doree,B0st0n,Massachusetts,3.5,3,Food
MlwsOef4hDJVHWOzutE6yw,Cheese Garden,Manhattan,New York,4,49,Cheese Shops
8KSAQCNTdGu7LIL0aRaP2A,Parc Angrignon,B0st0n,Massachusetts,4,4,Active Life
02Ycww2etUAxorZb5gIM8Q,Tre Mari Bakery,Manhattan,New York,4.5,53,Sandwiches
vFtVkrOg-wYo1uwPeLbPQQ,Bar à Beurre,B0st0n,Massachusetts,4,34,Food
OGJkZG-jCRjHRxuZ3-yZwQ,Omma,B0st0n,Massachusetts,4,44,Korean
yR3kQdX-IbtaxxJf4rXiIg,Cafe Aroma Paninoteca,B0st0n,Massachusetts,4.5,5,Restaurants
sHIJktNJTTJPOGhzXMI2Fg,Restaurant Fifty Nine,Manhattan,New York,2.5,6,Restaurants
KHxuTxhVt0smTGngblIjSA,Sunlight Chinese Food,Binghamton,New York,4,4,Ethnic Food
Vti2Kkh_SwEXcyWiCIY1Zw,Pho Mi 99,Buffalo,New York,2.5,51,Vietnamese
SgEamhRcad2G2LKVo-nPAg,Royal Sous-Marins,B0st0n,Massachusetts,3.5,10,Sandwiches
i2O5tXByY_m5cSeV3dKu-w,Freshslice Pizza,Manhattan,New York,3,17,Restaurants
ACQ1kbWkPToh0BsAQ5TGIQ,Panago Pizza,Manhattan,New York,3.5,25,Restaurants
vlFzcXqS2E1J1Dg-n19j8w,Cocina de Doña Julia,Manhattan,New York,4,3,Restaurants
EnUeNIuuNAdDARJaoG0T6Q,Leif Benner,Manhattan,New York,5,12,Shopping
XLc5WIzafCocqsycQhvEPw,Goods & Provisions,Manhattan,New York,4,77,Restaurants
yVuMIm6sY2nCvYmPSTl_pg,Infuse Tea,Manhattan,New York,4,9,Food
11oPXzO6RQ6F_UUYbLkALA,The Cupcake Shoppe,Manhattan,New York,3,67,Bakeries
jmGjW4SRfEk9Tgf9GvjZnQ,New York Foot Clinic,Manhattan,New York,5,3,Medical Centers
LISkzAvqDOFZMdxaX9ryjQ,Restaurant La Petite Ardoise,B0st0n,Massachusetts,3,3,French
uKrTmGn1HhwxcvHxsKyTIQ,Chiggy's Touch Salon,Manhattan,New York,2,7,Beauty & Spas
F-bdXFkJwwENiNpMTG2ntQ,The 3 Brewers,Manhattan,New York,3,218,Restaurants
Y3zHWwGWjkdbCPGR7pF6tQ,The Corktown Kitchen,Manhattan,New York,4,33,Barbeque
5L8JH9-NZ08t1LxSmdISRw,Mesquite Bbq Catering,B0st0n,Massachusetts,4,4,Restaurants
O-ihiWMOaZ4hbQbLqy4zjA,St George Organic Bakery,Manhattan,New York,4.5,3,Food
668OSbQINpBvoV-FZMj2YQ,Armando's,Brooklyn,New York,2,14,Italian
gJzmRmsCQ1149QSc0EhnFA,Kidnetix Edu-Play Centre,Manhattan,New York,2.5,6,Party & Event Planning
KWuaC5_GqtFWnm-Ul0ankA,"Lenny Slepchik, DDS",Boston,Massachusetts,3,4,Dentists
Vn5q_KflKkND6rGYohqkxQ,I Do! Wedding Cakes,Manhattan,New York,4.5,16,Desserts
SU3GvpWHKoqjz9VBuokN3Q,Grande Cheese Company,Smithtown,New York,3.5,3,Cheese Shops
lUFq43Pa-UodcDIeOvYjXw,Parc Northampton,B0st0n,Massachusetts,4,3,Active Life
lrtakK7qepwCoY5g2O281g,Sweet Rosie's Cafe,Brooklyn,New York,4,3,Restaurants
bj2jN4jRfmlKSfdrWne6UA,Locks & Mane Hair Extension Bar,Manhattan,New York,5,3,Hair Salons
AcsU1Dt_AI1MLAhctLi0Wg,Nguyen Phi,B0st0n,Massachusetts,4,26,Restaurants
LrXCjkhXDe1_nYDas1U2Gg,Naha Sushi,Niagara Falls,New York,3,5,Sushi Bars
a9aW5e731lplWGHUZ02-zQ,Chino Locos Original,Manhattan,New York,4,158,Asian Fusion
gVj_DdvHzbO8wosBMaWWuA,Nobel Burger,Buffalo,New York,2.5,108,Restaurants
_q0nzF0Jr6_nvxwOZRONRg,Rabba Fine Foods Stores,Manhattan,New York,3,13,Food
NUHNLaMg7aMesMdAiie73w,Paisano's Italian Garden Cafe,Brooklyn,New York,3.5,79,Italian
3jD0XUCg78mNWq087QuuuQ,"JoAnn L Alafriz, BSc R.Ac",Manhattan,New York,5,3,Beauty & Spas
Km913vU0Fyk8339Yi51ukA,Sushi Eastern,Utica,New York,3,4,Asian Fusion
3gQ7zQgizLnYDUti91k_dw,Restaurant Rapido Du Plateau,B0st0n,Massachusetts,3.5,9,Restaurants
KWV_ihgG_hekQXe2uT1sHw,Bilibaloo,Pittsfield,Massachusetts,5,3,Shopping
cmDKKKqVfS2JB-CVOy6fow,Ryerson University Student Learning Centre,Manhattan,New York,4,3,Colleges & Universities
z6r_5g7AcbzZMEJZOmxzvg,Arrow Furniture,Buffalo,New York,2,4,Furniture Stores
E3sO6NaV0G05zgVF3oauhQ,Trader Joe�s,Brooklyn,New York,2.5,6,Pharmacy
85-hoogKT4MR5eTqffpxAA,Super Zamani,Manhattan,New York,2.5,3,Persian/Iranian
lkM72Y21bjBqUGaW7iL7tQ,Very Fair,Manhattan,New York,3,73,Restaurants
jesEHiUvX8CzF9gRjwMZ3w,Casa Barcelona,Poughkeepsie,New York,3,29,Spanish
TiVKDhWC8VfJng2NWeFXrw,Amato,New Bedford,Massachusetts,4.5,7,Restaurants
MKUzLddRYHAjC-HlswIppQ,Only Pasta,Oneonta,New York,4.5,3,Specialty Food
SnpjfcOZyClpdsBDTr7zfg,Juicy Teahouse,Manhattan,New York,3,4,Juice Bars & Smoothies
VJ02dtTMv-IP9bwYJ408WA,Alternative ThinScarsdale,Manhattan,New York,3.5,7,Shopping
C3PK_1n4xHuC3eCo_azYgw,Patisserie & Boulangerie Clarke,B0st0n,Massachusetts,5,5,Bakeries
wvQmLd4nFcj6owEqdmlnUw,Courtyard New York The Bronx,The Bronx,New York,3.5,7,Hotels
o5t33JVLpZWf269AEPB95Q,Greens Vegetarian Restaurant,Manhattan,New York,3.5,83,Vegan
Zs02q0xpPqO5ZldGs9QmOQ,Dreams Discovery Centre,Yonkers,New York,5,3,Preschools
FgCusM1AtI1QiEgkUoOaLw,Abattoir Crossfit Plateau,B0st0n,Massachusetts,5,6,Gyms
wfCNNMkeJcpWr9jj1hcdAA,Black Bear Japanese Fusion,The Bronx,New York,3,74,Restaurants
idNM8G3ufjtrVTGojFnnNL,Sehmi Japanese Restaurant,Buffalo,New York,4,36,#N/A
9Boahjn3QxlZnP2Aw_V1Rg,Sotto Sotto Restaurant,Manhattan,New York,4,67,Italian
lpqtCUzSnKc1QGi4wO6ovQ,Nu-Do,B0st0n,Massachusetts,4,31,Restaurants
LQyKk9SvF_nAf-PX9_GvJg,Future Shop,Lake George,New York,2.5,3,Local Services
UknttT8Gl8p7KpOSiVH-XQ,Dunkin',B0st0n,Massachusetts,3,9,Restaurants
9mFFR-tBU8gXDhoaR_dNXg,Victoria Whole Foods,Manhattan,New York,3,3,Food
Z4MvEVylnZPW_vddQc2Ihg,Genghis Khan Mongolian Grill,Brooklyn,New York,3.5,94,Mongolian
s5IlpMxrXEciJ-aVTjDryg,Scarsdale's Garden Sushi and Wok,Newark,New Jersey,4,11,Chinese
1Xh1i3SYhQ2I48iiwXnyxQ,McDonald's,Newark,New York,3.5,4,Fast Food
j-ao753Bx3kAcgL6_mf-rw,New Homemade Kosher Bakery,B0st0n,Massachusetts,4,4,Patisserie/Cake Shop
KRepT7386qgG3A-6YBzVmQ,Longo's,Ithaca,New York,3.5,6,Food
eof2qa2Eqws645CPu6GvLw,Cafe Florentin,Manhattan,New York,3.5,3,Restaurants
wM8QNs7uSyDqMJKjBYFPCQ,Buffet Des Continents,Peabody,Massachusetts,3.5,13,Buffets
bYPahCt2MBgEqSahPS8GJQ,Café Bistro La Marinara,B0st0n,Massachusetts,4.5,29,Restaurants
ED7UehJFmEj-6PrMFFZnag,Glo Spa The Queensway,Poughkeepsie,New York,1,4,Beauty & Spas
ikQ7dbYDkTtg78Y5Y1DByA,The Longest Yard Restaurant,Manhattan,New York,3,24,Bars
Lenox1BeCh1uazI0uNy55x9g,Institut De Beaute Nimana,Manhattan,New York,3,4,#N/A
bhbBshTnbGjaLsm_IwMO5w,Serpentine,Manhattan,New York,4,5,Shopping
BEi2Mg7cUt62LTnguuNIuw,Lee Valley Tools,Manhattan,New York,4,9,Home & Garden
esVOl4k8JCI6oC-5Ym9G-w,GT Dragon,Plattsburgh,New York,3.5,5,Chinese
dqhv5bd4Nglkx36GpIhHrg,Lally's Sweets & Tandoori Restaurant,Binghamton,New York,2,6,Middle Eastern
UXfewx0UfJrQypFDlwAKYg,Vua,B0st0n,Massachusetts,2.5,6,Salad
_rVd1O2-jcfTM4L4GRvr1A,Baskin Robbins,Binghamton,New York,1.5,3,Ice Cream & Frozen Yogurt
8gzRJEmYJGTCdahRKcafXw,Tea & Kitchen,The Bronx,New York,2.5,3,Restaurants
_AHrtjA7zdGRa3LE4L04uA,Chapelle of Notre-Dame-de-Bonsecours,B0st0n,Massachusetts,4.5,11,Churches
Oi5B9xNCryGG886UYZaLenox,Go-Karts at Polson Pier,Manhattan,New York,1.5,7,#N/A
P2ksKEduY-mkRcf7fMwyZw,Rawlicious,Queens,New York,4,5,Juice Bars & Smoothies
BZI6WX8IfxEY2sMp5Yqukg,Active Green & Ross Tire & Auto Centre,Manhattan,New York,4,16,Auto Repair
ZRkq4CvPrGtt4qEbqWxfyg,Java U,B0st0n,Massachusetts,3.5,9,Cafes
qXpvy10lWZuQZcFMhJZ8Rg,L.A. Tan,Manhattan,New York,5,8,Beauty & Spas
o2--kfKP3jx30Z6akvDzwg,West Street Cuisine,Manhattan,New York,3.5,5,Chinese
epBpi9x8By_VhIcV5HOmDA,State & Main,Cortland,New York,3.5,38,Restaurants
PsgzwHDq52oux7FiOhUfqA,Birreria Itali.co,B0st0n,Massachusetts,4,5,Italian
jQNvRWCrB1t66mF861F8Lw,Seven44 Restaurant & Lounge,Manhattan,New York,2,12,Restaurants
W_uA6BzyKzBdjMHRmlgazQ,Sport Sewing Shop,Manhattan,New York,3.5,9,Sporting Goods
ReS0_zAmCRhm3k0PtPhqNg,Iga Marche Barcelo,B0st0n,Massachusetts,3.5,4,Food
D0_3XMsE6ipom_sXxKrQ4w,SweetLulu,Manhattan,New York,2.5,5,Restaurants
CNKQ7aTrTg6wVDp3pd3qfA,Atlas Pizza,B0st0n,Massachusetts,2.5,11,Restaurants
RO9uR0JkfEZDI_3wuuFBcg,Michele Barber Shop,Newark,New Jersey,5,3,Beauty & Spas
dcP35A-1ZYZc_6r7jgl-vg,Oak Ridges Eye Care,Niagara Falls,New York,5,3,Eyewear & Opticians
qyTms0mHJfP2KLm_3Bok4Q,Rona Home & Garden,Manhattan,New York,3,13,Shopping
IpdC2F_36aKVWMySany3jA,Jc's Grillhouse,Buffalo,New York,4,4,American (Traditional)
jEiJuujG-eScxR5GO0kmhw,Computers & Electronics,The Bronx,New York,2,21,Home & Garden
1E0ldei5Gpa70a70RhVAOA,C U @ Cafe,Buffalo,New York,3.5,3,Mediterranean
V1_x9Mkf777k3RsCrtIq3w,Scarborotown Chrysler Dodge Jeep,Newark,New Jersey,2.5,5,Automotive
e178giuAicIhb16ymOtiBg,R&D Restaurant,Manhattan,New York,3,166,Chinese
pvCcrHFAGCml492qoQBsQg,Ricci's Pizzeria & Sandwich Shoppe,Oneonta,New York,4,105,Caterers
BIl12Kgh-3FJMQdQv1H-Ug,Turf Lounge,Manhattan,New York,3.5,24,Nightlife
qTESIqhIFhfQ0ItNcjAS3w,Vincent's Barber On Southdown,Buffalo,New York,4.5,3,Beauty & Spas
yfqjPSo2OJ0kG7EskaY6-w,Café Verdure,B0st0n,Massachusetts,4,13,Restaurants
mYiGyHKxRG-1MpPGtwRJBA,Original Grooming Experts,Manhattan,New York,4.5,7,Barbers
q9em9QCFRjLEk-S04rqj2A,Thai Express,Manhattan,New York,2,4,Thai
OKcWglzK8JaFxfNGjq8yGw,Old Beijing BBQ,Manhattan,New York,4,3,Restaurants
y-Zbg19VSb-k15A_yzruYg,Frank,Manhattan,New York,3.5,82,American (New)
6GLsLSjnALxD0oflLFy3NA,Boucherie Viandal,Cambridge,Massachusetts,5,8,Food
rGAv357wiAolbMnmHLLc2w,North of Bombay,Manhattan,New York,3,33,Indian
gDEj6R4A7JvrbaE8H_yGrA,Target,Manhattan,New York,2.5,7,Office Equipment
31RX9-VyMHcXeusGAocHrQ,Pizza Point,Binghamton,New York,4.5,6,Pizza
esGjoRBonwmuLMe53YO-IA,Joe's Barber Shop,Utica,New York,5,3,Barbers
1dI4oRq8wQrMs15nnj9TLA,Smoke's Burritorie,Manhattan,New York,2.5,30,Restaurants
pNv73cPS3Xcx8Weac5ZKrQ,Fromagerie Ruban Bleu,Watertown,Massachusetts,4.5,3,Food
fDENzW-TdueyEvf_dmCKBA,Sutherland-Chan Clinic,Manhattan,New York,4,12,Beauty & Spas
_Y6At1-0tj1Bu_tNWzticw,Les viandes McCormack,Cambridge,Massachusetts,5,3,Food
LP0S09McwFFLrugjMSiryw,Starbucks World Coffee,Manhattan,New York,3.5,6,Food
CtE5hqCQ-HKHwxAKxKH0gg,Indian Crown,Manhattan,New York,3.5,6,Indian
CB8HrynUWR4Odnj-XTY-Ew,Kookminhakgyo,Manhattan,New York,4.5,83,Barbeque
A7J9-49xrg_meUdB9JfLhw,Helo Golab,Elmira,New York,3.5,3,Bakeries
M8aArGbOz-Afvb3ctOOzSQ,Sassi Nailz,Brooklyn,New York,2.5,3,Nail Salons
IoxLILBKAajE9kY5j8F72g,Tavolino,Manhattan,New York,3.5,10,Sandwiches
4notomStl6sasyKxrJn4JA,Edith's Fashions,Manhattan,New York,3,7,Fashion
4Xeo8EDoJUjfZPOMpPYIgw,The College & Dufferin Dental Clinic,Manhattan,New York,1.5,5,Dentists
rubQx8VlHZT4_IyMUs75YA,South St. Burger Co.,Manhattan,New York,3.5,46,Restaurants
9AEmY0f_QMmueXQoKsQfKw,Piedmont Coffee Bar,Manhattan,New York,5,8,Desserts
udieC6Fa-XMlZhGTTF_RPQ,Shoom Shoom,The Bronx,New York,3,29,Restaurants
gh9MIWJgdsvhnTw__p2USA,Pita Nutso,Buffalo,New York,4,35,Middle Eastern
US8OeYEp9e4O24BpUBo3RQ,AFC Ajuker,Manhattan,New York,3.5,10,Korean
QIYNDLfNr1fuD8hKoq_qNg,Burger Scarsdale,Newark,New Jersey,2.5,6,Restaurants
qhSVvcuu4N0V1EmmtOy2fw,Cock'n Bull Pub,B0st0n,Massachusetts,3.5,18,Pubs
jxkr9QI9w_QIG6JgSk7OLA,Les Sottises,B0st0n,Massachusetts,4,7,International
Tiag-cl7u4oL5EsF1mwY1A,Mr Sub,Poughkeepsie,New York,4.5,3,Restaurants
Vbi7nxQ2lcScEKXYK_zccA,7-Eleven,Oneonta,New York,3.5,3,Automotive
sHMBk3qa7a0guHKX9nlgOg,Moores Clothing for Men,The Bronx,New York,1.5,3,Fashion
QRgXKrtKSypL6ga5UdO1cw,Kate's Town Talk Bakery,Buffalo,New York,4.5,16,Food
47RQzVKfSTJYCEqRj399Iw,New Balance Queen's Park,Manhattan,New York,2.5,6,Fashion
sDyTfafJfhb_5ewii6TEjg,Mucho Burrito,Buffalo,New York,2.5,26,Mexican
7rpa12_EX3A-hyGtrv8o3A,Cocina Lucero,Manhattan,New York,3,40,Mexican
5v5ohiLK7iNQWyfGmsyJqk,Tasty Kitchen,Buffalo,New York,3,25,#N/A
6Ynqp5oYDbx73ygdcWk2XQ,D'un Thé à l'Autre,B0st0n,Massachusetts,5,4,Tea Rooms
uGuMaUR8KUnNbkSLc1pe4Q,Trader Joe�s,Lake George,New York,3,3,#N/A
_7OgT34DcGqWX2CKr3ekCQ,Allyson Tang Optometrist,Ithaca,New York,5,7,Shopping
pnuvweJUwuXr_E2BfoBHdA,Istanbul Kebab,Manhattan,New York,4,23,Burgers
0wTW6F2_GM-AGBF5gTgy_Q,Shaaz Hair Design,Manhattan,New York,4,12,Beauty & Spas
i6y09s5aR1zuHsl3y5OMfQ,Boston En Scene,B0st0n,Massachusetts,2,4,Diners
dAmVTQ6ukuLh4UxTmBoRkg,Maha's,Manhattan,New York,4,246,Breakfast & Brunch
mtLVAG0qN0Tw2IaCVWdj5Q,Caldwell Provisions,Natick,Massachusetts,4.5,3,Food
zrYpLdnGKA_EmOhgRCy_vg,Pomegranate Restaurant,Manhattan,New York,4,133,Persian/Iranian
mDYOyFiIcUTfqCNy_qUKaQ,Randstad,Manhattan,New York,1.5,7,Employment Agencies
z8oIoCT1cXz7gZP5GeU5OA,Milliken Bar & Restaurant,Manhattan,New York,3.5,36,Dim Sum
Dvwh_kb3dxe1WCbD6de8KQ,Masterpiece Hair Design & Esthetics,Manhattan,New York,5,4,Beauty & Spas
XNGin4EdyAgcM4oL24XG-A,McMichael American Art Collection,Mamaroneck,New York,4.5,23,Shopping
-9NsB0DPOp1fG5FvE3iAcg,Glow Press,Manhattan,New York,3,5,Restaurants
7Ynq9fdfNWLivqFWaVHadw,NYC Service,Utica,New York,3.5,3,Public Services & Government
nDJsRWlUrDfbvUbgZP0BcA,Dunkin',B0st0n,Massachusetts,2.5,3,Restaurants
TU95jEn8aGitY8hZowXaBg,Congee Me,Manhattan,New York,3.5,30,Chinese
QZACrVs0oxNhjcyNeNkllQ,Sky Dry Cleaners,Manhattan,New York,2.5,9,Dry Cleaning & Laundry
9dEPbM5ybILp41Ucs9TQSA,Domino's Pizza,Binghamton,New York,4.5,4,Caterers
vP75MqTxoz5WnUI6nHzyDA,Bloor West Village Pharmacy,Manhattan,New York,5,4,Shopping
P7ZGgKVE_sW5UHA4aNgc7Q,Gerrard Glass,Manhattan,New York,1,5,Home Decor
8HdiVkuvU_uRsJug52g7Wg,Firkin on Harbour,Manhattan,New York,2.5,41,Bars
an8AnROzFdO-nlSI8QPDww,Hair Reflection,Lake George,New York,4,5,Beauty & Spas
gZxqIDN4d53uydH-qM5OAQ,Henry VIII,Poughkeepsie,New York,4,17,Pubs
i_0rSAui4zaz4ydVaOZ6bQ,Marcello's Market & Deli,Manhattan,New York,3.5,4,Caterers
yS4H1eQBtWLmYlkTKVL6hg,Granowska's Bakery,Manhattan,New York,3,6,Bakeries
hyXNS3tSmi6njhBjgo8eGw,Toji Sushi,Manhattan,New York,4,33,Restaurants
IwIgJOSJds-q8FXbvKjSOg,Acura of Utica,Utica,New York,5,3,Car Dealers
U2NFoVZ_MkdtEXdXXygcDg,Kim Nails,Syracuse,New York,2.5,3,Beauty & Spas
l2J-R5MjzFTgj06dkSoyQg,Meow Cat Cafe,Manhattan,New York,3,15,Cafes
BNDhHX-TbsEw5QKJgHB_ag,Shakes and Franks,Manhattan,New York,4,10,Food
Bc13zfSbo1AJjxdjP3KkvA,Café Expressions,B0st0n,Massachusetts,4,24,Coffee & Tea
oUEtUOz1ovJ9lqFoRA4aKw,Starbucks,Manhattan,New York,4.5,6,Food
eADbXJJU1GM6mGEOU3EidQ,Party Supply Depot,Elmira,New York,3.5,5,Event Planning & Services
8bib49DjADw9GxQJNydafg,Aroma Espresso Bar - Queens Quay,Manhattan,New York,4,12,Coffee & Tea
NPDwfPWk_h2HK_I2IXbqkA,Parc Jeanne Mance,B0st0n,Massachusetts,4,8,Active Life
a7-LY8FhQovF-_6w-mHClQ,V2 Noodle & Snack,The Bronx,New York,3,4,Chinese
_3KLfU6lmMBgcQQ2T-E6AA,Classic Creations Jewellers,Manhattan,New York,5,5,Jewelry
xDkl-YNowSTTklO7QxNoyw,Katz's Deli and Corned Beef Emporium,Brooklyn,New York,3,63,Sandwiches
UET2RjxhUaAFIZ3uuUhQag,Sams Philly Steaks,Manhattan,New York,3,4,Restaurants
tzQj4qg9RNkjwWlclZj8Nw,My Little Bike Shop,Manhattan,New York,3.5,9,Bikes
cwuEym5zcToQR0OsaSZb7w,Food Truck Friday,B0st0n,Massachusetts,3.5,8,Food
ziGwa9EEOHMaPWbdp8tSDg,Tea Monkey Cafe,Manhattan,New York,4,12,Food
lEt306Ir1RJYqdfQcH0LeQ,Jive Burger & Calypso,Newark,New Jersey,3,5,Middle Eastern
kJIvOaLl_zWNl7kWmtH_Nw,Crawford Custom Jewellers,Poughkeepsie,New York,4,4,Shopping
wfnvI08SMHeIH6_lOeZ7xA,Mariachi's Restaurant,Manhattan,New York,3.5,65,Restaurants
pFZnJgXWJ1YlnDxdMhv1iw,Taco Bell,Poughkeepsie,New York,2,6,Restaurants
zEBYaZ3qfH-waSHckMKgoQ,Studio Vis A Vis,Manhattan,New York,4,11,Hair Removal
nI1CtvPHUSX5wzWzjIzxwA,KFC,Binghamton,New York,3,16,American (Traditional)
aPOUog46CgHlxGvZGl3PIA,MK Hair Design,Buffalo,New York,5,3,Hair Salons
2YsKefH250qxg28QCyEWZw,Samosa Scarsdale - Embassy Restaurant,Newark,New Jersey,4,138,Restaurants
73dYY0DY0_4WV7O-5P6wOw,Pace Pharmacy,Manhattan,New York,4.5,11,Shopping
P7QBF3lx0K9e6UgsQPg6lA,Jade Garden Cafe,B0st0n,Massachusetts,1.5,5,#N/A
uBcwnALb3HFKZ-Vvj0conQ,Namasté Boston,B0st0n,Massachusetts,4.5,34,Indian
HVDf6pD3foRulTAgsUKdrQ,U AutoSpa,Brooklyn,New York,1.5,15,Automotive
wvCDmaEIFTCruexTLn3jXA,Dessert Kitchen,The Bronx,New York,3.5,16,Desserts
FA58qfSTW6ZylNP4PDgm7Q,Ithaca Family Vision Care,Ithaca,New York,3.5,3,Health & Medical
lutBpL-MiGo3FcpcEsou7g,The Little Shop,B0st0n,Massachusetts,5,5,Used
uINi-2qzwAY2CfK9ecZTPA,Naked Café,Newburgh,New York,3.5,10,Juice Bars & Smoothies
6Hr2C94DQQJu69NSHTB-kw,SPoT Coffee,Manhattan,New York,3,4,Coffee & Tea
qzZ3FhP5xx7AyrBSQT8WcD,Old Faithful Shop,Manhattan,New York,4.5,4,#N/A
tQ3mOkDrkf3OANy9BeYRMw,1000 Grammes,B0st0n,Massachusetts,4,20,Restaurants
EAkGXvpHrRCTQIjTGEOSFg,A2Z PC,Manhattan,New York,4.5,14,Data Recovery
D8or2Ls5m3cntRK8hyfmwg,Nouvelle Lumière de l'Inde,B0st0n,Massachusetts,3.5,17,Indian
2QCZyAOB6xXKCdyFPvXXmw,Moo Milk Bar,Manhattan,New York,4,52,Bakeries
TY825Esdt-Z8uktqvQTyqA,Three Guy's BBQ,Manhattan,New York,2.5,6,Barbeque
OuetgAKs90ce74ojny3nMw,Menya Fuji,Manhattan,New York,4,23,Ramen
H17zEBkz2Ho-wjCZ9HGhJQ,Gare d'Autocars de Boston,B0st0n,Massachusetts,3,28,Auto Repair
8yc5EEe3dSYlRJYoiRwccA,Flour Studio,Manhattan,New York,5,10,Flowers & Gifts
9K821DPqRsbgHsGtmiqw3i,Shirley Margarita Aesthetics,Manhattan,New York,5,6,#N/A
QkwLgMNYGz93kwGQJTJAoA,Crowbar Lunch,Manhattan,New York,3.5,3,Restaurants
1eBAbrAsgc5eImp2ahjFgw,Les Incorruptibles,B0st0n,Massachusetts,3.5,8,Nightlife
igWN8Np3Bm-qSx54FYld2g,New York Cat Rescue,Buffalo,New York,4,8,Pets
I2BB0QfRFG0FhNzE-Lk8pg,Corks Restaurant,Utica,New York,4,14,Tapas Bars
oTfBJGJORIfYJ_VxUMWW1Q,Reunion Island Coffee,Manhattan,New York,3.5,27,Reunion
ysoRfeir3cl_uKEyLl7Waw,Panera Bread,Huntington,New York,3,6,Salad
Z47kPgBvVit8HtyyDiw59g,Bistro Duo D,B0st0n,Massachusetts,4.5,25,Restaurants
ZH4RIjq3t99JN-cNyK8tWQ,Hush Von Osafo,Manhattan,New York,5,3,Shopping
4zYaxdPvmoaMiTFpW-0Rsw,DashVapes - Buffalo,Buffalo,New York,4.5,6,Shopping
RA7Mw5ZXTHKlpDfMyHs9ZQ,Binghamton Tandoori Restaurant,Binghamton,New York,2.5,6,Middle Eastern
6zu6Dh4ut7iRb6Oyo9j6yA,Vélomakak,B0st0n,Massachusetts,4,5,Shopping
KIGl90nuDTYERwf550dM-g,Lick's Homeburgers & Icecream Shops,Binghamton,New York,4,4,Restaurants
iQfcSQ_MNtJ3NyQJIbpvTg,Taste of Vietnam,Manhattan,New York,3,4,Vietnamese
Lft-0Xy72YbwRkn_n5hfXA,Lime Asian Cuisine,Manhattan,New York,3.5,58,Thai
tF9x2PFZM_DOIpIxk0DDzQ,McDonald's,Manhattan,New York,2.5,27,Fast Food
QhAmKLX_0AgQe5HLxode9Q,Nakamori,Manhattan,New York,4.5,41,Asian Fusion
PbOFo16Y6seoj3cfcbnjmw,Wow Sushi,B0st0n,Massachusetts,2.5,11,Restaurants
ZWSxWX5o-O0V6fhgfdoC-Q,Allo Vélo,B0st0n,Massachusetts,5,12,Restaurants
TdVG2GabT_j4_4pl_o2XIw,Major Tom,B0st0n,Massachusetts,5,4,Nightlife
6mdBAB5Dg12cRuciSQqqmA,Optika,Manhattan,New York,4,5,Eyewear & Opticians
fpwW7tRHcyypMCivWnIe8w,Grillade Lafirenze,B0st0n,Massachusetts,2,3,African
KMGWYDa4Y3VAnCrHHzAHWQ,McGill Inn Bed & Breakfast,Manhattan,New York,5,4,Hotels
U1S6NFCtMzq-qX7PnU2i_Q,Harbin Bbq,Manhattan,New York,3,22,Chinese
SYFU8LFTa9Oy6UHtxeyvsA,Insadong,Manhattan,New York,4.5,39,Restaurants
2IhylnkjBW04MFJ544yKCw,Pedalinx Bike Shop,Buffalo,New York,5,3,Bike Repair/Maintenance
OhVcTzqANt33mbz9XTGZEQ,Alternative Arts,Manhattan,New York,3,8,Home Decor
4ZNr_HOSCXMCzY4xN4WACA,Toucan Tacos,Manhattan,New York,2.5,14,Restaurants
pyQIzthBTsudFcgdSqrJIA,Aqua Spa and Salon,Manhattan,New York,1,3,Beauty & Spas
QfiKvzO17n1iGmgAGFqfkg,Hotel Villa,B0st0n,Massachusetts,2,4,Hotels & Travel
kkmnzRWOq9mJVpQQzgv-9w,Habanero's,Manhattan,New York,2,22,Caterers
2OHP4UwVw_qwe3b017ieug,Coffee Exchange,Manhattan,New York,4,7,Coffee & Tea
NGGlOtWd_Xc14WFVYOmMdg,Sikgaek,Buffalo,New York,4,48,Barbeque
Xz2GP6UPMQu22EB_76nZKw,Clydes,Pittsfield,Massachusetts,2.5,3,Restaurants
1EQn2p7kGKij67hEJqfBQw,Spencers,Manhattan,New York,3,3,Shopping
MgBd7xKaQVE5HBighnHI3Q,La Brise Du Sud,B0st0n,Massachusetts,3.5,3,Shopping
TiKTTrGIC3uFuWBkbVKE3w,Sushi Shop,B0st0n,Massachusetts,2,5,Restaurants
ioZqhYb-Ew7uobiVHb_Tlg,Bellair Tan,Manhattan,New York,4.5,4,Beauty & Spas
o7hv9fiQl-ID2P7SG8CEZA,Dic Ann's Foodtruck,B0st0n,Massachusetts,1.5,3,Fast Food
Q3SdFs_6P3BPhPPywHZqBQ,Khmer Thai Restaurant,Manhattan,New York,4,118,Thai
KmgZN5Ia-0uXA5Lqm0dHbw,Bluedog Barbershop,B0st0n,Massachusetts,4.5,6,Beauty & Spas
WEBiX7InEBlscZOvy7qy4Q,Equinox Fitness,Manhattan,New York,3.5,16,Active Life
3kC8WEUZo9alvrIUerYW2g,Let's Party Consultants,Manhattan,New York,1,4,Party & Event Planning
jeWIm7obsv14C6JHh1OadA,Home Of Hot Taste,Manhattan,New York,3.5,4,Chicken Shop
7GSBz8XKGkX0f1XRJwBH_Q,Ichiban Fish House,Niagara Falls,New York,3.5,80,Japanese
FpkUmjM8fsrZyPH-okn2qQ,Giorgio D Restaurant,Brooklyn,New York,4,8,Restaurants
AnpkAaA0yA3tfn_mAwWaZg,Ultra Lighting,Manhattan,New York,2.5,12,Home Decor
IKDXAKh3bpPTUkPrhm1kiw,Five Star Water Taxi,Manhattan,New York,5,4,Hotels & Travel
f4ca22TTZcsmkzjfB7_Zzg,Silk Road Restaurant,Poughkeepsie,New York,3.5,21,Chinese
tMMEhYse_vbL-hBaI9pIug,St. Louis Bar & Grill,Manhattan,New York,2.5,21,Chicken Wings
oGmlBqBowhupXyzfj3ajRQ,Auto Magicians,Buffalo,New York,5,9,Automotive
Jo3Cpvf8fpfcAIFG3TagbQ,Pantheon Restaurant,Manhattan,New York,4,233,Mediterranean
nMK88o5qijYTFi2WjqcIZQ,Buona Sera,Boston-North,Massachusetts,2.5,6,Pizza
0-7jRk54XXZgND3F3bo8sw,North Park Medical Centre,Brooklyn,New York,1.5,3,Doctors
55ovQLQ0rH8GTdJWO0Sqdg,Royal Distributing,Syracuse,New York,3.5,3,Motorcycle Dealers
nYUkk67gpwaREyCPKFhE-g,Le Chasseur,B0st0n,Massachusetts,3.5,16,Brasseries
xeJeaPDrWyeo7eaZF_Vbrg,B & M Restaurant,B0st0n,Massachusetts,3.5,12,Pizza
Xyaw8gVBFDdn6rp_NtLhnw,Neighbor Wang,Manhattan,New York,3,23,Noodles
P26wevITtr_nn63X4qDBMQ,Saved by Technology,Manhattan,New York,4.5,3,Computers
Ldr9o7dgVkm27PME_l0Yfw,Future Shop,East Rochester,New York,2.5,4,Computers
2I855MSdyM6IEIcO3H3-HA,Tokyo Sushi,The Bronx,New York,1,12,Sushi Bars
LFxMt7Oi0vdsmZ3h_UBV-g,Nodo Restaurant,Manhattan,New York,3.5,12,Restaurants
oBV3u6XoPF6mTy8ih0DopA,McDonald Restaurant,Utica,New York,3,5,Fast Food
ZcTl8zJo3Hmpnz3D9Na3TQ,My Chrysalis Medi-Spa and Salon,The Bronx,New York,4.5,7,Day Spas
u1Zt5l5DJgsWdD_Tz3s_3g,Halloween Haunt,Ithaca,New York,3,6,Haunted Houses
hvWDCUHNxRbbzre9nLL4Uw,Ristorante Vino Rosso,Fall River,Massachusetts,5,4,Venues & Event Spaces
BisBzY0IGn0ShYfp1mBSdQ,Indigo Books Music & More,Manhattan,New York,4,34,Shopping
2uhQm_4-IxWLjbKgsrVd4w,Orange Julius,Manhattan,New York,3.5,3,Food
XpgtXP2e1nWslXW6-YZWuQ,Yogi Noodle,Newark,New Jersey,3,27,Restaurants
eMxvcw2TSKdj-A1thopHhA,Docteur Drain,B0st0n,Massachusetts,5,3,Plumbing
bpswWvIrYkH8jbWfJWdzUg,Nouveau Palais,B0st0n,Massachusetts,3.5,55,Breakfast & Brunch
BXg7KQWfxNF5774IU02rEw,Zeytouna Restaurant,Manhattan,New York,3,36,Restaurants
M3J5zzTYAmIfgcP2vYaFVg,Lucky Elephant Thai Kitchen,Newark,New Jersey,4,6,Thai
VmLDUvoQySYrW-Rk68olhg,Scarlet Exclusive,B0st0n,Massachusetts,3,23,Restaurants
k-zr3rReFvYWz8vNyDpJMA,TAO Canteen,The Bronx,New York,3,38,Restaurants
Yyn-cK5ZwdpS9TsqRj900Q,Salone Simone,Elmira,New York,4,4,Beauty & Spas
XNVUXM8xY-slNbcPAr-w8Q,Potato Noodle Soup of Bai,The Bronx,New York,4,20,Chinese
6Li3eGHOHaqfR9E8oaI1yg,Mr Jerk,Manhattan,New York,4,68,Caribbean
CtxIC6iHwAPQgPpCUQShYQ,The Pantry,Manhattan,New York,5,5,Specialty Food
VqLd9AdsnhHA97j3xqVvKw,St Lawrence Super Coin Laundry,Manhattan,New York,4.5,3,Sewing & Alterations
9NMKFyr3Cw5wt_mlqv3U1g,JINYA Ramen Bar,Manhattan,New York,3.5,118,Restaurants
EIp1RlRNf2ae1nSdOOmPAQ,Sachika,B0st0n,Massachusetts,5,4,Accessories
Cw6gO0e4jno_ZpyG_PyBww,Jay's Diner,Manhattan,New York,4,5,Breakfast & Brunch
6vmIqFhuxcY63luwjn72OA,The Mexi-Can Taqueria,Manhattan,New York,4.5,9,Food
FnPg9kg_135FWd9pPp4Ofw,MRI Centre - Hospital,Manhattan,New York,4,4,Medical Centers
XI8WZn5Lle6v4vy-gCA69w,Bloor Street Market,Manhattan,New York,3.5,38,Food
BtTCTHwoIfr3fBQjaOkpIw,Starbucks,Manhattan,New York,4,16,Coffee & Tea
y7cjtSgfbAOj9iyX0-KmIg,EGGcellent Diner,Lake George,New York,4,12,Restaurants
e4BSPTPc5DLjvdJY18EaVA,Double Lucky Seafood Cuisine,The Bronx,New York,2.5,27,Chinese
pQ0PPUxX3-aw2GnWVjYQxw,ifruit,B0st0n,Massachusetts,4,5,Restaurants
K3tDBJjDBb5D0BvCyS6HIg,Tony's Classic Cuts,Buffalo,New York,3.5,3,Beauty & Spas
xnEZ2SPQ_wBzIUoCV6I3AA,La Tour Belvédère,B0st0n,Massachusetts,2.5,33,Event Planning & Services
e-OH8jKUkW3r6N1axzvGzg,Vogue Nails,Newark,New Jersey,3,11,Beauty & Spas
CixUHFjnRbetktdgb6lv1A,Temaki Express,Manhattan,New York,3,6,Restaurants
dhJT_J5UG6erwqYhf9gNyg,Beach Sushi House,Manhattan,New York,4,5,Japanese
4LXZzgsrM1ZyS_-uB9Od2Q,Lil' Baci,Manhattan,New York,3.5,122,Italian
UfcwUHtPrjRDL8irHCWqpQ,Panago Pizza,Manhattan,New York,4,12,Pizza
siBl-2Rle4DhIEOrVPvekg,Hotel Carlingview New York Airport,Manhattan,New York,1.5,3,Event Planning & Services
XWbDRJX9xqBtwPeTiPIeCA,Mdg Computers Newark,Newark,New Jersey,5,5,Computers
ICdzSGuv70gpSk7aqpIrHw,Wok-In Bbq,Ithaca,New York,4.5,6,Chinese
nFN6MnFvEWTXRVRI-uBrKA,Java U,B0st0n,Massachusetts,3,9,Coffee & Tea
9NUZao5_Jfhj5H45H0ccOQ,Yen Ching Palace Restaurant,Brooklyn,New York,4,3,Restaurants
Ii5QoEPa3cSa_oR5DXgWkA,Baskin-Robbins Ice Cream,The Bronx,New York,2.5,4,Ice Cream & Frozen Yogurt
WHB49wnZZ76XBYMeBsmXYQ,Sunset Grill,Utica,New York,4,19,Breakfast & Brunch
CxEk19RBwfD0Ochgo4Q5UA,Chef Burger,Niagara Falls,New York,3.5,27,Restaurants
m0FxJP2atkE8mn-xO23fpQ,Le Red Tiger,B0st0n,Massachusetts,4,76,Vietnamese
VBpErODfG_aAPU54BUSKVA,The Dutch Bros. Coffee,Manhattan,New York,3,10,Food
qEiJ_phSqBM9FSRMeI9AYA,Wilket Creek Park,Manhattan,New York,4.5,3,Active Life
RPBdjJEdtg1FN8c0TMOq4A,Juliette et Chocolat,New Bedford,Massachusetts,3.5,12,Food
03XOAwrGH-a1BgLmrmv9RQ,Xamar Weyne,Manhattan,New York,5,3,African
GdhA8eeTzNzp3-xX80d_nA,BluGod Tattoo & Piercing,Manhattan,New York,4,14,Piercing
I8cCdp3q_5oCEykzZgPkQw,CoCo Fresh Tea & Juice Niagara Falls,The Bronx,New York,4,34,Coffee & Tea
6UNt2bvJg99rfqPtyXvoyA,All American Self Storage New York,Manhattan,New York,4,12,Local Services
EWmwbOm_4UhOtvLaBzHpPA,Fresh Off The Boat,Manhattan,New York,3.5,191,Sandwiches
JPCQVyk4jLAfUhFKUrCyBQ,Freshco,Elmira,New York,3.5,9,Grocery
IwcntSsDebOSZqaUQ41n6g,Fusia Dog,Manhattan,New York,3,15,Hot Dogs
gJL05MyX4xbymcQfGB2a2w,St. Louis Bar & Grill,Queens,New York,3,8,Bars
X3cYjMpEMOntxl9gDe9N2Q,Dutch Bros. Coffee,Manhattan,New York,4,5,Food
Xav_5NIz-mOZfwUwSOwrTg,Aroma Espresso Bar,Ithaca,New York,3,14,Coffee & Tea
_R4x7UyVceK1rJBXOTfeVw,Le Maitre Chocolatier,B0st0n,Massachusetts,4,4,Specialty Food
EZJzxHPgGjWRIOzqKem85Q,The Dutch Bros. Coffee,Manhattan,New York,4,5,Food
7ep7mVds1lc5Ar7xPtdBDw,DNA Systems,Manhattan,New York,5,7,Active Life
RYuDdd8KDbNkYGcv1byDQw,Thai House Cuisine 2,Buffalo,New York,4,20,Restaurants
O9qasSlkUttpvDlPrvzKOg,Pho Mi 99,Buffalo,New York,3,5,Restaurants
KSGgGyX2WehScEs3xqjAzg,MicroIT Net,Manhattan,New York,1,3,Mobile Phones
x7lk5rE5u2KMV9pUm04gSA,Brick Street Bread,Manhattan,New York,3.5,6,Bakeries
dJNli3BPqwNaEktwZiIePQ,Sheppard Shoe Repair,Brooklyn,New York,1.5,3,Shoe Repair
6uN4WH4Ly36mnVjEgX45LA,Lola's,Buffalo,New York,4.5,3,Restaurants
INVP4Me5ElQjC9MJnGm-sw,The Welco Furniture,Buffalo,New York,5,4,Home & Garden
woeN9aLmohpUYu4NSn7IDg,Fortune Restaurant,The Bronx,New York,2.5,7,Chinese
FOzChvW-f6mp0BGbrS-ywQ,Il Ponte Cucina Italiana,Manhattan,New York,4,34,Restaurants
lBKQI1Y1K-GjObskb88Guw,Elysia Beauty Bar,Brooklyn,New York,4.5,22,Eyelash Service
0Va62tNCwj3YVJQ78hzdgg,Pita Lite,Ithaca,New York,3,4,Mediterranean
M1U7h2PUg_smJI8fgeixOw,Lazio Italian Bakery,Buffalo,New York,4.5,41,Restaurants
vpfZ8w-o50TVgMP8aB5OVQ,Bella Boutique,Fitchburg,Massachusetts,2,3,Bridal
fohiSblnCqYNFkYHYwNbuA,Vegan Rapide,B0st0n,Massachusetts,4,11,Vegan
BxW1vIlg9u50w2xh2RweBw,Souvlaki Bar,New Bedford,Massachusetts,3.5,28,Restaurants
xMT6Pep32kiO80eaxuEvVQ,Cosmetic World,Manhattan,New York,3,25,Shopping
LWKKtkLuV0Z2wJMieiXqSA,Discount,Waltham,Massachusetts,2.5,3,Car Rental
tCTMmTfqD1PD8_VDOgoB0w,Five Guys,Manhattan,New York,3.5,48,Fast Food
u6JJojkbqVlVI4NqKsL54Q,DOMA,Manhattan,New York,4,29,Nightlife
isnRDc-Vke30nJEavzLSzA,Nu Panino,Oneonta,New York,3,4,Italian
fJIvEu48vL130g3UdeVzRQ,Loon Records,Manhattan,New York,3.5,6,Shopping
CL_N0WoqaeYFZ1sf4OvtOA,Rhapsody Continental Hungarian Cuisine,Niagara Falls,New York,4,28,Hungarian
rtYKSdUHpQO2Nyqy1-uAsQ,Milano Foodworks,The Bronx,New York,3,19,Sandwiches
0PBVhOsgviyxAuuM7T4ubg,Burger King - Dufferin & Major Mackenzie,Ithaca,New York,3,14,Restaurants
8sDrHJ1BxCxSNRWBbXw4-Q,Quality Inn Downtown,B0st0n,Massachusetts,3,7,Hotels & Travel
58APdML-PG_OD4El2ePTvw,Le Cartet,B0st0n,Massachusetts,4,344,Restaurants
BUmKwCUv5yUL8StqMCfZZA,Dunkin',B0st0n,Massachusetts,4,9,Canadian (New)
k4v6qIet0wXTaaMHjzqwog,Sandwich Board the Tsb2000,Manhattan,New York,2,3,Sandwiches
dmBP-m0PQyidYtXx2SKtoQ,Cafe Raha,Niagara Falls,New York,3.5,3,Persian/Iranian
f86rs7F4BqGU-T5yG6Mi5A,Stade Saputo,B0st0n,Massachusetts,4.5,11,Arts & Entertainment
N1K9mZNBIqx5MBkTLpNNWg,Pizza By The Slice,Brooklyn,New York,3.5,7,Pizza
PqhLo6qEHL5pEzxYeQ1xsA,Phothai,New Bedford,Massachusetts,3.5,3,Asian Fusion
dgpvG2sExfNYRu2FXLUjEg,Pezh Hair Studio,Manhattan,New York,5,4,Hair Salons
yxTkyYEWzfsPbD58_Zblig,In Beauty Spa,Elmira,New York,2.5,3,#N/A
4AODBYlS9wIBL1aPFJo1Tg,Real Mo-Mo's,Manhattan,New York,4,51,Modern European
ck-5NFpK8CQsUMD4LHaf5w,Swan Restaurant,Manhattan,New York,3.5,106,Breakfast & Brunch
wo6LUARwQ5sZI-DI9XOdpw,Double Double Pizza & Chicken,Manhattan,New York,2,4,Pizza
hvhp9_OuFijaroNnEaDKdg,Terrasse Sur L'auberge,B0st0n,Massachusetts,3.5,11,Tapas Bars
lHYiCS-y8AFjUitv6MGpxg,Starbucks,Manhattan,New York,4,19,Food
iK9iDGJJom6h0IvYuQvqqA,In The Groove,Manhattan,New York,3,7,Shopping
kpxKlwiChJ40drrLDI5hWA,Philthy Philly's,Syracuse,New York,4,10,Poutineries
H1I6hoLA02U5huKlt9wVRA,Riders Cycle & Board,Manhattan,New York,5,5,Bikes
dKOrxsz6ygqa-AatwzpKyQ,Casa Deluz Banquet Hall,Manhattan,New York,3,48,Chinese
lAUFPjJPgoiIxrv71nVZ2w,Aspetta Cafe,Manhattan,New York,4,6,Restaurants
f2tl_kkmobo-a9w4OIkbhg,The Home Depot,Manhattan,New York,2.5,43,Hardware Stores
eG59ECqyJvCZzctcHFKnDg,Cats Boston - Veterinary Clinic for Cats,B0st0n,Massachusetts,4,5,Pet Services
1sJ5GHDZ5wIHxJJvBTcyOw,Surplus d'Armée Sports IG,B0st0n,Massachusetts,4,4,Shopping
aRvwdzWFTUGnO3JlIV4ZwQ,La Prep,B0st0n,Massachusetts,3.5,3,Breakfast & Brunch
NL5RbpxRKoqujgHuTtIXbA,Rob Gordy's Boot Camp New York,Manhattan,New York,5,4,Trainers
T0KzIROKNijGQFutw6XCmA,Duncan Fremlin,Manhattan,New York,4,5,Home Services
Pejzx2YgZvywGXJo-thfnw,Pepper Chili,Manhattan,New York,3,3,Chinese
h4w3GeUr_bgP4NibvDbIgA,Charm Nail SPA,Manhattan,New York,4.5,7,Skin Care
cm_QQSqPqQwTAf4dpWLnJQ,Rino's Mens Hairstyling,Binghamton,New York,4,4,Hair Salons
yMtZDKeiEmwrC_HjIX9KAQ,Kensingtons,Manhattan,New York,1.5,28,Coffee & Tea
Y9RPOP5Bk3eRIWFNYkEahQ,Sophie Sucrée,B0st0n,Massachusetts,4.5,57,Food
X5UuaI0a-xZ8bCS5bzwweQ,The Dutch Bros. Coffee,Brooklyn,New York,3.5,8,Coffee & Tea
Q8GdWF9qLNf0aOBXaKUEPg,Restaurant Biryani,B0st0n,Massachusetts,3.5,6,Pakistani
gMONN1bKUHlNKPrYGSADLQ,Bar Milano,Manhattan,New York,2.5,43,Pizza
3tYUoa6fOerRek-Pv9tQVw,McDonald's,Manhattan,New York,2,8,Restaurants
uNjoyF_qlLqOSEEYVpTkLg,Noble Seafood,Manhattan,New York,3.5,69,Dim Sum
yKSV5zklhnPu2I3bdsdhmQ,Maesmi,B0st0n,Massachusetts,4,4,Restaurants
wPwy2Y6esLNzygtGz-IlHw,Gege's Pizza,Utica,New York,3,4,Restaurants
PAj1fLGyd4X6ksdDlMvzrQ,Trader Joe�s,Manhattan,New York,3.5,9,Pharmacy
Z9plKiA2Sra2RQxxLUa9hA,Doll Face Spa,Manhattan,New York,3.5,11,Nail Salons
E58e6-o5SVlyaIRLVlOeCg,North 44 Restaurant,Manhattan,New York,4,77,Restaurants
dIYsRb9Qy09-Fgn4uOfuRw,Snakes & Lagers,Manhattan,New York,3,58,Pubs
VqT7n1ceGWJbNGrHNfO_yw,Mink Beauty Bar,Manhattan,New York,1.5,3,Nail Salons
PxnFHmhKmmxz70gsuQ5y0w,Dunkin',Buffalo,New York,3,4,Delis
6rv2q1906KMiJTW2QpXv6A,Sushi Maru and Ramen,The Bronx,New York,2.5,18,Sushi Bars
5dy8OiWJty9AuxBcBzeBZQ,Piano Piano,Manhattan,New York,3.5,64,Italian
UlrFQOGWpxftcpLXEQR0UA,Chou Izakaya,Manhattan,New York,3.5,26,Japanese
CMF6FWSWbKD1sIVmStqu0A,Café Dépôt,B0st0n,Massachusetts,3,8,Internet Cafes
HzfERGt0FO1ZB55XiollNw,The Home Depot,Oneonta,New York,2,9,Fashion
cuYwH0yvYyae21q3mnYiyw,Mankind Grooming Studio For Men,Manhattan,New York,3.5,14,Day Spas
5-66okobkbjm0p_TlAea_A,Suitsupply,Manhattan,New York,3.5,20,Fashion
sfcmewwXftvjxRn_Xfpz-w,Anoush Shawarma,Manhattan,New York,2,4,Middle Eastern
i4SZYnZOM984FpkJXnzcvw,Dragon Rolls,Lake George,New York,3,59,Thai
zHY31XJfijzjKDM03vJCJA,Scarsdalesway Drugs,Manhattan,New York,4,3,Shopping
C_OCK_-HuWn7Su0qr_WOBg,Safarie Pet Center Rocklands,Norwood,Massachusetts,4.5,3,Pet Stores
bns0V-7B5eAUBQ5qfXL12w,Gabby's Junction,Manhattan,New York,3,19,Nightlife
LOOgah4nTChVUfhOxKfmaQ,Foxy,B0st0n,Massachusetts,4,53,Canadian (New)
NiK56mx3jaAkz03j3V-ePA,Cabin Five,Manhattan,New York,2.5,13,Venues & Event Spaces
wxB_hjDMc_-TFMdQqAUYdA,Casey's,Manhattan,New York,2,8,Restaurants
ImGV3P_qCPnPk7-Vw56HFg,Cafe Joe,B0st0n,Massachusetts,4,15,Breakfast & Brunch
iLPDJsSBF5n_YGBJu3bgOQ,Starbucks,Manhattan,New York,3,14,Food
7vvliv5R0MD7BQ2CsquhcQ,Lazy Daisy's Cafe,Manhattan,New York,4,64,Breakfast & Brunch
Gvj_nneJoAvB7MkVWvAxmQ,Panera Bread,Buffalo,New York,3.5,50,Bakeries
jd2jM22n-2DaIqlqVitUbw,Dong Gia Viet Thai Cuisine,Manhattan,New York,4,12,Vietnamese
veSOwclEu8YD-Kg9LKTeJQ,Oasis Rock N' Roll Boston Marathon,B0st0n,Massachusetts,3.5,3,Active Life
JI43hSF4G-MIAp1pq0G0GA,Organic Nail Bar,Manhattan,New York,3.5,21,Hair Removal
3lP5A20oQuQ1MUIBqksVbw,Port Credit Harbour Marina,Buffalo,New York,1,3,Local Services
dzNI36bApgTUiht9OcrxPw,Du Parc YMCA,B0st0n,Massachusetts,4,5,Fitness & Instruction
Eo42t5_xhRP_UKQDJcakeg,Starks Barber Company,The Bronx,New York,4,14,Barbers
J6qWt6XIUmIGFHX5rQJA-w,L'Avenue,B0st0n,Massachusetts,4.5,678,Canadian (New)
5JcJCQ0fkmxeDSlM9zUFXQ,Dutch Bros. Coffee,Poughkeepsie,New York,4,6,Coffee & Tea
kxUKt3Q5_Nzrn94ok5QvjA,Kawali,B0st0n,Massachusetts,5,3,Restaurants
8hPEx1NrmZlI76YZ_JGAKA,Peter's VW Service,Rochester,New York,3.5,7,Automotive
CtlI1ODuPCx53R9aKEdxiQ,Sheraton,New Bedford,Massachusetts,3,15,Hotels
A5Jeg55tDoyUTUonkVOpdg,Pagaille Café,B0st0n,Massachusetts,5,16,Cafes
czQcoLvg5bpZazACFiX5Hw,WalMart,Newark,New Jersey,2.5,23,Fashion
RjXtwJZFtpDW5Cu1zCuJdw,Baywood Clinic,Manhattan,New York,3.5,6,Health & Medical
0nVZLs5kwBC5NxsB8lZBdQ,All Star Wings and Ribs - Lake George,Lake George,New York,2.5,7,Restaurants
jWbj4QG1Sqnj33UJyNNpcQ,Scratch Espresso Bar,Manhattan,New York,3.5,5,Art Galleries
ptmG_KjwGVszU0sPpFGXJQ,Scheffler's Delicatessen,Manhattan,New York,4.5,21,Restaurants
40dlp6Rvjbap4jkClhJR2Q,Pazzia Osteria,Poughkeepsie,New York,4,9,Italian
oR1CWaVgPvnW9KduZZt65Q,Bronte Restaurant,B0st0n,Massachusetts,5,6,Canadian (New)
GaRMjCHk85mEPamspGdNhw,Accurate Time,The Bronx,New York,5,5,Watches
j89qFSIQFwIBxSs7OnvSMQ,Aroma Espresso Bar,Manhattan,New York,3,29,Food
9QgxFnsLqB1CHCA0F2bGzg,Hey Lucy,Manhattan,New York,3.5,35,Italian
60dVzLZ1WfHN2wNcEYIpUQ,Nathaniel's Bakery Boutique,Manhattan,New York,4,4,Food
dzbEfeMqIEx3pvpZRCsjwQ,SeaSalt & Ceviche Bar,B0st0n,Massachusetts,2.5,14,Restaurants
PFLnr1C9K9FHQc-GOvtnHQ,Village Juicery,Manhattan,New York,5,14,Live/Raw Food
Nf9YGbWIwNMEv41J52g3tQ,Comptoir Lyonnais,B0st0n,Massachusetts,4,8,Restaurants
tN3JxkqPQjbSQxYaAdzCOg,The Pipes & Taps Pub,Utica,New York,4.5,9,Bars
xGCLcM_IYUQBcIatmDVbRA,Armando Movers,Manhattan,New York,4,4,Movers
Jd6QeqvVfGkQx8zBtlWg6Q,Acura East,Huntington,New York,2,5,Auto Repair
icc3AqUJ0Qr5VbMNxfcOlg,Scruffy's Irish Pub Restaurant,Buffalo,New York,2.5,5,Restaurants
zjZbVmI5FGQflHL6rRMxoA,Corned Beef House,Manhattan,New York,4,122,Sandwiches
18PdgbwLv_1i9yVvJQIhoQ,Hooked,Manhattan,New York,4.5,14,Seafood Markets
x-Dz418ig0KKTeyoDpa-zg,Trade Secrets - The Holt Renfrew Centre,Manhattan,New York,2.5,12,Shopping
xbwTdsS96xwK1YrlNzNUlg,Five Star Nails,Brooklyn,New York,3.5,7,Skin Care
kQVr4jgxgPspXA9oWO5gtw,Bateman's Bicycle Company,Manhattan,New York,4.5,43,Shopping
fefbR8f20oK624xrZCAq7g,Dollarama,Manhattan,New York,4,6,Shopping
satB5edzb9ycXH-n4IQ6Ww,Cafe Choco-Latte,Salem,Massachusetts,4,6,Restaurants
Pueu_ofuGNpX2dRf-GHt_A,Forget About It,Manhattan,New York,3.5,36,Italian
2aWV8Rx4TwtB0x2pfIPNxA,Restaurant Houston Steaks et Cotes Levees,Waltham,Massachusetts,2,64,Steakhouses
LHMPtp-2fsjSsxrLxtLeXA,Oh Geul Boh Geul Restaurant,Brooklyn,New York,3.5,125,Korean
Dr6z1gyCKUxsuiUg6p3HrA,Dunkin',Brooklyn,New York,3,6,Restaurants
6sBEq5wssRJ8du-1YZkZRg,Cashew & Clive,Manhattan,New York,1,4,Caterers
FIvNdexAvqv5cvtRNQpvbw,Bark 'N' Scratch,Manhattan,New York,4.5,6,Specialty Food
W7HY6MiOFP_lTbb9oXe_aQ,Value Village,Manhattan,New York,4,16,Community Service/Non-Profit
d16qDWj9zxpi0XGWBjZR8Q,The 6 Burger Bar,Manhattan,New York,4,11,Poutineries
jAOTPQOrrHvL7aphwbvW2Q,Anarres Natural Health Apothecary,Manhattan,New York,2.5,5,Shopping
JgKpVoemZ-Khkfgif5V7qQ,The Bier Markt,B0st0n,Massachusetts,3.5,153,Arts & Entertainment
c1A0vzAyQ7TLIgcoTlUMyA,Cafe Moi,Manhattan,New York,3.5,8,Vegetarian
wwoOWTunPh4QnaKW11Zl7A,T & T Supermarket,Elmira,New York,4,26,Food
vExvdgUbU377-Fry2uuv_w,Banknote Bar,Manhattan,New York,3.5,60,Bars
r3Ae6pIwOp-zcDP_hteSwg,Le Péché Glacé,B0st0n,Massachusetts,4.5,7,Food
RI09fylw-_70RN6190LikA,St. Louis Bar & Grill,Newark,New Jersey,3,34,American (Traditional)
ZhvYzRAjoQYW8ONFRg1tlg,Buster Rhino's Southern BBQ,Manhattan,New York,3,19,Restaurants
_dtAA_i4P_sr0Z44YSudIQ,Sbarro,Manhattan,New York,3,3,Restaurants
P7JD4JT_DergD4E5pTmc3w,Porsche Centre Utica,Utica,New York,5,3,Automotive
JCtZWpSQJxrq-DbZx2gosA,Starbucks',Fall River,Massachusetts,2,8,Sandwiches
xLcY5mfZfgwWAup9bBguYw,Stohos Auto Service,Manhattan,New York,5,4,Auto Repair
fCTlL2j57yVz93XguxoNCQ,Maral Salon,Manhattan,New York,3.5,3,Hair Salons
Y8f4np27ia5dwWzT7q7xAA,Harbord Auto Center,Manhattan,New York,4,9,Auto Repair
TFN5DV4zhEa3iXS7RI0MxQ,"On The Curve, Hot Stove & Wine Bar & Patio",Buffalo,New York,2.5,12,Restaurants
Is_Zo6E-uHddHXt09DI7jQ,Texas Pit Restaurant & Bar,Oneonta,New York,3.5,9,Greek
67dxFBcBKl9sEkIIcm3j4A,Chuck E. Cheese,Manhattan,New York,3,4,Chicken Wings
jja-jgwT5vRAUuL-G_4qKw,FreshCo,Manhattan,New York,3,3,Grocery
Z7e9JGm5eecaD4bGuC7b4A,The Cocktail Parlor,Manhattan,New York,4,4,Cocktail Bars
Be1lHthd7Y7SOi1bPQtqSQ,Tarterie Rockaberry,Framingham,Massachusetts,3.5,9,Bagels
yenHHL1QMjj2iAiYu6TRyQ,Portovino Ristorante,Waltham,Massachusetts,3,19,Italian
01HlBwitl4q_sEHzJ8wx-w,Burrito Loco,Manhattan,New York,2.5,6,Mexican
vjlWTAOCfE0akCCeG_tVVQ,Extreme Pita,Ithaca,New York,1.5,3,Restaurants
P8BE9zzM-pUuPDHs6gsy2Q,San Gennaro,B0st0n,Massachusetts,4.5,17,Desserts
5KMHe-7-_az0nyHvsiLKHA,Kojax Souflaki,B0st0n,Massachusetts,2.5,3,Restaurants
n8jmLxbnoOE6zE5TkNHNOQ,Starbucks,Buffalo,New York,2.5,8,Coffee & Tea
G9U-dJNiCfhelEeFgHCFVg,FreshCo,Manhattan,New York,2.5,12,Grocery
dLxT3-EwXkrI9AXoW6HCGg,Ooh La Lash,Manhattan,New York,2.5,9,Eyelash Service
eO4v7AGGwH0qWD2nYUNnKQ,Merry Maids of New York S.E.,East Rochester,New York,3,4,Home Services
m97lSHaZFEosl-tpY4yNGA,One 2 One Studio,Manhattan,New York,4,4,Skin Care
I2rXQTNxmy9HDXsLcJ3yxA,G.T. Fine Cuisine,Niagara Falls,New York,2,4,Restaurants
wEq_czMPNlWpcULWhPqNCQ,Shane Ede,Manhattan,New York,5,24,Watch Repair
UM_9tmXlmEZ5NNBMp8Sf9g,One Million Comix & Next Move Games,Manhattan,New York,4,14,Bookstores
UpODaBBpZGKtXSvSEzYg-Q,Todays Natural Solutions,Syracuse,New York,4,3,Organic Stores
Cg9NpSlAc36yMwOeZ6rIgA,Grand & Toy,Manhattan,New York,4,4,Office Equipment
FCqMWanlmta0fIGXWkSshQ,Alexandros Take-Out,Manhattan,New York,3.5,35,Greek
FhT6vTwfaippHqc12oUi8g,New Water Plumbing,Elmira,New York,1,5,Home Services
Ki537rAFh-jBnV8YZgf4SA,Le Cafe-Creme,Fitchburg,Massachusetts,3,7,Coffee & Tea
HpqxqgNhyn0fuxIuIqhQ8A,Angelou's No Frills,Buffalo,New York,3.5,6,Food
Ts4GQFagpeZ-wcdGUoMUKA,Forest Hill Barber Shop,Manhattan,New York,3,4,Hair Salons
BF1yOsRREwyO10SxvVEDnw,Riverdale Animal Hospital,Manhattan,New York,2,8,Veterinarians
0cG8w7jxNAnkX8duZbCEog,Orphan's Greenspace - Dog Park,Manhattan,New York,4,4,Active Life
6l5ES0YHypA-JCk7naGBjg,Troika Vodka Boutique,Manhattan,New York,3.5,5,Lounges
1gBBumY1aO5x4ybRYWRacA,Island Cafe,Manhattan,New York,3,27,Cafes
Lrs8qhIKaEKmYWi3z7MvvA,Tour De Jeux,B0st0n,Massachusetts,3.5,6,Toy Stores
UjQz97Y7r1w7NrpEPSCNxA,Grill Sélect,Malden,Massachusetts,4.5,6,Persian/Iranian
awbcsO33ZZFBlA-LLAjysA,Uncle Tetsu's Japanese Bake,Manhattan,New York,3.5,54,Bakeries
pW5WelrsBXP0Qf_RCezk6g,Vienna Fine Foods,Newark,New Jersey,4.5,9,Specialty Food
tF3IVUayg3EWYT5kxzHEGA,Weight Watchers,Utica,New York,3,3,Weight Loss Centers
RDEP9T9BjtV5DeHpEGuAHg,Voy Jamaican  Restaurant,Buffalo,New York,4.5,28,Restaurants
Ipcdle852xIuI1L5kCYAvA,Les Torchés,B0st0n,Massachusetts,4,24,Tapas/Small Plates
cIsPOxUKNf5-il9ok4__XA,Just Noodles,B0st0n,Massachusetts,3,4,Restaurants
EqC6I25nHI_6Z4eQta_Cbw,Mikes,New Bedford,Massachusetts,2,3,Canadian (New)
ZyS5VIWXTQoqMfuv3UgtcQ,Amato Real Pizza,Manhattan,New York,2.5,14,Pizza
8k_0pIDFeLYd7BgXua6lDA,Dollarama,Manhattan,New York,3,4,Discount Store
Ok9vikKusbG_Ue9pJf6s3Q,La Capital Tacos,B0st0n,Massachusetts,4,122,Restaurants
V_Hr7xN9AwpzjKSaoTjREw,Trader Joe�spolis Cafe,Manhattan,New York,3,4,Restaurants
ZgeJcCiGGeglraK1OnE__g,Capri Hair Salon,Manhattan,New York,4,8,Beauty & Spas
zkDxv3JDb6Chg72gODDGJQ,Marcello's Market & Deli,Manhattan,New York,3.5,12,Delis
LhxfGvL-0AWf8vkwy9NGPw,Sushi Yu Mi,B0st0n,Massachusetts,4.5,25,Restaurants
EnV3t0h8ZGKX8AVAq-_2IA,Life Labs,Manhattan,New York,1,3,Health & Medical
3cPBLYWfaxRvR1_1id0psg,L'Eggspress,New Bedford,Massachusetts,3.5,3,Restaurants
YaJIasKjOgswDpitdMD1mA,Taqueria Arturo,B0st0n,Massachusetts,3.5,15,Mexican
rgzokyjL73-FDW-n1DgCZw,Domino's Pizza,Buffalo,New York,3,7,Food Delivery Services
xyAbFNEIFSy_OKNptyzCmg,Reds Midtown Tavern,Manhattan,New York,3.5,144,Seafood
dyDGuIgospoZXwjd2-tfvQ,CVS Pharmacy,Poughkeepsie,New York,3,4,Beauty & Spas
OkkwU8juNlWvmUJ3zBLvpw,Petro-,The Bronx,New York,3.5,3,Automotive
kQGJ5QUJ0BAIpmYYtf7Uqw,Upper Deck By Fran's,Manhattan,New York,3,14,Bars
XaVeP695Jg_IBgQmo470YA,Taste of Danforth,Manhattan,New York,3,29,Festivals
9MaX6v2U7L2lhrqqF6Lw0w,Bath & Body Works,Buffalo,New York,4,3,Kitchen & Bath
r9RInq9B_cT1raDM4bNE6Q,Truly India,Manhattan,New York,3,5,Vegetarian
LOrxnwNJgxHZ5xSPjAp4XQ,L'Appartement,B0st0n,Massachusetts,2.5,29,Bars
Hq2edcOTjse7wjK2CwBijQ,Bistro Pittsfield,Pittsfield,Massachusetts,4,7,Breakfast & Brunch
8ROhtPKm-KxsgHII2JAoNA,Sushi And Rolls,Huntington,New York,2.5,14,Japanese
fxLr7-Z4WwKPTslghkszCA,Victoria's Secret,Newark,New Jersey,3,6,Fashion
5hTskC8JrA2zA0mYaYEZpg,Otto's Bierhalle,Manhattan,New York,4,44,German
htQgj-ANQpZGpIpkkrEmyQ,Inspire Restaurant,The Bronx,New York,4,299,Canadian (New)
uHbuPcVayLnu5Dh4-HHT3g,Hard Knox,B0st0n,Massachusetts,5,4,Fitness & Instruction
_fe36eepp9tsP5vzvKbdQA,Furama Cake & Dessert Garden,Manhattan,New York,3.5,13,Bakeries
atNuup_649IY1B1L1vTkow,Ciccio Sanwiccio,Manhattan,New York,2,3,Restaurants
XdY36-Qh_DxnCaFpTPfYMg,Tori's Bakeshop,Manhattan,New York,4.5,102,Vegan
gJd3ua-hPxKqeOQNfEN26Q,Pizza Giovan,B0st0n,Massachusetts,3.5,8,Restaurants
WYRZ9UJOs9rJjuwYeUaj4w,Le SmoScarsdale BBQ,B0st0n,Massachusetts,4,32,Food Trucks
0KQE_-HWEAL_eBKIsEFf3Q,Sakura Seoul,The Bronx,New York,4,8,Korean
QEHnipQSRUlshVQPOBghuw,Dic Ann's,B0st0n,Massachusetts,3.5,3,Burgers
CQmYSplKeyv-u_sMEP-7Pg,Superior Pressing & Cleaners,Manhattan,New York,2,3,Local Services
bgRN6iUfQ8zLMTtTSkFzVw,Restaurant Oregano's Grill,B0st0n,Massachusetts,1,3,#N/A
iDT6FpWCjJXSHUMFg94UEw,Pho Asia 21,Manhattan,New York,3,40,Restaurants
FSuV_LwkREet6LWpJzJxdA,Green Curry,Manhattan,New York,4,13,Imported Food
6551kEXeYF2NCwlodvk1EQ,751 Lounge,Manhattan,New York,3,27,Nightlife
Pk_mZrOJpeLQ9mQIsKVXyw,Studio B Hair Salon,Manhattan,New York,3.5,5,Hair Salons
fBgUT-V7F66kNOkv56fCnA,Queen Slice,Manhattan,New York,2.5,8,Sandwiches
zZfq52t0TUnwEk2V3-oPwQ,Bologna Pastificio,Brooklyn,New York,4,4,Food
rPk8BNmfNKx12jtwl6ozAw,Wild Wing,Cooperstown,New York,2,5,Restaurants
h36qA5gnNTgByhxWx1aH-Q,Rock Lobster Food Co,Manhattan,New York,3.5,143,Restaurants
K9CETyFG8ZL3CcJ_mTqtDQ,Of Things Past,Manhattan,New York,2,9,Shopping
qTd3WSatW1tlUoUtFB6x2A,Short & Sweet Bakeshop,Manhattan,New York,3.5,15,Restaurants
rSfbkOc8ncfaGXbF7jXNmw,Goldium FX,Manhattan,New York,3.5,7,Hotels & Travel
9adLkjRBxG1g-exW2f6kJQ,Nails For You,Newark,New Jersey,3,13,Nail Salons
QUR9EpgJELLag-7rlFZi_A,Tokyo Shiatsu Clinic,Manhattan,New York,4.5,6,Health & Medical
0-GrgZKC4fp_unqSb9LQmw,Restaurant Anh-Tai,Framingham,Massachusetts,1.5,5,Canadian (New)
I5T7rAAENTTMHJtjGqB2-w,Rovers Pub,Manhattan,New York,3.5,8,Bars
mw9Jt-9dGniJQWoKG80bBQ,Marius,B0st0n,Massachusetts,4.5,10,Coffee & Tea
Z_8D61y5nQUwoxpoKxbjbA,Runnymede Healthcare Centre,Manhattan,New York,4,4,Health & Medical
Vs4kfrjaJrVFIGxSElonBg,All Things Tea,Manhattan,New York,4,8,Coffee & Tea
AjNpzeNPSsul2ZdZHWaiwQ,Chaihana,Manhattan,New York,3,16,Asian Fusion
it1wU0wd2Lk9lCHC1xzoNw,Mela Cafe,Manhattan,New York,3.5,12,Restaurants
M69gIFhlcGNMNd02IyNndw,The Flavour Fox,Utica,New York,3.5,5,Food
RoRJsEajm3nSLD18zs3VAw,PapaLuigi,Plymouth,Massachusetts,4.5,4,Restaurants
dgk95PcUIBKG4N-pt73SwQ,Domino's Pizza,B0st0n,Massachusetts,2.5,3,Pizza
qKO0pk4-dnzW6-_dNicvyw,McDonalds,Manhattan,New York,1.5,3,Restaurants
oTqF5f40xFR30lgUXy489A,Staij & Co Cafe & Pastry Boutique,Manhattan,New York,4,7,Restaurants
ng93vMQLaUwLCvsz5t06tQ,241 Pizza,Manhattan,New York,3,11,Restaurants
qiYpwBcVBGX5nx3a9DpdNA,Paradise Bound,Manhattan,New York,4,3,Music & DVDs
BBGgvh6ZUagrvYsfuBwfWQ,La'Dira Skin Care Boutique,Manhattan,New York,5,5,Health & Medical
IS1zBsUWEiN5zt1PNnKIkw,Scores,Framingham,Massachusetts,3.5,8,French
F4V0fqh5SRgylEH78iQnBQ,Globex 2000,Fitchburg,Massachusetts,4,3,Banks & Credit Unions
jT3TXgNtmHXRUg49axF4xg,Torsh Catering Kitchen,Manhattan,New York,4,9,Caterers
yYhJRPzzEqX6TnbsWA7qdQ,U-Haul,Manhattan,New York,2,4,Movers
ETp63sOcqAPy6AFferHPcg,Gallery Hi Art,Manhattan,New York,3.5,5,Art Galleries
C_VoO9M9Kuhn6EObmpvWow,Slab Burgers,Manhattan,New York,3.5,65,Restaurants
BSkZT6Yz2NtpondaJmSgTQ,Nicol's Pastry Shop,Ithaca,New York,2.5,7,Desserts
fifthifEi1jTy4Uu7XLcpQ,Costa Verde BBQ Chicken,Manhattan,New York,4,13,Portuguese
rrxEYhgRFhSszovW_jI27A,Chez Patrac,B0st0n,Massachusetts,5,3,Real Estate
h_zm9IRQcH8sw-ZvsJgpbg,Fadi,Berkley,Massachusetts,3,3,Middle Eastern
BL2wEuQnARLJsfarfGCzzg,Your Fired,Niagara Falls,New York,4,7,Shopping
nE6b6SCknNQ4lglHHik57w,Dunkin',Plymouth,Massachusetts,3,6,Restaurants
Ut4my3Bft_62o_LlLN5OsQ,Felichia Bridal,Manhattan,New York,3.5,35,Bridal
uNLvQTK7DnLGRvDUD-i4JA,Phoenix Bakery,Manhattan,New York,3,15,Food
ho5ClDsYijmOJy9OSUx8UA,D-Beatstro,Manhattan,New York,4.5,25,Cafes
KpRXOEecUz5s4C9DeHcpmg,Lahore Grill & Fast Food,Manhattan,New York,3,9,Restaurants
CrEoGEQSEBCSyEk5BY9O6A,Typhoon Lounge,B0st0n,Massachusetts,3.5,19,Gastropubs
BDCSaCKVEuQNtfgayiqbUg,Harvey's Restaurants,Cortland,New York,4.5,7,American (Traditional)
nKeGPmH5dYNVL5AyAItuKg,Restaurant Chantecler,Manhattan,New York,4,121,French
_-mGxo3NxooLN7DQWlvTYA,Fiesta India,Manhattan,New York,2.5,3,Restaurants
k0BDlOyf620xxQpejI40qg,Sandy's Cycle Shop & Books,East Rochester,New York,3.5,3,Bikes
PV6vvjCafi9eGtZgyJNhKQ,Pizzéria No. 900 Napolitaine,Northampton,Massachusetts,3,27,Pizza
CV6edrz2Lv_kwyAGdswS2A,Fitness Nation,Buffalo,New York,4.5,3,Gyms
wJe6SYMXsWNmXXYTvrlpdw,Pascale Gourmet,Manhattan,New York,4.5,6,Food
K7A8f2wrY_gLlCMzNfeSjA,Mary Browns Chicken & Taters,Buffalo,New York,3.5,12,Chicken Wings
GnNcczZ_t4tdHlpbYu4tzw,Restaurant Azar,B0st0n,Massachusetts,4.5,4,Restaurants
xiIo17pwv7qBXH9vRAshaw,Pandemonium,Manhattan,New York,4.5,14,Shopping
XuJNM9O8NNQ8KA7qMYqkyg,Grace O'Malley's,Manhattan,New York,2.5,81,American (Traditional)
WwGL_VJg2A3uLbqbpzkwjQ,Bruno's Signature,Lake George,New York,3.5,6,Food
8Moo70rNhVb8Ji9PQNS3iw,Sushi Sushi,The Bronx,New York,2.5,24,Sushi Bars
j_BZ2A5XEQSd-k7yH-S_Pw,Wilder Foods,Manhattan,New York,4,3,Restaurants
9hBjuOMiCGIbB7T-xwy96A,Walmart,The Bronx,New York,2,13,Fashion
bFowVTU3mbfzpwyeYffytQ,The North Burger,Lake George,New York,4.5,5,Burgers
zs710LuQ8y10YsQHIjxjyw,Chinese Dumpling House,The Bronx,New York,3.5,72,Restaurants
9H6crpi5M05v7Eny-KV8AA,Golden Turtle - Pho Rua Vang Restaurant,Buffalo,New York,3.5,34,Vietnamese
z0wEFGBsImCbbDKNBrmiMw,Carol à Gogo,Plymouth,Massachusetts,3.5,4,Bars
FjG32sJivL1xBemPo9hlrw,Asian Delight,Niagara Falls,New York,2.5,11,Malaysian
bIM964qExbMiHouvH7KZBg,3734,Boston,Massachusetts,4.5,13,Restaurants
GN4giapad7mI9PqWCQcqWQ,Alchemy Food & Drink,Manhattan,New York,4.5,4,Bars
OGpswF-EQERaEbE1S5-Uqw,Kiehl's Since 1851,Manhattan,New York,4,6,Skin Care
V5hnqodKyqOcDDySHD1sog,DSW,Buffalo,New York,3,4,Shoe Stores
pjqBTbUN124b9s9Uiw_FYw,Aroma Taste of Middle East,Manhattan,New York,4,3,Restaurants
DIL1JTUaDZK0Z3P0wi7cnQ,Northwest Kitchenware & Gifts,Ithaca,New York,2.5,3,Appliances & Repair
uxM2hXYkS9kr-DiQN2lB5g,Omaw,Manhattan,New York,3.5,49,Restaurants
1JHx_OXl2RWqt_esf2Aqhw,Finch Avenue Optometry,Manhattan,New York,4,7,Optometrists
OAmRh1fSiTgtR1e0D4JsVQ,Authentic Taste Of Indian Cuisine,Manhattan,New York,3,3,Indian
7GoI4KnxIM5WVGY3wCkScA,Restaurants D Lafleur,Waltham,Massachusetts,3,7,Restaurants
MwxMuG5hvEL0sGzgGVlAXw,Trader Joe�s,Manhattan,New York,3,44,Food
TdX5AO4BJuOhI5Le5HHiKw,Pizza Pienza,Utica,New York,5,10,Pizza
sZ_QdVaPV50wggckxmNhsg,Aris Grill,Manhattan,New York,3.5,10,Restaurants
V95ARVcaqxEcdW0Hp_uN-w,Oceans Fresh Food Market,Buffalo,New York,2.5,49,Grocery
vODSiLvcSe082IsuAKXcqw,Zaza Espresso Bar,Manhattan,New York,4,10,Coffee & Tea
5O2Gk2Kg3QpKHmcNTCmBuw,Kkorae,Manhattan,New York,4,3,Restaurants
JmWECWlvcoxWvbnMEzTmmQ,ARTiculations,Manhattan,New York,4.5,6,Event Planning & Services
y6HUE8dzHU-PWZ1mkVfSnA,Burger King - Commerce Valley,The Bronx,New York,2.5,14,Burgers
opnw3jgcHUsfHCv6YosKgQ,Aroma Espresso Bar,Ithaca,New York,3.5,55,Restaurants
X6CPcjiCWekbsMN75aOMug,MLT DWN,B0st0n,Massachusetts,4.5,10,Specialty Food
z2r2hvbAyYIjO0u4C3U0_A,Dufferin Subway Station,Manhattan,New York,2.5,6,Train Stations
D70PyBdOxluR99uV1eThqQ,Running Free,Huntington,New York,4.5,3,Fashion
Ym-vpuGrHOJwxsgVQfxoNw,ACE Rent A Car,Buffalo,New York,1.5,9,Hotels & Travel
98NaJ8FWzPuoymHfj6IIeA,Ming's Noodle Cafe,Newark,New Jersey,3,44,Chinese
PHIZpvHaecj3hWPbwqr3mQ,Taglio Doro Salon,Manhattan,New York,4.5,3,Barbers
Muk-jU2W2x1D__h0pCXhbw,Equinox Fitness,Manhattan,New York,3.5,31,Gyms
fp97iuseEoP7SGv74lSnhQ,Virgin America,Buffalo,New York,3.5,5,Transportation
s4Q0Med8QVVXSrhoAYq-kw,Taco Bar,B0st0n,Massachusetts,3.5,13,Mexican
-7Y1lcVmR3BARZ9cqs_Jew,Preloved,B0st0n,Massachusetts,4.5,4,Arts & Crafts
YBec-htc0Obt3_o2BkRbVA,Caplansky's Thunderin' Thelma,Manhattan,New York,3,10,Restaurants
hDY6D7sGJIl-IYDJFX4qUQ,Caruso Gourmet Pizza,Newburgh,New York,4.5,3,Pizza
nHix0OZ3KqrZNi8y0dYjpg,The Okey Doke Tattoo Shop,Manhattan,New York,5,5,Tattoo
hXatrcZVtjLuaEzki7LugA,Pet & Bargain Shoppe,Manhattan,New York,3.5,3,Pet Stores
v3Y3btCs-JyDR1u806otvA,Serissa Cate,The Bronx,New York,2.5,7,Coffee & Tea
6gQd_X1fAbyTb0pKFzrg_Q,Church Street Barber Shop,Manhattan,New York,3.5,15,Barbers
_f4ECv0_dCMJ__NkUsXNXg,Milliken Park,Manhattan,New York,3.5,7,Parks
L-Rhai11kLsL6tKvOGNG8Q,Equinox Fitness,Manhattan,New York,3,15,Active Life
G_05ZI4Vpl4bxjjZR11jEQ,Jardin Botanique de Boston,Boston,Massachusetts,4.5,160,Active Life
I62j-QfY4tO_gMKV-celEA,Lucky Moose Food Mart,Manhattan,New York,3.5,47,Food
9-Lipa9HiHL_EAfeDfPq1g,Buster's Sea Cove,Manhattan,New York,3.5,20,Seafood
ok65zXeEb7QTLVd-nheQag,Body & Soul Massage Therapy,Manhattan,New York,4,15,Health & Medical
LMyeQgw0qO91iCnkltDI4A,teashop 168,Manhattan,New York,4,3,Cafes
5DjH33h86KQIqHdt4BSVSg,Wild Willy's,Waltham,Massachusetts,4,3,Ice Cream & Frozen Yogurt
qXtbTwnyCxa-sT9Td70udA,Optical Thirty 8,Manhattan,New York,4.5,73,Optometrists
4lQGNrWLdSlaj3Px83ZLRg,Tavva Indian Bistro,Buffalo,New York,2.5,9,Restaurants
KJcwMyqBir71XjGN6Eq0hQ,Glen Abbey Golf Club,Utica,New York,3.5,6,Venues & Event Spaces
xUWCmzPiH1qHzu1lA3PCmA,Purebeauty Salon & Spa,Manhattan,New York,3.5,5,Day Spas
miqCR9WAm8xn82NtiGhyFw,Extreme Cream,Manhattan,New York,1.5,3,Food
GmMZG6dsDqGVC275ZwD-cw,Sana,B0st0n,Massachusetts,4,44,Pakistani
um_o0pxQ3DlRI9EfCzw0hw,Bouillon Bilk,B0st0n,Massachusetts,4.5,280,Modern European
NImT1XHwwUmoHaPEjIIwRQ,Szechuan Gourmet,Brooklyn,New York,3.5,64,Chinese
LhWwwDJ2l79a1tHrpcdK6A,Scaddabush Oneonta,Ithaca,New York,4.5,3,Restaurants
Dxh9o8B6EP3QWMKs3STXbw,Niwatei,The Bronx,New York,3,59,Japanese
m3cK6A9v4s4pddB38m2lXQ,Heartland Pet Hospital,Buffalo,New York,4,4,Pets
wfodQFCUYXaeVRG34Gy6TQ,George's Deli & BBQ,Manhattan,New York,3,20,Delis
NfrrOcT5kg18Qprwsat5Fg,The Vic Public House,Manhattan,New York,2.5,29,Gastropubs
7Ry-hEfZwaDXe8u-n6v15A,Shanghai Dim Sum,Niagara Falls,New York,3.5,54,Chinese
ad7lp1JL-gC4d4zDXXNgjg,Nawab Express On Avenue,Manhattan,New York,4,10,Indian
AhViYY5t2ApWTQFWYwrHCg,Entreposage Boston Mini-Storage Bureau Chef Beaumont,B0st0n,Massachusetts,4.5,4,Commercial Real Estate
0NRW_aZUWvDsjh58fBq8OA,Restaurant Ferrari,B0st0n,Massachusetts,3.5,15,Restaurants
kiME-sO4rL3uSYhPKndeGw,Forum Sportsbar,B0st0n,Massachusetts,3,4,Bowling
mTBoTqR1qjvpyIC1dTT9rQ,Dove Cleaners,Manhattan,New York,2,4,Dry Cleaning & Laundry
W2lF7_PlWD5LmL-af1BQdA,Dunkin',Syracuse,New York,3,5,Food
ziEGXxNH55x7CMi0eAouKg,Little Tibet Restaurant,Manhattan,New York,4,3,Restaurants
dj4UB_e5xYF3IMQucIIYsQ,Café Maurizio,B0st0n,Massachusetts,3,23,Restaurants
u65uMUc88VMD7wI09BU1IQ,3 Amigos,B0st0n,Massachusetts,2.5,52,Mexican
IEfRMESoQqMuDOS1mmcZQA,Coffee Time,Poughkeepsie,New York,1,4,Food
Ud5FqhVC8AdZg9RLzNW_Wg,The Brickyard Bistro,Manhattan,New York,4.5,7,Wine Bars
Sd1UqBycilIJO-m9Cmmz8g,Gau Indian Village,Manhattan,New York,2,8,Restaurants
6gMxIRoEMWDg-HqibN9aqw,Bean Around The World,The Bronx,New York,3.5,25,Food
n6gjIFyDUfQWthBmH6WXRw,Vogue Sposa Bridal Boutique,Manhattan,New York,3.5,9,Shopping
uAPMb111euz5jJF8_VeO2A,La Casita Chinese Eatery,Manhattan,New York,3,13,Restaurants
4f5ae7L2BmP_GRHDoAFpBw,Fort Rochester: Garrison Common,Manhattan,New York,4,13,Museums
I4ddoOzq8kyRptwCYZiXfQ,Yogurty's Froyo,Utica,New York,4.5,3,Ice Cream & Frozen Yogurt
JZB9Zjex7mlJNu7lyJ08Qw,Domino's Pizza,Manhattan,New York,2,6,Restaurants
C16ogi6ASv-sQW3SGScmNQ,Tutti Matti Restaurant,Manhattan,New York,3.5,73,Nightlife
xT05hiYvwETheubPgNw2bQ,Bravo Restaurant,Manhattan,New York,4,5,Desserts
tRxLur3LJS5sU1vrZ7pfIA,Hotel Chateau de l'Argoat,B0st0n,Massachusetts,4.5,17,Hotels & Travel
Nvr7_yjdolr1Hm54eyzTuw,Aries Cafe,Brooklyn,New York,3.5,8,Desserts
d_7LHavYrjlXgob9208ScA,Kares Nail Care,Manhattan,New York,3,6,Nail Salons
S5bNE4Pmin8OQUMOFod8bQ,Ciao Wine Bar,Manhattan,New York,3,122,Wine Bars
ryZ3iL-Icucusa1K5bIn_Q,Sunflowers & Gifts,Manhattan,New York,3.5,3,Shopping
r_2voyLZfKpWDc02fXhGkw,Harvey's Restaurants,Manhattan,New York,3,3,Burgers
P6T8cgh228vQ63dDoghoew,Pizza St Sauveur,Plymouth,Massachusetts,2,4,Pizza
1VMccrsa7R7nzDR37HksKA,New York Don Valley Hotel and Suites,Manhattan,New York,2.5,30,Hotels & Travel
ZGOowIrxwPcb1jlXPeb9-w,Buffalo ITALFEST,Buffalo,New York,5,4,Festivals
isULo3nvPqoElJ9lU2PLFg,Java U,B0st0n,Massachusetts,4,5,Food
WvKhNOCjCYEZax5394kozw,Pho Son,Manhattan,New York,4,12,Restaurants
D9SpjUVKcKCPkyud2hr_gA,Mezza Lebanese Kitchen,Poughkeepsie,New York,3.5,17,Food
klUKlTUH-mSeogjBV_ooQw,JouJou Hair Studio,Manhattan,New York,5,8,Beauty & Spas
Yw7DrirB-4z3EoyuJ5D-QA,Mo' Ramyun,Manhattan,New York,3,24,Korean
MqVV6Q4fyP65dJ5qY_rIhg,City Optical,Manhattan,New York,1,4,Optometrists
PRap3K4D3Rxu1O9Y6RrmUQ,Coiffure Mi-Ro Elle Et Lui,Malden,Massachusetts,4,3,Beauty & Spas
V2gKY1W1byaAXFmOd111CA,Szechuan Spice,Yonkers,New York,4,11,Restaurants
aUGfobmhkRTCh6QpWrX3mg,Blood and Bandages,Manhattan,New York,4.5,10,Barbers
OVcqeY56lijWscrA9672fQ,Shoppers World,East Rochester,New York,2.5,5,Shopping
-8iIgtOaGx64pD8Uqj5DOQ,Be Fabulous Lash & Laser Clinic,Manhattan,New York,5,29,Laser Hair Removal
Fsc3vd7WeKmuJUQPmvv_6A,Churrasqueira DO Sardinha,Manhattan,New York,2.5,7,Restaurants
pUk3boZgNj6amzjzGsPP6A,Sex Laser,Manhattan,New York,3.5,9,Bars
9Hz0fAU95gf2SQYAcCZF5g,CHEE Organic Bakery and Caffe,Valley Stream,New York,3.5,5,Bakeries
YgalfFuPJn3WPoNV8io5ww,Kin Kin Bakery & Bubble Tea,Binghamton,New York,5,5,Bakeries
tv460aZVxuiHu1C7X2inHw,Ramsden Park,Manhattan,New York,4.5,6,Skating Rinks
VppOQ_-pcEaqi3fu2p86nA,Café Zéphyr,B0st0n,Massachusetts,4,7,Bakeries
eiEMiuRt71C5FaihSCw8jQ,Costco Wholesale,Buffalo,New York,4,14,Shopping
ftqncUx1y6Otpvz78H9WhQ,Chalker's Pub Billiards & Bistro,Brooklyn,New York,3.5,24,Casinos
dgxsoV6FQti5eRhDNFYkmw,COO Rouge,B0st0n,Massachusetts,4,9,Restaurants
hw27GCiEFljkLb5y6Rbivw,Elle Hardware,Manhattan,New York,3.5,7,Fashion
XVykuRX60his8F2H6UW8Bw,Dave and Charlotte's No Frills,Manhattan,New York,3,26,Specialty Food
LrrUpVdt6t2cnSJDId9ziw,L'Oeufrier - Saint-Henri,B0st0n,Massachusetts,4,12,Salad
AyuE2AyyKSZj97SNLAHM9w,Sbarro,Manhattan,New York,1,12,Pizza
TRIkqgMvagMt3ws8DgZdgg,Starbucks,Buffalo,New York,4,12,Sandwiches
zrQlLZLhToH4IHi8jCcbdQ,Diesel Playhouse,Manhattan,New York,3,4,Performing Arts
XDgip3YOFsPmCsxSiU9W8Q,Faces MD Medical Aesthetics,Manhattan,New York,2.5,8,Health & Medical
pFAo_ockN-A6ff_SqjBfJg,Lucullus Bakery,Manhattan,New York,3.5,69,Food
r3Yj3Vc_FOdRfZ4Q4Ei2Eg,Maison du Nord,B0st0n,Massachusetts,4,16,Chinese
4dIM5PORGIKZUmD-YQLf2g,Terrasse Lafayette,B0st0n,Massachusetts,4,25,Restaurants
MQ4dCFmw7SZwx5qtvBXUXA,Bikram Yoga New York East,Manhattan,New York,2.5,6,Yoga
UE6bDaasf5BVmSqvOOWtTQ,Leon's Boot Alterations,Ithaca,New York,3.5,3,Professional Services
avAAz03wVIs86Yea1utxDw,Dixie Toyota,Buffalo,New York,1.5,9,Used Car Dealers
5nzm5tzqHacoQLU0h8_p0w,Stag Head Barber Shop,Manhattan,New York,5,3,Barbers
0gj8bpTF6I6T_C5xyBUafw,Arden Fast Food,Manhattan,New York,3.5,3,Restaurants
vDHQ2-Jx08UqEh9yYw9AyQ,New York Bicycle Tours,Manhattan,New York,5,15,Hotels & Travel
ofDHpeIGCSX9-9U_DlH9Kw,Sina's Bbq,Buffalo,New York,3,3,Barbeque
66DKb6APF96InEKrUVIbZw,Allo Inde,B0st0n,Massachusetts,3.5,3,Pakistani
J8cLxK-DIl8ZweElFLec7Q,Thai Princess,Manhattan,New York,3.5,80,Restaurants
78ri7BnlSGzvRRY7zorAXw,Betty Hemmings Leathergoods,Manhattan,New York,4.5,5,Luggage
JlqISyo4or9DN9L9lNDVfA,Scrumptious,Niagara Falls,New York,3.5,7,Restaurants
i6TgZAX3733aPIMnzje5-g,Arepiando,Brooklyn,New York,2.5,4,Restaurants
WM7Ckyt1oh2LaQPdkYhMwg,A! Xiang,The Bronx,New York,3.5,9,Restaurants
QJB0dqY_muOS8xCQd1SyvQ,Maison de Thé Cha Noir,Cambridge,Massachusetts,4.5,13,Coffee & Tea
9f5ysbKpim-4-eB_4gzq0g,Centennial Fitness Centre,The Bronx,New York,3,4,Gyms
8AAHDz9VIAvq8XbKJHrSrg,Per Se Mobile,Manhattan,New York,4,7,Restaurants
JqNYF2EFzVmy3iUV9hsZrQ,St. Andrew Subway Station,Manhattan,New York,3,5,Public Transportation
Id3V4Ql69bEANN4MXxzdFA,Lucky Eight Auto Repair,Niagara Falls,New York,5,17,Auto Repair
UyuZdykv7XBAUftkNC6YiQ,Cedarvale Ravine,Manhattan,New York,4.5,3,Parks
tqpvUllic7jZNhu2kpJTsA,The Dog Park,Manhattan,New York,5,4,Pet Boarding/Pet Sitting
z6xwlHA_TgxmXSes3o2bbg,Sushi nakazawa,Manhattan,New York,4,7,Japanese
D3P7otNjS-a31EqXuEua7A,Osgoode Hall,Manhattan,New York,5,4,Public Services & Government
fATMnKxmcjsREwh-UH0jnw,Le Bar A Soupe,Manhattan,New York,4.5,3,French
UxdCjSjoc1kbk9PRtSSjeQ,Payless Car Rental,Waltham,Massachusetts,1,35,Car Rental
UrIs4udRyrm7h5-bgFm8WA,BLOME Blowdry Bar,B0st0n,Massachusetts,3.5,14,Blow Dry/Out Services
yKylJ7SC6yfPIZZJ2EP6qw,Accurate Technologies,Brooklyn,New York,4,6,Local Services
DfhzmbGPKGYSzFQ2iKrLRw,Pizzeria Jacques Cartier,B0st0n,Massachusetts,2,4,Restaurants
0NMiK6IMU0P72XID62ZRJA,Sunnyside Park,Manhattan,New York,3.5,8,Parks
GUZwEIoyzFxl75mkig8QJQ,Sideshow Café,Manhattan,New York,3.5,15,Coffee & Tea
SBMF0_xc6WkrjA1W_P_7BQ,Mike the Bike,Manhattan,New York,4,7,Shopping
rzWFku9477oIT4THhKwaXQ,Stock In Trade,Manhattan,New York,4.5,14,Food
PIdFae28h4ef9MAb-E5juQ,1 Four 0 Nine,Manhattan,New York,5,12,Auto Repair
khDJApZ8RLRfqWmWs64PAb,Boulangerie Guillaume,B0st0n,Massachusetts,4.5,53,#N/A
e7Jqw3IhumaUrTWRmeuzpw,Restaurant Le Flambard,B0st0n,Massachusetts,3.5,3,Canadian (New)
WFp8x8Wla4rXO90ENVC9JQ,Madisons NY Bar& Grill,Beverly,Massachusetts,5,4,Steakhouses
pL-lWHt4sIxkaCqtwI5-jw,Pizza Hut,Fall River,Massachusetts,1.5,4,Restaurants
ROUjTKM6H56_hJqIDKrjnw,The Spice Village,Manhattan,New York,3,24,Restaurants
V-U3rnJtlZSFqF--3vaoKg,Low Carb,Manhattan,New York,4,4,Specialty Food
4qNXmOeA5tALz3DgtHoAYA,On-Z-Rocks,Buffalo,New York,3,19,Restaurants
XZ1GgZfWRL87ieujN94q1g,Schnitzel Queen,Manhattan,New York,4.5,100,Sandwiches
3Oxoahbk05uMm3vPb3xjlg,Pharmaprix,Fall River,Massachusetts,3.5,3,Eyewear & Opticians
AfEUIbr8_urxI1efrqu0qg,Mikasa Japanese Restaurant,Newark,New Jersey,3,3,Japanese
IekHeAVY0EmGipQQApJoPQ,ymt.me,Manhattan,New York,4.5,4,Massage
oqqBEXH84dJgBlfEMA69XA,Cafe Mucho Gusto,B0st0n,Massachusetts,4,7,Food
qA0SlNp1fVtMuB51okYhIw,Lion City Restaurant,Buffalo,New York,3.5,93,Indonesian
t2Eg5QRgLg9DWUeMe_Duhg,Sarah B.,Boston,Massachusetts,3.5,21,Bars
i-AnPk2u8A-s5S8OBR0aPA,Black Angus Fine Meats And Game,Buffalo,New York,3.5,5,Meat Shops
vw3uhpv1YyO5bjv3YWMgzg,Rhea Flower Shop,Poughkeepsie,New York,5,3,Shopping
1tsUXKaHQ20rnfXMAdLUmA,Daio Japanese Restaurant,Manhattan,New York,4,57,Japanese
aA9U8Jxfx68A_rZeLlkTWQ,Famous Laffa,Manhattan,New York,3.5,19,Mediterranean
WUq7NNgCTaPphTYL6qyEBQ,Mogette Bistro,Manhattan,New York,4,21,French
EXSaokBb2gC4V5MQVUfh8g,Extreme Pita,Buffalo,New York,2,4,Sandwiches
OJAbwtTCI2eo2nKz4cnW4Q,Café Marmelade,Pittsfield,Massachusetts,4.5,3,Cafes
oPkfgVr_gNczmZMFrIEARQ,Airship37,Manhattan,New York,4,5,Venues & Event Spaces
f0L6nuOekGDsXBO6quxrUA,China Garden Restaurant,Methuen,Massachusetts,3,5,Restaurants
uhTd0EyPImAA-LyuY2KKqw,Central Coffee,Manhattan,New York,4.5,3,Event Planning & Services
s8I1M5wpTholGpqGRE7PGw,Tiende Santé & Végétarien,B0st0n,Massachusetts,3.5,3,Imported Food
myt7A12xiMD-_CQ0fKQdzA,Queen West MMA,Manhattan,New York,5,3,Active Life
I2nw7LGLSHN4uUgnHO5H7A,Amuse,Manhattan,New York,4,15,Restaurants
zVGpyxlgrPjHCFPEw7xecg,Universal Rent-A-Car,Manhattan,New York,1.5,25,Car Rental
MqodRBRMZZX-EC_T4b500Q,Yonge Street Physiotherapy,Elmira,New York,3.5,3,Health & Medical
8WrKePQ2mzDUgNDK5rcC4v,Il Sogno Ristorante,Manhattan,New York,3.5,31,#N/A
pJ_dQ7qxZu-77e-MDU5DHg,Nest,Manhattan,New York,2,10,Music Venues
72JhxZURQhm88TP8-RmmZw,Popeye's Supplements,Manhattan,New York,3.5,6,Food
atvopatw9ZLNuqxAAzgKKV,VapeMeet,Binghamton,New York,3.5,7,#N/A
4nJWUXQqm8vxubgC_0AcCQ,Big Moe's Burgers,Newark,New Jersey,3,86,Burgers
6Qov2h55QChuxvyqsU5257,Rocket Cycle,Manhattan,New York,5,5,#N/A
HH-OPbLz7Cftkk2waPGkcQ,Poutine Centrale,B0st0n,Massachusetts,4.5,80,Poutineries
hsdZFIdNCNDaDmcVjAEdGg,Pho An,Cortland,New York,3.5,20,Vietnamese
GyJv9dkd5nmpgSSJgDtsnQ,KFC,Poughkeepsie,New York,2,6,Fast Food
mjABbPeuEn8qu9oedw190g,Sido Shawarma,Manhattan,New York,3.5,3,Restaurants
TGuRNZByAQYhejFfAAbD1A,The Friendly Thai,Manhattan,New York,3,42,Thai
5BzXWmHtuPE7uC5pUQR65t,Danforth Village Coin Car Wash,Manhattan,New York,4.5,3,#N/A
sg9k_AhqasHCma-_JnGLsw,Palace Pier Park,Manhattan,New York,5,6,Active Life
DuZ5aPOFCiS8vRbjSOB98Q,Smokey Joe's Cafe,Manhattan,New York,3,16,Coffee & Tea
VZbKJBbcxCOvuZyuEOojsg,New York Zoo,Manhattan,New York,4,167,Active Life
U92g1VgKnjTfMHrHemPt9g,Popcorn Kernels,Brooklyn,New York,4,3,Food
SJtsU5NzqY-SWa-Nrdp1lw,Uniburger,B0st0n,Massachusetts,4,15,Burgers
ekgf6x1Wta0edHP-2OM8og,Five Iron Golf,Brooklyn,New York,2.5,16,Canadian (New)
TLZc69bI7rRhnN0kRTCyXA,Chuck E. Cheese,Utica,New York,2.5,4,Pizza
FKdyzqDoPvRAEYP_2TjbzQ,Prince's Hot Pot,Manhattan,New York,3,6,Restaurants
r7CBeWvlujzhJFRwZ6h3kg,Croacovie,B0st0n,Massachusetts,4,3,Restaurants
80KCjzn5Y5cInHWE8KOcHA,Wonder Nails & Spa,Manhattan,New York,3,17,Day Spas
nkQKvl016U7Wv35USvrMMw,M Clara's Alterations,Manhattan,New York,4,4,Sewing & Alterations
xe4G49l012KW1wqQelFOqA,Papa Pastry & Cafe,Manhattan,New York,4,12,Desserts
gaW2yftYku0xmkc9bmCjJg,Wild Wing,Manhattan,New York,3,5,Chicken Wings
UNz_u4TVswrPg9JyB0qwbw,Sweet O'clock,Manhattan,New York,3,64,Desserts
yVmQAAYK6vFxtA26HZHWGw,St Clair Ice Cream,Manhattan,New York,4.5,14,Food
LtzrJrQEfIf1zI_aM5jMtQ,Seasoned Dreams,B0st0n,Massachusetts,3.5,24,Event Planning & Services
1K2vEQUQZVmv-POYCi1kTg,Orange Julius,Manhattan,New York,4,8,Food
90Iat5dbkufA61mLb7O_xQ,quad east,Manhattan,New York,4.5,24,Active Life
QbzfLgPGc_mHSq50R7a3OA,Restaurant Hot Africa,B0st0n,Massachusetts,3.5,3,Barbeque
3MZ_H6D9jQFX1tBUIh_Iiw,Simply Thai Cuisine,Manhattan,New York,3,41,Thai
GG4qRCnxiChJTswr602R4g,Nataraj Indian Cuisine,Manhattan,New York,4,9,Middle Eastern
Nxg73OigmRQQq0d1pKtkUQ,Xe Lua Restaurant,Manhattan,New York,3,129,Restaurants
H3N0n1D1W4QNuiMt-C4phw,Le Bistro Du Magasin Général Du Vieux-Boston,B0st0n,Massachusetts,4,26,Restaurants
h_y6FbNPaFbAgeMCD4bcAw,Il Postino Ristorante,Valley Stream,New York,3.5,31,Italian
v-kNNsUuVRS8w3FaDxQ90g,Xtremities,Buffalo,New York,3.5,3,Beauty & Spas
RIkiTtRMZASo7DmKd1vd5g,Milano,Manhattan,New York,4.5,48,Sandwiches
BaiTVkTdwYrQ4HLq3NRhlg,A La Saj,B0st0n,Massachusetts,2.5,3,Restaurants
bBnb8Yys7x1bBZG9doj2nQ,E-CIGARETTES,Manhattan,New York,5,7,Wholesale Stores
aTvzqD5Kot4vp3vOnDyrTw,Messini Authentic Gyros Yonge Eglinton,Manhattan,New York,3.5,84,Greek
vBACJBhKX1J1WwCvcBTjg2,New York Pearson International Airport,Buffalo,New York,3,683,#N/A
CoFx3Sak8uaiKyzIGPLV1g,Maluca Wine Bar & Restaurant,Utica,New York,3.5,7,Bars
hkZh4tAa2oJ34i8hxej6Zg,The Gabardine,Manhattan,New York,4,316,Desserts
CtubIIhmRzFB6-egzxin9A,Restaurant El Sabor de México,B0st0n,Massachusetts,4,19,Mexican
PNbiyVuxIb9ECsW5axyt1w,Energie Cardio,B0st0n,Massachusetts,4,4,Active Life
zBd5JvFWuMGlnCYLaGsXZg,Pho Trader Joe�s,The Bronx,New York,4,110,Vietnamese
CGKgDk1f-VAu0BHOivqmLQ,Prague Restaurant,Manhattan,New York,3,6,Restaurants
tLPf4JFC3AGkhmkK6MF6xg,Le Paltoquet,Northampton,Massachusetts,4.5,15,Bakeries
TvX_DivZScuFUqUigzgBFg,Vanipha Lanna Lao-Thai Restaurant,Manhattan,New York,2.5,5,Gluten-Free
91hRbV81f0lA84H9FLnt2w,Hollister,Manhattan,New York,1,4,Fashion
ZuYsZvJ5r32Fs70vPXbRgw,Celestin,Manhattan,New York,3.5,52,Breakfast & Brunch
qxHDr4IaTz6GmX28uaZhqQ,Subway,Salem,Massachusetts,3.5,3,Sandwiches
FEM_nfZVETQNGFB4qAMSLA,LA Fitness,Newark,New Jersey,4,7,Trainers
6NMmvcynJNZQisJFHTyQAg,Farhat Restaurant,Newark,New Jersey,3.5,6,Restaurants
0ouVtCeEl2weSgR1XbXTiA,Stefanie's Village,Niagara Falls,New York,2.5,5,Food
BMEGTCqaDHMqY-x6630R9Q,Angel Beauty Day Spa,Niagara Falls,New York,1,5,Day Spas
rmOZm59ahqMJlfGhNg0thw,Tasty Shawarma,The Bronx,New York,3.5,45,Middle Eastern
7sxqtPS736gtgDqs5updkg,Cinémathèque Québécoise,B0st0n,Massachusetts,4.5,5,Arts & Entertainment
bwwfhVU6WWUb7P_tcB8jow,Marché Ferdous,B0st0n,Massachusetts,4.5,8,Food
AMktMQpUKosTCP_R4c-h6Q,Charro's Restaurant,B0st0n,Massachusetts,4,5,Mexican
40o-_QAm2UTFrugmqjGMiA,Starbucks,Queens,New York,3.5,6,Coffee & Tea
nHvMGtZUa9LTJfphmm3Vh5,Marche Kim Hour,B0st0n,Massachusetts,3,5,#N/A
WjKPSimRDJpRGy0v1LHUxQ,Fionn MacCool's Irish Pub,Queens,New Jersey,3,13,Pubs
A7UeKXHcWRyIQoPB66ZOKg,Kanda Plus,Dunstable,Massachusetts,3,6,Restaurants
3tqwUw4XWf-RFEtVROZ2ZQ,Len Duckworth's Fish & Chips,Manhattan,New York,4,40,Fish & Chips
TLfBvo601IBNSkvymQnnZQ,Dominos,Manhattan,New York,1.5,8,Pizza
6E6-PZpjz98jlbOs_a3Jtg,Riverside Public House,Manhattan,New York,3,16,American (Traditional)
y8S8Ff33VKPdRNMFjrJLYA,Fiore,Manhattan,New York,3,4,Food
tX1fI1TgkvPQNYvwABea0w,Bubble Republic Tea House,Buffalo,New York,3,92,Restaurants
2WiuLnyR8UWXjYQKgKBjkg,Narula's,Buffalo,New York,3.5,15,Fast Food
S86x72S9EisGYllwpwJY2Q,Brooks Brothers,Manhattan,New York,3,5,Shopping
2zcTawwmBNh9hpayAw2bQA,Vanguard Hair Parlour & Spa,Cortland,New York,4.5,17,Hair Salons
CL1wZ2PuzUXG6PzjRZQICw,Gharoa Restaurant,East Rochester,New York,4,8,Halal
I57O9xjahLTtx22El93f4g,Arepa Market,Manhattan,New York,4,5,Latin American
migFybNekVFzbGtPWtgr8A,Belly,Manhattan,New York,4.5,3,American (New)
wk44zeYRlGyqVoY6NbR3MA,Flemingdon Park Golf Club,Cortland,New York,4.5,5,Golf
OLtAIC9rqBfIbJmKfWYlSQ,Mac And Cheese Festival - New York,Manhattan,New York,1.5,7,Festivals
jMSRYnx6X5BO2RtWG44aGA,Hazel's Diner,Brooklyn,New York,4,94,Breakfast & Brunch
gRmKf5R5sHFZ_6ujWA3HYw,Tali Shenfield and Associates,Niagara Falls,New York,5,3,Health & Medical
tUiJdFccD4DaEZOZS-IhmQ,Valdez,Manhattan,New York,3.5,178,Barbeque
a4b09m2PdOYhAA_m26Bb3w,Pizzaiolo,Manhattan,New York,3,4,Restaurants
ZUF5vMzbgFwApM0gKY1fmQ,Carmax Automotive,Newark,New Jersey,4.5,3,Auto Repair
tem5jhXrobKxmEg35OWLgA,Diva Nails,Buffalo,New York,3.5,17,Beauty & Spas
XVXDZ7I6Hk1ZSKljHtQFfA,NiaSol Anti Aging and Laser Clinic,Manhattan,New York,3.5,3,Hair Removal
uf6-dVcXDZfLn25dgxGFZw,Corbetts Ski & Snowboard,Utica,New York,3,7,Ski & Snowboard Shops
FsgF4JBv56pNpOT-2kAy8Q,Cosi Cafe,Dunstable,Massachusetts,2,4,Restaurants
WGu4NkpuGdaUo-gHRO8qxg,White House Meats,Poughkeepsie,New York,3.5,3,Delis
wAKKs12sjLML2xUHW3lLjg,Direct Locksmith,Manhattan,New York,5,4,Professional Services
Q3u6g9t_06TwkKPCo4-uIA,Prepd,Manhattan,New York,5,5,Grocery
h0L9UaFClkjW4pZ2Qq20cQ,The Friendly Thai,Manhattan,New York,2.5,8,Restaurants
oout-avVBxYCBNrqYS_EuA,Simply South,Binghamton,New York,3.5,5,Vegetarian
M5u0lDPk54RRUttenZWRXA,Northbound Leather,Manhattan,New York,4,9,Lingerie
QOl8esnvNxwIVHd9hNtL_w,Première Fondue,Fall River,Massachusetts,4,5,#N/A
CM5AZPiAHyOdnznynj00Pw,Panera Bread,Syracuse,New York,2.5,6,Sandwiches
4WBj2ob4tEle1-4AZdB5pQ,Flammkoeur et Parigot,B0st0n,Massachusetts,5,4,Restaurants
naakYi_VGjcAGE-ZTprWCA,Dunia Restaurant & Bar--Previously Ishtar,Manhattan,New York,4.5,3,Ethnic Food
f0NC4pxBYfrZ0L5xq5u6eQ,Hip Hop Nails,Newark,New Jersey,2.5,5,Nail Salons
P6JCepLy6zlq-jEsrAqkKA,India Palace,Manhattan,New York,3.5,37,Middle Eastern
eCRXH-8rDwYmAmsOhEG7ug,MODO Fruit & Tea House,Manhattan,New York,2.5,30,Food
dJO0Lg5l-B8zG64IKT9QOw,Cafe Palma,Manhattan,New York,3,4,Restaurants
5_MFdj0t8vOo0yUSsK8AgA,Paul's Jewellers,Manhattan,New York,3.5,4,Shopping
PtWCO1B_UzTTMIEoteSZYQ,Lan Sushi,Manhattan,New York,4,71,Restaurants
VStw2rq7JQKf0-faMfqoqA,The Home Depot,Buffalo,New York,1.5,9,Shopping
cXI5s70pO1t7W_nrWh3QLw,Platinum Health & Wellness,Manhattan,New York,4.5,20,Physical Therapy
kDGU1d28Jsd7U--PKKh1FA,Annex Vintage,B0st0n,Massachusetts,4,9,Shopping
B6YIrpQnwKPidH0Vlh9f9Q,AMC Syracuse 24,Syracuse,New York,3.5,7,Arts & Entertainment
Br1h42mTJPrZKILx5HUphw,Daniel's No Frills,Buffalo,New York,3.5,3,Pharmacy
tR5s0D0YRrh-fjFhb64O9w,Dunkin',Manhattan,New York,3,3,Bagels
USl08j1cxicgejktn17IVA,Ciao Roma Pizza,Ithaca,New York,4.5,41,Pizza
s6Ds2KXvfYXkucWl6li1UA,Sofi's Mexican Bar & Grill,Manhattan,New York,4,18,Mexican
EbLsUk8uKpA_vsYxffTZqA,Planète Poutine et Cie,B0st0n,Massachusetts,4,15,Poutineries
sXrx17V-AZFvVtTToDyj0A,Vegano,B0st0n,Massachusetts,5,9,Restaurants
G3k8BQcgBKI2IE52t4rMwg,Seneca College of Applied Arts & Technology,Brooklyn,New York,3,9,Colleges & Universities
LGGi_kE63pPY4l1hha_ncA,Rogues Restaurant,Buffalo,New York,4,23,Caterers
q1ZVPfzwY6mqDJBMIxjdqA,Parc des Amériques,B0st0n,Massachusetts,4,5,Parks
Ik3CEeFyMFDnqrhc30NubQ,The Mad Italian,Manhattan,New York,4.5,3,Restaurants
1hmNiljuFBO2zJXkxF9-Gg,Clore Beauty Supply,Manhattan,New York,3,8,Beauty & Spas
hjjJFekF7f3j9Ayy1KPjzg,Reba's Cafe,Manhattan,New York,4,6,Coffee & Tea
v3osd_bRM4ZBB7DT5ZIvqQ,Belair Dry Cleaners,Manhattan,New York,2.5,6,Dry Cleaning & Laundry
b0Bkd9tpoglbQsaw_NYHwA,Burger Scarsdale,Manhattan,New York,2.5,3,Burgers
Lrn68ytRi-BBW-rEaX1UeA,The Make Den,Manhattan,New York,4.5,13,Education
UpbTdzW9OoVrnbpHyxnMWg,Mandarin Restaurant - New York,Manhattan,New York,3.5,83,Restaurants
UNmIUcLcmWe383qcH2XqkA,Hwy 401 Warden Pet Hospital,Newark,New Jersey,4.5,8,Pet Services
fuBpjG-lsD94_BdpjHxbuQ,Lo Zingaro,Manhattan,New York,4,71,Italian
WgD4husYU3KNF1nOlg2MEg,Cinéma Beaubien,B0st0n,Massachusetts,5,7,Arts & Entertainment
GD9mTnCht2bog2yb0gH9Bg,Rest-O-Vieux Poele,Dunstable,Massachusetts,4.5,4,British
Bww6zo7r7rf_N6YRB3hZRQ,Amadio's Pizza,Buffalo,New York,4.5,11,Restaurants
yG2PdMFn6y3QDw4Uq4b5lg,Dazzling Cafe,Manhattan,New York,2.5,31,Food
NI-qN4OMMwd00uotl9WexA,Mideastro Restaurant,Ithaca,New York,3,14,Restaurants
69IKI4VfH1ZyJv149KcpBA,Wanna Pizza,Manhattan,New York,3.5,3,Restaurants
2lo7N8RZOCS0DDxO6LPQhw,Naniwa-Taro,Manhattan,New York,4,75,Japanese
95HYvw-Mo6cUR3QN0SjQtA,Taco Time,Manhattan,New York,2.5,5,Mexican
PNGuza2hUpD1NyzFpplNoA,Longo's,The Bronx,New York,3.5,23,Grocery
etGemAdUhKD_Lw1Gnx_Oqg,Sul Irmaos Smokehouse,Binghamton,New York,4,67,Meat Shops
7HDPnk-3T73gpfPbPY4T2w,Footbar - Golden Plaza,Niagara Falls,New York,4.5,3,Beauty & Spas
HtJPAQlsyT3iIa26TfOXlA,Bell Centre,B0st0n,Massachusetts,4,80,Stadiums & Arenas
Vlg_nesyZJfX_mpy2fslTQ,Le Marquis,B0st0n,Massachusetts,5,20,Food
8PZGCtgG5MZKvz9i3B9gCA,Eastern Twist,Manhattan,New York,4,39,Indian
nR4cRwoaqBX0HGm1merm9Q,Jay C's Deli & Bar,Brockton,Massachusetts,4,3,Sandwiches
-zuJkmIjdRahT_yHED-62g,Sushi Legend,Manhattan,New York,3.5,101,Sushi Bars
K9L3YnY1GllFbg7r5hbCQg,Starbucks,Manhattan,New York,3,12,Cafes
EWamBrnNZTl4jjChgupSwA,Carole's Cheesecake Company,Rochester,New York,2,4,Food
mAaIW-oPVBj_a2RJ-ZtevA,Bayview Village Shopping Centre,Brooklyn,New York,3,42,Shopping Centers
x0ovZng1FtWGfTG5STOBaw,Ash Guitar Repairs,Manhattan,New York,5,4,Local Services
k-3J66smBCnI30ZMwGpzAw,Eglinton Park,Manhattan,New York,4,4,Parks
9q8JSsHC5lR6Hh16W_5ggg,Salt and Pepper,Buffalo,New York,2.5,24,Indian
h0TYeluEJJuO4UFg5C9w0Q,Apollo Optical,Manhattan,New York,4.5,10,Shopping
E2nOWuZWZDJ5RvSdFZCKnw,Van-Thi Barber & Hair Styliste,Manhattan,New York,4.5,9,Beauty & Spas
MWJg4LxOm9c7VGi1KrL5Ug,Ming City Restaurant & Bar,Rochester,New York,3,17,Bars
S24zkRnTBxIbXJ1kBRXCtw,Mamma's Pizza,Manhattan,New York,2.5,6,Pizza
7ODXq--HE7QpzvWwgk5rMA,Barberian's Steak House,Manhattan,New York,4,195,Steakhouses
bCUtviPBUJORqBrfn7X-rA,Dizengoff,Manhattan,New York,4,3,Sandwiches
j1QfFrTE22PAak7rzD8OoQ,Sweet Culture,The Bronx,New York,3,25,Restaurants
293yjVaNSykoSBbzkWFIJw,Warehouse Wines & Spirits,Manhattan,New York,4,4,Beer
pDsBZIpl72vpbbw0hXdjmg,Hair Monet,The Bronx,New York,4.5,6,Beauty & Spas
ukyKtxoBC2E7CWlhp6Eamw,Dundas West Station,Manhattan,New York,3.5,5,Hotels & Travel
uUTUx_wEqvv3dl6ieE0h9g,Augusto Al Gusto,Cambridge,Massachusetts,4,16,Latin American
y3q3wVmSDeZDNqUVC84aGA,Public Library,Manhattan,New York,4,22,Public Services & Government
bM9deCdZjRimPggKuiJwaA,Taste Seduction,Manhattan,New York,5,5,Event Planning & Services
8wNXX2o81zB4eSDkVy8Jww,Touch of Spice,Buffalo,New York,2,5,Fast Food
Hg0x2GSqLGSn-zHYtCbo7g,Dutch Bros. Coffee,Manhattan,New York,3.5,14,Food
INRkSdAPW2WUjVSdEPZa8A,Papaya Restaurant,Manhattan,New York,3.5,64,Thai
aQP6ztkznsk4dqfdPxrDvQ,Coffee Culture Café & Eatery,Manhattan,New York,3.5,7,Breakfast & Brunch
d1TIVnBMOYHQ7EHAjp_CmA,Royal Chiropractic & Sports Injury Clinic,Buffalo,New York,5,3,Active Life
ae95XSsD37OQfOWF92GjNQ,Dragon Legend,The Bronx,New York,3.5,246,Chinese
pb6tVpusp8N-OHCgdZKqyQ,Gyros Place,Buffalo,New York,3.5,19,Salad
oXaF-QdokYuBukmuRYODfw,Aaroport Limousine Services,Manhattan,New York,1,3,Airport Shuttles
stfKVcGqGnFu18OPUoIj7w,Destiny Tea Cafe,Newark,New Jersey,2.5,114,Food
fLtaBiD5icGs5EkgW1uwRp,Westway Animal Clinic PC,Poughkeepsie,New York,5,5,#N/A
RFImS7uGtoi3MdgoRWkTxQ,Kitchen Stuff Plus,The Bronx,New York,3.5,4,Kitchen & Bath
oPChA0WdW_fr4XqF7noo4w,Mission45 Room Escape,Manhattan,New York,2,9,Escape Games
6kMw9V2kNvLDmabJ83Mnig,Restaurant Bar Normandin,Great Barrington,Massachusetts,3.5,3,Restaurants
F3efifhDv4lXDYfyZ8wk_Q,Equinox Fitness,Brooklyn,New York,3.5,16,Trainers
fS0P_JtKj4ApNBtCrj-V3w,To Go Foodbar,Manhattan,New York,2.5,3,Caterers
rEEwENFmJkZRBDUjslZF0Q,Kanda,B0st0n,Massachusetts,4,12,Sushi Bars
WSqXoda_PaIui0ZgTh2jwg,Provigo,B0st0n,Massachusetts,1.5,3,Grocery
1dAKYE4NOY9XqnDqgRRgIw,VIP Billiard Club,Manhattan,New York,3,23,Nightlife
lxpUnXnF7mlULhRc3qK1Lw,Brooks Brothers Flatiron Shop,Manhattan,New York,3,3,Women's Clothing
adaYhaXJR2TeU7UGZbJ6tQ,Wonton Chai Noodle,The Bronx,New York,4,10,Chinese
YUCFf9FJg1YgP9CAvl4_GQ,The Bucket Co.,Queens,New York,4,6,Mexican
Xqs8-K4tPcGw9ACMtHwCAA,Pho Basil,Levittown,New York,3.5,5,Chinese
RWDPix3KidRzHRctX-iPuQ,Sniderman Barry Dr Ophthamologist,Manhattan,New York,4,3,Doctors
EQxkMoPq_3FlClrYop58_Q,Chuck E. Cheese,Buffalo,New York,2.5,3,Restaurants
yrlC-vNCSKt5oSFF0s0VAg,A&W,B0st0n,Massachusetts,3.5,3,Fast Food
JPOsmsL_MNPYQsJaz2wq3A,McDonalds,Manhattan,New York,3,15,Burgers
A2qLFBHihB80dQWVM_im3Q,Buddha Body Yoga,Manhattan,New York,4,5,Active Life
seS1THBA6psUQQk8C_ULpw,Chinese Visa Application Service,Manhattan,New York,3,8,Embassy
ioUzNer0HpiFZ1KZ1ez4Pg,Vieux-Boston,B0st0n,Massachusetts,4.5,64,Public Services & Government
D55S2yK1sheOVQwZyCMDQg,Whelan's Gate Irish Pub,Manhattan,New York,3.5,27,Restaurants
6qdS6zB4OJ04OfrYIgm-zg,Wimpy's Diner,Niagara Falls,New York,3,15,Restaurants
9VKvKm9U_AEaH3S9JOoJFw,That 50's Diner,Lake George,New York,2.5,16,Restaurants
JI_26dfyWylC165rkHiHug,M0851,B0st0n,Massachusetts,4,8,Leather Goods
sljExIDJZbCW7ArGAibnAg,Golden Hanger Cleaners,Manhattan,New York,2,5,Local Services
mJ8mFHSCe_jXh_TLI4oFuA,FanExpo,Manhattan,New York,3,21,Arts & Entertainment
kveJjyIuE6_WZyK5wt3-pQ,The Brick,The Bronx,New York,1,3,Furniture Stores
5U3gmYVrWlzsLcitafhmiQ,Three Owls Optics,The Bronx,New York,4.5,6,Shopping
n2NRR4N-kmeDvhHJivHGkA,Gyu-Kaku Japanese BBQ,Manhattan,New York,4,73,Japanese
NGf2V2nmRk-Jf6iddhYvkA,Grreat Stuff,Manhattan,New York,4,5,Fashion
hItwtXuDThQuf0EbffKEVA,Little Bee Supermarket,Manhattan,New York,3,9,Food
zVP4d1CaqBB_LY00wEPlug,Troy Transportation Moving and Storage,Newark,New Jersey,1,3,Local Services
y4GgOCMonFP5G1eZEdbcYg,Zante Bistro,Manhattan,New York,4.5,14,Restaurants
Lij0OcvPD4LAnmklHQpDCg,Pagoda,Manhattan,New York,1.5,3,Chinese
hSZp_aa8Zjofb2mC9ZdZug,Erin Park Lexus,Buffalo,New York,2.5,8,Automotive
v89oE8PLsBAaVcRd4sdtIg,La Belle Province,B0st0n,Massachusetts,3.5,21,Restaurants
lu-C_XPURglMwqUcKtGeGg,Dunkin',Buffalo,New York,3.5,5,Food
_SCwNS3TePSb-xNuByvVlA,I.D Eyewear,Manhattan,New York,5,3,Shopping
yzzhyJJgtzxvTD8T5FNfJg,Rochester Lanes Dental Office,Manhattan,New York,2,14,Dentists
lv3h7WwuxPyJNLTeWeL5LQ,Century Palace Chinese Restaurant,The Bronx,New York,3,49,Dim Sum
xbfJV0hme7i1_Q91qi2k0Q,Dunkin',Buffalo,New York,4,4,Food
3I-D0RpnJfx9ghxvJQuaaA,Urban Thai,Manhattan,New York,2.5,46,Thai
9_Qe_prcp0UzeaMhmdq8-Q,Bus Terminal Diner,Manhattan,New York,4,74,Diners
OpYRONhMuwcWx6kcG-MrFw,Le TAZ,B0st0n,Massachusetts,4.5,7,Active Life
lJeZbZFD1WsO7o0a2j2KGw,The Distillery,Buffalo,New York,1.5,8,Airport Lounges
4088gvELLv2thcGaR2C0PQ,Hand & Stone Massage and Facial Spa,Niagara Falls,New York,3.5,10,Massage
SoiXeBUyWZQsBvjBMqkjZQ,Shine With Aeroplan,Manhattan,New York,1,7,#N/A
4crAG_eZ0BKOTuX7Z5t8Lg,Restaurant Bambou Bleu,B0st0n,Massachusetts,3,4,Restaurants
sTPdrChccIZ-37G9CNUvSQ,Fire & Ice,The Bronx,New York,3,23,Buffets
RE1iHQIDlh_unM1JO1_gjA,Scruples Salon & Spa,Lake George,New York,3,9,Day Spas
mxEXOkK-zji3VfDr1CLFAA,Pearson Hotel & Conference Centre New York Airport,Manhattan,New York,1.5,12,Hotels
lcTa0q9Wo4wNyLCIgWFRUA,La Société Boston,B0st0n,Massachusetts,4,54,Restaurants
Ch-gb1W9g1zZyuPXpSBq0g,The Whole Plate,Manhattan,New York,4,4,Restaurants
dpZ2W2aa4EY_atKAjdGjaA,Patate Marco,Haverhill,Massachusetts,4,5,Restaurants
F9wPLfV7bmi--2qzPOagHw,Golden Groceries,Binghamton,New York,3.5,3,Grocery
OC3meGoX9QDW-tlQWSTC3g,Boulangerie Premiere Moisson,B0st0n,Massachusetts,4,42,Food
mZ8QGgzg99nDoQI_JSomNg,Yoga Plus,Manhattan,New York,4,3,Yoga
nIvQF5RI57N3qC4OTV97Qg,The Cook's Place,Manhattan,New York,4,4,Home & Garden
68RJDN4urvs3i5-4EGeZBg,Caffe Demetres,Binghamton,New York,4,38,Food
aDdHj6gQXseKyjKBR2LV2m,Roux,Manhattan,New York,3.5,46,#N/A
tnmnxPV_H4fOFkDqiDnqwg,California Roll,Manhattan,New York,3.5,40,Sushi Bars
bjD06WTNeRUQk0NmIVsQTg,Homesense,Manhattan,New York,3.5,18,Shopping
AJWaIb9K33JiEzX_BRsxdQ,Coffee Culture,Syracuse,New York,2.5,5,Coffee & Tea
i3b5SJl54H1FHCQlgH5RMg,Wellesley Subway Station,Manhattan,New York,3,5,Hotels & Travel
iIQpCFxdf68Q62J1Vavmcg,WAYLA Lounge,Manhattan,New York,3.5,26,Lounges
HJSDWSAcyOfP0LgH5CEUuQ,Little Sheep Mongolian Hot Pot,Buffalo,New York,3,64,Mongolian
DNZpkY2N9KrR0fHvRwDx0Q,Loblaws Supermarkets,Manhattan,New York,3,13,Food
jyMtOxQ_fT2vMGmjFSxPLg,Daou,Fall River,Massachusetts,4,17,Lebanese
aNNOpMame_VEIIZUQ8m5HQ,Pandora,Manhattan,New York,2,7,Jewelry
_pPwJtNAos0Irk987FYNpg,Starbucks,Manhattan,New York,5,3,Coffee & Tea
HJ928N6c5Hh2KD3lYCuabA,Spring Rolls,Brooklyn,New York,2.5,54,Chinese
zk1kT-gDqOi_-G_JqL-ZCQ,Pinky's Nails,Manhattan,New York,3.5,6,Nail Salons
Q5Oz88YgpizNA9ny7No-jg,Plougastel,B0st0n,Massachusetts,3,8,Cafes
ekP5DT-9piDf57_yHEEyjg,Dog Park at Allen Gardens,Manhattan,New York,3,14,Parks
1FcCSZMgnEamOaVNzz-bRA,Tucana Coffee,Manhattan,New York,4.5,15,Coffee & Tea
VBCR0KKjFfzfcvV36KnkhA,Restaurant Amir,Cambridge,Massachusetts,4,4,Restaurants
AipRYo2T9Av3Tr0pVV_adA,Kaze Japanese Cuisine,The Bronx,New York,2.5,5,Japanese
IEqq2MDcOECKgdDO8oeL0g,Cafe Bistro Serafim,B0st0n,Massachusetts,3,16,Delis
1zzzuXq0ov-x0aogiqHl-A,Thai Room Liberty Village,Manhattan,New York,3,53,Thai
BhkTREWwgvOCWOM9TSldkw,L'Assommoir Bernard,B0st0n,Massachusetts,3.5,25,Restaurants
VWdo62ng_g2-m_Xz2U4QEg,Lick's Burger & Ice Cream Shops,Utica,New York,4,3,Hot Dogs
DakyuuCkW69BlcDyf8yKKA,Harvey's Restaurants,Ithaca,New York,3,5,Burgers
gVjRgRdg7I9qj7TUPa8IBg,Eyesore Cinema,Manhattan,New York,5,6,Shopping
wRKYLXr9z--kt96ELXzv1Q,Whitlock's Restaurant,Manhattan,New York,2,74,Restaurants
xBE3yJRm9BZm08cErcmSjg,Nobis,Manhattan,New York,2,3,Children's Clothing
1Lei3h8xpwqX4-PzP41QbQ,Jang Su Chon,Manhattan,New York,4,34,Restaurants
Aol8whdcT7BfnhUCnfa1lw,Étoile des Indes,B0st0n,Massachusetts,3.5,13,Middle Eastern
Dvhg57y-SOcKty6WTG1XDw,Boil Scarsdale,Manhattan,New York,4,18,Restaurants
pwJ02k23oZcu3JFMx43uMA,SAQ Depot,B0st0n,Massachusetts,4,4,Food
TbYyuc2o1yL2XrNO6y1uFg,Spynga,Manhattan,New York,4,15,Active Life
GlKEm1HSox2sQeOjcvXrYw,Caldense & Bakery,Manhattan,New York,3,12,Desserts
DaV0q625tXdGcOK_SwPcMQ,Baskin-Robbins Ice Cream,Manhattan,New York,3,5,Ice Cream & Frozen Yogurt
MHgCSMjjLBa11ul2as6dpw,Restaurant Ban Lao Thai,Fall River,Massachusetts,4,9,Thai
LuiZFE9B-XRAkpAOIkIUcw,The Roost Cafe,Albany,New York,4.5,5,Restaurants
OF7N1TA8YEFsD1es84bIWw,Unicorn Pub,Manhattan,New York,3,28,Nightlife
3BJhHBe9xEKe8jaIDd8SWg,Tibet Cafe,Manhattan,New York,3.5,27,Indian
zfQ855VX3SMA_54oVSN5Cw,Fresco's Fish & Chips,Manhattan,New York,4.5,276,Sandwiches
CodoVn98WzIP2_NC18NuCw,Chez ma Grosse Truie Chérie,B0st0n,Massachusetts,3.5,27,Brasseries
dhJwB6jiVEI64K4EDX1x9w,Gaia Natural Foods,Manhattan,New York,4.5,7,Specialty Food
vqgfQqPiLw6ghdVgpZ_vJQ,Hard Rock Cafe,Manhattan,New York,3,175,Restaurants
_K03oh0gftzge5y-dku-6A,La Forchetta,Manhattan,New York,3.5,37,Restaurants
rRRrEU2LxIHwTX30e0pTPw,Restaurant & Bar Reddafire Caribbean,Buffalo,New York,3,3,Caribbean
j2Qxx9QSeqpmTOzLAE1nWA,Nails For You,Manhattan,New York,1.5,3,Nail Salons
NATbalgERknI-rxbGpp48Q,Sushi KOKO Asian Fusion,Buffalo,New York,2.5,5,Japanese
NtKHw_35sW7Jf00Hk6T2_g,Equinox Fitness,The Bronx,New York,3.5,14,Fitness & Instruction
jyTz3kid7Xr_V0bj9vxTKA,Kagopa,B0st0n,Massachusetts,3.5,10,Restaurants
wKIaa11E5vG9eQaf5BsxiA,Paul Pecorella Hair Salon,Manhattan,New York,3.5,23,Beauty & Spas
Ielwatc9VDHFwSAgiK51ww,Toong,Manhattan,New York,3,4,Restaurants
V3m19HPzIm9tlxOgNLgSjQ,Big Country Raw,Albany,New York,4.5,3,Pets
F--QF4nHuKzXu4XaCA_Adw,Clancy's Boxing Academy,Manhattan,New York,5,4,Weight Loss Centers
m5sx5qMFE4WX0wG7ZFC0ww,Krispy Roll,Newark,New Jersey,3.5,8,Restaurants
nT5T5C5kqtc1pQrFG9s1QA,Summerhill Market,Manhattan,New York,4,32,Grocery
bQDuSAiFW-D7zF9LsEvdnQ,Rumi,Northampton,Massachusetts,3.5,35,Restaurants
1-Z6tVozu4v1JHzlg8x4kA,Starbucks,Manhattan,New York,2.5,5,Coffee & Tea
zSpQmEBvRe3IhTUlMSA6HQ,Totum Life Science,Manhattan,New York,4,20,Physical Therapy
LyEuLicEKMvJjcZdG2qABg,McDonalds,Niagara Falls,New York,3,4,Restaurants
6q3D1RTChNltJviipr1CPA,Amanda-Lina's Sposa Boutique,Oneonta,New York,3.5,6,Women's Clothing
q1IxHtEyuYLk7hNnMPOm6g,Eastern Oriental,The Bronx,New York,4.5,3,Chinese
mSG_agoOD0bk8jnBVF_ZNg,Pita Way,Manhattan,New York,3.5,22,Restaurants
9zgdEmhxphl2faO2imdX5A,Extreme Pita,Utica,New York,1.5,3,Caterers
GOsj1Zh2Gn2o7yaN7P3ODg,J&S Cleaners,The Bronx,New York,4.5,11,Laundry Services
RNvVqnX-BLyT4Oe6FIyeJQ,Soma Chocolatemaker,Manhattan,New York,4.5,144,Chocolatiers & Shops
6cvNr13BFVqbVTUG6IJDwA,Coco Frutti,Somerville,Massachusetts,4,4,French
adFNDERYHRP_Fjq9ipUXqA,China China Express,Brooklyn,New York,2.5,7,Ethnic Food
dSiuYoiNA99khqlffQ6v0w,Columbia Library,Manhattan,New York,3.5,4,Libraries
CGliHrLYH8ABT3k19kLF3w,Les aliments Picado,B0st0n,Massachusetts,4.5,3,Food
qqTk5WwL0j5oWFyIJkTX3A,Sports Medicine Specialists,Manhattan,New York,1.5,3,Doctors
e8SR4mpArocZ-eLfF2zwnQ,Enzo's Barber Shop,Manhattan,New York,4,4,Barbers
L6L8bVljBvWYckGRA3Y7tA,A&W,B0st0n,Massachusetts,3.5,3,Restaurants
6w2xJV48kqn8Dd9W82Q76w,Coyote Jacks,Buffalo,New York,2.5,4,Restaurants
3QYC-r_bhbWcOIF0Ma6rIg,O Petit Restaurant,Haverhill,Massachusetts,3.5,3,Breakfast & Brunch
1qMSs7kLArbQcRVhzD7rqQ,Hoopdriver Bicycles,Manhattan,New York,4,16,Bikes
fRs2rRKEXJGFzD6b3jpXuF,Marinellas Italian Restaurant,Manhattan,New York,4.5,95,#N/A
W-Gnbvi5cO4__3Veui_nXw,b.good,Utica,New York,4,6,Burgers
zlF2RzJYTgZRbzFbhe3zTA,India 360,Levittown,New York,2.5,14,Indian
CbEwAzoiIyGG7IQUN5MaaQ,DAVIDsTEA,Manhattan,New York,4.5,16,Tea Rooms
x-rH2SiM2V-BFVDwW2yxpg,Zen Spa,The Bronx,New York,3.5,3,Day Spas
KCeOqIa9Gqp4kTW9UNA-rQ,Target,Haverhill,Massachusetts,3.5,5,Shopping
HOGdBz2w9VZbw2yyM-WA3g,The Mugshot Tavern,Manhattan,New York,4,69,Bars
IHCaTeKF5-qul1V8IZ834g,Artisano Bakery,Poughkeepsie,New York,3.5,54,Restaurants
gyEgPHQIcg5BepU0o6i0OQ,Cajun Bajan Cafe,Newark,New Jersey,4,3,Restaurants
H-TEXVBXoNLFw2lp9gA2zA,Sushi On Roncy,Manhattan,New York,3,37,Sushi Bars
0BJK4_RQnNiiXJcYPEgG3w,Mt Everest Restaurant,Manhattan,New York,4,65,Himalayan/Nepalese
GJNU3jP7lSpkEHttF_32UA,La Miche Dorée,B0st0n,Massachusetts,4.5,5,Restaurants
vsi_PMRgyFy4_vVfQErtCA,Pearl Court Restaurant,Manhattan,New York,3,62,Dim Sum
SaR_j1ev_d55IBzORph_lQ,LASIK MD,Boston,Massachusetts,3.5,7,Laser Eye Surgery/Lasik
5ynZ0MPIgL7ynksyGpoHqw,Shakers Smokehouse,Utica,New York,5,4,American (Traditional)
uP3H5bcsiTXM0k0xQhRndg,Le Robin Square,B0st0n,Massachusetts,4.5,359,Canadian (New)
gMi3cD00h-kUs_qlNWesqg,Sapa,B0st0n,Massachusetts,4.5,5,Bubble Tea
miAqpBAJQYJsTueEvl4z0w,Amaro Pizza,Manhattan,New York,3,10,Pizza
cpt_iiOGI0Vts_9wIY42wQ,Limelite Cafe,Ithaca,New York,5,15,Nightlife
UNRkCTvBprmw7dE7q-Ae_Q,Amigo Steak & Seafood House,Manhattan,New York,2,6,Restaurants
xgr19jovTgL0bCb4HWLfvQ,Les Douceurs Du Marché,B0st0n,Massachusetts,4.5,6,Specialty Food
I2PcVvcEso_zaMAC5NsoAQ,Super Marche Sakaris,B0st0n,Massachusetts,4,4,Food
WbS58nfQQZaxWk1BUPBuJQ,The Poke Box,Manhattan,New York,4,67,Restaurants
fojiPcgWlM-FJTxZlz4Idg,Mandarin Restaurant - Brooklyn,Brooklyn,New York,3,21,Ethnic Food
wPU74hyOBt0qS8Mw7XOo6A,Il Vagabondo,Manhattan,New York,1.5,3,Italian
2DR272SEywpXSfFgofKQSg,Costco,Manhattan,New York,3.5,3,Wholesale Stores
L38gPrqPa4alEwnxoLUdAQ,Constantinople Bakery & Coffee,Manhattan,New York,4,23,Bakeries
L8ZtbXx3y89_F0Zc6BXn_g,California Sandwiches,Buffalo,New York,3,14,Restaurants
V3iwQve3TUPc5CA7LLVDSQ,Ellen's Place,Buffalo,New York,3,11,Filipino
jyNNcd2H4sxrH9xqiPWS-g,B&Y Marché Urbain,B0st0n,Massachusetts,2,4,Food
cM-ubwMATq78w2PH2bbQJg,RW & Company,Manhattan,New York,4.5,7,Fashion
6GlJ5Tbhht43pXIRx7ygtw,Alex Rei Dos Leitoes,Manhattan,New York,4.5,13,Delis
3dY5ljdznVZPZun37v2PWQ,Starbucks,Manhattan,New York,3,8,Coffee & Tea
BditvaSc9AZINHxY1IW_GQ,Chocolate Alphabet & Casa del Gelato,Utica,New York,4,14,Coffee & Tea
Lazgf3I9gFCJ-6BWWeyjbQ,Lip Lab by Bite,Manhattan,New York,4.5,10,Shopping
U9V6elRUm4N8VkL8luthlg,Societé des arts technologiques,B0st0n,Massachusetts,4,6,Art Galleries
qcY0PZc17ulyuaDfx0Kmyg,La Petite Saigonnaise,Haverhill,Massachusetts,4,10,Restaurants
gekjbUdEiwaQWFRqT4WvcY,J Pizza Plus,Manhattan,New York,1.5,3,#N/A
5StufJYKgIYtYt60rZ6vIw,De La Crepe,Buffalo,New York,2.5,11,Creperies
HLD7DcAZGuLZewPHr1r6Ww,Brown Sugar Bakery & Deli,Manhattan,New York,2,9,Bakeries
TJqDGOz2k0DiDHFkzpnKqw,Fruiterie Mile-End,B0st0n,Massachusetts,4.5,6,Specialty Food
3AWtQN1iX9n9DjRfvxMEWw,Duck & Chicken,The Bronx,New York,4,11,Korean
mFhZWgCJWFv9e7-X0TN0hg,Laura Secord,Manhattan,New York,2.5,6,Food
jmBOUsp9-sivot6273ncJw,Viktoria Professional Movers,Poughkeepsie,New York,3,4,Local Services
6HjDDG6sVISBMX_SFksPmQ,The Good Geisha,Manhattan,New York,5,3,Tattoo
85Q-pyjmbnUn7f5OJTe6kg,Blossom Pure Organic,Manhattan,New York,4,6,Halal
CMpJjRRalMqXXuIAxXkXqQ,DAVIDsTEA,Elmira,New York,4,10,Coffee & Tea
N4VPkAMdjKf3rLG7MyE6tQ,MIO Japanese and Thai Fusion,Manhattan,New York,3.5,12,Japanese
3VMC_lqPyi6lZI1r7v2W9g,Heelstop Quality Shoe Repair,Niagara Falls,New York,1,5,Shoe Repair
2BUukeF-Lio_deaA_GEAow,Ann's Grove Restaurant,Binghamton,New York,4.5,3,Canadian (New)
m4d2j487Y0DYgPs6nNGw_A,Ladybug Florist In the Village,Manhattan,New York,4.5,50,Shopping
a8pmtlVKf7NiSLI-4KejIw,El Catrin Destileria,Manhattan,New York,3.5,570,Mexican
PUWPFKvwLNwPmJOgJkDUMQ,Chambre à Part,B0st0n,Massachusetts,4.5,23,Restaurants
N6ZA-OlmjBKOX77PSgenTg,Bureau en Gros,B0st0n,Massachusetts,2.5,6,Shopping
ifbWg2hOdfxbpVAPOcbzQw,Chicago Bakery and Deli,Manhattan,New York,2.5,3,Food
E9XsqsJhl9QGJHQWSU0auQ,Play It Again Sports,Newark,New Jersey,4,3,Shopping
52R7FGPqbuV6FIV2BDYPTA,Niche Coffee and Tea,Manhattan,New York,3.5,103,Coffee & Tea
Chgj7xcjgzexBZNGATfuyQ,Jugo Juice,Manhattan,New York,4.5,4,Food
kgDGINJY43plL7VtPiC6Sw,Eggstyle Dix30,Haverhill,Massachusetts,3,3,Restaurants
B6vHusM7feHC5crTngvrQg,Gerts,B0st0n,Massachusetts,4,4,Nightlife
I5tXvU7xf4Og26RIXdclTw,Topcuts,Manhattan,New York,2.5,12,#N/A
yEZn1XpLsEC9uBa-X4xAZw,Vua,B0st0n,Massachusetts,4,87,Sandwiches
W10Cmy5n1N9qTznWu-Ayhw,Parade,Manhattan,New York,2.5,4,Fashion
WJNdfO71bKVk58AYRqWCng,Citrus Medical Centre Lakeshore,Manhattan,New York,2.5,3,Health & Medical
rIgDuyZVLTyAue8cx1mnoA,That Dog Next Door,Manhattan,New York,3.5,5,Pet Services
zrQYQHawhaolF7muiU6Ckw,Victoria's Secret,Manhattan,New York,3,19,Shopping
WxFlZz0b31IrRpwzAeQ_TQ,May,Manhattan,New York,4,4,Nightlife
HMffHj7qeJkPkWaffbjpsQ,Maison Bramble House,Pittsfield,Massachusetts,4,4,Food
x7GF5yD91gT2z6jjQxjPwj,Your Choice Nails,Newark,New Jersey,1,3,#N/A
vYzQCkvySvF1S14G-2irHA,Lenscrafter,B0st0n,Massachusetts,4,4,Optometrists
A014v-_dW6y0rGRxnHvZHA,LifeLabs,Manhattan,New York,3,3,Medical Centers
uQAOzrCWQESK_XzgYwOM-g,Coconut Breeze,Binghamton,New York,4.5,7,Restaurants
2MpSWir6lVaTmJHtLCyP7g,St-Viateur Bagel,B0st0n,Massachusetts,4.5,318,Bagels
LWI8ULsw0X1FpInux4Tg5Q,Martino's Pizza,Manhattan,New York,4,21,Pizza
6yrZA98dlYpoSRMjMOTTuw,Patrick's Pub,B0st0n,Massachusetts,4,10,Irish Pub
UadX71pjUtIDHaR61qTx3w,Tandoor et Grille,Framingham,Massachusetts,3.5,7,Restaurants
Ip4TijayiIXPeytLlF-5tQ,Fresh Collective,Manhattan,New York,4.5,3,Jewelry
wOqglJjthfVmD5M2Pwtjgg,Chuck E. Cheese,Newark,New Jersey,3.5,21,Pizza
7dkOpcO945fKjsDoyhf5Aw,Galaxie Diner,Oneonta,New York,3.5,21,American (Traditional)
JHHrawwhBkphooa980Cp1A,Optical Eyeworks,Niagara Falls,New York,5,10,Shopping
yrzvJNRMnB7WfT8hdAhrKQ,PATH Underground,Manhattan,New York,3,19,Shopping
2iYGfGTI2Bm56rUaJfpZug,Starbucks,Manhattan,New York,3.5,8,Food
VbmvagpfBfgvjOJb65BWVA,Bicerin Espresso Bar,Manhattan,New York,4,69,Coffee & Tea
AAT3ZzfzTxZR5-3FHR8EaA,Valley Stream Appliance,The Bronx,New York,5,4,Shopping
0MUXAy_zbclghJe6FieH3w,The Maze Hair Salon,Manhattan,New York,4.5,7,Nail Salons
lDyjEwqMqBDd5NhVg0RBOg,Marshalls,Oneonta,New York,2.5,5,Shopping
JPgBO-7imIPdc2XBkvynpQ,Eat My Martini,Manhattan,New York,3,55,Lounges
trZTdJ3O7-Y_uEotxG5srA,Stollery's,Manhattan,New York,2,17,Women's Clothing
POkNk-y-sS2Od39kP5NN5Q,Chipotle Mexican Grill,Manhattan,New York,3.5,17,Fast Food
GL7tuUyuCPsz1L0L81MpUA,La Maison de Kum Mon Restaurant,B0st0n,Massachusetts,4,11,Restaurants
CanfdSFEs_o_h9SBvxyXlg,Duck,Manhattan,New York,3.5,27,Chinese
9WTU-yZe09XKG8FVf59zUw,Pat's No Frills,Manhattan,New York,2.5,13,Grocery
IiyxB6Zya0o21NB4Qe-UOw,Dunkin',Buffalo,New York,4,6,Food
AYLxEeVq8NKG2UhcBiggrA,850 Degrees,Poughkeepsie,New York,4.5,107,Italian
H_YBTOS23PRhrjWtP7TeJw,Marigold Indian Bistro,Manhattan,New York,3.5,53,Pakistani
cDbVmZqaTDgnV6qLnh7JLg,Boomer,Manhattan,New York,4,4,Shopping
3Pwc4mY10K5xaZGr2p9iAQ,Restaurant Du College,Fall River,Massachusetts,3.5,6,Italian
M4aYULZRHDTJVbgcYlFtCw,Tony & Jim's Place,Binghamton,New York,4,17,Chicken Wings
S4SkDLnT_pcq1Dx1QC_rZw,Restaurant Casa Napoli,B0st0n,Massachusetts,4,9,Restaurants
pwGZCWUZNq8AEVLhoirwkA,Zefyros,B0st0n,Massachusetts,5,5,Greek
FsoIzqRmQc7GmQ4VKaKKdw,New Residence Hall,B0st0n,Massachusetts,3,5,Hotels
lRYwL6uv-vheg4aijp48IA,Amico Chef,Manhattan,New York,5,5,Event Planning & Services
lj2wj3ioPYZbU0j65DifOg,Super 7 Restaurant,Newark,New Jersey,2.5,3,Restaurants
PjcQ87drS7dpx6VvncHibg,Phi Centre,B0st0n,Massachusetts,4.5,8,Arts & Entertainment
UPIsMr57W8SjzCYQezr-dw,Miraj Hammam Spa by Caudalie,Manhattan,New York,4,30,Beauty & Spas
VmHGm_FNSZBjnolJ9f7Svg,Tartares du Marché 27 Express,B0st0n,Massachusetts,4.5,10,Thai
uefyQpfULfkK4_sDzoxUlA,The Kandi Apple Shoppe,Manhattan,New York,2.5,3,Beauty & Spas
takLe9lgVBfsKrqpSZYUbQ,EQ3 Haverhill,Haverhill,Massachusetts,2,3,Furniture Stores
FwWqhdCuAlx6nhISHAZMDA,Lunetterie New Look,B0st0n,Massachusetts,2.5,3,Eyewear & Opticians
s9Xme3zGwJtId5_6YonmhA,Amber European Restaurant,Manhattan,New York,4,21,Restaurants
jKN4-aY6DEeAXNeL6CNLJQ,Tchang Kiang par le Yangtze,B0st0n,Massachusetts,3.5,11,Restaurants
p3t8Dn-bD9ZbvVR0awQqRg,Le Gym SGW Campus,B0st0n,Massachusetts,4,6,Fitness & Instruction
Jqq2XanLzqc3T8GS8Eo1EA,Tah Deeg Restaurant,Manhattan,New York,3.5,26,Restaurants
OdjINFB2qGR57eWw2nwCsQ,Jellyfish Crudo + Charbon,B0st0n,Massachusetts,4,26,Restaurants
4KPp6fLU8WJHJ63bxSb3Ww,Country Style Hungarian Restaurant,Manhattan,New York,3.5,79,Japanese
YMHzr9_Fx44Pn9cct3wRpg,Second Time Around Tire Sales,Newark,New Jersey,3,5,Automotive
-4bIyqszGIEgqcDkhN5CuQ,Cordonnerie Jiji,B0st0n,Massachusetts,2,4,Local Services
Xm47S3hG0U351SKud2A0mw,Vasco Cigars,B0st0n,Massachusetts,3.5,5,Tobacco Shops
MfKi7boKOuLMZRAdT3m6WA,Sklar Peppler,Huntington,New York,3.5,4,Furniture Stores
eAf1fi8wlDt433b6ITQtlw,Orange Julep,B0st0n,Massachusetts,4,146,Ice Cream & Frozen Yogurt
9mgMlmacJMnxlRw6eBtWSQ,The Bronx Fair Grounds,The Bronx,New York,3,7,Event Planning & Services
jNPXarCodVqCdveyGkkOxw,Comfort Inn,Brooklyn,New York,2.5,3,Hotels
G-KdRTjFVFUci3wX1GHfZQ,Muddy Paws In the Guild,Newark,New Jersey,4.5,4,Pet Stores
fh8a_k9oslEDSHbmJLzUrQ,Kekou Gelato,Manhattan,New York,4.5,228,Food
dYEAwLmNN44D89xN0p5QQw,Smitty's Family Restaurant,Utica,New York,2,5,Restaurants
rpAvrsZ3oiwZTnlJvwmOcA,Tip and Toe Nails,Lake George,New York,2.5,6,Beauty & Spas
J8ehGrOQvdUr_CS73uxfGw,Wikki Hut,Manhattan,New York,4.5,7,Chinese
YnY6aTIgIIgqlZBXWg73lA,Yoshiko Sushi,Ithaca,New York,3.5,18,Restaurants
NUtwdgL6i4hAIHhWsJB_eQ,Top Nail Spa,Manhattan,New York,3.5,18,Nail Salons
VJ84gb0cgBiPMI7m4TvkcQ,New Falafel Garden Restaurant,Binghamton,New York,3.5,22,Mediterranean
QbezpPQVADzR58m5Ngy2NQ,The Olde Stone Cottage Pub & Patio,Newark,New Jersey,4,37,Restaurants
94k8iO4JG7FygMr5gm470g,Moretti's Hair Centre,Poughkeepsie,New York,4,4,Hair Salons
g7ihFxbKjtxYGQGF31xcSQ,Salon Vivace,Manhattan,New York,5,4,Beauty & Spas
Ck6zHE15TuWTaNJ2YNawZA,CoolN2,The Bronx,New York,3.5,74,Food
eIO1Gj0MX29aQXTIEdCpqA,Jiu Xiang Yuan,B0st0n,Massachusetts,4,10,Chinese
i-ulGTifwm7rJLjRrVCX_Q,Proactive Pelvic Health Centre,Manhattan,New York,5,3,Counseling & Mental Health
m9I_bnvcXpNrwAx6oViZng,Wakame Sushi,Manhattan,New York,3,78,Sushi Bars
x-4YTxRXrNaW6Rua2j-7wA,Punjab Palace,Boston,Massachusetts,4,53,Indian
CqYVipvRibAPP4yDIHzvXA,Longo's,Brooklyn,New York,4,14,Fruits & Veggies
QmJCAjen_OK_wU53XmMosg,Orange Julius,Manhattan,New York,3,12,Food
YtI1muig-L0f8Rs7Zel2Qg,MeepleMart,Manhattan,New York,4,21,Toy Stores
y-Mcjns5gNplXGvMVmTgOw,The Home Depot,B0st0n,Massachusetts,3,4,Fashion
LO3SQIsi1WsM23JYgIgqhA,Chuck's Chicken Plus,Cortland,New York,4.5,22,Restaurants
EwhbnGLas36aYukeolz-Ug,Gibson Salon Spa,B0st0n,Massachusetts,3,5,Hair Salons
V0d465vIa5ZQvsbq1rlLkw,Shepherd's Crook,Plattsburgh,New York,3,6,Restaurants
PDdrS2b9TcE5jVDCFWtxLQ,Bellissimo Law Group,Manhattan,New York,2,4,Professional Services
Tu0lTy5-vSTgo4glJFDMBw,Bloor Dufferin Dental Centre,Manhattan,New York,5,4,Cosmetic Dentists
nlHyVFkcPLDkjswfwlzHew,Food Basics,Manhattan,New York,2.5,9,Grocery
pMz7lys_36xZnlwBKOZKWQ,Seasons at The Prince,Manhattan,New York,3,10,American (Traditional)
Mk7GmW4TQnDrBA8jJ08rWw,Chasse Galerie,B0st0n,Massachusetts,4.5,6,Canadian (New)
koz0NlXSCyskWmaO4UGlug,One Yonge Dental Office,Manhattan,New York,4.5,7,Dentists
N8EoboHbCd5n9lwMQUDdPA,Complexe de Santé Reine Elizabeth,B0st0n,Massachusetts,2.5,3,Health & Medical
ZLdG0mEkAYeJisXjqkb--w,Burger King - Hwy 27 & Langstaff,Ithaca,New York,2.5,9,Burgers
l1HpKfHq50qi1DRbVDJZSw,Chocolada,Elmira,New York,4,47,Bakeries
ZWtkJlM4Ixvg6McG2M3JnA,Ye Olde Orchard,B0st0n,Massachusetts,4,40,Pubs
WEQGJfBSs0DwDB7dleBDvA,BMV Express,Manhattan,New York,4,7,Bookstores
ofmRryAjoYgyd5jfhVSPFg,Altérations Mike,B0st0n,Massachusetts,4,9,Men's Clothing
5TGK1v7tyRSGskYNmLIDvw,Trade Secrets - Lake George Smartcentre,Lake George,New York,4.5,3,Hair Salons
0CYp-9EZ-dX1nD3jImVJ-Q,Roy Foss Oneonta,Oneonta,New York,2,4,Auto Repair
ytPXTg6Q5wWfoFMk6xrbKA,Sunset Grill,Manhattan,New York,3.5,13,Restaurants
VDWCyH0riGRx6xIbngeJdw,Tasco Appliances Lake George,Lake George,New York,4,3,Shopping
qEneEkjgJp8pLty7dIy_YA,Hank's,Manhattan,New York,3.5,132,Food
YiU5Z5i35kk1KcsmJdA-Vg,Regal d'Asie,B0st0n,Massachusetts,4,8,Thai
JYzzraHxJZy5atvx2hW0Uw,The Rail Coal Fire Bistro,Wellesley,Massachusetts,4.5,8,Burgers
5o3qLG3Hp8SCN2x2N5AJvE,Sora Ethiopian Restaurant,Manhattan,New York,4.5,4,#N/A
vT2xTEIk9u6t6a8_N2YU7Q,Cam's Place,Manhattan,New York,4,17,Restaurants
AmJ035SI2WP3rkuIYmxhbQ,Dragon Lady Comics & Paper Nostalgia,Manhattan,New York,4,5,Shopping
3gx5DQhVrXLFAlkEliTYfw,Raa Izakaya Sushi and Sake Bar,Manhattan,New York,3,20,Japanese
8557T2TqpdnKyOLxCi4hGA,The Home Depot,Newark,New Jersey,3,7,Tires
2jqdCiacj2eLTG4J4sEkdg,Maison Du Ravioli (La Casa),B0st0n,Massachusetts,5,5,Caterers
HmqIwsWIiuCFz1SYhGD6kQ,Pharma Plus,Brooklyn,New York,3,4,Drugstores
mqlZSZ34ff6pJxn3dpTwAw,Doner Scarsdale,Manhattan,New York,4.5,32,Food
MAu-MslTY63t9LDV0Pe8UA,Ichiban Sushi House,Manhattan,New York,3,21,Japanese
CUGswyxGdkcd4IE1oHc80A,Bar Vespa,Manhattan,New York,3,73,Bars
OCes5zxvxRd_bE_ZfyZuJw,Pho Dau Bo Restaurant,Buffalo,New York,3.5,27,Restaurants
jsqhG0WJ8xgpxcAAWQccNg,Sésame,Boston,Massachusetts,3.5,39,Asian Fusion
95G3JRm90jfYeRQSmXQjSg,St Lawrence Park,Buffalo,New York,4.5,3,Active Life
ozOrIea0_o1u57qIo1OEjg,Andy Poolhall,Manhattan,New York,3,27,Dance Clubs
Sk_goTnoF47baNHScn3LRA,Brooklyn City Centre Food Court,Manhattan,New York,2.5,7,Restaurants
W7clm6AhCGhLq3mVoAy_PQ,Les îles en ville,B0st0n,Massachusetts,3.5,5,Canadian (New)
XC23vvqHdCJqev-bmeh2HQ,Petit Nuage,Manhattan,New York,4.5,50,Desserts
GANjCahfgHT5dIvD0mJDiQ,North End Burgers,Syracuse,New York,4,22,Restaurants
9-XNN_SKjFsq5T3HAS6Epg,Nutmeg Bakeshop,Queens,New York,4,9,Bakeries
Kbm27HFhtj1Twkq01yOlmQ,Taste of Greek Cuisine,Manhattan,New York,3,6,Greek
MF87Eq14oOy9An_bEXWDdg,Chef sur Appel,B0st0n,Massachusetts,3.5,3,Fast Food
FFy9dIwiajcxA3gaDn6AeA,Brasserie Central,Fitchburg,Massachusetts,3.5,30,Restaurants
zZvkpJI39uhG1Pn4DbQkfg,Amy's Fish & Chips,Niagara Falls,New York,4.5,36,American (Traditional)
i0owVorB-Z-zkfrupo2ZCg,NYC Service,Buffalo,New York,3,4,Public Services & Government
A-ToCCe7d2lWM2uXGVMO7g,Burrito Shop,B0st0n,Massachusetts,3,50,Ethnic Food
mE2qxXy7LG7smsOsCngxvw,Notman House,B0st0n,Massachusetts,4.5,4,Shared Office Spaces
QsRGxVEuNKxCOOppKJFfrA,Ben & Jerry's,B0st0n,Massachusetts,4.5,3,Ice Cream & Frozen Yogurt
FtJ9CAJYU2WMxWBgQmExJw,Five Iron Golf,Buffalo,New York,3,14,Wigs
FCkHMq3WNLcOEe_Sojvi1g,Dealathons,Manhattan,New York,1.5,10,Shopping
u9l2rJwQIPhDy_dZMUntNA,Tan 7,Niagara Falls,New York,3,6,Tanning
mJ1EsPy3L6QnENhnyMMNBw,Motel du Fleuve,Haverhill,Massachusetts,3.5,3,Real Estate
5Eq-hllRQnae4OY6sAzNOQ,Little Caesar Pizza,Niagara Falls,New York,2.5,6,Restaurants
b2kwL-zYsF_nA4oITqUXMQ,StorageMart,Rochester,New York,4,3,Self Storage
NyRW4zMOvTBXo_RBUboOtg,Thai Bowl,Manhattan,New York,2,5,Restaurants
1U8R8oSuySP_y6bLvhH38w,Parc Aquatique Mont Plymouth,Plymouth,Massachusetts,4,4,Ski Schools
koG71TmLenoxy8IBV580qanA,Blvd44,B0st0n,Massachusetts,2.5,12,#N/A
8OAQRZr2D2uwYd50DOflcg,Club Unity,B0st0n,Massachusetts,4,20,Music Venues
tMzxYl_H6yigMNZPp2yuKg,Seven Grams,Manhattan,New York,4,69,Coffee & Tea
hDmR5xtXHeUob3u2WM_1GA,The Home Depot,The Bronx,New York,2,6,Fashion
IuMFYB5He032lURqn5nL_Q,Canuck Sports Stuff New York,Newark,New Jersey,5,4,Shopping
4ERGj6u-KhvC1xTW9GuD7w,Moog Audio,B0st0n,Massachusetts,2.5,6,Musical Instruments & Teachers
heYREvcL8I8Zkj3QWk3ZyA,Auto-Links,Newark,New Jersey,5,24,Automotive
GU2zUNDbnn_u46Gz4-qi9A,GRK Fresh Greek,Manhattan,New York,2.5,12,Mediterranean
OtAVXleSatkQeZn9Twg4Aw,00 Gelato,Manhattan,New York,4.5,43,Desserts
6dDnt6QlHbUFxYGWtLo_zg,Walker's Fish Market,Buffalo,New York,3.5,9,Nightlife
bq-A776qKj_jNdajGET4mQ,Dunkin',Newark,New Jersey,4.5,3,Restaurants
wZP0LtxhQspa-VNMz8zuAg,Hair Ways Vip Salon,The Bronx,New York,2,5,Hair Salons
66m_zCy5JIDijS9F5OLC2A,gravitypope,Manhattan,New York,3.5,12,Shoe Stores
8852eKVC4PaatrozmDjQYw,Alex Ritza Chiropractic,Manhattan,New York,5,3,Acupuncture
zWBx1yK3R0JLtP22KSDo1Q,City RMT,Manhattan,New York,5,6,Massage
Yxdx_xaYUb5mWXlIbwf64A,Rosedale dogs,Manhattan,New York,5,4,Pet Services
_valWaSr0Q8pulF2s0SIVQ,Thai Satay & More,Utica,New York,3.5,5,Caterers
MP2Z8Jp8pakh8khMqaGBpg,M.Mme,B0st0n,Massachusetts,3.5,10,Bars
XVGEv7N3Xwk-UmTB3IsBTw,Taverne Jarry,B0st0n,Massachusetts,4.5,4,Nightlife
Bt0BsO3Yo5mX9HMgdVFy7Q,Bridals On Spadina,Manhattan,New York,4.5,11,Bridal
EckMevbrQj_KXQ8CIZTm5g,Union Library,Manhattan,New York,3.5,3,Public Services & Government
sD-jIniUFVBeoV8x_9TXIg,Oil Changers,Newark,New Jersey,4,13,Auto Repair
u2GdP7c1aFDJgFeWEV_XGQ,Petview,Manhattan,New York,5,4,Pets
MuvX6kxj2xsZ_1fbgcj2kA,Baskin-Robbins,B0st0n,Massachusetts,3,4,Ice Cream & Frozen Yogurt
HqhiUa-_BiVzFU8YHCd8kA,Les 3 Brasseurs,Beverly,Massachusetts,3,12,Breweries
4QuwxfbDBgbFpE9sS8hdSg,AMC Winston Churchill 24,Utica,New York,3.5,9,Arts & Entertainment
bqRnPqADQeVOPxkVrIBC9Q,Sencha,B0st0n,Massachusetts,4,4,Restaurants
wzfoDnS-bMVmUuSERqfFwQ,Crispy Meat & Catering,Manhattan,New York,3,4,Specialty Food
l8eWRWklljsi0LO7qXgRSg,China City,Buffalo,New York,2.5,3,Specialty Food
B0sMwy3rV0TzHV-4eZ3Erw,Restaurant Amir,B0st0n,Massachusetts,2,4,Restaurants
X1uGPGLXPLfSx9OTA5_vQg,Zaza Espresso Bar,Manhattan,New York,4,67,Food
rGSG7ZJadVZRj4lxPBAn1w,Pho Mi Tri Ky,Manhattan,New York,3.5,9,Vietnamese
yCpQ5x7uEa9uSWKVgIX8WQ,Trade Secrets - Yonge & St. Clair,Manhattan,New York,2,8,Cosmetics & Beauty Supply
vXpRQBFvynulGZvXSO9Yhw,Voltigeurs,Newburyport,Massachusetts,4,3,Pizza
bhix_R9iI6RCM3PsSFxMHA,Bobby Motta's Gray Matter,Ithaca,New York,5,5,Nightlife
V14keJTGx2R7hwFoziT1DQ,Barbies Bar & Grill,Wellesley,Massachusetts,2.5,4,Mexican
S3qs5ZAZgqDvM88jj17hbQ,Carlos & Pepes,B0st0n,Massachusetts,2.5,87,Restaurants
77k6QRc4yDhLBkbFW6fD0g,BStreet Registered Massage Therapy,Manhattan,New York,5,6,Massage
zhE9euD7t-RlXmWk50rCxQ,Yummy Ramen,The Bronx,New York,2,12,Chinese
P8_X-WeoqqMeKqX9Ub6BSA,Trade Secrets - Square One Shopping Centre,Buffalo,New York,3,7,Shopping
rj631deBGpt9FFpb6rNUuQ,Amir,New Bedford,Massachusetts,1.5,5,Restaurants
W6HgKXp-gXozKjOqGqIOXg,On The Rocks,Manhattan,New York,3.5,21,Chinese
5SXhoj7rYXT3npwka2H5rg,Captains Snooker Club,Buffalo,New York,3.5,12,Nightlife
u2PiKC_zmxJcGyScoy_3Bg,Bona Via Bakery,Newark,New Jersey,2.5,5,Food
JzU16A6I0EFO3k4IrUBxgA,Just Greek Restaurant,Poughkeepsie,New York,3,35,Mediterranean
TlWXWTycakYiPeRc4d3yTQ,Kabana,Buffalo,New York,2,10,Restaurants
LgrGYXtuwumUODemA66VGQ,Royal Taxi,Manhattan,New York,1,20,Transportation
cgWyJ_dhkhK0djaR3fLjhg,Restaurant Phayathai,B0st0n,Massachusetts,2.5,11,Restaurants
EBVegXKWCu5AOWox7gnU5w,La Taqueria Mexicaine,B0st0n,Massachusetts,3.5,21,Restaurants
eo0kCynPIkYJL7WnsqFPQA,Green Mango Thai Food,Manhattan,New York,3,5,Thai
_SsgzjO-f-Zv6qh_Xm3J8Q,Restaurant La Belle Province,B0st0n,Massachusetts,4,4,Fast Food
ubeO_hA5NErRXdxTsBc5OA,Nannu's Pastizzi,Buffalo,New York,4.5,19,Breakfast & Brunch
QxnwaNgY6_e88SBfmT6k1w,Richmond Court Restaurant,Niagara Falls,New York,3,17,Restaurants
X3deA0R_ELgsYCP1X0PnpA,Sam James Coffee Bar,Manhattan,New York,4,81,Coffee & Tea
gBokxV-TOY5T96QJBDmLJw,Fermentations,Manhattan,New York,4,6,Beer
99p317EU5I0g4K8zHJD1ng,Hard Rock Cafe,Newark,New Jersey,3,90,Sports Bars
Ce5auBBQUFyMwCtJ322lVA,Longos,Buffalo,New York,5,4,Grocery
IM_3-MyA6OVx6jRdvm6aXg,Americana Backpackers Inn,Manhattan,New York,4,23,Hostels
vR3eM1eSk_3LwFTtEgmFOA,Place Dupuis,B0st0n,Massachusetts,3.5,3,Shopping Centers
T5G-WS6ER0TZ4aZou8Kbfw,Freshwest Grill,Manhattan,New York,3.5,24,Tex-Mex
4qSb9hR5F4D_dq31FJVj8w,Rossini Restaurant,Brooklyn,New York,3.5,14,Restaurants
65ZGMedBm7TBpWv6fzH2_Q,Pita Land,Manhattan,New York,4.5,3,Middle Eastern
3-EQTBaKmfiHSvKBtKq1Fg,Area One KTV Lounge,The Bronx,New York,2.5,6,Nightlife
nUW1szHzt5eGJYaY0A0x7A,Parc National d'Lenox,Lenox,Massachusetts,4,10,Active Life
lJL9CcZ7dvjfOd8k7EzHIA,J'adore Cakes Co,Manhattan,New York,3,11,Food
gcrez7gs0uWy-l9qYvY39Q,Hockey Sushi,Elmira,New York,3,100,Sushi Bars
8YmIrZm3o20q7dAcaB-2Ig,Wild Wing,Binghamton,New York,2,5,Burgers
PnU8nAm0QrNHdx5khsV1mw,Bistro 1843,Mount Washington,Massachusetts,4.5,12,Restaurants
Ce9SpbntBsEMY7_qhnP9IQ,Best Western Ville-Marie Hotel & Suites,B0st0n,Massachusetts,3,16,Hotels
lsKttgYGVmmeVU7dn8xDvQ,DoubleTree by Hilton Hotel New York Downtown,Manhattan,New York,3.5,45,Hotels
29-aOjDbsDML8DSXkxmS7g,The Home Depot,Levittown,New York,4,4,Shopping
YuGlPpQ98K2GQl4fUTC_AQ,Chez Nick,Fitchburg,Massachusetts,3.5,14,Restaurants
QlGOtt2Lj9220G8anOOQQQ,Furr Wax Studio,Manhattan,New York,4.5,3,Waxing
F-RgBrIwZ7ixaB4hvmGaxQ,Mackenzie Health,Niagara Falls,New York,2.5,18,Hospitals
kOH7_hNinrKx0v5Qc6Fp4A,Dunkin',Manhattan,New York,3,6,Breakfast & Brunch
5OHW43gqdoWOGWDmUmps6A,Maja Indian Cuisine,Manhattan,New York,4,16,Indian
kQyk1RDinqtGUsgfSlXJOQ,Rose Cafe,Manhattan,New York,4.5,16,Restaurants
UTc9QKSXd-UxaDjDIDUmKA,Nyood Restaurant and Bar,Manhattan,New York,3,37,Bars
OHp5N9xCUFo92EylNvx6dA,The Great American Backrub,Manhattan,New York,3,9,Massage
3Ng6j0JJr2av3sOjQULitg,Joe Boo's Cookoos,Elmira,New York,3.5,9,Restaurants
QfWL8UyPP2OZmuKgqtd2bg,Desmond and Beatrice,Manhattan,New York,4.5,24,Food
Km6KYktBYK7QzhRNf8fWdg,La Bête à Pain,B0st0n,Massachusetts,4,12,Bakeries
cQqFF-79UNRxVg7vNeOdag,Rayan,B0st0n,Massachusetts,3.5,3,Food
xSky00fcLmIXizfl84H_aA,Ottoogi Korean Restaurant,Manhattan,New York,3.5,13,Korean
sJl2ZK0Oa761DS5IU-6bjw,The Bronx Off-Leash Dog Area,The Bronx,New York,4,6,Parks
S9bTmHVzuEFUsbJMmC0aQg,Florateria,B0st0n,Massachusetts,4.5,7,Florists
VYU2sbkozVV_O06RRBhjvw,Bollocks Pub & Kitchen,Lake George,New York,3.5,15,Nightlife
asLLCsmEx3PNZo1Xa83ppg,Braised Bull Steakhouse,The Bronx,New York,3,7,Steakhouses
HtTg6R1KUjZCgZJXys29Iw,Piz Pistol,Boston,Massachusetts,3.5,5,Restaurants
ogT0OVYJ0t3Xd1yRFmXSoQ,Target Midtown New York,Manhattan,New York,3,6,Shopping
eUlKbU8xq_Bh0fRusZv8yA,Courtyard Buffalo-Airport Corporate Centre West,Buffalo,New York,4,5,Event Planning & Services
CFNBS8l2VDm-aUolnr9Yfg,Lave Auto Cote St Luc,B0st0n,Massachusetts,2.5,3,Car Wash
W3BIpeiu-HsxF6Fk-Oj7Iw,Ueno,Manhattan,New York,4.5,11,Restaurants
WVzCMOvn9MnEwTC20GmIWg,Mad Mexican,Manhattan,New York,3,66,Mexican
y4zoAUW47T6dcopfeK31fw,Blue Nile Restaurant,Manhattan,New York,4.5,8,Ethiopian
hQRzxCiSJ4OBHVwQgJecsA,Les Tetes De Cochon,Br0okline,Massachusetts,4,14,Food
3G0xkrBv2FY_Vel0K5iYVQ,Sams Club,Manhattan,New York,4,7,Grocery
m79SRiyj_Qt6tl2dGGQ-Xw,Value Village,Brooklyn,New York,3.5,9,Thrift Stores
VEqI5rP1maQ820d28nUvow,Mosheta Salon & Spa,Manhattan,New York,2.5,28,Beauty & Spas
7vxm0G4g857HzRqqpeu6bw,Lowe's Home Improvement Warehouse,Binghamton,New York,4.5,7,Home & Garden
b35EhhIJHQVycYJkK6eaWQ,Beauty Supply Outlet,Elmira,New York,3,3,Hair Salons
2yDxo_cR9SgsJXhSTc6Z2g,Strut Studio,Manhattan,New York,5,4,Hair Salons
pFW0GHcSwE725lTxRbsDzg,The Centre for Social Innovation Annex,Manhattan,New York,4,8,Event Planning & Services
oNjcSxQWmfjqa9ECTybynQ,Centrestage Hair Design,Brooklyn,New York,2.5,6,Waxing
aiQzACtoJ3nLjU_J6ahYKg,Wing Hub,Manhattan,New York,2.5,4,Restaurants
5JjlWFANEQ7ztxwzkdby0A,Real Fruit Bubble Tea,Manhattan,New York,3.5,25,Juice Bars & Smoothies
pud2KSVGO61a-gwB3Qq2Vg,Walmart,New Bedford,Massachusetts,4,3,Fashion
eHXAUcTl0lI3WTF7zoieNQ,Modern Laundry,Manhattan,New York,3.5,9,Laundry Services
ED7XJLqwIL6RwxRiIJdRtw,Soraya's Hair Studio,Manhattan,New York,5,3,Beauty & Spas
a-DzDUahMumXwWYimPhplg,Skintricate Tattoo Company,Buffalo,New York,5,7,Beauty & Spas
n-htQX5fDg1VNiTKTJsu_w,Subway,Newark,New Jersey,4,4,Sandwiches
qnFdBp12seAxwe2_iHM2bA,Laloux,B0st0n,Massachusetts,4.5,134,French
KD4suinjLGDo-XOngmtr1Q,Fuji Optical Company,The Bronx,New York,1,5,Shopping
qb8Lffc1dzUogojqTSBtcw,A Walk in the Park,Manhattan,New York,5,4,Pet Services
KNViZIiKgxXb66zsQONnJw,Morba,Manhattan,New York,3.5,16,Home Decor
Ado3kudEn4uApQBWFCqWLA,Chew Chew's Diner,Manhattan,New York,3.5,64,Diners
_b8IGG_tsArBIMwlCVsWCQ,India Time,Queens,New York,4.5,7,Restaurants
QBEqnk76Q5N1on4LAry2_g,Sunset Grill,Manhattan,New York,1.5,3,Restaurants
top8c3LdZRvZAZmfZM0DiQ,Café New Bedford,B0st0n,Massachusetts,4.5,9,Food
45dAqX8Yi3FyVUSIFHu3ag,Jimmy's Coffee,Manhattan,New York,4.5,3,Food
gfos-L-4tZ7TKektSglXcQ,Blondie's,Manhattan,New York,3.5,11,Coffee & Tea
Bo3dqwrjRbGFDf3S59HzDQ,Harlem Restaurant,Manhattan,New York,3,173,Southern
6t0tTpeOgLb6-5AcEFquwg,Orotoro,B0st0n,Massachusetts,4.5,3,Italian
QAy5iMsaySG5LW_EJcjpww,Marshalls,Newark,New Jersey,3,4,Men's Clothing
_jOXNWirwWS7h86m5HWTyQ,Stevens Groceries,Manhattan,New York,4,8,Food
i4F5UKlYELP5k5VsShy_Gg,Toys R US,Buffalo,New York,2,6,Shopping
5J3b7j3Fzo9ISjChmoUoUA,Mabel's Bakery,Manhattan,New York,3.5,19,Coffee & Tea
7HgGcnKtFaUAJADdewR-Jw,La Esquina Resto Lounge and Wine Bar,Ithaca,New York,3.5,5,Bars
gNB2uScgaHi6LfcmVsrtfA,New York Climbing Academy,Manhattan,New York,4,12,Climbing
jKd4MKINdrtR7LEADNbu1g,Bank of America,Buffalo,New York,3,3,Banks & Credit Unions
2EbkUeNfIOPhbGurvgaUjw,Layali Ambrosia Restaurant,Buffalo,New York,2,5,Bars
eK1uUHDuCs53CuBM4kURxQ,Cafe Depot,Boston,Massachusetts,1.5,3,Coffee & Tea
9Q7XKIM4BXyjC1pwE_gJAQ,Days Inn,Binghamton,New York,5,3,Hotels & Travel
O_JuXGu88rG4T8G8SKe67A,Paul Patates,B0st0n,Massachusetts,4,12,Restaurants
XHdPDl0V88pYFP2y7lC6Ww,Purolator Courier,Yonkers,New York,1,6,Couriers & Delivery Services
clGSLCiIsdmoLLlzFTazsA,Equinox Fitness,Manhattan,New York,3,8,Sports Clubs
YMWH70xsOi_rcui8qza3qg,Central Park Salon & Spa,Buffalo,New York,2,16,Hair Salons
Oo_WQAQ7HmMK1I0XPSAY8A,Water Q Spa,The Bronx,New York,4,6,Skin Care
w1ogNJp6Iw8K2lDvxLLX0A,Wings Chinese Restaurant,Buffalo,New York,4,7,Restaurants
CXG4kMMiq2JUDhUgl94QTQ,Masala Bites,Buffalo,New York,4,45,Buffets
SgLr6EzoWrIjgl5VpB07rA,Pub l'Île Noire,B0st0n,Massachusetts,4,53,Nightlife
YOIOpBGhI20KF4qcDg2PjA,Bond Lounge & Grill,B0st0n,Massachusetts,3.5,5,Tapas Bars
pOWwU7R69EZ-qxBA_biyOA,Presse Café,Manhattan,New York,3,4,Coffee & Tea
lZlaPghRe2Z1EkMUsFKOuw,John's Italian Caffe,Manhattan,New York,3.5,34,Pizza
9bT3hq7waaESEf15XIsDrA,BCBG Max Azria Outlet,Buffalo,New York,4,4,Shopping
8G3Ku7hHB5X7k6VLescz1g,Les Fermes Lufa,B0st0n,Massachusetts,4.5,16,Fruits & Veggies
dzxdBovTOwxQER87GhbjiQ,Sunset Grill,Manhattan,New York,3,5,Breakfast & Brunch
nNwUzbUPBz2BQFz7nm_eUQ,Première Moisson Quartier Dix30,Haverhill,Massachusetts,3.5,8,Food
ZeVZ0R7Go_1ZRxZPIfCStQ,Main Street Burger Shoppe,Cooperstown,New York,4,64,Food
dJnF_GUWdoX3tUucpKbYMg,Da Fu Seafood Cuisine ??,Manhattan,New York,2.5,56,Seafood
nozYAoGZi0xtElvHZ-PWMg,Osmow's,Buffalo,New York,2,12,Middle Eastern
68s1OlziLPXKvdwBLV_pGw,La Maison Du Patriote,B0st0n,Massachusetts,4,4,Hotels & Travel
QibVlwPPfOnQUnYe_iVfJA,PappaRoti Bramalea City Center,Binghamton,New York,4.5,3,Cafes
kx7in9io4X9mQSCGzDUmlA,Une Nuit à Bangkok,B0st0n,Massachusetts,4.5,13,Food
Fwt0ia7H80q_mHLvrf1gzQ,Spoonful,Binghamton,New York,3.5,172,Sushi Bars
WGTMT5He7vSEgUebaK6GVQ,Spirite Lounge,B0st0n,Massachusetts,4.5,7,Restaurants
ouehYUlrMzvA3aHclsi_zw,Pizza Hut,Poughkeepsie,New York,1.5,3,Chicken Wings
SWpJG44iX0fw18zYZifcRA,Thai One On,Manhattan,New York,2,18,Restaurants
Gzdc_GHeHvgZdL9Q2ifMIQ,The Cigar Store,Manhattan,New York,5,7,Shopping
KMGI7VvY9oacCsZKHAYIIw,Ross' No Frills,Manhattan,New York,3,9,Health & Medical
B_1a5USetprLbpGjQTxh_g,JB Cleaner & Tailor,Manhattan,New York,4.5,15,Laundry Services
Dje1VOaJy10XVz4UIZXjLw,Los Arrieros,Manhattan,New York,4,21,Restaurants
HqrKHJLHcCWMdzKE8fmElQ,Park Animal Hospital,Manhattan,New York,4,4,Pets
KXj7biJLgbHkR0zORjvAPA,Progers,Binghamton,New York,3.5,3,Security Systems
drp7wjMONzkylDQrqAAncg,Topcuts,Manhattan,New York,3,4,Beauty & Spas
aC2jaqo24CN7VwrG_ygDEg,Public Library,Manhattan,New York,4,5,Public Services & Government
aXJO1nRhPGzVK6ioSoHQDw,Friar & Firkin,Manhattan,New York,3.5,55,Bars
IbOrNwCdMTd-eicZ9B2CiA,International Plaza Hotel & Conference Centre,Manhattan,New York,2.5,26,Hotels
6uh69z-4SO2TuuMbSDIOTw,Charcuterie de Tours,B0st0n,Massachusetts,4.5,5,Meat Shops
jj9AGswzb8OXRG1JDphNwQ,Boulangerie De Pere En Fils,B0st0n,Massachusetts,3.5,3,Bakeries
rCCaHSKviG_-Nd-eStE3hw,Design Within Reach,Manhattan,New York,2.5,14,Shopping
4GpBi-xNSfKqhnu_X3zzmg,Royal Paan,Buffalo,New York,4.5,10,Desserts
FEL8Y1zIzLtZvzlZql4tog,Aeroflight Limo,Manhattan,New York,3.5,5,Airport Shuttles
ofW_qMG1o_tnPWBSqJh7bw,Golden Fur Shoe Repair,Niagara Falls,New York,3,4,Leather Goods
0I0mXzLz6rPKXH9Ot6Po7g,Le Quartier du Dejeuner,Pittsfield,Massachusetts,4,12,Restaurants
ZRrkDsZicUfuX4BnjCkUAw,Royal Lube,Buffalo,New York,3.5,3,Smog Check Stations
6I27BTuHI5PMvOBG4WS8NQ,Mercatto,Manhattan,New York,3.5,107,Restaurants
6YMEPORrMfCJ5gDGebxAzw,Sephora,The Bronx,New York,1.5,7,Cosmetics & Beauty Supply
3JJWG-Eyj-czxaXaE7LVaA,W Burger Bar,Manhattan,New York,3.5,30,Food
1FnwvtISSL0HxIdPLLow1g,Pho Mono,Huntington,New York,3.5,16,Restaurants
Oyez2_wkRaPn_DCmNICAmg,Pita Delites,Huntington,New York,4,17,Restaurants
Q1wylp88CYdndJ_mWohO7A,JC's Grill House,Manhattan,New York,3,5,American (Traditional)
UcvaCus6h9O46Ni1cJ-4ng,Forever Interiors,Manhattan,New York,1.5,5,Furniture Stores
Lh9g7RbqsoZrpAfWUUon7Q,Trade Secrets - Newark Town Centre,Manhattan,New York,2.5,3,Cosmetics & Beauty Supply
PvlNlR7DbdaMAsD1MrL65A,Soupesoup,B0st0n,Massachusetts,4,9,Salad
bNynUUb2uYtHGLSD7mS3Bw,Shangrila,Manhattan,New York,4,63,Restaurants
Xja69DDoUqbPwFOSB3_Ckw,Slice N Bites,Manhattan,New York,3.5,3,Pizza
dbSLyh2NWZ533MjGSGf4Dg,CVS Pharmacy,Poughkeepsie,New York,2.5,5,Drugstores
ONxyui24QQxoALsq6NGUog,Chuck E. Cheese,Newark,New Jersey,1,3,Pizza
Wf5C8Amv_SlhoYE3_W66WQ,Oishi Sushi,Manhattan,New York,2,27,Asian Fusion
SD-ZZk4QrBGWcHQK8caCPA,CVS Pharmacy,Manhattan,New York,4,4,Drugstores
a4SBsNEDCe0Rc8dckfwk6A,Hard Luck Bar,Manhattan,New York,2.5,9,Karaoke
f-ookZOX4pBNldaOHMkJ4A,Hong Shing Chinese Restaurant,Manhattan,New York,3,100,Restaurants
UjgeWri4dBk8AXQUN3oQ5Q,Jiffy Lube,The Bronx,New York,4.5,3,Automotive
TaA8quY8yKqRfHDUmzTTiA,Caribbean Nights,Manhattan,New York,5,4,Caribbean
oJw00wAOWkjfwJEf8LBONQ,Honey Tea HK,Newark,New Jersey,2,4,Coffee & Tea
P-8h5_WYu_R2dcBIINs-Sw,Dogfather & Company,Manhattan,New York,4,18,Pet Services
KHcg4oa_0UN0n5S6P6JSGQ,H8S Cafe,Holyoke,Massachusetts,3.5,9,Cafes
95JbPdfuchhNv3xvOSLLOQ,Ralph's Barber Shop & Hairstyling,Manhattan,New York,3.5,3,Hair Salons
5JcSbOoUIRF82qaTh7GB0w,Tantra Lounge - Bar & Grill,Manhattan,New York,3,4,Indian
ynD-Y7DnpOaga0ZtnUSK2A,HWY-LAW Legal Services,Manhattan,New York,5,7,Criminal Defense Law
BdbdSzLfrsroWj5hsCXxDQ,Thai House Cuisine,Manhattan,New York,3.5,26,Restaurants
cCXD_H0FonSeLY1A5Ch_Eg,Pho Hong Ha,Newark,New Jersey,2,4,Restaurants
ghaj1MZzPW1qXYCZWfoTTw,Live Organic Food Bar,Manhattan,New York,4,166,Vegan
xD9NCOMBzvO33HsXh4ywEg,Blackhorn Steakhouse,Newark,New Jersey,4.5,13,Restaurants
KbjdEA6SRrjrwiFBtsD93g,Foodie Boy,The Bronx,New York,3.5,9,Imported Food
ZtkplJBLUa4PmZh_noUHEQ,Screen Lounge,Manhattan,New York,2.5,22,Lounges
5X3dzKWnBdV-KmxdGEPb_Q,Chito's Pizza,Manhattan,New York,4,39,Pizza
HVSroCrxZdaIhvgXx7JIfQ,CAA - The Bronx,The Bronx,New York,3,4,Shopping
XXrfv84Bu0BCAS5-pfGlPQ,Backstage Hair Salon,Buffalo,New York,4.5,6,Beauty & Spas
0uALK0SEzEQCc7-6AsRysg,Quik Sushi,Manhattan,New York,2.5,6,Sushi Bars
8hSY7qqR0xBqUeGwdDrB4g,Dunkin',Brooklyn,New York,2.5,6,Restaurants
8o6t_zjBNl5p_Hp6StfRbg,Quickies Fast Food,Binghamton,New York,1.5,4,Restaurants
dBcWC8sY7ZKyfdxABC2Llw,City Oasis Dental,Manhattan,New York,3.5,5,Health & Medical
NB0zGFXFfCIfbmi_xc0sKw,Cordi Italian Bakery,Buffalo,New York,4.5,5,Bakeries
8A2altSlR9thKfgYae1cJQ,Zteca,Manhattan,New York,2.5,7,Restaurants
gWainRDwQaDg7YRZAaotdw,Kasai Grill House,Manhattan,New York,3.5,47,Sushi Bars
JethT5yt9ju6MGK8-N3oPg,Noodle Delight,Newark,New Jersey,3,19,Food
UPnidWBzdmMpPDR-wx_0LQ,Grigorian L'atelier,Manhattan,New York,3.5,3,Books
JXWoPmCVXOaN3ok3EIdBHg,Sunnyside Grill,Buffalo,New York,3.5,6,Restaurants
arImz3BJNf-EcNUuguk2Rw,Brochette,B0st0n,Massachusetts,3,5,French
DVBeUawvIpgdR4auCo1-3A,La Maison Du Jazz,New Bedford,Massachusetts,2.5,7,Nightlife
OX6oIIr4ELW8aRjbHjXYEg,Manzo Pizzeria,Salem,Massachusetts,4.5,31,Restaurants
3XUmcXMoToEFNJQ7gp5UYQ,Craft Kitchen,Manhattan,New York,3.5,5,Event Planning & Services
q3mH9wFWVAGtsaaAs8F7Fg,La Tête Dure,B0st0n,Massachusetts,4.5,6,Barbers
mHnz1ed4KYgkRhRMUECAGA,Kebab,B0st0n,Massachusetts,4,4,Food
gxQo3f0F5Bq8G2Pj9Sw0aw,Grillades Torino,New Bedford,Massachusetts,4.5,3,Restaurants
hk0pIZHQwmISXJnOG24H5Q,Williams Fresh Cafe,Binghamton,New York,3.5,36,Salad
k5azd7T8eqESrOP9TkBjOw,Langolino Wine Bar & Grill,Manhattan,New York,3.5,8,Restaurants
Yrf-A070vyFUw5vyLyb-8Q,Hon Tattoo Studio,The Bronx,New York,5,8,Beauty & Spas
QoXT0qI6_3WeHImUuLAyjg,The George Street Diner,Manhattan,New York,3.5,98,Restaurants
e58TJR1gShxTFla8EitDCA,Walmart,Niagara Falls,New York,3,14,Fashion
rO3lZpVSoRMhhd0AEJBjlg,Sunrise House,Manhattan,New York,4,135,Restaurants
AQ4LVzYMVRGBIud25mWZEQ,Mi Pueblo,Brooklyn,New York,4,14,Restaurants
_yZacp-Zyq_eyFucHJ9-Ww,Wineonline,Manhattan,New York,3,4,Local Services
U0IDo1IWRdInEPozUqB_Sg,Extra Butter Coffee,Manhattan,New York,3.5,20,Coffee & Tea
yiUbGDvEpYZd1Z8S1SyNvQ,Restaurant Odaki,B0st0n,Massachusetts,3,32,Restaurants
3OdBW4ooaACTNugCb03Djw,Pizza and Wings,Manhattan,New York,2.5,7,Restaurants
HmnaAlLd1i38ofLnmgT2kg,Starbucks,Buffalo,New York,2,4,Coffee & Tea
NLm9a0Eh9SOs1ZBycypnqg,Aloft Ithaca Mills,Ithaca,New York,3,10,Hotels
BMvBm0qdnkwrX4IKfwVpLw,Urban Sun,Manhattan,New York,4.5,3,Beauty & Spas
RPBQD0YUtWrv9bRPoOgb0g,abercrombie,Manhattan,New York,2,9,Fashion
kstK3o4ZLOEsWyy_vPVQrg,Steady's Jamaican Home CooScarsdale,Manhattan,New York,4.5,11,Restaurants
8V0K7CFVZ8X_AxlO-P3WUA,Fiddler's Green,B0st0n,Massachusetts,4,57,Pubs
E5XjyUEqZNFWAnu5ze0NnA,Les aliments merci,B0st0n,Massachusetts,4.5,3,Health Markets
KbP2nSm3FV99AES3h45t6g,Biryani Scarsdale,Binghamton,New York,3,23,Restaurants
phAnmOg4F3x-omCKG_jGSg,Studio Hair Design,Manhattan,New York,5,3,Beauty & Spas
UpOI4SvSNoeOrW6rw_IIeA,Gerrard - Carlaw Parkette,Manhattan,New York,4,4,Parks
mrUivPUQoXpfvytfXNQoiA,Estrada Car Rentals,Niagara Falls,New York,1,4,Automotive
C3coN-RmfeoxQ8zRhKh7DQ,Nella,Brooklyn,New York,2.5,5,Appliances
-3d_TKz325qx4U575bvamQ,UYVU Nails & Spa,Manhattan,New York,5,3,Day Spas
ywgJ0rEaw0iUgRCMt0r3vA,St Phillips Fine Bakeries,Oneonta,New York,3,19,Bakeries
YvrylyuWgbP90RgMqZQVnQ,Jz's Pizza,Manhattan,New York,4,47,Restaurants
kkQBX5G6N_zIntSGUnJcJQ,The Wingery,Buffalo,New York,2.5,3,Restaurants
5EnHfzuyBf03UhJH4E4mAA,Mr. Flamingo,Manhattan,New York,3.5,28,Nightlife
uCJ3IC6mRw0cgC8sLenoxL9w,Green Mango,Poughkeepsie,New York,3.5,51,#N/A
ujPuhQdg8-GCJQg6BoRJtA,Big Smoke Burger,Manhattan,New York,3.5,131,Poutineries
_Izvv9Hj0sQRkj0l9fnP7A,Thai Express,Buffalo,New York,2,6,Food
ZekRYrQz3zatQeHpkiwW_w,Pizzaiolo,Manhattan,New York,3,20,Pizza
OIE7OQMdgGYquIW2PFgvtg,Fit4Less The Queensway,Poughkeepsie,New York,4.5,5,Active Life
FrJX4ifJsTAXAJJq0K7EVg,Levack Block,Manhattan,New York,2.5,30,Restaurants
3l_rMuRs97IKEA1DCZokOA,Best Friend Restaurant,Buffalo,New York,3.5,40,Restaurants
_sNdpjjRv3x8Nz_kj8_2tQ,Lodge On Queen,Manhattan,New York,4.5,3,Social Clubs
A8BEDJkEAyCmstO83Cs_zQ,Florigens Design,Manhattan,New York,5,3,Flowers & Gifts
pY2kyXG_8aEvXu5TOnmIcg,Holiday Inn Express New York East - Newark,Newark,New Jersey,2.5,8,Event Planning & Services
vRxtWz1XbaF0I4_JwyuJKA,The Artisan Baker,Manhattan,New York,3.5,15,Coffee & Tea
W43qz8LuejU6KNwO-9K4nQ,iDarts Edge,The Bronx,New York,3,4,Bars
dsIHIXyAl_ldqkd8QekvTQ,Gabby's Grill and Bar,Manhattan,New York,2.5,110,Seafood
s-3UrY9VcOxIhvw7CM84pQ,Hair District,Manhattan,New York,4.5,73,Hair Salons
6jcGsQNYgUYtwojXoMcQow,Negril's Jerk Hut,Manhattan,New York,3.5,4,Caribbean
XNL6PRXaQxyDO2yeBdy11w,Express Indien,B0st0n,Massachusetts,4,14,Indian
fNJRiDAT6Qy9PQ3nqA_L9g,Yonkers Cafe,Manhattan,New York,3,4,Coffee & Tea
US3auRxD_hqxqBduq9LpXw,Agora Café,Manhattan,New York,3.5,11,Coffee & Tea
sEKFq5u8P_s0-2mAZnx0JQ,Jimmy Restaurant,B0st0n,Massachusetts,3.5,4,Pizza
mspZuHQ8rVXpyVMqQIKw_A,Shiso Tree Cafe,The Bronx,New York,3.5,209,Japanese
2w9kVvjghB248_p6uk6S9Q,Kiehl's,B0st0n,Massachusetts,5,3,Shopping
mgZW82r4LVUSveU0ds2F2w,Urban Barn,Buffalo,New York,2,4,Shopping
5_helv06ALsr485e6_IXNQ,Swap Shop,Brooklyn,New York,3.5,4,Electronics
p29R4kMODw155BAEZNtD7A,El Mejor,Manhattan,New York,3.5,6,Mexican
yiFxAIFZORjiPgojiAA2RQ,Monaco Hair Design,Buffalo,New York,4,5,Beauty & Spas
Cy1bPenka65T2AUBAn-WkQ,T-Swirl Crêpe,The Bronx,New York,3.5,54,Restaurants
vPPhElChg0XHY8Wz5fQQig,Coach,Manhattan,New York,4.5,7,Shopping
djqiu4L7P2sF1JY0DP7UHQ,Cora's Breakfast & Lunch,Oneonta,New York,3,25,Breakfast & Brunch
HAqFrpN8ukzFZuSgTvLijw,Faley Restaurant,Canandaigua,New York,3.5,37,Restaurants
cP3Kb9e93kQc_eN59_MIvw,Ye Olde Orchard Pub & Grill,Plymouth,Massachusetts,4,4,Irish
FXBe1u5q6aamklaORnZcFQ,Jin Mee Korean Restaurant,Ithaca,New York,3,9,Comfort Food
x8SMCM8XktilgBlhgYek5w,Boulevard Fall River - La Main,B0st0n,Massachusetts,4.5,7,Local Flavor
V64rX8Ry9c2jKF7oabAAIQ,Starbucks,Elmira,New York,3,9,Food
Payl1AoDwqT3TYbZ9eZKMQ,Anna Pretty Nails,Manhattan,New York,3,5,Nail Salons
G7quYX-m8oly7we9A1JZ_Q,Four Brothers Pizza,Utica,New York,4.5,6,Pizza
_iemieI7L9YvPIMvXR31_w,Vinh's Café,B0st0n,Massachusetts,4,4,Cafes
6MXNaRWzVAXl2BQjbDKxnw,Trillium Drug Mart,Poughkeepsie,New York,5,3,Drugstores
q91nljuSDFl0IYReyF_A3w,Lov,B0st0n,Massachusetts,3.5,58,Vegan
bNO_c8Gka2Rkwaub3qVAMQ,Micro Time Cafe,Manhattan,New York,3,20,Pubs
Vu_BoGOSL70odzqCBr_vIg,Maharaja Vegetarian Street Food,The Bronx,New York,3.5,15,Indian
fvnaLCkyIyCw7vQuO8-H3g,Judy Cuisine,Niagara Falls,New York,3,34,Chinese
o3RRk2-UeY24PTjQeoNDFw,Petals,The Bronx,New York,4,4,Flowers & Gifts
86ZUtPhwiy63I6B3HSN88Q,Farol Churrasqueira,Buffalo,New York,4,17,Restaurants
jJALMyBDfqOjzuuQAooDtw,Atami,Boston,Massachusetts,4,13,American (New)
PYwBzAWf8KF7hqM2rPUeYg,Orbit Room,Manhattan,New York,4.5,13,Music Venues
eISyaSdeTWQA2z9k-r_F4Q,Solo Sushi Bekkan,Manhattan,New York,3.5,73,Restaurants
meehYhsuxZ8XD-pO2uyxzA,Atmosphère,B0st0n,Massachusetts,5,3,Bed & Breakfast
NePmJx7FgLjhWYwbN91ZiQ,Exotix Studios,Manhattan,New York,5,43,Jewelry
F2i-7Lz1KqwDPn6d7Ter0Q,DigginTheDog,Manhattan,New York,4,8,Pet Services
4j0HzysAVOKC_Uo0PMXUVA,Basil Box,Manhattan,New York,4.5,24,Vietnamese
TXNDK-DRjx2cfu7amxcIIA,Souvlaki Hut,Buffalo,New York,4.5,8,Restaurants
FmMeODTIPWj01pzNpHw9ow,Dunkin',Newark,New Jersey,1,4,Cafes
sZ5vhj48pt9i_xnqNu-5Jw,Hon Tattoo Studio,Manhattan,New York,4,5,Tattoo
o-0Nen1h78jiWZF_Aq_Jmg,New York Distillery,Manhattan,New York,3.5,3,Food
lnIAdTkMR-ShxhXzkfJK0A,iQ Office Suites,Manhattan,New York,4,3,Real Estate
KrxYm1IcTdV6sVzZz5JprA,Lasagne Du Plateau,B0st0n,Massachusetts,4,5,Restaurants
EGe8h-qIgK1O_nrzDEtXZQ,The Travel Store,Buffalo,New York,3,3,Luggage
MC4becrrM9ntmnfMrD9b0g,Sushi Ichiban Ellesmere,Manhattan,New York,4,95,Japanese
OaqbVUL9bYMycpQNYfHBng,Hong Kong Island Bakery,Manhattan,New York,4,33,Bakeries
KIhHU87UJMw9MMLEoVxkdQ,Nella Food Equipment & Kitchenware,Manhattan,New York,2.5,6,Kitchen & Bath
R3kb47nmj39ihivxq-P5Vw,Coffee Time,Manhattan,New York,2.5,3,Donuts
IbKwJh9CzLCN-3JjM1DSWA,Pasta Andrea,Holyoke,Massachusetts,3,15,Italian
tHNxWdRUByzuniFqFuMTSw,Aladdin Juice Bar & Restaurant,Buffalo,New York,2.5,3,Nightlife
R4jhm7FFQw0i1GpO4JvS5g,Carmen's Steak House,Manhattan,New York,4,54,Restaurants
WgqccKn-IVKUTakH2SJCKg,Cafe Unwind,Manhattan,New York,4,10,Cafes
XHt5luPZl7jYZrF56Rnp0Q,Halibut House,Manhattan,New York,3.5,6,Breakfast & Brunch
KGWxKQigkDYlT9wSS4gCTA,Salon One,Manhattan,New York,5,4,Beauty & Spas
P6nW-MjLUAD7Yc_na84jCg,Chris' Cheesemongers,Manhattan,New York,4.5,7,Specialty Food
4u1iOihWOVkgNTId927fHg,El Local Loco,Manhattan,New York,4,72,Lounges
kCLcB-odo1ndX-7tY6s_iA,Madisons N Y Bar & Grill,Framingham,Massachusetts,3.5,16,Bars
aIUU4YzmSsC_uecNtEbPLg,Herongate Barn Theatre,Lake George,New York,4,5,Performing Arts
iHzgeI9ryIniOX9-AJPbcg,Mr. Six Fried Chicken,Manhattan,New York,3.5,3,Restaurants
3oXKJ3od8dl5XvSgk6buvQ,Winners,Niagara Falls,New York,2.5,3,Fashion
2Ya88W4pb3dVxllw_Bn6uQ,Solo Bace,Manhattan,New York,3.5,3,Beauty & Spas
gy5pr5bFAjOL5rERSdMCLg,The Keg Steakhouse + Bar - Rochester Street,Manhattan,New York,4,184,Steakhouses
GjfXHtfGGScJoJDk7hbR5A,Aunty Mary's,Newark,New Jersey,3.5,19,Restaurants
s-YJpfR-LFRnH7qYVFuJuw,Touhenboku Ramen Restaurant,Manhattan,New York,3.5,201,Japanese
6umMLfnwZnZIbok3X5lUHA,YEE: A Night In New Orleans @ Ruth's Chris Buffalo,Buffalo,New York,5,14,Yelp Events
KWfLQddMBZNoh1bVcgASfA,Karahi Point,Manhattan,New York,4,25,Halal
s1NqIkLMCFX6PuTk6wt6QA,L'Anecdote,B0st0n,Massachusetts,4,36,Burgers
vMh4xvknI6hyJfe60EqvlA,Mac's Convenience Stores,Manhattan,New York,4.5,3,Convenience Stores
iNNSrMDE_OUKpRdeCt-R6Q,Peter's No Frills,Manhattan,New York,4.5,31,Seafood Markets
y2x6IvrZvN8Jo-xmW5rw8A,Portico Restaurant,Manhattan,New York,4,23,Canadian (New)
Sa7o-d5olzOCdOjB3Z9taQ,Berani Jewellery Designs,Brooklyn,New York,2.5,10,Shopping
paPIvrNg9U0tmw0oCUs1-w,Reesor Farm Kitchen,Levittown,New York,4,3,Organic Stores
5CvVtsSkgyXI4dh0LVIltw,Lucid Cocktail & Kitchen,Manhattan,New York,3.5,8,Nightlife
tjw1yJdmatifLYHbsI9HGA,By The Way,Manhattan,New York,3,67,Mexican
q1_XLrkGunuzMF00TrwuYQ,Sushi Tei,Buffalo,New York,3.5,89,Restaurants
qLGFVHhVAipQVHn3YfseLQ,The Bronx Mews Medical Clinic,The Bronx,New York,1,8,Health & Medical
7RGV3CRhrvwaLVQq3MDbTv,Le Petit Moulinsart,B0st0n,Massachusetts,3.5,22,#N/A
06gDvvasadU-6Lk9n7Y24A,Restaurant Le Pavillon Nanpic,B0st0n,Massachusetts,3,6,Restaurants
NlyAnPxqooG5GmmKOMbKow,Scarsdale St. Massage and Wellness,Manhattan,New York,3.5,4,Health & Medical
NI2r3t73mw-BjfWpTA3Bhw,London Pub,B0st0n,Massachusetts,4,5,Bars
3yeZF65kJoEff6RHOy3oYg,MK Beauty Room,Manhattan,New York,5,8,Eyebrow Services
i0S3M_DMFS3W55bMKkVmaw,Pande Family Chiropractic,Manhattan,New York,5,5,Health & Medical
XPMAJ7f-xRnXmNN6crHdIg,Yonge & Wellness,Smithtown,New York,4.5,3,Chiropractors
Fi6z6qhBqiz5CC5ghrUZgg,Dunn House B & B,Manhattan,New York,3,4,Bed & Breakfast
yefjEAyoNfHj43tz_5hhHQ,Phoenix Noodle House,The Bronx,New York,3,6,Chinese
ld_2sP4bWEzV80hApb022w,Atelier B,B0st0n,Massachusetts,4,3,Fashion
BOj4HEDS03hxNmXDyE86UQ,Shabu & Congbul,Ithaca,New York,3.5,19,Restaurants
MJd63eC5qluvww6ERoZRBw,Amir,Boston,Massachusetts,2.5,5,Restaurants
OuJkz4Ns-ebuNCO7A26t9w,Heartlake Cleaners,Binghamton,New York,3.5,3,Sewing & Alterations
FD16ViCwufjnxZmv_YRcHQ,Lavazza Espression,Manhattan,New York,2.5,38,Food
jT-KFrbwr5iE-_vrVLpmiw,Beiruti Grand Café,Manhattan,New York,4,57,Lebanese
ziHRAN_981w13UzHY383Fg,McDonald's,Ithaca,New York,2,7,Coffee & Tea
3Pa3Y_3rjpjvMfYZLqBPpw,747 Wine Bar,Manhattan,New York,3.5,42,Wine Bars
vWoBHCst7HEaLEpLorRY_g,Homewood Suites,Ithaca,New York,4,10,Hotels
IZ33QKVggRtHdMdWoDPi6Q,Ginger & Onion Cuisine,The Bronx,New York,3,99,Restaurants
tN-UYJf-mAbwGQMdFbbjiw,Burgs,Manhattan,New York,3,17,Bars
0YkNypUMDoIklcgoGYioMg,Teatro Verde,Manhattan,New York,4,8,Florists
NCgcMdtJxtFVv2VrlGUsHQ,Houston Avenue Bar & Grill,Manhattan,New York,3,50,Steakhouses
LPGXfFw6H-fEGI4Yxx679w,New York Music Garden,Manhattan,New York,4.5,15,Parks
KGyjSQEdRrm71fPhQi9PYg,iRepair MTL,B0st0n,Massachusetts,3,24,Mobile Phone Repair
AIasveRX0245WeAH0C46Uw,Chick Fiesta,Manhattan,New York,4,12,African
dyazGhNoKpt0qqMgCUZUjw,Bakery El Quetzal,Brooklyn,New York,4,6,Bakeries
8E7WPKcrBv3BkiSQkHIYqg,Absolute Restaurant & Cafe,Manhattan,New York,4,14,Modern European
cdRmhhBfagiGnFvo67PNfQ,Mistaan Catering & Sweets,Brooklyn,New York,4,13,Caterers
YjyQlqHoB3Q9ysJGXiJuLA,BATL,Manhattan,New York,4.5,26,Recreation Centers
XtEphFLDvw2gAgAgYfTWUA,Primped Hair Studio,Manhattan,New York,4.5,8,Beauty & Spas
M2zcjVdVxRPN8wLm74O4WA,Tony & Kathy's No Frills,Poughkeepsie,New York,2.5,10,Grocery
FFdpKTM9_vI0jCs4jdnMgg,Big Daddy's,Manhattan,New York,3.5,9,Halal
f9PFMqQqVL3RHtlI-6VJcw,Dunkin',Brooklyn,New York,2,6,Coffee & Tea
7aN34Xk5I09sdzZlpyYKhg,Five Iron Golf,Manhattan,New York,2,8,Shopping
pRw_4FAQPc-sqvDcQSGGKg,Bistro Chezanne,Buffalo,New York,3.5,3,Restaurants
EckRr2CuWs94VWe-24edpA,MYNC Lash Lounge and Brow Bar,Manhattan,New York,4,14,Beauty & Spas
IVkjq3LDi1XJJP_xIrvxOQ,Loblaws Supermarkets,Buffalo,New York,4,7,Grocery
yi7YrXzPmOi8ORf8_PTuqg,Aden Camera,Manhattan,New York,3,8,Shopping
uXPCuFrHkild20c70mKdDw,Young's Bros Fruit Store,B0st0n,Massachusetts,4.5,3,Food
a9RCU1JhSyHc3DlE82SOIg,L'une Beauty Boutique and Salon,Manhattan,New York,5,3,Beauty & Spas
ugKg6sUiMji3R-UvUVGaDQ,Ace Quicaillerie,B0st0n,Massachusetts,4,3,Home & Garden
hmXrKXhcD2n2s6fmb2wRFg,Aldo's Restaurant Peruvian Food,Manhattan,New York,4,3,Peruvian
FilJA40dzVeDCbbrZxTY2w,Stanley's Fish & Chips,Cortland,New York,3.5,7,Seafood
vjFPeCeX3SV-4Y5luzuuJA,Go Tours New York,Manhattan,New York,4.5,23,Bike Rentals
0z1xHKd-b9rHnsx5zLR8aw,Aritzia,Manhattan,New York,2,5,Shopping
vCjosSwslY0Cuc6NjZavRw,Dragon Gem Chinese,Lake George,New York,3.5,18,Restaurants
x3KmMr1qSFaxUZ24K-YpbQ,Panera Bread,Poughkeepsie,New York,3.5,39,Bakeries
TnuL2q2mc7O_J73oVve7fw,Usher Animal Hospital,Manhattan,New York,3,6,Pet Services
zEHx5n8C8kK6927i1_wWqw,Casalinga Ristorante,Buffalo,New York,4,33,Italian
41bFOgvQ1ca7YTaI7OtnCA,Rochester Yaki Japanese Restaurant,Manhattan,New York,3,3,Japanese
LiY0vRXMWrjUrXQr2Z_D4A,Pancer's Original Deli,Manhattan,New York,4.5,38,Restaurants
tVTYtqpJRzfaFyWipLS8Tg,Allo Mon Coco,New Bedford,Massachusetts,3.5,15,Breakfast & Brunch
D42mATIRcXGytmwycgaXew,Stitch it Clothing Alterations,Manhattan,New York,1,13,Sewing & Alterations
D9-qMqHKSxEqA4egWX57Mg,Brothers Bar Restaurant,Manhattan,New York,3.5,6,Dive Bars
Ae5HnuMQY6IUbR3H2a8LlQ,Copper Branch,Pittsfield,Massachusetts,4,13,Fast Food
j6fVbPDDSmiaD993Hw8t3g,Baby in Sight 3D/4D Fetal Ultrasound,The Bronx,New York,5,5,Health & Medical
B0rA1_xt4zCD7RCRyKnA_w,McDonald's,Buffalo,New York,2,5,Fast Food
RDbNSu-s4bTAO5YNbthgow,Emira Tints,Niagara Falls,New York,4.5,6,Auto Glass Services
rm1RtdDdyYighdxyFz09zg,Moda Night LIfe +Bar,Manhattan,New York,2.5,3,Bars
wh2o1CPduEtg-wFCuJlQKQ,Kim Hour,B0st0n,Massachusetts,3.5,13,Vietnamese
KCIVWrtbeIlLpzRJWxJz4g,McDonalds,Manhattan,New York,2,8,Restaurants
odjBTgQ2XijHbnK7poo7RF,Food Palace Gelato,Manhattan,New York,4,16,#N/A
xJKVVTSIAwmSiY3cGJYwfg,Scarpetta,Manhattan,New York,3.5,48,Italian
b4LmLgVdbhM-nc1IZc5Weg,Rodney's Oyster House,Manhattan,New York,4,291,Seafood
4enw_5SjmPuVpxg8MhbPBw,Taco Del Mar,Manhattan,New York,2.5,30,Restaurants
bbRIi59FSVhDmXVu_dY9OA,Sucre Bleu,B0st0n,Massachusetts,3,9,Food
3o6Nd04uG46TglK7Px8Wlg,Thai Express,B0st0n,Massachusetts,2.5,5,Restaurants
JrR8X7AST5ZkWEfXqlIBmA,Chez Bédine,B0st0n,Massachusetts,5,3,Breakfast & Brunch
AGLbnhGppqH7P8N6e02kZw,Natural Museum of Science,Manhattan,New York,3.5,72,Arts & Entertainment
y0cgy0tTh_C8NWCk0WGgjQ,The Rushton,Manhattan,New York,3.5,62,American (New)
HUKSww1V_p1y29_GODgc9g,Sakura Korean Japanese Restaurant,Brooklyn,New York,3.5,34,Japanese
ozRa_da3GZi1nquaVG-t2w,Le Centre Sheraton Boston Hotel,B0st0n,Massachusetts,3.5,99,Hotels & Travel
aJduIcgXHKRiAd2PDmM__Q,Moxie's Grill & Bar,Buffalo,New York,3,74,American (New)
Fbk6eQYNIOze1JAkXiqNvQ,Les Affamés,B0st0n,Massachusetts,4.5,37,Restaurants
x03X4OyGAnw9FlnSYrfopw,Doc's Motorcycle Gear,Manhattan,New York,5,5,Dry Cleaning & Laundry
yGx3RJC69Vx_xrin41CEaw,Fairfield Inn & Suites New York Binghamton,Binghamton,New York,3,8,Hotels
fFu2f1TZ-dZE_TinBIt30w,Estee Lauder Spa At Holt Renfrew,Manhattan,New York,3,7,Beauty & Spas
guxFz70j71fTX5NGLOM4yQ,Uncle Bob's Country Buffet,Binghamton,New York,3,12,Pizza
8KiGY9-2tsxw3a6BCNwYOw,Winners,Manhattan,New York,3,4,Shopping
6I6uDGwCDggrWXi2T4lfaA,Buns Hamburger House,B0st0n,Massachusetts,3.5,25,Restaurants
CLuUdX46UEEvFREJSYkE-g,Luna Yoga,B0st0n,Massachusetts,4.5,12,Yoga
rAge1m9u3SmuY0-KrQCAUw,Laila,Manhattan,New York,3.5,13,Restaurants
IpFmVneI-LIXJOU9FaWFtg,CVS Pharmacy,Manhattan,New York,1.5,4,Drugstores
gBWj-HmhE8r8bquRm0zqnw,Face Time with Daniela,Manhattan,New York,5,11,Makeup Artists
sbaUzHla2tzffcvizdAbmg,TASSO,Manhattan,New York,4.5,18,Coffee & Tea
RC2DpmEFzyrtERpSxiOoQQ,StrangeLove,Manhattan,New York,3,7,Nightlife
uYxGfXVD9iatja21xiL7nK,K & F Kitchen,The Bronx,New York,2.5,3,#N/A
tuR2vl6WMAL6tzJvt2Tqdw,Amelios,B0st0n,Massachusetts,4,50,Pizza
tSsdTMmiwN0TjaoAYVQ1CA,New India Sweets & Restaurant,Buffalo,New York,4,21,Middle Eastern
F7uDccc_XT5aYamZeSkcZw,Sake Sushi,Ithaca,New York,4,98,Sushi Bars
6JiZ1R0pQUbtfFpBkOCx-g,Salon Bespoke,Manhattan,New York,4.5,6,Skin Care
X-GWWVq-EUTBTXug127ztA,Vee Beauty Spa,Buffalo,New York,4.5,15,Health & Medical
GJZV3ltRSxV4O3fnkRKRQA,Tikka Boulevard,Huntington,New York,3,5,Vegetarian
kUVZkese1ds8I7DtQGOGkA,Davisville Nails & Spa Ltd,Manhattan,New York,4.5,33,Beauty & Spas
jVJClv_tCCGNyMnRx50xeQ,Mercuri Boston,B0st0n,Massachusetts,3,27,Canadian (New)
oijKqVZ6C218_1UK1mwMkA,LF Optical,Manhattan,New York,4,5,Eyewear & Opticians
79-_vRcYsqAdIt-kclyDHg,Square Fish,Manhattan,New York,4,38,Sushi Bars
RLAFWugXakOA_CmCPglUCA,Héritage,B0st0n,Massachusetts,4,7,Shopping
HUTYXO2sP8Lb8_C0nAFEoQ,Marlenes Just Babies,Manhattan,New York,2.5,7,Toy Stores
Cc7uL3QN1hUT61ZPXW-PaQ,Clinique Médicale Plateau Norwood,B0st0n,Massachusetts,2,5,Health & Medical
UtCtLg_LP540023uQjB9rQ,Ichiki,Ithaca,New York,3.5,38,Restaurants
gNarmA5DHMPmlXI5xKNpkA,The Curry & Roti Restaurant,Newark,New Jersey,3.5,5,Food
Amtf8rY13W-Kaw72mdb7Jw,College Platon Des Etudes Linguistiques,B0st0n,Massachusetts,1,3,Colleges & Universities
6d7aOsiinhme6BB7s2QmZQ,Domino's Pizza,Manhattan,New York,4.5,9,Pizza
fDHc9q4p06VLw-yqcMooWw,A Gogo Lounge,B0st0n,Massachusetts,4,13,Bars
qN_SDuhC3Bwthf2ZhYxJoA,Coda,Manhattan,New York,4.5,27,Nightlife
sApZGFIvZEiBZRSgzcNWlQ,San Francesco Foods,East Rochester,New York,4,9,Sandwiches
X2rYGuaK2QN0cSROGC_1pw,Starbucks,Manhattan,New York,2,5,Food
azsyGov8GFJswGxcqIn71g,Ella's Uncle,Manhattan,New York,4,56,Food
ytD9rJ-jcb8zMUCfiYCnFw,Café Cherrier,B0st0n,Massachusetts,3.5,52,Breakfast & Brunch
Fy4r4iA_vbqJ6Lu9DUPQ0g,Aradia Fitness,Manhattan,New York,4,7,Dance Studios
hfihXX9I91xaRsnWwDX5HQ,LongHorn Steakhouse,Queens,New York,4,15,Bars
w9pwbsusI9DI637UYqMctQ,Blood Brothers Brewing,Manhattan,New York,4.5,8,Breweries
nYXZqFAnZ51_5SJvy9lx2w,Academy of Art University,Manhattan,New York,4.5,10,Specialty Schools
ZoYr00WOaArey056Nxix1w,Dino's No Frills,Manhattan,New York,3,9,Food
jZ23B--fu21is2zrWiy4Kg,Parker Pet Care,Brooklyn,New York,3.5,12,Pet Services
oa8TWxieXRqMJzlEwIBUyQ,Habibi Day Spa,Manhattan,New York,5,11,Hair Removal
Ae-eZJr2njTu9XOPOF8z2Q,Hei Xiao Mian,Manhattan,New York,2.5,5,Restaurants
KyIZJsIr0HiM8OCv2WCcpQ,lululemon athletica,Manhattan,New York,4,7,Sporting Goods
sDclwa9xGr_HqYEsw0pNhw,Prayosha Salon & Med Spa,Manhattan,New York,3.5,8,Beauty & Spas
54YHuFXszEFnuK1jhHRk6w,Chris' No Frills,Manhattan,New York,3,6,Grocery
mqh2bTo8LuBBhYQz7MzFfr,Paf & Dap Best Jerk Kitchen In Town,Rochester,New York,3.5,3,#N/A
X5ktZZOu3lcsb_XaJ-7NtA,East! Restaurant,Manhattan,New York,2.5,16,Restaurants
RtUvSWO_UZ8V3Wpj0n077w,KINKA IZAKAYA ORIGINAL,Manhattan,New York,4,1087,Pubs
0jQwF4gv9sVV2U53vFyD1g,Mahar Restaurant Incorp,Manhattan,New York,3.5,9,Restaurants
yLnNeIKSfbscAdJNoaxF-Q,Mary's Yarns,Valley Stream,New York,4.5,5,Knitting Supplies
frVru1HZYyGZ9sfbOchaXg,Birks Café par Europea,B0st0n,Massachusetts,3.5,31,Restaurants
Tn8O4tv1U-n0PRC8kbJJPg,Nguyen Huong Food,Manhattan,New York,4,136,Bakeries
lU4KwAcMbng5iamfp3rsLw,Linus Inc,Manhattan,New York,5,12,Beauty & Spas
MhiBpIBNTCAm1Xd3WzRzjQ,Messini Authentic Gyros,Manhattan,New York,3.5,372,Mediterranean
kPNmILQDOCoBHxuRMmrocw,Warehouse Wines & Spirits,Manhattan,New York,3,4,Food
b-T-U50Vq8cUFb7L4aqQIg,Young & Beauty Spa,Buffalo,New York,3.5,10,Nail Salons
9n88Eyfp2wwJgGQGWakfCw,Bombay Buzz,Poughkeepsie,New York,3,8,Indian
gA2csG_QlBJy3HJBo2HXxQ,Chuck E. Cheese,New Bedford,Massachusetts,3,5,Canadian (New)
vRLIiqmbAswP4DMAvjYj6A,Ziggy's Pub,B0st0n,Massachusetts,4,23,Pubs
qcOXimJzxK9S1L0OhCwzPg,Dunkin',Manhattan,New York,2.5,3,Breakfast & Brunch
HMqzKqNLLLCpfc-tybBkKQ,Hot Yoga Wellness Yonkers,Ithaca,New York,3.5,4,Yoga
Wbf0XOESVM0XUJo7Idj9_g,Dunkin',Binghamton,New York,3,4,Sandwiches
CveMVzeKGe-1_wEqLaOmAg,Alexander's Burgers & More,Niagara Falls,New York,4.5,10,Restaurants
Aw-mlKE8VI5XxUeb_N7ykQ,Claremont Cafe,Boston,Massachusetts,3,14,Canadian (New)
8OD-k4qk-Egp_Gje2WM5Hw,George Brown College,Manhattan,New York,4,13,Education
0RfCBDhIBRYEIhh2yYpoXQ,Bud's Coffee Bar,Manhattan,New York,4.5,28,Food
QaVaKEvRFX6LTM3ier5Fgw,Villa Madina,Manhattan,New York,4,5,Restaurants
4S07UnBORgzvHWAGbLe7Sg,Le Colbert,B0st0n,Massachusetts,4,16,Restaurants
kKY726bQREexYHHNLK1H7g,Fabergé,B0st0n,Massachusetts,4,268,Creperies
Jx_yt96GM7_teICxgmpxjg,Villa Madina,Manhattan,New York,4,4,Restaurants
lvktk05PDgwbhJAPcNHXBw,Equinox Fitness,Newark,New Jersey,3.5,3,Fitness & Instruction
nKbk6Y3ow9d85kX9zmloew,Fox and Fiddle,Manhattan,New York,3,30,Pubs
SP_YXIEwkFPPl_9anCYmpQ,The Steady Cafe & Bar,Manhattan,New York,3.5,27,Restaurants
6JMrdDVIoQGQaHlfWFRoyA,Original Congee,Manhattan,New York,4,17,Restaurants
6zGFo0j5k1Wxu-DszZKfLA,Tech Direct,Manhattan,New York,1.5,3,Shopping
mHWqBgewPOq5vTDYQrtR3g,The Barber Chair,Yonkers,New York,1,3,Hair Salons
WX_AxeSKqj6E90IUuv7fBA,Clarke Memorial Hall,Buffalo,New York,3,3,Landmarks & Historical Buildings
ZfbwkAOnMguL_znvv_uJZw,ÊAT - Être avec Toi,B0st0n,Massachusetts,3.5,26,Restaurants
yKuAM6kL5sSKtfoe9a3GpQ,Made In China,Manhattan,New York,3,42,Hot Pot
dL2xlnfpHnFM4Y63KBIk3g,Queen Tour - Niagara Falls Tours From New York,Manhattan,New York,4.5,11,Hotels & Travel
DtERMhgmOnKX2G4ln3MR4g,Nino D'aversa Bakery,Brooklyn,New York,4,27,Pizza
Zm49-4emuoqhfb-nOPEYOg,Spanel,B0st0n,Massachusetts,4.5,41,Breakfast & Brunch
2sslQMFDlzk2yMcRGwSjdg,Rinx Entertainment Centre,Brooklyn,New York,3.5,17,Bowling
LGofZvv04PPh7HojF3z8hA,Bagel World,Ithaca,New York,2.5,9,Breakfast & Brunch
JckZrSKV7T0Y7X1bG7VZpA,Versailles Convention Centre,Buffalo,New York,2,6,Event Planning & Services
nW45ez1L6U4PsYhV1BTrGQ,H & F Jewellery,The Bronx,New York,4.5,8,Jewelry
Nd7gU02UbkoxZ7AoNFQFzA,L'Oeufrier,B0st0n,Massachusetts,4.5,18,Breakfast & Brunch
hb96UNwF1bvkueiXDsfe8A,Shio,Manhattan,New York,3.5,7,Sushi Bars
3qqAsJ9RuICOCfX1KYe6rg,Fu Yao Supermarket,Newark,New Jersey,4,3,Food
v2-3bnrCOjEdkJx9oQ012w,Zoots Cafe,Manhattan,New York,4,5,Coffee & Tea
ZcdxRKHnu9Hrm5ovzUL8xg,BAM,Manhattan,New York,5,4,Pets
bxUZorggwGDpU_liCTZazw,Restaurant Prague,B0st0n,Massachusetts,4.5,9,Czech
7hUp4XxmUCGqvPFAM8IJww,Moxie's Grill & Bar,Newark,New Jersey,2.5,65,Restaurants
WaXJWOQOPMEtGvRDFHma6g,Maria Bonita,B0st0n,Massachusetts,4.5,21,Restaurants
iyPtSR0s6EkvaQFbdJ_jVA,Pearl Scarsdale,Manhattan,New York,3,63,Tapas/Small Plates
ad5ggOL0r4rUVHDAmCEPOg,Karpaty Pantry & Deli,Poughkeepsie,New York,2.5,3,Sandwiches
xaakBWR1vsk2jgdab78Zyg,Raj Mahal,Quincy,Massachusetts,4.5,8,Restaurants
r_pB9l7J_ILSeo2Zu_dfsg,Coiffure Dorado,B0st0n,Massachusetts,4,5,Beauty & Spas
kRIiyFpVI6K05WnpE2h_Qg,PJ's Restaurant,Syracuse,New York,4,7,Sandwiches
aG_cTfpfZaMrtDhH-hrCxA,Pizza Alps,Rochester,New York,4,4,Pizza
cGW6Q5_r4Y6jtARRCXnx6w,Happy Bakery & Pastries,Manhattan,New York,4,5,Bakeries
Px3xYvClWb-wSjyERBFWNw,Pizza Roma & Restaurant,Manhattan,New York,3,14,Pizza
dn2Y7pRl84PhlcZmkukx3w,Champion Cycle,Manhattan,New York,3,4,Automotive
dvStVWblsTfipwpntXVhAg,Leaf Donair House,Buffalo,New York,3,4,Restaurants
Wh-88_t2yJrJtXwCoXvuYg,Spynga,Ithaca,New York,4,9,Active Life
tcRiN4xqcMrH9aGETPnlkw,Nick's No Frills,Manhattan,New York,2.5,7,Grocery
yCstxbTqAbdBKr4jDjMGFA,Vesuvio Ristorante,Binghamton,New York,3,7,Italian
Luk0zgT3YDO6u4UqP1uDdw,Colangelo's no Frills,Utica,New York,1.5,5,Grocery
FugJPYpYOL6O1w7AbJ2cag,Chez Fred,B0st0n,Massachusetts,4.5,35,Coffee & Tea
lPwGQCuESSGQ0hKQAbRWLA,9Baci,Ithaca,New York,3.5,14,Italian
zQMuohEZ1H2tOWjkZEIzNQ,Quality Inn & Suites PE Trudeau Airport,Waltham,Massachusetts,4,3,Hotels
bUWLbGxs0IPECP5JLoO10A,Pacini,B0st0n,Massachusetts,3,16,Italian
D7e_2VZ2vcVhrhhgaIUluA,Panagio's All Day Grill,Buffalo,New York,4,79,Food
udolIiKcJU71CfXZ5phScA,Comfort Inn,Queens,New York,3,8,Event Planning & Services
S6SOpA7hL5lkNQ8U8TnjWQ,Dunkin',Newark,New Jersey,3,5,Delis
u3wWKIIdTZuAYqa2jHJoxA,Konner Chinese Restaurant,Manhattan,New York,3.5,21,Restaurants
G45f-qnzJ29MiDpdpTNB1Q,Kc Jewellers,Manhattan,New York,2.5,3,Jewelry
8MHEYBkI6vpyNEYiP3wvQQ,Dunkin',Manhattan,New York,3,15,Food
yqxj3XDFcPzMtWynvERZiA,Monsieur Smith,B0st0n,Massachusetts,3.5,24,Diners
NM_0HjWOEkHOaB2bL5AN4g,Public Library,Manhattan,New York,2.5,3,Libraries
OH3_Jvh0EvaKV3hfUQLgvg,McDonald's,Holyoke,Massachusetts,3,7,Fast Food
OgMfy3-aj48cEwjX-y1h4g,Vape Awesome,Huntington,New York,5,3,Shopping
GexEfiyVAtNjrBFYMwJEWA,BlackToe Running,Manhattan,New York,5,6,Sports Wear
TF2azC6PrbjDbTE5Y0waJQ,The Yukon,Manhattan,New York,4,16,Nightlife
4cSE27-UJvErnGc0KYS_ZQ,Riverdale Community Midwives,Manhattan,New York,4,4,Midwives
8pZyJddaQd2LBa8rqTcsqJ,Sommet Plymouth,Plymouth,Massachusetts,3.5,7,#N/A
hSSa5dKU9ES5jY8RmNcO9g,Déjeuner la Terrasse,Cambridge,Massachusetts,4,5,Breakfast & Brunch
0pYqfmqfziMMXqZoydIqFw,Yeh!,B0st0n,Massachusetts,2,4,Creperies
YFFQuzPhELjwkbVe2SXGEw,Starbucks,Manhattan,New York,3,12,Coffee & Tea
Y_2VnPA2rxedGkiRFad9yw,Restaurant Calzone,Malden,Massachusetts,4,14,Restaurants
d-CEhRuGdUpDxG46Yol2vQ,Cinemas Guzzo,Wellesley,Massachusetts,2.5,3,Cinema
D41ZyUlNGPwWjGZ4aGCM_w,Edge Walk,Manhattan,New York,4.5,29,Challenge Courses
o4PiF4gS8c7IJESIeykxxg,La Lumiere du Mile End,B0st0n,Massachusetts,4,20,Restaurants
xfeQtCCNsGhay7Z8poHTpg,Chef Yan Chinese Food,Lake George,New York,5,3,Chinese
BWm-6W3k2cTYWW6Fs5MNtA,The Jerk Joint,Manhattan,New York,3.5,58,Caribbean
PZvclt8AcdAbIBh_tuJEkQ,Omnivore,B0st0n,Massachusetts,4.5,132,Sandwiches
ICC-Xz2oqLHfMti8hRy4NA,Daily Sushi Japanese Restaurant,Manhattan,New York,3.5,55,Japanese
gTY5awti2ditW0LuU3YGKA,Hamizrach,Brooklyn,New York,3,6,Middle Eastern
BxwiwhcayVi3Eqw6IssNLg,Multimags,B0st0n,Massachusetts,5,4,Newspapers & Magazines
4BBKQ7z52jKV4itxviOfLg,Les Jardins Waltham,Waltham,Massachusetts,2.5,3,Shopping Centers
VC-S7T5aSOP9HTKu_TNHKA,Ho Garden Chinese Restaurant,The Bronx,New York,2.5,36,Chinese
XY4IB8UI5-LBh03jCgBrWg,Déjeuner Inc.,Framingham,Massachusetts,3,19,Breakfast & Brunch
1mGHeSYj-iCilxQYLXSlUg,Luciano Trattoria,B0st0n,Massachusetts,4,12,Restaurants
uQBpqa5vqv_Dzcks9q9E7Q,Scruffy Murphy's Irish Pub & Restaurant,Poughkeepsie,New York,3,14,Nightlife
yMeoVQ91eYd4CUtIRyf0dw,Kahawa Coffee House,Manhattan,New York,4.5,4,Food
_54EX-5-cXLw36ePY8rsXA,Chocolate Charm,Brooklyn,New York,2,3,Food
7W8NfY5eKYxrLtfbpkWouA,Gyutaro,Manhattan,New York,3.5,48,Asian Fusion
UNlHO5PyA--hSM4SvbPGyg,Reliable Fish & Chips,Manhattan,New York,4,41,Fish & Chips
v0EeU442CG9-FYt5kQLzUg,Terrasses Bonsecours,B0st0n,Massachusetts,1.5,32,Restaurants
XBRMRpb9aqCLRLBPbI2n4g,Aroma Espresso Bar,The Bronx,New York,3,16,Tea Rooms
6zRWcbJ2UHIbB6bWusQBtQ,Young Drivers of New York,Manhattan,New York,2.5,3,Specialty Schools
NncsqhAElh0zykYdUULByg,HarBin Dumpling,B0st0n,Massachusetts,3.5,34,Canadian (New)
3MFd1h2Cp3HSTLjgCaxxCg,Safe & Sound Installations,Newark,New Jersey,5,3,Automotive
qR1zrNCskMFvJ5Fu-kKMKQ,Century Room,Manhattan,New York,3,17,Nightlife
ndH2LFHRKxM1RWHmtvZdOA,Spirits Bar & Grill,Manhattan,New York,3,44,Bars
Uyh4JZ0T3nbpBWzm1xrABw,Smoke Bourbon Bar-B-Q House,Manhattan,New York,3.5,66,Barbeque
vbg-B4T05TCyZGOk2L8WCQ,Che Bella Spa,Manhattan,New York,5,4,Beauty & Spas
YG1mYYjnIfyL6YoUzFxfmA,Rochester Mills Animal Hospital,Manhattan,New York,3.5,3,Veterinarians
OPsIWWjT9lmhKd-MvTWJPQ,African Delight Cafe and Restaurant,Manhattan,New York,4,3,Restaurants
2RIcAKwFl3_mJEVZCJfKqA,Le Trèfle,B0st0n,Massachusetts,3.5,26,Irish Pub
2O8Hq2eQ0hGFywNFJzuJqA,Restaurant Pizzeria Hochelaga,B0st0n,Massachusetts,2.5,3,Pizza
jypM16ro8hNkOEOVYuW4YQ,Dépanneur Mim Jim,B0st0n,Massachusetts,3,3,Food
vp5HY5GbL4DmNAod9t-FKA,CVS Pharmacy,Buffalo,New York,2,3,Shopping
SlNVQmdzHfMKI_uPQoC28A,Burrito Masters,Utica,New York,2.5,11,Restaurants
qWiUdhH20mjErtTDvfua-g,Café Cubic,B0st0n,Massachusetts,4.5,11,Cafes
W9y5HzHFwsxsGNMlC2KAaw,Tiger of Sweden,Manhattan,New York,4.5,3,Shopping
FkJjpKjxTU0xuF4PIKyJVw,Lac Vien Vietnamese Restaurant,Buffalo,New York,3.5,34,Restaurants
mClrNYcwg8-pUJA2yMJttA,Romano's Restaurant,Oneonta,New York,3.5,18,Lounges
UqlVUziHTKMNxpGdboWTlQ,The Loop,Manhattan,New York,4,14,Nightlife
Thv_adxvlMzfWLNhaPi6DA,Hertz Rent A Car,Manhattan,New York,1.5,10,Car Rental
7cGiBx1s4W5GHC1SbAsmGA,Mariko Japanese Restaurant,Manhattan,New York,2,13,Japanese
DQLhafBySo3p2EJudn-7WA,Toshi Sushi,Manhattan,New York,3.5,30,Restaurants
72MvP0CsQvUr0aWnlVAxoA,European Massage & Physiotherapy Center,Buffalo,New York,4.5,5,Beauty & Spas
l9FErvgeBk1arsR9ZG3PwQ,R Squared Cafe,Manhattan,New York,4,87,Cafes
XGwMA2oWehuq4jZramqFiw,Impéria Hôtel et Suites,Orange,Massachusetts,3,4,Hotels & Travel
Pi2laGNPpaEp-h9kcWnVlg,Buffalo Animal Hospital,Buffalo,New York,5,17,Pets
mCsZn80l6eWxxiJ1uoK7rA,Silver Mile Service Centre,Newark,New Jersey,5,3,Automotive
e21S4uwS1sMgPBjTjCaEFw,Manhattan Animal Hospital,Manhattan,New York,3.5,9,Veterinarians
ro6zuUVw5rNUMLjAw4C5sw,Carlaw Bistro,Manhattan,New York,3.5,7,Cocktail Bars
X_whSFHl_ZRJEeptCLECag,Ana Nail Boutique,Manhattan,New York,4,12,Beauty & Spas
KjuvzMveMCyUqbQy3dBuBA,Rich II Fine Cuisine,The Bronx,New York,1.5,5,Restaurants
Wb1bbXXF9k3XI1vL9GDuaw,Char Le Blanc Salon & Spa,Utica,New York,4,8,Blow Dry/Out Services
FQjBwOxp1T6bd9y-hdfkag,New York Public Library,Manhattan,New York,3,5,Public Services & Government
EGKj4hlDGHj66BbvYIwFBA,Meg,Manhattan,New York,4,7,Formal Wear
QPSRgMmcjLt_gDU2y5bPSw,GRK Fresh Greek,Newark,New Jersey,2.5,15,Restaurants
gRpxR-df6deXOvV2qr7x-g,Archery District New York,Manhattan,New York,3.5,13,Active Life
NtdC-iaMHp8z8tMFOl6VYQ,McDonald's,Manhattan,New York,3,5,Fast Food
TMEtXIh1PXsIryjTOmZWPQ,GRK Fresh Greek,The Bronx,New York,2.5,10,Greek
Spt-wIrhiEY2YVsxGj8qjQ,La Soupière,B0st0n,Massachusetts,4,7,Shopping
WCZGdEzTEv-NcpCnlPPULw,Trader Joe�s,B0st0n,Massachusetts,3,5,Grocery
VEm9MYOb6-M8M0n6u8IZag,The Eatery,Manhattan,New York,4,4,Restaurants
0LAxn8xv6iwGi2gYjRuNHQ,Hair Scarsdale,Brooklyn,New York,3.5,5,Barbers
_O12nlv3sISPfiNAQVLM4Q,Alexandre et Fils,B0st0n,Massachusetts,2.5,70,French
KZoX9hivM5JSFMTU22kGkg,Bellissima The Salon,Syracuse,New York,3.5,3,Hair Salons
lWLJWyvhUHcRABDt-g77sQ,Toys R US,Oneonta,New York,4,3,Shopping
VKKC3SVIjrA6yf1OFLogvg,Cob's Bread,Manhattan,New York,5,3,Food
aQJw3PJQfErjW_WRrjOf2w,Haverhill Bagel,Haverhill,Massachusetts,4.5,3,Food
B29exzwhbwmKQJR60VXhlw,Robert Lindsy Milne,Manhattan,New York,3.5,3,Professional Services
k28OVH_iA7vI5dPtfNH2Zw,Manhattan Classic Grill,Manhattan,New York,3,4,Restaurants
eybQrIlcbxnIe8wTShbp3Q,Chaussures Aldo,B0st0n,Massachusetts,3,3,Fashion
iRD5SUr37n1Qynq0dZCkQQ,Tokyo Bay Japanese Restaurant,Utica,New York,3.5,7,Japanese
Km3_UNs4bFMn41nS2-_cUQ,Impressions Day Spa,Buffalo,New York,1.5,10,Beauty & Spas
ejsn5sV3trdGhhznPP5BoA,Yoshi Sushi,B0st0n,Massachusetts,3,6,Sushi Bars
IntE3YIls1M7qCziOb2M0g,Xtreme Tire Garage,Buffalo,New York,3,4,Auto Repair
o0dLbxReev84OqVfTLt9Eg,Mobilityunlimited,Manhattan,New York,1,3,Shopping
3bANQdvmchoqIffR4A0Nnw,Le's Sandwich - Banh Mi Viet Nam,Manhattan,New York,2.5,8,Restaurants
GRjyCNh5OF6NB9JZyrNCkQ,Restaurant Delicieux,B0st0n,Massachusetts,3.5,7,Chinese
HhfYWNqou4_S-C791l4H9Q,Sheraton Waltham Hotel,Waltham,Massachusetts,3.5,39,Hotels & Travel
adcFpJXyvztFJbi1nvfS3A,The Good Neighbour Espresso Bar,Manhattan,New York,4,56,Food
KeXTuUsCQUbPj18hB0aP5w,Central Library,Buffalo,New York,4,9,Public Services & Government
PJqlfj0xeMtrhsppgY93Uw,College Care Walk-In Clinic,Manhattan,New York,2.5,8,Walk-in Clinics
aMENiASifzdpMXjHQxSDAg,Shelter Furniture,Manhattan,New York,1.5,6,Shopping
bVgRVpdPgwHBLa7RHb9CpQ,Bistro le Cap Vert,B0st0n,Massachusetts,3.5,18,French
MPaT8IN4T45_gBaLkTgrtQ,Putting Edge,Niagara Falls,New York,4,8,Active Life
pTfJpNGObuIBRP4rwcA3Rg,Chocolats Favoris,Brockton,Massachusetts,4,3,Ice Cream & Frozen Yogurt
6ti3AWLJ3wXsgDcTg3SzOw,Hard Rock Cafe,Binghamton,New York,3.5,41,Restaurants
DN41zEsg2Nem0vK_j1gjTw,Moldova Restaurant,Brooklyn,New York,3,12,Ukrainian
WP2qPWJ4D3zzStq7myUA9A,Subway,Manhattan,New York,2,5,Sandwiches
Cow4e-5BdbX46ZWxM0geCQ,La Chilenita,B0st0n,Massachusetts,4,11,Delicatessen
zQec5M_zrLE1HQ7G786WuA,Bounty Restaurant,Buffalo,New York,3.5,13,American (Traditional)
3vpSFjMokFbmOuINzNuZSg,Massage Addict,Buffalo,New York,4.5,3,Beauty & Spas
7f_edPZNJfP-kmUtFhIsOA,The Embellished Room,Manhattan,New York,3,4,Women's Clothing
f8dJLMQ7UxV1mri5tbaJGA,The Sweet Escape Patisserie,Manhattan,New York,3.5,34,Desserts
8VQu2-4UOXNm0eqVpjkE_Q,Porchetta & Co,Manhattan,New York,4,193,Sandwiches
5HTzpFDnjbGZ8kz1q8t7Ng,The Bay St Clipper,Manhattan,New York,1.5,4,Hair Salons
ui-tH5JiK-y5_tzSuowMDw,Nejibee Izakaya,Manhattan,New York,2.5,7,Japanese
TlLJpQcJTXjcmrvlWKacpw,CVS Pharmacy,The Bronx,New York,2,4,Drugstores
xBlHvE-5M5zdlWCftk5_tw,Il Pescatore Ristorante,Buffalo,New York,5,3,Italian
kbRo98Dy9XVSBe1Msau55i,Café Van Houtte,B0st0n,Massachusetts,3.5,7,#N/A
eS7a3GBx-k5h5o-cf6rY4Q,Keramin,Brooklyn,New York,3,4,Flooring
QsR8rb9ZVAgssdOat1KgxQ,Fat Phill's,Manhattan,New York,3.5,29,Greek
_RjG0B-AC5Lj3iyyrliVTw,Denny's,B0st0n,Massachusetts,3,6,#N/A
gPTOCR7I9nVbz42mNLrPQw,On the Level,Manhattan,New York,3,3,Bars
9g138EC5N5XcC10TV_9OWQ,Lionesse,Manhattan,New York,1,4,Shopping
PVY3iGb-2R2psCm2iqprjA,Andies Barber Shop,B0st0n,Massachusetts,4.5,18,Beauty & Spas
w3SN2nuKvvv0lEABia0jYw,Charlotte Cleaning,Manhattan,New York,3,7,Local Services
348ixTx_hGXSICSNSfmJ_w,Passport USA,Binghamton,New York,4.5,6,Public Services & Government
WSQ2-Z46J5VG_D875EEv0A,Dairy Queen,Poughkeepsie,New York,4,4,Ice Cream & Frozen Yogurt
1PGcLJ6SKcpNW3NeWJRXJQ,Restaurant Casablanca Francais Italien Marocain,Plymouth,Massachusetts,2.5,6,Moroccan
QtWdte4lz7OyzyJdWvj1nA,Ambassade Boris,B0st0n,Massachusetts,3.5,6,Restaurants
0VV9NpdJ9_CGo0xYrlzNnw,Occasions Restaurant,Manhattan,New York,4,17,Greek
4u99SJ3pkJ7I4Xpq9ZWhQw,Finest Gold Gallery,Niagara Falls,New York,5,3,Jewelry
NF6di6YcQxN0rDAleE7SyQ,Ten Ren's Tea,Elmira,New York,3.5,133,Coffee & Tea
ap47WXyhhiHMqlbxIPvlmg,House of Buddha,Plattsburgh,New York,4,4,Restaurants
PWCx1a4bfJs2hCsD8gt4Lw,Langton Salon,Manhattan,New York,4.5,6,Beauty & Spas
tj9pFG_hvwP2MvjjT-hEDQ,Baba's Doner House,Manhattan,New York,4.5,5,Mediterranean
6cOAVC3l0sv5bPpS5cU99g,Minimod Coiffure,Pittsfield,Massachusetts,2.5,4,Beauty & Spas
wAw6033yHZdBaqAYDuus3w,Návita Bakery,Ithaca,New York,3,7,Bakeries
LNrDNdnCjgZXWeFefD4rpg,Banana Republic,Manhattan,New York,2.5,6,Women's Clothing
jLDXXkzbFXNuy7LF6dG4Hg,Wize Guyz Pizza,Poughkeepsie,New York,3,8,Specialty Food
4NENyDCdW9_H5IN-Jvz-YQ,Birona Hummus Bar,B0st0n,Massachusetts,3.5,13,Salad
G1Als7Z5qCruetTGyIAWuA,Wow Korean Restaurant,Ithaca,New York,4,7,Restaurants
AdoO5Wn2Y9PbmyLBwXnTgQ,McDonald's,Utica,New York,2,4,Restaurants
TITY-kzuk2hLumFrPnVlgA,Funky Munky Cafe,The Bronx,New York,4.5,51,Cafes
bTPwIYhcPG_kQGC0YRhC9Q,Sushi Bar Sushiya,Manhattan,New York,4.5,17,Restaurants
OWV_iMIEpTIDLXTPhfFSDw,Menchie's Frozen Yogurt,Brooklyn,New York,3,27,Desserts
esWCECUndh5YvgPsKz77Yg,Ari Dental,Manhattan,New York,3,4,Health & Medical
4iOC8nPS2UF_mKzV9CYqYQ,A&W,B0st0n,Massachusetts,3.5,9,Burgers
eka4fAFffyLu9h6uS-tAWA,Utica Place,Utica,New York,3,16,Shopping Centers
naTXjWzBdINebf6jfnwtwA,Restaurant Hong Kong,B0st0n,Massachusetts,2.5,13,Chinese
KWojrEKjUqHCRI5HO7pB4g,MoMA,Manhattan,New York,4,174,Arts & Entertainment
I6Yk6XYDEc_zr_mcAgb7Mw,Magic Needle,Valley Stream,New York,3.5,8,Women's Clothing
Jadp-zRKLOmav3aECRjALw,Mikes Restaurant,B0st0n,Massachusetts,2.5,24,Pizza
xS23bEVhZ0u8BBh1V-QeCQ,Tomi-Kro,Manhattan,New York,4,24,Asian Fusion
Xci84u2AdXk19EVwKJJa1A,Lettieri Espresso Bar Cafe,Manhattan,New York,3,22,Food
8jyRappgLsrYJoTuaVdVZw,Club De Muay Thai Daosawan,B0st0n,Massachusetts,4.5,3,Kickboxing
JmejAEIdV924RiD9ltCJMg,Kitchen Stuff Plus,Manhattan,New York,4,6,Department Stores
JJ1Ruu37kn66YSWUmCKNCw,Restaurant l'Academie,B0st0n,Massachusetts,3.5,78,Italian
ZCHJPa87_VFcVFSHqJOMpA,America's Wineshop,Manhattan,New York,4,10,Beer
3U2xuNVUApXMCvFmp59GYw,Naturally Yours Health Food and Vegetarian Gourmet,Manhattan,New York,3,16,Restaurants
dKVwC-UJDFzfOci3xDs0jQ,Spring Rolls Delivery,Manhattan,New York,2.5,7,Restaurants
n2KZTsnGqbv2sRbfDcEk5K,Mushkaki's,Manhattan,New York,4,27,#N/A
arBm37UVSwHEnmj9RYsGTg,PJ's Petshop,Poughkeepsie,New York,2.5,3,#N/A
_4noxz6NM0gBeVhZ58Emtg,Lamanna's Bakery,Newark,New Jersey,4,110,Bakeries
WYCqJ_4hizPZEFvEipYBww,Bonnie Togs,Newark,New Jersey,4,4,Fashion
6nxvRF3qYx0PV-eXrAy2UA,Elte,Manhattan,New York,2.5,11,Arts & Entertainment
NkmAiOVCrwt2X-Ctv-W95Q,Mo's Family Restaurant,Utica,New York,4,60,Event Planning & Services
syS4ouT2xHqZfLb0RjmbhA,La Piazza,B0st0n,Massachusetts,4,4,Steakhouses
raXPw0esyJDKqLboYihK8w,Curve Nails,Manhattan,New York,5,4,Nail Salons
i3jZgPgXPtXbZIjv7obagQ,Szechuan Express,Manhattan,New York,2,13,Chinese
pkhu1GXRhtuQUSUUH_qLPA,Donato Academy of Hairstyling and Aesthetics,Manhattan,New York,3.5,7,Hair Salons
v11nL8xtY2ZPP8ADyPectQ,Café Plume,B0st0n,Massachusetts,4,52,Coffee & Tea
2ZQgMDAExlWGJMRgFe03GQ,Belle Ny Nail Salon,Smithtown,New York,3,4,Beauty & Spas
wBNDMmuCThJ_pbjyMHTrlA,TORQUE BARBELL,Manhattan,New York,5,3,Active Life
wTt3RSf1z_9gONhzKTJt_A,Sun Scarsdale Cleaners,Manhattan,New York,2.5,5,Laundry Services
d0aJ8ZvfuSDcuDeYB1kCbQ,Natural Inpressions Permanent Makeup,Manhattan,New York,1,4,Beauty & Spas
_W-qUlstqSuWZzvIOxTEXw,Lusso Restaurant,Manhattan,New York,3.5,8,Italian
r4Vh26CwALvtNiyN6NmJjD,Ciro's,Manhattan,New York,2.5,33,#N/A
aPIowUY3jp8ZGTlFoAMw_Q,The Abbot Pub,Manhattan,New York,4,20,Nightlife
D8IyUg-v-DjppldPwko0sQ,Prix Plus,B0st0n,Massachusetts,5,3,Home & Garden
drr3d_VhJ7ZtBkMeeNIPOQ,Symposium Cafe Restaurant & Lounge,Levittown,New York,3.5,14,Bars
Erf_MwkL0Gls3tCJvz41-A,180 Secondi,Manhattan,New York,4.5,35,Restaurants
jwYnXuaSqtpiNwyU72Vm9Q,La Sirène de la Mer,Norwood,Massachusetts,3.5,26,French
oKHyQik5hk1L3jG0trLL1Q,SVP Sports - Steeles,Manhattan,New York,2,3,Fashion
P-GCaDF4i1w9YkUM6YSK9g,Bridal Suite,Manhattan,New York,3,6,Bridal
F0VffEveuy3Dv6Nclbi90A,Nice One Nails,Buffalo,New York,1,5,Beauty & Spas
wfO69JUp-H8kbm3dn0zcnA,Hawaii Ice,Pittsfield,Massachusetts,5,3,Coffee & Tea
baY3pCVhwAKyWFXagiOCNw,Sometime Cafe,Manhattan,New York,2.5,7,Restaurants
62oOH5v08ugPK5EkXYC7iA,Mr Sole's Shoe Repair,Manhattan,New York,2,5,Shoe Repair
lVvHfjD3Q79OUZq2ZuN7EA,Boneyard Grill,Elmira,New York,4,68,Burgers
l_aV5Vlllop0-JE8FOiXLA,Wolfgang's on Brock,Syracuse,New York,4,14,Comfort Food
PjWSDjJKFggNz9suq2Y4jQ,Midas,Manhattan,New York,3.5,3,Automotive
wyX3zpx--XuSFnQAa4rRRA,Empire Theatres At Square One,Buffalo,New York,2.5,5,Arts & Entertainment
0-yj2jtzLUHG2b7PpEHyog,Rendez-Vous,Manhattan,New York,4,64,Ethiopian
nKuRxsEsldWAbU7_PAkaKQ,Even Tan 2,Lake George,New York,5,3,Tanning
6hwYxnND6eqqKRtUZD-Ksw,The Fifth Social Club,Manhattan,New York,3,73,Nightlife
Fd8WIoEd9g0ClvGeKq8Dww,McDonald's,Binghamton,New York,1,3,Restaurants
a7LVjIdtscjT_a4l15hINw,The Dutch Bros. Coffee,Brooklyn,New York,2.5,5,Food
Qe8vFq-3HMld-ymBQLDnpg,Cynthia's Chinese Restaurant,Elmira,New York,3,43,Chinese
MSPxscoI0criVI1EhBmf5A,La Prep,Manhattan,New York,3,3,Restaurants
bdTP_HkHpsdttG8ORg6sjw,Bay Street Video,Manhattan,New York,4.5,16,Music & DVDs
ktP6zaDkTYxEds-_SyDGkg,Fabutan Suntan Studio,Poughkeepsie,New York,5,3,Beauty & Spas
HL0OMEaj_Ay5EpSC3fzD8w,Symposium Cafe Restaurant & Lounge,Cortland,New York,2.5,15,Beer
tFe9ilUsppDcxOB5bPzxuQ,Floorplay Socks,Manhattan,New York,4.5,4,Accessories
bKQjQxd3KnKT4c9YLWjnFQ,Nine Up Sushi,Manhattan,New York,2.5,30,Restaurants
qlPL47NycE0T6CqIoYW5-w,Pizza Shab,Manhattan,New York,3.5,14,Food
gUoy_q7Et8TcXQOEGZGxcQ,Car House Auto Service,The Bronx,New York,4,4,Automotive
8-vqn5UeqY3gDXzg9-sHSg,Green Basil Restaurant,Manhattan,New York,2.5,13,Restaurants
wcR9Vbwn2EmlSeV7uBUIsA,Hemingway's Restaurant,Manhattan,New York,3.5,178,Nightlife
THt1N8zWGPYGG1TN0tc1mQ,Sushi Dépanneur,B0st0n,Massachusetts,4,5,Sushi Bars
_SObh0r3fXiUbSirWMI6eQ,Archers Arena,Manhattan,New York,4.5,24,Amateur Sports Teams
PRUhSfe7ihf3nLcihudsuQ,D & R Wing's Restaurant,Newark,New Jersey,3,22,Chinese
vM-5-paNxlVppFj-pSBjxA,Tostadas Grill,Manhattan,New York,4.5,9,American (Traditional)
U72MEhX0R4fq6qX7jbCOHg,Cafe M,Manhattan,New York,4,29,Desserts
eqyIyMvIcTdKdbOUiz4S-g,Sweeny Todd's Hair Design,Manhattan,New York,4,7,Barbers
jx-ezGcjZN7T6lwmqxJ2aQ,National Information Center,Manhattan,New York,3.5,6,Public Services & Government
myVi0xZBuYA0cWRQ3gHvWw,Pizza Pazza,Rochester,New York,3.5,3,Restaurants
SRcvkPiiI4VIZAzobIPqJg,Asia Garden Restaurant,Poughkeepsie,New York,3,6,Restaurants
7pjjLEc_l32bjliySDWF2A,Tucker's Marketplace Restaurant,Newark,New Jersey,3,15,Restaurants
DT6kxHRn4W-dHac1IdnUFw,Miki Nail,The Bronx,New York,2.5,21,Nail Salons
kjA9wW2oko9B5D0ZHoKztQ,Château Amoo Jamal,B0st0n,Massachusetts,3,13,Restaurants
w7SGswPn3aT9EjJ0duIkQQ,TGI Friday's,Manhattan,New York,2.5,6,American (New)
0bfspeY446EbLSb-7IKoBg,The Annex Wreckroom,Manhattan,New York,2.5,14,Dance Clubs
rT8eaLQKtosMtfopF_WTHg,Wendy's,New Bedford,Massachusetts,3.5,3,Restaurants
hK7AH5uxUGySRsysSdZWFX,The Lash Lounge,Manhattan,New York,5,7,#N/A
XfsNz-PWqeWtPV8bHQN0Jw,Seneca Pub,Manhattan,New York,4,3,Nightlife
FFHumlHPngG8fqq3wnqqcA,Baba Geddo,Manhattan,New York,3.5,14,Halal
-76didnxGiiMO80BjSpYsQ,Green Beanery,Manhattan,New York,3,136,Food
fGU0Eyoyq8fY787BD1PM4w,Sams Club,Elmira,New York,3.5,3,Food
B01pO_pI_8AOfEsukGNg-Q,100 Percent Korean,Manhattan,New York,4.5,80,Korean
lx4ZFZ9yLRfB9YlKE3RWRw,Lux Spa For Hands and Feet,Manhattan,New York,3,11,Day Spas
SlVBhW2zSTlQitbEPJkoAA,McDonald's,B0st0n,Massachusetts,3,8,Fast Food
Ynk1wrA4ILmAY576hs91pA,L'Etoile de Rochester,Rochester,Massachusetts,4,8,Pizza
-4lgvwr6d8ztCPlCXl-NFA,La Mie Matinale,B0st0n,Massachusetts,4,8,Bakeries
vs-eTn1UgR8yokQrGp_BlQ,Mr Cream,Manhattan,New York,3,4,Food
xBWn8DSwxzwkWL4JhfzP2g,Le Palmier Glacé,Haverhill,Massachusetts,5,4,Restaurants
iL3Jpm1h1lkQMHXZe6T1CQ,Zafferano Ristorante,Oneonta,New York,4,38,Restaurants
HmZ-B9h4SMmzzqiPENQEIQ,New York Smithtown Leafs,Manhattan,New York,3,6,Professional Sports Teams
pR-2JcFQfm9g7hO-BShFsw,Greek Gyro Grill,Manhattan,New York,3,3,Greek
uG-NjSPrYKefEYwlSNLi7w,Long & McQuade,The Bronx,New York,4.5,5,Shopping
uB0--oSQ0x5scE447E7t5Q,The Ecig Flavourium - Vape Boutique,Manhattan,New York,5,7,Hobby Shops
5QyXpkapbgAa11FF9jZJQQ,Casa Grecque Restaurant,Framingham,Massachusetts,3.5,3,Greek
OqHdJerbhl4qaQGezmUC5w,Panera Bread,Buffalo,New York,2.5,34,Salad
vxayRNC0ciblv2ZRiJ9_eg,Downtown Lumber & Building Supplies,Manhattan,New York,4,7,Building Supplies
3hvC5_f0C6eiiLiP7ICaxg,Valley Stream Arms Pub & Grill,Valley Stream,New York,3,74,Pubs
P8MXruQskH67Nxi0LrKCDw,Fiveoseven Clothing,Manhattan,New York,3.5,5,Shopping
L3Qk8ovraIalz1MaypaNiw,Great Clips,The Bronx,New York,2,6,Beauty & Spas
Q62lGVKqoKJ09lZNt2qpfw,Lucky Chinese Restaurant,Newark,New Jersey,4,59,Restaurants
AlcYus9YbpE5L4y8QhbZ_Q,Cup & Cut,Manhattan,New York,5,8,Restaurants
IBF_y8Ru0yKd2nZUTal0IQ,Princess Nails & Spa,Binghamton,New York,2.5,3,Beauty & Spas
KIjXXRrmmdKmep5jwlVGlw,The Ten Spot - Leslieville,Manhattan,New York,3,12,Nail Salons
Bp2DjjBeVnt-qPs_XOzdSA,Restaurant Trang An,B0st0n,Massachusetts,2.5,3,#N/A
fNsZkEyCXuDVWjUz_xq8yw,Bloke,Manhattan,New York,3,7,Restaurants
in7vMyGQvGT2JzlE0A2bkQ,Restaurant La Vieille Histoire,New Bedford,Massachusetts,5,5,Restaurants
X_tCV04LswnYY3APs6mBsw,Chuck E. Cheese,Newark,New Jersey,3.5,3,Restaurants
I5QvL9LwQFuece4NXXUtSg,Quinn West,Manhattan,New York,4,14,Beauty & Spas
favlri0nipSO8Jdq9X9Vyg,Budget Car Rental,Manhattan,New York,2,5,Car Rental
6EiGNwgjnne1Q9P0hZShlQ,Cooksville GO,Buffalo,New York,3,4,Hotels & Travel
QcDz2fNxKCa-zcYTCHiAxw,Toys R Us,Yonkers,New York,2.5,7,Baby Gear & Furniture
0FDKz0eZUo3QqkIOoRdX5A,The Contender,Manhattan,New York,3,16,Bars
siqdtAZpwI3HmbawzC-15Q,Woofstock,Manhattan,New York,3.5,22,Pets
ck3rA4xSMx4T8QLCwZ9hwg,Marathon Souvlaki,Framingham,Massachusetts,4,58,Greek
J4_q5iMukg-UnnLnT6ZwAA,Northern Belle,Manhattan,New York,4.5,31,Nightlife
ZGqVq5LINchnGF2mitseFg,Vino Vin & Terrasse,B0st0n,Massachusetts,4,5,Tapas Bars
rksiwImM2ZQ5nQGKLGpT7g,Leslie Grove Park,Manhattan,New York,3.5,3,Active Life
X5jEndzpQZcXDEb6HQrKKw,Green Bay Tire,Elmira,New York,2.5,9,Tires
3XBlOLsfH25eRHeV8guQBQ,District Library,Manhattan,New York,3.5,9,Libraries
RADloW1UROUn4FJFU4JJNg,Buster's Sea Cove,Manhattan,New York,3.5,233,Restaurants
dkIDOs3TngDNHGR8c2cbqg,Toasties,Chatham,Massachusetts,4.5,10,Sandwiches
1VAsBosvx02jpvIUxiKvmg,The Dumpling Shop,Manhattan,New York,4.5,11,Restaurants
_Ss4d4dYzehTmWJGpkqL7w,Taste of China,Manhattan,New York,3.5,88,Chinese
hIF6vmLGvBgjpit1NNjDGw,Tatlows Broiler Bar,Utica,New York,4.5,9,Breakfast & Brunch
o--UwyMsiS_mfPOqB3nNIw,The Home Depot,Utica,New York,2,4,Shopping
WtDwMqPWldXXS2xGUGBbuw,McNally Auto Service,Brooklyn,New York,4,11,Automotive
V9DPZmn2irq3hC-X4vxaBg,Betty's,Manhattan,New York,3.5,109,Dive Bars
lhygLa0ddGnWBvFRj65mFA,Dealicious,Manhattan,New York,2,4,Discount Store
2jS79ABLQY_T7YqETy8zCA,BATL,Brooklyn,New York,4.5,14,Recreation Centers
KXl2k4LkrmnHRTTAY-TVDQ,Bombay Chopsticks,Buffalo,New York,3.5,41,Restaurants
MH3WJlnNHKWCpZ2q7YbuOw,The Pint House,Manhattan,New York,3,26,Restaurants
w0R4b5kWvepyUV3VtLr1rQ,Itamea,B0st0n,Massachusetts,2.5,3,Asian Fusion
CfMWZOn5bnUeYirGpKhonw,Studio 1250 Salon & Spa,The Bronx,New York,2,6,Hair Extensions
VTZ4Ef8aiRWPoBz5BoR8Kg,University of New York Athletic Centre,Manhattan,New York,4,11,Arts & Entertainment
mQWseGbBVPsoESvW1p6Jnw,Pâtisserie Cocobun - Guy-Yonkersia,B0st0n,Massachusetts,3.5,31,Food
TCr7O2v9L7sH-CZbtpz0KQ,Pho Viet Restaurant,The Bronx,New York,3.5,55,Restaurants
O5sdo0FLUrRQirA6la60jQ,Librairie Crossover Comics,B0st0n,Massachusetts,4.5,5,Shopping
Q3pE7839qM-sWHuh2wiG9g,Beach Hill Restaurant,Manhattan,New York,3.5,18,Breakfast & Brunch
cqMxQoSVSmFo4Vbh5oYtBR,Diana Meat Groceries,Manhattan,New York,4.5,6,#N/A
Rp9gsthQjYKkZenRMWmQag,Sherbourne Animal Hospital,Manhattan,New York,5,39,Veterinarians
4NPEbGdNKO2l7PFoHiGWmw,Husky House Restaurant,Peekskill,New York,2,4,Restaurants
Kx-pn6Sci2BQW7jYgWQ9Hw,Bodega Tapas,Plymouth,Massachusetts,4.5,3,Bars
ytopaFdyz1Rf19CR2q1RVg,Freshii,Manhattan,New York,3,6,Food
QhXbuw-UXSjglWV61TpyYA,Winners,Buffalo,New York,2,4,Fashion
u88TCyvAcKwa4U1BWh5dTA,Le Sanbox,B0st0n,Massachusetts,5,3,Salad
Tox9PdV2y33KNifoKuLKfA,Mercedes-Benz Binghamton,Binghamton,New York,3.5,3,Auto Repair
8SD-E0cGlcR10fbdLwK4Kg,Drink & Dial,Manhattan,New York,1,9,Taxis
833ArvXLeWBzIvAVd7u2xQ,Decent Car And Truck Rentals,Manhattan,New York,1,7,Home Services
TgdOIh7wZ2ckagxQU2fr7Q,Mr Lube,Syracuse,New York,2,3,Auto Repair
r8gNf7caHQaC2DPvarUKCj,Hof Kelsten,B0st0n,Massachusetts,4,68,#N/A
7czviCM4tDOK2JkFn5BZfQ,Dunkin',Binghamton,New York,3.5,6,Coffee & Tea
mS3QXrO2piTMQob0O18rng,Yuk Yuk's,Manhattan,New York,3,41,Comedy Clubs
wLmb9EJa-sKg0B7Qw5BWXQ,Sushi Shop,Manhattan,New York,4.5,3,Restaurants
YDukMMGY8rRxm2iEl7CzqA,Liquid Nutrition,Manhattan,New York,4,12,Food
b5sNAS-HHOtBtCq-3-npLQ,Discount Tire City,Niagara Falls,New York,1.5,3,Tires
VhUCm2sQq-GAr4J_M7u9vg,Cakes By Robert,Elmira,New York,4,11,Food
tS-cBs8tg24x5Xom0sGsFg,Haber's Rosedale Pharmacy,Manhattan,New York,3.5,3,Drugstores
ZV1DPIxOWvYuU0lHPj7SDw,Stakeout Dining Room & Lounge,Levittown,New York,4,16,Restaurants
lxnhCO-lBalLySOGiyfgWQ,Yummy Wok N Bbq House,Brooklyn,New York,5,4,Barbeque
k1c4gg8Ri5dre6ruPUKxJQ,Asia Express,Syracuse,New York,3.5,9,Asian Fusion
TGTQOGAgQ1O3sfTjZ0zuOg,The Home Depot,Buffalo,New York,3,5,Fashion
jlMmivEPoYhIxxIqkb1SAg,Big Butcher Barbeque,Manhattan,New York,3.5,42,Food
Y7oOB-c1CpgaN_3vYNyMDg,DF Salon,Manhattan,New York,5,3,Beauty & Spas
z_twvOBwyGNbuxJhsiJofg,PG Clucks,Manhattan,New York,4.5,41,Restaurants
Ux2wCjtzYHiwtbPWa892ug,Biodôme de Boston,B0st0n,Massachusetts,3.5,194,Museums
TrBwrc6P_W_XTsphbvuk9g,Starbucks,Manhattan,New York,3.5,7,Food
lskFRJureyta726Y5Jmdow,Boston Poutine,B0st0n,Massachusetts,3.5,98,Restaurants
kNOYlApfcKf4ecKL1sEmfw,Starbucks,B0st0n,Massachusetts,3.5,7,Food
TQcrs_aQKBp22sdzxiHujA,Frite Alors,B0st0n,Massachusetts,3,84,Belgian
eQRopptwTiGRGOqo5RWxbg,Mye Japanese Restaurant,Utica,New York,4,42,Caterers
aYNPPgZdS_AWLQHHgH2OUw,The Home Depot,Framingham,Massachusetts,1.5,3,Tires
b78OMuOntgDZBYYuxSVhzg,Starbucks,Manhattan,New York,3.5,3,Coffee & Tea
y3zczR5lXKGWVn6rE5fxNA,Regal Nails Salon & Spa,New Bedford,Massachusetts,2.5,3,Beauty & Spas
6CGlAafvSMyNifRne7HgNQ,MacSushi,Newark,New Jersey,4,7,Sushi Bars
fd0xELX7-1qth_yFl7Q9UQ,La Tortilleria,Manhattan,New York,3.5,9,Restaurants
32YjhbrR9YaNy7FUmsDMAv,Hamaru Sushi,Manhattan,New York,4,26,#N/A
1loClYTKmAlUxXERUZotRQ,Thai Boys,Manhattan,New York,3,7,Thai
c163MT4vFQD5PEIfoHZLxA,Soulpepper Theatre Company,Manhattan,New York,4,10,Music Venues
YaelA2AL4guONth-WSgwuQ,Nicee Drycleaners,Manhattan,New York,4,5,Dry Cleaning
XwGSlQhDF-SxhCAUjlBPLw,Urban Dental Centre,Buffalo,New York,3.5,3,Dentists
lBubp_TYQjMpzwj9mu6elw,Starbucks',Binghamton,New York,1.5,3,Restaurants
wBX_JvMFePs7eDZE2mulEQ,Target,Poughkeepsie,New York,2.5,6,Office Equipment
Lenoxf_WCLS4YN-afZIq9B1A,Denny's,Framingham,Massachusetts,3,4,#N/A
DbfvycCCKXtujII5yZuMbQ,Leaside Curling Club,Manhattan,New York,4,6,Skating Rinks
7ft1Aaqpe8hsPgfy6UVtcw,Mon Ami,B0st0n,Massachusetts,4.5,47,Korean
huNs9XKN4_ig4mVL04u9yA,FAMO Sandwiches,Manhattan,New York,4.5,10,Restaurants
rvHGv9Q7r5QkIYrCZlfoAQ,Pukka,Manhattan,New York,4,101,Restaurants
EKk2YBsqH1_cpxaDFlsqeA,Dani's Pizzeria,Salem,Massachusetts,4,8,Pizza
882TsXV6lzdg5SwyFyr2jw,Marius Bakery,Manhattan,New York,4.5,6,Food
nlqWApNOh1zZNr7j-mCrew,Galerie Boutique DadaDo,B0st0n,Massachusetts,5,4,Women's Clothing
dS90vCjgxieiI775wRo8tA,Be Bap,B0st0n,Massachusetts,4,8,Korean
nYg54aDTwBvO022bqZgjRw,Burger King - Beaches,Manhattan,New York,3,13,Burgers
F-SXXhfcCZpPya6V2afgcg,Valentine,B0st0n,Massachusetts,3.5,3,Poutineries
iodNaVGQAkAx4dDqTlfhWg,Calabria Bakery,Newark,New Jersey,3.5,12,Italian
kctysa3MXIukF5rF9UgQ9A,Whole Life Balance,Manhattan,New York,5,6,Fitness & Instruction
z1r_kSIQfxt4OWIUMRMyuw,Dave Wood Mazda,Queens,New York,2,3,Car Dealers
fahTY0JgXIC4jNfLqDbDlA,The Corner Comedy Club,Manhattan,New York,3.5,11,Nightlife
Eun-LQ5s7iYF4I6aw44flA,Parisco Cafe,Manhattan,New York,3.5,20,Restaurants
kSp9lWgQJrE9nsX7OS-x8w,Essence of Valley Stream,The Bronx,New York,3,18,Restaurants
nTG85iVHPdLFAdjb6JCjig,FruiteaO,Manhattan,New York,5,4,Tea Rooms
Qi6evo_PPMLwNyVyau45_w,J&S Services,Queens,New York,1.5,4,Home Services
BVxen382pORVZNQEDdQlKQ,Tabule Middle Eastern Cuisine,Manhattan,New York,3,19,Restaurants
27g0WGAglYdVsfoYuTTVnA,OPUS hair,Niagara Falls,New York,4,4,Beauty & Spas
CwdJZzpaUIMcirCogxCGaQ,Harvey's Restaurants,Manhattan,New York,3,4,Fast Food
ZvtzjwRaGFfoDJ4gTQhrEw,Black Knight Restaurant & Tavern,Manhattan,New York,2.5,13,Dive Bars
AzWTrN5rSQpvGOq7ONDkFQ,Warehouse Wines & Spirits,Poughkeepsie,New York,3,5,Food
C5f0zLJ822I1EvVLplJDcg,Oasis,B0st0n,Massachusetts,5,3,Restaurants
SuzCEfZ0y9wCqFm9zV0ODg,Spa Concept Manon Lemay,Worcester,Massachusetts,5,4,Day Spas
PX1Fa9RvXebfdwVVnvOhUw,Queens Royal Dry Cleaner and Alterations,Manhattan,New York,3.5,3,Sewing & Alterations
IfX9MOeFSz8c9SO9o7RDvA,American Airlines,Fall River,Massachusetts,2,43,Hotels & Travel
FUSXKElYcfJr5tdPEFmJgQ,The Diamond Company,Manhattan,New York,2,3,Shopping
AsKgcZUYfe6EtOcAE0mvQg,Starbucks,B0st0n,Massachusetts,3.5,6,Food
1XJ_wBHjkjlItlLLYsAu3A,Sunrise Records,Manhattan,New York,3.5,7,Shopping
FAORMyKlH-yxD8u-gWlZ4w,Level 3 Salon,B0st0n,Massachusetts,4.5,6,Hair Salons
pf3ImlVTUPDapYqQ_VoOSg,Avec Plaisir,Manhattan,New York,3.5,5,Fashion
trKyIRyjKqVSZmcU0AnICQ,Pearl Diver,Manhattan,New York,4,380,Seafood
RYHlqtIfBapKOJHoCsWkzA,ISaute,New Bedford,Massachusetts,4.5,7,Active Life
iD-kbBVOKcYWD-HfMPONqg,O'Mari,B0st0n,Massachusetts,3.5,5,Food
7VNIHO4cNxHgkd6ws5I_Jg,Camellia Sinensis - Boutique de Thé,B0st0n,Massachusetts,4.5,6,Coffee & Tea
eI5LxuOHR_0K-TrPe4R6pQ,Costco Wholesale,Boston,Massachusetts,4,31,Shopping
JFxSgJXC7siDE4ThlEEzMA,Ginger,Manhattan,New York,2.5,37,Restaurants
LrrJW6ejsVL7hADfFy87Eg,EatThai,Manhattan,New York,3.5,30,Thai
qvqEYmiTpzJkXFV77YhT9w,Treats Rochester University,Manhattan,New York,2.5,3,Bagels
fWyU6G4ZFmjQhX-oosisWQ,Centennial Arena,Newark,New Jersey,3.5,3,Arts & Entertainment
pIyeSP5elAAjGuVZ-hqauw,New Balance,Manhattan,New York,3.5,6,Shopping
adfELKOWudmET4s_yZ68CQ,Han Shi Fang,Manhattan,New York,3.5,29,Chinese
gf5xG9gz7Qizv0MIyFnbQA,Starbucks,Manhattan,New York,3.5,9,Cafes
CzQNJJwJ9OqStkLSFVPaUw,Five Iron Golf,Cortland,New York,3.5,15,Nightlife
uzQLMtX9TP_uk8s-QZjPCQ,Honey Martin,B0st0n,Massachusetts,3,16,Bars
XigxkD2RKesBgL1K7XT5GQ,Jacobs Hardware,Manhattan,New York,5,17,Shopping
z1EHxFNZEy2IMayYxUHdKg,Cinematheque,Manhattan,New York,4,4,Arts & Entertainment
pgomg_u3H2RtEVUYUcngXQ,Pancho's Bakery,Manhattan,New York,4,116,Bakeries
cemMv5hvZZPj-_1V4xT9rQ,Le Filet,B0st0n,Massachusetts,4.5,78,Seafood
FRVdEk2WbCJ0eBmp4SUiRg,NBC New York,Manhattan,New York,2.5,6,Mass Media
XYyJ-hDPVrfJzLt4eeqO4Q,Beaches Natural Foods,Manhattan,New York,4,4,Food
mdUrVtZ_Uj3XFPXZSnCxcw,Sutherland-Chan Clinic Trader Joe�sCentre,Manhattan,New York,4.5,3,Health & Medical
gc5oiK75fSUwmKeSYKItHg,Korean Cosmetics,B0st0n,Massachusetts,4,4,Shopping
Sgx9o-zgGbNGGcxDcVBW2A,Features Cafe,Manhattan,New York,3,4,Coffee & Tea
My3ybPUn4R5wAKOADfPwtQ,Cirque-ability,Manhattan,New York,4.5,7,Active Life
_utUCkYKt8zl5CVEDiO9Sg,New York Hockey Repair,Manhattan,New York,4.5,3,Local Services
gj71oj7MQ0W8FVDhzDmkNA,Living City Health,Manhattan,New York,4.5,12,Naturopathic/Holistic
q5VJvL7iHhT97GFDNkWwxQ,Jes For Hair,Newark,New Jersey,4.5,3,Hair Salons
PyIF7dcDPNpfmi8ks-sKOQ,Gangnam Sushi Restaurant,Manhattan,New York,3.5,4,Restaurants
atQ2uSMC5By_7Jsgdl8YpA,Luv' IN Nails,Manhattan,New York,2,18,Beauty & Spas
g9QbtqtvnRRi51niwt3m5g,Rachel Rachel,B0st0n,Massachusetts,3.5,5,Bars
IosQauHJIR93l-XA1SrJcQ,Spellbound Hair Design,The Bronx,New York,3.5,24,Beauty & Spas
GC6UVoPAWA_fk0Z9bApBfw,Parc Nature du Bois-de-Liesse,Fall River,Massachusetts,3.5,5,Active Life
paCgjLEUEVM38VZ6Sjghgg,Comedy Bar,Manhattan,New York,3.5,90,Nightlife
nOmR49imE4GtmwWVLkHS9A,Pancho y Emiliano,Manhattan,New York,3,73,Restaurants
XrTBE-oN-TWmfGcyXNEVZA,Studio Breathe,B0st0n,Massachusetts,4.5,7,Yoga
a8Ta92zOAT7VFsRwcDACAw,Restaurant La Pataterie,B0st0n,Massachusetts,4.5,6,Restaurants
ElqiECV-w1e0YHSI5YC7bg,52nd Street Tap & Grill,Binghamton,New York,3,3,Restaurants
Vyh7hhYbzC82sgIzqYH67Q,The Red Light,Manhattan,New York,4,19,Nightlife
N9AE0e7EfNh79mgaUyX5lg,Copper Branch,B0st0n,Massachusetts,4,26,Vegan
QEN53zi2iJAAl3ceR7O68Q,Chatkhara,Buffalo,New York,3,10,Pakistani
9lb3nmEANT_-n0hYQDdf8Q,New American Drain & Plumbing Ltd,Manhattan,New York,3,4,Contractors
zXuWHM45eDmW04CaDbQfKg,Nicey's,Manhattan,New York,4,30,Caribbean
ZjIPSYCv86ODH-woDqz_lQ,First United Church,Buffalo,New York,3,4,Performing Arts
pUNc7h7NN8CJBN8PDyphMg,Car Dent Medic,The Bronx,New York,5,5,Auto Repair
6-CZNMOvyja85NDgBaFaNA,Sbarro,Cortland,New York,3.5,4,Pizza
u95lfFlmAHOlXCs-Whmt9g,Quartier Chinois / Chinatown,B0st0n,Massachusetts,3,14,Local Flavor
-1LvG5O5lzfqUeti0Z3L5Q,Futuretel Service Centre,The Bronx,New York,3,9,Mobile Phones
cvwr5yXYzjJ1DXlH0cfKHA,La Dépense,B0st0n,Massachusetts,4.5,3,Imported Food
WEwn-xveW2T1dQxuCUd0Sg,Thai Express,Manhattan,New York,2.5,8,Thai
InNbPyC-wZli-CcLdaitFQ,Orange Julius,Manhattan,New York,5,3,Juice Bars & Smoothies
EmlVRxgz2o01LZ-3H3Je8A,Your Nails and Spa,The Bronx,New York,4.5,3,Beauty & Spas
lbcg35bTWHuaLOivuL7tOQ,The UPS Store,Manhattan,New York,3,7,Local Services
ufxswcX1iza4UIaBbV6jcA,Sweet Temptations Bakery,Buffalo,New York,3.5,3,Food
KSoltsak4QYJRhIWzaHzHw,Pizzaville,Manhattan,New York,3.5,11,Pizza
QcfxkuUpEGlfN3gFF2f32Q,Warehouse Wines & Spirits - Dundas and Dovercourt,Manhattan,New York,4,5,Food
tN8UltYOJDKGlYO-T6XY2g,Gelato Simply Italian,Manhattan,New York,3.5,55,Food
xkI2WIzHV-ft13P9GOMY_g,Tri Resto Pizzeria,Manhattan,New York,4.5,9,Restaurants
knAMaA4ISHQ_5OdDlNCm2w,Dundas Park Kitchen,Manhattan,New York,4.5,18,Restaurants
lFr4d3JguGqh3XN1BY2fSA,Get Spun,Manhattan,New York,4,4,Health & Medical
RyTEGJz5tG7zC73BdXt-cQ,That Italian Place Cafe & Eatery,Binghamton,New York,4,45,Italian
7hdEAII1LHvU9WWiyo2l_g,Taverne Saint-Sacrement,B0st0n,Massachusetts,4,21,Nightlife
qpum_dXomddWLPKTZ5tPkg,Starbucks,Manhattan,New York,3.5,12,Coffee & Tea
QMnhYB50KWsUGQynqdUquw,Big Foot Smoke House And Bar,Queens,New York,3,10,Restaurants
i4YJrLvQfx8J-iQGWDnOcA,Andiamo,B0st0n,Massachusetts,4,12,Restaurants
A04XIwYbSLC5fjBG5ml7yg,La Goulette,Boston,Massachusetts,4,6,Restaurants
yi2i-7pqU2ea8OI-LfWQ7w,Finch Midland Medical Centre,Manhattan,New York,3,3,Health & Medical
CUHZ0FcUF9QxDrVbh3yb8w,Danny Does Digits,Manhattan,New York,3.5,3,Beauty & Spas
GqSA5t_OD1uxDZMwVLpoXA,Marben,Manhattan,New York,3.5,240,Cocktail Bars
qTBT6UDQP5-GSrB-UTn5CQ,La Creole,Manhattan,New York,4,22,Party & Event Planning
GZdipYHpXO5FzMPUk_sy7A,Select Grill,Buffalo,New York,3.5,4,Restaurants
R5ZvZ97FDp2bD93CNKg-zQ,Lola Sushi,Manhattan,New York,4,50,Sushi Bars
8KiTq2GxJm8mpr8kayAp-A,Pho Tai Bac,Niagara Falls,New York,4,69,Soup
5WJOM9DefIvLOIrntDIv-A,TrueTrue,Manhattan,New York,4,97,Pizza
uu_5esCmXDHGsTtvW8kflQ,Broadview Street Clinic,Manhattan,New York,2,7,Skin Care
gxMa7j1LXIUxxBoP0osDpA,O'Thym,B0st0n,Massachusetts,4.5,110,Restaurants
yxsY7yfs5Bj7WR3aLbAMoA,Starbucks,Ithaca,New York,3,11,Food
s_nmAD66jFKgMs1ZrUvaYA,Shawarma Station,Manhattan,New York,3,4,Restaurants
TWt-6EilZoSH99CheLPD2A,Hey!,Manhattan,New York,3,35,Italian
C9AQG45adD6AxfzYx2ccpg,California Sun Spa,Manhattan,New York,4,4,Day Spas
rLhyEM3rowMgwoJQGAD5B5,Ouest Antonio's,New Bedford,Massachusetts,4,10,#N/A
qX3YZQZHXeiFbcIc1DZzgA,Bento Sushi,Buffalo,New York,2,6,Restaurants
bgzMrz4qzEfJ7qqNthcveA,Ortolan,Manhattan,New York,3.5,19,Restaurants
Z2sf4YFtB_bCyDlqJIXJew,Arz Bakery,Newark,New Jersey,3.5,41,Bakeries
9uhXxFrTR58KVD5fq1ua3Q,Jerry Ferrer,B0st0n,Massachusetts,4,10,Restaurants
H0R1UV3n7vTvmef_CqFqUQ,Pet Uno,Manhattan,New York,3,13,Pets
ntPvD2oyhwD9cpri27H7XQ,Starbucks,Manhattan,New York,3.5,4,Coffee & Tea
M8Pl5qAmmrODfHeX6GOjsw,Izakaya Ju,The Bronx,New York,3.5,134,Japanese
YIez_A3WOt9J2SXN7OMa2Q,Allwyn's Bakery,Manhattan,New York,4,81,Restaurants
-25X5v1q3WU6s-craJSvTw,Wok Terminal,Poughkeepsie,New York,3.5,16,Restaurants
Q5hRtrTa6TzsPMPHhtykZQ,General Tech Automotive,Manhattan,New York,4.5,3,Oil Change Stations
ZmDZTOp6qtR4fUGmVPGGQQ,DoughNats,B0st0n,Massachusetts,5,7,Donuts
auREawdBeC6IfS88LLpFSA,Raw Chemist Juice Bar,Manhattan,New York,4,9,Food
oSYNav2KTkeH6JhBCX38KQ,KS Beauty Lounges,Manhattan,New York,3.5,3,Cosmetics & Beauty Supply
bRntmjztJ4dFDA_LYiEECw,Snakes & Lattes Annex,Manhattan,New York,4,283,Hobby Shops
9jZ9el4v3gWwV2oc5u5kFQ,Pho Saigon,Manhattan,New York,3.5,12,Food
iBPdZicKKQmJAi8keJgljA,Passeport USA,B0st0n,Massachusetts,4.5,3,Public Services & Government
YPW2G6clD4mcuh61HnHaoQ,Caffe Demetre,Utica,New York,2,22,Creperies
CDGIrv6GI6q3BPt4p0ZPTA,Mucho Burrito,Somerville,Massachusetts,5,3,Fast Food
UfI1PcuxVY4GHu6KuVhWxw,Sterling Optical,Manhattan,New York,2.5,5,Shopping
u07wrtUnIPnkAEihCxmkHw,Fantasy Farm,Manhattan,New York,4,12,Venues & Event Spaces
cFKyrvrNXp9_PpSbRiPI1Q,Renaissance Boston Downtown Hotel,B0st0n,Massachusetts,4.5,18,Venues & Event Spaces
gITpNFvvnzAscUybTjwNRw,O'Burger,B0st0n,Massachusetts,3,20,Burgers
M27znLkIIhkGvbNLMsd90w,Le Balthazar Quartier DIX30,Haverhill,Massachusetts,2.5,16,Gastropubs
dWQIQe1JfqXG5Uxk5Yj5Gw,Golden Shawarma,Manhattan,New York,3,6,Fast Food
_BLsLFpxcwj7y35a-BuObA,Sapore By Zafferano,Oneonta,New York,3.5,17,Restaurants
Hz79RV53noQOyKqLxyhm2w,Mercedes-Benz,Manhattan,New York,2.5,17,Car Rental
ng_CnSlvvdFBOeBXNX6nFA,Salon Adikt,B0st0n,Massachusetts,4,17,Hair Salons
zUlj05A8F5mOgRBfofAuyQ,Auto Centre,Manhattan,New York,4.5,5,Automotive
wBNmAKFJy3UjvKwNIEbbGQ,Dip'n Sip,Manhattan,New York,3.5,3,Food
33IS-0QBNwRC8cXnHABpbg,Bent,Manhattan,New York,4,183,Restaurants
zkk1ieQQnWtu9TLJukXC0g,Boar N Wing Sports Grill,Manhattan,New York,3,28,Restaurants
l0Ke1C2T53SxyBJdPJpjbg,Ste-Adèle Sushi,Brookline,Massachusetts,3.5,3,Restaurants
XcwfRFj02ldM71WaeUYlCw,iCater New York,Manhattan,New York,4.5,4,Event Planning & Services
cnVF56mEJyDmSeEDxFfDew,Snowdon Bakery,B0st0n,Massachusetts,4,6,Food
pM6RUrQNitEA5gG4VBc6Hg,Menagerie Pet Shop,Manhattan,New York,4,34,Pets
JkzE5CUAh1J5XvQ4tUJ3yQ,Pho Bac No1,Cambridge,Massachusetts,2.5,19,Restaurants
fNc1WuGwiT7RhqXUIe4S8A,Sabai Sabai Kitchen and Bar,Manhattan,New York,4,99,Tapas/Small Plates
f1R43EDuCv_FdhZksMsJaA,Outer Layer,Manhattan,New York,4.5,43,Event Planning & Services
xaAt3ZLSjZ8LXpht_eDg4Q,Bun Pho Phu Hai,Ithaca,New York,3.5,7,Restaurants
VPRaxKn3WHNUszUQErwBXQ,Lime Taco,Ithaca,New York,3.5,10,Restaurants
g8tSgxDIbeTu5uEyqI7Kkg,Ninki Japanese Cuisine & Bar,Manhattan,New York,3.5,5,Japanese
myRhKYMHw8KkuVVGxOdGGw,Au Blanc D'Oeuf,New Bedford,Massachusetts,3.5,3,Breakfast & Brunch
jYjuLKL6rsJ6pzvFsVyk-A,Wal-Mart,Utica,New York,3,13,Food
XzfLUznivJMJC6PdYjf9dg,Pizza Pros,Buffalo,New York,3,4,Restaurants
wPfnOnzz5lJU_3dGd_b_-Q,Starbucks,Manhattan,New York,4.5,9,Coffee & Tea
qcQCCGm9vQS-Tt3mk1LebQ,Cory Torgerson,Manhattan,New York,3.5,5,Health & Medical
NA7XJzFo9SfN-8KhTFv1bQ,K&B Sushi,Utica,New York,3.5,93,Sushi Bars
CKC0-MOWMqoeWf6s-szl8g,Lester's Deli,Northampton,Massachusetts,4,63,Sandwiches
SFnrHuVFSNiondFVUBLJZQ,Chez Suzette,B0st0n,Massachusetts,4,254,Restaurants
iDIKRW0P2Rg1O5Nh59x7ng,Super Burger,Poughkeepsie,New York,4,13,Restaurants
aDGp0NnKuVH3_pOCfZwqsA,Pizzaiolo,Manhattan,New York,3,22,Pizza
lZZ4YKGUQEP76-U_unPrpQ,Cafe Momus,B0st0n,Massachusetts,4.5,3,Food
VFOrV2fGW7AAp_E6odISsA,Starbucks,B0st0n,Massachusetts,2,3,Food
5KL1oii9wm4PGDo5TEMHuA,Public Library,The Bronx,New York,4,8,Public Services & Government
Ibxl7YUei4K6sNpHULjCng,Brooklin Pour House,Syracuse,New York,2,4,Nightlife
eHlrG7kU_BXw8swhQaa9pA,La Conciergerie Guest House,B0st0n,Massachusetts,4.5,6,Hotels
QdnB7lMC4br7ylxx7LfsQw,Pub du Faubourg,Boston,Massachusetts,4,5,Pubs
WeMK8Cdqe-1mF-4ZXKeUhQ,Target,Cortland,New York,4,5,Department Stores
JQOg5iKV-c8e3b6ty8Jjbg,Sauter's Inn Restaurant,Huntington,New York,3,12,Canadian (New)
Ymyqin4HyeY5tpTftXwyUQ,Salon Pucci,Buffalo,New York,4,6,Pet Groomers
mJOIUH30bWNN_Hqiw2QV9A,Cielo Tapas Restaurant,B0st0n,Massachusetts,1.5,3,Restaurants
DysdkhS_rhTc938WEQJK3A,Patisserie Sebastien,Manhattan,New York,3.5,32,Bakeries
ZJEBGNmuUveIBsWZGINgMw,The Dutch Bros. Coffee,Manhattan,New York,2.5,8,Food
sYSlKRCWmVeQr1hA6-WUzw,Fresh on Eglinton,Manhattan,New York,3.5,119,Vegetarian
ODWgd31ztCy6s-hGJrGjNQ,Hertz Rent A Car,Manhattan,New York,1.5,19,Hotels & Travel
360zPyMTwLAax9Bq0PHdMA,Kandahar Kabab,Buffalo,New York,2.5,31,Restaurants
XKyFYsRIkd0Tmef9fT_84w,Candi Bar,B0st0n,Massachusetts,3,41,Nightlife
pKrTmkZjfOlj9bISpvItAQ,Tundra Restaurant & Bar,Manhattan,New York,3,34,Bars
9nUklxR2t7ks8QZCnMvW6A,Halibut House,Manhattan,New York,3,5,Nightlife
e4DWxBtNzA4wcrtCoH6upw,Ristorante Corneli,B0st0n,Massachusetts,3.5,26,Restaurants
vAJgrLogBHgsfeXkCIL2xg,Chinguacousy Park,Binghamton,New York,3.5,12,Shopping
ja01cHy1xqUB9DQ1r1OYKQ,Gibby's Restaurant,B0st0n,Massachusetts,4.5,254,Seafood
s3h1ha3-uC21YfffQvjhNQ,Sgt. Peppers Pub & Grill,Huntington,New York,1,3,Nightlife
A-ZecZ28mwAmjlN2f5eRmA,Sunset Grill,Manhattan,New York,3,35,Restaurants
CRodDW9rSwedfyT_pkA5uA,Villa Madina,Newark,New Jersey,2,7,Fast Food
p4GDM1mu0doucp1xDlKdrw,J Crew,Manhattan,New York,3,3,Men's Clothing
PYUmLq7FkBbMyfYyHX1waQ,Tandoori Flame,Binghamton,New York,3.5,150,Food
6sOBPz69VLgIvNAY7dowOg,Mei Chuen Fast Food Restaurant,Manhattan,New York,3.5,6,Restaurants
1JUeT6Wr_9Gfa4jfXyp9Aw,Nice One Nails,The Bronx,New York,4.5,7,Nail Salons
wwiLGg0Un113ezT75A8DCw,Harvest Moon Festival,The Bronx,New York,4,4,Farmers Market
o1qKA0a0sP_uZmRo80_lOQ,Tucker's Marketplace Restaurants,Buffalo,New York,3,14,American (Traditional)
D9dbkeI1hcXDgag9d4LzRw,Grande Cheese,Ithaca,New York,3.5,4,Specialty Food
cdZMuaIyckBcT0AXdjGQQg,Starbucks,Newark,New Jersey,3.5,10,Food
9dn5pee_n2dWQfN57xoJpg,Bar De Courcelle,B0st0n,Massachusetts,4,22,Nightlife
vnoEUVLjmEdk6XMR26G0QQ,Cinemark Theatres,Buffalo,New York,3,19,Arts & Entertainment
p3RUmQhsTjErcorfD6zunA,Lee's Kitchen,The Bronx,New York,3.5,3,Restaurants
fnAmpK3fJXJEWIprksyGXw,Starbucks,The Bronx,New York,3.5,20,Coffee & Tea
UyeTMOhe7Ed2uFCgXtsT_A,The Hoxton,Manhattan,New York,2.5,40,Dance Clubs
sCtxuMqfHrcQvSNY1390eQ,Carens Wine and Cheese Bar,Manhattan,New York,2.5,16,Bars
30cVbUJcsDpqaEM9V_axVQ,dbar,Manhattan,New York,4,51,Hotels & Travel
aNfwMyij9TFl0wY2PH8JpQ,Mediterranean & Persian Kabob House,Buffalo,New York,3.5,8,Persian/Iranian
Gmm0W1pNa7HVIyVn7K6Rlw,Epic Pita,Binghamton,New York,4.5,18,Halal
HTS0bw6so3lQExcGfrCC0w,Total Image,Poughkeepsie,New York,2.5,5,Hair Salons
lFxhaA5tyFxKGtLp7yEjNA,Hard Rock Cafe,Manhattan,New York,3,53,Restaurants
4MQaqhBUJCpghGukSWNq7w,The Loose Moose,Manhattan,New York,3.5,270,Arts & Entertainment
A6G1DI5WTXX3uZGFwBgmCg,Mercedes-Benz Emira,Manhattan,New York,3.5,3,Car Dealers
dKzp--NRN0dxkcvAczzSOw,Wok-A-Way Chinese Food & Wings,Buffalo,New York,3.5,7,Restaurants
SLRmGNfCqX3PUyB9CM_zAQ,The Grove,Manhattan,New York,4,39,Restaurants
MdPJKYFQSxf0wX_hcSfRkw,Thai Curry Box,Binghamton,New York,4,6,Restaurants
1u7AmI1S460aA4-4QiaBgg,Skirt,Manhattan,New York,3,6,Shopping
ZmBrHN9UyaCk5JXWstV8mQ,Café Vasco da Gama,B0st0n,Massachusetts,4,78,Portuguese
KyN4rGLB7iPnXb4DAToOHg,New York Honda,Manhattan,New York,3,9,Car Dealers
MkuqkSlz5xlfKsORNstcXQ,Pet Cuisine and Accessories,Manhattan,New York,4,20,Pet Stores
IFSpBHfexPosFGzsA9rTTQ,Domino's,Manhattan,New York,1.5,4,Pizza
TEQmROpCHBxHTCve_2w1_g,The Jester On Yonge,Manhattan,New York,3,17,Nightlife
Up6F_ZQJKg6WPz6lOEueog,Trish Juice,Binghamton,New York,5,3,Salad
vXNy4e1xO4VKAV_sBmOHnA,Crazy Falafel,B0st0n,Massachusetts,4,6,Mediterranean
nuV_P6O73xBtnSaUuA2SyA,Downward Dog Yoga Centre,Manhattan,New York,3,6,Yoga
Fau1GjDSFk3EaRMG8L-hVQ,Bayview Village Wellness Centre,Brooklyn,New York,3.5,6,Chiropractors
e_P0OHb-ly0vrWWWFV490g,Nice Pan,Manhattan,New York,4,12,Food Stands
PVBLtsM_ta_x5NCnpVJxJw,The Home Depot,Somerville,Massachusetts,2.5,3,Fashion
McVmSLVRJBDWIuQO7D6GJg,Soos,Manhattan,New York,4,101,Malaysian
9XMdULm5NCZcq3pO1Loejw,Kobé,B0st0n,Massachusetts,3,7,Japanese
zWnEfnyW7rIRKszkpETJOA,Jellyfish Emporium,Manhattan,New York,4,3,Fashion
XD_gQRcSzDQryGHUre9gzw,Ecobee,Manhattan,New York,2.5,6,Shopping
SLGqasr7KxiJWpWepzjLRA,Fresh Collective,Manhattan,New York,4,7,Women's Clothing
YE2Zt0Z5g3UsJK7Cc0RMCw,Wendy's,Utica,New York,3.5,3,Fast Food
D5FSrBiSFbRlwlZ3AlkpHA,Montana's BBQ & Bar,Queens,New York,2,10,Restaurants
_bAyf0uW6bL7GVrvz3jjBA,Brûlerie aux quatre vents,B0st0n,Massachusetts,3.5,9,Restaurants
D7Po5o7P9OgTYRaOnG430g,Phone6ix,Manhattan,New York,5,3,Mobile Phone Repair
QCjlH4E0tD1McLC5TN7MdA,Pete's Gourmet Burgers,Lake George,New York,2.5,4,Hot Dogs
feZe17u5SPTMG8wvCmjb3A,On The GO Bistro,Binghamton,New York,5,7,Food
c_hzWIFgbmirxHnzBtkH0A,Makkah Restaurant,Manhattan,New York,3.5,60,Restaurants
gCElF94aCMjB2SeFOEHLXg,Captain Robins Family Restaurant,Buffalo,New York,3.5,33,Canadian (New)
t-J36lATVHuILi4uIbvVtg,Free People,Manhattan,New York,3,5,Women's Clothing
5YviG0IyyPeKL_0VXq9etg,KSF,Salem,Massachusetts,5,3,Special Education
mjex91FZ2b5Khh4YDK4-9g,Grinder,Manhattan,New York,3,18,Food
FYmWvvhqptkmJ1zOFQhukg,Hoki Poké,Manhattan,New York,3.5,22,Japanese
dtLyzOlGOVknmPkmrcEInQ,Rockwood Nightclub,Manhattan,New York,3,11,Lounges
3OydhBpmK8ZSA3Uwv3BK7Q,Aroma Espresso Bar,Utica,New York,3.5,16,Food
xTuStxvwM5e8S-ZB9eUd-Q,Top Grill Shawarma,Buffalo,New York,4.5,22,Restaurants
xxGO2bwU02mip8W_lYjtYA,KFC,Peekskill,New York,2,4,Comfort Food
15eubjpxtPStR9ZHPFn9uA,Alta Nissan Niagara Falls,Niagara Falls,New York,3.5,3,Auto Parts & Supplies
JVbhg2uUmjp0Acs72gP7rA,BMB Karaoke and Lounge,Manhattan,New York,3,35,Education
xj_e89ELbRgagd7xkdb0Jw,Ben & Florentine,Utica,New York,4,70,Burgers
ZKklfxHUlL8_xReUyZfSUQ,Vibo Restaurant,Poughkeepsie,New York,4,34,Restaurants
Amowa4wwqNzwxA39XHw1tQ,Crooked Star,Manhattan,New York,3.5,43,Dive Bars
Ty97c-UiKW6YC_GZP8EYCw,L'Asie Resto Bar,B0st0n,Massachusetts,3.5,7,Asian Fusion
xEoCjDGswRg0sRsAvdJaOA,Weldon Park,Manhattan,New York,2.5,13,Arts & Entertainment
GIbMEsayMK8nFb5OAHLJWA,Spicy Hotpot,The Bronx,New York,3,8,Hot Pot
WH9ZTPoOBje6fElVlHu3Jw,Moksha Yoga Brooklin,Syracuse,New York,5,8,Fitness & Instruction
jmyn0l8ym2Qa4JV7g7fFvw,Thai Express,B0st0n,Massachusetts,2,6,Restaurants
RsI4hOUj4PW5DVRdnjfzUg,Paramount Express,Buffalo,New York,1.5,3,Restaurants
5naBe9X0uj_aE2zhWKFO_g,Shakti Rock Gym,B0st0n,Massachusetts,4,4,Gyms
cVpHfy4w06L33nuQKglBnA,New York Public Library,Manhattan,New York,3,12,Libraries
Rclse_6pgM1RUrEps2-wtQ,Hung Fook Tong,Manhattan,New York,2.5,20,Desserts
jTaOAFEy7_k--nmR14fBug,McDonalds,Manhattan,New York,1.5,16,Fast Food
ZTMvTe0yMh_3gH97Cr2jpQ,Aish Tanoor,Manhattan,New York,5,10,Restaurants
9LFS5YytGh_b_E2ixWCtDQ,Dunns Famous,B0st0n,Massachusetts,4,3,Restaurants
XZz0GiCXjB1RhU_sx371MQ,Cafe Imagination,B0st0n,Massachusetts,4,20,Bistros
xZ2werClxknsQOPkl2sg8A,Warby Parker,Manhattan,New York,3,4,Shopping
k6zJiBatIMKxLKoFUPVWCA,Social Coffee & Tea Company,Niagara Falls,New York,4.5,4,Coffee & Tea
PEFYGIOCMSTSga1_qx2C1w,McDonald's,Brooklyn,New York,2.5,3,Fast Food
Z4I2oE0ED-mOLTDu7bFmzw,Sole Survivor,Manhattan,New York,5,3,Local Services
sn4JBC3FsYChCqCNk1FKag,Time Square Market 506,Manhattan,New York,4.5,7,Ethnic Food
Xmh8MKPBAL_PTOGq_wRo8w,Wild Wing,Buffalo,New York,2,5,American (Traditional)
T9cAwl32OBgi0o8rQe8PJA,Bite Dental,Manhattan,New York,4,24,Dentists
EdGltSNhBvrRIgaZ69wd2Q,Monastiraki,B0st0n,Massachusetts,4,6,Antiques
2CqBStsdA-Yj7P9X-8nDbg,Sawadika,B0st0n,Massachusetts,4,13,Asian Fusion
buR0c2eVJFOuDa21Y_OaDw,The Fat Belgian Restaurant,Manhattan,New York,4,6,Restaurants
MCzcFFFzrkaL9OynyAsf1Q,Service NY - Leaside,Manhattan,New York,1.5,9,Public Services & Government
CxFwMcbk-Y5TKcyfmh8bxA,Maison Tataki,B0st0n,Massachusetts,2.5,11,Japanese
RIIOjIdlzRyESw1BkmQHtw,T&T Tacos Et Tortas,B0st0n,Massachusetts,3.5,46,Restaurants
nRz8R3Qrk2MHyEnQMdTXPQ,Clinique Medicale Trader Joe�s-Medic Centre Ville,B0st0n,Massachusetts,2,14,Health & Medical
tM-8apm3k6GchjXwoo3OjQ,Crawford Appliance Centre,Buffalo,New York,3.5,3,Shopping
gbGjSfc9ZuRYl7Scg1p75w,Candyland Indoor Play Centre,Ithaca,New York,4,8,Active Life
AkVPit-bonP9ctXeCSU_sg,Starbucks,Manhattan,New York,3.5,7,Coffee & Tea
EyxQNX6e5V6ggOWnvQyqWg,Butter Avenue,Manhattan,New York,4,117,Desserts
WhTycXEq9BKMPHBBGMVRyA,CrocoGrill,New Bedford,Massachusetts,3,5,Restaurants
Wx5dHUr4-wbeOqQ0xReNEQ,Porh Pawh's Bakery Cafe,Manhattan,New York,4,5,Bakeries
gEU4byPpq16D2DM-lOK9Sw,La Muse,B0st0n,Massachusetts,4,4,Karaoke
PsNvBNvoP5kq4yjjTlYhXw,Agave Y Aguacate,Manhattan,New York,4,26,Mexican
aY2NXhrFompJLNTefo9kEw,Fat Louie's BBQ,Manhattan,New York,4.5,23,Food Trucks
RURVQ6SHxguDrNL1AKz2ew,Le Petit Castor,Manhattan,New York,2,5,Lounges
55rDlAxYtG1T0I6MQ0NW9g,Apple Depot,Ithaca,New York,1,31,Computers
okIjifZcimFjXoXGPJd38w,Ivory Dental,Lake George,New York,3.5,3,General Dentistry
bV7PMJNl5-9ZE2w7DN42cw,Pains et Saveurs,Somerset,Massachusetts,4.5,4,Food
WsrA0sdVX9kDzFvqerdEBA,Sixteen Mile Sports Complex,Utica,New York,4.5,3,Skating Rinks
l9QMOv3_RIUteG0wJc82SA,Formocha Brooklyn,Manhattan,New York,3,9,Food
sGlJTru2c707Vevy3ZmNMw,Thai Home,Manhattan,New York,3.5,22,Thai
I7Ht1j0XiXbmn-D5osuRWQ,Dynasty Shoe Repair,Elmira,New York,2.5,3,Shoe Repair
kWp5-84f_V8jfGydRiZzmg,Tea Shop,Manhattan,New York,2.5,33,Coffee & Tea
SWqd0p78uJQAlVS8rNg02Q,Dairy Queen,Syracuse,New York,2,3,Restaurants
0W-qCKguiieaKQM5Pc75zw,Babyrama Total Baby Store,Huntington,New York,4,4,Toy Stores
31r67s66Gb7esxR8mF0g6Q,Excentris,B0st0n,Massachusetts,4.5,11,Cinema
NX6Zr95u0mBh-_V2cgXh5Q,Walmart,Syracuse,New York,3.5,3,Discount Store
r8wqayijZLPd7XPuypLayA,Kuljit India,B0st0n,Massachusetts,4,16,Restaurants
Q6cP6Xd6OOAn9_P4ma2grQ,Bulldog Coffee,Manhattan,New York,4,140,Coffee & Tea
wVsyfuWkYs0np4or31_j1w,Il Fornello,Manhattan,New York,2.5,5,Italian
r5uABUEo_KI_SfOSxdFiwg,Queen Textiles,Manhattan,New York,3.5,3,Fabric Stores
eV3zhvfHcXud5KvrYdJMZw,Black Creek Historic Brewery,Manhattan,New York,3.5,3,Breweries
ccTA3iIHza7I4fUgVvbIeA,Dunkin',Manhattan,New York,2.5,3,Restaurants
YqbWjI1QNteIJ6fhno7eFw,Beaubien Bagel,B0st0n,Massachusetts,3.5,10,Food
8gPvDLHY6D7NjJxpikUc6Q,Balluchon,Manhattan,New York,4,17,Food
lOpz9DxyMVfLKbET7EVdTQ,Tiffany's,B0st0n,Massachusetts,3.5,29,Steakhouses
X45L9qOFApzYzq6QrwKfew,Equinox Fitness,Newark,New Jersey,3,4,Beauty & Spas
En02RzaPS_5Exp8_LbJOdA,K2 Bistro,B0st0n,Massachusetts,3,37,Sushi Bars
w1neFCoXD4QRVyvAnQYMXA,Fabricland Distributors,Brooklyn,New York,3.5,6,Arts & Crafts
3JcskpcXGSScarsdale5IxJR1nQ,Jin Hair,Manhattan,New York,3.5,14,#N/A
D9IvgZeBD2qFfhIRbOcBFQ,Cafe D Taj,Manhattan,New York,4.5,7,Bangladeshi
vH5EXOjJrfi1hwqz279hrw,The Manor Hair Lounge,Manhattan,New York,4,8,Tanning
UYDNch9dPfhhpKNzJ7jikg,Rogers,Niagara Falls,New York,2.5,3,Shopping
G7g6JQQHl2e_r4iamlVKsQ,Gauffre Mignonne,B0st0n,Massachusetts,4,27,Restaurants
7NRjK6CpRn69OWPXhACWyw,Starbucks,The Bronx,New York,4,5,Food
GkwWHezarl4iUTRHw6bMfg,Altima Dental Centre,Manhattan,New York,2.5,5,Dentists
eB9fqLu2etn1ukT1dIehnw,Resto Janick Cuisine Du Marche,Winchester,Massachusetts,3,4,#N/A
dQjJqYMx2chpFAaQpwZ2Ig,Midas,Manhattan,New York,2.5,5,Automotive
P3wlOGHlptCaTeuCxDK8vQ,Origination Noodle,Manhattan,New York,3.5,16,#N/A
BN9PvGZGfvEtuu_VH1hoQw,MTC Factory Outlet,Syracuse,New York,3.5,4,Home & Garden
ghWwqlRd1MaWz8hfgZ8Vsw,Hollywood Gelato,Manhattan,New York,3.5,88,Ice Cream & Frozen Yogurt
f-dVQXjrSg3k4GIcIUFAjw,Madre,B0st0n,Massachusetts,4,5,Canadian (New)
JIknc5LugXh5_4s_ZvND7g,Watts,B0st0n,Massachusetts,3.5,7,Pizza
DuK_iSWkJ10fACGbvW47oQ,Courtyard New York Buffalo/Meadowvale,Buffalo,New York,3.5,13,Event Planning & Services
rI5hRP-34EleLRJWfapK5w,Matsu Japanese and Thai,Manhattan,New York,2.5,26,Asian Fusion
6OhahrmtLGmkUdPfaMck0A,Ding Tai Fung,Manhattan,New York,3.5,24,Restaurants
Q-Jt1qSh9j8V0DqWFeiJ2g,The Golf Lounge,Niagara Falls,New York,4.5,12,Nightlife
c6lPl8t4QglGQb2H3E_8mQ,Golden House Chinese Restaurant,Newark,New Jersey,4,8,Ethnic Food
DprO2_-TACRiPiimbtXvVA,La Sem Patisserie,Buffalo,New York,3.5,9,Italian
yIv16u-qg-kkY20Fdho2Lg,Pho House,Poughkeepsie,New York,3,69,Restaurants
qHR0o530Hvb92DjcRHbVsg,Lucy Brock,Manhattan,New York,4.5,5,Nightlife
WHuqmRmjFdXl542DhIeVDw,Tropical Palms,Manhattan,New York,4,5,Restaurants
CVNJ5kndABkFtDLr_mrBaA,Curry Kitchen New York Indian Home CooScarsdale,Manhattan,New York,2.5,4,Restaurants
Ga7UBeAUwsohodzynhwYsw,Residence Inn Boston Airport,Boston,Massachusetts,4.5,8,Hotels & Travel
I2nqAdYNY1DZQuV3lqWZ_Q,Spring Day Spa,Manhattan,New York,2,5,Day Spas
aP4l3gLlW717wvXjkrIZ1Q,Towne Cleaners,Manhattan,New York,1,3,Dry Cleaning & Laundry
pQnGKAjNn6U1HfsdzQOncA,Mirage Grill & Lounge,Niagara Falls,New York,2,7,American (New)
yex6vCCeLKsnWiNW5aGrLA,Cinnabon,Manhattan,New York,4.5,3,Bakeries
TM9Eani6kQmRV5RZaU7Tew,Warehouse Wines & Spirits,Manhattan,New York,2.5,6,Food
1I3PnP5FSkur8AXp6izLOw,The Dime,Manhattan,New York,3.5,28,Bars
8R7l4_QO1JVBDNJLUaRDWw,Le Café Bloom,B0st0n,Massachusetts,4,36,Coffee & Tea
ZgLzFyrCxreRFzAoJDcBvQ,The Treadmill Factory,The Bronx,New York,3,5,Shopping
J0f1QBIhXn9ahLuCs0ssdQ,Best Western Plus Travel Hotel New York Airport,Manhattan,New York,3,7,Hotels
mXNiHOO_l3th041PP6DSSw,Bayview Mall Veterinary Clinic,Manhattan,New York,3,5,Pet Services
M4Y8LZ5Ds3HXFAWtjBePQw,Salon G,B0st0n,Massachusetts,4,4,Breakfast & Brunch
3bd0CTqaBAu28vJKOxdkkA,Liberty Noodle,Manhattan,New York,2.5,22,Restaurants
gL9nj-wgjEdrMuzh7Zod1w,Chi Spa,Manhattan,New York,2.5,6,Beauty & Spas
yG2Z38ewmdIrId5pdPfX-w,Patinoire du Vieux-Port de Boston,Boston,Massachusetts,4.5,11,Active Life
Ji2DEyYisIOKTjm57oMP5A,Hestia,B0st0n,Massachusetts,4.5,10,Restaurants
M4j4R5VPwP0UVlSba24C3g,Five Guys,Manhattan,New York,3,21,Burgers
x8_vFLAheiN5sfZEE9YPew,Smithtown Dragon Chinese Restaurant,Smithtown,New York,2.5,13,Restaurants
Wu_OmrEyhpllBnTNvOYSGQ,Restaurant Shi Tang,B0st0n,Massachusetts,4,19,Restaurants
0gEKng2xyLRbNRvt2LMwSA,First Choice Haircutters,Poughkeepsie,New York,2.5,4,Hair Salons
KpFc2FXm7OXLhoKgKDNz2g,Brick Street Bread,Manhattan,New York,3.5,33,Bakeries
SdUBFhIzwpN5IZfcr9jc-g,Tianjin Fine Food,The Bronx,New York,4,8,Chinese
onNK077l-G8MyYcyxXR3Kw,Miss Manitts,Leominster,Massachusetts,5,7,Cafes
3TSLeP0sqMmWvyypvrsKkg,Denise's On Broadview Hair Salon,Manhattan,New York,4.5,3,Hair Salons
yA9dC3IvoPPex9RB6-G2MA,Canton Kitchen,Manhattan,New York,3.5,3,Restaurants
0Yh6U06nGLjAMwCw6l9-DA,Yang's BBQ Restaurant,Manhattan,New York,3.5,60,Barbeque
CeSq-OAzjQc2Ar7x5OIN_A,Kung Fu Duck,Manhattan,New York,3,8,Food
RbuSogYZ06XHlUWDVaYyBg,My Kitchen,Niagara Falls,New York,3.5,26,Restaurants
f5xWoqdRa5E0LF9fANwwsA,Victoria Restaurant,Manhattan,New York,3,8,Breakfast & Brunch
O6IX6oOymijaQF-vgzauJA,Edwinas Grilled Cheese,B0st0n,Massachusetts,4,5,Restaurants
8_SD9VotY6gF2cfR7HZnIA,Mika Sushi,Newark,New Jersey,4.5,3,Juice Bars & Smoothies
tkMhbhRQgyxSNmUKYfnYgA,National Home Inspection,East Rochester,New York,4.5,3,Home Inspectors
bswktkxTqTFdhg8uvcuWWw,Tandoori Time,Ithaca,New York,3.5,28,Pakistani
4V_dIB038vy53RHYgEvUcw,Trader Joe�spolitan Resto Bar,Manhattan,New York,3.5,15,Brasseries
D_khwJVamqZRZTuSYkGn0Q,Centre Hospitalier Universitaire Sainte-Justine,B0st0n,Massachusetts,3.5,4,Health & Medical
fCqn3Ybfq7pvrbIuWJFmxw,Marc's No Frills,Buffalo,New York,3,5,Grocery
GI4xM8NdeP6-1b7GVNbLiQ,BPC Best Portuguese Chicken,Poughkeepsie,New York,3.5,34,Portuguese
KxUczoGoAwkX9mSHwWlUAw,Restaurant Globe,B0st0n,Massachusetts,3.5,31,Restaurants
awCVWb8LqiwJ8fYlu8OT6Q,Dunkin',Newark,New Jersey,1,6,Coffee & Tea
mPYNWKUvi_CfEJx0mTdPfg,Pita Land,Binghamton,New York,3.5,9,Sandwiches
pH_A3cmCtrQktp2uggqUvw,Coca Tapas and Wine Bar,Manhattan,New York,2.5,3,Restaurants
OOCw1jc9WL7BLT6rji-iRg,Pet Pointe,Manhattan,New York,4,4,Pet Stores
EEHMMiJUklGGiikqd55HwA,Milos Restaurant,B0st0n,Massachusetts,4.5,98,Greek
769NudnrUxWFtJCGU66A_A,Thompson Diner,Manhattan,New York,3,207,American (New)
2CH7fxD6h7H1CReBrBxOgg,Hilight Essence Hair Studio & Esthetics,Binghamton,New York,3.5,8,Beauty & Spas
q57kz1k9S4IyyaQL476UZA,La Vieille Europe,B0st0n,Massachusetts,4.5,35,Food
jrQbdVbEgg7bcOEySAKKMg,What a Bakery,Manhattan,New York,3.5,6,Food
PhEkAyMTP3Hmr8rpG3fBfw,Max's Restaurant,Newark,New Jersey,2,11,Restaurants
lw8PXBergNYjgmBNvaiNxg,Dragonfly Bellydance,Manhattan,New York,5,5,Active Life
P8lQtKFcXBYgxsVOPCm2dA,Factory Direct,Manhattan,New York,2,7,Shopping
NG3TF5xwiF76S0N8SZ8xuQ,Bruno Sport Bar,B0st0n,Massachusetts,4.5,6,Sports Bars
okOv9-hcgn3LywR_Wr22KQ,Public Storage,Poughkeepsie,New York,5,3,Self Storage
KAyQ07GqrfP1VW5MhxvEHg,Cafe Pho Nho,Manhattan,New York,3.5,59,Bars
XdvOsSWwiljX8hFgzVTTYg,Paolo's Machine Expresso,B0st0n,Massachusetts,4,6,Cafes
Mpy8ZpFmdtNwH5aEinjL4g,JuiceBox Smoothies,Buffalo,New York,5,3,Juice Bars & Smoothies
7kxCz87JqINy11aBCSeGDw,Walk-in Medical Clinic,Manhattan,New York,2.5,10,Medical Centers
zeOJYl5UW4D5u3Vcj6QAoA,Azarias,Manhattan,New York,4.5,54,Restaurants
xLmJnwxpPXIPZotBDpPngg,Juicy Olive Bar & Grill,Ithaca,New York,5,4,Restaurants
nk9lP-iXi7xklwN3VYf6Ew,Sen5es,Manhattan,New York,2.5,27,Food
m08WjSdWsFtZdhQqrFqjAQ,Belém Café & Yoga - L'Espace Café,B0st0n,Massachusetts,5,6,Vegan
YdGCvTktl1B8C3QWe3ihmw,Red Lobster,Binghamton,New York,3.5,14,American (Traditional)
BYtfEQbogCxinze2epU3pg,Shabu Shabu Kagayaki,B0st0n,Massachusetts,3.5,39,Restaurants
QXRsssSp0NjMSxRlvTfVIw,MEmira Bra & Swimsuits,Manhattan,New York,4.5,24,Shopping
of2QwFuaUVaH8cNEUuFrFg,La Perle Noire,Weymouth,Massachusetts,4,4,Sushi Bars
Io0o9Zht8OVlV8qIAMOUKA,Amp Electric,Manhattan,New York,4.5,3,Home & Garden
mzSaUbQMXmn1RkWYrdEeCg,Gerstein Science Information Centre,Manhattan,New York,4.5,8,Libraries
blxcciomidl5td-QTSsg5Q,Souv Like,Manhattan,New York,4.5,17,Mediterranean
qowcmuuUqTPHJdVi-axGPA,So Hip It Hurts,Manhattan,New York,4,12,Sports Wear
CToXXZMd4sTrqAEeEqLLFA,Chuck E. Cheese,Utica,New York,2.5,21,Restaurants
QW0ozABysFmiOI7oVFrbfQ,Forest Hill Orthodontics,Manhattan,New York,3.5,3,Health & Medical
i5XqKrdEFHvJpqAw3YKrag,Copper Branch,B0st0n,Massachusetts,4,58,Restaurants
eQel7bUz75j0AVKnfsillg,Korean Grill House,Manhattan,New York,3.5,194,Restaurants
ZqsYnJOa3Bt5ZSLyppDNng,Le Roi de L'Inde,B0st0n,Massachusetts,3,4,Restaurants
i_O7Xfu1OWRzjgvXgiy0jg,Soaltee Restaurants,Buffalo,New York,2.5,4,Indian
O1QugfyKD4G636jV43-vkw,KFC,Manhattan,New York,3,8,American (Traditional)
SfTu3D-C8ePDZbnE6jknPQ,Sushi Delice,New Bedford,Massachusetts,3,3,Sushi Bars
se_Wm2uZx2GOcc_m_h9mEg,Andiamo Pasta Plus,Buffalo,New York,4,35,Italian
lvas_XHTdlLIFOcPZO6cGw,Margarita Fiesta Room,Manhattan,New York,3,17,Restaurants
OY2B-RrWWc_5WEz2Ba19HA,Hugh's Room,Manhattan,New York,3,19,Nightlife
B-5xEDgoIQpWFD_xynUDgA,Acupuncture Clinic Of Sinosoins,B0st0n,Massachusetts,3.5,3,Massage
8ALSiH-XAaKIxpGXJfVtQA,Restaurant Ermitage,B0st0n,Massachusetts,5,12,Event Planning & Services
b908mnxrJ1b8VXOFfQ9h2A,Brasserie Des Rapides,Salem,Massachusetts,3,11,Nightlife
MJ5xkXJ2UwJL60QHujkCcw,Tina's Pro Nails & Spa,East Rochester,New York,2.5,9,Nail Salons
u4uzbt8t7YcQ74BDUYnTGQ,Subway,Newark,New Jersey,4,3,Restaurants
tCjlXROlbcaGiBRfU2jaiw,The Keg Steakhouse + Bar - Mansion,Manhattan,New York,4,247,Steakhouses
sAKAiQ7-TgWs9L6Sv_fvEA,Kodimoto Bar a Sushi & Resto,B0st0n,Massachusetts,4.5,6,Restaurants
uMu37FdicuIAANA28V9-Mg,InStyle Home & Rugs,Manhattan,New York,2.5,3,Shopping
a2cK31LTj3Fs-BR33s7XEA,Starbucks',Buffalo,New York,4.5,4,Coffee & Tea
t1wKgp6b2xNN-2U076iqqQ,KL Aesthetic Studio,Manhattan,New York,5,3,Hair Removal
S8KFAS3kqzR08ipHeROupQ,Chain Reaction Bicycles,Manhattan,New York,4,4,Local Services
Da6eZFThE9xanUAGNpZxAg,Nuit Social,Manhattan,New York,4.5,132,Diners
0Ul_eedbOO0EBvehwgCR1g,Le Ice & Tacos,B0st0n,Massachusetts,3,7,Tex-Mex
CVQQrCoONWAHTpuPQGaPyQ,Famiglia & Co.,Leominster,Massachusetts,3,14,Italian
Tpx8tScjNW6noaEgZ1hXFg,Shawarma Boss,Manhattan,New York,4,48,Middle Eastern
QrTvQw_aZOLk_8FZ8tQ_-w,The Bier Markt,Manhattan,New York,3,162,Canadian (New)
XBDe0pFAw1B32tpAQN5t2g,holts café,Manhattan,New York,3.5,37,Cafes
DStJWqCQr6Ln5TODfL98Zw,California Sandwiches,Brooklyn,New York,3.5,38,Restaurants
RZGnCM5qlDgNTREtfPwZCA,Sushi Ste-Catherine,B0st0n,Massachusetts,2,45,Sushi Bars
3LJDP_l3SP5rQbEilWzH7w,Starbucks,B0st0n,Massachusetts,4,12,Coffee & Tea
7ZFh9fErU4zYXEL7tSL1DH,Port Union Bakery,Newark,New Jersey,4,15,#N/A
9S_cyyNQMv-hmSKaoSYzpQ,Rare Book Library,Manhattan,New York,4.5,3,Libraries
uqW-6m9ncc9AWdJ4v5zg8Q,Chez Vincenzo,B0st0n,Massachusetts,4.5,16,Desserts
zRm_HigWh53twvICxlSgsw,BYTES Burgers n' Fries,Niagara Falls,New York,4.5,19,Greek
POB0Ng3wbILP5OmpVvGPOQ,E & Y Nails,Manhattan,New York,2.5,9,Nail Salons
SZfIOZr-yg842bORALa8Ig,The Refinery: Vintage Clothing Bar,Manhattan,New York,4.5,3,Used
CJqAQwalDOVoXBKDprIPug,Chicago Pizza,Natick,Massachusetts,4,4,Restaurants
3303xEy9HODLRZEgFMA49g,Suite 106 and Wet Bar,Manhattan,New York,2,7,Nightlife
YZWz9xiIqf9O9mpT307x2w,Xtreme Games Intractive,Manhattan,New York,4.5,5,Shopping
rW1fOAxJLpslODngELRXLQ,Ezkapaz,B0st0n,Massachusetts,5,9,Playgrounds
wG4qwKeFdbS17bAKnNqZqw,b.good,Manhattan,New York,3,18,Fast Food
ihq99XMgW99dtH0r0FaUBw,Petsmart,Manhattan,New York,4,8,Pet Services
qHHZgz3aoaiFCsgCkvTz8A,Playtime Bowl & Entertainment,Brooklyn,New York,3,30,Bowling
0HrrkOIPLPByNe5pM9Uayw,Hotel St-Denis,B0st0n,Massachusetts,4,26,Event Planning & Services
_cVCzKQGt23KKW1M07Yvkw,Jules Bistro,Manhattan,New York,4,8,French
Zd5bvGvlSmksBJXrevtxEQ,Isaan Der,Manhattan,New York,4,24,Restaurants
H8D7jU0hGvogAVvQUumzgQ,Sugar Plum Sweet Creations,Manhattan,New York,4.5,3,Bakeries
3RtVdTyctCAW_X5vjhiDkA,Chatime,Buffalo,New York,2.5,4,Coffee & Tea
rTJAhJV_7dZIAz45pVYF8g,Potluck Restaurant,Buffalo,New York,3.5,9,Caribbean
v3J8lYqWOnJY_e6zc56W7Q,Le Den,Pittsfield,Massachusetts,4,6,Cafes
T5Q4HOAckxH98Zq4ESEyaQ,Rue Prince-Arthur Est,B0st0n,Massachusetts,3,3,Local Flavor
K7PNQYgHhM8rVGDl3DGsdQ,Dutch Bros. Coffee,The Bronx,New York,3.5,12,Restaurants
BmuIoB6KQ8crkjhmuXSwWQ,Belaggios Italian Cuisine & Gelato,Lake George,New York,3,15,Food
l47pLnXXQ78JA6VFlDwUcg,Cafe Presse,B0st0n,Massachusetts,3,3,Coffee & Tea
Gf5Mn_XTGI58Hfxtd0zKCA,La Grillia d'Oro,Salem,Massachusetts,4.5,4,Restaurants
6BD2ZDbfxQKsQa5igKaVNg,Pho Tai Loi,Buffalo,New York,4,11,Food
K7puWAFeW3binbhnMWxjPA,Biwon,Ithaca,New York,4,4,Korean
atz6yStYM2bcXByE48aaTw,Les gourmandises de Marie-Antoinette,B0st0n,Massachusetts,4,5,Food
v0cl_1amwGypwFIS9-w8zw,Sobeys,Manhattan,New York,3,19,Grocery
PsYU8cEDE3oewzKCyVt5bw,Ho Su Bistro,Manhattan,New York,3,82,Sushi Bars
IaUx8KmmqY2Z-58d_E0_mg,Salem Drive-In Restaurant,Salem,Massachusetts,3.5,11,Burgers
Piyem4JipjUS_rXnPx4SGw,Utica Car Wash,Utica,New York,2,4,Automotive
RKRwo-giah-fivKiSRGk_Q,Bellepro's,Framingham,Massachusetts,2.5,3,Restaurants
ZckxLuc9lpz9LDAQlMKWiA,Le Cristal Chinois,B0st0n,Massachusetts,2.5,57,Dim Sum
2jfkLlCWymebnlveEPLUbg,Burger King - Spadina & Lonsdale,Manhattan,New York,3.5,5,Restaurants
JOJ89OjCkFRU7l8MKTFiZg,Henri Saint-Henri,B0st0n,Massachusetts,3.5,12,American (Traditional)
8ab2qhEepn9zFeCY5wlKJQ,"Peter Friedman, MD",Manhattan,New York,5,8,Dentists
wlflTW-EpPQursv-YkLQsA,The Emmet Ray,Manhattan,New York,4,47,Arts & Entertainment
u4OXbZHDGvxfRg-NkZkzlQ,Gigi Pizzeria,Pittsfield,Massachusetts,3.5,22,Pizza
MIkZkL5xJGBd-4nkMyVTnQ,Coffeeholic,Manhattan,New York,4.5,8,Coffee & Tea
g29Wq8-qWAQok49AQO2WqQ,Bukhara Grill,Manhattan,New York,4,43,Indian
glRNCvX6BHu2cpdhIyaS4g,Body Blitz East,Manhattan,New York,4,34,Beauty & Spas
QpbFJ_ILcG_ZuHxiveBYJw,The Chiropractic Office,Buffalo,New York,5,4,Chiropractors
zC3SVx1pfr1WujB5a6GqTg,Lahore Chaat & Paan House,Manhattan,New York,3.5,5,Indian
GGa_mhPxa2czpTivIoFMYw,Gossip Nails & Spa,Manhattan,New York,3,4,Nail Salons
gtb25KWuTZsqCIWd37HTLA,World Gym,Newark,New Jersey,3,5,Trainers
Yh131fnhJZ8NBiKbR5cS0A,Healthy Planet Poughkeepsie,Poughkeepsie,New York,2.5,10,Vitamins & Supplements
A_sB6QBpOh5XUmKxQ_E69w,Affy's Premium Grill,Lake George,New York,3,41,Halal
e6C9Qn1_K6pXJDBVTzJ8jA,Centreville Theme Park,Manhattan,New York,3.5,15,Zoos
75gUQWJM6KksjJW7aHPsBQ,The Social Cupcake,Buffalo,New York,3.5,30,Desserts
Xz5PO5UllsZfYn6jqb3c7g,Dans la Gueule du Loup,B0st0n,Massachusetts,4.5,3,Specialty Food
Bom8MY07_YloY1R2EXrpdA,Mona Richie Bridal,Oneonta,New York,1.5,15,Bridal
IsmAtoQvJTe22qViNV5DQA,Victory Locks,Newark,New Jersey,2.5,3,Home Services
kiDHg39SsCx7V65qQ6O98Q,Klaxon Howl,Manhattan,New York,5,4,Shopping
jMNgfIqqw1-oBAGhqMHAHQ,Simone Marie Belgian Chocolate,Manhattan,New York,4.5,3,Specialty Food
r6LmPZz1GEVtywLHVbN9LA,Dunkin',Manhattan,New York,1.5,4,Coffee & Tea
OxkW1Eco5R6l-krtkEhwhQ,Pendeli's Pizza,B0st0n,Massachusetts,4,26,Pizza
U_SKqvm-dUtzDIrixCVdLw,Eating Garden Chinese Restaurant,Manhattan,New York,3,3,Chinese
67hgX03yotM6MUiKI99rhQ,Smithtown Leaf House,Manhattan,New York,3,5,Pizza
02IQoyPvwi42tkTe4k-fyg,Winners,Manhattan,New York,3.5,28,Shopping
iZJ5pdY558VodrEumGyVug,Nazareth Bar,Manhattan,New York,4,205,Restaurants
sAWo3kwrx53oFKDqUoJEYQ,The One That Got Away,Manhattan,New York,3.5,129,Fish & Chips
iZkkQcU2MBf7T9Dj4eP91w,Yoy,B0st0n,Massachusetts,3,6,Japanese
v2WhjAB3PIBA8J8VxG3wEg,The Tea Emporium,Manhattan,New York,4.5,7,Food
FYxm6txgUaRmVyyo_2ivDQ,Hampton Inn,Buffalo,New York,3,6,Hotels & Travel
vxTV73VIhjskiFcI-9zLOg,Pulcinella,Poughkeepsie,New York,3.5,25,Restaurants
K4W3S9WYvPZq7P2JpCjslw,Caffe Demetre,Oneonta,New York,3,38,Cafes
OU1wjrcZWJJeFsjQeCbtUw,Bar Salon Officiel,B0st0n,Massachusetts,4,6,Nightlife
MevOOZlnN7GBFD9UP8k_kg,Menchie's Frozen Yogurt,Oneonta,New York,3.5,15,Ice Cream & Frozen Yogurt
2CByHXpxsULiQZJlu-1AJg,Melia Spa Pour Animaux,Cambridge,Massachusetts,5,3,Pet Services
qaaixH75PIWmbemDsDc6Qw,Yau Kee Noodle House,Newark,New Jersey,3.5,3,Chinese
_CsAbMnN5NgstsrmgymQFg,Texas Longhorn,Buffalo,New York,3,3,Tex-Mex
LDZXLfZWpn-_3cMHmGTnyQ,Vegebitez,Utica,New York,3.5,18,Restaurants
avzhOftD4kxVOukShJLxUw,Le Paradis du Poulet,B0st0n,Massachusetts,4,21,Portuguese
idxSC1Lj9QZ4skSTe9RcaA,Dynamic Conditioning Centre,Manhattan,New York,5,6,Gyms
C8omhqzhieLXtqixxNYQpw,Parc Maisonneuve,B0st0n,Massachusetts,4.5,6,Active Life
lPhCM8DxnVeFPp5_KH-VhQ,The Orthopaedic Therapy Clinic,Manhattan,New York,5,3,Orthopedists
SFTjbvJhx2fDQq968yMJ7Q,Grant Brothers Boxing & MMA Gym,Manhattan,New York,2.5,3,Fitness & Instruction
ZZ-TwPDX-dX7PB-rIwI9ng,Warehouse Wines & Spirits,Lake George,New York,3,4,Food
K4IQqHNtW_dYG6NmR_1FSQ,Lotus Island Vietnamese Eatery,Buffalo,New York,4.5,19,Vietnamese
x0qfyUvSwIDMYgWL9Drd7Q,Dunkin',Waltham,Massachusetts,2.5,6,Food
iqDsX4ANZfKQpVSsmZsyqg,Le Castillon,B0st0n,Massachusetts,3,3,French
orFWQlzMbGzkP8GgnDaaYQ,The Black Canary Espresso Bar,Manhattan,New York,4,30,Food
Qd-RnJXE9FQuT-VgabFomA,Pho Tuong Lai,Salem,Massachusetts,3.5,5,Thai
ubOyoLy4GquQpa25BDKJeg,Cortland Vips Sushi,Cortland,New York,4,4,Sushi Bars
e1c9Eq12vvKgu8qUfgy9Cg,New You Spa,Manhattan,New York,1,8,Laser Hair Removal
5Ro4an5IOaDEb3UJRxOkeg,Mikes Restaurants,B0st0n,Massachusetts,2.5,3,Restaurants
hvcAenXptwojSaM8Mhkg5A,Bakery Everbest,Newark,New Jersey,3.5,6,Food
LPCFfrQow0kl7EABuM7VDA,Inatei Japanese Cuisine,Niagara Falls,New York,4,129,Japanese
1IUlkCK2D3iIqlaUn5iuew,Body Form Fitness Studio,Newark,New Jersey,5,3,Active Life
YpQYRMJS2_pDi6--5fqnng,Kops Records,Manhattan,New York,4,22,Antiques
Xp4lMU3ndh9-pHHtKtgs6w,Cyclepath,Brooklyn,New York,2.5,3,Sporting Goods
YEKDXIiok3NjYy4QtD1lGA,Restaurant Salonica,B0st0n,Massachusetts,2,8,Greek
UfNTlvEJCOQ7XDRj0LzEtQ,Lettieri Expression Bar,Manhattan,New York,2.5,9,Bars
AHfvOKJ8dIu5L4Jri7p1nw,Blarney Stone Irish Pub,Manhattan,New York,3,4,Pubs
f4A6bmu4HCgaNeBF6FYfGP,Fripe-Prix Renaissance,B0st0n,Massachusetts,4,4,#N/A
txu3znlJJn4KtF6gJKWiFA,Loblaws,Manhattan,New York,3,35,Food
uxBLO_BOsXGkgusyIEGHTQ,Il Bolero,B0st0n,Massachusetts,2.5,5,Fashion
j-JedvOQYjOlif0MLCvVKg,Restaurant Le Leman,B0st0n,Massachusetts,4,11,Restaurants
YvkHzjyvzq0wNITj9fFtSA,Taverne Sur Le Square,Fitchburg,Massachusetts,4,21,American (New)
4vqYM4w3bxq0rsuduXfYmw,Sports Centre Cafe,Manhattan,New York,3,23,Nightlife
0IJR4EtY3zGpQegmmZXCww,Treetop TrekScarsdale - Binghamton,Binghamton,New York,4,14,Climbing
M8sRqVmRXeikXYt2J2MyuQ,Burger King - Scarsdale & Bathurst,Manhattan,New York,2.5,9,Burgers
WaRPKKd5AOYj87c4tCExYQ,Re: Reading Used Books,Manhattan,New York,3,8,Bookstores
SNCRyBDpgCPGEMCtsUYttg,Anice Jewellery,Manhattan,New York,5,12,Gift Shops
j_lzasneV9XVdwDwtepSSw,KFC,Buffalo,New York,3,7,Barbeque
II44-On32pZWqzfpke7zhg,Calabria Bakery,The Bronx,New York,4,8,Food
bPVU_Q8QSqpquZGwNyNpbA,Central Parkway Mall,Buffalo,New York,2,5,Shopping
lC0j-u_vrDoNCKQfVWXu8w,Chicago Sub Express,Syracuse,New York,5,7,Food
wwlf_5HhLkqCpLHkci-ufw,Wild Indigo,Manhattan,New York,3,5,Nightlife
bDwpq5cAfTmpS9rP-5spkQ,Les bonheurs de l'oeuf,Orange,Massachusetts,4.5,4,Breakfast & Brunch
8K1gb97L2tef2zloFjM2Vg,Tudor Rose,Huntington,New York,4.5,3,Karaoke
uNgc0cSJ4PVHMbt-MpPTUQ,Sushi Fiji,B0st0n,Massachusetts,4,3,Japanese
mJTzkAOSBKBMviX2kLk8vw,Rose Bakery,Buffalo,New York,3.5,6,Bakeries
0Ss5bcqREIUotSMuawMY2g,Kelly Lash Studio,Manhattan,New York,5,6,Beauty & Spas
T6uVlXYp9XeW8U9QajqQdg,ONO Poké Bar,Manhattan,New York,5,23,Restaurants
bLtC8xJXkd1b6MT0KjnSvw,The Captain's Boil,Manhattan,New York,3.5,156,Cajun/Creole
VT5zZ-3RAkEYdlGF4gHuag,Maison June Rose,B0st0n,Massachusetts,3,8,Cocktail Bars
Rcawf6aCHdLZe7mTLxlcLQ,Boulangerie Premiere Moisson,B0st0n,Massachusetts,4.5,54,Food
3mJO9bGhRSd0oLVX_WYAKQ,Esso (Imperial Oil),Newark,New Jersey,3.5,3,Gas Stations
vb91ALDyUVuaQRPio8a1sA,Kiffin,B0st0n,Massachusetts,5,8,Food Delivery Services
fxqCGxvsOdn0aZVxqIA3Eg,Tutti Frutti Dejeuners,Wellesley,Massachusetts,3.5,6,Restaurants
cbxyYUsJMWk1oEgzfoJ28A,Il Gusto Ristorante,Manhattan,New York,3,8,Restaurants
SmJFJtcCpnZ802BAERUipA,HOLDENGRACE,Manhattan,New York,5,5,Beauty & Spas
f3q77mDLXS-uc0lFHnDlnQ,Spier & Mackay,Manhattan,New York,4,5,Fashion
8nFa9IbgynhsZlC7eYbcWA,Villa Armando,Norwood,Massachusetts,4.5,5,Restaurants
UH6tgaTukY9OVvclRYqpqA,Lola 45,Plymouth,Massachusetts,3.5,3,Tapas/Small Plates
ZG-c6IDFCcTl5akKG6qW0A,Assured Downtown Collision,Manhattan,New York,2,4,Automotive
yGpiXHxRmxc5pB98yC4P2w,JJ's Cafe & Deli,Manhattan,New York,3.5,5,Delis
zbFtY82_ummK4amkT-M04Q,Jacky's Seafood Restaurant,Manhattan,New York,1,4,Restaurants
ck_5whZWV67zONqnTsMjgg,Pizza Hut,B0st0n,Massachusetts,3.5,6,Pizza
Ggz16IcI47DFhXUYQJBnLA,PetSmart,Binghamton,New York,3,3,Pet Stores
cen0cy8yRG4DQSR_8xcupQ,Falafel World,Manhattan,New York,4,53,Mediterranean
PchaiMtRftWhDjfDX1iorw,Klip'so Hair Salon,Buffalo,New York,3.5,3,Shopping
5rE5PvGhChzttr74lkGF0g,Vanessa Nails & Spa,Manhattan,New York,3.5,8,Nail Salons
qEmGXOYFR5IhbeVdwWl0Pw,Fit For Life,Manhattan,New York,2.5,4,Sandwiches
2cIOUvgj94isBx7-ssse8Q,Place Tevere,Waltham,Massachusetts,1.5,3,Restaurants
K9AdKhxhozE5y_Auf7KsBQ,Buffalo Chrysler Fiat,Buffalo,New York,3,8,Car Dealers
cXN64viNvfIqtw5fSOS7aw,The Public House Gastropub,Manhattan,New York,4,5,Nightlife
vdfuIZhzhLwuECyaynGXPQ,Blackstrap BBQ,Cambridge,Massachusetts,4,125,Sandwiches
TVtnQyn3ka60r2t9xRwKPQ,Los Guaca-Moles,Manhattan,New York,3.5,16,Mexican
yGAjZwgVINJ9sgEOlgn7zQ,Starbucks,B0st0n,Massachusetts,4,4,Coffee & Tea
dz-d37YpPGgAmT17A9HJTQ,Mr. Greek Express,Manhattan,New York,2.5,15,Greek
lxR1ub7Gapwg_Doh7kqqIg,Petrina Taps & Billiards,Huntington,New York,3.5,3,Nightlife
2heHpCV2YFz0WSwY_YqQmQ,Centre For Social Innovation,Manhattan,New York,5,5,Venues & Event Spaces
rD2dqycGfsqphoZVpmHkqw,Fabulous Printing,Manhattan,New York,4.5,14,Graphic Design
9xq1pZfhkr8frt5O_EUW0w,The Drake Underground,Manhattan,New York,4,24,Bars
GT9F0QY75FanKmQnIjrbfw,Eclectic Revival,Manhattan,New York,4,4,Home Decor
By6EWeG-Ldjt8GsGFSAYZg,College of Education,Manhattan,New York,3.5,3,Specialty Schools
bLqSWSMvFekzuGM4kv1ziA,Cop.Copine,Manhattan,New York,2.5,3,Women's Clothing
WW28wWVG1FerddOkUOBHtg,Revive Med Spa,Manhattan,New York,1.5,7,Health & Medical
n72smZw1iVORdnjGfFT0FQ,Richmond Court Restaurant,Niagara Falls,New York,3,88,Chinese
K5TteBnAfgj18HRnV-Yy4w,Jodie's Restaurant,Manhattan,New York,4.5,5,Chicken Wings
VyV65xdSQ2cFy7c6B4zgoA,The Underground Dance Centre,Manhattan,New York,4.5,20,Dance Studios
h2qoDqeVdTDnJRGQGqsi4g,Bombay On the Lake,Poughkeepsie,New York,3.5,30,Indian
7T-BCk8K3WeubbKViARxrA,Hair Art Salon,Buffalo,New York,3.5,4,Hair Salons
i4JySB8qCvrXq3U5qXjbag,Java U,Waltham,Massachusetts,3.5,3,Cafes
UodgOiDi5i5US2kjeSqNpw,Stepps Footwear,Manhattan,New York,2,4,Fashion
M-GdhgO3Zb2RolSaR5up5A,Putting Edge,Ithaca,New York,4,11,Event Planning & Services
psT6E_eFAOuyaeEZ73HSuQ,Bank of America,Manhattan,New York,4.5,3,Financial Services
RTCxYW8ovC4BTKGBKOPvrw,Le Mantra,Revere,Massachusetts,3,6,Indian
vXtF-SeV726Sp4uror2Fvw,Tire World,Binghamton,New York,3,8,Automotive
b6SnFRxxAoZPEedhqfIbVQ,Hoogan et Beaufort,B0st0n,Massachusetts,4.5,25,Canadian (New)
ifpZREK1SkIwCZ6Ut9TOtA,CVS Pharmacy,Manhattan,New York,4,4,Drugstores
kQkXA0t1IBECrIZQVdFQ5Q,Denny's,Binghamton,New York,4,12,Breakfast & Brunch
GtUVjMcntDozkmWqUeqHig,Applewood Bakery,Buffalo,New York,3.5,3,Food
PV_0dG4bYgFyrBxgauBWIw,Café Humble Lion,B0st0n,Massachusetts,3.5,69,Coffee & Tea
K60hEIjdcWgijPhoLnkQig,The Real American Wholesale Club,Buffalo,New York,3,5,Food
SPTJYhwlCqgpjwidBACKzg,The Tap & Tankard,Syracuse,New York,3.5,15,Gastropubs
N0l4hT7UCywbZ9UEZ1R9kQ,Patois New York,Manhattan,New York,3.5,173,Asian Fusion
YX4pDgaxIAw1DWqIH87xKQ,Eglinton West Subway Station,Manhattan,New York,3,4,Transportation
0KN2L1CNIj4ppjNwIKJ2nw,Gotham Grill,Manhattan,New York,3.5,7,Restaurants
pLTQfHNdNn-cIRrEJx-xyQ,Coupe Bizzarre,B0st0n,Massachusetts,3,7,Hair Salons
QYHE6UHoiNew2iSLv8jXvQ,Fade2Brooklyn,B0st0n,Massachusetts,5,11,Barbers
10PjVUzO21NhMhMi4nJkXw,Yvonne Bakery,Manhattan,New York,3.5,5,Food
2QFXPtto9n7BGv2pfnek0w,William J. Walter,B0st0n,Massachusetts,3.5,5,Restaurants
IK5nhMXZzBqCl5EVj-V2gA,Aikawa,Framingham,Massachusetts,3.5,18,Sushi Bars
j_jpzpxWW9-qmLxcocGMEA,Oregon,New Bedford,Massachusetts,4,3,Wine Bars
5zppEN8M2Q6shUjKoto_Sw,Boulangerie Au Pain Dore Ltee,B0st0n,Massachusetts,4,3,Bakeries
7PK9PIdWdPtAp0gB31hO7Q,Sunset Grill,Manhattan,New York,3.5,98,Breakfast & Brunch
l6xZVTEtdZAvNpL1JhYGuw,Le Mista,Winchester,Massachusetts,5,3,Restaurants
sBVfBcmLsDsjLcOIqYvmnw,Heirloom,Buffalo,New York,2,11,American (New)
TxWyysyMUkh1cjSbXlx6rA,Golden Shores Restaurant,Binghamton,New York,4,4,Restaurants
F-jqyQ9WFnPe-d4NQJvS2A,CVS Pharmacy,Buffalo,New York,3.5,3,Health & Medical
38k_heLKR2J5P7JKV2AonQ,Eki-Bento Japanese Express,Manhattan,New York,3.5,19,Restaurants
9d2g2tXA7hAdsY84Q8N8ZA,H Mart,Niagara Falls,New York,3.5,27,Grocery
cyeTGR2pBJVRx79ReY6mcQ,Z Biztro,B0st0n,Massachusetts,4.5,17,Restaurants
KMpyu-b4waO9NTinzJbXPQ,High Seas Restaurant,Poughkeepsie,New York,4,11,Seafood
cyeTxRvsxMhD8B_fpTFw6A,D & Y Market,Manhattan,New York,4,4,Grocery
Qrz20jCLqVSixe53_McCMQ,Amaya,Manhattan,New York,2.5,14,Restaurants
g6XadxiRCtvZVs35RKAxWA,Berlin Hair Salon,Ithaca,New York,4,5,Hair Salons
w3Z4Hy42WfkvBUNN6pNoKw,Café 1880,B0st0n,Massachusetts,4,24,Cafes
WsJrIGGGo3qqrpneFeHx8g,Sabatino's Ristorante,Manhattan,New York,3.5,16,Restaurants
usaYivVXXF-3K4IrCG7vsg,Trinity Irish Pub and Restaurant,Syracuse,New York,3,9,Nightlife
i1eT1-RYPV6VF3Ey_5Zc1w,Starbucks',Brooklyn,New York,2.5,4,Coffee & Tea
wKm7tCyMsehWgphTrdJsfA,Pottery Barn,Brooklyn,New York,3.5,3,Shopping
nTWKgaZenNQar0zS63FhUA,Joe Yee Vegetarian Cuisine,Niagara Falls,New York,4,33,Japanese
crstB-H5rOfbXhV8pX0e6g,Ramen Isshin,Manhattan,New York,4.5,299,Restaurants
5c6ouNegJtpmzetsDkGd7A,Hair By Miranda,Manhattan,New York,4.5,20,Beauty & Spas
L8YDg8xMhFQOyvChUv3Q9w,Brandt Meats,Buffalo,New York,4,21,Meat Shops
9-Mt3DrThou0tNSBxY87GQ,Pejman Hair Salon and Spa,Poughkeepsie,New York,4,5,Beauty & Spas
rW8-sbPqmkAHtmcDgn99xQ,la fromagerie Atwater,Holyoke,Massachusetts,5,3,Specialty Food
tlSnPGiM8G6whUxjc_O_4A,Wok Stop,Manhattan,New York,3,6,Restaurants
hTUtle9Btvw-K_0ne0og_A,Pho Real,Ithaca,New York,4,80,Vietnamese
gc8ngjYYwsgrAC3Y2SFymA,Cafe de Paris,Manhattan,New York,2.5,39,Restaurants
RYha10Ic8AbHqJ9K08SOag,Suckers Candy,Manhattan,New York,3,8,Candy Stores
Pw810UknCf7fhjNIUSrVyg,Anchan Thai Kitchen,Manhattan,New York,2.5,3,Soup
QXCVz1mZY4llCh2h2D48Ww,Starbucks,Brooklyn,New York,3,9,Food
Mn9jUB4PW-bHgkKK0k729w,Inglewood Arms Hotel,Manhattan,New York,3.5,3,Hotels
qzwxbLZL9eQ0E3nX02D0fQ,Carstar,Manhattan,New York,3.5,5,Auto Repair
UpmAfOoh6WTF9g6AH-6ofA,La Bruschetta Restaurant,Manhattan,New York,4,27,Restaurants
FuKre8xuy7jl4tqfuAyRrQ,Roots - Roots Central,Manhattan,New York,3.5,17,Shopping
yDVedcyujtCPyuJdPp-ZGw,Seoul House,Elmira,New York,3,20,Chinese
YbynHsi3Nf7YhftGIYm4pw,Fishbar,Manhattan,New York,3.5,56,Seafood
O_UC_izJXcAmkm6HlEyGSA,Playa Cabana,Manhattan,New York,4,348,Nightlife
4GJWnxVgVggVPOS9W3tCeg,iRepair,Manhattan,New York,2.5,13,Mobile Phone Repair
PCUNUB2qvqLMiHST0K5hrA,Starbucks,Queens,New York,3.5,8,Food
fadtEcEcDkSLw4J6p5W54A,Tosca Ristorante,Buffalo,New York,3.5,7,Italian
9iAVEdj9_ESR0AhS-7ZuWA,Hobby Hobby,Buffalo,New York,4,7,Shopping
pJVPEicWbvcz8ATQGick6g,Yuki Ramen,B0st0n,Massachusetts,4,23,Restaurants
vQXhuCQ4Wc3WWesp9hy3VQ,Pizza Hut,Manhattan,New York,1.5,15,Pizza
20pEvbbcAXBKaZRHFvpS-Q,Colin K Chan & Associates,Manhattan,New York,3.5,3,Optometrists
yt87Ah5lXcLBTxrTfXTm6g,Ring Audio,Manhattan,New York,4.5,6,Electronics
J8J8878I3S5ENqJ8wI087Q,Knitomatic,Manhattan,New York,4,9,Knitting Supplies
RexM1dB6by1YWV4kQnjXYg,McEwan,Manhattan,New York,3,23,Food
mp0-F-sgWSV6OxGgt67nXw,Arahova Souvlaki,B0st0n,Massachusetts,3.5,23,Greek
FZz5onbUWzE9oJ0aD0jN7w,Yves Rocher,B0st0n,Massachusetts,4,4,Shopping
zaR4oRnhas6YDkpa6KPYFg,Bochner Eye Institute,Manhattan,New York,4,11,Health & Medical
6bttTDLU4j4GeG7QnvU84Q,Nonna's Place,Manhattan,New York,4,14,Italian
ETQ6DUFHZXMwfv8EqEdImQ,Tandem Coffee,Manhattan,New York,4.5,72,Coffee & Tea
cMSEUCKmX8kRIU-31BSlLw,WAXON Waxbar The PATH,Manhattan,New York,2.5,11,Hair Removal
STukQhp01a__zTsHMBiyow,East of Rochester Gourmet Food,Manhattan,New York,5,12,Restaurants
pytvLlBqa4LBBMBOCInLuQ,Il Gelato Di Carlotta,Ithaca,New York,4,6,Food
kTBrcbYgFQ3KbuZTAP1WFT,Seven Lives Paleteria,Manhattan,New York,3.5,49,#N/A
F_6ZN1mylHN9PnOmFoaHIg,Frank Custom Tailor,Manhattan,New York,2.5,3,Sewing & Alterations
Ocugca8e0HpiVMxazXgXMA,Just Ducky,Manhattan,New York,3.5,3,Trainers
UpRphLjFnPIoklQhIO8fhA,JustB Salon,Manhattan,New York,5,8,Beauty & Spas
udn9cpmGR5WScNt1zbFcvU,Empire Grill  Indian Cuisine & Wine Bar,Manhattan,New York,4,9,#N/A
8QmYK1h-K_Km42BCNd-hJw,Burrito Zone - Huntington,Huntington,New York,2,3,Chicken Wings
eUa2VP06FTmyWdYzYG_qWw,Alice Bakery,Niagara Falls,New York,4,15,Desserts
Qg2ijqYI_6YUKRr7jeZy-g,The Friendly Thai,Manhattan,New York,2.5,46,Malaysian
QEtp3ed3o6FWHEPhmqxhvA,Porcmeilleur,B0st0n,Massachusetts,4,3,Food
tiiecz54EiMHicgLfMQdMw,Provigo,B0st0n,Massachusetts,4,3,Grocery
kf9FtBLOibE9lvWSyVAV_w,Gojima,Poughkeepsie,New York,3.5,22,Japanese
nz4P7en-UVCRv9Pd4A1uzA,Madisons NY Bar & Grill,B0st0n,Massachusetts,3,22,Steakhouses
zysuthY02TaG7xvy-Lceew,Pizza Bouna,Cortland,New York,3.5,3,Pizza
EXJEi3CAXOlozNT1Mq_8dQ,Questrade,Manhattan,New York,2,16,Investing
dR_QSP5ngGYiUkxzDUYLmQ,Dunn's Famous,Weymouth,Massachusetts,3,8,Pizza
sqHRwTOpFMsdoN_3xsTFNQ,Ox Noodle,Ithaca,New York,4,64,Restaurants
z9gfVrZESgokFRXwkASofA,Sam Cha,B0st0n,Massachusetts,3.5,32,Japanese
rl0_CZQDJDlXfZiHe9tZ8A,Wrapido,Manhattan,New York,4.5,42,Food
QX5Y_BIxlMG3B3vV1zx1Gw,Cherry Street Bar-B-Que,Manhattan,New York,4,69,Barbeque
8LDBZPaiEYIj9tIxNDq7dA,Pharmaprix,B0st0n,Massachusetts,4,3,Eyewear & Opticians
c-fABAgX2yKJ5limkRn_Hg,Captain John Donlands Fish and Chips,Manhattan,New York,3.5,8,Fish & Chips
SVYL3xzJTXcFg-oCGpgzZg,McCafe,Manhattan,New York,4,12,Restaurants
QK48m5wyLrTuOkMdQO3n8Q,Super Marché Madina,B0st0n,Massachusetts,3,4,Food
lYua5P24xN4gbs-9gnq-NQ,Hugo Boss,Manhattan,New York,2.5,5,Shopping
Yu5CUleII8X0lSFeZI1H_Q,Acupuncture & Massage Healing Centre,Manhattan,New York,5,4,Beauty & Spas
301VZvZvjGes5Dxu255Gsw,Monsieur Restaurant and Bar,B0st0n,Massachusetts,4.5,30,Bars
OOuiSEAPV1eBpnMzEp6mog,Aux Îles Bleues,B0st0n,Massachusetts,4.5,5,Seafood
0Rl0YH7Q0VhnJWgW43OGzg,Kilt and Harp,Manhattan,New York,2.5,6,Bars
fOz7RpohSqGKU9Y4ThTrDA,One Scarsdale West Hotel & Residence,Manhattan,New York,3.5,105,Event Planning & Services
ed15a9_xj4jfaObqb36wZQ,Dunkin',Lake George,New York,3,5,Restaurants
zLbv0CzrlP_M63bsnMthGA,Yonge Vision,Manhattan,New York,4.5,7,Eyewear & Opticians
w2D1maE1-0rNhS3r0K0RxA,Sakura Sushi,Manhattan,New York,3,3,Restaurants
akuwT08x4nnjG9yfFcJ-GQ,Fast Fresh Foods,Manhattan,New York,3,17,Salad
UDKAqeNly36J_VYvxWxnnA,Urban,Manhattan,New York,2.5,13,American (New)
IVzWDDRFg_VYIdUX1iRU6Q,Bagel Expressions Beaver Hall,B0st0n,Massachusetts,3.5,21,Breakfast & Brunch
UpSHAMogY9ubMGbuNAV5nw,Sushi Wa,Ithaca,New York,4.5,84,Asian Fusion
AKxaZl31RGJE2kdJdLFZfg,Dutch Bros. Coffee,Manhattan,New York,2.5,3,Coffee & Tea
m2aDEL1d5lLf-v1UNvXc9Q,The Bronx Sushi,The Bronx,New York,3.5,36,Seafood
djKTruHtS4n_vlfOknxjRw,Queen's Pasta Cafe,Manhattan,New York,3.5,56,Restaurants
CrIQLWcvOYWDFAl-UWgkxw,Brownes Bistro,Manhattan,New York,2.5,4,Pizza
bejxx0XrZ6Ogv-o-3InELA,Sugar Marmalade,Manhattan,New York,3,117,Restaurants
AVii84Yaj5j-AlWpLWqj1Q,La Paloma,Manhattan,New York,2,4,#N/A
bR_fM_J6CHT_iOV75GS7vw,Bagahon Singapore Bak Kwa Jerky,The Bronx,New York,3,9,Ethnic Food
kaBMd8sgJvOh5CAgsP106g,Chef's Depot,Manhattan,New York,2.5,7,Wholesale Stores
qPoCRW6mjUISW_padb7v4g,401 Games Toys & Sportscards,Manhattan,New York,4.5,49,Hobby Shops
VIP5_HoBm98wcJPwz0lZjg,Cinquelire,Manhattan,New York,3.5,19,Pizza
gtcsOodbmk4E0TulYHnlHA,Northwood,Manhattan,New York,4,93,Food
mQ99sdpy18CrVuUyB91scA,Presse Café,B0st0n,Massachusetts,2.5,7,Restaurants
FlaKnTMLBE_pzRYHjXTOLg,Sahebi Kabob,Manhattan,New York,4,18,Halal
TWFH4a60FDzA4gy49CCtWg,Teatree Cafe and Eatery,Manhattan,New York,4,23,Vegan
FiTdi2PWCEbKy3USiuLNHA,Saigon Optical,Manhattan,New York,4,5,Health & Medical
pIrStLihbEEPOXnH2TlPZw,Chicago Pizza Kitchen,Ithaca,New York,4.5,11,Restaurants
DcwkTT5aHdzjbDXt_E0whA,Brad J. Lamb Realty Inc.,Manhattan,New York,4,4,Home Services
GTF5tREki_nLpTrx2GwhFA,Hollow Ground Barber Shop,Manhattan,New York,4.5,22,Barbers
mAhk1ZGWc1Z27nFOm4bfWQ,bank of America,Niagara Falls,New York,3.5,3,Financial Services
SEoKgkmX67uBNBO2g6cCFw,Chuck E. Cheese,Fall River,Massachusetts,2.5,3,Pizza
4FXnfuKRa1zUFfGTroO0FQ,Parkview BMW,Manhattan,New York,3,14,Car Dealers
1uAYx8wgiRXNB_I9g1n8eQ,Red Cranberries Restaurant,Manhattan,New York,4,48,Restaurants
ELMs0cF4uOYh7ome4EE9Rw,Satay Brothers,B0st0n,Massachusetts,4.5,50,Singaporean
fiFNpXVk4OkW76vzDtL7JQ,Valley's Top Notch,Manhattan,New York,3.5,7,Restaurants
CWkd_PmKOGjJuP1hxxjV3Q,The Source,Manhattan,New York,2,6,Mobile Phones
eKLp1nibQG0lMbix13bIAw,Minute Muffler & Brake,Rochester,New York,3,5,Auto Repair
Ki4aSG30_W_2KPjqT50o1w,Eat Canteen,Manhattan,New York,4,9,Chinese
gzTmlRZcEfB5BU-bi_U27g,Pâtisserie Tillemont,B0st0n,Massachusetts,4.5,3,Bakeries
GNGwE0uUlQWaV5O3c9JvxQ,Pancha's No Frills,Manhattan,New York,2,7,Pharmacy
jwiZRCcjoWwMPIUG9DTE-g,Village des Valeurs,B0st0n,Massachusetts,4,3,Shopping
e6D1JhseaWPDL9GVlZm6BQ,Red Chili Sichaun Restaurant,Buffalo,New York,3.5,5,Chinese
RwZsmeNeH1nt2WhDO9dakg,United Messengers,Yonkers,New York,3.5,3,Couriers & Delivery Services
tXNPgZfoOPo83oSnT4O-iw,Nail Centre,Poughkeepsie,New York,4,4,Beauty & Spas
KeQ1cK564cL5C_hBTFrqnA,Desi Bar & Grill,Buffalo,New York,4,57,Nightlife
m3K_2-kkNUFrXh74QUfaHg,The Suya Spot Newark,Manhattan,New York,5,3,Soul Food
GskcqN5ie6xi0fzTI_4YTw,Biryani Kabab and More,Buffalo,New York,3.5,11,Pakistani
xRy5RBsFvdwV_iVnc5JZmg,Bella Notte Ristorante,Syracuse,New York,3.5,10,Italian
3vUkZneZPILK509hwQCBfg,Il Bistro Cafe & Pizzeria,Queens,New York,4.5,6,Pizza
eyQDJfboFWatb7PKs0t3zw,Dunkin',Manhattan,New York,1.5,5,Bagels
pFCU_1SI56bB3sOLEPNf_A,Savoury Grounds,Manhattan,New York,3,6,Food
47y08rotkJr5gYMgG5IvTA,Café International,B0st0n,Massachusetts,3.5,11,Italian
1HXaLx2N3E8mEjpvxfkBzQ,Montauk Chiropractic Clinic,Buffalo,New York,2.5,3,Acupuncture
Wm6S0bjT8pkLGp1no6KtKg,Vive Fitness,Manhattan,New York,5,5,Active Life
pbKBYXjPmg47yQjzNW4LJw,Pizza Mega,B0st0n,Massachusetts,3,3,Restaurants
YM06JQ_xiSPrghs9EMNttg,Sixth Line,Utica,New York,4,7,Sports Bars
xf88F8c89wT6gv_8nwQbuQ,Altitude-sports,B0st0n,Massachusetts,4,4,Shoe Stores
IIzIxsXQae5VkOCqTI7kLg,Le North End,B0st0n,Massachusetts,4.5,8,Nightlife
3p2-Qqao7z8arPVS4C-pZA,No More Chores,Manhattan,New York,5,20,Office Cleaning
v7LAARKwDAh8tk-utn4iYA,Spa Escale Sante,B0st0n,Massachusetts,4.5,10,Beauty & Spas
aFjYs3ilkoNz6YDAnSMgsw,Let's Make It!,Niagara Falls,New York,5,5,Education
St9asvZeNCxGEx3x8lH_IA,The Home Depot,Queens,New York,2.5,3,Hardware Stores
ROFfVK05N0eN_TkXOGnWKA,Audio Heaven,Niagara Falls,New York,5,19,Shopping
aN9sluuHY9EQEWjx3SxoZQ,Jones Library,Manhattan,New York,2.5,3,Public Services & Government
6CWJLs-FBvc1tnOcR4m3Uw,Dahlia's Mediterranean Bistro,B0st0n,Massachusetts,4,23,Middle Eastern
3GloQuLAuj3mVvfiD4B8JA,Made You Look Jewellery,Manhattan,New York,4.5,23,Watch Repair
kIdLsbi4wdPZzMYRJmD48g,Harvest Green,Manhattan,New York,4.5,6,Canadian (New)
47WDyaBzlYK24wY1m_XnsA,Congee Phoenix Cuisine,Manhattan,New York,3,40,Restaurants
Zr3ztn_ulr3bFi1lbfDl1g,Mr & Mrs Drycleaners,Manhattan,New York,2.5,18,Dry Cleaning
-2EAyppKR_2xuLyvJZEbRQ,Burrito Burrito,Manhattan,New York,2.5,18,Tex-Mex
55bZKv_k2aGBKCKnjh5uFw,Balisi,Manhattan,New York,4,8,Shopping
aAjHCn1tiZR-Nkn2xMiD6A,Public Storage,Manhattan,New York,3.5,3,Local Services
H7uTCf4J1klValwFznkqxg,Mount Pleasant Certigard,Manhattan,New York,2.5,3,Automotive
wDH20D2qRuKwk8YhaA4OtQ,Glassbox Barbershop,Manhattan,New York,5,11,Barbers
B_R1qvyOiMozYkzeV98K0w,Pretty Ugly,Manhattan,New York,4.5,9,Nightlife
IIhRWo-kuhlUz1r3bYTGZw,Sedo Snax,Elmira,New York,5,3,Grocery
dzBXyYLgHsdkrxshlxwukw,La Chope à Barrock,B0st0n,Massachusetts,4,4,Beer
eyx6dii3y7aTDafFjSSt9Q,Kelseys Original Roadhouse,Newburgh,New York,3,8,Comfort Food
chAR-4GV_qtpgRJyhErbSw,Highway 61 Southern Barbeque,Manhattan,New York,3.5,38,Barbeque
GUvIEwMaAkfDKrknewzDFg,Sams Club,Buffalo,New York,2.5,3,Food
FZdVueLJ_ooSOo9qJLAHoA,Alt Hotel - New York,Buffalo,New York,4.5,28,Hotels
4l_-43mnWy72rnRPpctEYA,Akita Sushi,Peekskill,New York,2,24,Sushi Bars
7DPMQ5vXzRtTlSy-aZrQNQ,Brioche Dorée,Fitchburg,Massachusetts,3.5,7,Coffee & Tea
VJZgCq14xUJxPfTIa2ZWnA,Rochester Mills Automotive Centre,Brooklyn,New York,3,8,Auto Repair
a8CG75t812Fc-wJkI5wMpg,Boom Breakfast & Company,Manhattan,New York,3,57,Breakfast & Brunch
iLHds9iAegnEO49yFlIafg,Premiere Van Lines,Buffalo,New York,2.5,3,Home Services
QiuwbetmJJlhpCZhNeG6Dw,Modern Optical,Manhattan,New York,4.5,7,Shopping
bnfm0_uYvmCqCp-kfiVpPg,Castle Fruit,Manhattan,New York,1.5,3,Food
GdbrOGM9UuxDQokZ3whn8Q,Moonshine Brew - Discount Electronic Cigarettes,Lake George,New York,4.5,5,Vape Shops
lwgtU5f0Mh-gDKrqjomFOQ,Kelly Massage Spa,Cortland,New York,3.5,4,Shopping
Kjcthk4GO9WgorfcCJGqWQ,Crab House Serafim,B0st0n,Massachusetts,3,4,Seafood
drNjH8Z63cgp8FWXh2hahA,KINTON RAMEN,B0st0n,Massachusetts,4,87,Restaurants
n_dBKH3nWA2voYhWWowYsA,Fromagerie Du Marche Atwater,B0st0n,Massachusetts,4.5,4,Cheese Shops
5XZgjdttahrvS5JoXVZ4Kg,Barbounya,B0st0n,Massachusetts,4,36,Restaurants
t97JdgEBy7aOpx2J5cPObA,Divolio Ristorante,Orange,Massachusetts,2.5,3,Restaurants
95A_eit7YDcEtM7zPO9yHQ,Bamboo Cafe Chinese Restaurant,Manhattan,New York,4,7,Restaurants
eHT2IhU97xFZwxMvVejckg,Le K'Bob,B0st0n,Massachusetts,4.5,4,Korean
eRnrlOB4HV3loPl62qLT6w,All About Dogs,Brooklyn,New York,3.5,3,Pet Training
pDqShrDKRpl8cceGavrZuw,XO Karaoke,Manhattan,New York,2.5,33,Nightlife
X72UR4q3Z30BtWExT1id9g,2 Pierrots,B0st0n,Massachusetts,4,16,Arts & Entertainment
QeqhqOyAjy2BjmNGm4iGAA,Wimpys Diner,Manhattan,New York,3,12,Diners
Dl3ty7Rt2WeBIAUoBF0EXg,Stash Café,Boston,Massachusetts,4.5,192,Restaurants
siwM8G7X9UGJ-gLa3W52Tw,Salon Prive,Manhattan,New York,4.5,7,Beauty & Spas
XmMwZ-aEA-4t_oDHtUNf1A,Salon Tocci,Manhattan,New York,4,21,Beauty & Spas
upAP_8b1CV2Pw0BU7gkN4Q,Dutch Bros. Coffee,Brooklyn,New York,2.5,10,Coffee & Tea
cmK8lrg5B8hUmdm_0GxaiQ,Crêpanita du Marché,B0st0n,Massachusetts,4,8,Food
G2i46bMQIk1Lv9erfUhMiA,Puck'n Wings,Manhattan,New York,3,35,Restaurants
bbSb-uviEUNlCw1bitAmQg,Baddies,Manhattan,New York,4,28,Food
Y1wzvTTI_rSAJOF1224LCQ,Honey & Garlic,The Bronx,New York,3.5,16,Dim Sum
83Z5ssEW0LGZmtgKaLBT9w,Kuu Bistro,B0st0n,Massachusetts,3,59,Nightlife
BN_3vkIbm0DHhj3C5yFGEw,Diem Franke Headshots,Manhattan,New York,5,3,Event Planning & Services
RXESkOgqAYGoujYTqy2KNg,The Only Cafe,Manhattan,New York,4,92,Bars
mSAeJABa1LMJYC__vtMnMw,Café Noir,B0st0n,Massachusetts,2,19,Restaurants
SYGoFUdLLPyh1lZ9_nwOUA,Brick Street Bakery,Manhattan,New York,3.5,34,Bakeries
RqSvkp-Q3VJLQem3jjUa5A,The Corned Beef House,Cortland,New York,4,14,Food
IXXZ--J60dbcsWgN8Lq3tw,Easy Catch Fish And Chips,Manhattan,New York,3,18,Restaurants
DzZOOXfaj9xH-gKCv3fsbQ,Galitos Flame Grilled Chicken,Buffalo,New York,3.5,43,Restaurants
inHnf3mcrDuVitlD4cbkXg,Aquarelle,Manhattan,New York,3,3,Medical Spas
iTmSF9AvNFN_27aBYu4EKg,Sushi Bar Kim,Fitchburg,Massachusetts,4.5,10,Restaurants
OLumaNuQkLXNnyQTZ-Y9Qg,Jamaica House Kitchen,Binghamton,New York,3.5,12,Restaurants
eCYtxtC1QT9Safj25NI5xw,FitStudios Center,The Bronx,New York,3.5,3,Fitness & Instruction
0gF4-D1TlbQf9oQGZLOtRQ,US Postal Service,Manhattan,New York,2,3,Public Services & Government
lfzM2EofuFXos2W_fjclow,Caffe Gran Sasso,Valley Stream,New York,4.5,11,Cafes
lpW5eMwhe1DF5eGQOAAeng,Frite Alors!,B0st0n,Massachusetts,3.5,13,Restaurants
tg2f6RBsi3memqM-Yb2gUg,Ba-Li Laffa,Manhattan,New York,2,3,Kosher
gr-u8S1z49gUucOJDuB6hQ,North Standard Trading Post,Manhattan,New York,5,5,Fashion
j_eGMmT1JvMRh4DK4FrYOQ,Burrito Squad,Ithaca,New York,4,27,Mexican
IjQ_8PAaiRgeo7mCvO1uOg,Arahova Souvlaki,B0st0n,Massachusetts,4,4,Restaurants
oEuTfjwoG5j7PDT64PEuqM,Hilton New York Airport Hotel & Suites,Buffalo,New York,3,41,#N/A
LI2gZ017EM3_5gy8Z1QR9w,Sorrel,Manhattan,New York,4,25,Restaurants
1z4mn85avnGG64UEyXP35g,Yanagi Group,The Bronx,New York,5,4,Fashion
BYnmPgDK8QD5VTeUodQoZA,Parc du Norwood,B0st0n,Massachusetts,4.5,279,Active Life
6sp-G461xj9-xD3vdnYT5g,Aritzia Fairview,Brooklyn,New York,1,3,Women's Clothing
hswjarHSdQwN8Tk8TC5tEw,Jetsun's Juicy Burger,Manhattan,New York,1.5,3,Restaurants
eAzY2EWDX3TNeQJHUbZBOQ,Conspiracy Comics,Utica,New York,4.5,3,Comic Books
TnKw2vPa-C1NyHBPAbGOTg,American Appliance Source,Buffalo,New York,1.5,9,Home & Garden
ez_0ZOmof9vuacg0qZy8qA,San Francesco's Foods,Buffalo,New York,3.5,9,Restaurants
8jl0zzTGajfSDpdVDPYn6Q,Yellowtail,The Bronx,New York,3,65,Restaurants
KL2UJL_CwOV1cXUH_UhRaw,Policaro Acura,Binghamton,New York,1.5,3,Automotive
IjhsNcbzBrAWkF3ghiSeOg,Shiraz Restaurant,Niagara Falls,New York,1.5,5,Restaurants
MzDtjEQ4o5ipLCzTT2aEag,Phonopolis,B0st0n,Massachusetts,4,12,Music & DVDs
OB70e-aNxGagRuY0s0TLRQ,Exotique Glace,The Bronx,New York,3.5,3,Desserts
DXqZZEXApTmRauLzSUh1nQ,Papa John's Pizza,Manhattan,New York,2.5,10,Restaurants
D43MD9IYGB2tnCzmq-MJqA,Threading Experts,Manhattan,New York,4.5,68,Beauty & Spas
6IadUU3kr46yAbTKtWvQag,Moo Beef Noodles,Newark,New Jersey,3,5,Food Court
FeC5DeqINOSr37y5TABnKA,Parkette,Manhattan,New York,3.5,28,Italian
rrhw78IhgIOhK6E-7RlViA,Sally Beauty Supply,Manhattan,New York,3.5,7,Shopping
fnLiPkJL0ur4-pS99bgqGA,Grand Noodle,The Bronx,New York,3.5,79,Restaurants
4t_RBsTtU7hhVYJweh46Uw,Bayview Court Chinese Restaurant,Niagara Falls,New York,3.5,51,Restaurants
p8H1RF75ByAEoGnzfNwVGA,American National Exhibition,Manhattan,New York,3.5,123,Active Life
u-3wk-2mnsjy0YIoEg_XjQ,Rooster Coffee House,Manhattan,New York,4.5,38,Food
q68NkgNFy8MmM3ZAWZa2PA,Cornichon,B0st0n,Massachusetts,3.5,14,Burgers
f8nKl6RihBJoF13i3vt0fA,Mr Souvlaki,Manhattan,New York,3.5,7,Greek
5Rau1XtDY3X9Fk6V6lBKAw,Loveless,Manhattan,New York,4,11,Nightlife
yOM2V0f_9FgXCtNIJz9qow,FreshEast,Buffalo,New York,2,4,Halal
2KJ0HDa_KqmTfxc1Y_xMEA,Mackenzie House,Manhattan,New York,5,4,Museums
wyeB7gu2Pw6ZT7Oz627dSg,Richters Herbs,Oswego,New York,2.5,5,Herbs & Spices
UgrDy4g_YnCtzECfZJB64w,Lavage de Vitres Wizard,B0st0n,Massachusetts,4,4,Window Washing
OAflyXeQ59YMV9_f2HO2DQ,Syracuse Audio Video,Syracuse,New York,3.5,3,Home Theatre Installation
5ZgKY97cfRijcosskzIXbg,Moustache Café,B0st0n,Massachusetts,4.5,26,Cafes
Nx7Uony02V4E2lUIv6l8Ig,Dollarama,Manhattan,New York,3.5,6,Shopping
gw4xxgopurM5m6CgxW-SQQ,Forest Hill Physiotherapy & Health Centre,Manhattan,New York,5,4,Physical Therapy
BQNjtWP9CWskH7iqy7UoJA,Fabian's Cafe,Newark,New Jersey,4,16,Desserts
wB8SWcTrYWSSZQkRgJ-C-w,Chuck E. Cheese,Plattsburgh,New York,1,3,Pizza
BHi4nZxX5oYYu175aSY4sw,Jack Tan's,Manhattan,New York,2.5,19,Cocktail Bars
FOMPEDx1Y4yw8Zyeww9zJQ,Subway,Manhattan,New York,1,4,Restaurants
7kUQzgzqWXwogLUT1JRNT9,Leslieville Medical Centre,Manhattan,New York,3,3,#N/A
E_KZPN5MikPQ1VEXzl2Opw,La Bella Sole,Manhattan,New York,3,10,Tanning
-rx-9Ra2OHfmD1yaUS-CMg,Axia Restaurant & Bar,Buffalo,New York,3,86,Chinese
HhVkg5mKHvABcieim_LABA,Rush Coiffure,B0st0n,Massachusetts,4,3,Beauty & Spas
DLEt4Yp7wGpjv5aIn7g0BA,A l'Os,B0st0n,Massachusetts,4,9,French
AMBBqVaT2PP9VODc5hXIyQ,SilverCity Niagara Falls,Niagara Falls,New York,3.5,27,Arts & Entertainment
5O5nABu1OTOINGZnR2ytgw,Target,Elmira,New York,2.5,3,Office Equipment
HE0nhHxUt8fmQ5qTnuU2_w,Starbucks,Manhattan,New York,3,9,Food
MWz0bsc2-6owh93-i8p0zw,Laurea,B0st0n,Massachusetts,4,13,French
E_pqUttOmmLgj9MXceiKPg,For Your Health,Manhattan,New York,4,4,Chiropractors
FcDuhtFXWpqJOBvePtFR3g,Alicos Copy Centre,Manhattan,New York,1,8,Local Services
L64JAuPA8_CgjAqvnO6JBg,Lone Star Texas Grill,Utica,New York,2.5,32,Tex-Mex
4QHQ4YUdnqk58dBdZX6kvi,La Casa Dolce,Buffalo,New York,3.5,19,#N/A
qKoCB0pmB0wwdDHpw19bjA,Pinky Nails,Manhattan,New York,4,49,Beauty & Spas
6tFbsJuIarw6vawDOZ9GkA,Pizza Hut,Manhattan,New York,2.5,9,Chicken Wings
U_jPOTd-Z5KATbTYnDeNxg,Burrito Bandidos,Manhattan,New York,4,89,Restaurants
4WW0U2mKgFYJILnWLmUwLA,Lim Ga Ne,Manhattan,New York,3.5,86,Restaurants
yQTmBjFaNsJBDxu0wsL6lQ,Compton Robin,Manhattan,New York,2.5,3,General Dentistry
diu20LNdUe_nHvrRDo9PNg,Merchants Flea Market,Manhattan,New York,2.5,3,Shopping
dV3fPJCzuLxZTnMrg7oQsg,Tint Scarsdale,Manhattan,New York,2.5,5,Auto Glass Services
OlfbvyzbncsZBAMetgPSyQ,Lower Ossington Theatre,Manhattan,New York,3.5,30,Performing Arts
HJIW9bWQ_2RBQm2nkZGXWQ,Naked Furniture,Poughkeepsie,New York,2.5,3,Furniture Stores
JlnMgV5JKnQU7QLBjsFf0w,Auberge Des Battures Enr,Wrentham,Massachusetts,4.5,3,Event Planning & Services
lZ2Ubtb6MHiZCCz1P0yAEQ,The Dutch Bros. Coffee,Manhattan,New York,2.5,6,Coffee & Tea
weBrdZ_fkeIp85I0Z90oaw,Fionn MacCool's Irish Pub,Huntington,New York,3.5,21,Bars
S6OCkZ-l1aOZcqb_G5DMCA,Central Surplus,Manhattan,New York,2,3,Hobby Shops
4gLrZ_XvFwypEb-BckjoFw,Nails For You,Binghamton,New York,2.5,5,Nail Salons
EDk00IPvHDdU7DvExYgfQQ,Premiere Moisson,B0st0n,Massachusetts,4,21,Food
u7bjH0lJcE7Q4BFlKTPJcg,KFC,Manhattan,New York,1,3,Food
Cfzfl09ITMfr7MOxZJczag,Sobey's,Manhattan,New York,3.5,3,Food
qDguZjZSYPOzq-je_EqO3w,Bamburger,Manhattan,New York,3.5,32,Restaurants
VB_4QRTgOCSC6qn368SccQ,Enterprise Rent-A-Car,Manhattan,New York,4,10,Automotive
mrdIbozwsLNU_HuLYPjYRA,La Jolie Boutique,B0st0n,Massachusetts,4.5,3,Barbeque
nZ4HW543eDyqqE62QYnChg,The Burger Cellar,Manhattan,New York,3.5,110,Salad
5hF2L6XY6CMOdkZltpFaHg,Vi's No Frills,Manhattan,New York,3,10,Grocery
5NrkGcyY-2fBjQWkoYrNAA,Cielito Lindo,Lake George,New York,4,31,Food
jrk5mERDGfe4uDAd6WnZKQ,Poorani Vilaas,Manhattan,New York,3,4,Restaurants
fH7ABat7FDq9Cfkqwac7dA,Const'N'Clean,Manhattan,New York,1,5,Home Services
6n_MDeYxU1ihB38be9TkVA,Sushi On Bloor,Manhattan,New York,4,213,Restaurants
3ulTGStZ7vEs1lWPrglZpg,Salon Riccardo,Manhattan,New York,3.5,5,Hair Salons
eHk2_xOWd3PoxRVle5U_dw,American Men's Clinic,Manhattan,New York,3,6,Doctors
KX_4sldJKgkEWaYVfSWjwQ,Mint Garden,Queens,New York,3.5,11,Vietnamese
2Y3uEhkTo728kRULUrsS-g,East Side Mario's,Fall River,Massachusetts,1.5,6,Italian
1o-iVJ6FzJLacACT1ZtAeA,Mooredale Sailing Club,Manhattan,New York,5,3,Sports Clubs
2iSXzsmucGHn_NM51y29bQ,Mother's Deli & Bakery,The Bronx,New York,5,16,Delis
fLN3C8h8JeTb8eFuL83O3Q,Flatiron's Christmasmarket,Manhattan,New York,3,4,Arts & Crafts
WNnkyVvBfY1vTqiqSufZQA,Cibo Wine Bar,Manhattan,New York,3,93,Wine Bars
DIK6moKwvpaSMUIrxpOq8A,Steerburger Tous les Jours,B0st0n,Massachusetts,4.5,57,Breakfast & Brunch
7xt24dNXMG2uqYpp6j6J-Q,Fire Grill,Fall River,Massachusetts,3,22,Seafood
Cr9yQp1qrYOJTx1J-aCWeQ,Seara Bakery & Pastry,Rochester,New York,3.5,12,Coffee & Tea
NreEX29EWcyoQfWhl4SXBw,Sunwing Vacations,Poughkeepsie,New York,1,5,Hotels & Travel
l_hdzCRLPOaHSmO5hxKNHw,Opticianado,Manhattan,New York,5,8,Optometrists
K3VpteRXtP11BDYZnu1I7A,Popeyes Louisiana Kitchen,Utica,New York,4,5,Chicken Wings
gi3VRKqmp3_Ph1W-10sgzg,Davidson's valumart,Manhattan,New York,4,14,Convenience Stores
FjAfmg6QzXRGEFx8yJ8q7w,Sunset Grill,Manhattan,New York,3,21,Breakfast & Brunch
53sfFpflCrVv-rb0HCVnjA,Fromagerie Beaubien,B0st0n,Massachusetts,4.5,3,Food
U1pyX7HuakjAkxFsowfdmg,The Roundhouse Craft Beer Festival,Manhattan,New York,4,5,Festivals
4Dqv3RVR7faMYfeJCChdyA,Crema Coffee,Manhattan,New York,4,82,Coffee & Tea
aVL9ePw2KPtG4vIOTRTXoA,Hoang Thy,Manhattan,New York,4,10,Nail Salons
XS0BZA6YW7iwzmDX3GfCbg,"Brian Friedman, DDS",Manhattan,New York,5,3,Oral Surgeons
fpQovfy0g_EN-yXjMlGfXw,Gerry's Car Care,Ithaca,New York,5,4,Oil Change Stations
PEKloTo1IkW_gyxp15e8Dg,Amy's Lash & Beauty Spa,Manhattan,New York,3,5,Eyelash Service
5s7P8qWKPdi6WzFcdmOJHQ,Oxford Medical Imaging,Manhattan,New York,3,3,Health & Medical
3peFkW4ohXXYq6_yFNvNgA,Golden Dragon,Queens,New York,3.5,6,Restaurants
I54BYLDWfI3cC7Ehjb18Mw,The Bagel House,Brooklyn,New York,3.5,20,Bagels
rX0x5OeDAHs_tqfmRrvq8w,Enterprise Rent-A-Car,Manhattan,New York,4,8,Car Rental
x0adRXPxVoy_dToKGB05wA,Avanti Massage,Manhattan,New York,2.5,5,Beauty & Spas
QENqIwBS8hJdCNtk_CjU4g,Islington Village Automotive,Manhattan,New York,5,5,Automotive
WVCxhOIunWXU5_aaxxCONw,Théatre Northampton,Northampton,Massachusetts,5,3,Arts & Entertainment
dfU5VdSvXf1RXZ9YGDIYxQ,Boucherie & Traiteur Prince Noir,B0st0n,Massachusetts,4,5,Meat Shops
HGmbGtpVUy_oHt3Eq9j6Cg,Montana's BBQ & Bar,Binghamton,New York,3,25,American (New)
OBJGQdn4N6jzkEaKpo3JnQ,"Alan G Tanaka, DDS",Manhattan,New York,5,3,Dentists
w2IE4nbufBqwrub7CW80xg,Goodfellas Pizza,Buffalo,New York,3.5,104,Nightlife
pp6UqIcEdd3ZQPhNn4g8Cw,24/7 Convenience,Manhattan,New York,2.5,3,Convenience Stores
1R_DfaUbTzWOFR2Xj_HofA,Dic Ann's Hamburgers,B0st0n,Massachusetts,3.5,4,Food
v5iwQIWvbJVslnxV-_BXww,Sushihwa,Manhattan,New York,3,7,Restaurants
R_FPW5LwDXv_idWAYwpRIw,Chipotle Mexican Grill,Utica,New York,4.5,6,Restaurants
dVMP0_oELc7hf77NYCgudg,Pearl,Brooklyn,New York,3,33,Chinese
XUIku9MyNgh3bmRqypSuMw,Gem's House of Jerk,Binghamton,New York,3,6,Restaurants
gz1FhM5W1ld-dwgYV5xRZQ,Scarsdalewest Dental,Manhattan,New York,4.5,16,Health & Medical
m9ybLDUrbqgso1IT06bBLA,Tire & Rim Shop,Manhattan,New York,4,6,Automotive
3Vi_I-TPwrrkfP99jxLVXg,Chuck E. Cheese,Huntington,New York,2.5,14,Pizza
tPV20aIUbwG470_WQrCzpA,Luxe Beauty,Manhattan,New York,4.5,6,Beauty & Spas
GiMIjI_hX8bg8vUjmvdBHw,Good Egg Dining,Binghamton,New York,4,6,Breakfast & Brunch
17DMCE3ZqRZbGT9aS5TT4A,Adonis,Beverly,Massachusetts,3.5,3,Farmers Market
sO5SnJZZjivpuIYs5Vd9Xw,Chez Lavigne,B0st0n,Massachusetts,5,5,Bars
0EeciPtb--c42OUE7Nm9mg,Hard Rock Cafe,Buffalo,New York,3,96,American (Traditional)
uxpCyMp4R10WRjqr9JsaPA,Restaurant Kashmir Cuisine Indienne,B0st0n,Massachusetts,2.5,11,Pakistani
x8C4pB8n3-oMEXvcQvzWYQ,The Gov'nor Pub,Manhattan,New York,1.5,3,Bars
syNUzATBeCPQCC9cTA06Cg,Fabian Unisex Salon,Manhattan,New York,5,3,Beauty & Spas
0llUvkDuEoCizYoFfuBdVw,Coffee Culture,Buffalo,New York,2.5,6,Restaurants
0XDZfjuHpwj6QOBzb_V0fg,Casa Munayco,B0st0n,Massachusetts,4,8,Peruvian
A_Gl8o6xlhugD0r8F99QoQ,Kokkino Cafe,B0st0n,Massachusetts,4,7,Food
28WPlFlsKchH-3dkub1Iiw,La Cage Aux Sports,B0st0n,Massachusetts,3,3,American (Traditional)
p82Oz-NOHn-MAZQ0jQBkNg,Riki Sushi,Manhattan,New York,4,6,Restaurants
I1h7bm5stKMeRiHRG44-Kg,Steve & Adele's No Frills,Queens,New York,3.5,4,Bakeries
LJSEmHKt4GH8UlXvaUnBNw,Silk MedSpa,Manhattan,New York,1.5,9,Medical Spas
UEMChvOORAC-CWTzyTek8w,Sweets From The Earth,Manhattan,New York,4,12,Restaurants
35FXjC1QHg8rCeLGVrZIww,Fiesta Pilipino,B0st0n,Massachusetts,3.5,3,Restaurants
LsRNsR5Y2VAlXJqP6N7tTQ,Prime BBQ,B0st0n,Massachusetts,4.5,3,Barbeque
f0-KEhvOZeRx-Zfo6GoA_A,Sofra Istanbul,Ithaca,New York,4,55,Restaurants
jrhc4s5XMR8S8kpGdU08og,C&L Cycle,Boston,Massachusetts,4.5,10,Bikes
Ti4NZ-c4iOUtQbp_n__E-w,L'academie,Haverhill,Massachusetts,2,12,Restaurants
e9urZEC8qWjtsYKgHZWTat,Modern Furniture Knockoff,Manhattan,New York,3,13,#N/A
TYEQ38ONpmYMYv378IByhw,Mr Congee Chinese Cuisine,Newark,New Jersey,3,48,Restaurants
YoDFW8Bjbm1SK63q6JHn-w,Pho Pho Pho,Buffalo,New York,4,15,Restaurants
raOX2DM3BHjkdOy41BGFJw,Bagel Etc,B0st0n,Massachusetts,4,72,Restaurants
cuyPAX7EceQkLmhKqo-ASA,Magnolia Fine Foods,Manhattan,New York,2,15,Food
dnZEmDBSTac2cYJEdmbTRw,Katie & Co.,Manhattan,New York,5,3,Dog Walkers
42QvVtgkdrqpq1Bv7B-iyQ,Walmart Supercentre,B0st0n,Massachusetts,3,5,Department Stores
5rKMz__2Q5REROl3nuV1VA,Glengate Medical Centre,Buffalo,New York,1,3,Medical Centers
cvrApOm0t9qA1lvo4h_wBA,Le Couffin Bio,B0st0n,Massachusetts,2,6,Health Markets
Hw7DRto7wHg3qz0RQ2t4KQ,Café République,B0st0n,Massachusetts,3,6,Cafes
GxzEsd-81hVP6C2h6wMvBw,Big Beef Bowl,Manhattan,New York,4,81,Chinese
zT3JZ24lApNd5IxVwhMdpQ,Polished Beauty Bar,Niagara Falls,New York,3,8,Hair Removal
alWXstljFU-q8K8rXtt2yg,Oriental Food Mart,Manhattan,New York,2,6,Food
CBX258VxIU6HkIsyLyYANA,Ward's Island,Manhattan,New York,5,30,Beaches
7ps1ysjD3V5aLA8BHpNTji,Cozy Spa Nails,Manhattan,New York,3,14,#N/A
MMgOuyfZQtQQJsLPYtqE1Q,Lola,Manhattan,New York,3.5,7,Nightlife
6PvEIbj8JZYqTenNVnsGbg,Joseph Nogucci,Manhattan,New York,2,10,Shopping
vNbh1fyqQQoNsCDoxAAZNQ,Forno Cultura,Manhattan,New York,3,10,Bakeries
mzEVjJrc4Fva2ixZ1TOL9Q,Kids Fun City,Manhattan,New York,3.5,5,Laser Tag
wKu7InqQOwfIcJ24tCUIKg,Coffee Island,Manhattan,New York,3.5,7,Coffee & Tea Supplies
pgbVuDaki1bJs670eKF3qQ,Kabul Kebob and Shawarma,Manhattan,New York,3.5,7,Restaurants
sO3OYD81_lG3PsxkYI62sw,Wing Shop 366 and K O Burgers,Manhattan,New York,2,14,Burgers
jFkrbRiStLQYKnd3IW_XiA,Scarsdalesmen Pub and Grill,Lake George,New York,2,3,Nightlife
VFa-OeJluu1slp6z8XZ2CQ,Nails For You,Utica,New York,2,4,Nail Salons
TLMysu1mWiLEsWarehouse Wines & Spiritsn5W1g,Sidecar,Manhattan,New York,4,216,#N/A
h9dX7xOrPVKux_L-nlVEMA,Bistro Merlot,Malden,Massachusetts,4,5,Asian Fusion
_lW7i2zGl54a6XtumbtZFQ,Doppio Zero,Manhattan,New York,3.5,23,Italian
UnQtgQKpfBs2avbl8xWwgg,Pizza Zozan,Ithaca,New York,4.5,5,Pizza
hqpPDu238T1tpBa64Q0TSw,Tasty Chinese Food,Manhattan,New York,3,7,Restaurants
iOa9y4U4HfwXLn8J95L7GA,Skwish,Manhattan,New York,4,8,Beer
xHFIFxWvny6CDnKvNk2UKw,Piazza Manna,Manhattan,New York,3,5,Pizza
jOnABqtmSoieORiGXWUnew,Prime Urgent Care Clinic,Buffalo,New York,2,3,Urgent Care
9B8CwOtI2KHXg1_ONF1feg,Cluck Grunt & Low,Manhattan,New York,3,10,Southern
pspHVCildrqDhMKbkG3PIQ,The Kitchen and Glass Place,Manhattan,New York,4,7,Shopping
q9VhMTt0lTnKj39x5yqD0w,Nutty Chocolatier,Manhattan,New York,3.5,22,Food
1X6TAt6uLEmKyb5Qs6BMWw,Spanish Centre,Manhattan,New York,4,6,Fitness & Instruction
2nqMgNGA0ejmpYFuH77xAA,Avenue Café + Bistro,Manhattan,New York,4,24,Cafes
sNpug99sXcIILfoBuHPaiA,Mezcla,B0st0n,Massachusetts,4.5,36,Canadian (New)
EUVST6G-b8koXTzcTt4pYQ,Nestor,B0st0n,Massachusetts,3.5,8,Nightlife
doZPo4wrbIl2tnA5nDFs5A,Kabob Express,Ithaca,New York,3.5,12,Restaurants
qJTdsukgdylafsDCmTfzLA,Boucherie le Marchand du Bourg,B0st0n,Massachusetts,5,4,Food
eetlD3KXlb8cTwgrQVfquw,Panera Bread,The Bronx,New York,3,60,Soup
z714BGkh_e8-moTFdjLaHA,Super Clean Maid Service,Manhattan,New York,1.5,3,Home Cleaning
3bGvNDlPKYspGObKhHebTw,La Récréation,B0st0n,Massachusetts,3.5,3,Restaurants
jthtOgj5zvNlA6SoV1IEng,Fairmont The Queen Elizabeth,B0st0n,Massachusetts,3.5,81,Event Planning & Services
XINxZ5fHTKq5eCq-z_KS8g,Manchu Wok,Manhattan,New York,1.5,6,#N/A
XXqDY5ji8k29I-kKzLm8yA,Café Névé,B0st0n,Massachusetts,4,96,Restaurants
Tvl_Hsf1NHamfbxDHtv7aQ,College Street Animal Hospital,Manhattan,New York,4,21,Veterinarians
KhF4QdgfrywfYRe7Yze7JQ,Thyme Maternity,Brooklyn,New York,3,5,Accessories
00F0rsJenpn8opE11edKSg,New York Hemp Company,Manhattan,New York,3,14,Home & Garden
U5zf1i_WzinhXLZH7X-N-Q,J-Time Sushi,Manhattan,New York,3.5,7,Sushi Bars
3bVLwTGGs8cB2ypdCiqhpA,Petsmart,Lake George,New York,3,4,Pets
nUwkSKA3G0XJQz6jZX4OZw,Umi Sushi,Buffalo,New York,1.5,5,Japanese
H3P0dOvvriNFKZ21fuUFsQ,Airborne Trampoline Club,Oneonta,New York,2.5,3,Trampoline Parks
D5VSgp0T7dtMNMc_aptu9g,Lush,B0st0n,Massachusetts,4,11,Cosmetics & Beauty Supply
mP-fDa7plDzBPmzPz6ffzA,J.Crew Factory,Ithaca,New York,3,6,Women's Clothing
xgcVMrwfGjugeR1Nmj6Nww,Bar Henrietta,B0st0n,Massachusetts,4,18,Bars
3jzw9OZBlYV4hrzoxEh8aw,Kennedy Matheson Car Wash,Buffalo,New York,1,7,Auto Detailing
bjzucARGuWGG0cR3HP75DQ,Jungle Land,Ithaca,New York,4.5,5,Kids Activities
EJvkUSONECz5FGgoEpjojQ,BloorWest Apple Specialist,Manhattan,New York,3.5,6,IT Services & Computer Repair
s68jDt3gdVMTG5AfSiSLTQ,Monte Carlo Inn - New York The Bronx,The Bronx,New York,2,15,Hotels
l8zJEkw4cNOcNzaLR_Gctw,Tandori,Manhattan,New York,2,9,Restaurants
XYbS1ybeU4vBgE5Nd6ow6w,La Belle Province,B0st0n,Massachusetts,2.5,10,Fast Food
pbnZqw5tHkZZBG5Ryys0yw,Delicacy,Manhattan,New York,3,6,Vegetarian
IyoklPvMD14zdOxHlX_xHQ,Starbucks,B0st0n,Massachusetts,2.5,8,Food
kq4QeM2tmBz52mIfVbnNkA,New York Light Festival,Manhattan,New York,3.5,5,Festivals
2Gp5wNgcmucHfUAc6AwRSg,Toro Rosso,B0st0n,Massachusetts,2,8,Canadian (New)
9_8veOtNHWndBzfTvQAQCw,Burrito Boyz,Buffalo,New York,4,65,Restaurants
yIJqwuN6v5DbJIlBcx5sCg,Chocolats Favoris,Berkley,Massachusetts,4.5,6,Food
qDM1IuspbAvT5XoJb3Zf8g,Baron Samedi,B0st0n,Massachusetts,3,10,Bars
SMDMyqFt6Ja9QiRSjRIwQA,Landmark Cinemas,Syracuse,New York,3.5,7,Cinema
8eCwvNZL0CPLi24PVH2RDQ,Strategy Games,Manhattan,New York,4,4,Hobby Shops
tawEZvVpxZWFS1G1QBo8uA,Beyti Kebab,Buffalo,New York,4,27,Mediterranean
UQbUE9pewUFD9YcpYDD7sw,Rose Theatre Binghamton,Binghamton,New York,4,8,Performing Arts
6LZZGl1ykz6QZnOFmgbleg,Ali Baba's Middle Eastern Cuisine,Manhattan,New York,2,8,Restaurants
KKOum3UPH7n8dQ7p8fDiPA,Provisions 1268,B0st0n,Massachusetts,5,23,Canadian (New)
Hb_PMhy4nqXSpodqwAhrBw,Pita & Grill,Buffalo,New York,2,6,#N/A
6UjGdMnKxKjtmw54eUFIXw,She Flirts,Manhattan,New York,5,3,Eyelash Service
-c2o9bVsJ5vVtQ6KN1t-RQ,The Barber Lounge,The Bronx,New York,4,11,Beauty & Spas
92FGu6z5UbvoHPAb57peKa,Papeterie Casse-Noisette,B0st0n,Massachusetts,4,7,#N/A
j4k_DQMHi9Pl-NAjgOXBUw,Terrasse Magnetic,B0st0n,Massachusetts,3.5,9,Restaurants
crxace35V5d38XVMJ4nS3Q,Chin Generation,The Bronx,New York,4.5,22,Beauty & Spas
QWbRrFpE-xXAToUbO83Djg,Duff's Famous Wings,Manhattan,New York,3.5,99,Restaurants
MbokqAXTncgPTeLBkFV4xw,Topiary's Steak & Seafood,Buffalo,New York,4,16,Event Planning & Services
LnBjc_AiATdAvlqgtCgtRg,Naada Yoga,B0st0n,Massachusetts,4.5,5,Active Life
L4wjHHeoJ33KK59i3xpOqw,Asahi Sushi,Manhattan,New York,3,52,Restaurants
5_nzK5LRwVBPCzPOSI2j7w,Le Soleil de Saigon,Fall River,Massachusetts,4,6,Restaurants
1GcTd5Ii5fgIP2zmcbVPAA,Aloft Boston Airport,B0st0n,Massachusetts,3.5,30,Hotels & Travel
zR12ySz1Ew1qAP-yPJDHAQ,Indian Rice Factory,Manhattan,New York,3.5,24,Restaurants
CeJYrM_8lP2Iu0WqqfdKbg,Red House Bakery,Newark,New Jersey,3.5,13,Food
bR8PnWnrOOFJtqA8lf8pQw,Majer Hockey,Brooklyn,New York,4,5,Shopping
nv6fQwhmQVTOdcVsgcfHng,Boston Pizzeria,B0st0n,Massachusetts,4,5,Restaurants
9jfx8EkHr-GwtBLc2_GwUQ,Banks Animal Hospital,Manhattan,New York,2,8,Veterinarians
AfQX_uQxqW0AydJP5Nujjg,Résonance Café,B0st0n,Massachusetts,4,43,Arts & Entertainment
QgZsJ4vubXXqPkedjscJjg,Relax Zone Spa,Manhattan,New York,5,7,Beauty & Spas
Q2NB19e8PMKA0fCLlRBlEg,Economy Car and Truck Rental,Oneonta,New York,1,5,Truck Rental
rjxSYrhWZXhlbWdJeXI6iA,Sorgho Rouge,B0st0n,Massachusetts,4,7,Restaurants
1WpYjHoadvXNhfMINMVCdQ,Microbytes,B0st0n,Massachusetts,4,5,Computers
6g6VlTtgvabijdVaU_cbGQ,The Tennessee,Manhattan,New York,2,9,Nightlife
w1F4ketex-BMHz0xesFjUw,All About Health Medical Clinic,Niagara Falls,New York,4,5,Chiropractors
KHPGYu39ve14Q7pRKJ8-5A,Golden Stool Restaurant and Lounge,Binghamton,New York,4.5,6,Caterers
M0w0CO2ow7gbYizxrkl3Gw,PuFF 'N PuRR Spaw & Bowtique,Brooklyn,New York,4.5,10,Pets
rcUZWPGBV-QB-jCaZSiHWQ,Terrace Banquet Centre,Ithaca,New York,2.5,3,Venues & Event Spaces
rCW-9m9MnTdtq_sotvqZkg,Mount Pleasant-Davisville Veterinary Hospital,Manhattan,New York,5,6,Pet Services
f4KJOcNMUSDGKvqm68CRiA,Margret,Manhattan,New York,3.5,11,Lounges
ibx9sKsXk7erd0iLqOQFKg,Scarsdale Textiles,Manhattan,New York,3.5,20,Arts & Crafts
VJU8AUd4ReAuwB7H3g0jTg,The Midpoint,Manhattan,New York,4,12,Bars
YA7kPicnPFqd_gydw0SOjw,Presse Café,Manhattan,New York,3,6,Cafes
aPwWn5KBNMOEYjlYwXRORw,Market Street Catch,Manhattan,New York,3.5,98,Restaurants
wsbYymWUVBsry9yxeLZc6Q,Restaurant Cirkus,B0st0n,Massachusetts,4,12,Restaurants
wMiGwn4qPvEN17CaQ3Zi4g,Bright Pearl Restaurant,Manhattan,New York,3,37,Restaurants
Kfe18zQGLxvav4R0YizreA,Vertigo,B0st0n,Massachusetts,3.5,17,Restaurants
JODWOfeEICAlO2T_VAEbSg,Earlscourt Park,Manhattan,New York,3,6,Parks
KQLtJvNSTa3l9VMaQQufew,Queen's Pasta Cafe,Manhattan,New York,3.5,3,Food
DnjcJblNc5MxwmGNQBg03Q,The Mumbai House,Manhattan,New York,2.5,5,Indian
fA7EapUU2Yve9bEtMvvAFA,Element Ithaca Southwest,Ithaca,New York,4,10,Hotels & Travel
R0vOUWx_N9a6TeDtcnRTWQ,Rainspa,B0st0n,Massachusetts,4,19,Nail Salons
YSsaP4HEENRwN2_zFbq8Bw,Duckworth's Fish & Chips,Manhattan,New York,4,4,Seafood
VbbPizWGJRTNeE8ABC3whQ,Beroya Restaurant,New Bedford,Massachusetts,4.5,11,Restaurants
tP-Hm9AVi4MmhI8YpoZQTw,BevLab,Manhattan,New York,4.5,3,Bars
2Hc_JqGw01a2PlOlXtniaQ,Gwartzman's Art Supplies,Manhattan,New York,4,19,Shopping
_1-nqyXvT8BWj_DY11-uag,Foundery,Manhattan,New York,4.5,3,Arts & Entertainment
Y0oYyQdVa7v-K5fDYK5EiQ,Boston Maid Services,B0st0n,Massachusetts,4,5,Home Cleaning
rKI_nJlYw_DmywFepnmtEQ,Valumart,Manhattan,New York,3.5,3,Grocery
_AgRcyAa9QlrUgn0w3MC2g,Greek Stop,Cooperstown,New York,2,9,Greek
JFtUyOeDgriNijyftaBfew,Broad Lingerie,Manhattan,New York,5,3,Fashion
nuX3PZfkJ1rny1Hg4d1mSw,Placewares,Manhattan,New York,5,3,Shopping
LNSwrWDoGMomWr2mSRk2bg,Olympia Tile International,Brooklyn,New York,3.5,7,Home Services
dGky6uKikltIArz4cOU9xA,iMobility Car Rental,Manhattan,New York,5,3,Car Dealers
zjFKwcCpwGbHMFtvXgbsCw,Bakery On the Go,Manhattan,New York,3,4,Bakeries
eJGxuOdOUuQZO8qDtw-OnQ,Lot St.,Manhattan,New York,3.5,16,Tapas Bars
CWkTn5-RHJyYnfH8HJ7PFA,Pentagram Bar & Grill,Manhattan,New York,2,4,Bars
O9oZX-DyYhWaJC8GvtJyeA,McDonald's,Manhattan,New York,2,3,Restaurants
HQZZNb7sfOgXwcckU5W2aQ,Perfect Leather Goods,Manhattan,New York,5,5,Shopping
9q4WfwGfC-yaOt3cIHDzHQ,Discount Car & Truck Rentals,Manhattan,New York,2.5,5,Car Dealers
jlHd9i_YsKDl9ogp_SORvQ,Degrees Kitchen Store,Manhattan,New York,3.5,8,Kitchen & Bath
6w-pYgmM2UG2Rbty-nLjQQ,Provigo,B0st0n,Massachusetts,3,3,Grocery
qt29qr2EnKnWQb2Ir1JGHw,Rochesterdale Dufferin Mazda,Manhattan,New York,4,4,Car Dealers
T8jmQ4vHgaCrNJUuOFUOeQ,Spotless Dry Cleaners,Manhattan,New York,2,4,Dry Cleaning
tWGV7mtxtBF0bcv8FHBJIw,Baker Animal Clinic,Syracuse,New York,4,4,Pets
OJ6zfenoK-eBNI7vvNrOsg,Fieramosca,Manhattan,New York,4,66,Restaurants
AWrcxjvrpfl5IkIev7YaVg,Yummy Bar-B-Q,Manhattan,New York,3,8,Restaurants
f2w9rH1gFJ4GJDNq3hvVFw,Restaurant Le Piton De La Fournaise,B0st0n,Massachusetts,5,8,African
CXnLCL8QCAkKnxUdFBI4eQ,Club Paradise,Manhattan,New York,2.5,3,Bars
27c7CphW1mVPDO8dJYg3lg,Alex's Antique Clocks Watch Repair & Restorations,Manhattan,New York,1,3,Antiques
W3e3EIv2-j3tjmiZ8iVQrg,Breakfast Grill,Manhattan,New York,3,7,Breakfast & Brunch
kMBQAdFsSbinhBn0qReNWQ,Coach Fallsview Casino Shuttle,Manhattan,New York,3.5,3,Hotels & Travel
wYFQMJytgwoMuan0Aa4ByA,Ivory Thailand,Manhattan,New York,3.5,11,Restaurants
gT2DwGUKvfY9fRDrR893zA,ECO-Electronic Cigarettes,Brooklyn,New York,2.5,3,Vape Shops
KoZVFpkJzoNt4DCxi5Fzww,Cadillac Lounge,Manhattan,New York,3.5,91,Nightlife
khOsPUxJuf5R3cmgiZnk6g,Mr.Chu,Manhattan,New York,4.5,17,Food
_L5M_qDbdfpy6ryCDJjlmg,Dounia Restaurant,Newark,New Jersey,4,4,Restaurants
_ltkVUDwaI0MTxv8g21k1A,Manchu Wok,New Bedford,Massachusetts,3,3,Fast Food
md7uf5MUWQ_fVj0IUHESCA,New tribe Tattooing and Piercing,Manhattan,New York,4.5,66,Piercing
uRn3CpBkl_Em8hcKXSkTEA,Pumpernickel's Deli,Manhattan,New York,4,4,Delis
JAwDFvVhNvWKRll1RjXWXA,Eggcetera,B0st0n,Massachusetts,3.5,5,Restaurants
4N4OmvEJxYzLRmqW776u2A,The Brick Superstore,Oneonta,New York,2,5,Shopping
ILRX01PABfQswTYpJFowTg,Eadrey Foods,Manhattan,New York,4.5,9,Food
uoPl6YfEZDvStS2Sd2LCgg,Trader Joe�s Hound,Manhattan,New York,5,9,Pet Groomers
YUs25FKEooqGxi-NBN4Szg,LinkNow Media,B0st0n,Massachusetts,1,19,Professional Services
R_7M4guNyeFa6u6WT9sotA,Villa Madina,Binghamton,New York,4,6,Mediterranean
aPAljlYaHdDDKZngS5I2UQ,Paramount Fine Foods,Manhattan,New York,3,38,Mediterranean
pMAZ2aDXn3DaTHWrVo3CSA,Jodhpore Club Indian Restaurant,Manhattan,New York,3,7,Pakistani
DVHI-OrlJgd4yGDCYk6YFQ,Quality Cheese,Oneonta,New York,4,7,Specialty Food
Ia_4DtMhp92IcFt0bzZhIg,Quesada Burritos & Tacos,Buffalo,New York,2,5,Mexican
wKCXlV3ZXVOfZc_YPyJkMw,WeWork,B0st0n,Massachusetts,4.5,3,Real Estate
Ntolf_VZiTOpVTjAyaMNnA,Warehouse Wines & Spirits Smithtown Leaf Square,Manhattan,New York,3,3,Food
5WaXQjXal1bbVneDDI-4qg,Ding Hao Szechuan Cuisine,Utica,New York,4.5,6,Restaurants
QB0yBWP-fpwBhNoWyP-xww,WIPEOUTRUN New York,Manhattan,New York,4,6,Active Life
IcqmC5KLiP7H0qlrHFcoBg,NYX Cosmetics,Manhattan,New York,4,10,Cosmetics & Beauty Supply
rSB6mkZegbX8LZTHCL2Lcw,Chapters,Brooklyn,New York,4,14,Books
xTrgjs_YxFMBm-0-yC7H9g,F-Stop,Manhattan,New York,3,19,Dance Clubs
XNicU52YlzJDnFtq9H0Sxg,Anthropologie,Brooklyn,New York,3,18,Fashion
LdRM-ZiOjlgEc2U2nOMCbA,The Lego Store,Manhattan,New York,4,3,Shopping
jWGe7tcE3d3StAPj5WXYcJ,Spa Oasis,Fall River,Massachusetts,3.5,5,#N/A
RHcfJ-l69RbBE4viU0-jwQ,Uno Mustachio,Manhattan,New York,3.5,69,Restaurants
_kPz9MKgbH1As9TIfpxTqA,Projet 67,B0st0n,Massachusetts,3,4,Canadian (New)
NCr37qOoLgTQVZZ9YAOTAA,EQ3 New York - Scarsdale,Manhattan,New York,2.5,19,Shopping
aWJEgudoVLnxDqleDveNSg,Helena's Magic Kitchen,Manhattan,New York,4,20,Restaurants
LAuun9IU8pEC-vUcGwBX_g,Casey's,Haverhill,Massachusetts,2.5,6,Food
CAuRuA_cLZUCJdwgJkCxGQ,Aroma Island,Buffalo,New York,3.5,7,Taiwanese
9HC5xHX8QE8VmGd-wCKEaA,Masseria,Manhattan,New York,4,48,Restaurants
fEn2IwdSrejzHebfUzWDMg,HMV,Manhattan,New York,3,16,Print Media
T6TOUgbuEKFkl3kHGpoN7Q,Pizza Motta,B0st0n,Massachusetts,3.5,25,Pizza
Rd9yKIhKDH0S_k-KYOItvw,The Clarity Centre,Utica,New York,4.5,3,Health & Medical
FexomhlA5G7ipOEH3pqFkA,P F Chang's,B0st0n,Massachusetts,3,42,Vegetarian
eW7TU0gwcT_IkTkxoAOQAQ,Gautier,Manhattan,New York,5,4,Baby Gear & Furniture
MW_XQfv89BA4sgtV0R7tmg,Psyche,Manhattan,New York,3,4,Women's Clothing
8khf7GYXdRg4Xtp5tlkGkQ,Family Shawarma & Falafel,Manhattan,New York,4,39,Mediterranean
Qqu_MRaus17-4VVmzXq1_g,Ming Cuisine,Niagara Falls,New York,3.5,32,Chinese
kJ_69IjMZxmcULcuDhAVtw,McDonald's,Binghamton,New York,3.5,4,Burgers
vcxvQyAggPqxcHwvJXvjGg,Bobbette & Belle,Manhattan,New York,4,131,Bakeries
f1DAsjOu6Zq1o003yub79w,La Grande Terrasse,B0st0n,Massachusetts,2,36,American (Traditional)
NGhmpSDZmg1shPOVdsHgBQ,Tom's Dairy Freeze,Poughkeepsie,New York,4,88,Fast Food
BEFzTuJZ4i-Ai_Xkm29g6w,Rock Lobster,Manhattan,New York,2.5,3,Seafood
cwr3rAT9uMVOU1CXGuOnCw,Great Burger Kitchen,Manhattan,New York,3.5,34,Restaurants
CE1h6I0204noLhq7N-x36g,Fat Bastard Burrito,Manhattan,New York,3.5,17,Mexican
TQAG_NpHDGGWJHTEPNDXrw,Mashion Bakery,Manhattan,New York,4,82,Food
tEfvf1cznLZUIeTcKKpAIw,KooKoo Chicken,Buffalo,New York,4,131,Restaurants
QwK-S59WOc1n_BVjHiBu3Q,Restaurant Sawadee,Winchester,Massachusetts,4,6,Restaurants
emBRUqqNDMCJMUtnJrgJuw,Things Japanese,Manhattan,New York,3.5,4,Shopping
Jkjq2-DybUZdF0RWY8_cZg,Hangry Burger,Manhattan,New York,3.5,19,Burgers
dDKhRQlw_OVsPLQAGAeNyA,Le Bourlingueur,B0st0n,Massachusetts,3.5,79,Restaurants
ITTGrhoizFm2p0jWQpDyjw,Photo Vénus,B0st0n,Massachusetts,5,5,Shopping
ByLjtLPUefijsUvNKA3BqA,Petsmart,The Bronx,New York,3.5,6,Pets
YHE1PS0mhFbwKJm8iJpcuQ,The Communal Mule,Manhattan,New York,3.5,22,Coffee & Tea
UEmjxMxWPAPbFg1I7Sy-MQ,Quick Pita,Manhattan,New York,3,8,Sandwiches
f5OzHHb3ybyPadzbSBu6HA,Dairy Queen,Newark,New Jersey,3.5,3,Restaurants
EeQX5XniQUu8fGWGhZ5DEQ,kate spade new Rochester,Manhattan,New York,4.5,4,Women's Clothing
Vd0MqEllhqMQmZVDsTTzAg,The Samuel J Moore,Manhattan,New York,3.5,27,Canadian (New)
pvrYMiZMrd-Z_9HvPr-b9Q,Aziza Cafe,Manhattan,New York,4,40,Juice Bars & Smoothies
rGM__FLaYTyEIzCfvkranw,Cheveux,Manhattan,New York,3,3,Beauty & Spas
tBnijH3vDHy1ZUw9RZdusQ,Restaurant Barcelos,B0st0n,Massachusetts,3.5,3,Portuguese
PIuOxUGTZltSHbbwhoO9sA,4 Life Natural Foods,Manhattan,New York,3.5,11,Food
GUXQCsnKIzSpRJcAbTT59Q,Beaumont Kitchen,Poughkeepsie,New York,4,33,Nightlife
DxbdfvNYPCyiLJDDPJK3Tg,Hakka Bro's,Brooklyn,New York,4,20,Chinese
G90gLrtOTLeDT1Mgq9QmFQ,CVS Pharmacy,Manhattan,New York,2,5,Drugstores
Qi8nUoPraMPYhjMEIKDI2A,Venus Nails and Spa,Yonkers,New York,1,3,Beauty & Spas
HKBmxJE8Uvh5x_qD-KK9jQ,Le Restaurant Makoto Sushi,New Bedford,Massachusetts,3.5,3,Sushi Bars
BHmXNHSxLkaLoMtnXxZbqg,Bronte Creek Provincial Park,Utica,New York,3,11,Parks
u_qlVDjGI8vVh4SXEVW1PQ,Chuck E. Cheese,Buffalo,New York,2,21,Pizza
SFWA_YjvMYUqqf6Rdm5Ngg,Cheeks Homemade Burgers & Good Eats,Newburgh,New York,4.5,7,Burgers
34OwRFftkT7t3iBquazJcg,Avocado Sushi,Manhattan,New York,4,38,Restaurants
0ExE0tVCsPDMnNdvip1Kzg,Pour Boy,Manhattan,New York,3.5,44,Bars
wuYKpHyjIfyvMR9YlwHn6Q,Dino's Wood Burning Pizza,Manhattan,New York,4,63,Pizza
GqRQbFlgov853CIOEnrvsg,China Palace,Buffalo,New York,3,13,Chinese
OOBSQF72cl3jBBpLQWhyzw,Southern Aroma,The Bronx,New York,4,36,Diners
R7KTG4vKcSOHlYaaLxHGUg,Elchi Chai Shop,Manhattan,New York,4.5,6,Food
5EMG375kiginoPl0GCcfcg,Starbucks',Buffalo,New York,4,6,Delis
JlH2ftC1583N5a8EIvUcMw,Tsukiji Sushi Village,The Bronx,New York,3.5,7,Restaurants
4tSPFn9Z9cs0pGCTU_q1Rw,Albany Craft Beer and Food Truck Festival,Albany,New York,4.5,13,Food
K2z_T6sSS-wqWewan-p6fA,Fitchburg Public Library,Fitchburg,Massachusetts,5,10,Public Services & Government
BRorvOKoEpMN5G73g6KctA,Bloor-Kipling Animal Clinic,Poughkeepsie,New York,3,8,Pets
JG8jaWVwDWWTI9e2xNuCfA,MYNC Lash Lounge and Brow Bar,Manhattan,New York,4,31,Makeup Artists
Gu4cksfFvDhR4yeHzJYG3g,The Peoples Caribbean Dutchpot,Manhattan,New York,3.5,11,Restaurants
D0tYz9YSVTP5cZgxphWL4Q,Six Flags Great Adventure,Jackson,New Jersey,4,171,Active Life
skM0zrHPX0MIhsc2MxPWFg,Katie Fashion,Manhattan,New York,3.5,3,Women's Clothing
TdyPwmqTQ5LY15vAg4pDyg,John's Sushi Bistro,Manhattan,New York,5,3,Restaurants
6VPIRkWeYwv0OGi0XWVriQ,Priority Plumbing,Manhattan,New York,3.5,17,Contractors
HsvvWBW7PaDJb8zpHWZCbA,Your Friend With A Cube Van,Manhattan,New York,4.5,19,Movers
JVTUlDkOcEXIjdM0YqPE2g,Harbourfront Canoe & Kayak Centre,Manhattan,New York,4.5,12,Sporting Goods
EOIPORatDrUsxuJqo997QA,Subway,B0st0n,Massachusetts,2,3,Fast Food
XdZyRTUTmYgDxg_Q57fadw,Wasabi Grand Buffet,Buffalo,New York,2.5,51,Japanese
gecnpjuzDHNlv9C7yg-Slw,Georgy Porgys,Brooklyn,New York,3.5,26,Bars
OG3EDRBmOJu6mMVYcIMovA,Orkin,Newark,New Jersey,1,3,Pest Control
DIvLtGuPcMnT7XfhsVLV5Q,Knead Bakery,Manhattan,New York,4,9,Food
LT8VaKaIsCqIoUcKFhg7bQ,Paysanne Gelato,New Bedford,Massachusetts,4,5,Ice Cream & Frozen Yogurt
1zFAb8xhhsP6uvt_0I0CFw,Local Lakeside Patio,Manhattan,New York,2,12,Burgers
_W82WbZ-HOiEtr1RWYhM_Q,Au Pain Doré,B0st0n,Massachusetts,4,4,Bakeries
r7rBMfQ9ekXqXlooo2BrZg,Extreme Fitness,Manhattan,New York,2.5,19,Trainers
LmMxsbc3eIU-ikIyzWKQ9g,HY Lounge,Manhattan,New York,3,15,Hookah Bars
fmKgU7fgCEb7Pek3_khDpw,Mavis Rd Animal Clinic,Buffalo,New York,3.5,3,Pets
UE8BlrKpZAK4iekcvm7Adw,Kaiji Sushi,B0st0n,Massachusetts,4.5,7,Sushi Bars
2nrgO0iMljPlOj8cY6zCKg,Kennedy Station,Manhattan,New York,3,7,Transportation
WcRRVC8iSiHU3hs1mW_k_Q,Fatburger,Ithaca,New York,3,75,Restaurants
GWRGhxUKHRQ6KorbCWU6KA,Yuki Japanese,Manhattan,New York,2.5,19,Japanese
V6n3QqAPLEmUinOeSmSdRg,Continental Hair,Manhattan,New York,2.5,3,Shopping
knPFq4RNnj1a39j6mqF4k5,Starbucks,Manhattan,New York,3,11,#N/A
1YNONDlsPqeV26qWPfigjg,New York Athletic Club,Manhattan,New York,5,6,Active Life
Mrqk1ydkvgKtlxrExCv6gQ,Diana's Oyster Bar and Grill,Newark,New Jersey,3.5,124,Bars
Tn8m9mW22K5l1Kuf1mv9jg,Pizza Hut,Newark,New York,1.5,6,Pizza
HTThZKfiBWlqhrxC_BFoDA,Mahogany Bar,Buffalo,New York,2.5,4,Bars
0k-3oy0FXPR2JU9PP-Gucg,Starbucks',Manhattan,New York,4.5,3,Restaurants
aCpor0zKoJ5w9-jS2MNCFA,Sterling Social,Manhattan,New York,4,4,Restaurants
Cs8BaiKkyNU6mzxq9nTsmg,Congee Queen,The Bronx,New York,4,150,Chinese
w1Q9s5zXI7DgMerDl14UZQ,Dollar Thrifty Automotive Group,Buffalo,New York,2,10,Hotels & Travel
dmyZj4cGpfrqhUMjYt10AA,McDonald's,Buffalo,New York,3,4,Fast Food
dCL9Fg3D31UdIAiRk8h8Vg,Young Thailand,Manhattan,New York,3,34,Thai
j_vflN6X4jARqRp_bECYbw,Budds' Chevrolet Cadillac Buick GMC,Utica,New York,3.5,6,Automotive
fsQGhlcaXNskiyFAcYOtNQ,InsideOut Patio Furniture,Manhattan,New York,3.5,3,Home & Garden
sn9tPbaYTlyC7T2_OSTBQw,Boar n Wing Sports Grill,Ithaca,New York,3,21,Restaurants
wO2xVGEyPi0G8FUQKJNCww,The War Room Strength Crew,Buffalo,New York,5,4,Fitness & Instruction
L2QYRM_9jyd4r4qPVF7Cgw,Copoli,Boston,Massachusetts,4,4,Sandwiches
kvtAMdXpAcxCLZFg-DlqJg,Ferré Sposa,Manhattan,New York,4.5,25,Bridal
J2GTY3N_nH7d4L7ngCWKsw,Espadon Plateau,B0st0n,Massachusetts,4.5,10,Fish & Chips
kqlkaXGlVX9-yaYzNqmcOg,Sbarro,Binghamton,New York,4.5,3,Restaurants
Xq3Il7Ivobm-RC5YVprqVQ,Natural Solutions Salon & Spa,The Bronx,New York,2.5,10,Beauty & Spas
K_daB_j5LF8c6c6PlD2ckg,Sears,Elmira,New York,2,6,Department Stores
KVpvE6pOPM9KMvak4HFsNg,Pizzeria Libretto,Manhattan,New York,4,483,Pizza
H-XzK56Y5YVbcRMcY9fsQg,LT Beauty Nails & Spa,Manhattan,New York,3,4,Beauty & Spas
L77jfFw9NZOjurG6ugYHQA,Ginger Sushi,Elmira,New York,3,6,Restaurants
OX5eqHDV7rhcKWd8AkEngA,Pets At Peace,Manhattan,New York,5,5,Pet Services
mEAqath30Gey2iR0v-DfkQ,Yonge Eglinton Laser & Cosmetic Center,Manhattan,New York,4,5,Hair Removal
GGbADuNQxV4fMSKAX51kVg,Restaurant 5000 Ans,B0st0n,Massachusetts,3,4,Restaurants
V_eEOvRSQSxsf2mbl1P9HA,The Ivy at Verity Hotel,Manhattan,New York,5,7,Hotels
hLDEtvhH3Z5H1J5-3UM5kg,Boralia,Manhattan,New York,4.5,113,Food
98YzjvO45DRRvqrNv0hhAA,TTC - New York Transit Commision,Manhattan,New York,2.5,125,Transportation
j0GIt0EpmpWqms5WbPl5Bw,Prohibition Gastrohouse,Manhattan,New York,3,20,Cocktail Bars
1XsTAM4kkzSAwJfs3WCybr,Autoplateau Location,B0st0n,Massachusetts,3.5,3,#N/A
OTxGMvkHkPpU75QvMPHr9A,Chuck E. Cheese,B0st0n,Massachusetts,3,7,Restaurants
qZFZJXASKETnKvq6ciVoFw,Fav Cafe,Niagara Falls,New York,3.5,52,Cafes
ZFurWoOYLHCRQclXPKvFXg,Hot Yoga,Manhattan,New York,3,8,Fitness & Instruction
vA7Fx_vRV4OeLboIw5bJlQ,Cuda's Tap & Grill,Buffalo,New York,4.5,11,Restaurants
hloS23Thw57IITw7_DLLOQ,Restaurant Le Parchemin,B0st0n,Massachusetts,4,5,Restaurants
BLYeyFl8sn405ksXfw9EuQ,South St Burger Co,Utica,New York,2.5,14,Restaurants
WlINkrwGmUzyR-hoG-pIlw,Basso Pizzeria,Manhattan,New York,4,18,Restaurants
7GK7uQANBNsTE1x9-7jydg,Broadview Flower Market,Manhattan,New York,4.5,10,Shopping
BPwky7_VJ28KVMzrafVMrQ,Shops on Yonge,The Bronx,New York,2,6,Fashion
eA5c8q931BkoRdMtcqsuiA,Markville Toyota,The Bronx,New York,2.5,7,Car Dealers
N48te4j05rB6h8HotZjJLA,Midas,Buffalo,New York,4,4,Auto Repair
UHI46jLcT4So9VcWBtJL9w,Prison Breaker Room Escape Adventures,The Bronx,New York,4,7,Arts & Entertainment
kfmWBl3NjBhOJX8wVr8Z-w,Dairy Queen,Newark,New Jersey,3,4,Fast Food
d4bVdEDwxmyB0M-w5vNNPg,Simple Bistro,Manhattan,New York,3,24,Restaurants
BTutX9eYqIdf_gO9fFfkGA,Hilton Garden Inn New York/Buffalo,Buffalo,New York,3.5,7,Hotels & Travel
W3Z0kJImaaDM2QK0PaVElQ,Dundas Station,Manhattan,New York,3,8,Public Transportation
sWUl3iXefca56n6xrBV0Dw,Boss Logo Print & Graphics,The Bronx,New York,1.5,8,Printing Services
EXXz3TFM_KvYsifHYQrGcw,Empire by bullet,Manhattan,New York,4,8,Home Decor
VJW3N4A8OHPASs9uLb2bsg,Electronic Service Depot,Manhattan,New York,3.5,4,Electronics Repair
JUTaI3vOHfCrJ6T-zhjtYA,HMV,Manhattan,New York,2.5,4,Shopping
ztRnqW776et1DrgJFH2yCg,McDonald's,Queens,New York,2.5,3,Burgers
pTky9hiaJf6ns-yBhf-pHA,Le Mìle Public House,Haverhill,Massachusetts,3.5,30,Pubs
ryHP2wazRMgY4j4TkH7-Bg,Hong Far Cafe,Niagara Falls,New York,3.5,23,Chinese
zFW7m8b2GoOmCugs-5KTrA,Diva Boutique,Manhattan,New York,2.5,14,Women's Clothing
sLxbYuDP41cMMCsov0ULOQ,Centre Street Deli,Elmira,New York,4,91,Delis
W_YJsiGTHPExzqDoiDzTvg,Glen Rouge Campground,Manhattan,New York,4,4,Hotels & Travel
T5f2zlczcS00W70e_omQ6w,The Prime Burger,The Bronx,New York,4,10,Burgers
uP7ojXytz8q7YZbQLNibow,Lobby Bar,B0st0n,Massachusetts,2,6,Indian
B925b3Vs0wKhKIr_5j9E4A,Almonasabah,Buffalo,New York,4.5,39,Restaurants
Y9LN295xg9dQGBgbtu9Oaw,illstyl3 Sammies,Manhattan,New York,5,7,Restaurants
sPSSfZWm2eGHvVwizEnQxA,HomeSense and Winners,Utica,New York,3.5,4,Home Decor
qeIKP9mGEucrdxbGo9uRTw,Bourbon Street Smokehouse,Manhattan,New York,5,5,Southern
yx8FIqunok3XqfC9OWFxhA,Hale Coffee,Manhattan,New York,4.5,17,Food
zMLuz0uKeWV0oF-xgAgWqg,Da Mangione Pizza Pasta,Waltham,Massachusetts,4.5,6,Pizza
iaRUGkE61UO5XGtbj8vbqg,"Simone Seltzer, DDS",Manhattan,New York,3,4,Dentists
9xQiKTy6Jj6GQVsWK1ttjw,Asahi Sushi,Elmira,New York,3.5,3,Restaurants
XaA7ZLLCHg1VSgIv4W9oUw,Les Allumées,Wilmington,Massachusetts,5,3,Cafes
I5U9LC6bKlKPfspVKxbNrw,Q Esthetics Laser Clinic,Manhattan,New York,1,4,Health & Medical
zV38gkkEeJ4cVRlSWWQTfQ,Il Gelatiere,Manhattan,New York,4,47,Italian
GYNYjwzyDPN3NqbL7_9tow,Starbucks',Manhattan,New York,2.5,14,Coffee & Tea
d6uBwyySkS4LVt0wl3fiKg,Top Line Driving School,Brooklyn,New York,2.5,3,Specialty Schools
G-brkQTtJUeiddCSneHa6Q,Sobeys,Manhattan,New York,2.5,9,Grocery
AYt86zH_TpOrtmjU7v4XyQ,Turtle Jack's MuskLenox Grill,Utica,New York,2.5,8,Restaurants
_Hge9rQ4AS5iY1iuF3DWTw,Young's Produce,Poughkeepsie,New York,5,3,Specialty Food
bmW6tlbIrcfxsCZ1d-kmyQ,Porta Via,Buffalo,New York,4,5,Organic Stores
9yIvmsD3jVBypmKQPQXy3A,Captive Escape Rooms,Manhattan,New York,4,12,Escape Games
dmfVNSzJUwpR0FT_miZhSw,Boulangerie Lazio,Falmouth,Massachusetts,4.5,3,Food
iNhP0ejUf2jVzaR5YCOoEQ,Remezzo Italian Bistro,Newark,New Jersey,3.5,102,Restaurants
j4C0NelU_RzYMz0jXS-lMg,Pizzaiolo,Manhattan,New York,2.5,24,Restaurants
M-aZPC-CQ9UhuzXpcLDH1A,Visions By David,Buffalo,New York,5,3,Professional Services
GfYwqMrlxPCggvf2Qt-M6A,Reggies Bar,B0st0n,Massachusetts,3.5,10,Nightlife
XhtzCTcMjFRxvXjK7mgk6w,Snow City Cycle Marine,Manhattan,New York,3,6,Automotive
XO2hZb0xC8jTexSHG4SxFg,Aéroport International Pierre-Elliott-Trudeau,Waltham,Massachusetts,3,261,Airports
nWsN2EmNTdKYL5LWo-J3BQ,Denny's,Niagara Falls,New York,4,11,Restaurants
DkBer3JjUGfKEsZCLtfgvA,Crave Healthy Habits,Manhattan,New York,4,11,Salad
_zFlhXj2TUWWuW7Sl6jmkQ,The Carousel Café,Manhattan,New York,2,28,Restaurants
jcQgDgD49TQiXCUMp03Ykg,La Mauvaise Réputation,B0st0n,Massachusetts,3.5,11,Restaurants
8A1lD7P4tNaYtBr9vidnpQ,Zen Dog Services,Manhattan,New York,5,11,Pet Services
KtTGZzxV6DSNuCn-6T3NcA,Stella's Lunchbox,Manhattan,New York,3.5,7,Sandwiches
zVj73JeXeQsTATD1hUVOtg,Air France - KLM Lounge,Manhattan,New York,1.5,3,Bars
6Xtmwdt96jBuCmD2TgYbSs,B-Boss KTV,Manhattan,New York,3,8,#N/A
oZG8sxDL54ki9pmDfyL7rA,Not My Dog,Manhattan,New York,3.5,9,Nightlife
9DLBwCS4hu_xaiENCbYXbQ,Chae Chester Fried Chicken Express,Manhattan,New York,3,3,Restaurants
Bp7Qj64Qr8jvj3r7WBtmSg,Sam Woo Restaurant,Buffalo,New York,3,69,Chinese
ZCO1NEVELMvMpfGDxC7BZQ,Il Padres,Poughkeepsie,New York,3.5,14,Pizza
JVGL16MxOQ_-xAPl5lK27w,Le Cartier Bed And Breakfast,B0st0n,Massachusetts,4.5,3,Hotels & Travel
xWCwqCG5MmDk_kkjEdhykg,Anber Moving & Storage,B0st0n,Massachusetts,4,5,Movers
6nwhm3opaLaKFekuF4gqhA,St-Viateur Bagel & Café,B0st0n,Massachusetts,4,56,Restaurants
4XsYuwKo_qysW_szfc2yAg,Yonge & College Optometry,Manhattan,New York,5,6,Optometrists
wvZpHPIvpixAEBQ8uT7esw,Salute Piano Bar,Manhattan,New York,2.5,42,Piano Bars
RTwBrHGcLUzOrmlWc2TNLg,Church In New York,Brooklyn,New York,4.5,3,Churches
hoSCYdo-c6aNMyDSYVbu9g,Gourmet Asian Fusion,B0st0n,Massachusetts,3.5,5,Restaurants
wtgrvqXDjAFF4LvJW1X-1Q,Watts Restaurant,Manhattan,New York,3,8,Italian
fdyRimlMHZArCtaUDlYcNA,Black Angus Steak House,Poughkeepsie,New York,4,16,Steakhouses
jcFOXpHwpH-OolCW_PN1Uw,Menchies Frozen Yogurt,The Bronx,New York,4,9,Food
sGl_RLXLtSPx5kzMUFz11Q,Alimentari Italian Grocery,Manhattan,New York,5,3,Food
4ZeU6oMWuzJi5K5BNpuYOQ,The Captain's Boil,Utica,New York,2,5,Restaurants
lFPNibSaYC3Vq4PCGaps_w,Denny's,Elmira,New York,3.5,17,Breakfast & Brunch
hz8JI69K_LooYtxNClDr5g,Royal Tandoori Grill,Chatham,Massachusetts,4.5,6,Restaurants
OGG2JNqU410lgKqc9JUQDg,Dunkin',Manhattan,New York,2,3,Coffee & Tea
6UZsLsqgfLICHUan5gQIlw,Active Green & Ross Tire & Auto Centre,Buffalo,New York,3,4,Tires
-9dmhyBvepc08KPEHlEM0w,CN Tower,Manhattan,New York,4,511,Landmarks & Historical Buildings
CcV9dB7MGQkFI90-UEFcQA,Patchmon's Thai Desserts & More,Manhattan,New York,4,13,Bakeries
0-ZA4TTKlHYGIQJj06G0-w,Loaded Pierogi,Manhattan,New York,4,138,Restaurants
Jlk4tLFXusQ6yWOFffpUfA,Boccone Deli & Pizza,Manhattan,New York,4,20,Sandwiches
xVU-8QSRckAl3tkRjQmbhw,Cosmix,Fall River,Massachusetts,4.5,4,Bookstores
YAnuTr6PyHRKCVbpg3U9Lw,Maison Close 1888,Manhattan,New York,4.5,9,Bars
MqAuRnJlLkHmm09l0L6i5w,The Hair Shack,Buffalo,New York,3,4,Beauty & Spas
XDO88u3vWV64uekyHQUjCw,Dairy Freeze,Manhattan,New York,3,36,Restaurants
B9sv4GOxJrz19r8tcV2H4Q,Restaurant Talay Thai,B0st0n,Massachusetts,3.5,28,Thai
_yAaRxcyyFGJkrSh_6GYiQ,Agave,B0st0n,Massachusetts,2.5,12,Mexican
Eo9xECyw1IRRGQA-GmtZAw,Wazo Furniture,B0st0n,Massachusetts,2.5,3,Home & Garden
yF0IsXnhiimqZHG9gakvOg,Master Steaks,Buffalo,New York,3,72,Diners
Bim0OoetFyuKb9IWaiOcOw,Scarsdale Cole Ducks,Queens,New York,4.5,6,Food
iFNO1DH75AxupzQbxFgfbA,Chuck E. Cheese,Levittown,New York,2.5,11,Restaurants
4KHo1LnkM69RtWTDBdG16g,31 Kitchen,Manhattan,New York,3,49,Asian Fusion
6sATfFam9_q9uod0I2aCsg,Wu Tai Vegetarian Restaurant,The Bronx,New York,3.5,99,Restaurants
aD1rkbt-QXAJw1QH1eHg8w,Boffo's,Utica,New York,4.5,6,Food
wpQsmMvdhefqIlxvRt_Jbg,DonDon Izakaya,Manhattan,New York,3,225,Restaurants
CR1sV3ICjh5J15kOeVLJCg,Regal Beagle Pub,Manhattan,New York,2.5,6,Nightlife
nULm4sRImjozjSAy_8FX9Q,Tria Cafe and Bakery,Utica,New York,4,5,Event Planning & Services
XjbPr3o-YTsticeavLjTEg,Hooters,B0st0n,Massachusetts,2,18,Sports Bars
sVGSuabnjtLUBjEI1gk0bg,Kazuo Fashion,Manhattan,New York,3,6,Shopping
jn0drBFG0WxXaNh75CVATw,Flags International,Manhattan,New York,2,5,Shopping
W4w_rq_0pDTYqMaNqEFwVw,Drama Queen,Manhattan,New York,3,7,Shopping
rNjmIaFwVdHVs3CsRPi0GQ,Starbucks,Syracuse,New York,3.5,3,Coffee & Tea
T5Y4Mo5fgmU77KrbdRffcw,One Love Vegetarian,Manhattan,New York,4.5,68,Caribbean
Z-CMW6gQNoxn23MrwuaZFw,Empire Customs,Manhattan,New York,3,4,Accessories
ZFnaRxkNAAb_CxOZgnz9BA,Winners,Ithaca,New York,4,4,Department Stores
JhooPRvvIolppVyb9zerAg,Apollon,B0st0n,Massachusetts,3,3,Nightlife
wDLB9JTsQ8HkkrU4jJBpCw,India Curry House,Binghamton,New York,2.5,6,Indian
rXWcN5J1_dQY470Ogl75IA,Cosimo's No Frills,Manhattan,New York,3,19,Grocery
AHrfxUnE1LdhtWTtujFMDw,OM Restaurant and Bar,Manhattan,New York,4,36,Himalayan/Nepalese
VMfEWlSwDt9fhwNN868NNA,Pray Tell,Manhattan,New York,5,22,Cocktail Bars
vWu3eAOnYLf-piMGl_W2hg,Congee Palace,Buffalo,New York,3,13,Restaurants
cJULzry7QBjR5NpUcjZ8Ow,Charcoal and Salt,Manhattan,New York,3,6,Restaurants
XYeDsiDb4ZpflXTngrWnww,186 Davenport Salon,Manhattan,New York,2.5,7,Beauty & Spas
dSr20IS-Q01it8gq8z-l9A,Nice One Nails,Ithaca,New York,2.5,8,Beauty & Spas
KrIt8-qeaIvub9KJ9vqlWg,Bikram Yoga Beaches,Manhattan,New York,4,21,Yoga
laGCcj3wFTYrIpE5GH7T0g,Burrito Boyz,Manhattan,New York,4,6,Restaurants
5AC2yQzEe3iRGrsJ0at-8g,Reverie at Weldon Park,Manhattan,New York,4,5,Bars
htbLxEfvaBpVuIqEYRFw5g,Hue Spa Detox Clinic,Manhattan,New York,2.5,31,Massage
sKrt4CMGyG8YAjxVkk4hPQ,Fusaro's Kitchen,Manhattan,New York,4,93,Pizza
Zcu642UYN8h9v7-Hq8kQMA,Presotea,Brooklyn,New York,4,7,Bubble Tea
wGwib7KvPzs5_6aPCk_Fzw,Butter Avenue Yonge & Lawrence,Manhattan,New York,4,149,Desserts
Yts7CINSYWoAMWES01nF_A,Détour Bistro,B0st0n,Massachusetts,4.5,9,Restaurants
hNkvFjwYpyWO2JFkfXLecw,Sweets Galore,Lake George,New York,4.5,4,Specialty Food
LgT3xhEEJ2BzKVSUAVOeFA,Blue Moon Pub,Manhattan,New York,3,3,Nightlife
NVsmDL12AWwovFsuBMD1jQ,Momofuku Milk Bar,Manhattan,New York,3,107,Food
ULl0tYsqcHe3S-TqKD3mjw,The Bloordale Pantry,Manhattan,New York,3.5,30,Breakfast & Brunch
gkB_hv_lXQKdQEQ3i_E9-w,Club Electric Avenue,B0st0n,Massachusetts,3.5,7,Comedy Clubs
9MrHK_IBGbAuMWrjXTw6sQ,Samrat Indian Cuisine,Poughkeepsie,New York,4.5,3,Pakistani
lF6LP81FVEuPUXJiQg0Eag,Yonge-Davenport Pet Hospital,Manhattan,New York,5,20,Pets
OoKwtO7dcJs-bho4iy0b5w,24PetWatch,Utica,New York,1,4,Pets
x3QeZrO_zEzuYzkj2YqBAQ,Basilico Italian Bistro,Brooklyn,New York,4,16,Italian
fzHBvd0HZm1yB3UIMqZ3bA,Ding Tai Fung,The Bronx,New York,3.5,401,Specialty Food
Uhp3YoKkr1QOpLcwSVIFAg,Coppa's Fresh Market,Manhattan,New York,3.5,11,Grocery
ni_aJXlKu1RYZwzgz9p3JQ,Caldense Bakery & Cafe,Ithaca,New York,3,8,Bakeries
M56l-0DuaNhJ-SCJ1UAkgQ,Bombay Palace,Binghamton,New York,3.5,17,Restaurants
V4Ts6soin8p_WF2O-kqMRg,Thai Breeze,Manhattan,New York,2,9,Restaurants
z9PCn3aGYQpns1oydFtG6Q,simplyMED,The Bronx,New York,2.5,3,Walk-in Clinics
FVY1s_lexa9oE4kBzesaLw,Harvey's,Salem,Massachusetts,4,4,Burgers
BD5kEEtlo8fxYDZ4PMfXTw,WOW 1 DAY PAINTING Rochester & Durham Region,East Rochester,New York,4.5,5,Home Services
fD6YJV_5pOw7_8KSKmabIQ,XO Gelato,Manhattan,New York,3,5,Food
6_C-r80BMGxA6NhxoQJp2w,Blu Ivory Bridal & Evening,Manhattan,New York,4.5,6,Fashion
NZ8qnZIuqx6bWKn3yQuApw,Personal Service Coffee,The Bronx,New York,4.5,3,Coffee & Tea Supplies
UAXz2KC1aXpxzV-MLdXbmQ,Delhi Bistro,Manhattan,New York,4,28,Restaurants
MCRF1gSzlP-_5JUlB8cYWA,Pho Mi Viet Thai,Ithaca,New York,3.5,29,Vietnamese
OIB6OB9cgNMh_Q5y5pSKHw,Prague Fine Food Emporium,Manhattan,New York,3.5,28,Czech
dXY9UVv8gneKWJKfQ0oDvA,Wild Ink Studios,Newark,New Jersey,5,3,Beauty & Spas
_UZR3RZ56PnUO2ZpNba0Kg,Soupebol Nouillerie,Boston,Massachusetts,2.5,14,Restaurants
887Idmbk8LTh65CjImTfjg,Bad Axe Throwing,Manhattan,New York,3.5,8,Special Education
_nsL3sRM1IWIPLSOc0kK0g,Snap Fitness Emira,Elmira,New York,3.5,7,Trainers
onWMYeUBuzbzkWmPXbn_NA,Massey's,Lake George,New York,3.5,33,Restaurants
o1bTHnU2JK4AM5C3UE7jFA,Cha Do Raku,B0st0n,Massachusetts,5,8,Restaurants
3C1zbn47G5pDfX5OHJ1CRg,Bloom Café,Manhattan,New York,4,3,Food
ECNaHDnWg8KTqpOmY3Q9og,South St. Burger,Buffalo,New York,3,31,Burgers
2t_EJM68q26lgk55WRm42A,Taza Grill & Bar,Buffalo,New York,3.5,6,Canadian (New)
fOqRkFQNazfaAkH2eD_G6Q,Trattoria Spinello,Ithaca,New York,4.5,35,Italian
fl6QedVx8-ZoQK8us_eeGA,Place des Festivals,Boston,Massachusetts,4,12,Arts & Entertainment
SshyGwzJBRZYif_GRcva1A,Les Givrés,B0st0n,Massachusetts,4.5,30,Desserts
zRB-RAlOM2QVw8uxGThcJg,Restaurant Dragon de Chine,Cambridge,Massachusetts,2.5,9,Restaurants
8cFzTMz32V8d8VWoAKpocw,Glenforest Garage,Manhattan,New York,2.5,3,Auto Repair
njZouRtyUIMVwylIEr8vEA,The Pie Shack,Manhattan,New York,4,6,Desserts
pLBH2fNYBJK-42U6R1akNA,Bru Restaurant,Utica,New York,4,53,Restaurants
fwXKszT6j_f6pf0tp3MHLw,Patisserie Royale,Manhattan,New York,5,11,Bakeries
hbzVZzrEeREZsd2jzwL1YA,Dosa Rama,Newark,New Jersey,2.5,9,Pakistani
5PYA-uKDRayqQS93YC7iuw,Tony's & Nick's Place,Manhattan,New York,3.5,22,Restaurants
xO_2oSQeVFzmHWOkk321BQ,North of Brooklyn Pizzeria,Manhattan,New York,3,51,Pizza
cCo3PiT9hm-eEA6ti0kP2w,Sugarmoon,Manhattan,New York,4.5,79,Skin Care
iFnoBRgKvmlSxmWH8DIT4w,Reesor's Farm Market,The Bronx,New York,4,3,Food
X6tW7CdPkkeMOXMbUobulw,The Harp,Buffalo,New York,4,12,Bars
spfVKWaZYdJkwHXSwK3BkQ,Hôtel Nelligan,B0st0n,Massachusetts,4.5,65,Event Planning & Services
Jm_bARKbaZyzoxatBrmZPQ,Chadwick's,Manhattan,New York,4,136,Restaurants
cNvy9WE3Xk935MGMd36glQ,Pure Gold Restaurant & Steak House Tavern,Buffalo,New York,3,3,Steakhouses
wZnHVnrpwxYgX5MP5p_6qg,Sasaki Fine Pastry Brooklyn,Manhattan,New York,4.5,7,Desserts
VF-hPSqj5QpAgDFpb_EwGg,Hideaway Antiques,Manhattan,New York,4.5,3,Antiques
i3rdifli2uVDfAn5-E4jmg,Palais d'Ajit,Cambridge,Massachusetts,4,24,Restaurants
4MMPpETGn-3LG5xMpcPO7w,Pho Scarsdale Fabulous!,Manhattan,New York,3,64,Vietnamese
Cyy95sS5r6MGzgEA4UZX5g,Parlour Salon,Manhattan,New York,4.5,210,Hair Salons
zDJOf0uPF2BpnnTe1z26yA,Fiction Nightclub,Manhattan,New York,1.5,10,Dance Clubs
4B6HGu5C68dfUk5_N2lbYg,Porta Via Restaurant & Catering,Manhattan,New York,4.5,33,Caterers
f7DDGW645h9OMw2LIGJX0A,Marlowe,Pittsfield,Massachusetts,4,4,Nightlife
hjABTon2vVSrfjL5o9_CGw,Delta Hotels by Marriott New York East,Manhattan,New York,3,25,Hotels
3y6n6UKHmfCGwaY-3nk0RA,Scarsdale West Village Medical Centre,Manhattan,New York,3,8,Medical Centers
OHrxxuMLNolvHUvg1ebztQ,Le Nouvel Hotel & Spa,B0st0n,Massachusetts,2.5,25,Event Planning & Services
vC2VWfjDMtnQMELHx0tm5Q,Gino's Pizza,Manhattan,New York,1.5,10,Restaurants
iMN7ofJpfzqEBydv_yDOTQ,Van Houtte Café,B0st0n,Massachusetts,3,5,Food
gpCyGSz4gkJmIOfQJrzUyA,Minh Chau,Manhattan,New York,5,13,Jewelry
-5IV_IrH5D7hyip2P_w7BA,Première Moisson,Somerville,Massachusetts,4,6,Food
_x5oSMpXGEoAPz8eePn0VQ,Hair Code,Manhattan,New York,4.5,17,Beauty & Spas
ang-oYybPagDc8HdLulRSA,Darizi,The Bronx,New York,1,3,Shopping
RL6cDHhdiNHXQSQBOnGWLg,Global Pet Foods,The Bronx,New York,4,6,Pets
efAA0hSapCr2TFcL4I8upQ,Le Toasteur,B0st0n,Massachusetts,4,11,Restaurants
zpm5_cUPbswsch2-hVFH9g,Mane Society Salon & Spa,Elmira,New York,3,4,Beauty & Spas
WF0I9AwErfaqkPPXM98ywQ,Lucullus Bakers & Roasters,The Bronx,New York,3.5,81,Coffee & Tea
aF8OunDyNwRNaaG4VJwmtQ,Tamales,Taunton,Massachusetts,3.5,3,Latin American
VPpeZPIS3WCyMPHJO__9Hg,Coffee Culture Cafe & Eatery,Huntington,New York,4.5,7,Breakfast & Brunch
CCJ_nAlR5P5NcYIudlXUnw,KFC,Niagara Falls,New York,2,23,Canadian (New)
q3aXL-4to5UaS_gzlxGFHA,Jerry Ferrer,B0st0n,Massachusetts,3.5,14,Chicken Wings
ynkZTzJCJUT4jMFw_LC0eA,HomeStars,Manhattan,New York,2,9,Contractors
TbHCcfwVyWomOd8_fEWqAQ,Fluffy' Spa,Niagara Falls,New York,2.5,7,Pet Stores
XxkYDKZ_kVFgCZb1CU7gXw,Bank of America,The Bronx,New York,3.5,3,Financial Services
SKpk2qqSTC2JrCunGz3sIA,Detour Bar,Manhattan,New York,4,5,Nightlife
RohwfKfyDX8FgyXfHEaYSw,Appletree Medical Centre,Manhattan,New York,2,32,Medical Centers
BCp5pcyKcbfLkTKRhcxAuQ,Equinox Fitness,Queens,New York,2.5,4,Active Life
ptmYfNVlraprj3A1vBV5LA,Barbarella,B0st0n,Massachusetts,4,6,Hair Removal
vkP0Fo_PBaZ0sHoLRUdVFQ,The Groom Room,Manhattan,New York,4.5,8,Pet Services
oDjhb1ohaO5cGfHuDUXfJw,Espace Libre,B0st0n,Massachusetts,4,3,Cinema
N3qavxahyIRWRwjZoLPxRw,Peter G's Bar and Grill,Brooklyn,New York,3,11,Restaurants
msCDKq6t6PhdBOtpGqG2KQ,Projection Booth Cinema,Manhattan,New York,3,4,Nightlife
4tKT4TEB2UBzYWP1yjBygg,Closeout Scarsdale,Brooklyn,New York,2,6,Fashion
_Wyo52ijeq3QgcmkIrhmAQ,Lemongrass Restaurant,Manhattan,New York,3,27,Restaurants
bCc7Fi46nrgZHhx9f5gIGg,Dolce Gelato,Manhattan,New York,4,70,Food
wJhdPi4tvJGV24NXQv3Vnw,Gabby's at the Isabella Hotel,Manhattan,New York,2.5,17,Canadian (New)
Q8q52zj9WAaZajuI3ejgow,Garb,Manhattan,New York,5,3,Men's Clothing
QpRPimKWt29ZKk7UfB-Qaw,Big Wolf's Deli Sandwiches,Utica,New York,4,14,Food
YU7vFkCxK5ouUSN79JpuVQ,Genesis Walk-In and Family Clinic,Plattsburgh,New York,4,4,Sports Medicine
E14VLV7RMLpoLhEVpPVQcQ,Le Vieux-Port de Boston,B0st0n,Massachusetts,4.5,91,Landmarks & Historical Buildings
zB4xP8Z0xGyuZHJ7oYNE8g,Lakeview Golf Course,Buffalo,New York,3,3,Golf
ByR685ThcDqQ_bb4A1oj_Q,Tea N Bannock,Manhattan,New York,4.5,24,Canadian (New)
cDoo0Pf1d_P79Rq3ZNk-Mw,Kirei Sushi + Bar,Manhattan,New York,3.5,56,Sushi Bars
Cyx3b78zHXRNDDUTI3OMcA,Pizza Ten,Buffalo,New York,3,8,Pizza
Z5SvT3MrgdL1m2rMBYGURg,G-Star Raw,Manhattan,New York,4,4,Fashion
mBU4G-eh-GN2Tp1X-uLb3A,Smokeless Joe,Manhattan,New York,4,66,Gastropubs
AXPc2QoXg1O0A3ro9vTanQ,The Merchant of Tennis,East Rochester,New York,3.5,9,Sporting Goods
_9W2ps6b6_QoydVqc9r42Q,H&L Fabulous Nails & Spa,Manhattan,New York,1,5,Beauty & Spas
1NFYcoeR45RnzghvKchdcb,Fresh on Bloor,Manhattan,New York,3.5,247,#N/A
PBeuCjN4dBut_iqeRXYBgw,Royal Home Hardware & Building Supplies,Manhattan,New York,2.5,6,Shopping
tBDkO-vfXrXMnLJu2sF0Hw,Sichuan Ren,Manhattan,New York,2,9,Restaurants
ZjYOIMcLTWFPa4jGC-YFwQ,Firkin On Scarsdale,Manhattan,New York,3,55,Bars
uq9fF4kFSx1pjRZj_FEazw,The Peartree Restaurant,Manhattan,New York,3.5,55,Restaurants
rkDzH9JxWV8UHdvkGr6TcQ,Sunny,Manhattan,New York,2.5,10,Breakfast & Brunch
7-LDdUmYm3bDk_STw17Peg,CVS Pharmacy,Manhattan,New York,2.5,4,Shopping
WzLXKlHrfN2Ml2fKPjyoRA,B.B.Ques,Manhattan,New York,2.5,15,Food
G6aNyWVp2UjgKRidP_U2jw,La Limonada,Manhattan,New York,4.5,6,Food
PjIQddZisd8dpFSyhjyHww,Jeff De Bruges,B0st0n,Massachusetts,4,10,Food
gTOGA0Z8aU71nVzUyrMhDA,Houston Avenue Bar & Grill - Quartier DIX30,Haverhill,Massachusetts,2.5,12,Bars
rrvx_BQjGp-7NQ1n7KmbTg,Cliffside Hearth Bread Company,Manhattan,New York,3.5,9,Food
NYOCleQSGBjbq6bdZjd2oQ,Fusiali,Cambridge,Massachusetts,3.5,3,Restaurants
PoqtbmuoCmoDi7nEn2iAKw,Two Horses,B0st0n,Massachusetts,4.5,29,Arts & Entertainment
sLGQo2X21aOPSf6lKjeUTw,Broadway Cheesecake,New Bedford,Massachusetts,3,10,Desserts
NhUUOdvvw_-VAvxdO4VhfA,Hard Rock Cafe,Ithaca,New York,3,47,Nightlife
a6WMvz0NlOeQp58yaCmFPQ,Arigato,Buffalo,New York,4,13,Sushi Bars
AF3uT2TstdQNvkPeSfWbfg,Georgia,B0st0n,Massachusetts,4,3,Russian
-PL-4fFYPYrOjnNd0lO4Lg,Stout Irish Pub,Manhattan,New York,4,109,Bars
4kklZvGrgCeImsOSz6xJ_w,Sevan Art Gallery,Manhattan,New York,1,4,Interior Design
vfjPOe9bzErPTq3OLMXLfg,Yokohama Japanese Cuisine,The Bronx,New York,2.5,117,Sushi Bars
3zKqIaiW_DENjZNcd31W4A,South Pacific,Manhattan,New York,2.5,4,Food
eTJY7NCL5vwHSEkN4ELinw,LensCrafters,The Bronx,New York,3,3,Ophthalmologists
OplZ6uX7nGhVdQxZcybZHA,El Pipil,Manhattan,New York,4.5,7,Shopping
6kvxt4ebKX5n2-rEHGLtgA,Hôtel William Gray,B0st0n,Massachusetts,4.5,6,Hotels & Travel
o-zW9ZjjGiZDKuCZ34hgiQ,Comme des Enfants,B0st0n,Massachusetts,4,4,Fashion
aXnaZj_7KVp5f8s3xmE1IQ,Global Pet Foods,Manhattan,New York,2.5,3,Pets
zYPc6o81Em23wRW8oq7_3w,Real American Superstore,Newark,New Jersey,3.5,24,Grocery
XpkvACzjlDqq6DvtZCXnBA,Denny's,B0st0n,Massachusetts,2.5,10,Breakfast & Brunch
P39yhVb1mR3akLeuSmH97g,Cheers Chicken & Beers,Manhattan,New York,3.5,28,Restaurants
4vT5cq0oxLVnrbB5omazDg,Joe et Charlie,B0st0n,Massachusetts,5,3,Hair Salons
3CvWzcLW7sqaHtIItbMhNw,Nirvana Home Collection,Manhattan,New York,3.5,5,Interior Design
igggcl1TjKyw-hL3q1CacQ,Long & McQuade,Manhattan,New York,4,39,Shopping
oU42-XP4zvouwUw6TJNjnw,Urban Herbivore,Manhattan,New York,3.5,76,Restaurants
ap2yPjW2fsAOXkVeiE8STQ,Ryerson University,Manhattan,New York,4,16,Education
4E6MLnW1Yh3TeKdHUtw5Qg,Domino Foods,Manhattan,New York,4.5,10,Grocery
CXIYPBfADfeOAfYJSPAs1A,The Manor,Scarsdale,New York,3.5,13,Breakfast & Brunch
Y6ERro4P_wmneOWj07n94A,Moxie's Grill & Bar,Niagara Falls,New York,3,96,Canadian (New)
lKZnD7auRvYBS-XwhMbm5Q,Alex Farm Products,Manhattan,New York,3.5,11,Cheese Shops
wgNT-xO7JhXkGbRicMA9tA,Nando's,Binghamton,New York,4,40,Food
irYtMNk757SfP2xpFzwJYA,Denny's,Ithaca,New York,3.5,39,American (Traditional)
Pnw5K6dsMh6Zn_q2qcpnnA,Mickele's Bistro,Poughkeepsie,New York,3,12,Greek
0vDqYiaVnr0q7TaFv73gtw,Bazaar Global Food Bar,Manhattan,New York,2.5,7,Specialty Food
wgYK6zF0M_o01d-32W-S2A,Yami Asian Cuisine,Syracuse,New York,5,3,Japanese
opMKx_39uBu-rSVq5G5ttQ,Bathurst Animal Clinic,Manhattan,New York,4.5,5,Pet Groomers
I3YDYzFN5-hpW9Cr0HkKbw,Don Mills Car Wash,Brooklyn,New York,1.5,3,Car Wash
IRzY7yoBqoHaZNNo8WiWQQ,Tapagria Spanish Tapas,The Bronx,New York,3.5,138,Restaurants
_albON51Beq790V0U0vtDA,Ômai Prêt-à-Manger,B0st0n,Massachusetts,3.5,7,Asian Fusion
8tnMyEz7Jj65HHJ7ObpocQ,Spa Pro,Manhattan,New York,3.5,4,Skin Care
rROU_Ogow8clmVgIQyqs-w,Olde Towne Bistro & Oyster Bar,Manhattan,New York,3.5,4,Wine Bars
Ib-WbHVHp_e1PZnU0P6JfQ,Scarsdale Crab Seafood Restaurant,Manhattan,New York,3.5,7,Restaurants
xEvMKCbxzssjdZLqT6ykOQ,Park Public Library,Manhattan,New York,3,6,Libraries
GY2HzCRQKnzoFdWYi-x00A,Markie Pharmacy,Manhattan,New York,2,7,Drugstores
9jY0VAudPcYJjyokdZjy_w,Yumei Sushi,Manhattan,New York,4,63,Japanese
E1F86cylyga-D3pX8BYFQw,Claire's,Manhattan,New York,2,3,Fashion
tXx0AyBi4LJGBQdI-VjF6Q,Luxmy Caterers,Newark,New Jersey,4,3,Event Planning & Services
1j3BirjO1MOvTR-bd5jDrQ,Plato's closet,Queens,New York,2,3,Fashion
MrqG_TzPLMRrob--EHNdOw,Margo's,Manhattan,New York,4.5,6,Poutineries
Lzj-_QdzL2bLeHd_bC88Fg,Quanto Basta,Manhattan,New York,3.5,28,Restaurants
kiZl4fwzycsogX60drGY2w,Tamam's Shawarma,Manhattan,New York,4,12,Ethnic Food
3OtwI9usuWqdqSiHTewKlQ,Scarsdale Thai Massage & Midori Day Spa,Manhattan,New York,4,13,Massage Therapy
PmOVAf4cA-5BET8BRhs80A,Starbucks,B0st0n,Massachusetts,4.5,3,Coffee & Tea
_mqq_v8JdyPQ3ARitdHQUw,Whole Foods Market,The Bronx,New York,3.5,58,Food
sEISdekUJSvDcCNumX9NUw,JJ Japanese Thai,Buffalo,New York,3.5,91,Restaurants
eUjDWzbQ6eLZy0uELEOa9Q,The Boiler House,Manhattan,New York,3.5,57,Steakhouses
kTD8tQ7IcxRPghEoJ7p_xA,Shell Select,The Bronx,New York,3,4,Food
aCseJRGKrQTTi-LpOoec3Q,Mat & Max,B0st0n,Massachusetts,5,3,Cosmetics & Beauty Supply
D5p1utHnonidTySCM9qcUA,Liba's Bar & Grill,Poughkeepsie,New York,4.5,7,Nightlife
_tMfvUiocN3gz64Q40V-bQ,Taste Buds,Buffalo,New York,4.5,5,Event Planning & Services
C8KNDYcHpVmrAcUpcZ7QzA,Ottavio,New Bedford,Massachusetts,4,16,Pizza
ddVqa9ZumiwATVhlTVq4RA,Douze Vingt-et-Un Steakhouse & Cigar Bar,B0st0n,Massachusetts,4,4,Beer
y80Ak4kZ3gSWTxymXQDCHA,Threads Lifestyle,Manhattan,New York,4.5,4,Sports Wear
JDlSNLCz2QWDucgYq8HkDQ,Golden Turtle - Pho Rua Vang Restaurant,Buffalo,New York,4,37,Vietnamese
Srs4JpsF3abX9rM2AwYQUg,K Nails & Spa,Manhattan,New York,3.5,14,Beauty & Spas
tSGLTydYtA7LkEsRJFytuo,Passionknit,Manhattan,New York,3.5,4,#N/A
8C3nXIFqwfp9XvdWHIzTsw,Regent Park Aquatic Centre,Manhattan,New York,4,18,Swimming Pools
mYC0KiyeYWMhqABQXpxEPA,Walmart,Levittown,New York,3.5,12,Department Stores
6sFFRUaYohdX9WXXNDXQFK,First Choice Haircutters,The Bronx,New York,2,6,#N/A
Ty6BwVGRd0ix03Mvc49rTA,Mauvais Garçons,B0st0n,Massachusetts,3.5,9,Tapas/Small Plates
kBZSrkau0XynQPlOz3zHUQ,Q Esthetics Laser Clinic,Elmira,New York,2.5,5,Beauty & Spas
kVGj_0e5p7iktS_ZkN6nIg,Nice One Nails,Binghamton,New York,2.5,4,Waxing
AxeSEHbzpZRDP4XCmf0Q2g,Rob's No Frills,Binghamton,New York,2.5,6,Grocery
d1xGBu_EI6HzWDxkD9h0Pg,Pearson Hotel And Conference Centre,Manhattan,New York,2,4,Hotels
CZK8pOfcrG7QhhZTfeis8g,Yang's Chinese Cuisine,Elmira,New York,3,47,Restaurants
jJRoJPnRJFvsjZ3Pylhx7Q,Bite Bar,Manhattan,New York,1.5,3,Desserts
DxUtU6CbGbiVWg6_MXlfFA,Café Bedondaine,B0st0n,Massachusetts,3.5,6,Restaurants
IcE2MTZ4MU4wH_tmFgVm3w,Express,Manhattan,New York,3,8,Men's Clothing
CyKi4WgsRNpp3jgsxBEcDg,North Shore Pie,Manhattan,New York,3.5,33,Bakeries
nfLZKRH2nRbCbDIiHOpK4g,M&M Meat Shops,The Bronx,New York,3.5,3,Food
fTkbO_-v88Ldn_cJwxHYQQ,Paintlounge,The Bronx,New York,4.5,35,Nightlife
ouF4SvK75Mc6f7CDxPsmEg,Circos,B0st0n,Massachusetts,3,10,Canadian (New)
z_6sLh8k7onN5Sajx3qdaw,Bliss Bridal Boutique,Syracuse,New York,3.5,5,Bridal
oE1EuKY2GmpfIiSGy3YmGw,Ardo Restaurant,Manhattan,New York,3.5,39,Pizza
MqGzZKvtCCJ5u5PmgcJqfA,Salon Helmet,B0st0n,Massachusetts,4,19,Beauty & Spas
V-kkv-kJfGMdgeLbKGO0Dw,IGA  Alimentation Shnaidman & Pagano,Natick,Massachusetts,3,5,Food
FCZosSgstKT-dQ3YSlPHpA,Dunkin',Binghamton,New York,2,4,Food
oqLeBgkcimX_WkTSC07A4g,McDonald's,Brooklyn,New York,3.5,3,Fast Food
09--bBJgTnvJIagq3kSB1w,East Tea Can,Buffalo,New York,3.5,26,Restaurants
534bE-VYZWzl2kXhDAtPfQ,Coffee In,Newark,New Jersey,4,13,Restaurants
OxCk0Z034zwmOxLEjvCbFw,Burger Scarsdale,B0st0n,Massachusetts,2,5,Fast Food
6pUWuE3A0VflOx2u9z03vg,Le Sieur d'Iberville,B0st0n,Massachusetts,4,11,Bars
9VfuV2bZyaR_6VOXCYCpfw,Strawberry Fields Spa & Wellness,Manhattan,New York,2.5,3,Nail Salons
a8fDCWlW8dRWb0QEf2vtAA,Mister Moon's Chinese Food,Niagara Falls,New York,2.5,8,Ethnic Food
JsLmX7UJKuvOvsaKXX-Ppw,Restaurant La Diva,B0st0n,Massachusetts,4.5,3,Italian
i7GfaDtJJRFcINb7rUjU1g,Barberella,Manhattan,New York,4.5,26,Beauty & Spas
VR7vnIP0rg1teDUVp6L0qA,N° 900,B0st0n,Massachusetts,3.5,7,Pizza
KSg6lpATxH5-4X3JvQbXyg,Healthwinds,Manhattan,New York,4,17,Massage
hChPQiRlYqVaP_3r-HbfXQ,Restaurant Savoy Deli,Edgartown,Massachusetts,3.5,3,Sandwiches
REbNih8rOHc63a7WRRKb3A,z-teca,Manhattan,New York,2.5,24,Tex-Mex
je006mwtkaNa4UI7RtXOQA,Rowe Farms,Manhattan,New York,4,6,Grocery
RLc5k3QKiV6JnsZFqmJLpw,Isle de Garde,B0st0n,Massachusetts,4.5,38,Pubs
jLm8aqadiTN_k98lVUUvyg,Lindt Chocolate Shop - Ithaca Mills,Ithaca,New York,3.5,8,Food
H_WMApjS1TVOZme3qaQrTQ,Dove Spa,Niagara Falls,New York,2.5,3,Day Spas
hTF1Qo6PRFnDgg1rh9a9BQ,Bridal Path Invitations Boutique,Manhattan,New York,4,5,Graphic Design
vMmQmKlomTZ6ti183XQc_A,Ichiban Sushi House,Elmira,New York,3.5,17,Japanese
S0kp9gHopOeiSLQzTY6vhw,Chuck E. Cheese,Elmira,New York,2.5,6,Chicken Wings
huEZTE3ktjFZfRMy6IuuNQ,Freeman Formalwear,Manhattan,New York,3,7,Shopping
8X0H0BI63lGSVb6h1wEq8Q,Lavish Salon & Spa,Syracuse,New York,4,9,Day Spas
j6UKGPWplhstVbFEabXlKA,Sunset Grill,Huntington,New York,3.5,12,Breakfast & Brunch
ib_nNKO3LwF5-YebFpeMlQ,Joya Bistro,Rosemere,Massachusetts,4,4,Italian
jV1bWfnXOxMN1qnQXWzWsQ,Sbarro,Manhattan,New York,1.5,5,Restaurants
XzQtfUEClXG_Ogmeks50rQ,L'oeuf Dore,Methuen,Massachusetts,5,5,Restaurants
TeqMow367t0t4a2ZmTuvIA,MADE Clothing Co,Manhattan,New York,3,4,Formal Wear
KaA1T7wAgpJDCtggJvrszw,Super Marche Byblos,B0st0n,Massachusetts,4.5,3,Food
3oG4pd7v1abM1nVlgWSiWg,Shey Wellness Clinic,Manhattan,New York,4.5,8,Massage Therapy
LPWMKKcGeWmJgf8t_TIcYQ,Olde Village Bistro,The Bronx,New York,3.5,86,Breakfast & Brunch
ibwLiK-WzGnKFYmQ4R8Jtg,Jules Cafe Patisserie,Manhattan,New York,3.5,5,Bakeries
wR-jVYEqfljEdkM2KNRtMA,MetaloMania,B0st0n,Massachusetts,4,4,Customized Merchandise
4cg0UV1tEznGsEGsutZZHg,Arvo Coffee,Manhattan,New York,4.5,16,Food
EKc1TGru3LM19xSyNpWH_Q,Dueling Piano's Musical Cabaret,Ithaca,New York,2,3,Arts & Entertainment
vF-Q0OcabOsjrJHA3XCCug,Dunkin',Manhattan,New York,3,4,Food
siY4gf41VoKDnvmfAjS38w,Rhum Cafe,B0st0n,Massachusetts,3.5,3,#N/A
DhCxkcubVWgSi4YDiWTruQ,Solmaz Food,Manhattan,New York,3.5,3,Delis
StW-bPe_8nnuLI9S2Bgf1w,Dunkin',Princeton,Massachusetts,4,3,Cafes
lAPWsnai0eqMQQHo03tojg,Massage Addict,Niagara Falls,New York,3.5,3,Beauty & Spas
avtIaGynSxenL8Y-OiCwzg,Chelsea Hotel,Manhattan,New York,2.5,121,Event Planning & Services
_nsuZ7Fl1aMwqZGWEraQHw,Cora,Manhattan,New York,2.5,37,Breakfast & Brunch
mJwg-Dd3b1iHfHYbMNVP7w,Archibald & Alistair,B0st0n,Massachusetts,4.5,3,Gluten-Free
syRPwPqdV6h3eenuV1d6rg,Nak Won Restaurant,The Bronx,New York,2,127,Restaurants
aptY3THk297lTYK4xje7dA,RUBS,B0st0n,Massachusetts,4,36,Restaurants
q9-QflLjm08Koum_Jb4J_A,Opti Hall of Frame,The Bronx,New York,4.5,3,Eyewear & Opticians
eYTVQS775emXVUjhsi9JXg,Zaid Moving,Manhattan,New York,5,4,Movers
FLymHf2oMu7yqm-tcVcnhA,Gyro Hyundai,Manhattan,New York,2.5,6,Car Dealers
BO2PgBWZpJQC8dUYAIOhPQ,Ital Sandwiches,Binghamton,New York,4.5,7,Salad
2xhizW22zt1gwBjc9wwEKQ,The Family Thai,Manhattan,New York,3.5,11,Restaurants
g7llIHPigyoEhnM1Yku_NQ,uBreakiFix,Manhattan,New York,5,4,Electronics Repair
liinBFwYm7odRPz0a7kSYg,La Prep,Manhattan,New York,3,9,Sandwiches
joRBYVr1ljhapM1XUBrQ_g,Dunkin',New Bedford,Massachusetts,3.5,3,Delis
2nW_hHaOt0DpsL1lPpuMXA,Sugar N Spice Cafe,Manhattan,New York,3.5,7,Food
FkB03FfgCC-GoFaOSIPQUw,Belgo Building,B0st0n,Massachusetts,4,6,Arts & Entertainment
D1RoZ4cyP5G9kB2lwNmWJw,5 Saisons Sushi,B0st0n,Massachusetts,4,24,Restaurants
AKO9zpHbyskr_E4TDMpRHA,KFC,The Bronx,New York,2,8,Fast Food
ehY9gEgzoAFmBSOE0TaHEw,Déjeuner Cosmopolitain,Pittsfield,Massachusetts,3.5,9,Restaurants
GlqpH4H32Lc98bGc8jTt3A,Time For Nails & Spa,Manhattan,New York,2.5,25,Skin Care
Cfl7UXP4YoctL5RTKksDdQ,Halibut House,Huntington,New York,3.5,12,Restaurants
VW33YWpe_zPGDEHN0cNQfQ,Power Scarsdale Restaurant,The Bronx,New York,3,31,Specialty Food
XvVv4rcraQkZlJOHuOdnHQ,Target,The Bronx,New York,3,8,Shopping
67JguaxQS_1P14wUfVQXuA,Glass Monocle Eyecare,Manhattan,New York,5,20,Optometrists
DpTmZv1znOqppgirI-RNUA,Orbital Arts,Manhattan,New York,5,7,Arts & Entertainment
yYztOoy82DmvPs-kcbuD1Q,The Rochestershire Arms,Buffalo,New York,3,7,Bars
rzIEdF0V3qedf7T5loVvsA,Local Boston Food Tours,B0st0n,Massachusetts,5,63,Historical Tours
NETsamdEjJADcoM-SXpskA,F1 Boutique,B0st0n,Massachusetts,4.5,8,Men's Clothing
q7kbg_M3RMYKNFD5CMc4FA,Cafe Twigs,Worcester,Massachusetts,4.5,17,Restaurants
CufvfheLeRabp9N9TXGs2Q,GelaSkins,Manhattan,New York,4,14,Accessories
qmYuwJ5bFneNOC10aTPGfA,Luxor Nail & Spa,Buffalo,New York,2.5,10,Beauty & Spas
3K9Ubut2voHsQeVq0PCn3w,Shanghai 360,Manhattan,New York,1.5,5,Dim Sum
4fPX-dotaGK879ZDYxUgrQ,Cachet Restaurant & Bar,Queens,New York,2.5,31,Canadian (New)
6plmPF5hYT2JT86Laf4abA,Mika Sushi,Utica,New York,3,14,Restaurants
25UyHoLmk7CDtyw40JLLYg,A Leg Up Pet Services,Manhattan,New York,2.5,11,Pets
E7v9sMJx4_Swx7VtymNt5Q,Truly Thai Cuisine,Ithaca,New York,4,90,Food Delivery Services
AFaE_Wi7cX1S7JmsrO58ew,Menchie's,The Bronx,New York,2.5,7,Food
ZL_JTAbyiu5GqqMPfegEeA,Yoga Loft,Binghamton,New York,3,3,Active Life
GqTUrsrFRvkNwO6zgLUNVQ,Aesthetics By Sarah,Manhattan,New York,5,3,Hair Removal
0oX5D44PgivB0TpgxZWjyQ,Le Boating Club,New Bedford,Massachusetts,4,4,Restaurants
5SANr9BTMVe_-pe3QM3M-g,Starbucks',Huntington,New York,1,4,Donuts
O4kAayJQ8K58H5bCSyJ0Zw,OroGold,Manhattan,New York,1,3,Cosmetics & Beauty Supply
njUeHXRTue82JLJsSSVeEs,Westside Animal Hospital,Manhattan,New York,5,6,#N/A
tYLdJ5xKgmr8Jz4aQ6iqAw,Anytime Fitness,The Bronx,New York,2.5,3,Gyms
ycAW6Q5quaCSDX5zwQ3tPg,New Rochester Fries,Manhattan,New York,3.5,8,Canadian (New)
FLjI56jwCp9q-ff6__AZIQ,Capsule,The Bronx,New York,2.5,3,Shoe Stores
zESUzThxDf4scdL9AN64pw,The Vault Gastropub,Syracuse,New York,4.5,18,Gastropubs
rDR1bhkKub5_-EFmbdW9eg,Baskin-Robbins,New Bedford,Massachusetts,4.5,5,Ice Cream & Frozen Yogurt
2vQgAfuW36IrAMJj_XjuvA,Mercury Organic Espresso Bar,Manhattan,New York,4,4,Food
b2UTiUd5aX8CukkZjfphHQ,Gerrard Square Shopping Centre,Manhattan,New York,2.5,30,Shopping Centers
ee2oE4eBA_M5Zi4X7p5WyA,Piazzetta Trattoria 3,Manhattan,New York,2.5,5,Italian
KpFgHrxoVOiwfpR0f5KXUA,Thrive Organic Kitchen & Café,Manhattan,New York,4,80,Vegan
iOa4xy6Hav9DDkZG4EF4Tg,Milestones Restaurants,Utica,New York,3,12,Comfort Food
d2k0I5mbDiOYrCAjJLLMiQ,Mazar Kabob,Manhattan,New York,5,8,Afghan
Dy4jpdmBgLZRPA1IgMeg1w,Lucy's Sea Cove & Oyster Bar,Buffalo,New York,3.5,64,Restaurants
fYG5klzImqjke7Kzl-HcVg,Sephora,Manhattan,New York,3,55,Shopping
dBg3BFuPGaPtzUeLtGk_zg,Trattoria Piatto Pieno,B0st0n,Massachusetts,2,26,Italian
XIX4xuzrt3IzvjX9MtHr9g,Mayflower Chinese Food,Poughkeepsie,New York,4,27,Chinese
ufpgVs_7AmQWb4UzlSgSUQ,Le Pavillon,B0st0n,Massachusetts,3.5,4,French
KuIxm6FVNmlvpssWJi9-bA,Mr Greek Mediterranean Grill,Manhattan,New York,3,21,Mediterranean
eCE4T37WmhGUXDL_WRLT4w,Green Lane Animal Hospital,Elmira,New York,4,4,Pets
xJZ6-vDdAk7T8Hrc3F5PgA,The Govnor's Pub,Binghamton,New York,3.5,3,Restaurants
CfYZJ81nL6-6fFqS8OMR9Q,Tropical Nights Restaurant & Lounge,Manhattan,New York,3.5,12,Nightlife
ry5Rn8OOtue-n6QgtDWwPA,Cora's Breakfast & Lunch,Buffalo,New York,4,27,Restaurants
OJCJ2WMuLJADpYsE0Pi5Yg,Sen Sushi,Queens,New York,3,13,Sushi Bars
mbBhSRB_bpA0trAvCYzOuw,FV Foods,Brooklyn,New York,3.5,3,Food
9q8Zt5A28R897tsusHQy7b,Hilton New York/The Bronx Suites Conference Centre & Spa,The Bronx,New York,3.5,70,#N/A
SmYGe2qXVsP8zXjhwJkNBw,New Hot Pot Scarsdale,The Bronx,New York,3,16,Hot Pot
0NWSNT_zx4BsxyQg_nSWJA,Noah's Natural Foods,Manhattan,New York,2.5,13,Food
L-qzasguf_FmrQHSh6Uv6Q,1-888-Junk-Quick,Manhattan,New York,2.5,3,Junk Removal & Hauling
OpYcHzNmEcsQ8vvk-ojDPw,Chez Chose,B0st0n,Massachusetts,4.5,19,French
9m7WRxqOSac10k0h7UueRw,Nail Art,Manhattan,New York,3.5,7,Nail Salons
tJig4o4cZmcpZYOksI2wHQ,Casa Tapas,B0st0n,Massachusetts,4,10,Basque
MG3JU8taV6VXKZmedKiLBQ,East Side Library,Manhattan,New York,3,4,Libraries
ysBL09RtRB9YIcPSESQI1g,Bath & Body Works,Manhattan,New York,3.5,6,Beauty & Spas
YMJ7E1AcjDF5kN7hVkWd_w,Vargas,B0st0n,Massachusetts,3.5,54,Restaurants
UJevx59U-bi6fRADCSa7LQ,Luma,Manhattan,New York,3.5,176,Lounges
D7s7JzlwLvK7HJi_PTL5Dg,Bamburgh Eye Care,Newark,New Jersey,5,4,Health & Medical
F5_iJtwu4b2_JEryCczvDA,Starbucks,Manhattan,New York,4,19,Coffee & Tea
cBpQ24_CQxZq2F3GRp35zQ,Happy BBQ,The Bronx,New York,3,4,Restaurants
XsGR8iKN_iI5AT-XRHrJOg,The Inspired Cook,Manhattan,New York,2.5,3,Kitchen & Bath
M4IDswLnQ8YeVxzYdWv_Qw,Escudo Express,Westborough,Massachusetts,5,16,Portuguese
v3XDDvJT4bM4bhH6rv7g6g,Peter Parvez Custom Made Suit,Manhattan,New York,1.5,23,Men's Clothing
ITlS9G8Ly2rzgLXDitYwBw,Petros,B0st0n,Massachusetts,2,3,Restaurants
Q1jLolGK7XvP4QNn6Hl0_w,Willow Restaurant,Manhattan,New York,3,5,Tex-Mex
Y3RObcLjGW_pFpV5nuFeEg,Dynasi Restaurant,Utica,New York,3,8,Diners
58OIHWEqadNaPPhbqtXX2A,George's Tastee Bakery & Deli,The Bronx,New York,3.5,33,Delis
4LPF1T64uLpwL6z4_ITJgQ,Havana Coffee Bar,Manhattan,New York,4,5,Food
PECpU6MA-jnZj2Y0yXD0SQ,Sorauren Farmers' Market,Manhattan,New York,5,3,Food
Pw_nqAc2HPCVliKDH8KwgA,Trattoria Trestevere,B0st0n,Massachusetts,4,17,Italian
t9U1cZQAuPJTXT5Vom_tvg,7-24 Movies & More,Manhattan,New York,5,14,Videos & Video Game Rental
zsM_wf_K_d8OMlccArh16g,Looks Eyebrow Threading & Waxing,Manhattan,New York,4,39,Tattoo
mSbRhODRzl51Qu8Hv6zZew,Broastyy Fried Chicken,Manhattan,New York,1,3,Restaurants
zO2558leuUH9jeEs_8hfOQ,Sushi Nomi,Manhattan,New York,4.5,41,Restaurants
2xzSXn31MmhNzMy5dQBv5A,at&t,Brooklyn,New York,1,5,Electronics
CrsbO0pzNWliL8l0Vng6zw,Izu Sushi,B0st0n,Massachusetts,4,3,Restaurants
fEX4-PHpaAJqO2tBtMr9xg,Coffee Zone Limited,Manhattan,New York,4,8,Coffee & Tea
u0YqV9eoMDVdYxMegrSxqw,Pili Pili,Manhattan,New York,4.5,33,African
Pktuj7R2lsTymGj0nNL5fA,Ristorante Cavalli,B0st0n,Massachusetts,3.5,35,Restaurants
R2QKcOJOuh6FPSXQo1pXMg,Tattoo Lounge,B0st0n,Massachusetts,4,6,Tattoo
ubDizNbdn5-1fuww155bHw,Junction Guitars,Manhattan,New York,4.5,6,Musical Instrument Services
W2DMLGWP15TE6TXvA_Sl4Q,Kako Kabob,Niagara Falls,New York,3.5,10,Persian/Iranian
O97MykJOb9hSXHz9hnN3Ag,The Printing House,Manhattan,New York,3.5,3,Printing Services
39ILTkPsKLEEdxjyx3BdEw,Crown Pizza N Fried Chicken,Syracuse,New York,3,4,Restaurants
750E29lQdlg1mkN8RPIZbg,Electric Matter,Manhattan,New York,4.5,23,Home Services
jiVbuskwGD1uu46eAha0pQ,Pioneers Pizza,Newark,New Jersey,4,20,Restaurants
6soO5TcIigL6DI44iSo3YA,Integrative Health Institute,Manhattan,New York,4.5,7,Health & Medical
igl3i6PQam1zpL-gSxoqTg,lululemon athletica Square One,Buffalo,New York,4,5,Shopping
V4OMjQj1ZNWhRaKfPGLI8g,Ben & Florentine,B0st0n,Massachusetts,2.5,43,Restaurants
SZpzsAqi8P5rg3nLBDw6rw,Salvation Army,Manhattan,New York,3,4,Thrift Stores
6DoaCYNBhdm_yIb0ekCSXQ,Alumnae Theatre,Manhattan,New York,4.5,3,Cinema
D1MI5G3jUw5CYEOleIPnMA,Gravity SoundBar,Manhattan,New York,1.5,18,Nightlife
wJ9c2DbpuXF75wOvYzEpcg,Tornade Academie De Coiffure,B0st0n,Massachusetts,3.5,5,Beauty & Spas
LhJ029cKY11BuL6q1p-wQw,Ciné Express,B0st0n,Massachusetts,1.5,6,Cafes
H0Zq06uQqHI3we2I_3wNxA,Sweet Lee's Rustic Bakery,B0st0n,Massachusetts,4.5,5,Bakeries
9vJOUVvCk7qqAqO87jMM9A,Wind Mobile,Manhattan,New York,3,15,Mobile Phones
VhJ0uenGgU1hIOJT2BnARw,Pine Farms Orchard,Albany,New York,3,8,Breakfast & Brunch
_lvemw_me1OfSgMLT4VLCg,Ongles Maria,Boston,Massachusetts,3,4,Beauty & Spas
98ON7V_LTmkgcp5KnRS4-w,TouchofTaz,Niagara Falls,New York,3.5,4,Hair Removal
h51mRPqkuFVk8YN2nY4Img,Satay Sate,Manhattan,New York,4,57,Restaurants
13ngZbrJVhnngzhc-MlXYg,China Gourmet Takeout,Brooklyn,New York,3,19,Restaurants
_SuPPi-txNSwbWlu8IQkuQ,The Burger's Priest,Ithaca,New York,3.5,121,Burgers
LWQN937T9S6tWcfqR94h_A,Chez Benny Express,Fall River,Massachusetts,3.5,5,Kosher
Pw06ajii6di7QHYpj6IgkQ,Mucho Burrito,Peekskill,New York,3,4,Mexican
cvq9pn9arF1K8KQJ8IkfzQ,Rikkochez,Manhattan,New York,5,3,Middle Eastern
_wzeJKSvt6_sas3BPUHBjw,McDonalds,Manhattan,New York,1.5,10,Burgers
0V1cInGtsWicRkgoNx7imQ,Starfish Oyster Bed and Grill,Manhattan,New York,3.5,65,Seafood
85xjiVqkts0CP1vTRqyjdw,Petsmart Dixie & Dundas,Buffalo,New York,4,3,Pet Stores
Dv0OHpQSL4hOGl2KAEVvlA,Hard Rock Cafe,Manhattan,New York,3,176,Nightlife
XQIvu3SJo__GY_biY2gxcg,Greendale Drugs,Manhattan,New York,4,3,Health & Medical
MK3_oshdcLQW9cWaSByyLw,Acme Lock & Key,Newark,New Jersey,4.5,3,Home Services
aj5YAswxKlp8C-NK9mSgtQ,Bistro Imagination,B0st0n,Massachusetts,3,5,Cafes
KeMWYkhffG0LCmjrzSJM5w,Boulangerie Première Moisson,B0st0n,Massachusetts,4,7,Food
gg8QCN3mUDmYR2oNw5Puww,The Vanity Co-Op,Manhattan,New York,5,14,Beauty & Spas
C1aF-DDRYmbC65omE1joxQ,YogaBe,Manhattan,New York,3.5,7,Pilates
1WbJ3UNL_RglhTkE2h77UQ,National Mattress Outlet,Buffalo,New York,4,6,Shopping
QIcpxxdoclsf58uNL1zg4A,F+F Pizza,B0st0n,Massachusetts,3.5,9,Restaurants
HSubzsfrN1v7cKyMPhGGsg,Longboard Haven,Manhattan,New York,5,6,Shopping
DceZd7XnNtpY0xGc2mXI2g,Dunk'n Dip,Buffalo,New York,2.5,5,Ice Cream & Frozen Yogurt
XUd04lS8I5KXQgn7Od0qEw,Taco Bell,Buffalo,New York,2.5,10,Mexican
QC1Ctt5CzXNgENy6bKjgBg,Qianhe Golden Wheat Cake Room,Manhattan,New York,4,4,Food
YWzs0d2xNtmjnWhnr32QqQ,Sekai Nail & Beauty Bar,Manhattan,New York,4.5,4,Beauty & Spas
5QMI_7-Zh-cwVkY68YGfIA,St. Clair Medical Centre,Manhattan,New York,2,4,Health & Medical
oVvj__-IIBZ0lDH92Mwp5g,Party City,Buffalo,New York,3.5,4,Shopping
XTc_HX2KbKzkKrRklZUDiA,Thai One On,Manhattan,New York,2,30,Restaurants
Q9ZGOt9Tx_oQnPs48e8uXQ,Rapido Espresso Bar,B0st0n,Massachusetts,4,7,Food
6HTqJSuWOBV6CSE5W8X7aw,Bywoods,Manhattan,New York,3.5,6,Restaurants
tag5pRSKC41lIzhGpErMfA,Yoga Tree,Ithaca,New York,3.5,10,Fitness & Instruction
le1qCRgM-wtKvfeKClbnHQ,Tokyo Sushi,Manhattan,New York,3,10,Sushi Bars
pIQUkWTjPFoHeOjJG81nCg,Lilliput Hats,Manhattan,New York,4.5,7,Fashion
Ly48L1qSRdLpCSWcs_DWIw,Phoenix Restaurant,The Bronx,New York,3,108,Chinese
dOHyn5WK2XNzJOJ0UwzLQQ,Elite Experience: SNOWDEN,Manhattan,New York,5,15,Yelp Events
Mx6eSGS-1XNRgG9vAF6QcQ,Restaurant Le Jolifou,B0st0n,Massachusetts,3,3,Restaurants
OCnxN6lO64Gr3wYAHA12tQ,Congee Dynasty,Buffalo,New York,3,43,Chinese
TVOnKMFNOvIC9oqa2q7M4Q,Prayosha,The Bronx,New York,2,10,Beauty & Spas
aQXzyObFK-Frx1fM_hLhew,Kumo Japanese Restaurant,Manhattan,New York,4,92,Japanese
JYxQqBLH3La0lj9ip83M-g,Eliot's Bookshop,Manhattan,New York,4,24,Bookstores
9qcuLH2jjANhXiKHs9oTsw,Sam James Coffee Bar,Manhattan,New York,4,13,Food
utxyKs_GwAb7iUIXMu-Xlg,Bike Share New York,Manhattan,New York,4,5,Bike Rentals
ozEOZdrpZQSePYeSgZhPIA,Smoke Signals Bar-B-Q,Manhattan,New York,4,30,Barbeque
F4UlA5qd7cygK-rFPaLEVA,Discount Car and Truck Rentals,Manhattan,New York,1,6,Hotels & Travel
Iv_jVUFs87K8rvHCynYtQQ,New York Hyundai,Manhattan,New York,3,4,Car Dealers
fTz6EQVya08b5ZzrYLsX-A,The Best of Chinese Medicine,Manhattan,New York,4,9,Naturopathic/Holistic
P7ZzfO3zOmF5y82RBiJHmg,China Cottage,Newark,New Jersey,3.5,71,Indian
NKjw_6ws0UJ89EhhntofuA,Motel 6,Buffalo,New York,3,4,Hotels
4sW9jFcmnXwgwFDbxMhekQ,Topper's Pizza,Utica,New York,2,4,Restaurants
mhYqhFq1W2YF02up_fL_wA,Aroma Espresso Bar,Manhattan,New York,3.5,62,Sandwiches
0ZObJw0JswaYm9SV_nAt7w,The Home Basics,The Bronx,New York,2,4,Shopping
SD7vTf-H00J8BS3L-kt7jg,Grinder,B0st0n,Massachusetts,3.5,75,Seafood
ehJxftNdFbdPprT2ynMhjw,Urban Planet,Manhattan,New York,2,6,Shopping
1sYaUCryETlbl-Y-2hmedw,MR Azteca,B0st0n,Massachusetts,4,19,Mexican
sPpx47MFyQKXqnpxYsbaVA,Chocolaterie Du Vieux-Winchester (La),Winchester,Massachusetts,4.5,4,Food
l2s4DSeQkzkzsmygKAOxQA,The Lion Pub & Restaurant,Levittown,New York,2.5,6,British
KUqInLEY1y7SkyZyDoGn0Q,Paradise Fine Chinese Dining,Manhattan,New York,3,64,Chinese
dNdKrKp7H1xtOxkONkXjkg,Hakka No 1 Restaurant,Newark,New Jersey,4,6,Restaurants
PToT_0YpSXNxQ2PqIsrRdQ,Niagara Falls Off Leash Dog Area,Niagara Falls,New York,4.5,9,Parks
sKaZD5imib8f3spat9j__g,Ladan Pastry and Nuts,The Bronx,New York,2.5,3,Bakeries
EHQ8rPPYTBE6EJhh7iMpjw,Thai Indeed,Manhattan,New York,4,21,Thai
mLI9Jf7byDnT6WDXsnlW5Q,Baskin-Robbins Ice Cream,Newark,New Jersey,4.5,3,Ice Cream & Frozen Yogurt
_cEibqYBo2V75DJgFZ2d9w,Cinemark Theatres,Utica,New York,3.5,4,Arts & Entertainment
JSPE97kdbvywGmOIZSUHNg,Le Bath Room,B0st0n,Massachusetts,4,6,Health & Medical
VKQhuFBxAMFOvcSG6RuCEA,Thompson New York,Manhattan,New York,3.5,97,Hotels & Travel
ib0RoGGWpz_QXgBy2Y5cQg,John 2.0,B0st0n,Massachusetts,2,4,Canadian (New)
sJHf_8i4iky2yU4-PS1ksQ,Scarsdale's Tacos,Manhattan,New York,4,62,Restaurants
tRSUE3l8T2ptsj4LMk8Ysw,India 360,Manhattan,New York,3,14,Indian
M3ueL1pdvfmxC0dKbsF47A,Restaurant Icône,Boston,Massachusetts,4.5,5,Restaurants
zpw5S3QwUse1MH-Eerbnaw,Le Boucan,B0st0n,Massachusetts,3.5,79,Barbeque
Rq9sShky3e9itcncUfqD0A,Food Studio Cafe,Manhattan,New York,2.5,3,Restaurants
6SAfQKe2oM5g_EtcYXyAMg,Ajisen Ramen,Manhattan,New York,3.5,114,Japanese
geEx_ZehFUkfMYQAs9dVPg,Presse Café,Pembroke,Massachusetts,3.5,3,Coffee & Tea
m3-DedfwGqtZPz800yY0jg,Buddha Bowls,Buffalo,New York,4,9,Vegan
Owc-V7itrBW93o_WW7FAiA,Busch Movers,The Bronx,New York,4,15,Movers
K2CdjES-IZDDEgetOnf0Vw,One2 Snacks,Manhattan,New York,4.5,122,Asian Fusion
2yi6QBxLDgfqrg1Jr4Syzw,Aishwarya Garden,Binghamton,New York,5,3,Indian
6auJK39JkGdqRTYJh8yxVg,Pizza Spanos,Framingham,Massachusetts,3.5,3,Pizza
klz_2Jp3DMfw0lTDePtk5g,Pilote,B0st0n,Massachusetts,5,3,Seafood
xu459t5SvTuXwxzqp3fiqg,Taste of T & T,Huntington,New York,4.5,8,Restaurants
6gwuM3hx_QguHcnOpccxwg,Cafe Bistro Van Houtte,B0st0n,Massachusetts,3.5,3,Coffee & Tea
5pX4aF-TyIjzXXx1S1uXwg,Kiva's Restaurant & Bakery,Brooklyn,New York,3.5,29,Restaurants
yLLiYvu1gT7JBIg-YSow1w,Teavana,Manhattan,New York,4,5,Food
CEw4oD41d-B8GIHJAGLKyw,Wimpy's Diner,Binghamton,New York,3.5,10,Restaurants
1UV-aVwRPCGgg5R-HAS6vA,Sushi Ocean,Manhattan,New York,3,20,Japanese
RZv0iTHrFbw87sZg_45WHQ,Sushi Cafe,Manhattan,New York,4.5,16,Sushi Bars
nm_tRZHS5_hhUXGj8wI-fw,Beauty Bar Hair and Esthetics,Lake George,New York,4,5,Day Spas
_xAbfp_lpNuoEOhswrK75g,La Prep,Brooklyn,New York,3,9,Sandwiches
UkWme3kwg6L9rd4tCNB15w,Moji Japanese Eatery,The Bronx,New York,3.5,233,Ramen
nQ1Cd7zLIY-jWfx2LpKYVw,Mount Royal Bagel Bakery,Norwood,Massachusetts,2.5,3,Bagels
Whzg5Koaz9yJ6mwIl7QkqQ,Wok N' Roll Restaurant,B0st0n,Massachusetts,3.5,18,Vietnamese
TdUPh5LMSaGTSUen9XydKw,Jenny's Hair Design,Manhattan,New York,5,6,Hair Salons
oh4GDLJZtNMYRlKJak10AA,Consiglio's Kitchenware & Gift,Manhattan,New York,4,4,Shopping
IfUkm42SB9D0m_ZbkQ711A,The Fish Store & Sandwiches,Manhattan,New York,4,134,Seafood
tNuqBefVBzaRom_7qZ_QwQ,Master Nails,Lake George,New York,3,6,Nail Salons
3rTr1LTMj6MIExjCVaiWKw,Winners,Manhattan,New York,3.5,41,Men's Clothing
rCNRO2P6yFCNeaH6GsCjQw,The Miller Lash House,Manhattan,New York,3,5,Venues & Event Spaces
5-Gs-cUI_8-3Ykl9KbCLsw,Splendid Nails,Manhattan,New York,3,8,Nail Salons
RD0x3nEl4ZoeLS3xt1bLaQ,Key Man Engravables,Manhattan,New York,2,5,Flowers & Gifts
3HwLDQhV8nS4mgWFtRMA5A,Striker,Manhattan,New York,2.5,7,Bars
soKqQLWJz9RnHKQ0OF910g,The Bristol Yard,Manhattan,New York,3.5,32,Restaurants
VDP_gyjq1PN4ggzDP5veqQ,Velvet Paws Grooming Salon & Pet Supplies,East Rochester,New York,3.5,3,Pet Services
LMbZSEZms_90nfP4f9qBvw,Copper Branch,Syracuse,New York,5,14,Vegetarian
vSDnolQA4rYI4QFqaMZa-A,Sapporo Sushi,Manhattan,New York,3,21,Restaurants
xJ_L2sJN1zk3VDpZELrV_Q,Eggspectation,B0st0n,Massachusetts,4,70,Cafes
Taxj2EADvvyqEI0DVi-LiA,Irresistible Cakes,Oneonta,New York,4,4,Food
gChKuDVFsc7tjuj9iCTzYQ,Campanelli,B0st0n,Massachusetts,4,17,Restaurants
_p1EJR2Z0TNTrVpvoaLNCA,Target Pro Archery,The Bronx,New York,4.5,8,Archery
JTgQAlYmWbw5enM0aeOx5A,Patisserie De Gascogne,Fall River,Massachusetts,3,12,Specialty Food
mbjwOZbWWmkcxqtbHnObNw,Tea Dot Coffee,Manhattan,New York,4,5,Food
fARrAlI7PR9EXDsJOUhjSQ,Curl Bar Beauty Salon,Manhattan,New York,4,9,Hair Salons
t_cS7xDA1OJ_0K04mjrW5Q,Lemor On Queen,Manhattan,New York,3.5,5,Shopping
Y1y6gmddorR5qTu1u5nGGg,Caldense Bakery & Pastries,Manhattan,New York,3,13,Bakeries
bghaKcuM3a3pnUWzq4NEbw,Silver Star Chinese Food,Syracuse,New York,3,3,Chinese
d9uahbi1_mGyMbiPOPGMmg,Popeyes Louisiana Kitchen,Niagara Falls,New York,3,10,Fast Food
cjVtm5eNPnc0RKj5UE_6lA,Play Pizzeria & Pub,Cortland,New York,4,10,Pubs
G-cbWSrIddcCFUZqRdKvCA,The Corner Place,Manhattan,New York,3.5,72,American (New)
wd1R5U1yO9e1P3FKsEoK3A,Hollywood Nails & Waxing,Brooklyn,New York,2,10,Nail Salons
CjCn8HyuOxFC-kOnYxtxag,Roots - Orfus,Manhattan,New York,3,6,Women's Clothing
2-3DWmHj9hHPUAaxaNG7Dw,Parkdale Guardian Drugs,Manhattan,New York,3.5,5,Drugstores
kFCi8RAzDwVBlwlF5E3z6Q,Cabbagetown Kitchen,Manhattan,New York,2,4,Restaurants
kZVFHKfAEXgysJdyOkJ3EA,Tung Tung Company Ltd,Manhattan,New York,4,4,Restaurants
ACenfAX2ovekRMV68qEyfA,G.K. Fifties Diner,Utica,New York,3,4,Diners
bJm67R1YQUNius2OjEQ5rA,McDonald's,Manhattan,New York,2.5,12,Restaurants
SnRJ97wHYu9An11uzXhIeQ,Lunch Box,Manhattan,New York,3,36,Restaurants
gtfLQysuCBEAQk3wwWxwTg,Viva Napoli,Manhattan,New York,3.5,60,Pizza
wj691S7UY0jZ1K_IORrkZA,Starbucks,B0st0n,Massachusetts,3,9,Food
nu-DHeDtxnOW5vYj93dGPQ,The Lakeview,Manhattan,New York,3.5,338,Canadian (New)
TFviJidL9AizfFl1qcqBGg,Steve's Restaurant North,Ithaca,New York,3.5,39,Breakfast & Brunch
EZ5BQH6kWnq6W3R14scP3w,Parivartan Yoga,Buffalo,New York,4,5,Yoga
oehhO64RcYeo3LCPZkGEig,KFC,Manhattan,New York,2.5,9,Comfort Food
CXTpcYYqaJ7Dc_Eb9-StmQ,Mckoy's Caribbean Fusion,Buffalo,New York,4,6,Restaurants
2NDuJhdBPAz-ovtHB8Z86A,Halo Brewery,Manhattan,New York,4,15,Bars
Uq4S_qtPsC4c46FP5G3e1Q,Fong On Foods,Manhattan,New York,3,6,Ethnic Food
fnX5U5FsCqRsL6Aw5M5RCg,Pinq Taco,B0st0n,Massachusetts,3.5,3,Dance Clubs
ZVSGswtLoZLAH9gzRAGf7A,Handy,Manhattan,New York,3,86,Home Cleaning
sQtuhDHk4RhA2lJwOxY8hQ,Sushi Shop,Haverhill,Massachusetts,2,3,Restaurants
bJGcWczTq-NgTix0q26b5g,Henry's - Buffalo - Hurontario,Buffalo,New York,3,8,Photography Stores & Services
MbDMS-I2eHoEWR5XMZ9YxQ,Maneki Comptoir Asiat',B0st0n,Massachusetts,4,5,Restaurants
PP0ouq8yoCCwAL15GUeEfA,Gartech Garage Door Services,Buffalo,New York,5,3,Contractors
srrPo0aEa8AI8JkuRCBPHA,Le Chateau Outlet,Brooklyn,New York,3.5,5,Accessories
XswvNqf-HjLmTtz3kOVsrQ,Bubbles and Squeak Cleaning Service,Poughkeepsie,New York,1.5,3,Home Cleaning
6c0lS8VP4EXyMefnJgvphg,Rowe Farms,Manhattan,New York,3.5,7,Specialty Food
fFVvaD0xwXdhMlDEx8lOsw,The Bagel Stop,Manhattan,New York,2,5,Bagels
yJfJfRXb_iqwW10E8sBJag,Vie&Nam,B0st0n,Massachusetts,4,4,Vietnamese
4hVf6ibiab7tfJeG5zzJbA,The eZone,Manhattan,New York,3.5,22,Recreation Centers
JTcsBnLgSh5vNVLD734g4w,Supercoffee,Manhattan,New York,4.5,34,Coffee & Tea
RwRNR4z3kY-4OsFqigY5sw,Uncle Tetsu's Japanese Cheesecake,Manhattan,New York,3.5,806,Desserts
4kxWSeZmvaQEgQ9GOr_QvQ,Dunkin',Manhattan,New York,4,5,Food
7LlaH9Tw9H4sYv5kEii_Nw,Hamish's Kitchen Restaurant,Newark,New Jersey,4,11,Seafood
g3yel1Qh2vnI16oYoEXPfA,Barabouf,Winchester,Massachusetts,4,5,French
KmhabrJXLRp0VfHZjt5NhA,Khan Scope Centre,Brooklyn,New York,1,3,Local Services
lRsI89R982Dh5mxPIx3Dqw,Tender Loving Clean,Manhattan,New York,4.5,6,Office Cleaning
EdY9q_JZPRzzxn4Fh0YLBA,Boom Breakfast & Co,Ithaca,New York,3.5,23,Food
bVNWtXSNP4Sm-pXHv9TNww,Equinox Fitness,Brooklyn,New York,3.5,18,Gyms
IWpmLVE6H0584m3RYQ3WfA,MyDelish,Buffalo,New York,1,3,Specialty Food
XFdplSpbYJ19Zq61sjf4Yw,Café Nutrimania,B0st0n,Massachusetts,3.5,15,Juice Bars & Smoothies
MAomqpzFEJWSB2bOFA-IlA,Club Athlétique Mansfield,B0st0n,Massachusetts,3,13,Active Life
YkToj4lxtC3lpqQ9wT27lg,Nails For You,Buffalo,New York,3,3,Beauty & Spas
nuJRo0NjNZc1ZAvyZRVSCw,Salsatheque,B0st0n,Massachusetts,3,4,Nightlife
hYBW919Yvz9jBeg4Frap8Q,Eglinton Greenhouse and Florist,Manhattan,New York,3.5,3,Flowers & Gifts
u8xmRFdSU2GAB4yHstCYaQ,Body & Spine Chiropractic,Manhattan,New York,5,3,Acupuncture
AML1zr5Y4R_PjhqAN34quw,Bebo's Authentic Grill,Manhattan,New York,4.5,3,Restaurants
Dnilc1PPGd-NJo1jRWRXLQ,Wah Fung BBQ Restaurant,Buffalo,New York,4,4,Restaurants
V7Mq8nnbVybdjjlNba-JCg,Shawarma Express,Manhattan,New York,3.5,3,Middle Eastern
_bFa74TrJyBr94DUYVITxA,Tian Yuan Station,Manhattan,New York,2.5,17,Food
MSom80E3NvcmzaGBJ5XBfg,Daiter's Creamery & Appetizers,Brooklyn,New York,3,4,Grocery
zVN7X8mIa24HDjF2NPlL4g,Leão D'ouro Restaurant Bar,Buffalo,New York,4,15,Portuguese
ovAJdp9HqxVcNR14GXYmuw,Tara Tarot,Manhattan,New York,5,3,Psychics & Astrologers
QSRL-F23Rw9gGrsKx0zwHw,High Park Pool,Manhattan,New York,3,5,Swimming Pools
_CjI0sNdXxrLN7ZgqfwSoA,Oink Oink,Fitchburg,Massachusetts,5,3,Shopping
3HFnf7kEzDXN0VFmEqqWFw,Croissant Express Bakery,Utica,New York,4,21,Food
yCHCeeoJPwUIjPiBo0cY2A,Scarsdales Garden Chinese Food,Binghamton,New York,2.5,3,Restaurants
6nvaj9BI3i2kBmN1IkwyTw,Wing Phat,Wellesley,Massachusetts,4,20,Food
91sdZ0d-5RMXNcBYB3uU0g,Papa Giuseppe's,Buffalo,New York,4,69,Restaurants
0u4A5rNkLToKc5IuhzPzXw,Starbucks,Buffalo,New York,3,8,Food
hQtGXpMq4gyRWH4s2iNpUQ,Odin,Manhattan,New York,4,52,Cafes
T9WKaiupi6f-ECm6RAtPww,Beira Mar,New Bedford,Massachusetts,4,4,Portuguese
vX_ZIniKWjFUyVR0narRfg,Tutti Panini,Niagara Falls,New York,3.5,12,Sandwiches
q7MorRPzU_J-iekeDKUKgw,Reposado Bar & Lounge,Manhattan,New York,4,111,Arts & Entertainment
T4vEsq2ADa0guiWjIAYGpQ,Puck'N Wings,Queens,New York,1.5,3,Chicken Wings
QHno6MF_CgSnJBY5Ig-Cug,LF Optical,Manhattan,New York,3.5,4,Shopping
x6PA-2j7LpZAYFo2VojmQQ,Little Fin,Manhattan,New York,3.5,147,Seafood
BjMBvmG7gIk39nbeSOgt2A,The Designer Cookie Boutique & Bakeshop,Manhattan,New York,3.5,9,Bakeries
Tv4lTGlPO3BMXXdRqZYXOw,The Home Depot Gas+,Brooklyn,New York,3,6,Department Stores
OJUTch0E4ZLtN8hQH2oFYg,Archibald Microbrasserie,Waltham,Massachusetts,3.5,33,Brasseries
rVupX09AQhEg7Q_XnV1jYg,Citro Italian Restaurant,Niagara Falls,New York,4,42,Restaurants
leMIHa6TogufHv5HNYjnfw,Ravi Soups,Manhattan,New York,4,67,Restaurants
O6y47a9UtySaWg3QMx41iQ,Kam Shing Chinese Restaurant,B0st0n,Massachusetts,3,9,Restaurants
x2hx5eVl0xcqS8RPE9E1aw,WestJet,Manhattan,New York,2,8,Hotels & Travel
nxSpMZzmciUzG6KXzC7-bA,Kaze Japanese Cuisine,Niagara Falls,New York,3,26,Restaurants
AXOvlcEKQKtttJBklX74xA,Best Z,Manhattan,New York,2,3,Restaurants
LoZ4hQkhzzl0csNXM5okvw,Sam James Coffee Bar,Manhattan,New York,3.5,5,Coffee & Tea
llSGlDVPTjW-6zLH58tVQQ,Dunkin',Salem,Massachusetts,4,5,Restaurants
bCzqTllyOJoH3S7e_AHJNw,The Moose And Barrel Pub & Restaurant,Manhattan,New York,2.5,12,Pubs
ZaKZwshSRe0SHxt3RYA42g,Orchalaw Farm,Binghamton,New York,3.5,3,Specialty Food
f5dGAJ34lGfVW0cvYP6n3g,Spa Doggy Style,B0st0n,Massachusetts,3.5,4,Pet Boarding/Pet Sitting
0Q3r5GporLhrGoM77hZG_A,Ron White-the Foot Shoppe,Brooklyn,New York,2,3,Fashion
3hD4PFmWWsZugHbYYvCGow,Trinity Community Recreation Centre,Manhattan,New York,3.5,7,Leisure Centers
HsM-qshnMt7N_H5Lbl-xow,Michael-Angelo's Market Place,Buffalo,New York,4,10,Specialty Food
XGteHUmQZNLDKqnZkVBqZQ,Veggie Paradise,Buffalo,New York,4.5,5,Vegan
co5hjIlfifQ8fptHCHO9RA,Popeyes Louisiana Kitchen,Manhattan,New York,2.5,7,Chicken Wings
yrht0hVZod0ypvB4UY_Q2w,Hotdogeria Restaurant,B0st0n,Massachusetts,2.5,4,Restaurants
6xowh_GdOsRrz9QWN6nMxA,Uncle Tetsu's Angel Cafe,Manhattan,New York,3.5,106,Restaurants
exC8Y8J0zst4aVLPT0IAqA,The Twisted Oak Public House,Niagara Falls,New York,1.5,3,Restaurants
cFogelRU-QvGRDDLSXp74Q,Brother's Discount Mart,Manhattan,New York,1.5,3,Discount Store
9z1T2lgmirOxrTpFh9ellw,Heynoodles,Newark,New Jersey,3.5,15,Restaurants
zB-WblCy0Hl1ZcGajX_96A,Ziliotto Design,Manhattan,New York,4,3,Fashion
aJ5Wki-RmbK381OnKvHrnQ,Luna Cafe,Manhattan,New York,4,72,Restaurants
Woh32ag8gYSvDECB8-rItQ,Jersey Boyz,Poughkeepsie,New York,4,7,Pizza
qEMU70ZU8qMB8i04AVUQBg,Chateau Royal Reception,New Bedford,Massachusetts,3.5,3,Event Planning & Services
7HN_DGWi4E76cP7aR-YbPw,The Roastery Coffee,Manhattan,New York,3,20,Salad
G7LYpILnHveyvbg3sJePPw,L'Entrepôt Norwood,B0st0n,Massachusetts,3.5,93,Restaurants
nGCKQlzat6nEKTImlpg_hg,Joy Fortune Chinese Cuisine,Manhattan,New York,3,14,Restaurants
A_8fGXpCFUYODbyu7DihjQ,Laptop Specialist,Manhattan,New York,5,6,IT Services & Computer Repair
V1FSee0pZ-yReDQ28SAO3g,White Lily Diner,Manhattan,New York,4.5,43,Breakfast & Brunch
O3njN4whACQZqPDrgRgdjw,Érablière à la Feuille d'Érable,Pepperell,Massachusetts,3,4,Canadian (New)
5xTW_2SyN-zKe99P10gI_g,Rôtisserie St. Hubert Express,B0st0n,Massachusetts,3,3,Restaurants
HcZKGEQFOYUJKbVHyF-tQg,Chez Goutier,B0st0n,Massachusetts,2.5,3,Restaurants
GNEjlH_KssnJVRtqV4hAiw,Ethiopiques,Manhattan,New York,3.5,89,Restaurants
XZgneCQjndUejKsfPQyhaQ,Highland Farms,Buffalo,New York,4,18,Food
KX3trXmTFXP1kpwtRsi0Jw,Duca Financial Services Credit Union,Manhattan,New York,2.5,3,Mortgage Brokers
7FPX1BWoJZ1pVwZ1Cc1_6Q,Soupe @ Nouilles,Arlington,Massachusetts,2.5,3,Restaurants
dQojkooHaWvyCor5qcAS6Q,PeScarsdale Duck Kitchen,Manhattan,New York,3.5,11,Chinese
zE_GyEbQ72y31YgKFHS8uQ,Cycle Pop,B0st0n,Massachusetts,3.5,3,Local Services
2waG0KOPn7emZVzfl3A3lA,Le P'tit Atelier,B0st0n,Massachusetts,4.5,6,Food
sdyiA1cGTqj-Ga91QZR4aw,Father's Moustache Grill & Bar,Cortland,New York,4,4,Bars
2s6AF8AR5H0BlJlyYTCG3A,A Yiddishe Mame,Ithaca,New York,3.5,7,Kosher
l8SNag-Ii0YUeSGHkA3Vhw,Ferro Bar & Cafe,Manhattan,New York,3.5,69,Restaurants
A7f8lp2v3PK2sH2JHzX9YA,Un Autre Restaurant,B0st0n,Massachusetts,5,13,Pizza
TERNBX3fY1-oWsNfjjawsw,Grand Fortune Food Mart,The Bronx,New York,2,10,Grocery
5k3tdbwAvlruVMr2QX4J9w,MAC Cosmetics,Buffalo,New York,2.5,3,Makeup Artists
ZUf-zw_tS6uhoRy3UBXv5g,Wine Rack,Manhattan,New York,3.5,3,Beer
oMpNUVupQBlKaYx2HFK1OQ,The Boot Social Pizzeria,Utica,New York,3.5,7,Japanese
JBvQaQpPv-4uvs9oG9vs7Q,Quality Bread Bakery,Newark,New Jersey,4.5,5,Food
W_Vjo9qq2gjZzbSVRD88mQ,Zellers,Poughkeepsie,New York,3,6,Fashion
aWndhjjBzYgk5OOYflbK4A,Station Pizza Parlour & Spaghetti House,The Bronx,New York,4,15,Pizza
UQGlJouZEOhcrTnL7A3cHg,El Fishawy,Buffalo,New York,3.5,16,Middle Eastern
Nm7puiFh38hZbPGSdXbGgw,Restaurant Miracle,B0st0n,Massachusetts,3.5,4,French
1qjSNj4X2xGrk_SprXbjdA,Beaches Pet Grooming Spa,Manhattan,New York,4,4,Pet Services
tQI-ffarZ5zgbifwpXYs_Q,Phayathai,B0st0n,Massachusetts,3.5,31,Thai
gjiAHOjw2hQPMkFiHlFVvg,Hei Xiao Mian,Manhattan,New York,3.5,3,Chinese
7wFdubzWH4ig08AcoibXeA,Delicious Seafood & Steak,The Bronx,New York,3.5,5,Cafes
HeguZ8QHnYLk3rH6U72cJQ,Subway,Huntington,New York,2.5,3,Restaurants
UeNOcfqZiFkQxEH0BkKpBw,Syllogy Incorporated,Manhattan,New York,5,4,Art Galleries
q5iLIKG4Rf8wOTIw6K1n4g,Midtown Restaurant,Manhattan,New York,4,6,Restaurants
IGcg8vAGcQ0stTBI0qs3Mw,Orchid Garden Deli & Grill,Newark,New Jersey,3.5,11,Restaurants
8nFp0kbsJJXMIaWx1lO2gw,Toppings,Niagara Falls,New York,3.5,19,Chicken Wings
JK4oyc_mA0ACbZUO9fdeHA,CVS Pharmacy,Binghamton,New York,3.5,3,Shopping
6uORuTgTKIUvfA34WoGgWw,Trapped!,Manhattan,New York,4.5,52,Active Life
B5wi-qHvWEprkPn8PAsBGw,Nespresso Boutique,Manhattan,New York,3,4,Coffee & Tea
q_TUankOApFUPDNQIDmI9w,Indian Rice Factory Chai Bar,Manhattan,New York,3,6,Restaurants
1FH0-rrgqziDLAw0pZD3QQ,Dunkin',Manhattan,New York,2.5,7,Coffee & Tea
nYm1RyJVbQOYHWhePzmmdw,Pull'd,Manhattan,New York,2.5,3,Food Stands
_a4hH59CVCDgMc2MwMtEHg,Jacobs Eatery,Queens,New York,2,5,American (Traditional)
8aeJ9sx4cfpUgOp3g8eeyQ,Tail Blazers,Manhattan,New York,5,10,Pets
KbtUNrTfQqGlCFVnpk2JAg,Extreme Pita,The Bronx,New York,3,4,Sandwiches
7zuWSun5F8Jv2N_IFD_ERg,Grappa Ristorante,Manhattan,New York,3.5,10,Italian
B_0VW7Pw26YiQyDRuutIGQ,Le Chat Noir,B0st0n,Massachusetts,3,25,French
J4IYvRMvGK0M7u2tD0zIkQ,Refuel Juicery,Manhattan,New York,4.5,5,Vegan
5Jssz8BoVhYvmwOhqlOQ0g,Queue de Castor,B0st0n,Massachusetts,3.5,15,Food
7bu2uAAFUxKnAaZr0vTvlg,Adelaide Street Pub,Manhattan,New York,3,23,Gastropubs
Zuwzb89m5JfOGyPgknSbCQ,Cafe Cinquecento,Manhattan,New York,3,10,Restaurants
4MU88s7YswXGq6KcX1W-Iw,Loblaws,Manhattan,New York,3,33,Grocery
DSKIdpJY_XCL_QMp1bpIrg,Local 4 Restaurant,Manhattan,New York,3,25,Restaurants
Jr2qi4Nq3xrfNTa_jTVtYg,Shala-Mar Restaurant,Manhattan,New York,3,8,Restaurants
hge6TQIwfwK3Xbq17GTO7w,Mister Alterations,Manhattan,New York,3,4,Sewing & Alterations
NI_gxotQ6KbjwrX80CuTkw,Tire Butler,Manhattan,New York,5,4,Auto Repair
pocBTQs_U0LGFs7FBGUj8g,Monaghans Sports Pub & Grill,Utica,New York,2.5,23,Beer
zYh_8ieZffLp2qg15AELrQ,New York Public Library - Northern District Branch,Manhattan,New York,3.5,9,Libraries
L_thK7r3K_h5M4tV7amEKQ,Honey B Hives Restaurant,Manhattan,New York,3.5,134,Diners
aRnRNzaPcN569Ivta1Vspg,KFC,Manhattan,New York,3.5,6,Barbeque
bUO8dz-qFbjglu2dF_6-zw,New York BJJ,Manhattan,New York,4,10,Fitness & Instruction
G1NckihorsLxGV0PISHWnw,Fuzz Wax Bar,Manhattan,New York,3.5,59,Waxing
hDZJlt9R7FvfCy4AZvP-JA,Dufflet Pastries,Manhattan,New York,3.5,26,Bakeries
pP36B7aQh39jwBzHBs40ww,Danny's Fish & Chips,The Bronx,New York,3.5,38,Restaurants
69AeGeU_H1oL3x1x3Q9ZBQ,Square Library,Manhattan,New York,2.5,3,Public Services & Government
icKO6xW9_9Wq71eE1wAsHg,Le 63 Boutique,B0st0n,Massachusetts,4.5,3,Used
297IsfhbVDVFsYtQ8ICQJQ,South St. Burger Co.,East Rochester,New York,3,19,Burgers
j3HeYiyxIAwH2LQM8BE9dQ,Dairy Queen,East Rochester,New York,3,15,Restaurants
S4qTvUJUgL2tIrPV8CYqLQ,Asap City In & Out,Manhattan,New York,5,3,Salad
dN4B-jXkOmQ8mKYIUSjPWQ,The Fake Store,B0st0n,Massachusetts,4.5,7,Men's Clothing
rxeAG8aJxjKBDIIsZV5dcg,KFC,Lake George,New York,2,11,Restaurants
y6bZ92vptSke7kVPreB2jQ,Ami-Fer,B0st0n,Massachusetts,2.5,3,Shopping
AuijWOQLSYGRCZKH0SZqcA,Australian Boot Company,Manhattan,New York,4,16,Shoe Stores
uSTpRzgOL1fh33OMuppbRA,Phoenix Salon And Spa,Binghamton,New York,4.5,10,Beauty & Spas
U8Nu8uK7u1_LhoqRqLTeBQ,Brigade Volante,B0st0n,Massachusetts,3.5,4,Event Planning & Services
gwVl_QdunT1VzAhGSEheqA,Super C,B0st0n,Massachusetts,3,11,Food
n4VJDHQeEoSuz08RuNPF6A,Place Ville Marie,B0st0n,Massachusetts,3.5,7,Shopping Centers
bA_DRpnJs9pWvePmbTbfIg,Kernels Popcorn,Manhattan,New York,5,4,Specialty Food
fCeJ0KNlc84SorKaSnehHQ,The Big Carrot Organic Juice Bar,Manhattan,New York,3,8,Juice Bars & Smoothies
vkgiiTkicGSy-JAxxTfXow,feasTO,Manhattan,New York,3.5,4,Food Trucks
27PHYvc8ofyt5QmwhlpguQ,Rosie,Manhattan,New York,5,3,Home Services
Ckum0BVSzkTAN7WAS-FQPg,Meineke Car Care Centre,Montauk,New York,4,3,Automotive
caoKdrX5CWYOZRD5trQiyA,Silver Star Car Wash,Manhattan,New York,2,4,Automotive
S9-8BjiC0G_58fIeezypPQ,Freshii,Manhattan,New York,3,33,Food
qUmy08Fuy3DOW9FCny0HGw,Uptown Fine Carribean,Newark,New Jersey,1.5,4,Food
Y0NkII8gne1QEJbUCBi2tg,The Burger's Priest,Manhattan,New York,3.5,90,Burgers
b2Lsrjj65NMa-MO50nEPkA,Paxton Mart,Manhattan,New York,3,3,Convenience Stores
Th2dyJw3uAOz_-kdQPbYYQ,L2 Lounge,B0st0n,Massachusetts,4,32,Food
kM91Woq__EKVzLjo4dOTaw,Green Papaya,Manhattan,New York,3,67,Restaurants
lMHdN9tHiGCssv7pctihDQ,Wrap A Bite,Buffalo,New York,3.5,16,Mediterranean
V-FlfE9COEQkiWKMdLimIg,Sears,Elmira,New York,3,5,Appliances
oR5xxiDDeFkHARz0_mdSdA,Crew Cutz,Syracuse,New York,4,5,Barbers
LJ6tewxquGs3J4yYPyi2oQ,Zento Sushi,Br0okline,Massachusetts,4,11,Sushi Bars
czzjfPe7kO9VxoYV9l-fxA,Eastern-Leslie Car Wash & Express Detail Centre,Manhattan,New York,2,19,Car Wash
jHcFAw8fLn3YL5cqXicGxz,Toro Sushi,The Bronx,New York,3.5,36,#N/A
uOLb2_XW4NyBW_QYGe9bHw,The Preeners,Manhattan,New York,1,7,Dry Cleaning & Laundry
vT9haXyTJmYLvdyZy83IwA,Lagoshore 71 Restaurant & Lounge,Buffalo,New York,2.5,3,Restaurants
EyIUEcjuQjUyRu8_FQDPoA,Small Space Plus,Manhattan,New York,4,3,Furniture Stores
y2U-26RNB06y9q8cX8SaMg,Marrakech Restaurant,Manhattan,New York,3.5,7,Restaurants
aRqxT28Tdz2aDiZ7Vkyejw,White Brick Kitchen,Manhattan,New York,4,177,Restaurants
dfeT_kmoO388KzyVv0Styg,Tutti Frutti,Niagara Falls,New York,4,5,Food
g009wuFy3l6PgitDjnLGDA,Sunset Grill,Ithaca,New York,4,7,Restaurants
qP-wKnRAGLXzUY10JNyDyw,Warren Cycle Works,Manhattan,New York,3.5,5,Sporting Goods
Y36tFpneLbaVt9p0XL4aCw,Mama Sofia,Boston,Massachusetts,4.5,3,Restaurants
y92jXqYyjT7MQTW5n32PLQ,Niagara Falls Public Library,Niagara Falls,New York,3.5,9,Libraries
DXvSkOomeOuljaArUNgfuw,Broast Inn Chicken and Waffles,Buffalo,New York,3.5,8,Fast Food
xKfSIATicrv2ph9uvYtnfg,Burger de Ville,B0st0n,Massachusetts,4.5,13,Burgers
gIOpptgl57KGrOAFw_ViIw,Levetto Cortland,Cortland,New York,3.5,32,Italian
brZVEXlEJJ4_dG2590lACg,Longos,Buffalo,New York,3.5,6,Grocery
4oWEqa3paBylDXRfTPB-bA,Hard Rock Cafe,Manhattan,New York,3,81,Sports Bars
lFHaIalYQZLVcopw7fQ23Q,St. Louis Bar & Grill,Cortland,New York,3,6,Bars
O4k4oJXHlv9aST-xL1A-vg,La Fonderie,New Bedford,Massachusetts,3.5,5,Chinese
Ij7S4wmTewqYuIcwbSZqpw,Menchie's Frozen Yogurt,Manhattan,New York,4,4,Desserts
K5TwSfhksW6o9XKmLI3UYw,Pizza Pendeli's Pizza,Northampton,Massachusetts,3.5,3,Pizza
ZzKlyyKjlMvhLDFAlHiXpQ,Roma Pizza Plus,Arlington,Massachusetts,4.5,3,Pizza
Xs2f4l-bhhe6Uc2G0v_mIw,P. A. T. Spring Garden Market,Manhattan,New York,2,5,Food
52Iyhd0kdxtG_4LOZpQ7WA,Hakka 77,Niagara Falls,New York,4,42,Hakka
TByjIYGa_tpU4nY7CwJ4hQ,Cedarbrae Veterinary Clinic,Manhattan,New York,3.5,3,Veterinarians
ZBFfY_WLbp19sADTZ_LRMg,Mad Mexican,Manhattan,New York,4,30,Food
oWPnXGnW3tHO4wh9hFpdXA,Pizza Hut,Ithaca,New York,3.5,4,Chicken Wings
o1Q0JDkYFEBF_Gz4gG-yMA,Next Optical,Utica,New York,4,11,Shopping
LUd3UdlUvCr54H-7ttm0TQ,La Récolte Espace Local,B0st0n,Massachusetts,4.5,34,Caterers
Nx2u8Qu64lNYi_XMJoRMSQ,Mucho Burrito,Utica,New York,2.5,15,Restaurants
vtT5LzqjBjNymliYf4uEfw,For The Win Board Game Cafe,Manhattan,New York,4,45,Toy Stores
JFyRzHGYUdx3HwrkN7gEAQ,Nori Sushi,Manhattan,New York,3,16,Japanese
6eMxBCgssyIxEwn-YPScLA,Hollanderizing,Manhattan,New York,2.5,3,Laundry Services
eH96MBK-EAcC0Q-lYqIb8Q,Bravo Bistro,Buffalo,New York,4.5,6,Italian
tXLFJeTqtOoBwFkTMYkcqA,Pizza Fiore,B0st0n,Massachusetts,3,7,Restaurants
14mUOZXWmdx6s021VRPlDw,April Maloney Salon,Manhattan,New York,4.5,8,Beauty & Spas
mfY1CrJ5gnlnoes6T8y5zQ,Biketoons,Manhattan,New York,4.5,3,Local Services
rqpwmVVNfeK6nR9ufhuolQ,Yummi's Burger & Shawarma,Manhattan,New York,3.5,8,Burgers
SWkmyhQBV1A7Qu4LRHoVXQ,Rochesterdale Wellness Clinic,Brooklyn,New York,5,5,Massage
Ligew2FOsgwSZ_NNivc0DA,Domino's Pizza,Newark,New Jersey,3,3,Pizza
OQ9u8OHGgeNWLW1ipJm3fw,Econo Pizza & Wings,Queens,New York,5,3,Restaurants
GtE6tgTAYGtnxJohmpukRw,Southside Louie's,Manhattan,New York,3,13,Bars
jQGjcar-380fW_mSJyqOsg,IGA,Holyoke,Massachusetts,5,4,Food
7QWL-mbnzWNhzbaAQF3AIQ,Pizzaiolo,Manhattan,New York,2,8,Food Delivery Services
m21eVRorS9WT7ZbaezmGJg,Equinox Fitness,Cortland,New York,4,6,Sports Clubs
dHqTb71T30aHth_3sKTCBg,Urbinz,Manhattan,New York,4.5,6,Home & Garden
7hr4keSzG2TcY6ivXoWBCw,Globe Car & Truck Rentals,B0st0n,Massachusetts,3,4,Hotels & Travel
uU8LM5N64HbYg3UYGiy7Yw,Pho Mi Saigon,Utica,New York,2.5,6,Thai
1W5VSOsR6p4YFN8NHeNznA,Starbucks,Manhattan,New York,3,7,Food
T0r2H2KfJgSwRH__2pMmTQ,Kim Phat,B0st0n,Massachusetts,1.5,3,Food
1e6FzPXVxOOrMfgplBDEJg,Kathy's Corner,Manhattan,New York,4,17,Canadian (New)
SB0HnIkRA7IaTX9btxZW-Q,Royal Punjab,B0st0n,Massachusetts,4,5,Indian
bl2U-rhPusg5BtgORlZTEg,Chef Noodle,B0st0n,Massachusetts,3.5,4,Chinese
OFaMKhoQnCExoAIcz5j9Sg,Five Guys Burgers and Fries,New Bedford,Massachusetts,2.5,3,Restaurants
aHJcks9hC47Glo5pGYWyTg,Salon Pandoras,Manhattan,New York,5,5,Beauty & Spas
dOwkhng98o7K4H30C5v_ww,Queens Nails,Buffalo,New York,2.5,7,Beauty & Spas
dnLP0IhzWXiJBk4J6GTxmg,New Century Plaza,The Bronx,New York,3,4,Shopping Centers
fEjd4HunaI-rx9xLurXhOg,Mini Bar,Manhattan,New York,4.5,8,Cafes
RTXdF3UVzKd3bNcS57stgA,Puff Cafe,Manhattan,New York,4,5,Food
E-_5sSD4Ofc8s7I8bMSidA,The Habanero Taqueria,Utica,New York,4,41,Mexican
mif9G3nCkD19-7LbtIML6g,Utica National Fitness,Utica,New York,4.5,3,Gyms
AZa8IcKIZM_rmFF6AREb6g,The Portuguese Chicken Guys,Manhattan,New York,3.5,26,Portuguese
22w9G9E9L_5afa4zP3NITA,Scratch Fresh Foods,Manhattan,New York,4,5,Canadian (New)
ndgnPEeRSztiigwNW2IuBg,The Belsize Public House,Manhattan,New York,3.5,13,Restaurants
aQRb232XRbphwlj42T8PtQ,OLG Slots,Huntington,New York,2.5,11,Casinos
fWeCh-xYQxo8VSemQrqYDQ,Outrigger,Manhattan,New York,3,49,Gastropubs
zHzV2hmXsRYxDNAxvPOVKw,Mitsuki,Haverhill,Massachusetts,3.5,20,Japanese
Fu9bkNJr1J6Tfj27AbMJoA,Jenny Nails Spa,Cortland,New York,3,4,Nail Salons
FfmH-oEWN7K1za-o8KZQDA,Palace Bakery and Cafe,Niagara Falls,New York,4,7,Bakeries
lbjM_AVSzrF3IyFIwZD0LA,GelEssence Nail Boutique,Binghamton,New York,4,14,Beauty & Spas
jhfyL3O-h2tcL8ZuyCU6WA,El Patio,Manhattan,New York,3,13,Restaurants
A71SQYXSqJJ-X5oYsXP1GA,Tri World American Express,Manhattan,New York,1,4,Hotels & Travel
Uort_v9OrLjamdkgkl_xyA,The Tea Room,Utica,New York,3,9,Restaurants
QyqEwmMJKm276C7QOXnGMw,Luna Maternity & Nursing,Niagara Falls,New York,2,4,Maternity Wear
8tx85Vc_ijwNCriYkrcYfw,Carsleys Whetstone & Company,Boston,Massachusetts,4.5,3,Comic Books
XAEv5wLR55VHkh8wHc_Y9w,Baba Jon Pizza & Wings,Lake George,New York,4,6,Chicken Wings
k7OW_5WyhQFgrj0J_uMjTQ,Galito's Flame Grilled Chicken,Ithaca,New York,4,5,Portuguese
EMqC_yR3yS2DIfYlj_GM6g,TELUS Mobility,Manhattan,New York,2,5,Mobile Phones
w08s_VWhV_INDbYX--gpuQ,Toogood Pond,The Bronx,New York,4.5,23,Parks
oqJe5o_4J0xkhvTSTP9UNQ,Sushi Couture,Manhattan,New York,3.5,97,Restaurants
sO_nt6OaBLV_7_b-72_XOw,Le Coin d'Asie,B0st0n,Massachusetts,3.5,3,Restaurants
24Dii6bFstEhJyb2i6u6xA,ACR Hot Roti & Doubles,Newark,New Jersey,4,28,Caribbean
mMtJXj-dEEzF4aBs590psA,Costco Beverly,Beverly,Massachusetts,3,5,Shopping
0gOE-DJOhWavRI6qQryGhA,Bar Wellington,Manhattan,New York,3.5,87,Nightlife
nTSXoyceCM2E2ajARWN3_A,Boneyard Grill,Manhattan,New York,3.5,20,Barbeque
lujtEwXlzYcQVbkiTjrVOA,Hair Mechanics,Newark,New Jersey,5,4,Beauty & Spas
uhLaBj43IcuKCY9QKoDF7Q,Hair Wave Salon and Spa,Manhattan,New York,2,7,Laser Hair Removal
kLfzthw4Y6Wwp3DC_-8EmA,The Bagel House,Manhattan,New York,4.5,38,Food
PkIRnmb6Fkf9Jv6pEct7Dw,Jodys Sundays & Deli,Manhattan,New York,4,3,Restaurants
b9-cOrE8hfUClRADGAyxFw,Game Zone,Cambridge,Massachusetts,3.5,5,Shopping
OR_PvtL2WOXBPGnm8IOQ3Q,Richlane Mall,Niagara Falls,New York,2.5,4,Shopping
1G9RIh0r2QgCDPwVzzkTgw,Winners,Oneonta,New York,4,3,Fashion
SAYeaclKsoqMavBfHpvV8Q,Rochester Street Cafe,Manhattan,New York,1.5,8,Restaurants
r1Bdq97VYZHqtbGlo7KkDg,Karisma Laser Medispa,Manhattan,New York,4.5,6,Health & Medical
Kn72wEO-qb5ecyFoFpTNNQ,Cineforum,Manhattan,New York,3,4,Cinema
flGnZxMUJHm0pzDwF-30Hg,Private Tattoo,B0st0n,Massachusetts,5,7,Tattoo
yKFx0bW9_buGt9NASTpUaw,Smoke's Poutinerie,Manhattan,New York,3.5,141,Fast Food
wGCS-2FkRrBRpoA2keXP-A,Elite Congee & Noodle,Manhattan,New York,3.5,8,Asian Fusion
eYc0fYKdto6fGlEGkVVCVQ,Bloor Animal Hospital,Manhattan,New York,4,22,Pets
HAHcoyEk_YLahBCKFaI6Wg,McDonald's,Haverhill,Massachusetts,2,4,Burgers
CvJqu2c_J4Us4VNeFwYFsQ,Gourmet Bakery,Manhattan,New York,4.5,6,Food
C-fone8hV5DJYENYUwzmcA,Pet Styles Dog Grooming,Poughkeepsie,New York,3.5,5,Pet Stores
f6T2YaTfGoSyQV-l4jzrjw,Rajdhani Sweets & Restaurant,Poughkeepsie,New York,3.5,22,Indian
SXDI0pwyqRlF-SEBc2alnw,Aryana,Framingham,Massachusetts,4.5,20,Restaurants
Gi5V4AIkSRXTJHSvGHB1Tw,Planet Ford,Binghamton,New York,2,3,Car Dealers
avdZfgCUrkirUbizXZGMAw,Pizza-Pide,Manhattan,New York,4,68,Pizza
NT_jvYrU2aCw5iymUbyBrA,Morgan's On the Danforth,Manhattan,New York,4,64,Restaurants
k0SU-TXQO8x_aTHxzl55ig,Michel's Baguette,Newark,New Jersey,4,6,Cafes
10dD5L3JI17V2shf-iUYWg,DeBerardinis,Brooklyn,New York,3.5,29,Beauty & Spas
sMMWutp_B0351wr_oyG5fg,El Plebeyo Restaurant,Manhattan,New York,4,11,Restaurants
gn5Zl9_lufmQOVH_zC7SKw,Dunkin',Brooklyn,New York,2,6,Coffee & Tea
UhHuqyWJ5YP9CC8Y-m808g,Le Petit Pêcheur,B0st0n,Massachusetts,4.5,3,Fish & Chips
tidXl5b942U1QL5AppdvkA,Lee Yu Mun Seafood Restaurant,Niagara Falls,New York,2.5,6,Chinese
bVAveeQGiqP2ov51LZKv39,Petsmart,The Bronx,New York,3,3,#N/A
uiplp7siXvkuENYKKIjggw,Gardenia Bridal,The Bronx,New York,3,4,Shopping
SbJIAXkuj0vKMYfCDpRvVQ,Cabbagetown Barber Shop,Manhattan,New York,5,4,Barbers
sXE35M-6Tm-S1fe8_N-DeA,Mod's Hair,Fitchburg,Massachusetts,4.5,11,Beauty & Spas
Nso8kLJGYhJSlO1uZFnKvg,Bar 244,Manhattan,New York,3.5,55,Bars
vokkwUsJoKk8PamOSs-JKA,Ziz Greek Kitchen,The Bronx,New York,3,8,Greek
WiS8CphRNjjmX1h2ebtnXw,Lone Star Texas Grill,Niagara Falls,New York,2.5,42,American (New)
DlYwY1E1nSBsbuT-IPzx1w,Henry's - New York,Manhattan,New York,3,50,Shopping
N11UFyQXU0k4AvaijCe1-A,Topcuts,Manhattan,New York,2.5,3,Hair Salons
3yZotoVfgOV9w3gjQI6W_w,Studio Kim,Manhattan,New York,3.5,34,Local Services
LSLWYZPhV16pxP2fA_tckw,KFC,Plattsburgh,New York,2,3,Restaurants
HALQ76VZSppCBo25_pPVEQ,Sushi Shop,Manhattan,New York,2.5,9,Restaurants
Wd3xGiBYqX_N6wqOAoHsQw,Pho Hung Restaurant,Manhattan,New York,3,49,Vietnamese
rbMv98n8gdPhkwxUPyVEhA,Midtown Athletic Club,B0st0n,Massachusetts,3,9,Active Life
7T_2djdY6ldRugsuWb2S-A,Cora's Breakfast & Lunch,Niagara Falls,New York,3,18,Restaurants
WF067eOghIq5_TXrcEPTFw,Pat's Homestyle Jamaican Restaurant,Manhattan,New York,3.5,61,Caribbean
KGoK1lpKmkTV6uMK2hrzfQ,Herbal Depot,Brooklyn,New York,1.5,3,Food
RQVuRJGzqJ9KnVW65QiydQ,Rosa's Place,Oneonta,New York,3.5,17,Italian
EUyFYEqjID7nOFMBjRAKZw,Core BMX & Boards,Manhattan,New York,4.5,4,Sporting Goods
CLXGkaaICsl2PbCAviQc7g,cell phone repairs,Buffalo,New York,2.5,5,Mobile Phone Repair
NdpvGGF4cLrdnA6ydSZz3g,Morals Village,The Bronx,New York,3,72,Chinese
Dh9SqvxANxmsADqKRc0CUA,Allegro Central Vacuum Systems,Utica,New York,1,3,Appliances & Repair
wSxU4mNbFtI_BOBKznyxVQ,Penwarden Fine Jewellery,Manhattan,New York,5,7,Jewelry Repair
HWJWKYBWjtsMuUF9JgneUQ,Nail Art,B0st0n,Massachusetts,3.5,3,Nail Salons
s0UrfuSYgukzch1thnnM8g,Cut Above Lashes,Binghamton,New York,1.5,3,Eyelash Service
FI6XxleZ6Z1xJ9BS4zLKgQ,Chan Yang,Manhattan,New York,3.5,3,Restaurants
a8LHPudjHHWm-reCIVNGlw,Sweet Boutique,Oneonta,New York,4.5,7,Bakeries
FcCUyrq-ZdcRl_h-k9-CYA,Earls Kitchen + Bar,Buffalo,New York,3,115,Restaurants
huT2WfQqf2AXdyOAmzGYWA,Vert pomme - Fruiterie Meloche et fille,Cambridge,Massachusetts,4,4,Specialty Food
jx7Feeu-pEMHjwdmgBcdHg,Rockin' Pizza & Ice Cream,Buffalo,New York,4,11,Food
nfA5MoKVuUkYvJhhROBD0g,The Thrill of the Find,Manhattan,New York,3,6,Women's Clothing
7b4ZkmWktQDNlHFb266eWQ,Four Points by Sheraton Buffalo Meadowvale,Buffalo,New York,3.5,18,Event Planning & Services
hYrj_9XuuTgn-aOJR9n0EA,The Barrel Live Public House,Ithaca,New York,3,7,Pubs
1zOOzjf51hN_xgkxhaS4QA,Cinéma Cineplex,New Bedford,Massachusetts,4,13,Fast Food
PjZ6bHhUDjJuL-XPOPv3Yg,KKO Fitness,Manhattan,New York,5,4,Pilates
C6tiWfd6ntJTsDX8k5yPSQ,Beak St.,Buffalo,New York,3.5,5,Portuguese
XrAL-lnnzC3j_dE0NmfB-Q,Marché Tau,City-of-B0st0n,Massachusetts,4.5,4,Organic Stores
87zuLA3vAPP5678QKN3fRQ,Equinox Fitness,Buffalo,New York,3.5,3,Sports Clubs
6p2cETsFrlX8ZUjLRUJJbA,Restaurant Chez Lien,B0st0n,Massachusetts,4,4,Restaurants
cNhXZ7RaJA0-0ZWxLzjl1w,La Tour Centre Ville Apt Hotel,B0st0n,Massachusetts,2.5,3,Hotels & Travel
fOQZNmezV0okkBFErmpB_A,Malaparte,Manhattan,New York,5,5,Venues & Event Spaces
L6_B4Z_29vjBTUPWFWZu3Q,Just Brunch,Queens,New York,2.5,9,Restaurants
BJ0pJxKFxzVGDtsknbLFRQ,Ruyi Garden Chinese Restaurant,Manhattan,New York,2.5,12,Restaurants
VtwFvXkAIIPo-lU21AVTgg,Pisco 1641,Manhattan,New York,4,5,Restaurants
sENs718irAl0-JSyycouTA,Swirl,Manhattan,New York,4,35,Nightlife
9_CGhHMz8698M9-PkVf0CQ,Little Coxwell Vietnamese & Thai Cuisine,Manhattan,New York,4,109,Vietnamese
rqtruxU_kvgCYNT5rgoB7Q,Resto-Bar La Belle Province,Cambridge,Massachusetts,4,8,Restaurants
JrD90K-V1tfPWbWjPgSXmA,Ilhas De Bruma,Manhattan,New York,4.5,10,Restaurants
mwZrxaSiSvMaRo9dMdBDAg,Au Petit Resto,B0st0n,Massachusetts,4.5,5,French
2PrumlGyBhyqzS4m96FYtQ,Calabria Bakery,The Bronx,New York,3.5,10,Coffee & Tea
6dK6GSDo_eWCsKZRL43EBw,Medulla & Co,Manhattan,New York,4.5,6,Hair Salons
wGpspVUf7VAAGZ8PViGr_g,Eurolite,Manhattan,New York,3,4,Shopping
R1D4kayUgCvtFyeAC8PBhg,Ten Ren's Tea Time,Brooklyn,New York,3,63,Tea Rooms
DPr8FQsb74aXeDgDxiZBfA,Huis Clos,B0st0n,Massachusetts,3.5,15,Bars
iy-iY6oTECXRLmcegylyKg,uf et Buf,B0st0n,Massachusetts,3.5,26,Breakfast & Brunch
ai9r_wv56TPzwtrfUEPXTw,Maurya East Indian Roti - Liberty Village,Manhattan,New York,3,20,Restaurants
zI_XuL_O7yprwGvXCW3FVA,Udisco,B0st0n,Massachusetts,3,4,Shopping
KRjDR5nXRg1UYqA47aos9Q,Royal Rochester Dental,Manhattan,New York,2,5,Health & Medical
WoiF62tItSFtgO6gLrj_Hg,Caroline's,Manhattan,New York,1.5,6,Italian
OSpGlNuMuFZrJLs3j1TpQw,Captain's Treasures,Manhattan,New York,3,4,Home Services
hQ51OL2a8_mSvQqUY18MpQ,La Prep,Manhattan,New York,3,3,Cafes
95hzvnOFz07Rs3ssoAkJNg,The Cock & Pheasant,Buffalo,New York,2.5,8,Restaurants
7a4NHSRndyvKUG23-gG0ZQ,Parlour,Manhattan,New York,3,15,Bars
viXtLH2s3yA-sCTsFLBsTg,Spoof,Manhattan,New York,3,10,Women's Clothing
3XaUuNIOuBhStd4d_-az8w,Casa del Popolo,B0st0n,Massachusetts,4,42,Coffee & Tea
QekYu8Icy4vcTGfUGFHERA,Saje Natural Wellness,Ithaca,New York,4,3,Cosmetics & Beauty Supply
dWGm6UUVkCLlxVJgu6alcw,La Senza,B0st0n,Massachusetts,4,5,Lingerie
McaDmjVdrWTjf0V_VwO_rQ,Real American Superstore,Utica,New York,3,8,Food
is_W7LqMmoOazw1vpfXbcA,Warehouse Wines & Spirits,Brooklyn,New York,3.5,3,Food
rPRN_DGTaN3vN5dvFiz8_A,Winners,B0st0n,Massachusetts,4,6,Fashion
L1QLwce8jwidSYb-RJlscg,Canopy Blue,Manhattan,New York,3.5,3,Women's Clothing
ZT_FbKucx_RLVXozk1pamw,Smithtown Carpet Care,Manhattan,New York,5,3,Carpeting
Qyi5Q54q2WSVjKoEJESzrg,Magwyers Pub,Huntington,New York,4,14,Comfort Food
g4Mo9pBWAK1dNJzeyBVW6Q,Annina's Bakeshop and Catering,Oswego,New York,4.5,15,Barbeque
0RrHQNdsMK3jPlK4f9_wWA,Presse Café,B0st0n,Massachusetts,2,8,Coffee & Tea
wEJkVkfcZybE91vDMHXVMQ,"Catherine Taman, RMT",Manhattan,New York,4.5,4,Health & Medical
A6vx4VFVAgzlQ2kUcTxpxg,Coppa's Fresh Market,Ithaca,New York,2,8,Grocery
uFNM9ICvZN0TEbURIpiIDQ,Chinese Dumplings,Manhattan,New York,3.5,34,Chinese
UWWBnnlVDW5US-TaIsNoKw,FOUR,Manhattan,New York,3.5,46,Restaurants
ThNvtnyTkmW9XAAmAy-zmA,Porcelain Room,Manhattan,New York,4.5,9,Beauty & Spas
nUVnnr5dYTXLLFwiCAp22Q,The Workroom Studio,Manhattan,New York,4,17,Arts & Entertainment
KMIGb4GJ6BcksShOdmneWA,The Ritz-Carlton New York,Manhattan,New York,4.5,67,Hotels
dPmWz-O9fF1FjQDEEX2JBg,Grand Ocean Restaurant,Newark,New Jersey,2.5,3,Chinese
73XgSsPDJVTPro4LIPpHzA,Flo Optical,The Bronx,New York,3.5,3,Shopping
23Dg53bT4WIJDK26WPR7vQ,Maru & Maru Sake Bar,Manhattan,New York,3.5,18,Japanese
vC6HNGew5Z6NDi4BuyRFjg,PetSmart,Newark,New Jersey,2.5,7,Pets
XQJDkHaLsDU1oVVl8LIUcQ,Orange Julius,Utica,New York,3.5,6,Food
Zurx3BplOp3C0_UM3_HxwA,Uber,B0st0n,Massachusetts,3,18,Hotels & Travel
w1clLiXOo-yLhNjt5jDBCA,Union Social Eatery,Buffalo,New York,4,256,Canadian (New)
It4VEN-buVbY9T7osWdBog,South St. Burger Co,Lake George,New York,3,7,Restaurants
SMQSeTvs172iOipBRxeS1Q,Sbarro,Manhattan,New York,4,5,Restaurants
fCOJZlAW5g8z8gHwTfUaPw,La Capina,Plattsburgh,New York,3.5,3,Cambodian
-0uEqc2vw1xXtuI_r1xTNg,Le Roy Pendu,B0st0n,Massachusetts,3,6,Restaurants
cSad6Sv0C6N--U7NY5i88w,Aux Iles à Sucre,B0st0n,Massachusetts,4.5,9,Restaurants
9XHlcci1F1N_W257m6sAZg,Famous Sam's Restaurant,Cooperstown,New York,3,16,Diners
J6x28YX3K7ErHU0uPMSfyA,Pitalicious,The Bronx,New York,4,45,Restaurants
crGoClwMVzHx35K4a_6zYg,Pâtisserie Goplana,B0st0n,Massachusetts,3,4,Bakeries
GGwhdx3D_cDRCmfyI1F5-Q,Autosonic Service Station,Manhattan,New York,4.5,3,Automotive
wZ57PIkR70IdB3WfUHnh7A,Lowe's,Manhattan,New York,2,11,Home Organization
_yx1DWYyEI57N1pI45TVOg,Mamma's Pizza,Manhattan,New York,2.5,3,Pizza
By2DQwaG2EiOxsuHnS8FoA,Vertical Restaurant & Bar,Manhattan,New York,4,34,Italian
aXvE6xcMe-sdR52wzJG1vg,Royal American Yacht Club,Manhattan,New York,4,4,Active Life
7x5pDqeLhA8Ezdsz_3JTMQ,Pho Bac 97,B0st0n,Massachusetts,4,88,Vietnamese
7F6JYzEDGs2d2mYW_To57A,Chilli Secret,Niagara Falls,New York,3,19,Restaurants
_fHe9-9Ri_6U9XYP-J1JrA,Chicago Eatery,Manhattan,New York,4,14,Comfort Food
yr0-livmeHajzOMuqRpFtQ,Viet House,Manhattan,New York,3.5,39,Vietnamese
89rZmB3JZkBsBpsRRZDi3g,Ubar Resto Bar,Waltham,Massachusetts,3,3,Nightlife
A-w4hdIYHJ7W6E8p7dxabA,Above Ground Art Supplies,Manhattan,New York,3.5,4,Arts & Crafts
k_PwgzGWzTCGWoMYF3_BXQ,Boutique Erotika 2002 Inc,B0st0n,Massachusetts,3.5,10,Personal Shopping
yqEKA6wOQUfn66BeftXmXw,Al Dente Restaurant & Banquet Hall,Lake George,New York,4,7,Italian
9m6GmmL6qJ0mJkFWEcTS8Q,Paul Pei Licensed Acupuncturist,Manhattan,New York,5,3,Acupuncture
yW38Ves13FyqBXpeBOyb5A,Poor John's Cafe,Manhattan,New York,3.5,13,Food
F606Q2Jkel7rUCVgxkScVA,New York Public Labyrinth,Manhattan,New York,4,5,Local Flavor
tkq77h-fqlnrJ9kOy1jhvw,Linda's Spa and Nails,Manhattan,New York,4,10,Day Spas
XeKHS7wjZ_lzlBwUzi7oMA,The Ten Spot - Roncesvalles,Manhattan,New York,4,10,Skin Care
AXnRxCDbbWZbv1Vb6Xi1_w,Keys4Cars,Poughkeepsie,New York,4.5,6,Keys & Locksmiths
wXtE0iV1m6OCr-dOCfvF6Q,Pape Subway Station,Manhattan,New York,3.5,8,Hotels & Travel
FiB1rfmgaED4mmHpOPdQXA,Chef On The Run,Manhattan,New York,3,4,Event Planning & Services
5Nc5TH0eaookGYKZiwpfPw,Dunkin',Manhattan,New York,2,11,Restaurants
k37KspW_nFpvj_XJI50wOQ,Innate Media Group,Manhattan,New York,3.5,3,Marketing
gkC097ka77WZkHjp1CWP1A,Charcuterie Van Winkles,B0st0n,Massachusetts,4,4,Restaurants
4aMQg-b_hWkn-jFIj8TB0w,Pro Auto Detailing,Buffalo,New York,1,3,Car Wash
EZsVIcwk2m0DU3lP-6KB8A,Party Mania,Amesbury,Massachusetts,3.5,3,Party Supplies
hMRtmulaw5sTylucTLTBDA,Tov-Li Pizza & Falafel-South,Brooklyn,New York,3.5,18,Pizza
rP4gUHitQO4Qtnt0zq0y-g,Sunset Grill,Manhattan,New York,3,20,Restaurants
l7NOtiEo-6_kNLaUTc4mbA,Italy Hair Design,Manhattan,New York,3,6,Beauty & Spas
IyznCao-CHaVGIx99R3KFQ,TAZAH Sandwiches & Café,B0st0n,Massachusetts,4,5,Middle Eastern
dj9zOUWOeZzvyNbNBtgJuQ,Planet Nails,Manhattan,New York,3,28,Beauty & Spas
PPkMZMS1Ogdrm4NhyxgpFA,McDonalds,The Bronx,New York,2.5,15,Restaurants
7L_ySQObN-dP5i92UyXoQA,Urban Outfitters,Manhattan,New York,3.5,12,Men's Clothing
ugWB_hkm21s9v8xxAkmNVg,Mamma's Pizza,Manhattan,New York,3.5,7,Pizza
LaL2GDU7b4EKGiSkFEoZ7A,Princess Nails,Buffalo,New York,2,4,Beauty & Spas
7bZzaulLEZAO02qV3ZvywQ,The Shop For All Reasons,Buffalo,New York,4.5,4,Gift Shops
0XA_xM_hiKWljhz0pTWj0Q,Velago Patio Furniture,Manhattan,New York,4.5,4,Furniture Stores
TtEmG1hG2Cu7EvlrERKFYA,Natale Tailleur,B0st0n,Massachusetts,5,3,Local Services
_kbxNHWv2Z6o-TJZKWmzhg,Cafe Bene,Brooklyn,New York,3.5,65,Desserts
9hnyuencQIbpw8La9Fv0JQ,Surmesur,B0st0n,Massachusetts,2.5,3,Formal Wear
ybJ4w9RjjqNo3nOhG-I6Rw,Red Seal Notary,Manhattan,New York,2,4,Local Services
JWESGRCfnmfROiCF-P6aNA,Feta and Olives,Manhattan,New York,2.5,8,Restaurants
sdcEIyn3yRYBToUu7ctY3g,Chuck E. Cheese,Oneonta,New York,2.5,3,Italian
G2KfEpZkabw4afDFBRLl0g,The Mad One Barbershop Downtown,Manhattan,New York,2,7,Beauty & Spas
TK3So4Pem3j3ANbCAlL2UA,Signature Nails Salon,Manhattan,New York,2.5,7,Nail Salons
oRgFI-3KLenox5C1xLqEkyPw,Rockaberry,Wellesley,Massachusetts,4,8,#N/A
XdhcPdaujEJLygevw_wPhw,The Grecian Place,Buffalo,New York,4,8,Greek
MjWXADkWFj8g8sjYAYwvkw,Les Trois Tilleuls,Plymouth,Massachusetts,4.5,5,Restaurants
2SzC3MCqtQGow92IjkBKQg,Gallery 345,Manhattan,New York,4,4,Music Venues
vQuWhr06xDu6hgqUHhqc6w,Photo Imaging Plus,Manhattan,New York,4.5,13,Photography Stores & Services
o58nItPukLp_308BciKuTA,Union Juice,Manhattan,New York,3.5,8,Juice Bars & Smoothies
8o6uoqRfyg56Ppapg6iNr1,Spellbound Hair Design,Manhattan,New York,5,9,#N/A
05k2a3qWUEGzW6FYMFMfaA,Studio Bar,Manhattan,New York,2,4,Arts & Entertainment
VyooRcWm2w3QGLYMxESbGg,2nd Nature Bakery and Cafe,Manhattan,New York,5,4,Restaurants
m4Mhu3VgQDpXg54bacDYrA,David's Hairstyling,Elmira,New York,4,10,Beauty & Spas
gfWGBaMo0XVT4q8eKX8L3A,Teque Teque,B0st0n,Massachusetts,4.5,7,Latin American
ARnu90RjCxGvuyWKvh-3qA,Comptoir 21,B0st0n,Massachusetts,4.5,45,Restaurants
_Gl7RqOkCUQr8kjN8yGf6w,Burrito Gordito,Manhattan,New York,4,32,Mexican
KScv7oXmJBijzKgQfREOCg,Espace Nomad,B0st0n,Massachusetts,4,22,Massage
tqyXPBc11DbHx4BRZXeLZA,Moksha Yoga Danforth,Manhattan,New York,4,23,Beauty & Spas
I1UF9RYeRTcRCzhsFabuHQ,Warehouse Wines & Spirits,Elmira,New York,2.5,3,Food
wBGa8NusKcRVX7Zc3l0-nw,Captain Georges,Syracuse,New York,2,3,Restaurants
nhKV-qbKUkFfXzf7DehbDw,Sushi Shop,New Bedford,Massachusetts,4,4,Asian Fusion
9WIJ_5Zvkf4aB425f7G3gw,Quesada Burritos & Tacos,Manhattan,New York,3.5,9,Ethnic Food
4d2COvI67Ee6SCMP7UnImw,Mr Greek Mediterranean Grill,Oneonta,New York,3.5,13,Greek
BWnbO4tM-HHvSVpHodHMzQ,Moneysworth & Best Shoe Repair,Manhattan,New York,3.5,3,Shoe Repair
bTGySRKZipOmjN27wuEVkw,Rice to Go,Syracuse,New York,4,14,Restaurants
vMk2HTGxZ-fGL9FIru9rDA,Mitaza,Manhattan,New York,5,8,Pizza
5zf1w_AWhzFASRHpR3FLbQ,Parama Lithuanian Credit Union,Poughkeepsie,New York,4.5,3,Banks & Credit Unions
TsUg_BV3PZ7ZJP0r3SAD3w,Bellair Laser Clinic,Manhattan,New York,4.5,53,Medical Spas
vjTGVqedAoiMBtcbp14G4Q,Emira Smile Centre,Elmira,New York,5,3,Dentists
WvUI3xHPQBxW02iryqcsHQ,Paperboy Cards & Gifts,Manhattan,New York,3.5,5,Flowers & Gifts
eqg6UyuVLwzAplUvN9UkSw,Lisa Marie,Manhattan,New York,3.5,158,Restaurants
ClGs0LVZDxCfcAwZ30uiWQ,Reginos Pizza,Newark,New Jersey,3.5,7,Restaurants
JSnEUK2skTyYVaAQBqIJPw,Cotto & Crudo,Ithaca,New York,3.5,5,Italian
MEoDTsA3Af6TLzB7Z_7oDw,Zushi Sushi,B0st0n,Massachusetts,3,20,Sushi Bars
Zkw7LIIKJWHsdxkqU5VwXQ,Ka Chi,Manhattan,New York,2.5,19,Korean
D_VpAGPNEde64N0CwXMkiw,The Dutch Bros. Coffee,Manhattan,New York,4,8,Coffee & Tea
c_KjWNg07IGbiJqELiU-RQ,Bloor Bathurst Physiotherapy and Sports Medicine Centre,Manhattan,New York,5,5,Health & Medical
aw-Y_3mgDZqtQUTwwiyFjw,Kardiologik,B0st0n,Massachusetts,3,3,Trainers
PvzxaeJJkpe56bbZJd_8Jw,HOT Yoga and Pilates,Buffalo,New York,4,9,Active Life
Bal9D1fzSgPvQPMzrvJF8g,California Thai,Manhattan,New York,3.5,5,Food
9p_0o3GaOWL7yQzh3mEd1Q,Godiva Chocolatier,Manhattan,New York,4,4,Food
nRfGXp2EHov1dnphVvZ1xA,Ottavio,B0st0n,Massachusetts,3.5,10,Italian
e9Dem4OvxH2blvEbMule3g,Toi Moi & Café,B0st0n,Massachusetts,3,35,Breakfast & Brunch
BopPNhmn66uUDL2dVyDjHg,Tandoori Flavour,Manhattan,New York,2,4,Pakistani
V63RB78cOIBxED8KvsOcBQ,Dunkin',Manhattan,New York,3,8,Sandwiches
AhCQKemNBBTH8xToQ1yUZA,Domino's Pizza,Brooklyn,New York,3,9,Caterers
u8YoMfnwAHyKfYlTivd3dQ,Restaurant Pacini,New Bedford,Massachusetts,2,4,Restaurants
T9tfclpJf5bFKiNcNcI6xw,La Belle Province,Revere,Massachusetts,2,4,Fast Food
AdTdi4AO2ZbHPRVZaFoMug,CPR Cell Phone Repair Brooklyn,Brooklyn,New York,4.5,3,Shopping
gyEaPAsjH_EG1rK_TFAuYA,Pekoe Kombucha Bar,Manhattan,New York,4,4,Juice Bars & Smoothies
c9X74yIgWWucohm5igTXUQ,Cinéstarz,B0st0n,Massachusetts,4.5,6,Cinema
QV-01NzTQk3LfI2tPk21zw,Anouk Jewelry,Manhattan,New York,5,3,Jewelry
B_eq-9vINgR0m1PwgUp5aw,The Annex Live,Manhattan,New York,3,3,Italian
Q22nT5s_PTMS08QkWkrL5Q,Twister Karaoke,Brooklyn,New York,3.5,20,Karaoke
jt0KnbkCX5hEa0uzn4DL0Q,Big Grill,Utica,New York,4,10,Restaurants
7UCnvK2576Y9iVKARlY3-w,Liberty Village Dental,Manhattan,New York,3,11,Health & Medical
nC7uImTpwCgL8svHXTYPpQ,Fresh Nails,Manhattan,New York,3.5,14,Waxing
PIvOFRxQZLlhXZRO9o5ujg,McKibbin's Irish Pub,Pittsfield,Massachusetts,3.5,26,Nightlife
U-a61zpbsDNVtKm9W1aqLw,Jimmy's Coffee,Manhattan,New York,4.5,107,Restaurants
5f13F6HZgLoARSdXECfLAw,Real Thailand Restaurant,Manhattan,New York,3.5,26,Thai
vTuLwoEpZF6Rxnj2O1Pq5w,Subway,The Bronx,New York,2,3,Fast Food
wGgCxxbhfDKfg9xJ9R0xSw,Populus,Manhattan,New York,3.5,7,Nightlife
Gj8y33N8sPEfKYrRlaVEzQ,Denny's,Binghamton,New York,3,4,Breakfast & Brunch
Fdad2aMWDHBhIeNGipM84A,Rocky Mountain Chocolate Factory,New Bedford,Massachusetts,4.5,3,Candy Stores
KGC9CjzGOfjrgZJtauY8rw,Pho Challenge,Manhattan,New York,3.5,10,Thai
nHRTvaylbF9_3koVNV8n_w,Bar Burrito,Queens,New York,3,12,Food
3yvnEQG9jzxQ9wDZZ6ogrw,CVS Pharmacy,The Bronx,New York,3.5,6,Shopping
MyyV1zrgPofZnC_uYAzYVQ,The Canine Social Company,Manhattan,New York,5,16,Pet Services
5Kh5i4VhXj-Leg8gujIzjQ,Maimana Naan & Kabab,Huntington,New York,4.5,67,Afghan
sFX77sPr_VM8TTaTE6vuZg,Starbucks,Manhattan,New York,4,6,Internet Cafes
OULgDHe71Bng9dew9kPQkA,1st Thursdays at the AGO,Manhattan,New York,3,6,Nightlife
MNyyG211Und-ey8B82qutQ,Vincent's Spot,Newark,New Jersey,4,5,Italian
mjallj7LmUUedK0zfY7Y0w,Atty Spa & Cosmetic Clinic,Brooklyn,New York,4,5,Eyelash Service
BFi7pyAZUZsBKWsWouptIQ,Manhattan Prep,Manhattan,New York,5,4,Private Tutors
6z63VjgefKrpEacpRAR2ww,Dutch Bros. Coffee,Manhattan,New York,3.5,5,Coffee & Tea
itEntB3JJOAnRADa_BPrSg,Ho Lee Chow,Rochester,New York,1,18,Restaurants
CUtu_Y0_kXeAajLBBJUbPQ,Lick's Homeburgers & Ice Cream,Newark,New Jersey,2.5,3,Ice Cream & Frozen Yogurt
ABgeUaVsMEqkcOI4bWsj2Q,Iqbal Kebab,Brooklyn,New York,3,11,Pakistani
K0ot5J9-MhipNpJOGYXslg,Mango Bay,B0st0n,Massachusetts,3.5,25,Caribbean
mq39uyLVCwsUyDULr2qi3g,Starbucks,Manhattan,New York,4,13,Coffee & Tea
oS0CnUbyv0GUoD3L8_3UPQ,Thai Fantasy,Manhattan,New York,4,64,Restaurants
ZVJZiKijLar0qYsrlnnMPQ,Studio 86 Salon,Manhattan,New York,5,5,Hair Salons
ByrCDfyklGGk0D9O9P2Rog,Moxie's Grill & Bar,Manhattan,New York,3,96,American (New)
4DZDHEJcNHU-L5-r43AaOA,Coffee Crate,Manhattan,New York,5,3,Restaurants
L8acvWYdmgxBBBfLSprVLA,Snack Bar Andre,Revere,Massachusetts,4.5,3,Cafes
rw0vvALQ8cghlzoBNJ9Hlg,Resto DaMoa,B0st0n,Massachusetts,3,5,French
rYD1PTJ_SPK7qXgOd_0TPw,Planétarium Rio Tinto Alcan,B0st0n,Massachusetts,3.5,25,Museums
YOenG6h1D5gO2IXlXEjFuw,CrepeStar Dessert Cafe & Bistro,Peekskill,New York,4.5,24,Restaurants
C15YdpUWzMTQaRRaq6zbIw,The Pavilion,Elmira,New York,2,4,Active Life
yr17sR7UHtplXng4YlJ5Ag,Royal Beauty of Carmen,Manhattan,New York,2,14,Cosmetology Schools
zmOhinWhe9hTOe37YYdvFw,Esmoker,Manhattan,New York,4,6,Vape Shops
cry7GRD9gKjF623-dptGTA,Ultimate Auto Centre & Performance,Buffalo,New York,5,3,Auto Repair
DTrcSHhz3W7yCkRoZC9xYw,Ardor Bistro,Manhattan,New York,4,7,Restaurants
2meb5cwKh125tF5IwUiIJA,Patisserie Harmonie,B0st0n,Massachusetts,4,108,Chinese
Rrg5lZK4Aadz949Vn7CLGw,Avenue Flower,Manhattan,New York,5,3,Florists
MPY4kapqEmltkwwnxKrW4Q,NINE18,Binghamton,New York,3.5,12,American (Traditional)
3kryaEoWVoWf6O7OpG_CxQ,New York Airport Express,Buffalo,New York,3,37,Transportation
Bl8d3MRR1DsBRf1qFPgn0w,Sutherland-Chan Clinic,Manhattan,New York,4,4,Doctors
flgxUeGy8xctqiykaMVOLA,Locomotive,Manhattan,New York,3.5,28,Coffee & Tea
T4iG8nhlu3uVnRzRn6660w,The Dock Ellis,Manhattan,New York,4,36,Sandwiches
OT9ZX1RwbydJm-PassDQmQ,Wells fargo,Manhattan,New York,3,3,Banks & Credit Unions
Hq86WlkF7bdQlaGe_p5fHA,The Bristol and Bombay,Manhattan,New York,3,48,Gastropubs
tqumNKvNmeII_DRG6SdRuw,Continental Grill House,Manhattan,New York,4.5,3,Restaurants
lT-fvWPR-ju0-kNVQgs4Ag,Boxcar Social,Manhattan,New York,4.5,21,Coffee & Tea
om467mA9UFvLDqryWo6J8A,MenEssentials,Manhattan,New York,5,11,Cosmetics & Beauty Supply
kdex-hgPayrFZIv5eEIpnQ,New York Brewing,Manhattan,New York,3,4,Breweries
qY6o0fxSxiF2zO4vScos4A,Starbucks,Cortland,New York,3,6,Food
iPs4OZ3pDF2wY6orR12hhw,Stitch It Clothing Alterations,Manhattan,New York,1.5,3,Sewing & Alterations
xVFUx0kE1EQ-i7d87ydNUA,Equinox Fitness,Manhattan,New York,3,18,Fitness & Instruction
_9-zx205O1Lt3VridZhfLA,Fiddler's Dell Bar & Grill,Manhattan,New York,2.5,5,Bars
8MWiywu09bhLWIpzVaD4gw,Aunties & Uncles,Manhattan,New York,3.5,312,Breakfast & Brunch
deSn2DbqkPBQghvEr_DCEw,Future Shop,Manhattan,New York,3.5,3,Shopping
uxgqiqkKoPi45P0WPfDyWw,The Brow X Beauty Boutique,Manhattan,New York,4,3,Threading Services
ue-bAL6t-qjnUJCXT-FJhQ,Faraz Auto Sales,Manhattan,New York,2,3,Car Dealers
p_vUkVJR2LB5i2mfgLS-QA,Espace La Fontaine,B0st0n,Massachusetts,3.5,6,Breakfast & Brunch
GkLm6r22CwKZvE6VGN5Vjw,Little Peeps,Manhattan,New York,4,5,Children's Clothing
9qWdtNzhIe4iX_eC4w5hUA,McEwan Gourmet Grocery Store,Brooklyn,New York,3.5,62,Grocery
z5V7wTtLB2QYCUWlB4rNLQ,Nak Won Restaurant,The Bronx,New York,2.5,12,Restaurants
LOX4LFY1qNQWprcomZAgYA,Habibiz Restaurant & Cafe,Manhattan,New York,3,16,Middle Eastern
4IZsGR2mSg7jiCKKZ6VZkQ,Maggies,Manhattan,New York,3,24,Breakfast & Brunch
4U9hnKTGidPKOSu_28m9dA,Merci Mon Ami,Manhattan,New York,4.5,23,Caterers
iAI4TLQyjwQhfHFLG8jvjg,Sutherland-Chan Clinic,Niagara Falls,New York,3.5,6,Massage Therapy
g7jzqd_3LRClv5gUH3CiVw,Rifca's Mediterranean Kitchen,Niagara Falls,New York,3,32,Restaurants
jqU51y6F5gurm1QC3L2eKg,Royal Rochester Station,Manhattan,New York,3,3,Hotels & Travel
nbsPjcPi02f5WANGWwcO3w,Runway Beauty Bar,B0st0n,Massachusetts,3.5,23,Nail Salons
81L3dlwETvmOU3uz8cuVtg,Birkshire Automobiles,Elmira,New York,2.5,5,Car Dealers
YEHWvvwcunakP4CyteM82A,The Brilliant Chinese Restaurant,The Bronx,New York,3.5,11,Chinese
KIBrVcXI2AKlm4A6-9Y_SA,Gentle Beau Dry Cleaners,Manhattan,New York,3,4,Dry Cleaning
2lCjKqGK2s4FrJVPjJK1fg,Cafe Jules,Manhattan,New York,4,14,Restaurants
D48b2jHZDuWsnqvFLLvuew,Friendly Greek,Manhattan,New York,3,10,Greek
xSe_RGSuldU834nLSAm-VQ,Helen's Fish & Chips,Buffalo,New York,2,9,Restaurants
LRrjNq_Ba2dU72fRRkLXPA,Continuum Wellness,Manhattan,New York,4,5,Health & Medical
GWiaYZBGPlNaACQYfQNaOQ,Salims Auto Repair,Manhattan,New York,4,3,Auto Repair
C8AXOhQz6JdXuDiqvo8fWw,Sunset Grill,Ithaca,New York,3.5,14,Restaurants
9MsMQmaeluNro-k7UDIsYg,Baskin-Robbins,B0st0n,Massachusetts,4,99,Ice Cream & Frozen Yogurt
N47TKhNYvYixBGrB3ljcjQ,Sincity Boston,B0st0n,Massachusetts,5,3,Tattoo
zbxKm7iGUcgZ0d6oNWEO0Q,Jerk Scarsdale,Manhattan,New York,4.5,3,Caribbean
BAiE5rHacP_zhL6J3xTlhQ,Buanderie du Parc,B0st0n,Massachusetts,5,5,Local Services
9rM9oonXx3h5d45FiFBPoA,THEFACESHOP,Brooklyn,New York,3,10,Beauty & Spas
_537CuGgWhi-zHqc3kjFcg,Buffalo Grand,Buffalo,New York,4.5,3,Event Planning & Services
9wQHmZrkx0MtEN2AlZ0HVw,Butter Chicken Roti,Manhattan,New York,3.5,43,Restaurants
5jHovxqN6N64Q0uKPsEsZw,Pasta Tutti Giorni,Huntington,New York,3,4,Italian
86ljmJqOTTeV_htLQczfjQ,Restaurant Corvette Express,B0st0n,Massachusetts,3.5,6,Restaurants
3s46-PMxoEIa7kUj0VrlXg,Zibo,Haverhill,Massachusetts,3,15,Restaurants
1PJpo48hSChCbriXEHGSjw,Opus Restaurant,Manhattan,New York,4,45,Canadian (New)
gFUSJwVzEDERbaU9FVKfRA,Rajkapuri's Paan & Snacks,Manhattan,New York,3.5,4,Restaurants
93HQMacPKmVVRLd8Oebx5w,McDonald's,Brooklyn,New York,3.5,8,Restaurants
p7UMT_NcYbMKQ-TPZ0vp3Q,Club 10 Tailors,Elmira,New York,5,4,Sewing & Alterations
7HAIkuxkxJdxLUxoVMCJXQ,Dove Cleaners,Manhattan,New York,2,4,Dry Cleaning & Laundry
rF3OZ0ZBv3t0zS85QAqfxA,Dixie Mitsubishi,Buffalo,New York,3,4,Auto Parts & Supplies
9xPK9u_AGM1sxoG2CU9psA,Golden Wok Chinese Restaurant,Manhattan,New York,4,10,Restaurants
CAv53WS9ufYuECZ3nNmTNw,Café Lézard,B0st0n,Massachusetts,4,15,Food
R4xJiZIgjQ8kb6mMRMJJjg,Ferreira Café,B0st0n,Massachusetts,4,179,Modern European
KM6zQ1BUDXf9Rmv5ZSh0VA,Dunkin',B0st0n,Massachusetts,3,19,Donuts
yD0IHOcMKC5eiG2yXtPfkA,Good For Her,Manhattan,New York,5,12,Shopping
b6YSe9vemQRka2UZi4MgJw,The UPS Store,Manhattan,New York,1.5,10,Local Services
yeZzIGVIMsS5wyBhPs1r4w,Me Va Me Express,Brooklyn,New York,3,49,Middle Eastern
j0aiaJkrU-5VgbCsdx-txg,Chris Jerk Caribbean Bistro,Manhattan,New York,4.5,193,Middle Eastern
bH0Fm3tiDFEmb6k9pVSeIQ,Keepin It Greek,Buffalo,New York,3.5,8,Restaurants
EJWbSb7IYXdJP6J-SL8yxg,Total Cleanse,Manhattan,New York,4,8,Juice Bars & Smoothies
r6tNDARvVhHcRD88DEND0Q,El Cactus,Bridgew@ter,Massachusetts,4,7,Cocktail Bars
C3C-eR1f58UM-wAQDfv9Pg,"BeaverTails  Queues de Castor, Moozoo",B0st0n,Massachusetts,3,3,Ice Cream & Frozen Yogurt
ml7HQlaAcszdBZZHljvYgg,Dunn'ss Famous,B0st0n,Massachusetts,2,6,Barbeque
D9LMDxJTbMIP5drSgWp1SQ,Chuck E. Cheese,Manhattan,New York,2.5,12,Chicken Wings
ZzM-ZyCq77ZcEuNqwHAVRg,Centre Vétérinaire DMV,B0st0n,Massachusetts,4.5,6,Pets
CTCm3DNz71YRrnI4WFjYdA,For Your Eyes Only,Manhattan,New York,3.5,14,Adult Entertainment
93KTAZUAnyhMWegY1dOxbA,Blyss Salon,Manhattan,New York,3.5,3,Beauty & Spas
ucrxOrbw9oyKum7hCG2RzA,NRG,Buffalo,New York,2,9,Hair Salons
aZ1OFdJI3TEc6rtoRnSrww,Cheap Thrills,B0st0n,Massachusetts,4.5,15,Bookstores
Pus34-ZmgdVuJk8MQ_BvYg,The Credit Valley Hospital,Buffalo,New York,3.5,9,Medical Centers
QTIpGviABuI58EMYyeubkw,Starbank,Manhattan,New York,4,7,Food
F_vlSsrxzMYOXGdzlIqGPA,Lk Nails,Manhattan,New York,3.5,7,Beauty & Spas
m7t5v8KhTBQ4EzG-cYw_pg,Parc de l'Honorable-George-O'Reilly,B0st0n,Massachusetts,4.5,3,Active Life
X1pn1wY3Axtg9cz6bP2NXA,Pier 1 Imports,Niagara Falls,New York,3,3,Home Decor
pjNgKBxf4X-fLGTtJODYPA,Rouge Nail Bar,Haverhill,Massachusetts,4,3,Beauty & Spas
V8UTQzVcBfa4UObKmcH2wg,Five Guys,Buffalo,New York,3.5,8,American (Traditional)
BzW-FHKatZtFlbHUf2LwIw,The Animal Clinic,Manhattan,New York,3,15,Pets
BET7Ip5GWLbXRaBdf97LwA,The Rock Store,Manhattan,New York,4.5,7,Jewelry
gIrueM_GJ1Kcd5RdHLr10Q,Dunkin',Brooklyn,New York,3.5,4,Restaurants
ZEfhV37CY-txZnwWB0VMTQ,Galaxy Supermarket,Manhattan,New York,3,5,Grocery
HaI2iSe19l4b0qFnQ1XTow,Dunkin',B0st0n,Massachusetts,3.5,9,Restaurants
dGuQLP6T2Jg3IIES8Lb2bA,Potbelly Sandwich Shop,Manhattan,New York,3.5,12,Sandwiches
PclXFbQpqK1lKqymFbYCpw,Room1Six,Manhattan,New York,4.5,9,Day Spas
kHKGaaK4yAOT1End-XS65g,Wuhan Hei Ya ????,Manhattan,New York,3.5,3,Chinese
WmuoWetYC-4U2-V4taC6Wg,Yueh Tung Restaurant,Manhattan,New York,3.5,135,Restaurants
dVQ01eBYDGVuZ1auMtljYA,Sbarro,Binghamton,New York,3.5,3,Restaurants
4qdwro6ytI80Xs4LM1zhAw,Burger King - Yonge & Irwin,Manhattan,New York,2.5,31,Restaurants
Sip7oDGj_ixrHsNA0pxhUA,KFC,Lake George,New York,3.5,13,Restaurants
In40RdpOFRtbp6KUo7aEmw,Restaurant Ezo Daou,B0st0n,Massachusetts,3.5,9,Restaurants
g2fU5POyJ01a3-REvTF-fg,The Herbal Clinic and Dispensary,Manhattan,New York,5,7,Specialty Food
64Wt06TZjb9Se8q3kdeOJQ,Number One,East Rochester,New York,3.5,12,Restaurants
B-ImbhdbVX0O_ulCZE8sQg,Best Deal Tires,The Bronx,New York,1.5,6,Automotive
yMaP8RnuHAy7L-SoEqcJmg,Rôtisserie Panama,New Bedford,Massachusetts,3.5,8,Restaurants
k6SOHxiVOf0i-fn8xjBaSQ,Paramount Conference and Event Centre,Oneonta,New York,4,6,Event Planning & Services
a911y0BuV1rjHXkXlFm3Ig,EAT BKK Thai Kitchen,Manhattan,New York,4,122,Food
N6b7ut3Wzzfk4qFzmIHpyQ,Petinos,New Bedford,Massachusetts,4.5,38,Diners
CxksS_vthbkfzjHQKSoJ3Q,Rogers Wireless,Manhattan,New York,3.5,3,Shopping
shIgmbZ5B14EfGt2cg5sKA,Hurontario Veterinary Hospital,Buffalo,New York,5,4,Pet Services
v_LG5tOinxf3ve5GAIZhjQ,Nandos Danforth,Manhattan,New York,3,17,South African
EAmwyfOUOLgf91R_mPVpbw,Flying Fish & Chips,Syracuse,New York,4,8,Restaurants
t3iIZOWLt4SiV-Xwnk0IcQ,Starbucks,Manhattan,New York,3.5,15,Coffee & Tea
5FwqFVkpKoXUgItP4gvO4w,Naha Sushi,Ithaca,New York,3.5,6,Restaurants
Q_BMz5zeWFWW-2OuJGZ1yg,The Guksu and Noodle,The Bronx,New York,4,35,Noodles
4DzNErCeppC181_h8YIsgg,Burger King,Buffalo,New York,3.5,5,Burgers
CiMCwr49-yAfrd9i1-QkzA,I Deal Coffee,Manhattan,New York,3.5,13,Food
ysXWPjUpiwI8U8d4-pLNRw,Sinopoli's Ristorante Italiano,Ithaca,New York,3,12,Restaurants
LnZtWqVojVXg-I2OUohxNw,Wins Flowers,Manhattan,New York,5,4,Shopping
72_6srKAdZPSHCGNwK2Hfg,Eden Trattoria,Poughkeepsie,New York,3.5,92,Restaurants
nER4r71-nLBpy4ZkrsAOYg,Park Hyatt New York Kosher Annona Restaurant,Manhattan,New York,5,4,Kosher
u1Mc2vtsaltr_VvYg-Mvpw,Comfort Zone,Niagara Falls,New York,4,6,Health & Medical
L6f2DKynvpUThYxXOND_Yw,Soya Street,The Bronx,New York,2.5,8,Health Markets
dJZWt9AgzTeBTJzg1ZmqIQ,la Cakery,Binghamton,New York,2,7,Bakeries
oV9JaOeCOY7E3c3teOSHoQ,Burger King - Leslie & Elgin Mills,Niagara Falls,New York,3.5,7,Burgers
WfzZ_YB6ZUrT96mreWok1g,Restore and Replenish,Buffalo,New York,4,7,Beauty & Spas
RLzgTHMapOCk36PfQyPtDg,L'expression De La Vie,B0st0n,Massachusetts,4,4,Hobby Shops
gVMu_ToZCgRSzfBm_lsuRw,Restaurant Lafleur,Boston,Massachusetts,4,5,Fast Food
1u6JQZxMokmoVD_fwN4_9Q,Dunkin',B0st0n,Massachusetts,1.5,3,Delis
TtMRSbakzmWvfDDo5Ni3Hg,SJ Nails & Spa,The Bronx,New York,4,22,Day Spas
rcOzQrCZaX7IbocXmD-M9Q,Rochester Station Bar,Manhattan,New York,5,10,Food
kpyEn-jZ3zRcrg-mZ07_Ag,Grand Bargain Junction Garden PO,Manhattan,New York,2,4,Post Offices
ht45ZzhkAJq7MZ_VzkAM_Q,Cosenza Bakery,Oneonta,New York,4,3,Bakeries
NXLYMBKLcD6LyyMdiztJiA,Fanny O.,B0st0n,Massachusetts,4,4,Beauty & Spas
wCEIvbgs9p7RYapa-34wIw,Bazille,Manhattan,New York,4,11,French
8R9AU_VOj07gFIBMe94UDg,Bar 5295,B0st0n,Massachusetts,4,10,Lounges
oBW7pGHtp_sDMa7cMKJl0g,Noor Makkah,Manhattan,New York,2.5,5,Pakistani
1DTKI_PvBqg2RG-vjU5GxA,Criminal Records,Manhattan,New York,4.5,6,Shopping
p3qjmdZZFEMOTWJjmdTa3Q,Arctic Bites,Manhattan,New York,4,169,Ice Cream & Frozen Yogurt
Zt9Me4sjL3bD9WDZ4g_i_A,Bistro 36,Lake George,New York,4.5,6,Cafes
-5zVa6q1RPZAv4QvbiRKEQ,Bastone Hardware,Manhattan,New York,4.5,3,Shopping
Q3yVvXeU1FCZQR3iToo9eg,Caldense Bakery & Pastry VIII,Manhattan,New York,2.5,11,Bakeries
fUL9117LxmCrLLBkr1rfxQ,Le Bar Sportif,Waltham,Massachusetts,2.5,21,Nightlife
MSk0zUrks56mv0nHarfcAg,Mac's Convenience Stores,Manhattan,New York,3,3,Food
cpRlQyNZT0xsdCLb7UJc6w,Café Ricardo,Taunton,Massachusetts,4,4,Canadian (New)
fJ43QHYmFf_EbfHqI97ptQ,Shawarma Guys,Manhattan,New York,3,17,Middle Eastern
W1za3j8wsATKqhyLeBX4dw,Bubblegum,Manhattan,New York,4,4,Fashion
_tWzGYtWJsPL657zfzvkTg,C House Lounge Cafe,Manhattan,New York,2,10,Italian
IVycgW_eRmCpIfVN_eiPIA,Wow! Wing House,The Bronx,New York,3.5,12,Salad
k5Vlp6-5XjA2dHzEzC4xiQ,Statler's Lounge,Manhattan,New York,3,5,Lounges
EqklwVjVvlXAx15-Xeh5EA,Flying Pony,Manhattan,New York,4,19,Restaurants
g9p2Jnqnch_UXBJ9DRpcAw,Let's Be Frank,Manhattan,New York,3.5,5,Food
KLtTNUG0QJktzoioD2xeNw,Auberge Du Lac Morency,Burlington,Massachusetts,3.5,5,Hotels & Travel
uWKMG7gLHsHPcVBa7tfwMA,Pylos,New Bedford,Massachusetts,4,6,Greek
QIhLY8MyeQrluxlOe7uU0Q,Jj Hair Salon,Valley Stream,New York,3.5,18,Hair Salons
KMNr-4ygvoqmDpxFiocwSw,Autostrada Ristorante,Ithaca,New York,3.5,39,Restaurants
P1Xqm8AbwEbC8iidCJRaDA,Waxed Wax Bar,Elmira,New York,2,5,Eyelash Service
Qm4YxHnCPH5zc0kLjwSoCA,Asuka Fusion Sushi,Valley Stream,New York,4,16,Japanese
BxCzy1WOVxOrr_G7V4BIvg,Lola's Kitchen,Manhattan,New York,4,319,Gluten-Free
JH7L7Rx9HHdebl4f_TMYGQ,Yatta sushi and robata,B0st0n,Massachusetts,4,5,Restaurants
ZdSFgCsxEZ1nRuaE3Zu6bA,Future Bakery & Cafe,Manhattan,New York,2,12,Bakeries
rwKJHC-DE2aLTZiS_xFy7g,Magic Noodle,Niagara Falls,New York,3,118,Food
jUY45jUOAmW5MTeU1CX7Hw,Myungdong Noodle Shabushabu,Buffalo,New York,4,13,Korean
1ORcqQT1DUHkKEZr1NpbrA,Abokichi,Manhattan,New York,4.5,6,Soup
DYPbHkUtdq8HDecVxt4TwQ,Big Chubby Burger,Manhattan,New York,3,19,Restaurants
TxOjL5plaQ1803ad4O7WSw,Iron Chef Japanese Steak House Asian Cuisine,Buffalo,New York,3,54,Restaurants
rGUMcZ_2DvtVUGGMzlT2xg,Calla Nail & Spa,Binghamton,New York,1,3,Nail Salons
M8MvEyXhiGpvgtNX5PoVrg,MA Zone Home Decor,Manhattan,New York,2,5,Shopping
GFPFc2FbYAOVau5bpvfbrA,The Purple Purl,Manhattan,New York,4.5,18,Shopping
Kt1CdyWGY8w3FntxOG12nA,The Bronx Mazda,The Bronx,New York,2.5,5,Car Dealers
xFCfqtyoIfFSMJbL39jnEw,Miteras Pizzeria,B0st0n,Massachusetts,4,3,Greek
1kLBRbYQRJN7SQXLF98RKA,The Saigon Hustle,Manhattan,New York,3,5,Restaurants
bHkXX8y1EgoaHPwHxoFTZg,Accurate Gemological Laboratories,Manhattan,New York,5,4,Local Services
sTXzD30lkzR1t-u-e0UoOA,Louisiana Seafood and Steakhouse,Binghamton,New York,2,43,Restaurants
yEgnxd3aUUgUoG7qJiuDlQ,Oro Restaurant,Manhattan,New York,4,45,Mediterranean
kmF4ghAzgUNlKj0qifeSRw,Starbucks,Manhattan,New York,2.5,4,Coffee & Tea
NW7pgVTtAh7PSFq7S2LXiA,Eataly,Holyoke,Massachusetts,4,6,Restaurants
2affqR8mmNPuW1HdnFUAng,Tom's House,The Bronx,New York,3,7,Chinese
KNBHGY4rQVuoHxZf_6ANuw,InterContinental Boston,Boston,Massachusetts,4,80,Event Planning & Services
6QMmwsTop-I0kf_0EtHqNA,Shealyn Angus Weddings & Events,Manhattan,New York,5,3,Wedding Planning
fMhDdKSM2H3WNiWahEzDYQ,Organics Live,Manhattan,New York,3.5,3,Food Delivery Services
GNaERF3buFq54KHDr1KlXA,Kilo Fripe,B0st0n,Massachusetts,4,4,Shopping
hr86GarswrDgD9SpLtD9hQ,The Croissant Tree,Manhattan,New York,3.5,9,Food
e5lUODtid2iv9Ei2gkqRBw,Mario Et David Di Burger,Bridgew@ter,Massachusetts,2.5,6,Fast Food
CUiGyd8AJ2upGY13r9ZEkA,Tribeca Coffee,Utica,New York,4,15,Food
qtbOzUxuXOmVvsXessByZw,Baby Point Hardware,Manhattan,New York,5,6,Home Inspectors
fpFIX9TGU8m5rnHDT3Q_3g,Computers & Electronics,Newark,New Jersey,2.5,11,Computers
3wwUWawfkhecrSMdrgHdvQ,Buttonville Fairways Driving Range,The Bronx,New York,2,4,Golf
5-7DO7CgcEVbUKAua068rw,Baker's Best Bakery,Newark,New Jersey,4.5,8,Restaurants
AhRd1MUgnXhCQTTIu3Z2SQ,Spot Coffee,Manhattan,New York,3,47,Food
wdTnHPTKVLfBHUt6XZUjfQ,Bakery Gateau,Ithaca,New York,4,12,Desserts
9aaCEPKTf0PIBpxtVsP-6g,Modern Edge,Manhattan,New York,5,10,Hair Salons
o1zP8fUmWa_uU-JupFlA_Q,Burger King - Fairview Mall,Manhattan,New York,3,10,Burgers
tZt9k3BZ0AaXT4XCOEeRwQ,The Stone Lion,Manhattan,New York,3,27,American (New)
vrI7Zz_sKf2xohAdOtUL1A,Ye Olde Orchard Pub & Grill,Pittsfield,Massachusetts,3,16,Pubs
Q3_SSxFkc0Buh-_Q4SAn7w,Petsmart,Manhattan,New York,3.5,11,Pet Stores
fWqnklp-0bzpMNVVsfV90g,Tekka Sushi,Brooklyn,New York,3,49,Restaurants
SgleOMvjLq3tMC1PrYwr-g,Rôtisserie St-Hubert,B0st0n,Massachusetts,3,8,Restaurants
cD1265-PlVeEXJwG8Jefqw,Hazelton Manor,Ithaca,New York,4,5,Venues & Event Spaces
JV7jgq-a5XVkVE0XxJwCxQ,Express Shoe Repair,Manhattan,New York,5,4,Shoe Repair
K7wkgmHe4q5vvwVIIbcleQ,Pizza St-Viateur Monkland,B0st0n,Massachusetts,4,5,Restaurants
yENVQfQhSljHGz-BbHHKQg,Farm Fresh Mart,Manhattan,New York,3,9,Food
zch1Ecdhyt4doVcw-JACzQ,The Living Room Hair Studio,Manhattan,New York,2,3,Hair Extensions
M-Goi4CIoP-d7n-adI75Eg,Warehouse Wines & Spirits,The Bronx,New York,3.5,3,Food
nFcS1gSkaAPSJB8jXZXlOw,Crab Harbour,Niagara Falls,New York,3.5,31,Seafood
3N5bwNdig7uRddd3kozENA,Popeyes Louisiana Kitchen,Manhattan,New York,2.5,16,Fast Food
gZnw4b7wFxf8dYe-8E0t3w,Goldenview Chinese Restaurant,Buffalo,New York,3,5,Food
6DiN28S8JXwhaBBtI_T-HA,Bhaijaanz Grill,Buffalo,New York,4,13,Pakistani
dyq9my28t5NW8N-6s8OgfA,Snug Harbour Seafood Bar and Grill,Buffalo,New York,3.5,137,Seafood
b7wUWVV01xaa7E0FUNMDiw,DaiLo,Manhattan,New York,4,158,Restaurants
H0f7DAWYWia929TO0spgmw,Tandoor,Manhattan,New York,1.5,5,Indian
RNfEH9hbdH_K8qeOETTsvw,Lake George Toyota Limited,Lake George,New York,3,5,Car Dealers
yfnREHdNhUYuK6GyEUbDLg,Homestyle Furnishings,Brooklyn,New York,2.5,3,Shopping
3aNlU8tXuoO1JgCLEqU8dg,Forever XXI,Manhattan,New York,2.5,23,Fashion
2C8x0RxmqvCOmhvXce4-HA,Kim Phat Inc,B0st0n,Massachusetts,4.5,3,Grocery
q4RX0QVv-WpqKJvHJLzC3A,Badlands Vintage,Manhattan,New York,4,3,Shopping
twC6-xXeVjtprkGX2uCXdg,North Emira Community Centre,Ithaca,New York,3,3,Gyms
Cj435Jn9biBsBPKYKLmtuw,Tony's On the Block,Manhattan,New York,3,3,Food
iwSKt_VNOsflxngfOJLUaw,The Smokery Kitchen & Bar,Cooperstown,New York,4,47,Cocktail Bars
LYIriIwpuG7E960hr7lqGQ,Bank of America,Manhattan,New York,3.5,3,Financial Services
GMwL980d7cUEQl8VzJOebg,The Rib House Restaurant,East Rochester,New York,3.5,7,Barbeque
g2QMJcqBPpKxlMKdOvlGvg,Ricky's All Day Grill,Manhattan,New York,3,3,Diners
MO9hU4DrDpJMV1Zl_YAQAw,The Hair Lounge,Manhattan,New York,5,10,Hair Salons
re-KZo5dPJPZdK-Abqoifg,Resto Lychee,B0st0n,Massachusetts,4,9,Restaurants
BkH17TTyApCMb5bxOL72cA,Expert Mechanix,Poughkeepsie,New York,5,3,Automotive
oVLL7fv3qCIOFdQ-q1ecRQ,Afghan Kebab & Shawarma,Lake George,New York,3.5,22,Halal
x6gqsHNcevBp7nVYanqhIg,Mobile Klinik,Manhattan,New York,4.5,6,Local Services
HX0QhTVWztcawNof0KUhgQ,Holy Oak,Manhattan,New York,4,51,Restaurants
o3dA9fcwg84luw9yamk7wQ,Butter Chicken Roti,Manhattan,New York,3.5,52,Restaurants
zU2wJjJRuk7U7k30WY2imA,Lavanderia,Fitchburg,Massachusetts,3.5,26,Restaurants
ffluQUV9mqEzdqR8ZExdHA,Berries & Blooms,Brooklyn,New York,2.5,16,Restaurants
epb_jKqFvo34MoozEM3Qsg,Roti Cuisine of India,Manhattan,New York,4,76,Indian
DaUGCVXgCB3VH-66DPf2VA,Aphrodite Spa & Nails,Brooklyn,New York,2.5,7,Day Spas
m5ye9a_NdC_JxgsigHtU7Q,Zara,Utica,New York,3,6,Restaurants
9DOcSwj1I-vzCj1GwGZ-Uw,Restaurant Shish-Taouk,B0st0n,Massachusetts,3,5,Restaurants
X_uhikMu2ukz4a3at2PomQ,Magic Spot Grill,Poughkeepsie,New York,3.5,25,Burgers
W1l-NeA3WwguTPSF0RsqNA,Subway,Manhattan,New York,1.5,5,Fast Food
i1bwc_MLGgOIJ8S0r2uu2w,Panera Bread,Manhattan,New York,3.5,88,Bagels
mLcQaDhOV9EHtKg7c7jOmA,Mazaj,Haverhill,Massachusetts,4.5,5,Lebanese
mx9Vxe1Gp7dYBLaSe2mWhA,Luxury Nails,Utica,New York,3.5,3,Nail Salons
OSqxmZQ3YoDm17KWXEKgew,Time Square Pizza,Manhattan,New York,3,9,Restaurants
2i4lzMUG2I38c8tDX6d9mw,Café Melbourne,B0st0n,Massachusetts,4,38,Cafes
urkVZybwRNeOeu5vB2zUIg,Riz Restaurant On Bayview,East Rochester,New York,4,42,Asian Fusion
Y9maXvZV2rqx2xC8ml3lKg,Pulp Kitchen,Manhattan,New York,4,20,Food
he25lwYU_fofAiQqlPP5bQ,Restaurant L'eggsoeufs,Revere,Massachusetts,5,3,Restaurants
YUUMu8--KHqawES4fDOo5w,Sorocco,B0st0n,Massachusetts,5,40,Spanish
cdW1U4AVG83Tb3QnC5KY-Q,Librairie Millénium,B0st0n,Massachusetts,4.5,3,Books
Xhf3nW6UahoVpRMkVUlnJA,Te Aro,Manhattan,New York,4,141,Coffee & Tea
JOf872M0OWxX18qp9fTfAQ,America,Manhattan,New York,3.5,76,Lounges
kFcd0LEqIYe-xfE2892QHg,Dr. Comics,Manhattan,New York,4,7,Books
_t7gK-Nde9aNV_vf88wi5g,Gelato Pizza,Manhattan,New York,3.5,7,Restaurants
RCBNA5GkWhHIsVTz0Qryxw,The Home Depot,B0st0n,Massachusetts,2.5,4,Department Stores
DQbbE26lEFq4rEFSaEEhRg,KFC,Manhattan,New York,1.5,13,Comfort Food
eBqGqgZpWuM2dyPRpHbWdg,Tatami Sushi,Manhattan,New York,3,123,Japanese
Lk2I8GTjKLd_R1drktNWNg,Pickle Barrel,Manhattan,New York,2,116,Restaurants
c3OCDi85uP9ynD-1hwXWuw,Target,New Bedford,Massachusetts,1.5,5,Fashion
7VKpGSfELQAkzeSbH2Ka8A,A Taste of the Islands,Queens,New York,4.5,8,Canadian (New)
HPjOwB5dgIMdL3DOk6abGw,Dairy Queen,Binghamton,New York,3,7,Food
i4URW9lHMql9heBorNXD_g,Global Automatic Transmission Rebuilders,Manhattan,New York,4,6,Auto Repair
ZBLq6329RaoduatE5Gd9Yg,Oma Chiropractic & Wellness Centre,Manhattan,New York,5,8,Chiropractors
Cn0lDMuC7fn7o9OXCtEGZA,Elle Fitness and Social,Manhattan,New York,4,13,Active Life
mgl1iRRsuRyJD-Lbx4niOw,Olivo Fresco,Utica,New York,4.5,6,Specialty Food
CFqIxDZJxDCc1HYDAYSVpg,Hassle Free Men's Clinic,Manhattan,New York,1.5,3,Health & Medical
ORyR5StmKX5HjvFEV1oBXQ,Red Lobster,Manhattan,New York,2.5,31,American (Traditional)
iz_12kg8XJFdMUrIKXTk_w,Starbucks,Cortland,New York,3.5,9,Coffee & Tea
UchCwo9USi1ZBSI3RTgy7w,Buddha Chay,Manhattan,New York,5,25,Vegetarian
TQPxHfKykLLG6echeHru-g,El Rey del Taco,B0st0n,Massachusetts,4,122,Mexican
2z3gnLoBNJPlXswFDESFxQ,Poutine Lafleur,Cambridge,Massachusetts,3.5,11,Fast Food
iasUjK6m5knZZDSlNIRQSQ,Bellvue Manor,Ithaca,New York,3.5,5,Caterers
TnPNs12weH1gxBHOThVqfw,Shoubu Japanese Restaurant,The Bronx,New York,2.5,3,Japanese
V0uhdzIzLXzEaNl4Up8MJA,Sunshine Spa & Nails,Manhattan,New York,1.5,18,Nail Salons
yhhADeS0eu4dws_6rz36TA,T-Shirt Elephant,Manhattan,New York,4,4,Screen Printing
flEnFkUtW5YVowWbenXsSg,Sizzler Kabab,Manhattan,New York,3,32,Restaurants
wmh__iKlDcD5T19p4SYF-w,Sunset Grill,Niagara Falls,New York,3,23,Restaurants
OFAiA6En2HD0CqLkFDCNpg,The Host,Manhattan,New York,3.5,81,Pakistani
VfWbEJ1RQhEPVnBc7fkobA,Nails Salon,Newark,New Jersey,2,3,Nail Salons
HRXl58xZmK9UwcytFtFTJg,Han Kang Restaurant,Newark,New York,3.5,9,Japanese
h5csTpDRI7_oo1RUOeHOtQ,Nice City Nails,Niagara Falls,New York,2,3,Nail Salons
2PSc2RDLy2xh3FXabBYqOQ,Pumpernickel's,Manhattan,New York,2.5,9,Caterers
Q0M11fp8UpBfavdtI2K4YA,Best Value Inn,Poughkeepsie,New York,2.5,8,Event Planning & Services
lQsm5L6Fig_7iX7xoXZ2BA,Sushi Star,B0st0n,Massachusetts,4,5,Restaurants
s7Yaix-_9qfw-9UOGA1jJA,Angelo's Garden Centre,Ithaca,New York,3.5,3,Shopping
toToZX6V8-z9DZDogleJgg,Pandora,Manhattan,New York,3.5,5,Jewelry
i-uCLRE4Qju8cC7aUVXgUg,Montauk Bowl,Buffalo,New York,4,4,Active Life
sb_Bma1A7724FGb82ferYw,Shamrock Burgers,Huntington,New York,3,13,Restaurants
c0HKX5jnC1MslLKpKJExcw,Jane's Hair Salon,Manhattan,New York,4.5,7,Hair Salons
NTCq6kUPRqaQkJm4wOCESg,Body Blue,Manhattan,New York,4.5,10,Shopping
w-T4zTgKC1kVgKMC3fxKMg,Black Bear Espresso,Manhattan,New York,4,17,Food
r3A41yCxQk9WehxnvPeVvw,FilmPlus Photo Supply,Manhattan,New York,4,4,Hobby Shops
HUA5JcbIHbB2T3vkAfUkLw,Brazilian Blowout New York,Manhattan,New York,5,9,Blow Dry/Out Services
3y9QKmbU5BnIInw4yYhn9g,Hook Up Muay Thai Boxing,Manhattan,New York,5,3,Muay Thai
cQO9xpcVdOmYgHssKku_Fw,Peel Heating Service Experts,Binghamton,New York,2.5,3,Contractors
ECMzbtJ6TVZbTmWPT-fR6A,Roots - Newark,Newark,New Jersey,3,4,Men's Clothing
I8UYPAgvHbOpWmXsKQw1cA,McDonald's,Newark,New Jersey,2,4,Burgers
cqjLpxFG2iBmoQ3I0OwVxw,South Street Burger,Cortland,New York,3,9,Restaurants
D3pqjTcK1b2RDnlEC-l5PQ,Cafe Bistro L'amandier,B0st0n,Massachusetts,4,3,Cafes
zjSFSKeF20gXsz0ZanAG3g,Equinox Fitness,Manhattan,New York,4,9,Trainers
43txhtN0GCFtHzd3XMQ0CA,Dairy Scarsdale,Buffalo,New York,4,5,Ice Cream & Frozen Yogurt
TRWYNYqh87o40Ebv-MQqlA,Nguyet Minh Lo Banh Mi,Buffalo,New York,4,13,Restaurants
dfo-LKRBm40etYpH-Rcsog,Les 3 Brasseurs,B0st0n,Massachusetts,3.5,117,Breweries
zJIv1GZogXv8j__XRyVi6A,Cora,Manhattan,New York,3.5,124,Restaurants
qim0lD112TkDhm8ZyQlRnA,McCarthy's Irish Pub,Manhattan,New York,4,5,Pubs
Jevr21XEkatzB8PzKXGVPA,Buffet Chinois Mandarin,Salem,Massachusetts,3.5,9,Buffets
Q_e1E2pxWXelQbQp4Fvf8g,Grange Nail Bar,Manhattan,New York,2,7,Nail Salons
7HnlXTF9f29HOYfblGLIHQ,Toyo Grillades A La Japonaise,B0st0n,Massachusetts,4,16,Restaurants
URBmPpflhldLwgdNHFVYOQ,Mark 1 Cleaners,Manhattan,New York,2.5,3,Local Services
gMLmr0YQhf489vw934OINA,Andrews Bar,B0st0n,Massachusetts,3,7,Nightlife
S8qPfypilxgPq1a6JQYxvw,Steak Frites Saint-Paul,B0st0n,Massachusetts,2,4,French
mkD_-SGitlVrOcF1nnSfXA,z-teca,Manhattan,New York,3,17,Restaurants
U9NToT0l6YQFBJzncOLGBg,Dreamworx Ink,Oneonta,New York,3.5,11,Health & Medical
Ygrk0R6k0LP0xzd2NcTjQA,Breakout Team Adventures Inc.,Manhattan,New York,3.5,13,Active Life
exHDKkBY3UNcQDsJMXNMmZ,Mon K Patisserie,Manhattan,New York,4.5,68,#N/A
eDuULyzAzjlii1kJGyve9w,Daisy Nails,The Bronx,New York,2.5,3,Beauty & Spas
Sub0X8R1tVjscBIaCqykiA,City Nightclub,Manhattan,New York,1.5,7,Dance Clubs
SiGtGUlCPuU2JdDdERyZww,Restaurant Eche Pa'echarle Pena (Party) Touristica,B0st0n,Massachusetts,3.5,8,Restaurants
bAPjkuNJ67j2F4C5HQQHhQ,Kori Sushi,Manhattan,New York,4,40,Korean
CMhcVDLjmLOQhoO2gESXcw,Sun Hair Salon,Brooklyn,New York,2.5,4,Beauty & Spas
jaUhRm3lXOI_4KIEnLjJzQ,Focal Resto Lounge,Manhattan,New York,4.5,8,Lounges
Ul21-Y1VcoIXgpj15PjnoA,Electro C,B0st0n,Massachusetts,4,4,Mobile Phone Repair
2ebbnC4JEI6XcR7KuMjhGw,Starbucks,Utica,New York,3,9,Coffee & Tea
Wy-zxEXkqqJ14rxt0PBdrA,Pizza Madonna,B0st0n,Massachusetts,3,7,Food
8fOclthOuxV9JXGbgpacKA,Bloor Court Cafe,Manhattan,New York,4,8,Coffee & Tea
x9zNL2e4ZsVBkD5AY3EjFA,Alexandre Logan 1870,B0st0n,Massachusetts,5,13,Hotels & Travel
X6lidaXqFC4SGRAxA97yRA,Getaway Restaurant,Huntington,New York,2,6,Diners
Xjbu-Y6nCbJaOM0wyXm3hw,Dollarama,Levittown,New York,3.5,3,Shopping
R1kInDFP1vLdsVIJq03xHQ,Famous People Players,Manhattan,New York,5,7,Cinema
ecbZMKIRXJ2I8rmymMX1vw,Fit For Life,Manhattan,New York,2.5,3,Fast Food
gDHmIvhPNjUuV0AGeZSwpw,Vladimir Poutine,B0st0n,Massachusetts,4,15,Poutineries
NKJYblDUXRh9FfKPjufP_Q,Fortune Seafood Restaurant,Newark,New Jersey,2.5,17,Restaurants
sTvB1NsGHsCV4kTV5gWYMh,Gymify,Buffalo,New York,2.5,3,#N/A
E-K2U1RPX4Cy268CRxOMDQ,Messina Bakery,Rochester,New York,4,15,Bakeries
ambdEmh_wvkTDk8yQ3oE9Q,wemassage,Manhattan,New York,1.5,7,Beauty & Spas
PamK2jJ_-son73nYCH6sTg,Jus Aloha Juice,B0st0n,Massachusetts,4.5,4,Ice Cream & Frozen Yogurt
HtctU6CwYrKN3r2SL259EA,Yo Amo Tacos,Ithaca,New York,2.5,44,Mexican
DhvkVOnDDWwL-AXYtxIFgQ,Baskin Robbins,Manhattan,New York,5,4,Desserts
xhWMNL3CfdqDRatvXZ_FXw,L'Oeufrier,New Bedford,Massachusetts,4.5,3,Breakfast & Brunch
Q54d8ehZl_ZSCRArMA7s0A,Yonge Eglinton Dental Centre,Manhattan,New York,4,9,Dentists
Q2NK3G0vNf_J-9f4450HVQ,Tula Central,Manhattan,New York,3,32,Yoga
TOOxMbtTo8wuqlKt0F_ERg,Spa Sedona,Huntington,New York,3,7,Beauty & Spas
zXXk289J87sPH6l0GjiPaA,New York VR Games,Manhattan,New York,4,5,Arts & Entertainment
Dl-hhPCjRJM221XSwiuTbg,Legend Pot,The Bronx,New York,3,50,Hot Pot
tGRPPSJUXst2PSKyM-4FGw,Kevin's Taiyaki,Niagara Falls,New York,4,4,Korean
dG5gkQBQNDU0lNTSvlcZNw,Cyclemotive,Manhattan,New York,4,17,Bikes
RyGvZN-v44TddRHmd_gPMA,Garage Beirut,B0st0n,Massachusetts,4.5,91,Middle Eastern
FLtVhfTaYIz0C7AsU6KOuw,Cagneys Steakhouse & Wine Bar,Buffalo,New York,4,66,Seafood
CPjI7xsA-KGY1CwaWIZs8Q,Sensi Salon & Spa,Brooklyn,New York,4,4,Hair Salons
FsR-tEu4vJdsqyB4KBb-Rg,Brady & Seidner Associate,Brooklyn,New York,5,3,Home Services
AUZiuQpqFER4vt3aku99eA,Lick It Gelato,Manhattan,New York,4,51,Coffee & Tea
AAR5Ff7i9TlbOkNf8b5gtA,Marché 4751,B0st0n,Massachusetts,4.5,6,Food
KKcAFu4ySxHjPIggy8TvzQ,La Primavera Hospitality and Convention Centre,Ithaca,New York,3,4,Event Planning & Services
kXf-SBVDlZXEdv9RupkN7Q,Farine,B0st0n,Massachusetts,4.5,19,Pizza
O5-oPtM3iM6BlEQYx-Ljew,Leon's Furniture & Appliances,Ithaca,New York,2.5,3,Furniture Stores
fCi216FE_XkK2e5so4P6aQ,Old School Lounge,Buffalo,New York,2,4,Canadian (New)
U0u50U9lm-2D819FwjfDJQ,Vacuum Chek,Manhattan,New York,4.5,8,Shopping
rfxEueIVR3OTyijcoPAgqw,Terrines & Pâtés,B0st0n,Massachusetts,3,7,Delis
NOekdjvFFtCYTKvLN_XLxg,Shuku Salon Spa,Manhattan,New York,3,4,Hair Salons
NfbL91oFvP3dhvNka8rG5Q,Sumac,B0st0n,Massachusetts,4,72,Restaurants
7AUNuhfVo2z5JJ7HealW-A,Ô Soeurs Volantes,B0st0n,Massachusetts,4,5,Food
pdE-moDQznZL4sUX-jGKdA,Farmhouse Tavern,Manhattan,New York,4,188,Cafeteria
idS8mJPE5axaMoLgOy8EOw,The Honest Lawyer Restaurant and Bar,Niagara Falls,New York,2,18,Restaurants
hBWZTGZ5Rgf6-ETEqDRotw,The Home Depot,Buffalo,New York,3.5,6,Appliances
Sxyo6QeYDCAd5BCMZmN2-A,Meadowvale Town Centre,Buffalo,New York,4,4,Shopping
nKcBd-ninGXMDCBQ3xvrbA,Party City,Manhattan,New York,3.5,3,Event Planning & Services
uwwBCkX1c_CjChP95Q6DSQ,Demo Soap,Manhattan,New York,5,7,Beauty & Spas
Z9Ym43xFX4VPYmHzqo6nsw,Flying Squirrel Motorcycle,Manhattan,New York,5,6,Automotive
ePjPv_OMGAOM1jhzWjHlLA,Cul-de-Sac,B0st0n,Massachusetts,4.5,10,Women's Clothing
Xo15NUvvPieoEOmf57Et6w,Applewood Fish & Chips,Buffalo,New York,4,12,Restaurants
XTns3PtJSJgxEZXw9vAX5w,MeepleMart,Manhattan,New York,4,5,Hobby Shops
DcVdJBjHumhDI1AoSbmoNA,Restaurant Fu Kam Wah,Fall River,Massachusetts,3,6,Chinese
PWyoW9EG1SOxmBoNkCvRYg,Sefa,B0st0n,Massachusetts,4,14,Turkish
9O80i7p-1HodCW_jprLqaw,Sugar Blossom,Ithaca,New York,4,4,Beauty & Spas
UpRdaS8Cp0Bh6e-QmV5mEg,Trattoria la Volta,S@lem,Massachusetts,3.5,3,Italian
mPuJAD2dEw3Wax-JlUnEBw,Sushi Shop,C@Mbridge,Massachusetts,3.5,3,Sushi Bars
P76JDkYzSswHkC3FBnOxew,AMC Kennedy Commons 20,Newark,New Jersey,4.5,8,Cinema
xBzACGho8B_LklprR4V67g,Rogers Communication,Manhattan,New York,1.5,62,Mobile Phones
9ntLqGrBJ9RcUWtyXUkaZA,Beddington's Bed & Bath,Manhattan,New York,4,4,Kitchen & Bath
jgsiHIdUdgngrBPXtP6j8g,Herbs & Nutrition,Manhattan,New York,4.5,29,Specialty Food
dNYgMK4m8z13eAzMoyg3WQ,Petros,Fitchburg,Massachusetts,2.5,3,Restaurants
Fkkous6zgC6jBM3p-lmRLA,Michael Lee-Chin Crystal,Manhattan,New York,3.5,6,Local Flavor
ubtZJs1-T0peR7Tl-BDOjg,Parthenon Souvlaki,B0st0n,Massachusetts,3.5,4,Restaurants
Xi-BEAz8ckprJEJPh5DXHg,Annandale Golf and Curling Club,Lake George,New York,3.5,3,Stadiums & Arenas
ihW5mCeFuzouTzIIduNEFQ,El Chalateco,B0st0n,Massachusetts,4,17,Latin American
Hkdq1q2ohnViJnqaZij-wQ,Thai Express,B0st0n,Massachusetts,2,4,Thai
FJY3WbrP1UFPJaG_87kNdA,Hank Daddy's Barbecue,Ithaca,New York,4,31,Event Planning & Services
hX3qKoTnpzxTGiPuO2YVTQ,Boccone Trattoria Veloce,Buffalo,New York,3,58,Pizza
D7CnTsm8SCmbQghz1ioPdw,L'Orignal,B0st0n,Massachusetts,4.5,175,French
hm_9fXPdQgPffJP5btjVbg,Merry Maids,Buffalo,New York,5,5,Home Services
izWb95dNqMgVbi7CHg8mwA,Jugo Juice,Manhattan,New York,2,5,Food
7mV10OWvWZlvQahmoBrKTw,Négasaké,B0st0n,Massachusetts,4,23,Korean
iysZQg7sSSHId3WQphQf6A,Joe Fresh,Manhattan,New York,3,16,Shopping
i8x1ZPvmdYGu6yH_wvgNkg,Lov,B0st0n,Massachusetts,4.5,7,Vegan
VvSmE1NnTjnaTPHT0WrCaQ,Scarsdale's Café,Manhattan,New York,3.5,112,Vegetarian
i_YPTHbTPkc0FzrrwVo1Rg,Café Reine Garçon,B0st0n,Massachusetts,4.5,3,Food
MjJGUsxkq9sIwntMttIPlQ,MAC Cosmetics,B0st0n,Massachusetts,4,4,Cosmetics & Beauty Supply
roMIrAUtgNgBVb6kbYMRHQ,Ho-Lee-Chow,Manhattan,New York,1.5,3,Restaurants
RQ-dOd7rGVwlan2RJ2Q5mw,Liberty Street Cyclery,Manhattan,New York,5,8,Sporting Goods
Fygp6fXxdFvnP5zRLtCDeA,Augustina Boutiques,Manhattan,New York,4.5,3,Fashion
0blGtvJjdkNZt2MyDN9ChA,Dairy Queen,Newark,New Jersey,3.5,7,Restaurants
cr__ihwxDQ7hyq2ZfX172Q,Bach Yen,Manhattan,New York,4.5,157,Specialty Food
9vOcjkLd0tknNHn9lwoUTg,New York FC,Manhattan,New York,4,3,Professional Sports Teams
XXBZL4GxOvNyY5xOdDlN6g,Da Emma,B0st0n,Massachusetts,4,74,Restaurants
UTG1gJP4ABcd_Udy6b5gAg,Papilio Boutique,Manhattan,New York,5,3,Women's Clothing
0cCPUHqMTGBMp9UrhAn-Jg,Café Le Spot,Berkley,Massachusetts,4.5,3,Local Flavor
n-5dPbGyziS0SOkVDTquFQ,Maki My Way,Manhattan,New York,4,117,Restaurants
PDWdGtneKVgYSaRSP96_EQ,Rotisserie Ebal,Fall River,Massachusetts,3,6,Portuguese
iVCx91Wrn-CjpxJAyLHPxg,Axis Gastropub,Manhattan,New York,2.5,8,Gastropubs
5NOr85QxrXyiDmck_tjPCw,El Sombrero,Buffalo,New York,3,9,Restaurants
gjTpP_R9KWfcq5t5wK7fHQ,AnimeXtreme,Manhattan,New York,2.5,19,Bookstores
VSGcuYDV3q-AAZ9ZPq4fBQ,Sportster's,Manhattan,New York,2.5,7,Nightlife
ABR1Naam5qa9ufKr4NvoDw,Casablanca Tobacconist,Manhattan,New York,3.5,9,Watches
CSUiZJG3lt7sGphlcrKk9A,Navigate,Manhattan,New York,4,4,Hair Salons
D5XAErxJj5VbQjaQypb4Ig,Louis Souvlaki & Grill,Manhattan,New York,3.5,9,Pizza
b8cwL5L3241tOcqXywEfLw,DrainWorks,Manhattan,New York,3.5,5,Contractors
hvhaAbjt_rm4v0e-cTK6GQ,The Musket,Poughkeepsie,New York,3.5,71,German
VuB7-6dzO9ZaA1PUKlFd3w,Reitmans,Brooklyn,New York,3.5,3,Fashion
0a1BBSewiusfCalA9UVEYA,Irie Food Joint,Manhattan,New York,3.5,3,Restaurants
e9B_DBnyl7MiPyY7ySGR0Q,Sushi Today,Syracuse,New York,2.5,18,Sushi Bars
XrcB7Of1KfHlkeXYpHLIrw,Tibet Kitchen,Manhattan,New York,4.5,140,Restaurants
WB0I0P9M8ong5DE5eZoB5Q,Café Nomad Station,B0st0n,Massachusetts,3,4,Sandwiches
DBrlfbJp0wDCGmD0fCmwjw,Suite 88 Chocolatier,B0st0n,Massachusetts,4.5,68,Specialty Food
frMGezDOAMWnsBTno2WziA,Crepe Studio Bistro,Manhattan,New York,4.5,14,French
B0sReVYMUYBS_GcxRD0rmA,Provigo,B0st0n,Massachusetts,3,11,Food
cuxC5smoo7m8Z-nAGDWMaQ,Daal Roti,Buffalo,New York,3,19,Buffets
bOMahyE4RBytj8ptOdA70g,Linea Intima,Manhattan,New York,3,4,Lingerie
qDsELY45agGDuXX8BmzNSw,The Store on Queen,Manhattan,New York,4.5,5,Fashion
geQG2a9uO6Q9hXVx937Kbw,Burrito Boyz,Manhattan,New York,3.5,45,Mexican
DmdtVBgXWk285nAUWXfvvw,Hotel Zero-1,B0st0n,Massachusetts,3.5,66,Hotels & Travel
qlPyuJ77Znjh30I2kTs1xQ,Le Cafe Michi,Manhattan,New York,3.5,169,Restaurants
6u4tFgTFUgj9veFeUgyytA,JB's Street Meat,Binghamton,New York,4,6,Barbeque
zoJZ_LgSBq3YznjrzXkG3Q,Sushi T & T,Huntington,New York,4,58,Sushi Bars
f5O7v_X_jCg2itqacRfxhg,Sansotei Ramen,Manhattan,New York,4,647,Japanese
JEx1kAQjs49LuAgmbDknZg,Chuck E. Cheese,Syracuse,New York,4,4,Restaurants
AEx2SYEUJmTxVVB18LlCwA,Wilensky's,B0st0n,Massachusetts,4,75,Diners
Ggtj_CDWYGzJD6xD_m6DYw,Bar Mar,Manhattan,New York,4.5,7,Tapas Bars
eNbRmHgNUNyhqpCT_Xsklw,Nikolaou Restaurant Equipment,Manhattan,New York,4,8,Wholesale Stores
1eomYFLhoxC-y2PGnnNtlg,Bombay BBQ Hut,Niagara Falls,New York,4.5,13,Himalayan/Nepalese
QtF177m3puvo_zoKYP8M1Q,Starbucks,B0st0n,Massachusetts,4.5,5,Food
SEoKZba5UrYgpmxKzejoPQ,Alati-Caserta,B0st0n,Massachusetts,4.5,37,Bakeries
2gL0aUIPqe4rw7bJqfAA_g,Yummy Korea,Niagara Falls,New York,4.5,10,Korean
iNEyixUimzW0GsRefQeugg,Biscuiterie Oscar,B0st0n,Massachusetts,4,4,Specialty Food
TVLAvAFx0FqAkKGKHVjHpQ,Freshii,Manhattan,New York,3,34,Restaurants
Cj5Q45PySkj4ld67S1yL0w,Sir Sub SIr Greek,Manhattan,New York,2,7,Restaurants
bMTvOepAgtRpD9nrNEy8zA,Asuka Japanese Restaurant,Manhattan,New York,3.5,79,Restaurants
86kM5KzS7zhIskWW41YdTQ,Saint Cinnamon,B0st0n,Massachusetts,2.5,4,Cafes
Ziqn5N6UoRPAYP3XLK4fPA,Restaurant Tre Colori,Bourne,Massachusetts,3,4,Restaurants
0dehU3SgZM2GdGiktHqn_A,Shrine Circus,Poughkeepsie,New York,2.5,3,Performing Arts
d-BICbTVsElQvQqiK1_8yA,Right-Tech Auto Service,Buffalo,New York,5,3,Automotive
1LBvl8Fvf0iGQrSgATtwfA,Macklem's,Manhattan,New York,3.5,11,Baby Gear & Furniture
KXpLkqIA1RiWRD_amH07Ng,Sidra Restaurant,Utica,New York,3,4,Mediterranean
qrJzE1e9JraKqhpQqE8Flg,Queen Video,Manhattan,New York,4,5,Videos & Video Game Rental
dHhYOKM2FE1iDnCkBM77bA,Labl Couture,Manhattan,New York,4,11,Fashion
XROJOdu4YWGZR5kQO1C04w,The Chef Thai Fusion,Elmira,New York,3,4,Restaurants
uFTcyheegHAdRobLf_4Siw,Magic Noodle,Newark,New Jersey,3.5,193,Restaurants
MArB3aCWhazfb3XZhkK2pw,Premium Sweets,Buffalo,New York,3.5,29,Desserts
JL91y4hKIbT7qaw_9ARKPA,Upper Bathurst Animal Clinic,Manhattan,New York,3,4,Pet Services
LTO9FnQ9WtnqA9j9hYwNmA,Eric's Grill It Up,Ithaca,New York,4,7,Fast Food
A9W5rhp49EX-BYpALGLJdg,Bombay Touch,Ithaca,New York,4.5,20,Restaurants
n2uhwMwM9mGz-8eMSEeqTg,Namaste Curry & Tandoori Restaurant,Plattsburgh,New York,4.5,5,Restaurants
QjpSzBvyLHmsj8jR6ijq6w,Chinoiseries et Dumplings,B0st0n,Massachusetts,3.5,11,Restaurants
xzT7ZX8Ui_DoSByUdCDDIg,Aveda Experience Centre & Spa,Manhattan,New York,3.5,5,Cosmetics & Beauty Supply
7IqmaeQDsLHZ8svJwo-ueg,Boutique Articho,B0st0n,Massachusetts,5,4,Accessories
TCaj_fLjmd6ZAfqn4wczlg,Ok Tire & Auto Service,Lake George,New York,1,3,Automotive
Lh6ptJ5WItAUrpPWv082ow,Blue Ocean Nails and Spa,Manhattan,New York,1.5,8,Nail Salons
ubLmjjFNVUCtQqI-DiIgZw,The Frigate & Firkin,Binghamton,New York,4,6,Pubs
dKg7HM2mfRfL2hzut5KHLq,Aka Fuji,Cambridge,Massachusetts,4,19,#N/A
ng1FG0uuqW6Ia_GCUVkeTg,Caffè Art Java,New Bedford,Massachusetts,3,9,Coffee & Tea
gmXknoDzI63XveRkwZrJ3w,Dynacare,Manhattan,New York,2,3,Health & Medical
klg03XVgsalS-nJPa3l8Ug,Mainsha Restaurant,Manhattan,New York,3,5,Restaurants
crx0qEGxeHO2Jm1fV1yA9A,Shell Gas Station,Niagara Falls,New York,2.5,3,Automotive
uMdWhE4LTUg_FUxsnPqIXg,Thai Garden,Huntington,New York,3.5,8,Restaurants
PFHe1blTy2yPRpDk_OIrTw,Benna's Fine Food,Manhattan,New York,4.5,15,Restaurants
NvGk3pygiXNBQAYeVQkuLA,Kyoto,Fall River,Massachusetts,4.5,19,Restaurants
kqw6i7eEdc2wGRnt6GgVCw,High Park Physiotherapy,Manhattan,New York,2,3,Health & Medical
apYvJSTWHzt9VBMCtYmG1w,Mr Tint,Manhattan,New York,5,4,Home Window Tinting
W9wFhYz0hj9mQ_5vHfk31A,Kal & Mooy,Manhattan,New York,4.5,35,Ethnic Food
plb2U7cPahkcnTUemxF_YA,La Strada Fine Espresso Machines,Utica,New York,2.5,3,Appliances
cazhKpZb9z3qp4LlWKE6-g,Pasta Corner,Buffalo,New York,4.5,3,Event Planning & Services
AcCZJpxiPqyzKFjlwlwd0Q,The County General,Manhattan,New York,3.5,194,Bars
rmaNVBR2D_10blPLk_jtTA,Trios Bistro,Manhattan,New York,3.5,8,American (New)
hbculKnTyMBeMQgN3j0QxQ,SoftMoc,Manhattan,New York,1.5,10,Shoe Stores
gCDOxgaxo-20KMJwJE10lA,Swatch the Store Rochesterdale,Brooklyn,New York,2.5,4,Shopping
HawQd9jn10fJRGHxYZJLSQ,Restaurant Eggsquis,Holyoke,Massachusetts,3.5,9,Canadian (New)
5Ia6vsOi7XtkzKx7HNhC0w,Boulangerie Le Fournil,Fitchburg,Massachusetts,3.5,7,Food
P4h8kgy_48oE9vCHJc4BCQ,Silver Spoon,Buffalo,New York,2.5,39,Restaurants
2Ek4eCjYPqTQUVrqmexHfw,Dk Nails,Manhattan,New York,3.5,13,Beauty & Spas
urH0YHSjB3z8ogUJDJWJPA,Rotisserie Piri Piri Plateau,B0st0n,Massachusetts,3.5,41,Restaurants
EX_NM_g9zjVa-6hH6HrElw,In,Manhattan,New York,3,9,Korean
xqlbLQDrWQmLZPdnB92Mzg,Orienthé,B0st0n,Massachusetts,3.5,16,Hookah Bars
0SOLmRkzF0UNXQ4ppSvbrw,Looney Bazaar,Buffalo,New York,2.5,3,Discount Store
nwNBSFooLZWn6o9_ahhfUQ,Drake General Store,Manhattan,New York,4,5,Bookstores
BwWwUSBiGymiixwun5cVNw,Spa le Finlandais,Rosemere,Massachusetts,3.5,18,Beauty & Spas
grVfUvD9bvdDiK1UjlCo5w,Buffalo Rotary Ribfest,Buffalo,New York,4.5,60,Arts & Entertainment
Zn6DD4bPZPp0haHQB2U3Eg,Bake Sale at Six Points,Poughkeepsie,New York,4,34,Food
aj_8d9-RGJqMTdQt4LcufA,Delesco Weed Control,Niagara Falls,New York,4,4,Home Services
GBp17jRKrz6hdUf5Bil_7Q,Morgan,Framingham,Massachusetts,4,5,Fish & Chips
9MA7T15gbbcmKz43r_Ad0g,The Corner Bank,Manhattan,New York,4.5,20,Pool Halls
WRT_oEKjMSX-zNH8cd49lQ,Regal Nails Salon,Buffalo,New York,3,7,Nail Salons
yU3p0tEBtGuZLTcsBHw9uQ,Le Passé Composé,B0st0n,Massachusetts,4,49,Breakfast & Brunch
bAdlbqHs4ayJxOXOUFQDyw,Nami Restaurant,Manhattan,New York,3.5,113,Seafood
2ZU3ujOk7cDnIOIRGmBgjg,La Cuisine d'Izza,B0st0n,Massachusetts,4,4,Moroccan
lTWlfVXsqNLUKXO07E8mtQ,The Friendly Thai,Manhattan,New York,3,12,Restaurants
G5lEP6Nt8g7N9XJFTL-DFw,The UPS Store,Manhattan,New York,2,9,Professional Services
pPgyuGtcNIBRfrPFu3Vceg,Poke Eats,Manhattan,New York,4,40,Japanese
ia0OwGueTqaXHs4bRHF-iA,Nouilles Zen,Bridgew@ter,Massachusetts,4.5,3,Restaurants
u1q8eFN04mxxl_dx3M_EIw,Balisi,Manhattan,New York,4.5,11,Shopping
5nie8WoCB-MpEYT5uE6t4A,Toni Bulloni,Manhattan,New York,3.5,31,Restaurants
btvvVQS7A4dBYYoN1Xla0w,Hare of the Dog Pet Services,Manhattan,New York,4,4,Pet Services
mJL83yZhnfBy7HKOTKs-YQ,JV Supermarket,Manhattan,New York,3,4,Food
crZbkEScP4T6jOZA38J9qQ,Muki,B0st0n,Massachusetts,3.5,7,Coffee & Tea
DW9rq1YbLFgQEmQU1K2f3Q,Paramount Towing,Ithaca,New York,1,5,Automotive
WH6TE8U3B5BLRU2Ih4b4mw,Falasca,Manhattan,New York,4,50,Italian
gkQNfTEV_XprRvnfZEXPWg,Mike's Liberty Grill,Manhattan,New York,2.5,16,Diners
eEKfOX6KtQmLgb8z-1VfUA,Riviera Bakery,Manhattan,New York,3.5,33,Cafes
9eFyWPJZRKFT-nkqK9hXWQ,The Mall at South Valley Stream Square,The Bronx,New York,2,4,Shopping
4EAPZwebSpHEyiAteT0QJw,Target,Binghamton,New York,4,5,Department Stores
4sByoxLC_Blxx0RLgtIjnw,Classic Tan,Manhattan,New York,4,7,Tanning
uh9ianAy7l4ev6fQHEWusQ,Hot Yoga Wellness Binghamton,Binghamton,New York,3.5,3,Fitness & Instruction
dVRYrSyGcJKXerWJQ6AlMg,Anti Vice Juicery,Manhattan,New York,4.5,7,Juice Bars & Smoothies
035AcFz2oozXxkaHi83yaQ,Innercity MMA,Manhattan,New York,5,3,Fitness & Instruction
ulGfhcHUtiKBMqNb2-iVeA,Taste Marketeria,Utica,New York,3,4,Bistros
YQcYN7LJe4TRIU8zH1h79w,Envy Eyewear,Manhattan,New York,1.5,3,Eyewear & Opticians
ORRNO2vhU0r7d-LlwPmzkQ,Carstar,Brooklyn,New York,3.5,3,Automotive
2heWQDie_3KMARwH_NNdvA,Boucherie Et Grillade Farhat,B0st0n,Massachusetts,3.5,9,Grocery
bYwFgeFMyv0vdExEigm5tA,Bloom the Flower Company,Manhattan,New York,5,5,Flowers & Gifts
O_Arou6ZJP0A2pS65PPFcg,Get Melted Cafe,Manhattan,New York,3,31,Cheese Shops
BJAySWVMVt1qu5uT44AViw,AutoBerry,Oneonta,New York,1,3,Spanish
r2wtv92crR_huYQMB4ZTsA,The Everleigh,Manhattan,New York,3,27,Nightlife
GA_0Qo_hw5TSc2rjzGwb0w,Miss Bánh Mì,B0st0n,Massachusetts,5,5,Restaurants
KBsrFyn7g6AQlt5rNE6GPA,The Cupcakery,Manhattan,New York,3.5,16,Desserts
Fyh8i6g4dvVgEjOrqZsqcw,A Q Barber & Hairstylist,Manhattan,New York,2.5,3,Hair Salons
ZmYR0WLwgoCXoYEUP-KaDw,Starbucks,Manhattan,New York,2.5,11,Food
nNKGSpRiHm79HlA2mMdrAg,Regal Palace,Niagara Falls,New York,3.5,9,Chinese
i-30EkM_YcDLDWh97xRtRg,A&W,Binghamton,New York,3.5,3,Hot Dogs
dltDW0fS4HzxZ0A7PDT5jg,JAM House Seafood Restaurant,Buffalo,New York,4,33,Chinese
ORjPznwVJRRP43orwrObMw,Starbucks,Newark,New Jersey,3.5,30,Coffee & Tea
6UQ2c1PCmy1q-GtaF-EdaA,Shabu Shabu,B0st0n,Massachusetts,3.5,31,Barbeque
mVVoK2ADlKbvwitSqFY2hw,Pantry Foods,Manhattan,New York,4.5,10,Cafes
6XszstcESgKljj1U11PVDQ,Subway,Manhattan,New York,2.5,3,Restaurants
qlzJ8vU3TR0QZFpehoSwtg,Greenavi Cafe,Manhattan,New York,4.5,7,Coffee & Tea
1D8_eyNTJwil20wK2-_2vA,Serenity Spa & Lounge,Manhattan,New York,5,27,Beauty & Spas
9-TtmLrp4pwbSr-0YL5ATA,The Cut Above,Elmira,New York,3,5,Cosmetics & Beauty Supply
nbMWp-OTNymFSRMaUWlc1A,Zebuu,Manhattan,New York,5,4,Arts & Entertainment
4iuAQDvd9O4BkTrGG9BuTw,La Bouche Ktv,B0st0n,Massachusetts,3,4,Nightlife
H-EaRHT1tQXUl7vqYqiMgw,Farmacia Juice Bar,Manhattan,New York,3.5,12,Food
SHx7J61AeWjfsmP7RB6exg,Restaurant Little Saigon,B0st0n,Massachusetts,2.5,7,Thai
PVbH5Vct88ugwS5ApJdPWg,Anti Aging Laser Clinic and Wellness Centre,Manhattan,New York,2.5,3,Health & Medical
D094foijtm-Bu1ydD6imxw,Cabane A Sucre L'Hermine,Clinton Town,Massachusetts,2.5,3,Local Flavor
i2-hzUEWsaqA1M1GRlwynw,Thai One On,Manhattan,New York,2,42,Restaurants
EluIN94_26TTrTdtGI2aBQ,Pizza Thick,Manhattan,New York,4,18,Restaurants
fqp8XGbFB_yZe5E-JFxRNA,Allô Mon Coco,B0st0n,Massachusetts,2.5,10,Breakfast & Brunch
zsyQEMYhIDcdGLbf-kYlRw,Papa Johns,Manhattan,New York,3,11,Restaurants
NuGZD3yBVqzpY1HuzT26mQ,Gal's Sushi,The Bronx,New York,3.5,240,Sushi Bars
6L1T4qp9t9e3h25dJyRWRg,The Queen's Head,Utica,New York,3.5,17,Nightlife
0nddnkjG1RV8hdFdy_wCMA,Pain Perdu,Manhattan,New York,3.5,51,Restaurants
6sP5Ic6hgW1Pu_TIzjQnVg,La Maisonnee,B0st0n,Massachusetts,3,5,Nightlife
mMfoHvCxT0_opksAfd9tVw,Restaurant Sakura Chi,Orange,Massachusetts,4.5,7,Sushi Bars
0-O_5Fmm8q_7aBaFXFWZdg,Lucky Food Mart,Manhattan,New York,3,4,Food
0SNvAyFV7rFEjMCauknf-g,La Cocina De Dona Luz,Manhattan,New York,4,12,Restaurants
5foBHyoMbLFanSck9Zp2PQ,Pho 88 Vietnamese Restaurant,Newark,New Jersey,3.5,179,Vietnamese
g8pg0WUwkDqNoUxWJDIRYg,Thai Angels,Manhattan,New York,2.5,5,Thai
-0CTrPQNiSyClxhdO4HSDQ,Pizza Hut,Brooklyn,New York,2,20,Restaurants
i_ANiQPanHaBpJXe3THebw,La Vie Nails and Spa,Niagara Falls,New York,2,5,Beauty & Spas
v0ChDvwfRNW8id8oHcV_rg,Bela Vista,B0st0n,Massachusetts,5,4,Bakeries
QD6k_wORU3yrbt1AseXg7w,Mr Sushi,Manhattan,New York,3.5,15,Restaurants
yHIm8z6U4MAVRurRb8BuyQ,Mom's Kitchen,The Bronx,New York,3,27,Restaurants
qVdVY4YN0Rr0uKPkE1ltgQ,Le Mal Nécessaire,B0st0n,Massachusetts,4,80,Cocktail Bars
XB3BeCRh8QcIvwK4_CNCBw,e's beauty studio,Brooklyn,New York,5,5,Nail Salons
Mksyt1TZQ-7vzCZjeuzfAg,CASA manila,Manhattan,New York,3,189,Restaurants
S6zJV-41wHio080GHJf2AQ,Coliseum Newark Cinema,Manhattan,New York,3,10,Arts & Entertainment
Zcd2yYA5ck-38duDOg6dww,Bhai's Indian Canteen,Niagara Falls,New York,4,28,Indian
Xk6WxhdgJFCrp6vDiHAjsg,New Spiceland Super Market,Manhattan,New York,3,5,Ethnic Food
sQJEPiuBJHN5GVoeJi_-Fw,Max's Market,Manhattan,New York,3,24,Food
HpPCtuiaO8Tkc655O6-Wpw,Caboose Coffee House,Manhattan,New York,4,7,Restaurants
INnZ6bYoIN2M7bcP7Cb3bw,Empire Wok,Buffalo,New York,3.5,10,Chinese
xqWoSzk63yAWbfOTUcgiZg,Chuck E. Cheese,Binghamton,New York,4,5,Chicken Wings
vRuD9awneiGqZgwYPUjEGA,Scarsdale Asian Restaurant,Buffalo,New York,2.5,13,Restaurants
hR3xCRVCSsFrCUJpmy6vWg,KFC,Buffalo,New York,3,17,Comfort Food
E0rS03sB29GCXocpvVhW2g,Target,Manhattan,New York,3.5,4,Electronics
uRfpuhj488HyolxFIwGc0g,AvantDerm,Manhattan,New York,3,22,Doctors
lCbvbCkJOn2ABdHrcFqNzQ,Chez José,B0st0n,Massachusetts,4,92,Portuguese
avetnjFJc5Z3o_n7czQZhQ,Pizzeria Quatre Saisons,Somerville,Massachusetts,3,3,Restaurants
K_sbl7yJnDE-zqkGB7NxeA,Big Bite Burrito,Manhattan,New York,3.5,29,Restaurants
vuOGGx6KTbgfL-yIhmkTrw,Les Marchés d'Aliments Naturels Tau,B0st0n,Massachusetts,3.5,6,Bridal
QOlpCzJnVdcnxAmuIwdtEQ,Lattuca Barbecue,B0st0n,Massachusetts,4.5,80,Caterers
hr6tmq1Od89o8LANdFBJlg,Itsi Bitsi,B0st0n,Massachusetts,3,8,Bakeries
DS2b52h_jVmJqJyk3fqolQ,Twin Image Hairdressing,Manhattan,New York,4,6,Shopping
YLayCyasvK7uwNPpy-ixzA,Capital Grill & Pizzeria,Niagara Falls,New York,3,3,Pizza
FcXJCtP5VNBpRHW1lWLnKQ,Obama Café,Manhattan,New York,3,5,Food
t5wRrTWlUNZkhrHGByqI-w,Sheherzade Persian Grill And Dizi,Manhattan,New York,4,77,Persian/Iranian
GsVyqUySkPIk2xQpro_NGQ,Pazan Gallery,Buffalo,New York,4,4,Graphic Design
1DUu0NnQvKtvZIjE5A540A,Double Double Pizza & Chicken,Buffalo,New York,3.5,3,Fast Food
aeEVWgcUf1-f46Dk-EzgTQ,Fresh Cup Bubble Tea,Manhattan,New York,4.5,4,Restaurants
rfKVqRE2uB1U_jeFfqjssQ,Chopstick Cuisine,Buffalo,New York,4,25,Soup
ea08-5IdDCHw8yfd1gZpPg,Tasty Shawarma,Niagara Falls,New York,4,20,Restaurants
SMJIkwIezDGCfCsSteFzUQ,Car Deals Direct,Ithaca,New York,3,4,Automotive
OedNdVrDavAlUBV7d9oKXw,Porzia Restaurant,Manhattan,New York,4,27,Restaurants
TYvyrN4fGTBUx4EncK2LUQ,Andy's Fish And Chips,Manhattan,New York,3,8,Restaurants
cAuNhH53K5jiaSORdsdUeA,Le Parisien Sandwicherie,B0st0n,Massachusetts,4.5,5,Sandwiches
ZdvvhrDV6owGjNevY1D9-w,Maison De La Presse,Manhattan,New York,4,11,Books
7RffLpjX0uuggHaU2Ur4-w,Jus-T Cafe,Peekskill,New York,4.5,3,Coffee & Tea
el9DPCvqdQzdvHhT55jHvQ,Pizza Hut,Wellesley,Massachusetts,1.5,3,Restaurants
abaIvBrlg3QI4FUG1v3bdA,Café l'Artère,B0st0n,Massachusetts,3.5,11,Cafes
dk6c_rmpXmXR6VEXJN1_8g,BellyBuster Submarines,Manhattan,New York,3,54,Food
RiqYgxv-FdYcDe6hrkyqzQ,Sams Club,Manhattan,New York,3.5,7,Grocery
FE-nrTGrSH2vZA4hGB-YPg,Lucky Horseshoe Tattoos,Manhattan,New York,3,3,Beauty & Spas
FgdglZsn9jkkiuTIPOgaOw,UmJi,Manhattan,New York,3,31,Barbeque
wEbZip5NbzzuOSSpLSolvg,Sunwing Vacations,Poughkeepsie,New York,2.5,24,Travel Services
LRutQ1JxycXkjKeYot5fRQ,Cafe Bistro Lomo,B0st0n,Massachusetts,4.5,3,Asian Fusion
39nPYUxkRn8SQY29C322UQ,Love Me Sweet,Manhattan,New York,4,25,Patisserie/Cake Shop
LMH6FC-NniQ1uSnkabk9EA,Starbucks,Manhattan,New York,3.5,13,Food
3Phhm4suJ-9fVakKXJSMxg,Food Central,Buffalo,New York,3,7,Food Court
E4fa_su5r1Vd99cybRrG4w,Smile Clinics,Buffalo,New York,4.5,3,General Dentistry
j-_edie1hOUgWVHUGjSfKg,Chic Lash,Manhattan,New York,2.5,7,Beauty & Spas
wxROV-EDUPJ71nnAlxRA0Q,Subway,The Bronx,New York,1.5,3,Restaurants
v6n7iPus9739N0VHR_v2rQ,Stori Aperitivo Bar,Manhattan,New York,1,12,Restaurants
o0KOUmLUIUh5nuAlGXcsGA,Popeyes Louisiana Kitchen,Manhattan,New York,1.5,3,Fast Food
EfTKVvOpYNuU5bvxfjyMCQ,Hot Mama Noi's Thai On The Fly,Lake George,New York,4,32,Thai
eGZa9CSOeVaw-cWlgLo9Jg,Rack & Cue Billiard Lounge,Brooklyn,New York,3,4,Casinos
siG1NvTQrnJ9OT-FPAx4WA,Mr Greenjeans Restaurant & Bar,Manhattan,New York,3,54,Restaurants
LoB-Ho9DRsNcWkoz_a_vJA,Pho Le,Buffalo,New York,3,15,Vietnamese
jI0_xQE1Kh4JJ-HtfXEwTw,Le Petit Coin du Mexique,B0st0n,Massachusetts,3.5,19,Mexican
oQIm77kYhudya-36pZ-3_w,Ma Maison,Poughkeepsie,New York,3.5,22,Food
XLmXf5jPe-Ls6sId4hHGpA,C Lounge,Manhattan,New York,2,20,Nightlife
k-Jk0bQn40MlSuD8sVpotQ,Baker's Jerk House,Binghamton,New York,4,18,Caribbean
HwHXLMm9UF0XunRETPBklQ,Black Sheep Hair,Manhattan,New York,5,5,Hair Salons
AFEsEJKtdKO2hHm8W4J78A,Golden Empire Chinese Take-Out & Delivery,Binghamton,New York,2,4,Chinese
i2sSSIrgQg1fVjqYXZLvNA,PAT Central Market,Manhattan,New York,4,83,Grocery
fsMgUPvNasNOMoz5yx680Q,Pizza Hut,New Bedford,Massachusetts,2.5,3,Pizza
UiwiU_xxUwkJxil3cBm8Cg,Ace Gifts Plus,Manhattan,New York,4,5,Cosmetics & Beauty Supply
usbpn9RZxHvoX1RgvCnSHe,Chat Hut,Buffalo,New York,4.5,28,#N/A
x3tEg_gfe1Po8VEHmTHhOA,Auberge Le Jardin D'antoine,B0st0n,Massachusetts,5,6,Hotels
1WXqb1xkruLb79RMajgWjQ,Epilab,B0st0n,Massachusetts,1,19,Hair Removal
hyd85drzdwyxoZQ4bvqhrA,Dutch Bros. Coffee,B0st0n,Massachusetts,3.5,10,Coffee & Tea
FJMMPL3pxAPYGEPB0Hwlhw,Toca,Manhattan,New York,4,91,Dinner Theater
HOrp6zSzMUqk8LGOZvzwfw,Chateau Des Ongles,B0st0n,Massachusetts,3,10,Nail Salons
rsYgAQTdhR67D7QkSkI3sw,Nebula Nails & Spa,Manhattan,New York,2.5,10,Day Spas
fK5KzCYj35lEousKY_qAVA,All American Self Storage Newark,Newark,New Jersey,4,3,Local Services
GFrNQ6rTC2geR6vqLa-agw,The Valley Bar and Grill,Buffalo,New York,4,3,Bars
D7RVUrcKOl45BUCLFCYA9A,Clarke Koi Ponds,Manhattan,New York,5,3,Pets
tAVO-XCHGm9LJWlp9Yxmhw,Soup It Up,Manhattan,New York,1.5,3,Restaurants
NF5y2h5puwfpstsIV2prQQ,Double D's,Manhattan,New York,3,10,Pizza
fKryAddRkniArEV1wMLP5w,National Event Staffing,Manhattan,New York,3.5,3,Professional Services
UTFByYama3LENbuYRV9Lfw,Amir,Pittsfield,Massachusetts,3.5,4,Restaurants
bXysvJlRPTFTZ3fdvwRsYA,Tokyo Sushi,Manhattan,New York,3.5,21,Sushi Bars
9C24kha7Kzdl_qDJQMModw,Clore Beauty Supply,Manhattan,New York,3,14,Beauty & Spas
jZLFHdhD7XDeUT6KZZp8Qw,Urban Herbivore,Manhattan,New York,4,13,Restaurants
SnzXrfbJ7dqdbegLTQxHxQ,Mr Sub,Buffalo,New York,3,3,Restaurants
RZLPVxPmG5KO09KFLdwiUA,Digital Propaganda,Manhattan,New York,3.5,3,Printing Services
31KfCljxlb6zRS8r00lm2w,Duc de Lorraine,B0st0n,Massachusetts,4,52,Bakeries
rMXTBV9mC9IQ_SZyxxQ-ug,OLLY Shoes,Manhattan,New York,3,6,Fashion
GB5rqxY-lA6dSw7UxaBPjw,Beauty Addix Hair And Estheics Lounge,Ithaca,New York,3,4,Hair Salons
SjgeuBlgKER9yegpoxT99w,Nomé Izakaya,Manhattan,New York,4,374,Bars
0mM_smCpKeKaL0MPMKOLFg,Sukho Thai,Manhattan,New York,3.5,84,Thai
7SOq25mpqrtgWYUKh9NPjw,The Great Escape Book Store,Manhattan,New York,4.5,5,Books
HNH-ZKmrrgcwFmLowmbU0A,Funky Junky,Manhattan,New York,4,4,Books
suGZiaTXXyCk93Krzho3tQ,Michidean's,Manhattan,New York,4.5,5,Bakeries
N3CDEpX-3T5_ULMB6otPWA,Partners Kitchen,Manhattan,New York,4.5,3,Food
hx3tN7p4OC_apCEohO6-fQ,Naco Gallery Café,Manhattan,New York,4.5,7,Restaurants
XyLVmzOr0Qpav9HJeu7dwg,Sushi Shop St-Laurent,B0st0n,Massachusetts,3,9,Sushi Bars
GXXtn8kQNfOmzVbQBlBZ3A,Melonhead Children's Hair Care,Manhattan,New York,2.5,4,Beauty & Spas
M8PMF8Twcq4Cp7ppoQTE7Q,Aura by Cashew & Clive,Ithaca,New York,1.5,9,Restaurants
Jl1AxflLkp6eGYe8mIE0_A,France D�cor,B0st0n,Massachusetts,3.5,4,Food
_PY0SbzrfFiXOeK2eS4--Q,The Filly & Firkin,Cortland,New York,3.5,6,Pubs
IrwpPlbraFKnTouAbj2ztw,Moksha Yoga - Square One,Buffalo,New York,4,9,Yoga
at9gHrpvfL0DsknzfJvBDA,White House Black Market,Manhattan,New York,3.5,3,Fashion
qvpTD5jsTWhxTJO-a8Epnw,Opus Spa & Wellness,Elmira,New York,5,3,Day Spas
b1HCe64UWc9LA-B6jIZDZw,BimQ,Manhattan,New York,3.5,59,Restaurants
dU7SLTS6_HWo1YPHZ4DmOw,L'Avenue Bistro,Manhattan,New York,4,41,Restaurants
IAcPxaZtP8_ZCw2E22byUg,Shiny Salon & Spa,Newark,New Jersey,3.5,12,Hair Salons
zLgVXXbo57_xhKsoVDDETg,Bullseye Axe Throwing,Queens,New York,5,7,Active Life
IYsyXxSEB4gCEO7zG_YB4g,lululemon athletica,Elmira,New York,4.5,5,Sports Wear
YO0fC7aJv8PzZ1MGf_F6Vg,M sur Masson,B0st0n,Massachusetts,4.5,15,Restaurants
6kIlmP82sIq2jxhNGUkEtg,St Patricks Mini Mart,Manhattan,New York,5,5,Grocery
NdPbp-3uQKGnOpPo3s2Y8g,Chunky Chicken,The Bronx,New York,2,20,Chicken Wings
Z8s5EF2AbOlhmlHeipXLWw,Plus Printing,Manhattan,New York,3,7,Printing Services
Z8oHDvZR-IfTry_9ke-0jQ,Madras Pantry,Manhattan,New York,3,5,Restaurants
GVMes4m01azm1a31J7M0mQ,Book City,Manhattan,New York,4.5,8,Shopping
ViUfT5SN-CBA8NO_kR4k7A,Family Dentistry - Dr. Victoria R. Santiago & Associates,Manhattan,New York,4.5,3,Dentists
dHmxu6cSxcEFovv7J9sMvA,Portuscalle,B0st0n,Massachusetts,4,14,Restaurants
SgwyIg9sFQpSsu-nkOdETA,Cortland Toyota,Cortland,New York,4,4,Automotive
pQyPa2pdQSQCn5gjJW_BTw,Golden Stove,Poughkeepsie,New York,3.5,15,Chinese
0PE0mno-0KlOeEqAYOkBXQ,Grayline Boston,B0st0n,Massachusetts,2,5,Hotels & Travel
pyvxQ1eCeU62I9cWr5uo1g,2 Bros Cuisine,Manhattan,New York,4,13,Restaurants
KBVmXohpQ5E4g_VcYOeMHA,Loblaws,Manhattan,New York,3.5,13,Grocery
5eHHAGIrDDyvFZfQn1kX4Q,Raza,B0st0n,Massachusetts,5,5,Restaurants
Pd3QvV1-9j9JOFpfWdCVAw,Kara Optical,Smithtown,New York,3.5,3,Optometrists
uaPTZHgqZuP8-CjZREI-Xg,B & M Restaurant,B0st0n,Massachusetts,4,31,Canadian (New)
qwoxVl7ZjE6ViB-UQb5bYg,Joe Fresh,Ithaca,New York,2.5,3,Women's Clothing
Qm75yOKpBAwbgFMbTBjVMA,Tim Horton,Brooklyn,New York,1.5,3,Restaurants
huMqoilAhbu4J3TA_stY7w,La Floret Fleuriste,Cambridge,Massachusetts,4.5,5,Gift Shops
Z_XzE13zqGmAEWRmm3r_Vg,Laitue & Go,B0st0n,Massachusetts,3.5,3,Sandwiches
rJl3C3D5wE9lxHFMUC9L8Q,P&H Salon and Spa,Manhattan,New York,4,39,Hair Salons
bJjBj7g-Im71HUsi5Yw5Vw,Darwin Bistro & Bar,Manhattan,New York,4.5,12,Nightlife
wllHqzGd90Ve3kLioCzeqw,Optique Town,B0st0n,Massachusetts,4,6,Health & Medical
f5Q7Aq3DMBueKipalzpaCw,L-Eat Catering,Manhattan,New York,4.5,3,Event Planning & Services
KvgcdrMxHehMw8QgGVB75A,Paul's Service Centre,Manhattan,New York,3,3,Automotive
2eMgCYEeUKuE7IZG_ywsJw,Nick's Shoe Repair,Manhattan,New York,4.5,26,Fashion
vCFIhkndnlmJg5-Uz6N_dQ,Ste-Catherine & Burger,B0st0n,Massachusetts,3.5,10,Bars
3L3EO0U4Q4Wy3belbp5H7w,Classic Honda,Binghamton,New York,3.5,6,Automotive
C2OHXyTqq5nKvU4yPCJ20w,Fabio's Trattoria Pizzeria,Wareham,Massachusetts,4,5,Italian
6fqNwZFqjx-hb50XLCQNKA,Midas,Syracuse,New York,3.5,3,Oil Change Stations
pit_FU4U3oA-Wtmc1GYljw,Shell,Cortland,New York,1.5,3,Automotive
Fh1c0vjuy9i4kPJhLm1dQw,Appletree Medical Centre,Manhattan,New York,3,26,Medical Centers
8cCm3pCOouxIxcpsrWsifw,Wells Fargo,Manhattan,New York,2.5,3,Financial Services
NVgbvfxuDEyjoTqmkXmjHw,The Korner Pub,Manhattan,New York,4.5,3,Restaurants
9A2quhZLyWk0akUetBd8hQ,Bnc Cake House,Manhattan,New York,4,7,Food
jgEViqyT8qg5ZYjHzvD0AQ,The Audiology Centre Inc,Brooklyn,New York,3.5,3,Health & Medical
wTb3qNQDXyhHLTAg5eQxmA,True Love Cafe,Manhattan,New York,4,6,Cafes
hvjgF-vnPw2jyL5DBuB0qg,Garde Manger,B0st0n,Massachusetts,4,279,Diners
buqepzYPSr2wVvRvKCHdTw,Urbery,Manhattan,New York,4.5,7,Food Delivery Services
B3o5KdHU1eQUTc5LhAamzw,Bikram Yoga New York  - Bloor,Manhattan,New York,3,13,Fitness & Instruction
WmIShMUDi_HOueUTg4yy4Q,Cortland Tire,Cortland,New York,3.5,5,Wheel & Rim Repair
jQ_3r8FpXgI5q1-AdoK2-w,Nimbus Water Systems,Brooklyn,New York,2,4,Home Services
un0IeQuLvXoftV9IQ_V5Nw,Scarsdales Kitchen Buffet,The Bronx,New York,1,4,Restaurants
wVwdD_h_hJqXw0sQRzWSyA,Panino & Co,Manhattan,New York,3,4,Restaurants
PrOaPWv4lcAFCrmpRvfJHA,lululemon athletica Eaton Centre,Manhattan,New York,4,9,Women's Clothing
pJXhUly8CcrYan9FOrrjow,Al Mustafa Catering,Buffalo,New York,5,4,Restaurants
Ra6dcmjOIqDdBXremeGEuQ,Singh's,B0st0n,Massachusetts,4.5,47,Restaurants
0A4wL1DwQILnrRHE2Vd4xA,Buffet Chinois Fu Lam,Revere,Massachusetts,2.5,3,Buffets
7_ndnzIk10WAOrqvFZrvRQ,Curl Bar Beauty Salon,Manhattan,New York,3,8,Hair Salons
LuF_IGwMA4GdwYfw1Kkx4Q,Ararat Specialty Foods,Brooklyn,New York,4.5,6,Food
DyH7VLtWcI7K5a7zrqBsSA,Amara Couture,Buffalo,New York,2,4,Women's Clothing
whyNu5Cl8gMiQkdWPzaDXQ,Famoso Neopolitan Pizzeria,Manhattan,New York,3.5,28,Italian
12yF9Vz4vH5DXcSeiUt6zw,LTS Nails,Manhattan,New York,4.5,12,Beauty & Spas
YRWGkDCSVVu6LU5tOjMGyQ,KFC,Manhattan,New York,2.5,10,Restaurants
d-McqjAh8i9f23RI_U3Y2A,Sunshine Caribbean Restaurant,Manhattan,New York,3.5,3,Caribbean
NmCe-aQABjaLbSNvAOYMuA,Brûlerie aux Quatre-Vents,B0st0n,Massachusetts,4,4,Restaurants
VBy4li_dfKubGksFgP0ySQ,Clémentine,B0st0n,Massachusetts,4,5,Cafes
KJ88MH47cuusKFPDrYm3zw,"Jennifer Yu-Lopez, DDS",Newark,New Jersey,5,3,Cosmetic Dentists
x7V4wx8O_5EWP1SacNtWSQ,Flock Rotisserie + Greens,Manhattan,New York,3.5,13,Restaurants
5EvUIR4IzCWUOm0PsUZXjA,Motherhome Myanmar Cuisine,Manhattan,New York,3,4,Restaurants
3jA1uEWkZfIQThzF3OL_xg,Hotlomi Spa,Manhattan,New York,4.5,3,Hair Removal
T0ju0drMLfXJPNLnEsEYgw,Pizza Hot Wings,Manhattan,New York,3.5,3,Pizza
Vx6d8hdDhdlUifbF5QcvRQ,Tasty Food House,Utica,New York,3,4,Restaurants
ZnoubCAldciWJcO_osDObQ,Fix It Again Sam,East Rochester,New York,2,7,Shopping
pXlverM0Xn_fq7fpE0EsRg,The Yoga Sanctuary,Niagara Falls,New York,3.5,4,Active Life
toYzcHwL9ueu1cPfjnAL9A,Roses New Rochester,Manhattan,New York,3,19,Middle Eastern
i_A9g0RTUFMPgogDiSSdoQ,Dutch Bros. Coffee Colossus,Ithaca,New York,2.5,7,Bagels
1_qcKXfm8H8zecygxHjeWw,KFC,Manhattan,New York,2.5,20,Fast Food
wN-e8P2mB4EK4hl5xWPgzg,Boutique Singh,B0st0n,Massachusetts,4.5,3,Men's Clothing
I_ZymprETFtGEQg3HSNbAw,Les 3 Brasseurs,Pittsfield,Massachusetts,3,13,Restaurants
E0TuhAHIT9DTG83xDXcLGA,Queens Mall,Queens,New York,4,26,Shopping Centers
Dhs4peuD28349VdI8YOCVA,Varley Art Gallery,Valley Stream,New York,4.5,3,Shopping
cBu6Xc328h_ydhsUM9J6aQ,The Basak,B0st0n,Massachusetts,3.5,31,Restaurants
g2PHUhwjZTKeSOh6Lf2U_Q,Regency Racquets & Fitness Club,Binghamton,New York,2.5,4,Active Life
vwlLWOjZzzOFsvzap-G2kQ,Niagara Falls Pro Bowl,Niagara Falls,New York,2,8,Active Life
g4rBVDdbeDPKnJiNhNWgSQ,FreshCo,Buffalo,New York,4,3,Food
2VxWrTRKAIVYmrlLAtNY9A,Grenade,B0st0n,Massachusetts,4,31,Restaurants
QcnlGRG0TBds4HvzVwT7QQ,Cinko,B0st0n,Massachusetts,4,140,Restaurants
r3Px2dU0JatrrBBV66bBnA,Mr Souvlaki,Manhattan,New York,4,3,Greek
j7Rgozl24WrmDeqFCCKwQg,Grillies,Manhattan,New York,4,47,Restaurants
q_KQbgnaYDlPx8EHTydcBQ,Kiko Cafe,The Bronx,New York,3,63,Asian Fusion
1QLO57LyvlljHDHnh7zcSA,Lisbon By Night Restaurant,Manhattan,New York,3.5,65,Restaurants
fe-NZLHhRVqyWsq4oMBGbw,Katz Déli à L'Ancienne,B0st0n,Massachusetts,2.5,8,Delis
sHobmDWiTSsRvcE7H4KkgA,Wild Burger,Manhattan,New York,3.5,29,Burgers
qQFxxkSOUZFT9JwLoJ1a6w,Cartier,Manhattan,New York,2,4,Shopping
2lr4kuZOqoUBqYrVuJ_YvQ,New Way Carpet Cleaning,Brooklyn,New York,2.5,3,Home Services
8D0riP6OYLoQ_pPE7Q2MNQ,Symposium Cafe Restaurant & Lounge,Elmira,New York,3,47,Food
F_ODM9rnIaFTF7pwcWH-2g,Delano Design,B0st0n,Massachusetts,3,12,Fashion
KUaTgbnhY8QfIWkUVXztGA,Gondola Hair Design,Newark,New Jersey,4,68,Beauty & Spas
EdG0l0bQ2VLm7c9iwRJ11A,Danh Vu Delivery & Assembly Service,Manhattan,New York,5,6,Furniture Assembly
X_-wvVktcqIo7nnna2gQ1w,Ossington Tire,Manhattan,New York,3.5,19,Auto Repair
U0fN0HPOrBCAwQ5JfNaO_w,The Fortune Dumpling & Bubble Tea,B0st0n,Massachusetts,3.5,16,Chinese
f4-75b2hNSUXQGqBFUxxNQ,4 U Bad Centre,Buffalo,New York,3,4,Badminton
C9YuhkggOBn6Agai93M9mg,Istori Resto Bar Billard,B0st0n,Massachusetts,3.5,3,Pool Halls
M-TksVBC08cbIQmIhaQsWw,Zorro's Steakhouse,Buffalo,New York,4,53,Seafood
Pumz9xgviOv3KSTXsNNtqw,Hair by Lena Unisex,Manhattan,New York,2,4,Beauty & Spas
kNzU-4X8JMRvFdBpRX5NRw,Parsa Persian Cuisine,Manhattan,New York,3,14,Middle Eastern
LunrH-U9Yrx5BiqSYaxdvQ,Clover Leaf Cleaners & Shoe Repair,Manhattan,New York,2,6,Local Services
5oFbdBFca3-tZ_y_cBOFRw,McDonald's,Manhattan,New York,3,10,Restaurants
PvXIIRzRZGUMnu0CYEax4w,Taco Bell,Syracuse,New York,3,7,Fast Food
IU9tdRwepU5P8wrZ8rkWAQ,Subway,The Bronx,New York,2.5,3,Restaurants
GaIE4OBKgYtskIEm6CwDTQ,Dutch Bros. Coffee,Brooklyn,New York,3.5,11,Cafes
AMzz1UU3nN7CshAFK9X9mQ,Le Canard Libéré,B0st0n,Massachusetts,4,7,Specialty Food
r-rloylUStsq1nyG2tKvWw,Chipotle & Jalapeño,B0st0n,Massachusetts,3.5,20,Restaurants
qBFIPUEXBCI4nE3dsa7rlQ,Canine Clips,Manhattan,New York,4,4,Pet Stores
pLu3rPwdD65FEeFMqYS-zQ,Resto Cafe Chez Anas,Cambridge,Massachusetts,2.5,10,Restaurants
8NHV3DBvq9Q88ZtzdR6W2w,Le Saint-Bock,B0st0n,Massachusetts,4,147,Bars
FhgAHo-8--equM8w5UZ41Q,Aux Vivres,B0st0n,Massachusetts,4,325,Sandwiches
WO6zJO4MXE31hwM8f553PA,The Flying Beaver Pubaret,Manhattan,New York,4,14,Music Venues
m2OL7kEeI8O7yfZuzLLPxg,Los Chicos Brasa,The Bronx,New York,3.5,41,Restaurants
cRMC2eQ9CP6ivhEY8EdaGg,Chino Locos,Manhattan,New York,3.5,34,Restaurants
xLifcMUnjA8cVB8ANb_1GA,Hyatt Regency New York,Manhattan,New York,3.5,84,Event Planning & Services
o-4US-ls34JMq3nPSkw1WA,La Belle Province,New Bedford,Massachusetts,3.5,3,Restaurants
u25pOgGVw7PPpkVCMpc76A,Crémy Patisserie,B0st0n,Massachusetts,4,30,Donuts
aIBvcOjkAURJJ-UH0G-s0g,Bitondo's Pizzeria,Manhattan,New York,4,108,Restaurants
evMQa4LSPBoz869Ks0X3-g,Kevin's Nails For You,The Bronx,New York,3,5,Beauty & Spas
vr-e0q4_mkuvxzP-CclSBg,Pinky Nails & Spa,Manhattan,New York,3.5,67,Nail Salons
3IgJXLybb6YJb7vucBIuTA,The Fitting Room,Manhattan,New York,3.5,7,Beauty & Spas
YmsxZjn2RnOR1zZlPiNiAw,Leaside Plumbing & Heating Limited,East Rochester,New York,5,4,Home Services
FT9NfZs5GZvvBRqcfgA8mA,Animal Hospital Of Port Credit,Buffalo,New York,5,7,Veterinarians
wD1Yy62SM9NxXkKSzQ18DA,Sushi Shop,Boston,Massachusetts,3,6,Sushi Bars
X8hfgZqe_4_2tE7dyLSF3Q,Bitaraf Narges Nasrin,Manhattan,New York,2,4,Dentists
bHB-cDviPZcFKb5m9CAyEA,Pizza Chez Dany,B0st0n,Massachusetts,3.5,28,Pizza
kZW2RJdmb8Ymm22pLscYvA,Showtime Bistro,Manhattan,New York,3.5,30,American (Traditional)
8BjtvilVPNs1JOm3-BL66g,Kimchi,B0st0n,Massachusetts,3,4,Restaurants
pbaX7cFEeqjaa2AwxXkYYQ,DashVapes - New York,Manhattan,New York,4,24,Tobacco Shops
Dotyi31p8ANZq6plUL6nHQ,Getoutside,Manhattan,New York,3,42,Shopping
q_6nESzuHPGpS-6Q0hCeww,SS Kitchen,Manhattan,New York,4,8,Chinese
JB065aFyfEl8mRAIUT0b8g,Vivo Pizza + Pasta,Niagara Falls,New York,3.5,28,Restaurants
CzwowIhuiBfW9O0MqUJhKA,Tandoori Time,Manhattan,New York,3.5,24,Restaurants
dqXWQSaNMKf9fimx_AT31w,Remy's Restaurant,Manhattan,New York,3,48,American (Traditional)
08P4ExQ9aXPQHrgasIHVCw,The Urban Athlete,Manhattan,New York,5,3,Health & Medical
1ykKtHDwoN4Pll-IT648yg,Martin Bakery & Take Out,Newark,New Jersey,3,4,Food
Qw3sC3gKTXDakgGmBZV5HA,Ottoman Authentic Doner Gyros,Manhattan,New York,1.5,11,Restaurants
JccZKQS8-5Oikp0u30zZ8g,Skin+Bones,Manhattan,New York,4,154,Wine Bars
jWlcBNoPM8-_8Z0s-1sVdQ,Carstar,The Bronx,New York,4.5,3,Auto Repair
gPRoAnrl_kTmjqL-JVbA9A,Cabaret Vintage,Manhattan,New York,5,28,Thrift Stores
wfp95oQIcIAmh9_f1lUTOA,Cafe Dutch Bros. Coffee,B0st0n,Massachusetts,3,5,Cafes
mfSzFBZGHspQQ61tuczmdg,Good Morning New York Restaurant,Manhattan,New York,2.5,3,Restaurants
yE2l7iXRntFpULsMlSY-7g,Wow Philippines Eat Bulaga,Manhattan,New York,1,3,Filipino
yWA1uwLrW15yx9B_KIm05Q,Hitch City,Buffalo,New York,2.5,3,Trailer Repair
r9UXn4cVF62Jw3mJloo1ug,Smile White,Manhattan,New York,4.5,13,Dentists
Np8MXME68JGYxJQ01lDd3g,Bubble Republic Tea House,Buffalo,New York,3,83,Restaurants
jiwFt0i11UCJAieRcayHog,The Home Depot,Brooklyn,New York,2.5,11,Nurseries & Gardening
AyD3YZP8ysfKPsUSOiQ2VA,Monte Carlo Inns,Buffalo,New York,1.5,6,Hotels & Travel
Qf-1IXkQg-V4oS_FYjXhLA,Le Doggy Café,B0st0n,Massachusetts,4.5,12,Coffee & Tea
I2gBGx71rBGlKSKxT1f9oQ,The Stonemill Bakehouse,Manhattan,New York,4.5,3,Bakeries
RqOgBMpKYdsEOmBVmFXe3g,Ryus Noodle Bar,Manhattan,New York,4,195,Noodles
CBI5Yu3YZ_vXjDJZdEzfsQ,The Archery Game,Ithaca,New York,5,5,Arts & Entertainment
_u1Bq7QsgMUXSMex8QHqLQ,Burrito Boyz,Manhattan,New York,4,352,Tex-Mex
YJ0i8E4h2h4lRx0wKSxJew,Puppy Chappy,Brooklyn,New York,4,9,Pet Services
QS2-QZZ0x85zHUcUwpByWA,La Villa Fine Foods and Bakery,Buffalo,New York,3,15,Party & Event Planning
x1qPozYmiAQRe02JKzgmtA,Fiorio At Square One,Buffalo,New York,3.5,16,Hair Salons
V2k5pgUvgm1rTWjlYI5HbQ,Itamae Ayce Sushi,Manhattan,New York,3,60,Restaurants
oQpVhY9wnHdnZc4VZG7cuj,Starbucks,Manhattan,New York,3,4,#N/A
8Zqv-K_XpXYb3cu_KOXU9A,Cafe St Paul,B0st0n,Massachusetts,4,5,Restaurants
bsoKlobbW6Tns4sTh6PC-g,Lotus Nails & Spa,Manhattan,New York,3,7,Nail Salons
dvbcUnKv2awsIxog7dO4vw,Hong Kong Bistro Cafe,Manhattan,New York,4,59,Restaurants
kCeCxQmFNtN-qQNxtIbMyA,Dollarama,Buffalo,New York,2.5,4,Discount Store
HD10w7sMM9HkF4pM8BlJZQ,Pinkerton Snack Bar,Manhattan,New York,4,37,Nightlife
szJ3LxwnofMvzLPyU2rE9w,Call Me Cupcake,Smithtown,New York,4.5,8,Food
oQcbRx2iTYLqG3L9Hg1Req,Sunnyside Grill,Manhattan,New York,3.5,37,#N/A
3eKjj7VahnWjaNwpZnmYZQ,DentalX,Manhattan,New York,5,3,Health & Medical
u8NZ-A_3mfYwKXo9KB2EKQ,Triple Z Roti Shop,Manhattan,New York,4.5,7,Caribbean
QPy3zdMs6X_C5F7dVHKBPQ,Restaurant Le Coin G,B0st0n,Massachusetts,4,9,French
Tp9cP8DVYXD4_AxCYtEo1w,IGL,Cummington,Massachusetts,3,4,Food
msQ_rbEcX13rGtif3t1BTA,Grand Ichiban Sushi,Manhattan,New York,3,4,Restaurants
plfchqsDkXpHdRG966VspA,Dutch Bros. Coffee,Manhattan,New York,3,10,Coffee & Tea
hhk8EjNjowiM8hx50_xWiA,Tina Hair Studio,Manhattan,New York,5,3,Hair Stylists
M70JeYNeqESsKuDf7kkDkQ,Scarsdale West Village Chiropractic Clinic,Manhattan,New York,5,5,Acupuncture
yrgQjIVhr_PaMLCw2Xg5Kg,Winners,Manhattan,New York,3.5,9,Fashion
LtyoPfxpvcF_9e9wMoUi0w,Mandy's,B0st0n,Massachusetts,3.5,47,Salad
s2987pQW0zKfEB1RsRMpBg,FreshCo,Manhattan,New York,4,8,Food
bn8Fdi6e0yC_Qdld06cQ5A,Starbucks',Brooklyn,New York,2,3,Restaurants
mXsumyOgPP-cRQuFQmRivg,Barsa Taberna,Manhattan,New York,3.5,134,Spanish
ODZLMTbjCnpDNkW1JbMjlQ,Thaiphon,B0st0n,Massachusetts,2.5,6,Restaurants
Nz44ccUso3nq5S2OlQHNlA,Mexico Lindo,Manhattan,New York,4,118,Food
ASJnzKDBspQLeDhWNxZURg,Souvlaki Hut,Manhattan,New York,3.5,14,Greek
lviehxWGvjX69Ej4VWF5gw,Raja and Associates,Manhattan,New York,4,4,Optometrists
_2nm7OazRWd1LDvvMTDNAA,The Home Depot,Manhattan,New York,2,10,Department Stores
oSSBt84xp80tM4n-h5fXiA,La Mexicanada Restaurant,Peekskill,New York,4,49,Mexican
xd0LEYA1Sw2WqC-W9JGulQ,Pensione Popolo,B0st0n,Massachusetts,4.5,3,Event Planning & Services
wV5IYyqc35F1g3fSZjt41A,Portovino,New Bedford,Massachusetts,3.5,24,Breakfast & Brunch
_dXydCs8tNkJeoO0Mk30tA,Golden Star Chinese Restaurant,Binghamton,New York,3,8,Restaurants
bU5IgN1FnkkMc5aottoEsQ,Santa Barbara,B0st0n,Massachusetts,4,39,Canadian (New)
ef1ejD90EiEXVwT87I6RRw,Top Food Supermarket,Manhattan,New York,2.5,5,Grocery
GCvSY2oT-c87d0XXUSfvWg,La Petite Mangue,B0st0n,Massachusetts,4,30,Caterers
Fk3EJL73i9Uql92ndZscMA,Noodle Scarsdale Chinese Food,Brooklyn,New York,3,12,Chinese
HPg9hK2tMGgutgVLgg9TmQ,Bikram Yoga Boston - Studio Walker,B0st0n,Massachusetts,3.5,13,Specialty Schools
bR_KdBVLPZ8_bZ2A3LAOuQ,Libre-Service Esso,B0st0n,Massachusetts,1.5,3,Gas Stations
Xt2t3m5kpZXU4BCy8UxJww,Ma Tasse de Thé,B0st0n,Massachusetts,5,16,Food
QbPjfBt4FHJp_H2qIaeXXQ,The City Naturalist,Manhattan,New York,2.5,5,Shopping
6ZI-r4hyPnoojEl5WOsovw,Tiny Tom Donuts,The Bronx,New York,4,31,Donuts
gTSnnN_-TxgqOdpTd9xUkQ,Flirt Custom Lash Studio,Binghamton,New York,3.5,4,Eyelash Service
l_erQdv5rcYJ24QEA-BIKA,Salle De Quilles Pont Watertown,Salem,Massachusetts,5,4,Bowling
eK0fLZgS0oIHnhd5mWrTHA,Shahyad Kababsara,Buffalo,New York,4,15,Persian/Iranian
63S9s05SVber7I01CYiFfQ,ICONE Coiffeurs Visagistes,B0st0n,Massachusetts,3,9,Hair Salons
ZkoVqwkO0ySkQA7oC9WFCQ,Qualitea,Niagara Falls,New York,3,6,Tea Rooms
m4-_z5j_XKfpQmY8P1IojA,Liyuan Spicy Pot,Buffalo,New York,2.5,3,Restaurants
8VahwfvFkSFaY2j_HULkZg,Royaume Khmer,Edgartown,Massachusetts,4,4,Cambodian
yHsKB8oIstQB1nyHfKCbug,All Star Taxi,Buffalo,New York,1,4,Airport Shuttles
qlJb6KrQFXybgOYlxZyMyQ,Hampton Inn & Suites by Hilton,New Bedford,Massachusetts,4,6,Hotels
uj9jdgTjIMaMnaOfy1tVjw,Target,B0st0n,Massachusetts,3,7,Shopping
VcZQXpk6vYAXwemOrC9PTw,Sagano,Manhattan,New York,3,23,Japanese
KnVhr0sjt84wgO5pymWXsg,West New York Paint & Wallpaper,Manhattan,New York,1.5,5,Home Services
YSPwC1polC7TOwP1kkxkjg,Café Epoca,B0st0n,Massachusetts,3.5,23,Italian
o3e-gnS2ogbczPy6sHUHSg,Red Violin,Manhattan,New York,3,20,Barbeque
OlSpcJY_nXqWbdwdg4SNvA,Global Imperial Cuisine,Manhattan,New York,3,25,Chinese
ZIb8gZ6goPhUv-LbTEzUBg,Charlinda Belgian Chocolates,Levittown,New York,3,9,Chocolatiers & Shops
G3JEEOyJJDjERPubHNbiZg,Sushi Friends,Manhattan,New York,3,47,Restaurants
DGeNpP9BiH41S_RKh0wxiA,Avenue,Manhattan,New York,4,11,Lounges
AcWAop2TvCRp-DhWl7qR6w,Pèlerin-Magellan,B0st0n,Massachusetts,4,25,Brasseries
Cp3YRVZojrCGeQS41Hf1pw,Pho Hung,Manhattan,New York,3.5,351,Restaurants
2ZEnhnWEascgZDMdf6kfAg,Chez Chen,B0st0n,Massachusetts,4,13,Chinese
SvBYXF90-eqcxD8sAHzZfw,L'Alexia Restaurant-Taverne,B0st0n,Massachusetts,3.5,4,Mediterranean
sO22XvT_onUGtUhF28dhIw,Big Mamma's House,Huntington,New York,3,15,Burgers
b6mc6m1qForW6Uh5KRw_zg,Bull and Firkin,Manhattan,New York,3.5,23,Bars
Tol3SFEtO-fOUHbFdSPeew,AspenClean,Manhattan,New York,5,4,Office Cleaning
YExQ2rZvKMHUz06kBW0mvA,Spaces Self Storage,Manhattan,New York,4,8,Local Services
x4cCFdLMKOudfIyxOMtUJA,Pizzeria Melrose,Boston,Massachusetts,3.5,16,Pizza
oBbvNxqVo4XCmgkYJZBsBA,Rotisserie Sud-West Bar-B-Que,B0st0n,Massachusetts,2.5,23,Chicken Wings
aTRnnM41SxIV-u4rUwceOg,Gasa Restaurant,Newark,New Jersey,4,14,Indian
0YNie6WxpqG7N4P1qgWuqQ,Vosier Autosport,Lake George,New York,2.5,3,Automotive
VuCOe3MaiqKEgYtJbD0d2w,Kitchen Table,Manhattan,New York,2,12,Food
Fd2RUB_FhhCklEMTLZTmeg,The Estate Banquet and Event Centre,Manhattan,New York,4,8,Event Planning & Services
ovs1LmyuvIhr0_PHdNq6RQ,CVS Pharmacy,The Bronx,New York,3,5,Drugstores
9xitj8uws6IpbhlxV5tpSQ,The Only Cuisine Corp,Manhattan,New York,3.5,10,Restaurants
RXjkHizLa2YuZ4cnNqyrGQ,Alleyne's Gentlemen's Grooming Centre,Huntington,New York,5,3,Professional Services
XfDtMGe0Vsw9NlzJSrqZAw,Phoenix Bubble Tea,Buffalo,New York,3,3,Ice Cream & Frozen Yogurt
1txYN5mh8kghO_Js8I48sg,Greenwin Square Mall,Manhattan,New York,2,9,Real Estate
TgjpcqIhZ4ONmp1AaxDLPQ,Sweet Tooth Tea House,Manhattan,New York,4,5,Restaurants
PFS9kf3U-ZCvpqay3AaNnQ,Drake General Store,Manhattan,New York,3,13,Men's Clothing
jzlM7V5HPaERu2MBmsSXDw,Blitz Print House,Manhattan,New York,5,10,Professional Services
KObbYxMsDmjoF8T3RhpOCw,Sushi Sushi,Buffalo,New York,3,47,Japanese
7mEOaifDP-1eGu_7KgsiaA,Ido Cafe,Buffalo,New York,4,4,Cafes
GNbt4zOe7QPWrvxNkP4Wug,Bellerive Pizzeria,New Bedford,Massachusetts,3,6,Fast Food
SC3jI19OD8z6hrqBZd1Ccw,Dunkin',Brooklyn,New York,2.5,6,Food
dqt7QeX1iOgY61vb_flj9A,Capital Sweet And Samosa,Newburgh,New York,3,11,Desserts
2bUK2xslXInox0gjapJjlQ,Iryewon Asian Fusion Restaurant,Ithaca,New York,3.5,28,Korean
TgRCO_qvXDdWiqj2flkJMg,Tutti Frutti,Manhattan,New York,2,5,Specialty Food
dKCBBye720XMYjM6-GAxUQ,Upper Crust Bakery & Café,Queens,New York,4.5,4,Bakeries
c-hapDBIAZ9Uw4pB59Xc-g,The Hearth,Buffalo,New York,2.5,140,Canadian (New)
R7n6N3nwq3tOA5kAifipKg,Khorasan Kabab,B0st0n,Massachusetts,4.5,10,Persian/Iranian
BY0o4pOtNPKyTklTFXDJpg,Dineen Coffee,Manhattan,New York,4,236,Coffee & Tea
Ml1--CHpJklyjMltwF_0yA,Wild Wing,Cooperstown,New York,3.5,3,Restaurants
LwbBzxWk6NPqkM1CzFW0bQ,Bake Sale On the Scarsdalesway,Poughkeepsie,New York,4,16,Bakeries
XbG4OgFoaSIxQxVRhTxU2w,Kitchenette,B0st0n,Massachusetts,4,43,American (Traditional)
RMjCnixEY5i12CiqnskiVw,Masa Sushi,Ithaca,New York,3.5,66,Sushi Bars
R9-ZfAN3nPV-T9VG8v8Xwg,Buon Giorno Italian Bakery & Deli,Huntington,New York,4,10,Italian
jemdJGfzecsGq32yuTnaYQ,Pita Ikram,Manhattan,New York,3,6,Diners
FMaLenoxzcwspICbGDiYGVNA,Royal Orchard Thai Cuisine,Elmira,New York,3,26,#N/A
YaOaqa6iwOq11FzdmNatQw,Pho Xua,B0st0n,Massachusetts,4.5,3,Food
YFamMJYgBmsFKj6x6xR_jg,The Alternative Cafe,Manhattan,New York,4.5,3,Coffee & Tea
5rEI3Pcp9Cika9JsPm0VkA,Inaka Sushi,New Rochelle,New York,4.5,20,Japanese
fJqr94JUtAuJNwXiIdJtxw,Soup 'n Such,Manhattan,New York,4.5,13,Soup
UMGv4bNkp2V9KGw7F7pqxg,Boutique Lustre,B0st0n,Massachusetts,5,4,Shopping
KfJ6R8wdz45xa0NmRjIJ1Q,Switzer's,Buffalo,New York,3.5,18,Restaurants
B7l3x65Nn_lqC4Xl83ZL5g,Fortinos Supermarket,Binghamton,New York,3,7,Food
bdDLRiAeo1hksFGw9Wn7oB,Pi Co,Manhattan,New York,3.5,49,#N/A
UjMj1di0YkAbpDkjTM3SMw,La Méditerranée,B0st0n,Massachusetts,4,4,Restaurants
PFltMxuCOombEvD86sVujQ,Orange Caramel Tea Cafe,Manhattan,New York,4,48,Food
6OTd996akp51W706Jfsb-Q,Master Mechanic,Manhattan,New York,5,10,Auto Repair
YOFvIxU3xQH7jmqHcUjofQ,The Kebob,Buffalo,New York,4,9,Pakistani
LNsD1ZHQkHkfNGb2tD-jQg,Evexia Spa,Manhattan,New York,4,12,Waxing
CJ5XHM-bt7_OSyZiqoAo_w,KFC,Cortland,New York,3,4,Comfort Food
I3gPY87hRifDT3pfRx7Z3Q,The Auto Service,Manhattan,New York,2.5,8,Auto Repair
dYEK0HhlLgJbObWDCWxFWA,Hollywood Canteen,Manhattan,New York,4.5,3,Hobby Shops
DALNtVbXH9zAbwlPbjYYrg,Symposium Cafe Restaurant & Lounge,Oneonta,New York,3.5,45,Breakfast & Brunch
hoTpqmlus91I6B9MjKmdXw,Yakamoz Grill,Brooklyn,New York,2.5,4,Greek
n9e07UjPBtISh97tJywluw,Cineplex Odeon Corporation,Binghamton,New York,3.5,10,Arts & Entertainment
5TnonKvP5-7aXnGDRbBJKw,Noir Nail Bar,Manhattan,New York,2.5,11,Nail Salons
qdnR6gD22YZWlI-jkQ1vUg,Le Saint Jacques,B0st0n,Massachusetts,4.5,6,Restaurants
sa283cdEu5tztpv7vw0oXw,Crema Coffee,Manhattan,New York,4,42,Food
oZUwUMRnz0hUpzmg0G7kLA,Cantina Mexicana,Buffalo,New York,2.5,30,Mexican
37RvvG6JHnf15bz8n4aY7w,Centre Rockland,Norwood,Massachusetts,3.5,14,Shopping Centers
y1-dT-QJa-iGmirS6zA3oA,Taste Of Tandooree And Sweets,Manhattan,New York,4,4,Indian
-2mTrGw66Sg-ipomugRlmw,Centra Food Market,Cortland,New York,3,14,Grocery
606lHID5NgVXKaODWnS1oA,Restaurant Kejaki,Fall River,Massachusetts,3.5,9,Japanese
EJHDhuxYQNWhSENrWX6OHg,Put A Cone On It,Manhattan,New York,4.5,42,Food
ATqO2OqqeZnctPD3JlkPhA,McDonald's,Manhattan,New York,2.5,7,Burgers
tKEfnlblZ4zFYyNpVSGkSA,Cornerstone Physiotherapy,Manhattan,New York,4.5,25,Acupuncture
vqCrZ3vowmcofFtwkODhyg,Gorhegorhe,Manhattan,New York,3.5,8,Karaoke
eN85fyOmq5f5WJCS0lJJPA,Restaurant Le Lotus,Arlington,Massachusetts,3,4,Vietnamese
aX90_UwIeKS6lCaqdY5-CA,La Belle Nails and Spa,Manhattan,New York,4.5,6,Nail Salons
zEwQJl9haP5BYIl0peOpGA,Sugo,Manhattan,New York,4.5,9,Cocktail Bars
A1Xgwse4245M7bTglE5jXA,Firkin On The Bay,Manhattan,New York,3.5,27,Bars
F_oPMHJrH42R67xp5eKtQA,Yummy Korean Food Restaurant,Manhattan,New York,4,145,Korean
sF7md_NdYUzXLl5ZtwwC4g,Qui Ristorante Pizzeria,Manhattan,New York,4.5,12,Restaurants
qfcNdzWyYLh3F0YYMjo0mg,Joons Restaurant,Manhattan,New York,3.5,61,Restaurants
Q-cNS-72xw4Kd-_O9cB7cw,Hot Oven Bakery,Manhattan,New York,3.5,14,Coffee & Tea
K7szuaFnuV6nz4w_i-bLPg,Ma Poule Mouillée,B0st0n,Massachusetts,4.5,182,Restaurants
8c-TBTEq6ryfiJXzvxM6OA,Pizza Tomato,B0st0n,Massachusetts,3,3,Pizza
t_J0tbNB4rmHOb9NBsN5SQ,Eye Love Beauty Bar,Manhattan,New York,4.5,56,Beauty & Spas
6iJLEBwnPUvhPXs-HtAhuA,Windsor Fine Bakery,The Bronx,New York,4,4,Event Planning & Services
6P7_lOtMrZaNYy-LbsZDhg,Landry & Filles,B0st0n,Massachusetts,4,12,Food Trucks
s8qhewnW9LXH1WLFD3AbTw,Apkujung Restaurant,Brooklyn,New York,3,26,Korean
eremwEUrZUbg9FHMleD0_A,Taste of Shawarma,Manhattan,New York,3.5,26,Restaurants
ZS0Up4CaFPfkkgr8tJhZtg,Madame Thai,Revere,Massachusetts,4,5,Thai
ioEdisf6TTCoUbfQDnUCjA,Sharkey's Village Cafe,Manhattan,New York,2.5,15,Restaurants
mpe-PAE1Z_tZI8N32I3TVQ,Super Choy Restaurant,Newark,New Jersey,4,4,Restaurants
y74H_27Vje2rM7s_xJch5w,Rock Lobster Food,Manhattan,New York,2.5,48,Bars
J3FYRxJIOAh6tJU0AonZjA,Layla's Aesthetics,Niagara Falls,New York,4,16,Beauty & Spas
Tspflnt3yelkgZFnH90_bA,Sobeys,Manhattan,New York,3,8,Food
2oWhTnUCWVuQiPOflVOh2A,Noël Eternel,B0st0n,Massachusetts,3.5,7,Home Decor
Loc_4lDuT2_WlDaBEG7VyA,Salon Eminence,B0st0n,Massachusetts,2.5,3,Massage Therapy
UpJwPUsiyZXZn6izNGSr_A,Home Installers Furniture Delivery + Assembly,Manhattan,New York,5,3,Furniture Assembly
GhTh08iHJGMgkXBqiAHKcA,Sparks Salons,Manhattan,New York,3.5,30,Eyelash Service
hX-ggBrHXxRpnkwp9hRfsA,La Table du Pêcheur,B0st0n,Massachusetts,3,8,Restaurants
y51P_yFit9KJwNyJpyLoPA,Officina,B0st0n,Massachusetts,4.5,11,Restaurants
iB4szj-Lu6whvPO12BO6qg,Thai Heng Restaurant,B0st0n,Massachusetts,3.5,3,Thai
pwXkM4yHrcojgnx2qJQt7A,Pizza Hut,Manhattan,New York,2.5,10,Chicken Wings
HRb5DmUyKan1osLg0y2Onw,Café Jeanne D'Arc,B0st0n,Massachusetts,4,4,Cafes
o0Kh5hhawC71IjvA5g0SqA,Yarns Untangled,Manhattan,New York,5,4,Arts & Crafts
DHLYtlJYefjAJdAxp8E-bw,Lenoxne Sushi Bar,Haverhill,Massachusetts,3,4,Sushi Bars
W7RSPg8qkALTgd-eqI7E6A,Starbucks,Norwood,Massachusetts,3,7,Food
yELNcAA9ZfoBPTYc-gRFxA,Affordable Dog Grooming,Manhattan,New York,3,3,Pet Groomers
9Kr4RyM9kQrnW1i1d1bkgg,401 Richmond,Manhattan,New York,4.5,7,Arts & Entertainment
y-MIqJ6jvcvwC6ZH05wZoQ,JC Mart Dry Cleaners,Manhattan,New York,1,5,Dry Cleaning
usEYFz9XyJrZSWFPtJh9CZ,Beer n Wings Sport Bar & Grill,Manhattan,New York,2,5,#N/A
P5O3wTsW8bdWQV-zf4G_Vw,Baxo Cuisine Bar,B0st0n,Massachusetts,3,6,Gastropubs
r-YMM2Ibe80-APKShjo46A,Marish's Boulangerie,Buffalo,New York,3.5,12,Bakeries
cm9MF6XFm_NIVkHegT0MRQ,Cinnabon,The Bronx,New York,4,11,Bakeries
XDBup2mt8sp0UadZdooDJg,Marca Trattoria Pizza Pasta,Syracuse,New York,4,8,Restaurants
pVXMWWv5mGWKyZyD74VtPg,The Silver Dollar Room,Manhattan,New York,3.5,20,#N/A
qNhcuP-NccRr51c1GbnbPg,The Chicken Place,Brooklyn,New York,3,26,Food Delivery Services
Ee2d2D0pjQF4oExg9PQ5tQ,Popeyes Louisiana Kitchen,Manhattan,New York,2,3,Restaurants
Kw06PxDkF8gNMVWntmBKTw,Wonton Chai Noodle,Newark,New Jersey,4,46,Restaurants
HPr3UUlwzfmXpwhUSg6_-g,Harvey Cat's Hotel,Manhattan,New York,4,4,Pets
ZZXLiDkBUdrasopHpLQxiQ,Diabolos' Coffee Bar,Manhattan,New York,4.5,5,Coffee & Tea
U_fKSFt7CpdcqyVEQsVX_Q,Birreria Volo,Manhattan,New York,3.5,19,Nightlife
bsHyzCZVCCaM1dBjs-qv-A,La Bobineuse De Laine,B0st0n,Massachusetts,3,4,Shopping
OQZCp3ooGhycOsF25GEvBA,Dawson College,B0st0n,Massachusetts,4,5,Education
5T_Q3QMzEO0Bhd4r-R2mEw,La Bête à Pain,B0st0n,Massachusetts,4,21,Bakeries
QBjCKwVIW1fekQCmlEfLbw,The Okey Doke Tattoo Shop,Manhattan,New York,4.5,8,Tattoo
RoVAQ5UZIXZ3aGGoO3ir0g,Anthropologie,Manhattan,New York,3.5,34,Fashion
w0vjwG5S10eje5TUAM59nQ,SRJ Chartered Accountants,Manhattan,New York,4.5,7,Accountants
WXNm-n7g6th_zpJRgodCjA,Ireland Park Famine Memorial,Manhattan,New York,4,3,Landmarks & Historical Buildings
nHRAZzy9Um43nDaP-BdmBQ,Lionheart British Pub & Restaurant,Buffalo,New York,4,21,Breakfast & Brunch
3jdNr1CFLrsjRf5yva2nFg,Chop'd & Co,B0st0n,Massachusetts,3,4,Salad
XvLyXyRolxG6_yJ7-J1bSA,Hotel Le Dauphin Boston Centre-Ville,B0st0n,Massachusetts,4,24,Event Planning & Services
1p9KU8yZaQNPcpKhz1JAWr,Five Rows Craft Wine,Newburgh,New York,5,6,#N/A
simy9DlUVLNw49qNL5aFHw,Glamour Salon and Spa,Buffalo,New York,2,6,Blow Dry/Out Services
3gv9Q4WbwOvU3rj44NmjtA,Bobbette & Belle,Manhattan,New York,4,59,Food
iu1dke5YAfkvUN7L7d4X2w,The Clay Room,Manhattan,New York,4.5,8,Art Supplies
J_zxZp80eE1lc8GKwt3zgg,Pho Mi Xuan Mai Vietnamese Cuisine,Buffalo,New York,3,4,Restaurants
1_SHlZM-drHwG_PiMe_3uQ,Cabane à Sucre Bouvrette,Arlington,Massachusetts,2.5,5,French
NNsNBLYBBV68XEoVeKoC7A,A Quinta,B0st0n,Massachusetts,3.5,10,Portuguese
4_NIHB4qP9fwnWDhBN0aMw,Kind Exchange,Manhattan,New York,2.5,26,Shopping
lXGx_aKtF_UxenWDDkogWg,Northern Karate School,Manhattan,New York,4,6,Shopping
1jrugPIKX2c6QfztTu7nOw,Priority Pass Lounge,Buffalo,New York,3,5,Hotels & Travel
j29tuUdrfaxmGjwxHdHZPA,Tango Palace Coffee Company,Manhattan,New York,4,100,Restaurants
PLuu4gzTZJYT86d2U40nYQ,Starbucks,Manhattan,New York,2.5,13,Food
mOzOYgXYOmkdNfZr453PgQ,Pho Mi Asia,Brooklyn,New York,3,80,Vietnamese
khL_L9KDB1iqhplKTBH-BQ,Kelsey's,Poughkeepsie,New York,2.5,9,Canadian (New)
jylz2TZWeULXS_rn3sal2A,Harvey's Restaurants,Manhattan,New York,3.5,17,Fast Food
luPvNx4XSxaM7pka8EifuA,Taverne F,B0st0n,Massachusetts,3.5,37,Portuguese
Hhjj_p3vz6oxvwZNwg5uqA,Europea Espace Boutique,B0st0n,Massachusetts,3.5,9,Arts & Crafts
i7QolIS1NkB6Tdw16Wej1g,Taza Xpress,Buffalo,New York,2.5,3,Middle Eastern
gyFYZV4b_9TxG1ulQNi0Ig,Paramount Fine Foods,Manhattan,New York,2,27,Restaurants
mq3yf6ge1ZRoJQgSai9vrp,Royal Dumpling,Manhattan,New York,1.5,4,#N/A
6BUrJjLm0IV9CycTyo1jHw,Midas,Buffalo,New York,4.5,6,Auto Repair
a9CicvJMTQ2_3ONfPaOyMQ,Pho Asie Resto,B0st0n,Massachusetts,4.5,6,Restaurants
bBXriRECtg0KRQOuPBwSuw,427 Auto Collision,Manhattan,New York,3.5,13,Auto Repair
LiOtsNFFkD1S9tFvHnzX0w,It's Jenny Espresso Boutique and Catering,Manhattan,New York,4.5,16,Event Planning & Services
vmLlWppJJ1isNOtNcxAqjA,Zoulpy's Deli Restaurant,Manhattan,New York,3.5,3,Delis
Lp2RweV1KeZzNDtqZeY44w,Planet of Sound,Manhattan,New York,3.5,3,Nightlife
1XCR1GxL44O2hg3ehRwtMA,Szechuan Express BAC,Manhattan,New York,3,9,Chinese
iOER_Xnsz_X3WWRd0Ta0Jg,American Airlines,Manhattan,New York,1.5,137,Airlines
EXMkdrenclacT88-a_I1vQ,William Ashley Warehouse Sale,Ithaca,New York,4,3,Home Decor
PUDtJu2bFTvIl1_WhyUIXQ,Vesuvio Pizzeria & Spaghetti House,Manhattan,New York,3.5,97,Pizza
w4k-mDGUhNyJSCMK09VzdA,The Smiling Buddha,Manhattan,New York,3.5,13,Dive Bars
_xU49Y9_qZWIv0fkZW8_7Q,Divine Spa,Binghamton,New York,5,3,Massage
zEeMhibCS7e4YbrJtRcClw,Sheridan Nurseries Limited,Brooklyn,New York,3.5,3,Shopping
7klZWSnKNiImDFiY9xrRLQ,"Gorfinkel Iris, M.D",Manhattan,New York,4.5,3,Family Practice
eI1ZHGOr2Pus842KrZD5ZQ,Casa Imperial Fine Chinese Cuisine,Newark,New Jersey,3.5,151,Dim Sum
cjFddlaIl6kHKax61aKpRQ,Hy-Tea,Lake George,New York,3,10,Coffee & Tea
kCNRJTy8moUMbE6IAHgbbA,Buffet Vichy Salem,Salem,Massachusetts,3,16,Restaurants
ZKSivkZcnH-nfqcIS8PUWA,The Spice Room,Yonkers,New York,4.5,3,Restaurants
JApZx4T15EDKdFV2ZqByhQ,Dencan Books & Magazines,Manhattan,New York,4,7,Books
td1bL_KatClT-K51DXZi4Q,Ebar,Manhattan,New York,3.5,3,Food
u2KTFQnwGsMapRea1tC_mw,HD Nails,Manhattan,New York,3.5,12,Nail Salons
vfanQxPn3T6C1LS8poF1rQ,Give and Go Prepared Foods Corp,Manhattan,New York,3,4,Food
VNRID2uWfXoOf3sLiDsO1g,Jimmy the Greek,Manhattan,New York,3.5,7,Mediterranean
o4Mr53siyFdc5IuVNLIFlw,Atelier Cafe Lounge,Manhattan,New York,3,10,Food
jxjxVbQGMAcewMSUAeQfOQ,LoversLand,Manhattan,New York,5,8,Accessories
7gTsWzLnmEQBesGRtI9yew,Cacao 70,Manhattan,New York,4,102,Cafes
oyPJzpBHwvQHBYab1UJdqQ,Sushi K Express,Manhattan,New York,3.5,4,Food
tzbh_JIl3Vo99bFlgm3myQ,Hot & Spicy,New Bedford,Massachusetts,4,4,Event Planning & Services
mX-c2m8zSQkRqVAnFCwcig,Green Fusion,Manhattan,New York,3,14,Vietnamese
nkhLZJXqIwYKsldbRFAqaQ,Target,Manhattan,New York,4,10,Department Stores
bhUU5vYRkgAbYDdBP5lwOA,Elmira Resource Library,Elmira,New York,4,6,Libraries
RXt1jxxcu9uTNQxJrS6P9g,Radioworld,Manhattan,New York,3.5,3,Electronics
DPZf7Ao2nZaZ5OMWOLR8Xg,Book City,Manhattan,New York,4,4,Shopping
YCoLBgh973QSp-OmnwMWSg,Downtown Acura,Manhattan,New York,2.5,5,Car Rental
Gpc0r3_jZPuzHx-d0NWrdw,Bed Bath & Beyond,Buffalo,New York,3.5,3,Home Decor
3h-6eVovn-YyGIeHFpDbUg,Club Atwater,B0st0n,Massachusetts,5,3,Gyms
g-BII6F3CM-9yVnmHeGrpg,Les Délices Lafrenaie,Taunt*n,Massachusetts,4,3,Food
6tmWnjdqehrfKowgq6vKVQ,Woof! Dog Shop & Daycare,Manhattan,New York,4.5,14,Pet Groomers
9Z12FgwIcAnrdLYjGQA5jw,Cul-sec,B0st0n,Massachusetts,3.5,8,Bars
2SFdeuO1AiQnWiOIFyymIg,Trader Joe�s,Poughkeepsie,New York,2.5,8,Food
dp9haMgS5RZ6i1kQq_oS5A,Fran's Restaurant,Manhattan,New York,3.5,259,Breakfast & Brunch
zZTPtnO7TKRJAbwlcMIJhQ,Dunn's Famous,Framingham,Massachusetts,2,5,Steakhouses
KzZcH8Ez81xcyKFsVjR30A,Le Café Du Théâtre,Haverhill,Massachusetts,3.5,9,Canadian (New)
CzaaSUgwB4TKnEOIK0r8lg,Bar B Barn,Pittsfield,Massachusetts,3,8,Barbeque
EgG1Nko24CMtiZOtbBskyQ,Gamache Tailleur,B0st0n,Massachusetts,5,4,Sewing & Alterations
VTxsR3s6uTlJ1_Vep_bx2g,Sofra Grill,Elmira,New York,3.5,54,Restaurants
YbKfI5KG4OWSh3ss4PisiA,Thaïzone,B0st0n,Massachusetts,4.5,3,Fast Food
e3a_sCmg2E0MKwLDLJ3q5Q,Hasty Market,Manhattan,New York,2,4,Convenience Stores
J9j4TAdPOwwUDhFTCiZOVA,Quartier Dix-30,Haverhill,Massachusetts,3.5,23,Shopping
7fHPkHUO_tcjUUWJqP_aKw,La Chronique,B0st0n,Massachusetts,4.5,21,French
dht_FLsWVuO6TJeuLqY97g,A&W,Manhattan,New York,3.5,3,Restaurants
GKBQjaMyD9sqBaE8efHXEA,The Globe and Mail,Manhattan,New York,2,4,Print Media
wQbptdRjZQ3DwOFtujYwNw,Moksha Yoga Downtown,Manhattan,New York,3.5,39,Yoga
4raLrJN55piH5iFTdA9bQw,Namu Massage Therapy,Utica,New York,5,3,Massage Therapy
jhdYBmQ_n04dvn8zwKt6cw,Gallucci Winery,Cooperstown,New York,3,8,Tours
5VRLOVAZYWTyGviBoXLcmw,Wok For U,Buffalo,New York,3.5,8,Chinese
qk_GhJr3sg1LS4dQjA0nWA,Little Burgundy,Manhattan,New York,3.5,7,Fashion
XtE1r4_JMBSV_YBXlo8RbQ,Yu Hang,B0st0n,Massachusetts,3,6,Restaurants
ZdZWd9T_CpwKYK8mnH8ZdQ,Max Wholesalers,Manhattan,New York,4,6,Women's Clothing
8716XDB7zw_gBfXg0EBZEQ,Memphis BBQ,Oneonta,New York,4.5,134,Restaurants
dgV3b_HRCGcrR1-OzkwHNA,McDonald's,Rhinebeck,New York,2.5,3,Restaurants
k3k1QDFU8QXGsi4sJB8MuA,Classique Auto Spa,Manhattan,New York,3.5,21,Local Services
OF4g1_k1nTZpuQqTej3TjA,Les Studios Hotel,B0st0n,Massachusetts,2.5,3,Hotels & Travel
6E6IZjA20ofid_0J3iG3JQ,Queen Spadina Medical Centre,Manhattan,New York,3,11,Doctors
C8_zdU7zGLUK3uC4e5AepQ,MeNami,Manhattan,New York,3.5,258,Japanese
myJ6pgIhN42EQh2sAVXKoQ,Toma Burger Addiction,Manhattan,New York,4,103,French
G7FRxL25QFiuVxUeTmKXjQ,Paul's Tomato Pie,Manhattan,New York,4,4,Restaurants
NOXhx8sx9Ta6ouf2aqCpPQ,Nice One Nails,Manhattan,New York,2.5,5,Beauty & Spas
_OQUFcYK5zynvTnTim12Mg,Hermes,Manhattan,New York,4,10,Shopping
M4bCQStEWBOhC-NPojA98g,Greek In The Village,Manhattan,New York,2,10,Greek
kutBK7PzZ-XxsiMimfOMfQ,The St-George Bar & Grill,Plattsburgh,New York,3,4,Nightlife
hFo6Djdqvm5-OmQBHaPplw,Ana Meilleure Cuisine,B0st0n,Massachusetts,3,21,Sandwiches
HfZuIEqAa4KgtEnpZrKfGg,The Printing House,Manhattan,New York,3.5,7,Printing Services
V3rNi3YeDTDHCa6bdWehUQ,Cristina Esthetics,Manhattan,New York,5,4,Hair Removal
C4IiygusgzhVTTqK_DgQrw,Emkiro Health Services,Manhattan,New York,3,24,Doctors
QxngAo1AnfcihXqdk3IA-g,Dundas Spring Garden,Manhattan,New York,2,17,Chinese
EGjMh8WG5OlzTXGPAVciNg,Wow Wow Yum Yum,Buffalo,New York,4,49,Ice Cream & Frozen Yogurt
whF3fiWey-GJLzmX3yoC5w,Imagine Cinemas - Market Square,Manhattan,New York,4.5,57,Arts & Entertainment
Ay8GjlLuzGN7lkv_DzluZg,Cafe Pardes,B0st0n,Massachusetts,4.5,3,Cafes
5xTHY_U8jn6MnXJMOSH69g,Kenzo Ramen,Buffalo,New York,3.5,178,Soup
H6DatYLpe0lYdYb37JpMyA,The Abbey Bar & Grill,Manhattan,New York,1.5,14,Chicken Wings
-03HVYxkeYWaafEpNJo1SA,GoodLife Vapes,Manhattan,New York,5,4,Shopping
sN_xQlzyTfAbJCZDWVNnWw,Sumac Creek Health Centre,Manhattan,New York,2,4,Medical Centers
C2zIZ9LRUsYvpbYyuESedA,Wild West Productions,Brooklyn,New York,4,6,Professional Services
b_yZrM3rVQVlifEg5naDpQ,Lyrics Music Bar and Grill,Manhattan,New York,2.5,3,Comfort Food
ggixYUUatk_mbJAFQv25ow,Crèmerie Lafontaine,B0st0n,Massachusetts,3,3,Ice Cream & Frozen Yogurt
H6JDm2bkdGmWVEm5K9N2pw,Hohomi Rice and Noodle House,The Bronx,New York,3,17,Vietnamese
FpegpWvdtM7KQ4HIP40rDw,Bayview Car Wash,Manhattan,New York,4.5,8,Automotive
bDcK-xNmTWGW-wxA7Jn16w,Black Daffodil,Manhattan,New York,4,8,Fashion
LptETLZ9aZ9rMDctypqZnw,Starbucks,Niagara Falls,New York,3.5,8,Coffee & Tea
5sW_LUzCTNUPRrie1eoiyA,Warehouse Wines & Spirits,Manhattan,New York,3,4,Beer
MdS6EHt2RZFpn9fQXZc9Ig,Fav Cafe and Bar,The Bronx,New York,3,20,Cafes
jBQXyz5yS10X6UvA9kj0Pg,Pages Books and Magazines,Manhattan,New York,4.5,16,Newspapers & Magazines
D2SPZOCER3TLIsrYywMpYQ,Raise the Root Organic Market,Manhattan,New York,5,4,Food
LCT9MDT9kL4OYxiz6tkckg,Lake Pearl Nails & Spa,Buffalo,New York,4,28,Hair Removal
c9dXi6Be4Um5qL1zvXtBoA,Dunkin',Framingham,Massachusetts,2,3,Coffee & Tea
-9zPSrzbZ81FismxDSGLtA,Goddard's Souvenir Express,Manhattan,New York,5,4,Cards & Stationery
0CmUguZC1EynBgSZQ8vENQ,Wells Fargo,Manhattan,New York,1.5,3,Financial Services
3dMVYJJKVbPtS0gK7pEC7g,The Motion Room,Manhattan,New York,4,6,Education
O6uAuiLCxNYc4amRtvmyMg,Sweet Basil Pan Asian,Niagara Falls,New York,3,4,Asian Fusion
eEp7GR7EcUt6XCs8KTSHVQ,504 Scarsdale Streetcar,Manhattan,New York,3,20,Transportation
sy1MztJqw6_ICfMHOwngmA,Film.Ca,Utica,New York,4,15,Arts & Entertainment
OZcUQI2LAxa8mCnNEOI-dQ,Le Kitchen,B0st0n,Massachusetts,4.5,6,Food
SzIab7_cVAT74FT2RNJ4_g,Amir Restaurant,B0st0n,Massachusetts,2,5,Restaurants
wZhNRQWmrMKMgNCFQV9hrH,The Star Fastfood,Buffalo,New York,2.5,6,#N/A
KO6wQgJgG9XMpqP_vyEoBQ,Formula Kartways,Binghamton,New York,4,7,Go Karts
pnGOezHAOkzk8FmGVL83Ug,Auberge De La Place Royale,B0st0n,Massachusetts,4.5,9,Event Planning & Services
FwxLOZ9PMokxlUPV6_JHxA,Alacoque Bed & Breakfast Revolution,B0st0n,Massachusetts,3,3,Hotels & Travel
ubKOei4AIRMjNbXdK4OAEg,Sunrise Caribbean Restaurant,Manhattan,New York,2.5,7,Caribbean
v9P-qBwGI7Axt3-RwcjPQQ,Dublin Calling,Manhattan,New York,3,3,Sports Bars
juLWWe-wVh_1uMLMAaP4qA,Tea Shop 168,Manhattan,New York,3,19,Coffee & Tea
T-a4HuTSELZ3qm_nos_Qtg,The New Rochesterer Deli,Manhattan,New York,3,51,Restaurants
KVi97ebUzLPEURJS87U7gg,Gesund,Manhattan,New York,4.5,14,Acupuncture
f0oTL9hK56BZ_MAe8Kt30A,Pro-care Professional Medical Services,Manhattan,New York,2.5,3,Medical Centers
syoWROfPlDijEmpFUVyghA,Rocky Mountain Chocolate Factory,Manhattan,New York,4,7,Specialty Food
33vbsWfLBMhndeE3jZiFrQ,Pandore,B0st0n,Massachusetts,3,14,Bars
m9FZIB3uQS9VXG-_qTwXOQ,Kelseys Original Roadhouse,Syracuse,New York,2.5,7,Comfort Food
GjajNk6tgzjgKOTcfxxH2A,Click Affiche,Fall River,Massachusetts,5,3,Printing Services
UKRuyeUCT4Z10AvTlB9MkQ,Wendy's,Manhattan,New York,3.5,12,Restaurants
HxSINQAplSFAn6of-wexcA,Nimman Thai Cuisine,Manhattan,New York,4,77,Thai
_jFWD2f2H2a9jzGhEnz19A,Solutions,Manhattan,New York,3.5,16,Home & Garden
t72DAe7q5iaQLlQrdgpaFQ,Atlas Espresso Bar,Manhattan,New York,4.5,32,Restaurants
H2JfWUG0kl-rFHdMK6lT4A,iTrim4U,Syracuse,New York,5,3,Landscaping
bYpvggRwXGo633zikMOANw,Communist's Daughter,Manhattan,New York,4,96,Bars
A-7Ye-fovEITMB0aUuEJ0g,Tinto Coffee House,Manhattan,New York,4,15,Coffee & Tea
FXEGHWjflYKe5Ipro5Qd7Q,New York Coffee and Tea House,Manhattan,New York,4.5,16,Food
SV70qLKjNbg8oj97blnMVw,ABC Book Store,Manhattan,New York,3,15,Books
a_ZMv-iiPD7m8ffY9M2d7g,Quesada Burritos & Tacos,Manhattan,New York,3,16,Fast Food
QuoEIR46OGdC_z1Axwd2gA,Starbucks,Manhattan,New York,3.5,12,Coffee & Tea
NZy2kfdaO1C0RWMaMUueHQ,Mount Royal Cemetery,Northampton,Massachusetts,5,5,Restaurants
_G-tPbKQvXBqCdzKLJf1Hw,Baharan Sandwich,Brooklyn,New York,3.5,4,Restaurants
zoIEe7uhsQT2EyiFLIfhrw,Chatime The Bronx,The Bronx,New York,3.5,101,Juice Bars & Smoothies
oRC-Seuc3SIy5usCL5hfWA,Woodchester Auto Glass,Buffalo,New York,4,4,Automotive
9hrfNBtSbwW6vje6DtzkMg,Carousel Hairstyling,Manhattan,New York,4.5,6,Hair Salons
BMatyfQfXfsEhZC3yS1YhA,Yokohama Ramen,Niagara Falls,New York,3,11,Tonkatsu
woXsHjEI-n5MF_dob1CMcA,Casa Sushi,Manhattan,New York,3.5,40,Sushi Bars
6u-x45q0ETB7SQTAAuKSHw,Astoria Shish Kebob House,Manhattan,New York,3,148,Restaurants
ekmPuCOp_buzwG1HZ03Q2Q,Young & Beautiful Salon-Spa,Buffalo,New York,2.5,12,Beauty & Spas
6P9Vznv5XpaSYfUrefEcQw,Lucky Curry,The Bronx,New York,2,14,Thai
crq531WqwS9WQ_BpZ4xtow,Elite Martial Arts,Manhattan,New York,5,5,Active Life
yRqMaiW2BQNG-mo-9pljnA,Hannah's Kitchen,Manhattan,New York,3.5,15,Canadian (New)
WqNNymeHY8x5rS0vGrvakA,Chez Bonbons Comme Autrefois,Quincy,Massachusetts,5,3,Bakeries
24eTPqdGHu9QtAmpYKp-yg,Starbucks,Brooklyn,New York,3.5,21,Coffee & Tea
QmELZXEbjN18mo4KM6Y2hg,First American Medical Centre,Manhattan,New York,4,4,Health & Medical
oslOC0B9d2bflgckNQGWmQ,Menchie's Warden Plaza,The Bronx,New York,3,11,Ice Cream & Frozen Yogurt
3g7LajeqpiHBLRIN2xtxJg,Paradigm Performance Auto - The Bronx BMW Auto Repair,The Bronx,New York,4,4,Automotive
D1lAVtlav4atQTJnIvtcpw,Taverna Mercatto,Manhattan,New York,4,98,Restaurants
KvonfJBpIl3pQRyXVNYCAg,Fruity Juice Bar,The Bronx,New York,3,12,Food
gISF0NrCpXT4m19a6WxvlA,Piroz Pizza,B0st0n,Massachusetts,3.5,3,Pizza
LdoTyIzLb65fKsRf06QB6Q,Soup-it-up,Manhattan,New York,1.5,4,Soup
xrFL7DL5SisPMWDarg52pA,Kyouka Ramen,The Bronx,New York,3.5,62,Japanese
1p3YpI-mspxnYZI614CyXA,Taco Bell,Huntington,New York,4,4,Fast Food
Jajt63IHL39smME7696I_A,South Poughkeepsie Animal Hospital,Poughkeepsie,New York,2.5,3,Veterinarians
NLC1Z0migdLKiENGtzgRbA,Advanced Beauty Clinic,Manhattan,New York,5,3,Beauty & Spas
1iDhSr6iOYG85JtqUSi_QQ,Aji Sushi,Falmouth,Massachusetts,5,3,Japanese
x7Gmk5uy0dzB2fRaIhtBRA,Avalon Dentistry on Roncesvalles,Manhattan,New York,3,9,Endodontists
QWoj22W-gc05jd8q_LPXOA,Jugo Juice,Manhattan,New York,3,4,Food
vyADUSXZOVXHOUZYEDA04Q,JCer,B0st0n,Massachusetts,4.5,5,Restaurants
UIZrAx1J2ofLF6Nk7hvhsg,PetSmart,Lake George,New York,3.5,5,Pet Groomers
ZvBu_Thw04FIBcwe3zb9kQ,Rôtisserie St-Hubert,Billerica,Massachusetts,3.5,3,Chicken Wings
8cHxQbE0zua2G7re_BOGmA,Hollywood Pizzeria,B0st0n,Massachusetts,3.5,8,Restaurants
QJg8AuqITB4t_iKrLI6tOw,Bodira Cafe and Fine Foods,The Bronx,New York,4.5,16,Food
slaDHdZ6T09hPnpmp0SLIg,Ben & Jerry's,B0st0n,Massachusetts,4,6,Ice Cream & Frozen Yogurt
b8MwhlJpvdcJqenJqgmc0Q,OK Oriental Health and Beauty Centre,Manhattan,New York,3.5,26,Health & Medical
Il-H2pDli8lBrurPG3YbFA,Domino's Pizza,Manhattan,New York,2.5,11,Event Planning & Services
Re90QCMQkXtLEmJsWBQ6QA,Sketchley Cleaners,Manhattan,New York,4,4,Laundry Services
aZwNLZtxvp4uA9pBf-a6Pg,Burrito Revolución,B0st0n,Massachusetts,3.5,13,Restaurants
74QS_MlNR1eKf6fhLxkflg,LongHorn Steakhouse,Cortland,New York,3.5,23,Steakhouses
zvm5FZ2mzoztfacwJKrtFw,Knob Hill Cleaners,Manhattan,New York,3,6,Dry Cleaning & Laundry
f-2jHpkTG0ONFb8hoTUnPQ,Dolly Lash Lounge,Manhattan,New York,5,3,Eyelash Service
oNn16x2Ubv60RAibmJ2uSA,Lola Rosa,B0st0n,Massachusetts,4.5,202,Restaurants
Em-1D6wCHSQssi4juayAnA,Pointer Gifts and Crafts,The Bronx,New York,5,3,Shopping
ya4LH37T3KMdKYGGl7McDA,St. Clair Gonoe Sushi,Manhattan,New York,3,4,Korean
VrSxKWokl9292HOgU7A46g,Mabel's Bakery,Manhattan,New York,4,31,Food
_sgSZE1zzSCxwghYEuAeEQ,Nouilles du Chef,B0st0n,Massachusetts,1,3,Chinese
Fm0x-Fx0TUzq8aTi7n6usA,À la Carte B & B,B0st0n,Massachusetts,5,4,Bed & Breakfast
VyKAy2Z2cm4CjcNoBZYhrg,AllStar Wings & Ribs,Buffalo,New York,3.5,38,Restaurants
sDGs7bPWB0CzR80EebchIQ,Presotea,The Bronx,New York,4,30,Juice Bars & Smoothies
gvM3YlaP8HWenylTkGFYUw,New York BBQ and Beer,Manhattan,New York,2.5,4,Venues & Event Spaces
8al-XRt5nuIize8_STWffQ,Scarsdale Slice,Manhattan,New York,3.5,42,Restaurants
MzDdDpDXFyqsWTtfXrZ15g,Chuck E. Cheese,Manhattan,New York,2,3,Chicken Wings
XDoN3mqtmG-j62v2VYOoaw,Sonsuh Educational Supplies,Brooklyn,New York,4.5,3,Teacher Supplies
nN7FnOOGZSprNxSevNjzBg,Scotyz,Brockton,Massachusetts,3.5,3,Bars
S8_W8gxq1I5r61iiy_Xt0w,Pastabilities,Manhattan,New York,3.5,11,Restaurants
uXXV8JhFVlttPRq2EpkzfQ,Enmore NanScarsdale Restaurant,Ithaca,New York,3.5,3,Restaurants
nwNx7alu8kW8s2cbK-1q_g,Nail Parade,Niagara Falls,New York,5,5,Blow Dry/Out Services
e5M4yz-SdPNN_ptL0ACcrg,Moti Mehal,Boston,Massachusetts,4,3,Pakistani
C0Gy3NUOKCh0ffMzaXhXlQ,La Carreta,B0st0n,Massachusetts,4,31,Latin American
spDZkD6cp0JUUm6ghIWHzA,Kitchen M,The Bronx,New York,3,73,Restaurants
NtII1vBcP1CiAs54kY1JQw,Danforth Pizza House,Manhattan,New York,4,106,Pizza
KL4hnoYPldTkTmV2SL3Kpg,Quiznos Sub,Queens,New York,3.5,3,Sandwiches
4HVgHILs700Yto1lGZTicw,Mantelier,Boston,Massachusetts,4.5,6,Nail Salons
oY-qFP5C-t0KUknxELTzQA,El Almacen Yerba Mate Café,Manhattan,New York,4,72,Food
7i8fGfElNjj78eRhYDkKSw,Avenue Road Arts School,Manhattan,New York,4.5,7,Specialty Schools
h0MqoviZZ7k9wf3hSorahQ,Massage Habit,Niagara Falls,New York,5,3,Health & Medical
pPhuVbly0ZjyrhIhFazANA,Sushi Garden,Manhattan,New York,3.5,31,Sushi Bars
uB6gdgo8pL4baMgdc4vS3A,Le Restaurant de l'ITHQ,B0st0n,Massachusetts,4,25,Hotels
_a3TZj7Jw0uPK_UumJlkdQ,Na Brasa,B0st0n,Massachusetts,3.5,13,Portuguese
Ypz5QeJZru5DdOAt4Pqj6Q,Crazy Falafel,B0st0n,Massachusetts,4,7,Falafel
axMYczbv7ER6a5dHmwD5ew,Bramalea City Centre,Binghamton,New York,4,33,Shopping Centers
Yj4mTCz_6AFFSRGJZDDykA,New Balance,Utica,New York,3,4,Sports Wear
t60hkkNiTb8osFx1PKgFAg,Double Take Used Clothing Store,Manhattan,New York,3,13,Shopping
Clf9DirS9hfikUwfgFCtNg,The Currach Pub & Grill House,Brooklyn,New York,2.5,4,Restaurants
lFIQNKHSeAOfuUAghxP_Cg,Shäika Café,B0st0n,Massachusetts,4,26,Food
c-UFJEg9dTfV16eMR5QF6Q,Star Sign and Print,Niagara Falls,New York,2.5,3,Local Services
Ibmf1PgWn_5oaGQ1kINmTw,Kathmandu Restaurant,Manhattan,New York,4,32,Himalayan/Nepalese
_rHNAS7LK5_6LAnumQXoZg,Carbon Computing,Manhattan,New York,4,12,Electronics
s-bcTXMlY7lSQycod8QXWw,Speedy Motors,Manhattan,New York,1,5,Automotive
Z3ttpA9xW8bNSfdjFzuk7w,Symposium Cafe Restaurant & Lounge,Newburgh,New York,3.5,14,Restaurants
jrKzHiTsMCxnXPZaDhW66Q,Twin Image Hairdressing,Manhattan,New York,4.5,15,Beauty & Spas
lNdyKI3Pf8NvZPp9qelgHQ,Dollarama,B0st0n,Massachusetts,3.5,5,Discount Store
OlVXv4mMIrSbP1h8ye6O4w,Patisserie Wawel,B0st0n,Massachusetts,4,8,Polish
vTlIUtYXdPxCk6UB746w8w,Utopia Dream Cafe,The Bronx,New York,3,52,Shopping
RNrXtln4MZilhYvMpREzUw,Sandwicherie St-Henri,B0st0n,Massachusetts,4.5,5,Soup
gestVQlI_Bv7DN-FZkvEBw,YS Laser,Manhattan,New York,5,8,Tattoo Removal
7B0qcp3pQw-zoGNySmYRqw,Propulsion : Cantine Végétalienne,B0st0n,Massachusetts,4.5,17,Restaurants
_wBTo4Pa0q0lZ5B7D4Fn0A,Green Beauty Spa,Manhattan,New York,3.5,10,Massage
a5LYGifHY7pSgcWvIuAU1w,Ruelo Patisserie,Manhattan,New York,3,53,Macarons
o9HFAyCFLK2j9yoaj65oQw,Théâtre Denise-Pelletier,B0st0n,Massachusetts,4,3,Arts & Entertainment
sJP0GYO2pi7rwNFFcH7iBQ,Sido Shawarma,Manhattan,New York,3.5,21,Restaurants
GLnHocRqu2BFz7xMeBAA2w,Mad Batter Bakers,Manhattan,New York,4,5,Bakeries
5ebXuHpZRNdalRULfnfnpw,Café Reznikoff,Manhattan,New York,2.5,5,Coffee & Tea
8repPym6sfCH2IPiENRfGA,Liberty Street Cyclery,Manhattan,New York,5,7,Shopping
ez2ZLU-5ggtNNFJmSkBTEQ,AMCO Autoglass,Buffalo,New York,4.5,9,Automotive
IHLWV3wACiH54VQuEfcEWQ,Chuck E. Cheese,Manhattan,New York,3,3,Restaurants
9iJtfTFm9ZXYLSeodqP1nq,Mr Lube,Manhattan,New York,1,5,#N/A
SHGejGMOHrMe3Sq0A44geA,Bramgate Volkswagen,Binghamton,New York,2,4,Automotive
5uHAA5avjVvdDhgDUQs6lw,Rahier Patisserie,Manhattan,New York,4,73,Food
gW5GH-AygIbHJFivZ7PBQA,Holiday Inn Hotel & Suites Pittsfield Boston Airport,Amesbury,Massachusetts,3.5,10,Event Planning & Services
aIZwQGfgdoS_an1mp16yFw,Warehouse Wines & Spirits,Manhattan,New York,2.5,9,Food
qTN1OdhcXc6GdlpoFLezvQ,Shawarma Grill House,Manhattan,New York,4.5,3,Ethnic Food
6FQalY7_2y3yMikLsEsHgA,Burger Factory,Manhattan,New York,3,6,Burgers
ORwy9Z4-7vtRMZ1W5nMuFg,Supermarché Mourelatos,B0st0n,Massachusetts,1.5,3,Food
B9QJToIrPjRAUuPoemMUNg,Chandni Chowk Restaurant,Manhattan,New York,4,20,Indian
HIW3mQc0E80xq_kh4QA2pw,Gino's Pizza,Niagara Falls,New York,3.5,7,Pizza
aBg1SSY1o4UKa7HJp8avZQ,Bicyclette,Manhattan,New York,4,10,Women's Clothing
WXnYBlFWzj7_Ie8I_cSsYw,Costco,Buffalo,New York,3.5,23,Shopping
wM5dEotG6T1SM6Hxv9TmFw,Ministry of Transportation Office,Manhattan,New York,3.5,3,Departments of Motor Vehicles
bteXwVjvQAkymcl4ZXQBbQ,Amber Restaurant & Bar,Manhattan,New York,2.5,6,Nightlife
tg7Vq4KjHUUx5noLRMc_xw,Vito's Pizza and Wings,Utica,New York,4,10,Event Planning & Services
VaFBymfd0f3ykSDX98uawQ,Chez Chose,B0st0n,Massachusetts,4.5,16,Comfort Food
Wbagz9_qZe10Rq3_g1FGzg,Bistro Cocagne,B0st0n,Massachusetts,4,8,Brasseries
OXVp3FH5EWv6Le6lY009Vg,Pink Hong BBQ House,Manhattan,New York,4,4,Restaurants
6cL9Z4CY8_jZt0WOqnRJOg,Five Iron Golf,Manhattan,New York,2.5,22,Diners
r1JDOm9yvrSfbKOHImAs1Q,Hays Specialist Recruitment,Manhattan,New York,3.5,3,Professional Services
0CI9YrUu4ys2MJuViJEUbQ,7-Eleven,Manhattan,New York,2.5,6,Convenience Stores
AXuNlJRTzBseG90QTdDqYA,Stag Shop,Manhattan,New York,2.5,3,Lingerie
e3D-zDL66uIaTFOdjJv8SQ,Chauhan's Fine Indian Cuisine,The Bronx,New York,3,12,Indian
YlY3KwyvIIpolWfqeqs-bQ,Trade Secrets - Wareham's Bay Centre,Manhattan,New York,4.5,15,Waxing
JHlliXHouAUSHLtiiMyUqA,Cool Star,Manhattan,New York,4,4,Food
UpXigk3SzQR9v4xct_xEVQ,Mandarin Restaurant - The Bronx,The Bronx,New York,3,41,Ethnic Food
q0tMKr-hzS4UT0RArdZfzQ,Rooster Coffee House,Manhattan,New York,4.5,125,Food
2FImjoBv0qvq9NumhcVOyA,South Asia Malaysian Cuisine,Manhattan,New York,3.5,42,Restaurants
6ch7RS7jSTXbUDipApanIQ,Dovercourt House,Manhattan,New York,4,16,Dance Clubs
wRenOtfZOOwBH57U01Ipnw,Chuck E. Cheese,Queens,New York,2.5,13,Pizza
nZAkLXoh0i23dwVtok1iLg,Vapes by Enushi,The Bronx,New York,4.5,14,Shopping
73yTf_dEfsESu3wc3WJKSQ,Beauty Bar Medical Clinic,Manhattan,New York,3.5,8,Hair Removal
E7zuWvHH3XoVKJE8yEGIyw,Chada Thai,Manhattan,New York,4,13,Seafood
Mt1cYJEA9rNNjuag8O5hIQ,Don Valley Mountain Bike Trails,Manhattan,New York,4.5,3,Active Life
hTymgMW2hA4TW1nzV9NW2Q,Zona Caffe,Ithaca,New York,4.5,11,Pizza
ljumuqL6nzWVmnflchevcw,Queen Video,Manhattan,New York,4.5,17,Books
YCsLfBVdLFeN2Necw1HPSA,Stussy,Manhattan,New York,2,5,Men's Clothing
71CNsnmRbnDsPb2o1UrkKg,Caffe Demetre,Brooklyn,New York,3.5,4,Food
lB0xRVCVc5t86RGBnBdnmA,San Francesco Foods,Buffalo,New York,4,25,Restaurants
NBMCSTtayMJJisWSZ6WuwA,Obikà Mozzarella Bar,Manhattan,New York,3,24,Restaurants
yqNtyUBqn-4nDqHd_0HaBQ,Lynn's Buccoo Reef Restaurant,Binghamton,New York,4,4,Caribbean
vBz8toNd1rYUCkVN9PsLwA,Rabba Fine Foods,Manhattan,New York,4,5,Food
pMTnMNbAmkImRIe6jOF2Pw,Dunn Cleaners,Manhattan,New York,1,3,Local Services
huj5ddDlimfQqr2x4mda0Q,German Star Motors,The Bronx,New York,2.5,12,Car Dealers
iFmW1jw2nNPuwQEFfmpOnw,Buffet la Stanza,Wellesley,Massachusetts,1.5,6,Restaurants
Ket95P-dPSo__2bnaSmGow,Gerhard's Cafe,Newark,New Jersey,4,20,Food
26Kt6gQRF7S6m7crwR0tjw,Hibachi Grill,Lake George,New York,5,40,Chinese
hFDFIGxTK3d5Dr4aXp3PXw,Tsui Wah,Newark,New Jersey,3.5,13,Chinese
cHyacLUgWEMGy5Q2KDrmMw,Anytime Fitness,Smithtown,New York,4,5,Trainers
siFCEoRRDSmLN0RCvdV74w,Mezbaan Restaurant,Newark,New Jersey,2,3,Restaurants
mzkEN4Bw2LUJfApVAFhRkA,Copie 2000,B0st0n,Massachusetts,2,4,Local Services
YbCtyhwWljsfT9tuYwVIZw,The Guy Who Fixes Computers,Manhattan,New York,4,19,IT Services & Computer Repair
eyFj_uCUl580JtlWGPeVyw,Liberty Grand Entertainment Complex,Manhattan,New York,3.5,15,Venues & Event Spaces
a2idVV8whw77XAgEAWq5ag,Turnberry Golf Club,Binghamton,New York,3.5,3,Golf
HERR92JcW3xoZQ4LlgcKXQ,Villa du Souvlaki,B0st0n,Massachusetts,4,29,Restaurants
Wqa1JjkSuviehZ7OedhPeA,Dayali,The Bronx,New York,3,111,Chinese
jekVhaVwKE7fT58shLVLSg,Sellers & Newel,Manhattan,New York,5,5,Shopping
WaPPcti0ZoGTDQzQqsYDfQ,Sense Modern Japanese,The Bronx,New York,2.5,17,Japanese
hJrmf9xRw_tV7xNYRO9mJw,Enterprise Rent-A-Car,Brooklyn,New York,4.5,5,Car Rental
KLAe2d8JstFQYgg4xBnUNQ,Courtyard Restaurant & Bistro,Manhattan,New York,2.5,3,Restaurants
YppL6BIau6ZXitbGqGyecA,Winners,Manhattan,New York,3,20,Department Stores
NsD3UG3dROkxyT0H8iXztg,À la Folie,B0st0n,Massachusetts,4.5,38,Food
D6lUX9425xFz4XpebVPRIQ,Robot Vapes,B0st0n,Massachusetts,5,9,Shopping
hyIxO-5zyLH7TJJe4YSRRA,Sunset Grill,Binghamton,New York,4,19,Restaurants
ZBpwMd0SMSp6tpbiE1s9pw,Mrs Bridges' British Bakery,Newark,New Jersey,2,6,Food
iy2Jr9EH8kS-SJcPH8mTWw,Habeeba's Dance Studio,Manhattan,New York,5,4,Active Life
S85ekQU0V1uf03U55Bbp5g,Tee Jay's Sports Grill,Binghamton,New York,2.5,6,Sports Bars
ruR-mrEaNbFJGnM-WCbcgg,Bi Bim Bap,Manhattan,New York,4,47,Korean
k6ZwRNpArybjrv_dN6WpQg,Leslie Valley Fish & Chips,Queens,New York,3,5,Restaurants
5KBbN8dV8_bGHxqEhkn31A,Michael Kelly's,Syracuse,New York,3.5,9,American (Traditional)
8-GkE9JUtXjLJHgYXmx3Yg,The New York Centre For Medical Imaging,Manhattan,New York,2,7,#N/A
mEf-97gVL8VAbaLT6VMGPw,Forest of Flowers,Utica,New York,2.5,3,Shopping
0DCMSaBACyudY-QSKt7vGg,U.S. Customs and Border Protection,Buffalo,New York,2.5,15,Airports
ghw2UpS7bDWxtL9POicjuA,William Berczy Park,The Bronx,New York,4.5,4,Active Life
aTL4KeLRox_yrWHr8ZSmdg,eFresh Meals,Utica,New York,3.5,5,Specialty Food
9bJSDAZ4ETIY0_Dxr3-vAA,Nail Art,Buffalo,New York,2,13,Nail Salons
iPHFojb3x7fMNwI4X04r7w,St. Michael's Hospital Fracture Clinic,Manhattan,New York,3.5,3,Health & Medical
95U2IEf55a1G34VtZ5Z5sA,Club Monaco Bloor Street,Manhattan,New York,3.5,18,Shopping
v5-MhXR7s5jSjTIED5K9Dw,Cru,Taunton,Massachusetts,5,3,Restaurants
_cxg35m6pnQy7n6oynHIrA,Adornments on Queen,Manhattan,New York,5,6,Home & Garden
9plsFe_gSy-sgURNSBPITQ,Dutch Bros. Coffee,Manhattan,New York,3,8,Food
aHRwaqenQHy98AwWjbHvdA,Ye Olde Orchard,B0st0n,Massachusetts,4,49,Restaurants
w6AkMq2v6WhDWcV_97iydQ,Oip Dance Centre,Manhattan,New York,3.5,17,Dance Schools
-3Yo-5oNDhJ3SFgCGfOyuw,Indochino Custom Menswear,Manhattan,New York,2.5,27,Men's Clothing
FkNJgKjz6Yj-eoi3pPNWFw,Korean Grill House,Manhattan,New York,3,73,Korean
v95ot_TNwTk1iJ5n56dR0g,Vince Seafood Restaurant & BBQ,The Bronx,New York,3.5,23,Chinese
_flPwya_C1KuLBO578sLyQ,Pita Grill,Buffalo,New York,4.5,27,Middle Eastern
ttoTU2MrP0DSXtOWAWBEhg,Taglio Di Roma Bar À Pizza,New Bedford,Massachusetts,4.5,6,Fast Food
tewlNXvaq6R3Tf6nVsWApQ,Arrowstar Driving School,Newark,New Jersey,3,4,Specialty Schools
OrEDo-OwrTtNJWdB2wArNA,Tropical Joe,Binghamton,New York,3,6,Caribbean
RnNEdHOXz2c39qT6WJSLEg,The Cyclepath Danforth,Manhattan,New York,3.5,21,Sporting Goods
dgIrIkCBiHtAHZ86_-awFQ,Grand Lake Chinese Cuisine & Banquet,The Bronx,New York,3.5,54,Restaurants
UQeoOycNE0w2Uu8zRXd3Tg,Commisso Bros & Racco Italian Bakery,Rochester,New York,3.5,33,Event Planning & Services
kIlm8fPvD85W8fsKa2MMpg,Ren's Pets Depot,Oneonta,New York,3,4,Pet Stores
ILpHHOfCvUa8MnaqELX-YA,Forte Bistro & Lounge,Manhattan,New York,3.5,10,Canadian (New)
UUYED0DERYPoLk7T8Ek5Bg,Plaza Kia,Elmira,New York,2,4,Automotive
dGfLtryngWYp2CzPLMQtfA,Eglinton Square Shopping Centre,Newark,New Jersey,3,14,Shopping
nEitX3BVv_ILsNNrlcj-NA,Caffè Art Java,B0st0n,Massachusetts,3,18,Food
VezrSdSKsYX5jtiuMfYa-Q,Sunset Grill,Manhattan,New York,2,4,Bagels
C1kFlSOQnigbInVPD2IB1g,918 Bathurst,Manhattan,New York,3.5,6,Art Galleries
7AROCXGuMX_T2phutMxYuA,Gelato Simply Italian,Manhattan,New York,3.5,75,Food
_WYb1KDwRxwWfopKVWMYuQ,La Mere Restaurant,Niagara Falls,New York,4,10,Chinese
hXeasEtce5edeiRaGx5kmw,Scarolies Pasta Emporium,Pittsfield,Massachusetts,3.5,49,Italian
JAtkdUt_gV1iXjwj9vs_Og,The Bohemian Gastropub,Manhattan,New York,2.5,8,Gastropubs
ug-p2DvXDkPTPOFeHofLsA,Dutch Bros. Coffee,Manhattan,New York,3,8,Cafes
hQWrYBT0CFBlICunnXY8_A,Restaurant Jacques Cartier,B0st0n,Massachusetts,3,11,Restaurants
tpmxNp4q1HpjAJLUR5zhYQ,Dunkin',Manhattan,New York,2.5,3,Coffee & Tea
SIjGY4LK_O3R3863s8-Psg,341 Pizza,Buffalo,New York,4,10,Pizza
9A9XJc_Kd4ZTEJ_YzaSWog,Hogan Chevrolet Buick GMC,Newark,New Jersey,3,4,Automotive
07o0aA2GNxvSxM6bkkBsAA,St James' Cathedral,Manhattan,New York,4.5,7,Churches
UdIb7euX_Ek6i34TUGzS2Q,Budget Rent-A-Car Limited Garecentrale,B0st0n,Massachusetts,3.5,3,Hotels & Travel
F5gWEmNoP12J8p8drxzILA,Julia's Nails,Manhattan,New York,3,4,Nail Salons
yZsVStKgRul_oNjHsV99LQ,Kibo House Sushi and Cafe,Manhattan,New York,3,3,Restaurants
k5659gcPaLNSk7bGr2_s8A,Dolce Vita,Wellesley,Massachusetts,5,3,Bakeries
hjZ5H56DgFd_j2U0FDEn7Q,Scarsdale Strachan Touchless Car Wash,Manhattan,New York,2,6,Car Wash
J6tgF98vwUz4D8T-N72org,Royal Shawarma,Utica,New York,2,17,Restaurants
baqTaFrZneT4J1thuTLgtZ,Le Chateau,B0st0n,Massachusetts,2.5,3,#N/A
ooAaO0ell67ob_jZaEgKsw,Vibe Spa & Salon,Buffalo,New York,3.5,7,Hair Removal
zo64LhhXwB8sB2j8S-0DMA,Yummy Market,Rochester Regional Municipality,New York,3.5,37,Specialty Food
ePXn4TX9DkfAeDK8VD5jLw,Prohibition Boston,B0st0n,Massachusetts,4,144,Breakfast & Brunch
XBKhVOYDA3AaAN6k3TOijQ,The Burger's Priest,Manhattan,New York,3,25,Restaurants
s2RCw9-DB3r4XyUMxYiLenox,Izakaya Sushi House,Manhattan,New York,3.5,15,#N/A
UjNsYbSM5eeMg2prIT39qg,Nine Two Five Jewellery,Manhattan,New York,2,5,Watches
J-WPscvQo_9I3GVWVDjIeA,Shishawarma,Manhattan,New York,3,15,Cafes
VJJ6t8DAAmq277RS5gbCdA,Karachi Grill,Buffalo,New York,3,8,Chinese
iuSvrkXeKt11D8kvGTF0-A,Basha Restaurants,B0st0n,Massachusetts,3.5,37,Middle Eastern
Gm_TguXEE55YM1bQQNSwbw,San Antonio Foods,Oneonta,New York,4.5,6,Restaurants
uNVYbSZaNC5uXqJGgpz55w,Nouilles Etc,B0st0n,Massachusetts,3.5,3,Food Delivery Services
A6bnXx1see4yZSaVVCVDyw,Rolltation,Manhattan,New York,4,141,Sushi Bars
eh9e2wfsXNRa4BgVSXUu7g,Hai Tang Bakery & Cafe,The Bronx,New York,3.5,15,Food
reI20ElShTNvHwu4Z80fzQ,Bloomington Downs Golf Club,Niagara Falls,New York,4,4,Active Life
cmg9gCFxpOBRFrn5cG2MVQ,Burger King -  Peekskill,Peekskill,New York,4.5,6,Restaurants
wfaGAHOZol9884mkTl8Oiw,Tisanerie Mandala,B0st0n,Massachusetts,4.5,7,Tea Rooms
SXnXItivyE3i3FQbydak-A,Harbord Fish & Chips,Manhattan,New York,3.5,52,Restaurants
l1CGkZpxkFrdrIz1Xl-bsA,Complexe Sky,B0st0n,Massachusetts,3.5,45,Pubs
i3hhRI9_Ca6u_Zy1NRMQuA,Wild Willy's,Pittsfield,Massachusetts,4,10,Ice Cream & Frozen Yogurt
rXFWFQkE3GDpxceenHvJXA,Galaxie Pizza,New Bedford,Massachusetts,5,5,Restaurants
bM20ckzo_fnh2CInvm-csw,G.K. Fifties Diner,Utica,New York,3,6,Diners
tJmPRekoEgpCGC_AxOKoDA,Muddy Rochester WalScarsdale Tours,Manhattan,New York,5,3,Hotels & Travel
6x3zxKZ9GAu1HGH3fDbYyA,Corner House,Levittown,New York,3,12,Pizza
5paJ02eNpdJOX8TffqdzYg,Golden Crown Dynasty Cuisine,Niagara Falls,New York,3,4,Dim Sum
0lxDAsJD5IO0QjvPmQZHNA,MAC Cosmetics,Manhattan,New York,2,4,Cosmetics & Beauty Supply
ANQg3TiecBEfPQj9-wJ9Eg,Robey CPA Chartered Professional Accountants,Ithaca,New York,5,3,Tax Services
9vqfNixcfGVjiHCNbbfs4A,Bikram Yoga Yonge,Manhattan,New York,3.5,6,Active Life
IE-FSNn9Zx9YFx3nJV4C1A,Beaver Hall,B0st0n,Massachusetts,3.5,67,Restaurants
TsqC11FYt-Pqzg1drYoI2A,Buffet Fu Lam,B0st0n,Massachusetts,2,15,Buffets
MIwZFWqm8jytQ0Or01EWkQ,Casanova Tandoori Mahal,B0st0n,Massachusetts,3.5,6,Indian
cRuBViGeFsqje96hODEt8w,Volum Salon & Spa,Manhattan,New York,3,4,Nail Salons
UnWWyBzpo6L1tT3_5mUqZQ,New Fountain Fast Food,The Bronx,New York,3,7,Fast Food
lf-H2l65FE0oluEco-m4KA,New Rochester Cafe,Manhattan,New York,3.5,36,Pizza
F6ENrnPaZ_8FwBAlBCD1Iw,Public Library,Manhattan,New York,3.5,7,Libraries
PzA5gbmpoNsEBArELDBXiQ,Spa Ovarium,B0st0n,Massachusetts,4,20,Massage
_JJQ-RYih1QZZjnMN4eUdg,The Dimkin's Crepes,Buffalo,New York,5,8,Restaurants
oucrrrpvOFvpV9Rd_vHnOA,Rolling Wok,Queens,New York,3,4,Specialty Food
0Ovh4Vn9ntMt5Ara-ZP2sA,Cinquecento Trattoria,Manhattan,New York,3.5,13,Italian
AffTEkOQxv-k__8SeIvQnw,Big Slick Bar & Billiards,Buffalo,New York,3.5,3,Nightlife
Yvr9msHVn_0ZqAte6Teujg,Salon Posh,B0st0n,Massachusetts,2.5,3,Hair Salons
FySLcpQNaDK_wrKmZA02cw,Locus144,Manhattan,New York,4.5,9,Italian
XyN0ufGvcd58qndoHNJdig,Calvin Klein,Manhattan,New York,3.5,3,Fashion
UL87vjFt5nYGIn7qVfLvCQ,La Cabane du Portugal,B0st0n,Massachusetts,3.5,35,Mediterranean
LWDWVUJnwSUyDWOmgW1rqQ,La Binerie Norwood,B0st0n,Massachusetts,4,31,American (Traditional)
Ee7fjlJdmLa4RJlzKunhrQ,Lucky Shrike,Manhattan,New York,5,8,Nightlife
sfxbWyYhtUsQqz0RWwYhzw,Cycle Technique,B0st0n,Massachusetts,2.5,9,Sporting Goods
FpGbQSIxFuy_GwnHYcLXew,Ben & Jerry's,B0st0n,Massachusetts,3,9,Ice Cream & Frozen Yogurt
HQpMwOOrGND3GaRqMNV9ig,Jim Chai Kee,Niagara Falls,New York,4,208,Restaurants
pLGOVgCuScC0L_1Aj_kY0w,The 519 Church Street Community Centre,Manhattan,New York,4.5,6,Local Services
IspcgPcxFqSn1Sb5ll-7ug,A La Crepes,Manhattan,New York,3,25,Creperies
cjzoWZupFodS0L6FM20adw,Domaine Labranche,Attleboro,Massachusetts,3.5,3,Wineries
Q6ql-vhEfkUiry1r0XoDTA,Too Hot Hotpot,The Bronx,New York,3,13,Noodles
2t-a8qkgoRiiohThDVjfNw,Avani Asian Indian bistro,Buffalo,New York,4,181,Asian Fusion
9wILZyPBkg0enStfKduyeQ,In Beauty Spa,Manhattan,New York,3,20,Day Spas
n2RCwGjQBhqcjnmoz5PR2g,Cj's Cafe In Bronte,Utica,New York,3,4,Food
VKSQmqWfEJF_mD_aivnv1w,Garden Gangsters,Manhattan,New York,3,5,Gluten-Free
aMR9D5NnpQ3rjtxXt8ZBpw,Lasa by Lamesa,Manhattan,New York,4,30,Seafood
CLrts6cWmttdF43e81sq0g,Waterview Dental,Manhattan,New York,4,6,Health & Medical
bBUMib8l6Me1ZB1_Qkezkg,Mysore Indian Cuisine,B0st0n,Massachusetts,3.5,19,Pakistani
yP-6hIA3qGWbIz0p9zSaoA,Crave Grill House,Manhattan,New York,3.5,27,Specialty Food
dnxAbIPQHmxmYkSYYATISQ,The Village Barbershop,Manhattan,New York,4.5,8,Beauty & Spas
Y60dmqHxbPsTw6bVF43iPw,The Standard,Fitchburg,Massachusetts,4,17,Cafes
TJseLzjLO8F1Vq79_Obgyg,Kaffebar,Manhattan,New York,4.5,17,Food
vd3hOfvnVP0KyoRgthLn8g,Body Vision Fitness,Niagara Falls,New York,4.5,9,Active Life
C28mF4Da5H3kd1NZR77yJQ,Café Bar St-Laurent Frappé,B0st0n,Massachusetts,2.5,10,Nightlife
7LBVI9euGV3ugO0-efZHvg,Duff's Famous Wings,Manhattan,New York,3.5,101,Restaurants
Z0hvqoCY2NBK5QEU_1jY-g,Trattoria Cinecita,B0st0n,Massachusetts,4.5,5,Italian
y37ZCf7r2PrwxMLrwjBveA,Rotisserie Mile End,B0st0n,Massachusetts,3.5,12,Portuguese
DizSoX0FqH_EvXSHW6wEIQ,Le Petit Déjeuner,Manhattan,New York,3.5,280,Belgian
i3ye5ECyPcIuf0Whn5lAug,Have A Seat,Manhattan,New York,2.5,3,Event Planning & Services
tWmEi-pZLBi3UapZ_dCeGQ,Marble Slab Creamery,Binghamton,New York,3,6,Food
EjqF2XztqwVL0ysbCbuZYA,D Square Salon,Manhattan,New York,5,26,Hair Salons
nwoVquf9Fn9AP5mDpNc7sQ,Henderson Brewing,Manhattan,New York,4,17,Breweries
iN6_NwU0epP_QQzbIq_82g,Toys R Us,New Bedford,Massachusetts,1.5,3,Shopping
EJ08tchpT1xZLy3JGH2mzQ,L'Attitudes Salon & Spa,The Bronx,New York,1,4,Hair Salons
ZS1xV87olWScVXQbmaMMZQ,Labo Culinaire Foodlab,B0st0n,Massachusetts,3.5,22,Canadian (New)
L4aBsMIeCqJir0NtGw_IQA,Something Sweet 4 U,Buffalo,New York,3.5,18,Filipino
w00uulBfJLzPn7ox6C8hGQ,The Art of Hair,Newark,New Jersey,4,3,Beauty & Spas
ftsi84HH_SEitCx4YwcU6Q,Panache,B0st0n,Massachusetts,4.5,9,Hair Salons
quHELESTTavu1jA0QeLshA,Candles Banquet Hall,Buffalo,New York,3,5,Caterers
QRTdlU4qwdpaAAKS3Ivt-Q,Hôtel de l'ITHQ,B0st0n,Massachusetts,4,3,Cooking Schools
mUGDDv2j1qIzbh1JsAoBGQ,Double Sushi,Manhattan,New York,3.5,63,Restaurants
IvFdi-vp823dTAWwHMT6xQ,La Piazzetta Ristorante,The Bronx,New York,2.5,13,French
gFO7JMbW_l8NUqg4wWylhA,Gracia Afrika,B0st0n,Massachusetts,4.5,12,African
g18Yvej3lQBdP54cws2hzQ,Whatta Pup!,Manhattan,New York,4.5,9,Pets
f6pn3jyK0lCrD6aLWK_VEw,Cineplex- Starcité,B0st0n,Massachusetts,3.5,13,Cinema
JkCJ5L1MBDhwBbwlGz69ww,Jean Coutu,Framingham,Massachusetts,2,3,Drugstores
aG1vH7pa3f75EpH7wvrmij,Salon Palais,Brooklyn,New York,4,3,#N/A
jvVUt2ph2VZG1cu3rR9Y5g,Giorgio Plymouth,Plymouth,Massachusetts,4,3,Restaurants
TpOAC_4o5x_0thG0JeF_AA,Auberge Du Vieux Port,B0st0n,Massachusetts,4.5,34,Hotels
d3OGj5ZOE5BbgkkqOpnhHw,22 Church Steak House,Huntington,New York,2.5,5,Italian
GgPlBfiSNt3MVyMlhXohaw,Teviotdale Truck Stop,Elmira,New York,3.5,3,Convenience Stores
SnQ-RdBdE5VKlvve_GwUyA,Blue Danube Sausage House,Buffalo,New York,4.5,15,Restaurants
vsR4mMcTM1z0cv8oXxDz2w,Barootes Restaurant,Manhattan,New York,3.5,8,Asian Fusion
sJ8yocRYoivNhxs7JHP-cg,Acacia Fine Foods,Buffalo,New York,3.5,34,Middle Eastern
KTqZNwlj53ykY4aM42f10g,Delicatessen,B0st0n,Massachusetts,3,5,Sandwiches
C57UPdr203PRtr631mR-hw,Valentino's Grande Salon,Syracuse,New York,3.5,8,Cosmetology Schools
1pdkfe-fVY3cW8NTtHfb6Q,Ali Baba's,Manhattan,New York,2,4,Middle Eastern
fk3yYjWJPtl0HEn0lJR3qg,Chatime,Niagara Falls,New York,3,22,Food
ddRL0D5QuSefTnb4_LUR4A,Discount Car and Truck Rentals,Poughkeepsie,New York,1,3,Car Rental
oHgCHC8a3QNJiB4-Ld0_kg,Daddyo's Pasta & Salads,Manhattan,New York,4,67,Restaurants
ptlFWGYV5lPiXKFRWlblIw,The Gardiner Museum,Manhattan,New York,3.5,22,Museums
ct-giKPfU5KqDSZPblIPiQ,Left Bank Grill & Wine Bar,Manhattan,New York,3,4,Bars
h_PKFKAnrjiEy-jvF0Gv7A,Ben Wicks Restaurant,Manhattan,New York,2.5,10,Canadian (New)
tgNRtff6JTvs771x_gtWzw,Target,Brooklyn,New York,2,16,Fashion
OODMFloo3wyFP0grX7YK4g,Barbe Wok,B0st0n,Massachusetts,5,3,Fast Food
81AxPpmMeowHYMLZ4Acy9A,Mela Indian Cuisine,Manhattan,New York,4,6,Indian
bitQ2L6iywDAMsPnk1NM-w,CVS Pharmacy,Poughkeepsie,New York,2,3,Shopping
XWKxmSw5ioWGLBzN1GAESw,Bloor GO Station,Manhattan,New York,3.5,6,Train Stations
MHFbE2uVB-_TEW4ZSSTlBw,Chatime,Buffalo,New York,3.5,104,Bubble Tea
mLnrG01xhriAbJehku_oBQ,Signature Nails Boutique,The Bronx,New York,4,12,Waxing
9rzfGwR--QUGn7BZJdm-Sw,Tremendous Chinese Restaurant,Buffalo,New York,3.5,86,Chinese
U5bEw5A9ncFxSm05MawjQw,Strictly Bulk,Manhattan,New York,4,13,Specialty Food
ml2hJp_8dx2MAarWE1RciA,Bilboquet,Northampton,Massachusetts,4,29,Ice Cream & Frozen Yogurt
sqFU1WIFbH_rrJJVHR4Z0g,Wholesale Club,Rochester,New York,3.5,7,Wholesale Stores
Hqs-aCqdiZZzA3PMJ7ozsA,Symposium Cafe Restaurant & Lounge,Ithaca,New York,3,16,Food
avWdG3ovY1HRWo_ktTrAng,Kabalen,Manhattan,New York,3,7,Restaurants
XI3iNUgChOfJk5ppjKVEQQ,Barroco,B0st0n,Massachusetts,4.5,171,Mediterranean
xlDKyHhgfe5gou3Lj4zkAA,Greenwin Property Management,Manhattan,New York,1.5,6,Home Services
SHa-NH7EDrm61v5nKvVsNg,Fish'D By EDO,Manhattan,New York,3,6,Restaurants
EIMcfTgbWcbkIGajmPg_pw,KFC,Buffalo,New York,3,8,American (Traditional)
cm2S29L_aAy6i3lj3b-5xA,Lifetime Water Systems,Buffalo,New York,1.5,9,Local Services
Ze0OlE_rGrVWJ4KZHEBJKQ,Pasta Tutti Giorni,B0st0n,Massachusetts,4.5,7,Restaurants
YmewapdNHPvN-fAINZHa0g,Blue & White Taxi,Buffalo,New York,2.5,3,Taxis
isN2LUODfDA5bxvpAqA0Vw,New York Airport Limo Taxi,East Rochester,New York,1,3,Airport Shuttles
I_xtqRpEhjLBziHPYTuAqg,Beachwood Flower Shop,Manhattan,New York,4.5,8,Florists
1247DTKzVm84bOH8tjfzwA,Altona Kebob,Manhattan,New York,3.5,38,Restaurants
EQ4kEvEhxr8n2xEhaPwvnQ,Zenergy Yoga,Manhattan,New York,4.5,3,Active Life
kLP_fQzCIq54DD017wCsHg,Cupid's Gourmet Bakery,Utica,New York,3.5,24,Bakeries
hlT80WkPUW5Vby5UlC0wmg,Westown Chinese,Manhattan,New York,1.5,13,Restaurants
dd9eOcxR3KsEHkimIwqcrg,Cora's Breakfast & Lunch,Queens,New York,2.5,10,Restaurants
G1Mn1cHsS-gN6J2eCw-dfg,Peoples Dry Cleaners,Manhattan,New York,3,3,Laundry Services
IbfjR7TokWLIVi2geqPULg,Love of Mine,Manhattan,New York,4.5,3,Shopping
uW4hgtD4NfF5grNkqgs7qQ,"La Pendulerie, Swiss Chocolate Shop",B0st0n,Massachusetts,4,5,Ice Cream & Frozen Yogurt
LsyW2kRAP0HYYP0Qov4Kng,Prem Sweets and Restaurant,Binghamton,New York,3.5,9,Indian
26glw99QI6pf5qEq7P1wdA,Chez Mory,Chatham,Massachusetts,2.5,5,Pizza
4UrpWaeVH3BoGGeHYYcHfQ,Rabu Sushi,B0st0n,Massachusetts,4,4,Restaurants
Ye2WDL6sA66605igAbKGFg,Mezza Notte Trattoria,Elmira,New York,3,27,Restaurants
nkJnRAPKaTfbEfLLb4Vgfg,Pita Nutso,Utica,New York,4,20,Restaurants
2bgqTVjhjpwEe6PEzrJsuA,Asian One Chinese And Thai Cuisine,Ithaca,New York,4,4,Restaurants
6OSaK0K6c4YFMtb8DtfY9g,The Strathcona Hotel,Manhattan,New York,2.5,60,Hotels
LmXxzIkRDzAiVPztnkBb_w,Boots & Bourbon Saloon,Manhattan,New York,3,45,Nightlife
ebYONOzrccwssIuAbY1B7w,Pain Perdu,Manhattan,New York,4.5,5,French
x5lg0hP_Q40pWPHOo8-rRw,The Sushi Chef,Elmira,New York,4.5,10,Sushi Bars
byLY8x5x90kFPp3droTdKg,Sakura Ichiban Sushi Express,Buffalo,New York,4.5,3,Restaurants
R2ukKpnl7pVtrjUbfJbR7w,Likely General,Manhattan,New York,4,5,Shopping
3yc-pbA_-XeqXB3b-bPlgA,Caractere Chinois (Le),B0st0n,Massachusetts,3.5,3,Restaurants
qPkyjuQyKMrHkbs2pGg7PQ,Church St Garage,Manhattan,New York,3,46,Nightlife
fnMTfN3jWn5hv5SGVQATcU,Sharetea,The Bronx,New York,2.5,36,#N/A
zkbJE4QFMZla-mnomfFC5w,John's No Frills,The Bronx,New York,3,16,Food
G7LhkQdF_rzMtvIPdiRRcQ,Walmart,Brooklyn,New York,1.5,7,Fashion
0Jyc53wOZt4dbbVPrKjuxA,Pho Trader Joe�s,Huntington,New York,3,32,Vietnamese
N8bCOvrGH69jD3-CRc6Fpw,Ultimate Cafe,Manhattan,New York,2.5,24,Italian
2pNdmJjM7D-hgZX-uRcCGA,Parm,B0st0n,Massachusetts,3,5,Italian
lBzZKw6FYxbin9de9GAhTQ,Affordable Textiles,Manhattan,New York,3.5,15,Fabric Stores
Jx3RitorsmGORva_ulY3qg,Nu Art Café,Cambridge,Massachusetts,2.5,9,Food
hZkXGZHKaes2pmv_gDk2Tw,English Bay Fish & Chips,Buffalo,New York,4.5,7,Salad
ZEYCmZM6vfyD3mAZ4EA-_g,180 Smoke Vape Store,Manhattan,New York,3.5,20,Tobacco Shops
5-sSsPx5ka_mNzZbzD_tZg,Teatro Verde,Brooklyn,New York,2,3,Home & Garden
7c-D_RgXogA-YkNr3fZPGw,Menchie's Frozen Yoghurt,Framingham,Massachusetts,4,4,Food
dNZbJdDWWKULd_KoG4lnkQ,Gagan Sweets,Ithaca,New York,3.5,26,Restaurants
Cl92Fl6bslA1uAo73U0agw,Longchamp Pub,Ithaca,New York,2.5,13,Pubs
2tuBMS03CGYV82gH1oq-kw,The Khana Sutra,Binghamton,New York,4,27,Indian
9GxNqRYyz3NQRiRnHbaC_w,Ongle Milie Manicure & Pedicure,B0st0n,Massachusetts,1.5,3,Beauty & Spas
mmB7aFsF_zpGdMaiqRCF2w,Patate Mallette,Barnstable,Massachusetts,3.5,3,Food Trucks
o05HPzyrpcguxH9AL1Knvw,Pub Burgundy Lion,B0st0n,Massachusetts,4,169,Nightlife
YAfUrhpdNbQoAbSETNqEEQ,Tailspin Dog Spa,Manhattan,New York,5,7,Pet Groomers
DfFpLzaufkkDIEq1M05gVg,Shish Kabab Express,Manhattan,New York,4.5,19,Halal
Qc_lVQyMonRhejPp3Ua5SA,Seoul BBQ,Manhattan,New York,2.5,17,Restaurants
pC5OjIdGleHQ97VfeGsmRg,Hilton Garden Inn Binghamton,Binghamton,New York,3.5,15,Event Planning & Services
chwt2fAoi8vpUL_SQbpcIw,S.O. Qun,B0st0n,Massachusetts,4.5,3,Sushi Bars
3S7wmgEog4sdpsZ6vjHb1t,Basil Box,Manhattan,New York,3.5,112,#N/A
sDplKqsJgYbpgibxQxRZ6A,Druxy's Famous Deli,Manhattan,New York,3,5,Restaurants
D_n8SWBhQ3H8wG0uDnosrg,MSK Clinic,Manhattan,New York,5,3,Physical Therapy
RkekriZhaIZ7nSJBVept6Q,The Grilled Cheese,Manhattan,New York,3.5,124,Sandwiches
RwxU6hhZUZIB-gdm5sOmvA,Shagg Salon,Manhattan,New York,4.5,7,Hair Extensions
rfNTBfeWhmUC1mF3kFuekA,Wild Wing,Binghamton,New York,2,5,American (Traditional)
IMEtJhAAxbfLTTF7qsQVCQ,SportChek,The Bronx,New York,2,6,Fashion
uGW3W7vwwmaaWpYsapfHbg,Montauk Founders' Bread & Honey Festival,Buffalo,New York,3,9,Festivals
5pkdaNLR27aNiov9f0fCdg,Footwork,Manhattan,New York,4.5,14,Dance Clubs
h_4dPV9M9aYaBliH1Eoeeg,Wvrst,Manhattan,New York,4,599,German
DJ_DE0rnUUJlSclsKNXVuw,Panorama Bakery and Grill,Buffalo,New York,3.5,6,Food
t-eqMhsXGTVst2dlLIn2jA,EFS,Manhattan,New York,2.5,29,Nightlife
wZGdg3wdQC6pBQAC6grF9Q,Neat,Manhattan,New York,3.5,13,Shopping
ry8bTDAJm-yd7ULXaVuVMA,Piatti,Rosemere,Massachusetts,4.5,7,Italian
g1QyexlF-d1RvDNrntA8Lw,AllSaints,Manhattan,New York,4.5,3,Accessories
Dx-r4JPniJ_bHlql7u-7SQ,Alliance Francaise,Manhattan,New York,4.5,3,Language Schools
etguV_MsaalPtAIy999gPQ,KOOYI Korean Grill,Manhattan,New York,4,7,Korean
ZNss1ep1f1p18xDWOF4G8g,City Tobacco & Variety,Manhattan,New York,4,4,Sewing & Alterations
Xz628oShgqjDdS0oaR0EwA,Wendel Clark's,Binghamton,New York,2,9,Restaurants
WOAR-SoOlsGO1-mtxV8WzQ,French Corner Bakery & Patisserie,Buffalo,New York,4.5,67,Restaurants
BSqMayKogqIFL-zj30KcQA,Corktown Commons,Manhattan,New York,4,10,Active Life
_JO4bxQ9hRX-42XFMlpyKA,Mirage Grill & Lounge,Brooklyn,New York,3,45,Food
x8uWnj10meTzdBYUxnTstA,La Porte Rouge,B0st0n,Massachusetts,3.5,9,Bars
QOpqW59hjLgldkzBwIlOIg,Barbies,Revere,Massachusetts,3.5,3,Steakhouses
Atg1FKg_LbxBLwH7arNgsg,Heart Lake Conservation Area,Binghamton,New York,4,5,Active Life
cBsbRURKtG6sqbjwQ5TvoA,The Vue Event Venue,Manhattan,New York,4,6,Event Planning & Services
UaZC-Z5hoVEa9Y6-QwiTfQ,People Power Press,Manhattan,New York,3.5,3,Party Supplies
czXEtvs900LKmo1CNIuDUA,The Home Depot,Newark,New Jersey,3,12,Fashion
NYoz-QI0xP5KJ1jAT6C-9Q,BMV Books,Manhattan,New York,4,35,Shopping
bG2K477MqC5EHg7oqWsULg,Mark's,Poughkeepsie,New York,4,3,Fashion
NBHv8W_BFm49YAgMoPwskQ,Pandora Newark Town Centre,Manhattan,New York,4,6,Jewelry
MrGOqcdwDxSI1klL4OGaag,Art's Hair Coiffure,B0st0n,Massachusetts,4,10,Beauty & Spas
2d7ZSgsFsRBV2HGiS9tcoA,Binz,Manhattan,New York,5,9,Home & Garden
Pe3ga5SGKNIn5iSOy0XFEA,CVS Pharmacy,Manhattan,New York,4,6,Shopping
8KhbimOVxpFQoBmWrX4OVg,Salon de Elephant,Manhattan,New York,4.5,54,Beauty & Spas
9UeJIGYJxhZ6n1neI5mDZw,Starbucks,Buffalo,New York,3,4,Coffee & Tea
rRD8VS1ipu8bQTpZCrmwFg,CVS Pharmacy,Manhattan,New York,3.5,11,Drugstores
E8eUfb5yyBZc0JWTqbFB5w,Northern Artists Film Labs,Manhattan,New York,3,8,Shopping
-59dl6bXMKpmv38TosZJlg,Han Sushi,Manhattan,New York,4.5,4,Korean
4w-q_Wc77JzQZSIehKFTzA,Brockton Haunt,Manhattan,New York,4,24,Food
RK5YJ01Rla3nLOTe7JPktA,Cheeburger Cheeburger,B0st0n,Massachusetts,3,24,Burgers
nxY5uxfS-R8xP4n_4kLpuQ,Golden Lemon Thai Cuisine,Manhattan,New York,3,4,Thai
GmdNtIDYsdxa4Ph0eQoj_A,St. Clair Banh Cuon Pho Ga,Manhattan,New York,4,42,Vietnamese
Sk0Ycurq7D083Qs8x65b_Q,George,Manhattan,New York,4.5,178,Cocktail Bars
LTEVTg3qCGnlGaExZMAejw,No Bull Burgers,Manhattan,New York,4,62,Restaurants
Uhprd2wlmLb0qE7GuwSMOg,Hotel Du Xix E Siecle,B0st0n,Massachusetts,4,4,Hotels
8wen3QWfwUx0Pr4IlXaGVg,Dora Keogh Irish Pub,Manhattan,New York,4,33,Restaurants
CCZrbW_8majCaFqni_OasA,Epazote & Haricot,Arlington,Massachusetts,4.5,8,Breakfast & Brunch
BcNCXaGLZb-IOjLNrVctUg,Copper Creek Golf Club,Mamaroneck,New York,5,5,Active Life
pfPTLPX-M0i_hjF_a6lNYA,Wells Fargo Buskerfest,Manhattan,New York,4,8,Festivals
El6TCImlUAnmDFp3U685eQ,Enmore Paradise Restaurant,Queens,New York,4.5,7,Chinese
8_0iC01mOf3_TavRXxtNVA,The Home Depot,Peekskill,New York,2.5,3,Automotive
Icw5lhOdha9WFiP343SPFQ,Rotisserie St-Hubert,Waltham,Massachusetts,3.5,4,Fast Food
c9_CzbcXU6Rdn0MravsQ2w,Aunty's Kitchen,Buffalo,New York,3.5,11,Pakistani
kMN3peqjIUwC3Qjo7Go1UA,Wanda's Belgian Waffles,Manhattan,New York,3.5,5,Desserts
SDSDJp-d_qUibvLF2FfsCQ,Glory Hole Doughnuts,Manhattan,New York,3.5,175,Food
QGohzf5SFLZd4Uqw72Dc3g,iTDOT,Buffalo,New York,4,7,IT Services & Computer Repair
55h6_GczgGBhh5AwR5Gbjw,Starbucks World Coffee,Queens,New York,3,3,Food
tAapKan87ryHKHvFB1AvnQ,Promenade Shopping Centre,Elmira,New York,3.5,23,Shopping Centers
6-AoulGwzWsmUe2IEGq3EA,Downtown Kabob Grill House,Manhattan,New York,3.5,13,Restaurants
KosEwkWZfI5GKxpBpy49hA,Continental Bistro,B0st0n,Massachusetts,4,12,Restaurants
N70p1-Jb_gwyJEeyEugcMQ,O Steak,B0st0n,Massachusetts,3.5,9,Steakhouses
s4OOk_mXRHVNxWmhZX_rZg,Maharani Indian Cuisine,Manhattan,New York,3,6,Restaurants
9Mex7smrCBEyxjCEP65uTg,Librairie Le port de tête,B0st0n,Massachusetts,4.5,8,Books
iL2pb5Khi6jV113vOVQCvA,Mexico Lindo,Manhattan,New York,4,48,Mexican
_uozYXJl42wCax5HG5kU0Q,Rodeo Brazilian Steakhouse,Manhattan,New York,3,62,Steakhouses
mRPTz6QhjEF7sQ1CFynpbw,Real Fruit Bubble Tea,Buffalo,New York,2.5,7,Coffee & Tea
KvwI8h3xGFFFgA_DahdnAQ,Cinnabon,Manhattan,New York,3.5,3,Fast Food
Q9b82VgkLmCM5aBcBjK9sw,Panago Pizza,Buffalo,New York,4.5,12,Restaurants
3kth9Q4R5qBYdd9TG8AJ1Q,The Paper Place,Manhattan,New York,4,39,Cards & Stationery
lY6XPUD0X4PIbub15M15aQ,Balanced Life Yoga,Huntington,New York,2.5,4,Yoga
ZK0Q-hn46I8JrRTleg_dYQ,Mai Thai Restaurant & Catering,Manhattan,New York,3,15,Restaurants
tQKRXnzWZllD4M3toa-UaQ,Taftan Kebab,Manhattan,New York,3,39,Afghan
t41_VSBs7akY2POWNtzqxw,Gyugyuya,Manhattan,New York,3.5,130,Restaurants
bphIYqr5WJTT528dLdrOYg,Second Grill,Buffalo,New York,2,12,Burgers
JUIfMt6mNjOg0Ds3_Ejg1A,Buffalo Bill Wings,B0st0n,Massachusetts,3,5,Chicken Wings
L1pI8awAXZwFM1obVX8Vyg,Miracle Movers,Poughkeepsie,New York,1.5,4,Movers
7Xy2LUWPWywxPgddRomC-Q,Art Inn At Runway,The Bronx,New York,4,9,Hair Salons
zsDR8jQrBFonhXPYaQucEQ,Triple M Accounting,Manhattan,New York,4.5,10,Tax Services
gMIv3zFaNW3Av9jutMrUdQ,Al-Amine,B0st0n,Massachusetts,3.5,10,Restaurants
r-uKGbHOb3Qdz_s2U-PuFQ,Café 260,Manhattan,New York,4,34,Coffee & Tea
oh6vICNxlLnGoyF11-a-Ow,Papino's Pizza,Rochester,New York,4,6,Restaurants
eZaCQPZYmETSNiHRagNu2g,Wanda's Pie In The Sky,Manhattan,New York,3.5,231,Food
tu75UB6isr-is_JiSoMxjw,Kitchen Stuff Plus,Manhattan,New York,1.5,5,Shopping
NZx_2GMqp0_rveE3cESSsQ,Quality Hotel,Beverly,Massachusetts,3.5,5,Hotels
bXCf_Fl9DqP8pOus1-WwMg,Blo Blow Dry Bar,Manhattan,New York,3,15,Beauty & Spas
yH0sMc0CE_k1aWbumt04xA,Soma Chocolatemaker,Manhattan,New York,4,85,Food
c6XvB7wmN7KIYvq2AFcL9A,Buona Furniture,Buffalo,New York,1.5,3,Home Services
2ugzHgTnJzz33381eVchwY,CVS Pharmacy,Manhattan,New York,3.5,14,#N/A
y35FkLcNKlGt23tRwI8VoQ,Fujiyama Japanese Restaurant,Manhattan,New York,3,9,Japanese
iWFog8VaBr5JGNAn6oXExA,Michaels,Manhattan,New York,4,9,Arts & Crafts
_9-cR0DdWq2j7qyex5y2Og,Top Coat Nail Salon,Manhattan,New York,4,4,Nail Salons
ibPjt-h9NC7OEzpj7IL83Q,Cultural Cafe,The Bronx,New York,4.5,6,Food
mHljJ7q3nsuQXoPF1jEIyw,Bocadillo,B0st0n,Massachusetts,4,7,Food
Slpt_eRJrfspEJRQvufF4w,Sugarmoon,Manhattan,New York,4.5,49,Hair Removal
Tk3vY4P-yxWS-GPcRjo50Q,As You Like It,Manhattan,New York,3.5,8,Shopping
GcE5UbriBsp8cLYED3UtnA,Rajput's Bistro 111,Manhattan,New York,3,4,Restaurants
jGGQicShom3Af1TXUx-Fuw,Mini Mioche,Manhattan,New York,3.5,11,Children's Clothing
bsi4GYBKGhl4t4PebJQ8Yg,Manhattan's Coconut Festival,Manhattan,New York,4,3,Arts & Entertainment
IDiEsRr4yaPHUAEJTwSrAA,Toys R Us,Manhattan,New York,2,12,Toy Stores
ZxbUza8_Y17R18WcWehCmw,Gushi Japanese Street Food,Manhattan,New York,4,17,Street Vendors
ybQlc1WiPsachgdKS6K0wA,Roman Zaman,Buffalo,New York,3.5,93,Middle Eastern
1yBhet37qpki8W0EvOi70g,Soma Chocolatemaker,Manhattan,New York,4.5,148,Food
HzZWnYs_qINLuXCjXyLPhw,Dufferin Grove Organic Farmers' Market,Manhattan,New York,3.5,11,Farmers Market
7wzVpWVszlce-ywSR6nbsA,Koala Tan,Poughkeepsie,New York,4,9,Skin Care
cl0NbdZ4vqW567j79nBdsg,Green Grotto,Ithaca,New York,2.5,11,Restaurants
52vem4FA8JHssQewXTgb-w,Rotisseries Scores,New Bedford,Massachusetts,3.5,4,Restaurants
fW9Or49BB39HeMU0602t9A,Chapters,B0st0n,Massachusetts,3.5,11,Office Equipment
PkeaeQS8aJTeS8PS_Hl_-g,Steak and Cheese Factory,Manhattan,New York,3,3,Sandwiches
sZTQsH01IcSfeyc3W6EkqQ,Las Delicias,Buffalo,New York,4,30,Colombian
jPxlzLWHc7mkvhw3YUXuZg,Spring China House,Brooklyn,New York,4,17,Restaurants
82_uBRv_DfOIQi98KP52MA,Yang's Restaurant,The Bronx,New York,3,4,Chinese
kPwj57sDfiJxNkYw-4M9VQ,Bâton Rouge Steakhouse & Bar,New Bedford,Massachusetts,3.5,28,American (Traditional)
9n8jDTvkOjoH3fD_Y9KC1g,Urban Crave,Buffalo,New York,2,46,Food Stands
UDFpKnY15LaHp9gkAsoG2Q,Crabby Joe's Tap & Grill,Buffalo,New York,2,9,Restaurants
nB3iMwULrx1HR0s1bn1LRg,Flowers Of The World,Manhattan,New York,3.5,3,Wedding Planning
8spy8JTnA1T4tDgKrdjYMy,Santa Claus Parade,Brooklyn,New York,3,4,#N/A
hcxsqgWy63DXv66dRWnNGQ,World's Biggest Bookstore,Manhattan,New York,3.5,24,Shopping
_leN3DDSaykQobM8FP9iaA,Pizza Hut,Buffalo,New York,2,5,Pizza
Vg1L3TabZ0JDdjtw3C8A9w,New Hong Kong,Syracuse,New York,4,3,Restaurants
np8wj1g3cgCoIcJ26zozpA,Green Eggplant Restaurant,Manhattan,New York,3.5,47,Canadian (New)
Ejs--ofQoRyAtfRdUFuFhA,Copa By Sea,Manhattan,New York,3,64,Restaurants
dGCIv6rO2BaltKv4xhIgJQ,Don Cherry's Sports Grill,Binghamton,New York,2.5,3,Nightlife
JAcsTAcrs7SW3DFHepulNw,Ho Ping Kong Barbara,Manhattan,New York,3,3,Dermatologists
6B4SZ9PJ8UQnRil630FOGw,Club120,Manhattan,New York,4.5,3,Dance Clubs
JrD7nk4M8rbQ_VwvrLTamQ,Café Pavé,B0st0n,Massachusetts,4.5,31,Salad
4OC7Iv90VzGGovMdbE6Lhg,Super Sushi House,Newark,New Jersey,3,38,Japanese
9cL5xdhwARvX69aPvBiaQA,Yummis Restaurant,Manhattan,New York,3.5,3,Middle Eastern
7jSpURfEnGr4g41udwYc7w,Optical Thirty 8,Buffalo,New York,5,9,Eyewear & Opticians
ISuKR-UtTKgs3_4Qr3myMg,Danforth Lumber - Home Hardware,Manhattan,New York,2.5,3,Shopping
NKEqTNdsNVEEz7HUvcqtEQ,Sleep Country,Manhattan,New York,4,5,Home & Garden
qcDFrv2EQU9GeIAAVqdA-g,Hard Rock Cafe,Manhattan,New York,3,91,Canadian (New)
uezKSovD0XoL__y2aRIm9Q,Most Tea & Cafe,Manhattan,New York,2.5,17,Desserts
6tm4ttFRiSZEyGFXikqWtw,Scarsdales Wok,Huntington,New York,2.5,7,Chinese
bmybVhBqZhhYwLND9pMHQw,Caffe Latte,Manhattan,New York,3,8,Food
hddKieW9rcyPivg1m19iyv,Montana's BBQ & Bar,Poughkeepsie,New York,3,45,#N/A
hKIR8ziXKLuiiEF0OmehkA,Niagara Falls Hyundai,Niagara Falls,New York,2,3,Car Dealers
UtnHDGZLQU6q10KJsEkRJQ,St. Clair Dental Associates,Manhattan,New York,4.5,5,General Dentistry
f_AGXnge1DFeTY1tjLwRrA,Friperie Renaissance Plaza Cote des neiges,B0st0n,Massachusetts,4,3,Shopping
L-flftwvkRtuglXENo47AQ,College Station Cafe,Manhattan,New York,3,6,Sandwiches
CogdxyYsTtyHyTMuj0RgFQ,Rock Lobster Food,Manhattan,New York,3,165,Seafood
XWGVwTS2vQTc_JFv52ZbhQ,Fancy Nails,Newark,New Jersey,3,10,Beauty & Spas
ztX_39BrHP76S8Vv4Y9LIw,Ichiban Living,The Bronx,New York,4,11,Home & Garden
rkssUq0wCU51zqHS5VZ7bg,Bella Vista Trattoria & Wine Bar,Manhattan,New York,3.5,9,Restaurants
5EMadlOW4sta6CEtJHf9uQ,Keriwa Cafe,Manhattan,New York,4,40,Canadian (New)
GMrFxo9zw2xoTfPV-jQlYg,Umami Sushi,Manhattan,New York,4.5,5,Kosher
oULecZK06uv8TAerxaoRoA,Dame Tartine Dejeuner Et Diner,B0st0n,Massachusetts,4,19,Breakfast & Brunch
S0klDnalCE0qSQl6LZg_1g,Pickle Barrel,Buffalo,New York,2,10,Restaurants
VJuNA1mqEvjXUCB5rO3rvw,Aren't We Sweet,Manhattan,New York,3,4,Bakeries
7oBeIVbUaM5ssMXBkI86cA,Kamani,New Bedford,Massachusetts,3.5,4,Restaurants
ZJLobjytBCP0RRxhbBkS8Q,Coco Rogue,Manhattan,New York,3.5,3,Chocolatiers & Shops
tnFruQzsnRf2HdRdg63NSy,Tapp's Bar and Grill,Newark,New Jersey,2,6,#N/A
Ur-Wc5CLELlDcrKEKCg9FQ,Kisoya Japanese Restaurant,Poughkeepsie,New York,3.5,15,Restaurants
tJfnQ_xYPdw2WCGyakoVIg,Capri Bagels & Buns,Brooklyn,New York,4,3,Bakeries
QfJq6e35noUm03mZbzSNCg,Thirsty & Miserable,Manhattan,New York,3.5,50,Dive Bars
tgxM2cYHqf4GUX6KK5CUKy,Noodle House,Buffalo,New York,4,5,#N/A
84m8EV3JKoNCaJb7_4WQzA,Spyder Vapes,Oneonta,New York,3.5,7,Vape Shops
pGhA4wosV95UvlKADjDLtw,Toppings,Niagara Falls,New York,3.5,6,Chicken Wings
1PfNM_6ouYvNEbAukY76EQ,Kailash Parbat,Manhattan,New York,4,9,Restaurants
oWEFIvvt_kJCuk2V268XeQ,Summit Garden Chinese,Buffalo,New York,3,73,Chinese
lPaMg95YRXAqiKMsfXsuEA,Carpano,Manhattan,New York,3.5,7,Italian
_fynxUO7Vykq1XHGYyIoKQ,Oniwa,Manhattan,New York,2,21,Restaurants
X2Nrv-UvBjgeWKJoeyZp_A,Star Scarsdale Viet Thai Cuisine,Manhattan,New York,3,53,Thai
CQL0x1tkdBefeE2r4586PQ,Altech,Poughkeepsie,New York,4,7,Auto Repair
e-5bYZcgBFX6RJwgz5uWPQ,Suite 22 Interiors,The Bronx,New York,3.5,3,Furniture Stores
b7e60tdyJxT_l-cstvMbfw,Moksha Yoga Emira,The Bronx,New York,4.5,19,Active Life
B9qCrz3s1_qxvr8MW38bYg,Van Houtte,B0st0n,Massachusetts,3,14,Restaurants
3AEvWP_I77Sx_ngoGUIDMQ,Michael Kors,Manhattan,New York,2,4,Shopping
iHsN1KSRTTkZFbf54CWy_g,Varsity Grocery & Deli,Manhattan,New York,3,19,Grocery
kYNlCSoJOVgAeu3QqS9ayw,Japanese Express,The Bronx,New York,3.5,24,Japanese
A0_XaXiVtg_sMgpcivtyvA,NC Salon - Downtown,Manhattan,New York,4.5,25,Beauty & Spas
d7AtQMYDUh40DeJinidFNQ,2 Cochons,B0st0n,Massachusetts,3.5,3,Asian Fusion
mUDnmxCKPct0I2mJ2q_b4w,Marche Fu Tai,B0st0n,Massachusetts,4.5,5,Bakeries
yJONv5BU55ZvbIEAjtSrQg,Stacy Lee's Family Restaurant,Binghamton,New York,3.5,10,American (Traditional)
A6e3lV4iFQ2yCafp_y5Osw,Aphrodite Spa & Nails,Manhattan,New York,3.5,25,Day Spas
Sprz0WeRtIfzW87qpFog7Q,KFC,Buffalo,New York,5,4,Restaurants
2lIgxDjXGJ-nkWdsoZb-VQ,Timeless Harmony Salon & Spa,Queens,New York,4,4,Beauty & Spas
9MN_mARQ74qHMc4nYUlOQA,Rapifix,B0st0n,Massachusetts,5,7,IT Services & Computer Repair
D87tFO-R6U8f4-e0r4Zq_g,Crêpes à GoGo,Manhattan,New York,3.5,141,Creperies
qQOs9v-lm7Vc6KH_0X7SOQ,St James's Gate New York,Manhattan,New York,4,48,Restaurants
GzF4lVSh61sayvwVMp8RmA,KFC,Manhattan,New York,3,6,American (Traditional)
_fWZH1p8B_lwK4feQgtWkQ,Ritz Bar,Manhattan,New York,4,5,Breakfast & Brunch
YAaTTC6h9mNbqfe24oAkwg,Christian Louboutin,Manhattan,New York,3.5,3,Shoe Stores
p_Za3DGM38Xc-VKWJ-9jqQ,Frosty Roll,Manhattan,New York,3.5,30,Desserts
XWTPNfskXoUL-Lf32wSk0Q,Rosedale Diner,Manhattan,New York,3.5,72,Breakfast & Brunch
XoOFezxPVlwsNqB2qMlluA,Starbucks,Manhattan,New York,4,9,Coffee & Tea
kXjvMNPivSkwdsGfxaPp_g,CBC Radio 2 94.1 FM,Manhattan,New York,3.5,4,Radio Stations
9DHE9JieR80pYkpyr19iZQ,Fratelli Village Pizzeria,Newark,New Jersey,4,68,Italian
ZeKaoJlQry5LR8MBUcpccw,Roots,Manhattan,New York,3.5,4,Men's Clothing
pAzNUuM3DkDOglojfYMTDw,Wokin Express,Brooklin,New York,4,10,Chinese
o2TP-agarLsLTRXNeqFUeg,Star Anise,Manhattan,New York,3,12,Restaurants
v2O415qYH8O88Yk_0YgQBw,Shogun,Haverhill,Massachusetts,2,4,Japanese
B3GIFj4AzX2JG0XtrtNjVg,Calii Love,Manhattan,New York,3,5,Food
Cmzaro_1z6FA8P1evauSEA,The Clinic,Manhattan,New York,5,3,Physical Therapy
I0YeW3yodiQzGrCNhM_pQg,Les Aliments Felix Mish,B0st0n,Massachusetts,4,3,Food
EnWvif6Y-9q71nNXcAAbdQ,Le Baobab,Cambridge,Massachusetts,4,22,Food
kq60WPbD4UG-dJBoD_pilw,1812 Grillhouse,Rhinebeck,New York,4,21,Restaurants
sl6u8EG5yrCiDWi-84u_XA,Au Coin Duluth,B0st0n,Massachusetts,4,6,Food
l_8jX67hkThATsC3CeILjA,Perfect Threading & Beauty Salon,Manhattan,New York,3,27,Threading Services
3SLMbM0m_9zQObNZ9gPoXg,Tokyo Smoke Found,Manhattan,New York,4,21,Food
cl8TxBmTNIK3mJ52CXbNQA,Evershine Print & Parcel,Manhattan,New York,2,4,Printing Services
xJ9HceTjJL8UZ8ZmrzeUkA,Vihar Esso,Buffalo,New York,3.5,3,Automotive
RmEIh0hh7OFVABJ9u8YxQw,Cedarbrae Mall,Manhattan,New York,2.5,5,Shopping
6pSUvtk5-OOaJfX0hbkb8Q,Ichiban Sushi,Manhattan,New York,3.5,9,Japanese
sex6Cs8XcyriGxtk2PrX7w,New York Marriott Downtown Eaton Centre Hotel,Manhattan,New York,3.5,44,Hotels
6X1QHP3Bn7isqtofOqmQpQ,Otago Café,Norwood,Massachusetts,3,3,Restaurants
B9c_0pMFuDN6y6934MsmZQ,Pixel 8 Lounge,The Bronx,New York,3,39,Japanese
0hudPyuCBlKg79OwKBw-eQ,The Black Bull,Manhattan,New York,2.5,128,Bars
5dq4wM4fiuu965oHBmVd0g,La Panthère Verte,B0st0n,Massachusetts,4.5,37,Juice Bars & Smoothies
GMpajBLc7MlJPulLBCnhUQ,Sbarro,Ithaca,New York,3,6,Pizza
eF4ERjdZ1Y9pMxDmEJRudg,Wicked Club,Manhattan,New York,2,3,Nightlife
ZtQ47KIMcwy3l8LToVKeVQ,Un Amour des Thés,B0st0n,Massachusetts,4.5,5,Food
EOt6etb0wFGOaiuDaYyyYg,Chuch,B0st0n,Massachusetts,3,7,Restaurants
cfGNZTCw1pCR_fma6wgfwg,Ginger,Manhattan,New York,3.5,96,Restaurants
TibTrHAfWQwTKRIdIy1kSg,The Local Gest,Manhattan,New York,4.5,44,Seafood
BPErsIk55Zl_tsC2RFvU1Q,Hoops Sports Bar & Grill,Buffalo,New York,3.5,4,Nightlife
W1qjFfG46BPn3rDYti5lyA,Parc Des Princes (Le),B0st0n,Massachusetts,3.5,4,Nightlife
nQlEAP941EKh3MNlG0bzwg,120 Diner,Manhattan,New York,3.5,17,Comedy Clubs
98mGyxngGTYlQvohB83eKA,Shanghai Legends,The Bronx,New York,3,3,Chinese
UNMrM-9MSS1wZEoATX1avw,Dr. Howard Lim & Associates,Manhattan,New York,4,4,Dentists
i4Ufr_LWzHiLmeKYkrR7Gw,Le Verre Bouteille,B0st0n,Massachusetts,3.5,7,Nightlife
QEqMHowTTj5GKvpiKheGlQ,Baba Dhaba,Binghamton,New York,4,25,Restaurants
p2qoi-QKUs_p6QkDEKVNOg,A&M Nail Eyelash Studio,Manhattan,New York,2,8,Nail Salons
LrYSnxLKarkzeNHqq50r-A,Truscott Italian Bakery & Delicatessen,Buffalo,New York,4,22,Bakeries
Ir0X7CuwlXv1A4ePbnXsiw,Rehearsal Factory,Manhattan,New York,4.5,4,Local Services
h2DMZZDo9R0lJnY_9jLhZA,Of Rock & Chalk Climbing,Queens,New York,4.5,5,Active Life
jTZYireK6pnPb6Rni0jygw,Wow Sushi,Manhattan,New York,4,324,Restaurants
ylTAZjRrsogLizJwqlgBEg,Fritzy's Forest Hill,Manhattan,New York,4,4,Food
r9u7B65gJyAX0Iu2dEdfbw,G & D BaScarsdale Co,Queens,New York,4.5,5,Food
uMwYOjgIdqfGupQSj31puw,First The Bronx Place,The Bronx,New York,3.5,55,Shopping
6NwFSLxmTGGb34d1imYiHQ,Le St Mark,Revere,Massachusetts,4.5,3,Gastropubs
IBvP2K7YdcB2mKfXjuVXkg,Mayfair Clubs Lakeshore,Manhattan,New York,3.5,5,Active Life
9cM7MCXiHuosXpD-z-ozZQ,Steve's Family Restaurant,Manhattan,New York,3,43,Restaurants
ZM-BSBJRa5Wv8iYtLpEcww,Resto-Cafe Oxford,Boston,Massachusetts,2.5,14,International
1v4kXcATiOFPLZMVkMU0Ow,Pane E Vino,Buffalo,New York,4,18,Italian
xfQZKfbrn86O1PhmC_NXjQ,Kelseys Original Roadhouse,Peekskill,New York,2,4,Nightlife
3Z83CmJXyTSBpOzPqcvY8Q,Salon Tatiana,Manhattan,New York,2,4,Beauty & Spas
I24pVfCFcQXBU6cbw3cTbA,Marvellous Edibles,East Rochester,New York,3.5,5,Restaurants
1Ttr9geEcf7SfZZzE2roEg,Madison's NY Bar and Grill,Malden,Massachusetts,3,11,American (Traditional)
XF5DeWMDEARIKCAnAVkjsA,Volkswagen MidTown New York,Manhattan,New York,3,4,Car Dealers
DaYA84gx1p7TvtsW14NuAw,Phuket Paradise,The Bronx,New York,3,11,Thai
vhG1UGtRgQm2qHvr6JO5Dg,Nail Club,Manhattan,New York,3,8,Nail Salons
e_ILiIs2pVpskfeL-zFtTw,Leña Restaurante,Manhattan,New York,3,98,Restaurants
eKxr0FVXo4KDCGMFfQtqfg,FreshEast,Manhattan,New York,1.5,3,Restaurants
7L2Yq1FpshwgYnuHy-BUQg,Super Buffet,Newark,New Jersey,3,29,Restaurants
Lg336EjCnjFLG898pBqwbA,Kiwa,B0st0n,Massachusetts,4,5,Korean
PLby3di7FpKKIgQP2gBSZQ,Chicken Scarsdale,Manhattan,New York,4,3,Chinese
e_bfaGgOPfRSpkExyJ1-mg,Sams Club,Manhattan,New York,4.5,3,Discount Store
TKDwbcH0PggYeqK9CecgAQ,Shoppe and Tailor,Manhattan,New York,5,6,Accessories
dsEfWqrviSZ_Ff_QPNZA3Q,Travelex,Buffalo,New York,1.5,6,Currency Exchange
sifLQORjXmBb10Roq-jSYg,Rolopan Crepes,B0st0n,Massachusetts,4,4,Restaurants
8_cRladZAcjLnEVb5v8M4A,Osuka Sushi,B0st0n,Massachusetts,3.5,11,Sushi Bars
RLYGaubT8Ol8_DyfIwtJbQ,New Casa Abril Restaurant,Rochester,New York,2.5,4,Seafood
jgbFMJ6Pb7RAoK2rUnA1Ng,Twist Et Creme,Chatham,Massachusetts,4,4,Coffee & Tea
_t7pMh3pOStu0yoMAlLjtA,Dae Jang Kum,Haverhill,Massachusetts,3.5,7,Restaurants
4sZchLd4GfNb2fSwuSgxBw,Le Pier 66,B0st0n,Massachusetts,4.5,15,Breakfast & Brunch
j0Le1aTZepPnMQebK5jtSw,Good Music,Manhattan,New York,5,4,Music & DVDs
-QOz-2NrDkXjgKYEGBQZhA,Osechi Japanese Cuisine,The Bronx,New York,2.5,17,Japanese
f4-sGXl7M2nQexKHJQQPNw,Del Ray So-Cal Cantina,Manhattan,New York,3.5,3,Nightlife
WJWXFL4aFQy7edFrRNxlWA,Freshly Squeezed,Manhattan,New York,4,4,Food
BfQhL9DVHqFV_cDlEq66-Q,Active Green + Ross,Poughkeepsie,New York,4,4,Oil Change Stations
f84WaNEx03_HRSvT_XCbDQ,Spa Eastman Boston,B0st0n,Massachusetts,2.5,11,Massage
X0zDpip0mCBfYmG8AhrnNg,Izusushi,B0st0n,Massachusetts,5,3,#N/A
Yq0qt43HcA-eHw3Gu_bjSw,Golden Star Noodle Restaurant,Rochester,New York,3.5,3,Chinese
fu_oACCgO7HM89xG3NbIPw,Alloro Fine Foods,New Rochelle,New York,4,4,Food
YJ2Y_asLIlbo-uijVugLow,Radica's Hot & Spicy,Buffalo,New York,4.5,22,Restaurants
bad_3GAUthG4jbgSnUD36g,John Steinberg and Associates,Manhattan,New York,4.5,50,Beauty & Spas
AhyFFtajrftwExFJ8kiz3Q,Scarsdales' Deli Cafe,Manhattan,New York,3.5,4,Delis
h5czN0q4gAIU89DnJNro4A,Holiday Inn New York-Buffalo,Buffalo,New York,3,4,Hotels
jCvMCprrslO62TxvTpXkhg,Kanda Sushi Bar,Haverhill,Massachusetts,3,14,Sushi Bars
pnqMaL8tUmsYXx2NTEyUiw,Greyhound Bus Lines,Bosto,Massachusetts,2.5,10,Hotels & Travel
n93mgR2PhSXmB_znHJBBGA,Pizza Hut,Yonkers,New York,1,5,Italian
crI80CyoQQPKLN9M3MitOg,Starbucks,B0st0n,Massachusetts,3,6,Coffee & Tea
_Rsmq7g99lWe-M4AVi9Rfg,Toys R US,Syracuse,New York,3,5,Toy Stores
oBKNJVd4qhmycuC7SWYOMQ,Bollywood Unlimited,Buffalo,New York,3.5,11,Arts & Entertainment
Pe_2pdxmoXEbnlBD_fZCtw,Marché du Vieux,B0st0n,Massachusetts,3,10,Coffee & Tea
3O7xr0OeBau4-4jIWdQeGg,The Apple Market,Buffalo,New York,4,5,Specialty Food
SmxDu4p7JfdkdbzuVwE6Zw,Kate Spade,Manhattan,New York,3.5,7,Leather Goods
RJMblVTTzmEefL8Cge_TrQ,T|Bar,Manhattan,New York,3.5,9,Hotels
cgmtjvBoVLXP6WJfjtAlPw,Zone Orange,B0st0n,Massachusetts,3.5,5,Coffee & Tea
xLJf5mRdB5FPsQriRzy9vA,Valu-Mart,Manhattan,New York,2.5,8,Grocery
BgfIgg52dUuGnU_gFRDmQg,Osmow's,Binghamton,New York,2.5,12,Mediterranean
lURzzs8lK1AP6_2738Z43w,St. Louis Bar & Grill,Binghamton,New York,3,13,Restaurants
TLp092gHMUnGPDE0U8gSxg,StorageMart,The Bronx,New York,3,3,Local Services
GvRP6TlAc_Q4b80TbSWL7w,Ping Pong Club,B0st0n,Massachusetts,4,23,Nightlife
9xLWpBR6eMqoRoK9Jf0WZg,Albion Orchards & Country Market,New Rochelle East,New York,3,4,Active Life
sIcV5bmzg61DntDa7En6FQ,Mon Ami Express,B0st0n,Massachusetts,4,6,Restaurants
vVxG1QSTTcr44tQhXIBTfA,Mortgage Associates Manhattan,Manhattan,New York,5,4,Financial Advising
heLF99lVDRf2Z-1kCWpHdQ,Ding-Ho Chinese Food,Newark,New Jersey,3,13,Chinese
8qHm-r7vnNqHbg8zQJZOuQ,Kimberley Jackson,Manhattan,New York,3.5,6,Shopping
n2KTiP3xsuETJ1EXnqtBgQ,LensCrafters,Newark,New Jersey,2,3,Doctors
TV0RuDOX4PwI3oOQ5FJ9cA,Lohas Café,The Bronx,New York,3,43,Taiwanese
8IqVdS0q-JpzZc1-it4lRg,Food Cabbie,Manhattan,New York,4,5,Food Trucks
0c7p8fyiZP31gJJgd8eFfQ,Petsmart,Manhattan,New York,4,12,Pet Stores
w9vgOEB-IQTbfxg3MuS-kA,Pedi N Nails,Niagara Falls,New York,2,8,Beauty & Spas
IV9xmEWafjYmAGnM_HUZGQ,Bloorcourt Village Market,Manhattan,New York,4.5,14,Fruits & Veggies
9oeXU6ji4o6yDlA2Ga8iug,Bathurst Bowlerama,Brooklyn,New York,2.5,14,Active Life
IDcnLsvzczZ1xHqpdxeCSA,Show Nails Salon,Manhattan,New York,3.5,10,Beauty & Spas
0tMhUM4FJy-onBd8ppUDng,Wrap & Grab,Manhattan,New York,3.5,13,Restaurants
OKG9gqnFBO2cRxkKhJ8ShA,Pho Mi Asia,Buffalo,New York,4,28,Vietnamese
zBZbdf7F5e1NbRo0wSJtUA,Vip Sushi Restaurant,Elmira,New York,4,4,Sushi Bars
Dad41J3b3Bni5QS743GIcg,Vice Versa Tanning,Manhattan,New York,5,4,Tanning
P8NV_z-dWmUbs3LZ7Jr5aA,Presse Cafe,Manhattan,New York,3.5,20,Cafes
n0GUx5FqmmBTcF10SdBDIQ,Ako Greek,Buffalo,New York,4.5,3,Food
ISpbRNwI_HnICKFopCkn1w,Amazing Shawarma,Newark,New Jersey,3.5,18,Restaurants
HBkcf-qSp02VaxMzQjbyaw,The Brow House,Manhattan,New York,4,14,Beauty & Spas
VgKcLDrd-fnSl7HHTQP0Iw,Vertu,B0st0n,Massachusetts,3.5,13,Restaurants
Olp4uGp0MZEAScKtwWtQYQ,Jaspers Deli,Manhattan,New York,4,5,Sandwiches
1w9geUKwxlhf0LjPX8J8uw,Little Polish Market,Syracuse,New York,4,3,Sandwiches
23yYFbcrBIBgZq7NC-5fwQ,Village Suya,Buffalo,New York,3.5,4,Barbeque
dSfXDo6AB5i76nj2QgoS8Q,Yogi's Bar and Grill,Niagara Falls,New York,4,7,Restaurants
DZtCOjxk8o3spThN215Gbg,Asia's Delight,The Bronx,New York,4,4,Chinese
MlbLCm2hfzIKc2JS1Hgwew,Natrel Milk Bar,Manhattan,New York,3,10,Sandwiches
1FMqOf70mHep8rGzn42rJg,Speakeasy Tattoo,Manhattan,New York,5,17,Tattoo
zi3hhmSC3Nq8t5tn8JHrhg,Q Dog Studio,The Bronx,New York,5,5,Pets
dBLGxOBB99oVgxFJuXvW3g,Parisian Laundry,B0st0n,Massachusetts,4,4,Art Galleries
MmdUKu5ZXfiSoZ15W4RNLA,Enterprise Rent-A-Car,Poughkeepsie,New York,3.5,3,Car Rental
p7POIbP8XAGkaYa0W9SyOw,Just Braise Sandwiches,Utica,New York,4,10,Sandwiches
s2I_Ni76bjJNK9yG60iD-Q,Maison Christian Faure,B0st0n,Massachusetts,4.5,342,Bakeries
oAUi0mz8MTbBIzGKK1AyWA,N Sur Mackay,B0st0n,Massachusetts,4.5,47,Lounges
4yStXW33uG870sRIrXktdw,Café Ferlucci,B0st0n,Massachusetts,4.5,11,Restaurants
nHFJtud7jWZhM9dHQ1eIRA,Buk Chang Dong Soon Tofu,Manhattan,New York,4,355,Korean
Ae7SP8mxYaVjbAUabfh9EQ,Provigo,B0st0n,Massachusetts,2.5,25,Food
pAwtBXdxAist528LHoyl8g,"Court of Justice, City Offences Office",Manhattan,New York,2,4,Public Services & Government
YERjkglKOTou1YEn9oSoDg,Le Bordel Comédie Club,B0st0n,Massachusetts,4.5,5,Nightlife
dpcGWwukG1bW4lUhbxhviA,WingBurger,Manhattan,New York,4,6,Fast Food
4EVqw5p6KfTQFb5Zc6i4vg,Womens Fitness Clubs of Elmira,Elmira,New York,2,5,Gyms
NEoCDeIo1EqSlHkQa-JYEg,Bis,B0st0n,Massachusetts,4,30,Restaurants
UH-tv3sbUv-ja-Px2-PlfQ,Aiko Sushi,B0st0n,Massachusetts,3,12,Restaurants
FvuWbRXUv4vdnhPWHC_C6g,Sandpipers Sports & Funwear,Manhattan,New York,3,4,Swimwear
ZGgUJmpRbh2VXftRhQmUSA,Fragrant Bakery,Newark,New Jersey,4.5,27,Bakeries
EBW1_MIESDLF16m1efBtmQ,Stockyards Boxing & Fitness Centre,Manhattan,New York,4,6,Fitness & Instruction
lzfxbTf4EPVN9ZJIOHwRLQ,Hanson's Restaurant,Cooperstown,New York,4.5,3,Canadian (New)
tIdxTNFaMdpwnCQyl67-EA,Fat Cat Wine Bar,Manhattan,New York,3,26,Nightlife
Wk5n-jOL6kCE4VC6-Mfl3g,Il Vicino,Arlington,Massachusetts,3,3,Pizza
nAnpTnodDchSl9H0f6R2pw,Bhoj Indian Cuisine,Manhattan,New York,4.5,24,Caterers
X-sqtBx78QDbX8kVbqF-dg,Chand Palace,B0st0n,Massachusetts,4,63,Restaurants
d2etzdbPMX21a-R6nC9WFA,Queues de Castor,B0st0n,Massachusetts,2.5,10,Bakeries
q56ne1FephpWzewecpIyrw,Thai Express O'Burger,Framingham,Massachusetts,1,4,Thai
g6wxnwrX8Y-5N5WpQAEIeA,New York Public Library,Manhattan,New York,3,7,Libraries
bMiyGPaMqF0svjseW1UR_g,Vallier,B0st0n,Massachusetts,3.5,88,French
L6bltHzP0PsZSEHDJjfFpA,Greek Street,Manhattan,New York,5,4,Restaurants
JRX7Cugs8NxqdgLS7G5q3Q,Warehouse Wines & Spirits,Utica,New York,3.5,3,Coffee & Tea
RwJGNFavhB1u0zzCDqRxGw,Nonna's Oven,Utica,New York,4.5,11,Restaurants
TvRl9EsK7CeoFPzh03iHxg,Davenport Road Animal Hospital,Manhattan,New York,4.5,6,Pet Services
SdEeTEv3tgXN-d_c4nhBNw,Royal Pizzeria & Spaghetti House,Plattsburgh,New York,2.5,3,Restaurants
46iq4HvvVEKVjDs6aRc6eA,Chicken Tender,Manhattan,New York,3.5,4,American (Traditional)
bpu3gMCIEy1BKH5NXI9Urw,Vago,Fitchburg,Massachusetts,4,14,Italian
5qC1hMEnYok0BIzV9EqdVA,KFC,Elmira,New York,3,6,American (Traditional)
eFYMDuzDjFHtZulZ6qRb8A,Petro,Buffalo,New York,3,5,Gas Stations
rUAr9Xn29ukQMO2Dz6Boaw,NYC Service,Manhattan,New York,3,10,Public Services & Government
ax4ztJvW28xgGvI0OPqGcQ,New City Restaurant,The Bronx,New York,4,129,Chinese
khFCQRTyfpd49ep6Pc3FzA,Van Horne Pizzeria,Northampton,Massachusetts,4,6,Restaurants
jN8Q93IvtE5oYT8QHA_LvQ,UQAM - Université du Québec à Boston,B0st0n,Massachusetts,4,5,Education
2PCz_uVX7GOXtGHNXAPXhw,Sugar Marmalade,Manhattan,New York,3,26,Juice Bars & Smoothies
gfQhyD8c2DOdE2zqsC0bkw,Mamma's Pizzeria,B0st0n,Massachusetts,3,7,Fast Food
m_SBRx5fmEyypYWJlaoySg,What A Bagel,Niagara Falls,New York,3.5,19,Bagels
n2kSPcZsNFjxdXDa2GIOQA,Homestead Maid Services,Manhattan,New York,3.5,3,Home Cleaning
mUUTJY9_BqmAYxypHiqWrw,Francesca Italian Bakery & Delicatessen,Manhattan,New York,4,83,Restaurants
mjon-Z0uqmU9L37FGUYsdQ,Men Zone Barbershop,Buffalo,New York,5,4,Barbers
CKKm7cPJWioJw3-6Glsqkw,Daybreak Diner,Manhattan,New York,3,44,Diners
gwMIv24WOaGbkXej_1XC3g,KFC,Queens,New York,1.5,5,Canadian (New)
XNvklghmapxOlCB-wGv_sA,Le Steak Frites,B0st0n,Massachusetts,3.5,24,French
3dLUYAkQ-AURAel1KyHnKA,Quality Hotel Midtown,B0st0n,Massachusetts,3,8,Event Planning & Services
_hlNVsSGc2R9wT_cNBbFoQ,Mister Yummy,Manhattan,New York,4,9,Korean
s47BoYdVp587NqA5Krpgsu,Tasty Delight Fusion Cuisine,Manhattan,New York,3,28,#N/A
pDMxIQoqkZJeUe2r8XIVKQ,Kim Dinh,The Bronx,New York,3,48,Restaurants
iomyYWs9m6-SucLAcY3WTg,Michelle's Brasserie,Manhattan,New York,3.5,3,French
j7iZlrStsr4OPaig1z4GFg,Pamper Me Head-To-Toe Spa,The Bronx,New York,2,4,Beauty & Spas
_dWfhhUrLvm3BawlSNgkXg,Delsuites,Manhattan,New York,3.5,3,Hotels
ndvxmp7EEJeldsD8WsTYDA,El Habanero,B0st0n,Massachusetts,4,4,Restaurants
SqyrdouumI_-hgRZ5qGNAw,Brooklin Pub,Syracuse,New York,3.5,15,Restaurants
6pEyG24l1R9T3pnl7RET6Q,Islington Station,Manhattan,New York,2.5,14,Hotels & Travel
mCNzKFTukMYHkZVRMXIIyw,Sushi On Bloor,Manhattan,New York,3.5,85,Restaurants
XnkzlWMTCTIvxt6anMZ4Qg,BQM Scarsdale West,Manhattan,New York,4,4,Restaurants
UUsHZNqPR0ISQiCog1Aw_A,Debbie's Boutique Café,Huntington,New York,4.5,16,Coffee & Tea
meqgT6T95yPhThc5_ebWAQ,Velvet Salon & Spa,Buffalo,New York,3,3,Beauty & Spas
0cpLF0LFQHHRFNlL0iy_Aw,Union Social Eatery,Manhattan,New York,4,114,Nightlife
LpGzgTGDr12P_xUaCQ-Tjg,Cycle Solutions,Manhattan,New York,4.5,17,Active Life
D6kVF4pQWXAs6hAyrJr3wg,My Tien,B0st0n,Massachusetts,3,4,Restaurants
FuGiesDvJGZ743O0bQ1EGg,Nokoraya Restaurant & Sushi Bar,Somerville,Massachusetts,4,5,Vietnamese
65BMPnjAQkC1vATXWDbITQ,Galeries des Sources,Framingham,Massachusetts,2,4,Shopping Centers
DHQqJfoWQHHwkbiQBaAJlw,Rasputin Vodka Bar,Manhattan,New York,4,21,Lounges
1_d7l4xOVYhtsvkgleAlFQ,Alba,B0st0n,Massachusetts,4.5,6,Mediterranean
UulxVcgDpYSzhIHMrGOHFQ,The Knit Cafe,Manhattan,New York,4.5,11,Coffee & Tea
y05fRF4JOUE3i58vpGN2vA,Teppan House,Ithaca,New York,3.5,48,Restaurants
XAVWsz6nesiqEa0sa0gL6A,Retro Fun,Manhattan,New York,4,3,Shopping
9dby7Wzydkftqot5ViQ5rN,De Code Adventures,Buffalo,New York,4,30,#N/A
0iD--72e5V-e9_boVWyTdA,Dairy Queen,Niagara Falls,New York,2.5,4,Restaurants
S14kBkgbXO6mcm5GSTcnfw,Le Diplomate,B0st0n,Massachusetts,4.5,10,Canadian (New)
d9Pm4CAbvgqkwyvem446Ig,Downward Dog Yoga Centre,Manhattan,New York,3.5,28,Active Life
sgj0sLFaZZUrRG0pzWnZKw,Fish Street Market & Open Kitchen,Manhattan,New York,4.5,65,Seafood Markets
1TdqKCm_Ef9Zl8Ve4wopzQ,Panera Bread,Manhattan,New York,3,43,Bagels
aT9jGDqTCvVjGjbYC969Rg,Sushi & BBbop,Manhattan,New York,4.5,60,Sushi Bars
V8t85lFQj9Qwrn9EZRWLQw,Sushi MaScarsdale For The Soul,Manhattan,New York,4.5,3,Caterers
MNI3ZUXJ40KTwtRGRa4Kvw,Club Opera,B0st0n,Massachusetts,3.5,3,Nightlife
7VTg6YXYDHL0iDN8ioSJ9Q,McDonald's,Great Barrington,Massachusetts,2.5,4,Burgers
vz5I1pKVNDjZiuEy3k2GFQ,Small Talk Barber shop/Salon,Manhattan,New York,5,3,Beauty & Spas
OAVzNTyUKUyt1Am6r7Dyiw,Salon Miss Villeray,B0st0n,Massachusetts,3.5,8,Lounges
rZRZ7KQ90kjNHX-YIVQhHA,Bon a Pita Shawarma & Grillhouse,New Rochelle,New York,3.5,9,Restaurants
Og5H4u0poGiWaWj3UlQRLw,Ghazale,Manhattan,New York,3.5,23,Food
1z7djjY8WG3Yn7wLuPxzoA,Green Bean Roasting Co,Utica,New York,3.5,36,Food
xvp1GmKW-LAllqL5IYw2ew,Outpost Coffee Roasters,Manhattan,New York,4.5,50,Food
0zJnUKQEurpIb_l4RDx3rw,MarTucci Salon & Spa,Manhattan,New York,1.5,3,Hair Removal
iOlS0uUFPB3vsMNs0HJVAQ,Equilibrium,Manhattan,New York,2.5,5,Home & Garden
4t1_aIBiQcZY65MqUlAucA,Ali Baba's Middle Eastern Cuisine,Manhattan,New York,3,23,Restaurants
RRE3cWrAZr_B6TXExkWXvw,Café les Oubliettes,B0st0n,Massachusetts,4,9,Breakfast & Brunch
MeMRvp_QxjO6u_sPwLBiBA,Tea Shop 168,Manhattan,New York,2,8,Tea Rooms
uZPivRVzfeXGmzn15Jiopg,Arton Beads Craft,Manhattan,New York,4,18,Shopping
Pa-_H6ioC45OPpKjLilFcw,Lakeshore Coin Laundry & Dry Cleaners,Buffalo,New York,3.5,3,Local Services
5By2_wEFEzCO1-34AdJxGg,Korea House,Manhattan,New York,3,30,Korean
oD6-YmPo5xDR8XrDF9gbZQ,ALAN Shish Kebab,Manhattan,New York,4,4,Restaurants
GkVyVKR2vGwHsweK6QbcGg,Miss Durian,Manhattan,New York,3,14,Food
43KfMITj7feZXy5vDoQBfQ,Neos,B0st0n,Massachusetts,4.5,3,Mediterranean
N0TfUwsO5hvwOkmPb2obLA,Tianxia Restaurant Coreen,B0st0n,Massachusetts,3,20,Asian Fusion
oln4a-E6xi30ixdoXpjV1w,B's Sizzling Kitchen,Buffalo,New York,3,10,Restaurants
_VYuXfeaV1Dlox7OR62jKg,"Lisa Clarke, DC",Manhattan,New York,5,4,Acupuncture
spm3Vy4QbUukYRyTP9rhSw,Roadsport Honda,Newark,New Jersey,2.5,8,Car Dealers
1VCK89mQPnDoGK0amBrYOg,Wingporium,Brooklyn,New York,3.5,16,Restaurants
D43A9ze2N7MJj8Oc-4pyYw,Le vrac du Marché,B0st0n,Massachusetts,4,5,Organic Stores
SHtvOqudT3zlOdCnZjrXzQ,The Big Slice,Manhattan,New York,3,76,Restaurants
yeesT9W64tpVq5Gcae18Sg,Delta Hotels by Marriott New York,Manhattan,New York,4.5,71,Event Planning & Services
7NaoYUOJ3HAPKMt3aF91hw,Sushi D,Manhattan,New York,3,64,Sushi Bars
KOHWyOlR275c2GMGD4NPMA,Krown Rust Control,Manhattan,New York,4.5,3,Auto Detailing
sqMaDZpfm39zRbUUlDiMKw,PetSmart,Newark,New Jersey,3,7,Pets
vMf0OZmf3mfKtCRB9v-1_w,Doll Factory By Damzels,Manhattan,New York,4.5,19,Jewelry
GAe9ph_zXJ2TaY_bttOeow,Wawel,B0st0n,Massachusetts,4.5,9,Breakfast & Brunch
YHGbVtIM9sPjJ41ZIe1v8g,TX Health Centre,Manhattan,New York,4.5,5,Acupuncture
42-UJ-c_97IeqUc6BWjmnA,Pho 88,Manhattan,New York,3,46,Vietnamese
JyUiEy4LyAs7Yq7lWzl7rg,Pizza City,B0st0n,Massachusetts,3.5,6,Pizza
63SYOAfEnCejXO88eXwd2A,Greg May Hair Architects,Manhattan,New York,4.5,4,Hair Salons
FRzbsTRSCvx02vEgTDUEIQ,Traditional Taste Bakery & Cafe,Binghamton,New York,5,5,Delis
j6eKxa_oKur3bIGCIkLsOA,Fetta,Buffalo,New York,3.5,11,Restaurants
Blp_HNEoFEiHcGMr6aSU5w,KFC,Manhattan,New York,1,4,Fast Food
fWhs5KYwHcRFKmJ5siNNdA,Il Posto,Manhattan,New York,3,14,Italian
MdWi9SwcTku6yAnII9ptLg,Kenny's Delight,The Bronx,New York,3,7,Ethnic Food
p94RoN-LUuNlFt8t8XTiIQ,Feast,Buffalo,New York,3.5,11,Specialty Food
ta0rxEq9cL6aKxO68OkKkQ,Pasta Tutti Giorni,Haverhill,Massachusetts,3.5,10,Italian
NT-AQQcfp7TZnjFMwukKxQ,Dave's No Frills,Manhattan,New York,4,4,Pharmacy
QIej6Kg4fFUsHl0vR6ocZQ,Turtle Jack's MuskLenox Grill,Binghamton,New York,3,31,American (Traditional)
j8nXLXgFRgUZwiMKxQRsZg,Toro Sushi Bar,B0st0n,Massachusetts,3,13,Sushi Bars
HSt5-55yDNqNmkkkBXbbSw,Appliance Repair Guys,Ithaca,New York,1,5,Local Services
jDh9sMdTluxVyLNG3wf6RQ,The Home Depot,Manhattan,New York,2,9,Home Services
HRcBvuvwur34RBg9_dk-cw,RINSE Beauty Bar,Manhattan,New York,4,5,Beauty & Spas
dqKm_dW9srG26tgPCgVbzg,W.A.C Hair Group,The Bronx,New York,2.5,3,Hair Salons
ijmVGBxKEMJPa44xCXKkBg,Better Kitchen,Newark,New Jersey,3,5,Restaurants
cIqsAfxLQ6xO3FQE1khlIQ,Yvonne's Coffee Haus,Newark,New York,3.5,3,Coffee & Tea
kY-O-iVtXs0CEtJyyh63DQ,Costco Wholesale,Buffalo,New York,4,26,Food
GZQF9k2fpcH4LADBBXo7Bw,Café des Bois,B0st0n,Massachusetts,3,3,Cafes
pDlF7sSyevJhIU1nJnyOEg,McDonald's,B0st0n,Massachusetts,1.5,12,Burgers
Cx5oz2bHHa62W248CR1B4w,Alcoa Bakery,Manhattan,New York,4,16,Restaurants
hyikZdL1b7dHHMtj093Ufg,Rehevot Shawarma,Buffalo,New York,4.5,3,Halal
keS-G7fCEi5lDg19aCeOvA,Awawa Pastillas & Saveurs,B0st0n,Massachusetts,4,4,Restaurants
zMqkXH70p-WDYj2xqR2Wuw,Wok Of Asia,Manhattan,New York,4,27,Chinese
JZG53BQcWVtJIF-gJ5OoJw,Panorama Lounge,Manhattan,New York,3,95,Canadian (New)
WUnMW6SPgvRs40115Do_sg,Boucherie Lorrain - Cuisine de Saison,Taunton,Massachusetts,4,5,Specialty Food
qXB_3D3GPPizncXdV4qnuQ,Porter Airlines,Waltham,Massachusetts,3,10,Airlines
emOK5Q4d_KZsA76tT9pOug,Big Bone BBQ & Wicked Wings,Smithtown,New York,4,44,Chicken Wings
ETu8u-1wnrTEWiwGG4BFqQ,Luv 2 Play,Niagara Falls,New York,4.5,3,Arcades
3IPdugYwMXcmOaLT498DIA,Tokyo Smoke Green,Manhattan,New York,4.5,3,Shopping
Tl7g7mnbbWjg3AXAsA0wFQ,Sir Winston Churchill Park,Manhattan,New York,4,8,Active Life
aY9-FCnwI_XFIoeqSrwEqQ,La Senza,Manhattan,New York,3,7,Lingerie
poB8vbfqcK2xhYnp8eWoiz,Grandeur Palace,Manhattan,New York,2.5,35,#N/A
uARKjzqs1Vg9H21bRQNGJA,Rouge Nail Bar,B0st0n,Massachusetts,3,5,Beauty & Spas
nLd5-o-IZQcubPEg0BQoFA,"Joseph Steyr, ND",Manhattan,New York,5,9,Acupuncture
WsG9ecWpbLQiIr9lo24V6A,Wow Korean Restaurant,Buffalo,New York,4,36,Restaurants
G-LwYGh6NdXKjqCKKSxQfw,Porter House,Manhattan,New York,4,49,Bars
GHcgsFiKswYzCFRFbjTmSw,Alfa Spa & Wellness,Ithaca,New York,4,6,Beauty & Spas
4OHLHhF3Kz2SiDCVMX2pag,DAVIDsTEA,Buffalo,New York,4.5,3,Tea Rooms
Lqdqf1LFRoxKLqemQIIHzg,Locke Branch Library,Manhattan,New York,2.5,3,Libraries
zBqO8fScKZ6FPelx5ZALpg,Majestic Angel Premier Spa,Manhattan,New York,5,3,Waxing
9dhhtQrXQz5Q5VR8Sjjt5A,Tabla Village,B0st0n,Massachusetts,3,27,Indian
RKXKSzHlSvZSoIy7b5Sxjg,The Sovereign,Manhattan,New York,4.5,25,Food
5XCecD_kHmAYv-uVe-oJfQ,Around Again,Manhattan,New York,3,4,Books
Ln5Zw6K_HhVQUFqzhTqW1g,Daley's Auto Service,Buffalo,New York,4.5,10,Automotive
C6bn4yhSlegDawc-t_ZSzg,Rôtisserie St-Hubert,New Bedford,Massachusetts,2.5,3,Restaurants
LLkLcSuaPH5-_urApO9LTQ,Freshii,Manhattan,New York,3,34,Restaurants
2uq05jD0H6FCVir4dTqjTw,Denny's,B0st0n,Massachusetts,2.5,7,Breakfast & Brunch
ilznHX0rbIMi6S7VSZ5WKA,Allegro Music,Manhattan,New York,4,4,Local Services
ELOGqkFd6SCm-dSRca8Nsg,Freshii,B0st0n,Massachusetts,3.5,11,Sandwiches
ZDY_zp24kuVaXcn7ClyH0A,Fedex,Manhattan,New York,1,3,Printing Services
CNrbvdH2DsnWOu9vHxiKAQ,Leonard's Family Restaurant,Manhattan,New York,2.5,12,American (Traditional)
eHTvSU0md8vncMRcsN4pNA,Cool City Oyster Bar,Manhattan,New York,2.5,12,Bars
LZ0gCop-v5jOTmfGDQPVlA,Chez Claudette,B0st0n,Massachusetts,3.5,55,Restaurants
OAL8ewSpHm4A26aCNeKSuA,Church Bella Variety,Manhattan,New York,3,3,Food
30BIDxERZU9KYpJqzz8AUw,KFC,Queens,New York,1,3,Chicken Wings
ZQwDPmRTCXFrNJpeqKihJQ,Dominion Square Tavern,B0st0n,Massachusetts,4,229,Gastropubs
JWWTsnMnNVFXVEJhghOa2A,Restaurant Le Coin Grec,B0st0n,Massachusetts,3.5,6,Greek
OTf1H27VEHGrQJfd1LfaTQ,2Q Video,Manhattan,New York,5,4,Books
qyLjLT8WqUQWRyUKeSxu8g,Shopsy's,The Bronx,New York,3.5,14,Restaurants
5pKS-o4Z96wYbC8YSZeTEw,Wal-Mart,Manhattan,New York,2.5,9,Shopping
Tj8jxLlZEeYyEFkKnlHvYQ,The Steak Master,Poughkeepsie,New York,5,6,Butcher
nXyMuVPIWFacPDcc8b077g,Platinum PC,Buffalo,New York,5,3,IT Services & Computer Repair
gyXBthjNT43B3sgo_P6Dsg,Remington's Men of Steel,Manhattan,New York,2.5,32,Adult Entertainment
CIRM_fe13rk85h1Pz-MxVw,Quality Hotel & Suites,Utica,New York,2.5,3,Hotels
DOYkNfjU3nBRnWvxGhRIiA,Acupuncture Center New York,Manhattan,New York,5,5,Acupuncture
Uk5q2W7LaYqmmEsqc7aXBA,Quality Suites Boston Aeroport,Pittsfield,Massachusetts,3.5,4,Hotels
orjS8GtlcTRTod-y6cHwgA,Scarsdale Edward's Arms,The Bronx,New York,4,24,Chicken Wings
KKUfGvyBDVqdZXXqS3uDrw,Lakvino Ristorante,Manhattan,New York,3.5,7,Canadian (New)
wh44YZa9OCXjV-ziZ6gjNA,Ichiban Asian All You Can Eat,Manhattan,New York,3,71,Restaurants
GZ12skjXwuMuH3LidRN-mA,Chipotle Mexican Grill,Manhattan,New York,3.5,51,Mexican
Z8zHB1Rtiit3ItF5OSwGTA,Michael's No Frills,Newark,New Jersey,3,12,Bakeries
S0oDYsFEZZHFf8e6L3hWlw,Untouchable Sports Cards and Games,Buffalo,New York,3,3,Comic Books
