customer_id,customer_age,customer_gender,product_id,product_item ,product_category,purchase_id,_purchase_id,purchase_amount,customer_location,product_size,product_colour,product_season,product_rating,customer_subscription,purchase_shipping type,purchase_discount,purchase_promocode,customer_purchase count,purchase_payment type,customer_purchase frequency,purchase_date
1,55,Male,1,Blouse,Clothing,1,200,53.00,Kentucky,L,Gray,Winter,3.1,1,Express,Yes,Yes,14,Venmo,Fortnightly,2024-02-16
2,19,Male,2,Sweater,Clothing,2,201,64.00,Maine,L,Maroon,Winter,3.1,1,Express,Yes,Yes,2,Cash,Fortnightly,2024-02-11
3,50,Male,3,Jeans,Clothing,3,202,73.00,Massachusetts,S,Maroon,Spring,3.1,1,Free Shipping,Yes,Yes,23,Credit Card,Weekly,2024-03-17
4,21,Male,4,Sandals,Footwear,4,203,90.00,Rhode Island,M,Maroon,Spring,3.5,1,Next Day Air,Yes,Yes,49,PayPal,Weekly,2024-05-20
5,45,Male,5,Blouse,Clothing,5,205,49.00,Oregon,M,Turquoise,Spring,2.7,1,Free Shipping,Yes,Yes,31,PayPal,Annually,2024-04-06
6,46,Male,6,Sneakers,Footwear,6,206,20.00,Wyoming,M,White,Summer,2.9,1,Standard,Yes,Yes,14,Venmo,Weekly,2024-06-16
7,63,Male,7,Shirt,Clothing,7,207,85.00,Montana,M,Gray,Fall,3.2,1,Free Shipping,Yes,Yes,49,Cash,Quarterly,2024-10-26
8,27,Male,8,Shorts,Clothing,8,208,34.00,Louisiana,L,Charcoal,Winter,3.2,1,Free Shipping,Yes,Yes,19,Credit Card,Weekly,2024-02-17
9,26,Male,9,Coat,Outerwear,9,209,97.00,West Virginia,L,Silver,Summer,2.6,1,Express,Yes,Yes,8,Venmo,Annually,2024-08-27
10,57,Male,10,Handbag,Accessories,10,211,31.00,Missouri,M,Pink,Spring,4.8,1,2-Day Shipping,Yes,Yes,4,Cash,Quarterly,2024-05-28
11,53,Male,11,Shoes,Footwear,11,212,34.00,Arkansas,L,Purple,Fall,4.1,1,Store Pickup,Yes,Yes,26,Bank Transfer,Bi-Weekly,2024-10-05
12,30,Male,12,Shorts,Clothing,12,213,68.00,Hawaii,S,Olive,Winter,4.9,1,Store Pickup,Yes,Yes,10,Bank Transfer,Fortnightly,2024-01-20
13,61,Male,13,Coat,Outerwear,13,214,72.00,Delaware,M,Gold,Winter,4.5,1,Express,Yes,Yes,37,Venmo,Fortnightly,2024-02-17
14,65,Male,14,Dress,Clothing,14,215,51.00,New Hampshire,M,Violet,Spring,4.7,1,Express,Yes,Yes,31,PayPal,Weekly,2024-03-06
15,64,Male,15,Coat,Outerwear,15,217,53.00,New York,L,Teal,Winter,4.7,1,Free Shipping,Yes,Yes,34,Debit Card,Weekly,2024-01-24
16,64,Male,16,Skirt,Clothing,16,218,81.00,Rhode Island,M,Teal,Winter,2.8,1,Store Pickup,Yes,Yes,8,PayPal,Monthly,2024-02-22
17,25,Male,17,Sunglasses,Accessories,17,219,36.00,Alabama,S,Gray,Spring,4.1,1,Next Day Air,Yes,Yes,44,Debit Card,Bi-Weekly,2024-05-18
18,53,Male,18,Dress,Clothing,18,220,38.00,Mississippi,XL,Lavender,Winter,4.7,1,2-Day Shipping,Yes,Yes,36,Venmo,Quarterly,2024-02-24
19,52,Male,19,Sweater,Clothing,19,221,48.00,Montana,S,Black,Summer,4.6,1,Free Shipping,Yes,Yes,17,Cash,Weekly,2024-06-23
20,66,Male,20,Pants,Clothing,20,223,90.00,Rhode Island,M,Green,Summer,3.3,1,Standard,Yes,Yes,46,Debit Card,Bi-Weekly,2024-06-09
21,21,Male,21,Pants,Clothing,21,224,51.00,Louisiana,M,Black,Winter,2.8,1,Express,Yes,Yes,50,Cash,Every 3 Months,2024-12-15
22,31,Male,22,Pants,Clothing,22,225,62.00,North Carolina,M,Charcoal,Winter,4.1,1,Store Pickup,Yes,Yes,22,Debit Card,Quarterly,2024-01-17
23,56,Male,23,Pants,Clothing,23,226,37.00,California,M,Peach,Summer,3.2,1,Store Pickup,Yes,Yes,32,Debit Card,Annually,2024-08-23
24,31,Male,24,Pants,Clothing,24,227,88.00,Oklahoma,XL,White,Winter,4.4,1,Express,Yes,Yes,40,Credit Card,Weekly,2024-12-01
25,18,Male,25,Jacket,Outerwear,25,229,22.00,Florida,M,Green,Fall,2.9,1,Store Pickup,Yes,Yes,16,Debit Card,Weekly,2024-10-14
26,18,Male,26,Hoodie,Clothing,26,230,25.00,Texas,M,Silver,Summer,3.6,1,Express,Yes,Yes,14,PayPal,Annually,2024-06-22
27,38,Male,27,Jewelry,Accessories,27,231,20.00,Nevada,M,Red,Spring,3.6,1,Next Day Air,Yes,Yes,13,Credit Card,Annually,2024-04-06
28,56,Male,28,Shorts,Clothing,28,232,56.00,Kentucky,L,Cyan,Summer,5,1,Next Day Air,Yes,Yes,7,Bank Transfer,Every 3 Months,2024-08-17
29,54,Male,29,Handbag,Accessories,29,233,94.00,North Carolina,M,Gray,Fall,4.4,1,Free Shipping,Yes,Yes,41,PayPal,Every 3 Months,2024-11-13
30,31,Male,30,Dress,Clothing,30,235,48.00,Wyoming,S,Black,Fall,4.1,1,Store Pickup,Yes,Yes,14,Credit Card,Weekly,2024-09-09
31,57,Male,31,Jewelry,Accessories,31,236,31.00,North Carolina,L,Black,Winter,4.7,1,Standard,Yes,Yes,16,Credit Card,Monthly,2024-01-08
32,33,Male,32,Dress,Clothing,32,237,79.00,West Virginia,L,Brown,Winter,4.7,1,Store Pickup,Yes,Yes,45,Venmo,Monthly,2024-01-23
33,36,Male,33,Jacket,Outerwear,33,238,67.00,Kansas,M,Silver,Summer,4.9,1,Free Shipping,Yes,Yes,37,Venmo,Annually,2024-06-11
34,54,Male,34,Pants,Clothing,34,239,38.00,Colorado,L,Green,Summer,3.3,1,Store Pickup,Yes,Yes,45,Cash,Quarterly,2024-07-01
35,36,Male,35,T-shirt,Clothing,35,241,91.00,North Dakota,L,Violet,Spring,4.6,1,2-Day Shipping,Yes,Yes,38,PayPal,Quarterly,2024-05-11
36,54,Male,36,Blouse,Clothing,36,242,33.00,Massachusetts,M,Cyan,Summer,4,1,2-Day Shipping,Yes,Yes,48,Credit Card,Bi-Weekly,2024-06-20
37,35,Male,37,T-shirt,Clothing,37,243,69.00,Illinois,M,Maroon,Winter,4.6,1,Free Shipping,Yes,Yes,44,PayPal,Fortnightly,2024-12-05
38,35,Male,38,Jeans,Clothing,38,244,45.00,Indiana,S,Cyan,Summer,2.8,1,Store Pickup,Yes,Yes,10,PayPal,Weekly,2024-08-15
39,29,Male,39,Dress,Clothing,39,245,37.00,Florida,M,Red,Winter,3.7,1,2-Day Shipping,Yes,Yes,44,Venmo,Every 3 Months,2024-02-10
40,70,Male,40,Pants,Clothing,40,247,60.00,Arizona,S,Turquoise,Summer,4.2,1,Express,Yes,Yes,18,Credit Card,Monthly,2024-07-24
41,69,Male,41,Handbag,Accessories,41,248,76.00,Louisiana,L,Beige,Winter,4.6,1,Next Day Air,Yes,Yes,31,Debit Card,Quarterly,2024-02-23
42,67,Male,42,Scarf,Accessories,42,249,39.00,Alaska,M,Orange,Spring,4.5,1,Standard,Yes,Yes,40,Venmo,Annually,2024-03-20
43,20,Male,43,Coat,Outerwear,43,250,100.00,Tennessee,M,Beige,Spring,4.1,1,Free Shipping,Yes,Yes,15,PayPal,Annually,2024-05-15
44,25,Male,44,Scarf,Accessories,44,251,69.00,Ohio,L,Lavender,Fall,3.7,1,Store Pickup,Yes,Yes,19,PayPal,Fortnightly,2024-09-23
45,39,Male,45,Hat,Accessories,45,253,53.00,Kentucky,S,Silver,Summer,4.6,1,Free Shipping,Yes,Yes,45,PayPal,Weekly,2024-06-26
46,50,Male,46,Socks,Clothing,46,254,21.00,Tennessee,XL,Indigo,Fall,2.9,1,2-Day Shipping,Yes,Yes,25,PayPal,Annually,2024-09-14
47,57,Male,47,Shirt,Clothing,47,255,43.00,California,L,White,Summer,2.9,1,Store Pickup,Yes,Yes,45,Cash,Quarterly,2024-07-28
48,55,Male,48,Jewelry,Accessories,48,256,54.00,Montana,M,Charcoal,Winter,4.5,1,Free Shipping,Yes,Yes,36,Cash,Weekly,2024-12-06
49,42,Male,49,Shirt,Clothing,49,257,55.00,Nevada,M,Orange,Summer,2.7,1,Store Pickup,Yes,Yes,38,Cash,Monthly,2024-06-24
50,68,Male,50,Hoodie,Clothing,50,259,30.00,New Jersey,S,Indigo,Spring,4.6,1,Next Day Air,Yes,Yes,34,Debit Card,Bi-Weekly,2024-03-19
51,49,Male,51,Blouse,Clothing,51,260,28.00,Maryland,M,Red,Spring,3.7,1,Store Pickup,Yes,Yes,39,Debit Card,Bi-Weekly,2024-03-16
52,59,Male,52,Skirt,Clothing,52,261,59.00,Vermont,XL,Gray,Winter,4.7,1,2-Day Shipping,Yes,Yes,7,Credit Card,Quarterly,2024-02-17
53,42,Male,53,T-shirt,Clothing,53,262,20.00,Alaska,M,Green,Summer,2.6,1,Free Shipping,Yes,Yes,26,Credit Card,Weekly,2024-06-07
54,29,Male,54,Skirt,Clothing,54,263,24.00,Mississippi,S,Peach,Winter,3.9,1,Next Day Air,Yes,Yes,35,Credit Card,Weekly,2024-01-21
55,47,Male,55,Coat,Outerwear,55,265,94.00,New Mexico,M,Brown,Summer,4.2,1,Next Day Air,Yes,Yes,35,Debit Card,Bi-Weekly,2024-07-22
56,40,Male,56,Jacket,Outerwear,56,266,28.00,South Carolina,M,Lavender,Winter,3,1,2-Day Shipping,Yes,Yes,49,Credit Card,Annually,2024-02-22
57,41,Male,57,Backpack,Accessories,57,267,73.00,Mississippi,XL,Brown,Summer,4.7,1,Store Pickup,Yes,Yes,46,Credit Card,Weekly,2024-06-07
58,21,Male,58,Coat,Outerwear,58,268,64.00,West Virginia,M,White,Summer,4.4,1,Store Pickup,Yes,Yes,17,Debit Card,Fortnightly,2024-07-20
59,69,Male,59,Hoodie,Clothing,59,269,54.00,Missouri,M,Charcoal,Summer,4.2,1,Free Shipping,Yes,Yes,29,Venmo,Monthly,2024-08-10
60,63,Male,60,Belt,Accessories,60,271,79.00,Louisiana,L,Yellow,Spring,4.6,1,Standard,Yes,Yes,4,Debit Card,Weekly,2024-05-28
61,50,Male,61,Sweater,Clothing,61,272,37.00,Idaho,L,Brown,Summer,4,1,Express,Yes,Yes,17,Cash,Weekly,2024-07-28
62,55,Male,62,Scarf,Accessories,62,273,68.00,Texas,M,Orange,Winter,4.7,1,Store Pickup,Yes,Yes,21,Credit Card,Every 3 Months,2024-02-26
63,30,Male,63,Sneakers,Footwear,63,274,21.00,Mississippi,S,Magenta,Spring,3.8,1,Free Shipping,Yes,Yes,31,Credit Card,Fortnightly,2024-05-13
64,33,Male,64,Sunglasses,Accessories,64,275,79.00,Arizona,L,Lavender,Winter,2.7,1,2-Day Shipping,Yes,Yes,43,Credit Card,Weekly,2024-01-08
65,65,Male,65,Boots,Footwear,65,277,83.00,Alabama,S,Green,Fall,4.8,1,Standard,Yes,Yes,18,Debit Card,Fortnightly,2024-11-01
66,65,Male,66,Backpack,Accessories,66,278,36.00,New Jersey,M,Purple,Spring,4.8,1,2-Day Shipping,Yes,Yes,44,Venmo,Every 3 Months,2024-05-21
67,31,Male,67,Blouse,Clothing,67,279,94.00,Pennsylvania,S,Magenta,Winter,4.7,1,2-Day Shipping,Yes,Yes,3,Venmo,Every 3 Months,2024-01-17
68,45,Male,68,Coat,Outerwear,68,280,33.00,Connecticut,L,Gray,Winter,4.4,1,Store Pickup,Yes,Yes,49,Debit Card,Monthly,2024-02-28
69,57,Male,69,Handbag,Accessories,69,281,46.00,Utah,L,Silver,Summer,3.9,1,Next Day Air,Yes,Yes,21,Cash,Every 3 Months,2024-08-11
70,48,Male,70,Belt,Accessories,70,283,70.00,Tennessee,S,Cyan,Summer,4.4,1,Express,Yes,Yes,5,Cash,Weekly,2024-06-04
71,22,Male,71,Belt,Accessories,71,284,29.00,Alabama,M,Magenta,Fall,4.2,1,Express,Yes,Yes,32,Debit Card,Every 3 Months,2024-10-16
72,36,Male,72,Dress,Clothing,72,285,48.00,Virginia,L,Gold,Summer,2.9,1,Express,Yes,Yes,34,Bank Transfer,Annually,2024-07-10
73,18,Male,73,Dress,Clothing,73,286,26.00,Georgia,M,Olive,Winter,2.9,1,Store Pickup,Yes,Yes,21,Bank Transfer,Every 3 Months,2024-02-22
74,48,Male,74,Pants,Clothing,74,287,85.00,Hawaii,M,Teal,Spring,2.7,1,Free Shipping,Yes,Yes,43,Bank Transfer,Bi-Weekly,2024-04-23
75,49,Male,75,Gloves,Accessories,75,289,58.00,Indiana,L,Violet,Spring,4.5,1,Express,Yes,Yes,3,Cash,Monthly,2024-05-03
76,64,Male,76,Scarf,Accessories,76,290,85.00,Utah,M,Blue,Summer,2.7,1,Free Shipping,Yes,Yes,21,Credit Card,Annually,2024-06-06
77,50,Male,77,Hat,Accessories,77,291,43.00,Delaware,S,Teal,Summer,4.2,1,Free Shipping,Yes,Yes,32,Venmo,Monthly,2024-08-06
78,22,Male,78,Dress,Clothing,78,292,53.00,Delaware,L,Gold,Summer,3.3,1,Next Day Air,Yes,Yes,36,Debit Card,Fortnightly,2024-06-12
79,50,Male,79,Skirt,Clothing,79,293,91.00,Nebraska,M,Maroon,Spring,4.7,1,Free Shipping,Yes,Yes,50,Venmo,Fortnightly,2024-04-23
80,38,Male,80,Jacket,Outerwear,80,295,96.00,Iowa,M,Olive,Winter,2.6,1,2-Day Shipping,Yes,Yes,43,Bank Transfer,Every 3 Months,2024-12-03
81,19,Male,81,Sandals,Footwear,81,296,72.00,New York,XL,Blue,Summer,3.3,1,Store Pickup,Yes,Yes,24,Credit Card,Every 3 Months,2024-07-01
82,67,Male,82,Shoes,Footwear,82,297,96.00,Virginia,L,Maroon,Summer,2.6,1,Express,Yes,Yes,36,Credit Card,Every 3 Months,2024-08-14
83,19,Male,83,Pants,Clothing,83,298,28.00,Georgia,S,Olive,Spring,4,1,2-Day Shipping,Yes,Yes,21,Credit Card,Every 3 Months,2024-03-16
84,36,Male,84,Dress,Clothing,84,299,40.00,Texas,M,Turquoise,Summer,4.1,1,Standard,Yes,Yes,34,Bank Transfer,Weekly,2024-08-02
85,52,Male,85,Coat,Outerwear,85,301,32.00,Arizona,S,Peach,Spring,4.4,1,Standard,Yes,Yes,42,Bank Transfer,Every 3 Months,2024-03-15
86,53,Male,86,Sunglasses,Accessories,86,302,95.00,New Mexico,M,Charcoal,Winter,4.5,1,Next Day Air,Yes,Yes,2,Debit Card,Bi-Weekly,2024-12-23
87,24,Male,87,Hoodie,Clothing,87,303,41.00,Nevada,L,Pink,Spring,3.7,1,2-Day Shipping,Yes,Yes,47,Cash,Bi-Weekly,2024-04-17
88,52,Male,88,Shoes,Footwear,88,304,53.00,Ohio,M,Green,Fall,3.7,1,2-Day Shipping,Yes,Yes,44,Debit Card,Fortnightly,2024-09-01
89,33,Male,89,T-shirt,Clothing,89,305,47.00,Wyoming,M,Orange,Fall,3.5,1,Free Shipping,Yes,Yes,35,Credit Card,Monthly,2024-10-24
90,47,Male,90,Jacket,Outerwear,90,307,83.00,California,XL,Pink,Fall,3.6,1,Next Day Air,Yes,Yes,15,Cash,Quarterly,2024-10-06
91,25,Male,91,Hat,Accessories,91,308,48.00,South Carolina,L,Violet,Summer,2.9,1,Express,Yes,Yes,29,Credit Card,Monthly,2024-07-23
92,44,Male,92,Scarf,Accessories,92,309,99.00,South Carolina,S,Green,Winter,4.6,1,Standard,Yes,Yes,18,Credit Card,Every 3 Months,2024-01-14
93,61,Male,93,Jacket,Outerwear,93,310,87.00,Texas,M,Olive,Winter,4.4,1,2-Day Shipping,Yes,Yes,13,Venmo,Every 3 Months,2024-12-14
94,37,Male,94,Sweater,Clothing,94,311,62.00,Florida,M,Purple,Fall,4.5,1,Standard,Yes,Yes,46,Credit Card,Weekly,2024-11-18
95,58,Male,95,Skirt,Clothing,95,313,76.00,Nevada,S,Silver,Spring,4.6,1,Free Shipping,Yes,Yes,28,Credit Card,Weekly,2024-04-12
96,37,Male,96,Sneakers,Footwear,96,314,100.00,Missouri,L,Pink,Fall,3.8,1,Free Shipping,Yes,Yes,48,PayPal,Monthly,2024-10-03
97,32,Male,97,Gloves,Accessories,97,315,73.00,Delaware,S,Gold,Spring,3.6,1,Express,Yes,Yes,43,Venmo,Every 3 Months,2024-05-26
98,21,Male,98,Shoes,Footwear,98,316,92.00,Virginia,M,Teal,Winter,4.8,1,Store Pickup,Yes,Yes,37,Cash,Annually,2024-02-04
99,20,Male,99,Jeans,Clothing,99,317,67.00,New York,XL,Teal,Spring,2.6,1,Next Day Air,Yes,Yes,20,Bank Transfer,Annually,2024-05-23
100,26,Male,100,Hoodie,Clothing,100,319,40.00,Missouri,XL,Indigo,Summer,3.7,1,Express,Yes,Yes,33,Debit Card,Quarterly,2024-07-23
101,62,Male,101,Sunglasses,Accessories,101,320,98.00,South Dakota,M,Maroon,Fall,2.7,1,Express,Yes,Yes,31,Cash,Fortnightly,2024-11-27
102,27,Male,102,Coat,Outerwear,102,321,85.00,North Dakota,XL,White,Spring,4.6,1,Express,Yes,Yes,50,Credit Card,Bi-Weekly,2024-05-06
103,51,Male,103,Socks,Clothing,103,322,67.00,Oklahoma,L,Violet,Winter,4.8,1,Next Day Air,Yes,Yes,35,Credit Card,Quarterly,2024-02-23
104,54,Male,104,Boots,Footwear,104,323,89.00,West Virginia,L,Red,Winter,4,1,Next Day Air,Yes,Yes,22,Venmo,Bi-Weekly,2024-02-17
105,55,Male,105,Sunglasses,Accessories,105,325,24.00,New Hampshire,L,Pink,Spring,4.4,1,2-Day Shipping,Yes,Yes,1,PayPal,Monthly,2024-05-03
106,69,Male,106,Backpack,Accessories,106,326,96.00,New York,M,Charcoal,Fall,3.6,1,Next Day Air,Yes,Yes,4,Bank Transfer,Annually,2024-10-03
107,64,Male,107,Jacket,Outerwear,107,327,35.00,Minnesota,L,White,Summer,3.7,1,Standard,Yes,Yes,31,Credit Card,Monthly,2024-06-21
108,28,Male,108,Sneakers,Footwear,108,328,67.00,Maryland,L,Olive,Winter,3.1,1,Next Day Air,Yes,Yes,46,PayPal,Fortnightly,2024-01-10
109,70,Male,109,Socks,Clothing,109,329,79.00,Montana,L,Purple,Spring,3.4,1,Next Day Air,Yes,Yes,32,Bank Transfer,Bi-Weekly,2024-03-22
110,58,Male,110,T-shirt,Clothing,110,331,85.00,Alabama,M,Violet,Spring,2.6,1,Next Day Air,Yes,Yes,43,Bank Transfer,Fortnightly,2024-04-14
111,56,Male,111,Backpack,Accessories,111,332,26.00,New York,M,Black,Summer,4,1,Standard,Yes,Yes,26,Venmo,Fortnightly,2024-08-10
112,26,Male,112,Belt,Accessories,112,333,75.00,Massachusetts,L,Purple,Summer,5,1,Free Shipping,Yes,Yes,9,Credit Card,Annually,2024-07-04
113,37,Male,113,Gloves,Accessories,113,334,65.00,Florida,M,Red,Spring,4.3,1,Free Shipping,Yes,Yes,28,PayPal,Bi-Weekly,2024-05-13
114,44,Male,114,Hat,Accessories,114,335,54.00,New Jersey,L,Maroon,Winter,3.1,1,Next Day Air,Yes,Yes,20,PayPal,Quarterly,2024-12-07
115,70,Male,115,Coat,Outerwear,115,337,95.00,Massachusetts,S,Blue,Summer,3.7,1,Store Pickup,Yes,Yes,9,Cash,Weekly,2024-07-01
116,53,Male,116,Skirt,Clothing,116,338,94.00,Wyoming,M,Gray,Spring,3.8,1,Standard,Yes,Yes,48,Debit Card,Every 3 Months,2024-04-01
117,55,Male,117,Shoes,Footwear,117,339,86.00,Virginia,S,Blue,Spring,3.4,1,Free Shipping,Yes,Yes,12,Venmo,Annually,2024-04-27
118,50,Male,118,Sandals,Footwear,118,340,32.00,South Dakota,L,Yellow,Summer,4.6,1,Express,Yes,Yes,29,Cash,Fortnightly,2024-06-23
119,50,Male,119,Sweater,Clothing,119,341,45.00,Kentucky,L,Orange,Fall,4.8,1,2-Day Shipping,Yes,Yes,27,Cash,Bi-Weekly,2024-11-27
120,38,Male,120,Coat,Outerwear,120,343,76.00,Wyoming,M,Orange,Fall,4.3,1,Express,Yes,Yes,44,Cash,Annually,2024-09-25
121,64,Male,121,Hat,Accessories,121,344,84.00,West Virginia,L,Red,Summer,4,1,Express,Yes,Yes,32,Bank Transfer,Annually,2024-06-14
122,19,Male,122,Shorts,Clothing,122,345,72.00,Virginia,M,Olive,Winter,4.2,1,Standard,Yes,Yes,11,Cash,Fortnightly,2024-01-20
123,40,Male,123,Backpack,Accessories,123,346,40.00,Washington,L,Brown,Spring,4.8,1,2-Day Shipping,Yes,Yes,44,Cash,Fortnightly,2024-04-17
124,57,Male,124,Sweater,Clothing,124,347,89.00,Louisiana,L,Brown,Fall,3.1,1,Free Shipping,Yes,Yes,46,Cash,Weekly,2024-10-10
125,44,Male,125,Sweater,Clothing,125,349,86.00,Nevada,M,Gray,Spring,3.1,1,Next Day Air,Yes,Yes,50,PayPal,Annually,2024-04-21
126,49,Male,126,Shorts,Clothing,126,350,54.00,California,M,Indigo,Winter,3.6,1,Next Day Air,Yes,Yes,45,Venmo,Every 3 Months,2024-02-27
127,43,Male,127,Shorts,Clothing,127,351,36.00,Mississippi,L,Pink,Spring,3.9,1,Store Pickup,Yes,Yes,48,Cash,Every 3 Months,2024-05-19
128,24,Male,128,Sweater,Clothing,128,352,89.00,Mississippi,M,Gray,Winter,4.8,1,Next Day Air,Yes,Yes,26,Credit Card,Weekly,2024-12-11
129,20,Male,129,Scarf,Accessories,129,353,32.00,California,M,Gold,Spring,4.7,1,Standard,Yes,Yes,21,Credit Card,Fortnightly,2024-05-11
130,24,Male,130,Dress,Clothing,130,355,67.00,Pennsylvania,XL,Olive,Summer,4.2,1,2-Day Shipping,Yes,Yes,49,PayPal,Bi-Weekly,2024-08-12
131,44,Male,131,Scarf,Accessories,131,356,39.00,Kentucky,L,Violet,Fall,3.7,1,Next Day Air,Yes,Yes,13,PayPal,Fortnightly,2024-11-25
132,28,Male,132,Skirt,Clothing,132,357,29.00,Maine,L,Indigo,Summer,3.9,1,Standard,Yes,Yes,46,Credit Card,Weekly,2024-07-10
133,30,Male,133,Backpack,Accessories,133,358,58.00,New Mexico,M,Orange,Fall,4.7,1,2-Day Shipping,Yes,Yes,42,PayPal,Weekly,2024-09-18
134,52,Male,134,Sweater,Clothing,134,359,65.00,Montana,M,Violet,Winter,2.5,1,Next Day Air,Yes,Yes,25,Venmo,Annually,2024-01-11
135,43,Male,135,Hat,Accessories,135,361,94.00,Texas,L,Gray,Fall,4.9,1,Store Pickup,Yes,Yes,25,Cash,Monthly,2024-10-10
136,43,Male,136,Sandals,Footwear,136,362,81.00,Kansas,M,Purple,Fall,4.1,1,Express,Yes,Yes,12,PayPal,Quarterly,2024-11-15
137,39,Male,137,Blouse,Clothing,137,363,86.00,South Carolina,M,White,Winter,3.3,1,Free Shipping,Yes,Yes,4,Debit Card,Quarterly,2024-02-11
138,68,Male,138,Sneakers,Footwear,138,364,43.00,Colorado,M,Turquoise,Spring,4.7,1,Free Shipping,Yes,Yes,38,PayPal,Weekly,2024-03-02
139,68,Male,139,Skirt,Clothing,139,365,29.00,Georgia,M,Maroon,Winter,4.4,1,Store Pickup,Yes,Yes,42,Bank Transfer,Weekly,2024-02-25
140,49,Male,140,Coat,Outerwear,140,367,95.00,Florida,M,White,Fall,3.8,1,Store Pickup,Yes,Yes,30,Venmo,Annually,2024-10-03
141,63,Male,141,Shirt,Clothing,141,368,28.00,North Carolina,L,Yellow,Fall,3.9,1,2-Day Shipping,Yes,Yes,50,Credit Card,Weekly,2024-09-04
142,56,Male,142,Gloves,Accessories,142,369,46.00,Virginia,M,Turquoise,Fall,4.9,1,Free Shipping,Yes,Yes,45,PayPal,Weekly,2024-10-03
143,37,Male,143,Jacket,Outerwear,143,370,58.00,Nebraska,L,Violet,Fall,3.1,1,Free Shipping,Yes,Yes,33,Credit Card,Fortnightly,2024-11-22
144,30,Male,144,Coat,Outerwear,144,371,48.00,Missouri,M,Beige,Fall,2.7,1,Store Pickup,Yes,Yes,25,PayPal,Quarterly,2024-10-19
145,19,Male,145,Shoes,Footwear,145,373,43.00,New Jersey,M,Silver,Fall,3.2,1,Express,Yes,Yes,25,Cash,Monthly,2024-09-06
146,24,Male,146,Jewelry,Accessories,146,374,95.00,Missouri,M,Teal,Fall,4.5,1,Standard,Yes,Yes,44,Debit Card,Quarterly,2024-11-14
147,52,Male,147,Skirt,Clothing,147,375,30.00,Colorado,S,Black,Fall,4,1,Standard,Yes,Yes,21,Venmo,Fortnightly,2024-11-11
148,63,Male,148,Shoes,Footwear,148,376,64.00,Idaho,M,Purple,Summer,3.5,1,2-Day Shipping,Yes,Yes,31,Bank Transfer,Fortnightly,2024-08-24
149,37,Male,149,Gloves,Accessories,149,377,90.00,Wyoming,M,Gray,Fall,2.6,1,Store Pickup,Yes,Yes,47,Debit Card,Annually,2024-09-24
150,38,Male,150,Pants,Clothing,150,379,76.00,Delaware,M,White,Summer,3.2,1,Free Shipping,Yes,Yes,14,PayPal,Monthly,2024-08-12
151,35,Male,151,Boots,Footwear,151,380,96.00,California,L,Cyan,Fall,4.9,1,Standard,Yes,Yes,17,Debit Card,Every 3 Months,2024-09-26
152,28,Male,152,Sunglasses,Accessories,152,381,47.00,North Dakota,L,Turquoise,Fall,4.5,1,Next Day Air,Yes,Yes,3,Venmo,Annually,2024-11-08
153,30,Male,153,Shirt,Clothing,153,382,85.00,South Carolina,S,Brown,Summer,4.3,1,Express,Yes,Yes,42,Venmo,Annually,2024-06-02
154,69,Male,154,Hoodie,Clothing,154,383,55.00,North Carolina,M,Maroon,Winter,3.2,1,Standard,Yes,Yes,22,Debit Card,Annually,2024-01-21
155,41,Male,155,Dress,Clothing,155,385,98.00,Oklahoma,M,Charcoal,Fall,3.6,1,Next Day Air,Yes,Yes,21,Venmo,Quarterly,2024-10-18
156,63,Male,156,Socks,Clothing,156,386,77.00,Maine,S,Olive,Spring,4.3,1,Free Shipping,Yes,Yes,21,Bank Transfer,Quarterly,2024-05-08
157,35,Male,157,Shorts,Clothing,157,387,26.00,Missouri,M,Lavender,Fall,4,1,Standard,Yes,Yes,40,Debit Card,Annually,2024-10-05
158,36,Male,158,Hat,Accessories,158,388,68.00,Vermont,S,Yellow,Fall,3,1,Next Day Air,Yes,Yes,1,Bank Transfer,Fortnightly,2024-11-24
159,25,Male,159,Shirt,Clothing,159,389,73.00,Connecticut,XL,Teal,Fall,4.1,1,Standard,Yes,Yes,50,Bank Transfer,Monthly,2024-09-02
160,58,Male,160,Gloves,Accessories,160,391,27.00,New Hampshire,M,Charcoal,Fall,3.8,1,Store Pickup,Yes,Yes,39,Bank Transfer,Every 3 Months,2024-11-22
161,27,Male,161,Gloves,Accessories,161,392,23.00,Texas,M,Orange,Summer,4.6,1,Free Shipping,Yes,Yes,34,Venmo,Monthly,2024-07-02
162,65,Male,162,Backpack,Accessories,162,393,49.00,North Dakota,M,Olive,Fall,3,1,Express,Yes,Yes,29,Venmo,Fortnightly,2024-11-10
163,54,Male,163,Sunglasses,Accessories,163,394,74.00,California,M,Turquoise,Summer,3,1,Store Pickup,Yes,Yes,31,PayPal,Bi-Weekly,2024-07-25
164,54,Male,164,Skirt,Clothing,164,395,67.00,Virginia,M,Purple,Summer,3.4,1,Standard,Yes,Yes,8,Debit Card,Weekly,2024-06-20
165,59,Male,165,Handbag,Accessories,165,397,65.00,Delaware,S,Purple,Spring,2.6,1,Free Shipping,Yes,Yes,5,Credit Card,Fortnightly,2024-03-09
166,42,Male,166,Handbag,Accessories,166,398,60.00,Kentucky,S,Yellow,Winter,2.8,1,Store Pickup,Yes,Yes,7,Cash,Monthly,2024-02-02
167,46,Male,167,Sneakers,Footwear,167,399,31.00,Delaware,XL,Indigo,Fall,4,1,Store Pickup,Yes,Yes,30,Cash,Monthly,2024-09-01
168,33,Male,168,Gloves,Accessories,168,400,27.00,Arkansas,M,Green,Fall,4,1,Express,Yes,Yes,14,Credit Card,Every 3 Months,2024-11-09
169,34,Male,169,Shoes,Footwear,169,401,80.00,Louisiana,M,Magenta,Summer,3,1,Express,Yes,Yes,5,Cash,Fortnightly,2024-06-22
170,27,Male,170,Jacket,Outerwear,170,403,30.00,Nevada,S,Gold,Summer,3.3,1,Standard,Yes,Yes,3,PayPal,Every 3 Months,2024-07-17
171,52,Male,171,Shirt,Clothing,171,404,25.00,Wyoming,M,Maroon,Fall,2.6,1,Store Pickup,Yes,Yes,46,Venmo,Bi-Weekly,2024-10-21
172,29,Male,172,Shorts,Clothing,172,405,35.00,Virginia,M,Blue,Summer,3.6,1,Store Pickup,Yes,Yes,4,Credit Card,Weekly,2024-07-09
173,54,Male,173,Jewelry,Accessories,173,406,67.00,Nebraska,M,Violet,Summer,3.9,1,Next Day Air,Yes,Yes,42,Credit Card,Bi-Weekly,2024-08-02
174,25,Male,174,Hat,Accessories,174,407,46.00,Hawaii,M,Turquoise,Fall,3.4,1,Standard,Yes,Yes,30,Cash,Annually,2024-09-27
175,41,Male,175,Shoes,Footwear,175,409,35.00,Vermont,L,Brown,Winter,3.5,1,Express,Yes,Yes,37,Venmo,Annually,2024-12-09
176,53,Male,176,Coat,Outerwear,176,410,86.00,Oklahoma,L,Violet,Fall,2.8,1,Next Day Air,Yes,Yes,2,Bank Transfer,Annually,2024-10-18
177,53,Male,177,Backpack,Accessories,177,411,81.00,New Hampshire,L,Black,Spring,2.7,1,Next Day Air,Yes,Yes,30,Credit Card,Quarterly,2024-05-27
178,21,Male,178,Hoodie,Clothing,178,412,42.00,Kansas,L,Magenta,Fall,3.7,1,Next Day Air,Yes,Yes,47,Bank Transfer,Monthly,2024-10-09
179,61,Male,179,Skirt,Clothing,179,413,43.00,Idaho,L,Lavender,Fall,4.3,1,2-Day Shipping,Yes,Yes,21,PayPal,Quarterly,2024-10-10
180,64,Male,180,Boots,Footwear,180,415,31.00,Illinois,M,Violet,Fall,4.9,1,Store Pickup,Yes,Yes,9,Bank Transfer,Fortnightly,2024-11-11
181,51,Male,181,Sandals,Footwear,181,416,81.00,South Dakota,L,Green,Fall,3.3,1,Store Pickup,Yes,Yes,12,Debit Card,Fortnightly,2024-10-01
182,32,Male,182,Pants,Clothing,182,417,61.00,Massachusetts,M,Beige,Summer,4.7,1,Next Day Air,Yes,Yes,4,Bank Transfer,Weekly,2024-07-01
183,38,Male,183,Gloves,Accessories,183,418,96.00,Alabama,XL,Purple,Summer,2.8,1,Store Pickup,Yes,Yes,10,Debit Card,Annually,2024-07-09
184,58,Male,184,Skirt,Clothing,184,419,29.00,Ohio,XL,Beige,Spring,3.6,1,2-Day Shipping,Yes,Yes,26,Credit Card,Weekly,2024-03-07
185,32,Male,185,Sneakers,Footwear,185,421,33.00,Hawaii,L,Cyan,Spring,3,1,Express,Yes,Yes,40,Cash,Fortnightly,2024-03-21
186,46,Male,186,T-shirt,Clothing,186,422,32.00,Wisconsin,XL,Silver,Summer,4.5,1,Store Pickup,Yes,Yes,34,Bank Transfer,Fortnightly,2024-08-25
187,39,Male,187,Backpack,Accessories,187,423,56.00,Minnesota,S,Lavender,Summer,2.9,1,Standard,Yes,Yes,31,Debit Card,Annually,2024-06-02
188,19,Male,188,Shoes,Footwear,188,424,94.00,Georgia,S,Purple,Spring,3.3,1,Store Pickup,Yes,Yes,1,Bank Transfer,Bi-Weekly,2024-04-15
189,50,Male,189,Hoodie,Clothing,189,425,53.00,Arkansas,M,Pink,Spring,3.1,1,Express,Yes,Yes,5,Bank Transfer,Bi-Weekly,2024-04-25
190,36,Male,190,Blouse,Clothing,190,427,82.00,West Virginia,M,Maroon,Fall,4.4,1,Next Day Air,Yes,Yes,4,Credit Card,Weekly,2024-10-19
191,65,Male,191,Coat,Outerwear,191,428,70.00,Indiana,XL,Beige,Fall,3,1,Free Shipping,Yes,Yes,48,Venmo,Quarterly,2024-10-07
192,64,Male,192,Hat,Accessories,192,429,76.00,Utah,M,Gray,Fall,3.9,1,Free Shipping,Yes,Yes,29,Cash,Every 3 Months,2024-11-28
193,46,Male,193,Shoes,Footwear,193,430,29.00,Nebraska,L,Turquoise,Summer,2.9,1,Express,Yes,Yes,12,PayPal,Bi-Weekly,2024-08-28
194,36,Male,194,Belt,Accessories,194,431,100.00,North Dakota,S,Silver,Fall,3,1,Standard,Yes,Yes,29,Venmo,Annually,2024-09-23
195,51,Male,195,Backpack,Accessories,195,433,94.00,Missouri,M,Olive,Spring,3.1,1,Express,Yes,Yes,15,Debit Card,Quarterly,2024-04-10
196,51,Male,196,Jacket,Outerwear,196,434,25.00,New York,M,Magenta,Fall,4.3,1,Free Shipping,Yes,Yes,34,Credit Card,Monthly,2024-09-18
197,38,Male,197,Boots,Footwear,197,435,88.00,Washington,M,Lavender,Summer,3.9,1,Next Day Air,Yes,Yes,41,Credit Card,Fortnightly,2024-07-05
198,59,Male,198,Scarf,Accessories,198,436,78.00,South Carolina,M,Black,Fall,3.2,1,2-Day Shipping,Yes,Yes,41,Credit Card,Monthly,2024-09-18
199,57,Male,199,Jewelry,Accessories,199,437,45.00,Utah,M,Turquoise,Winter,4.8,1,Standard,Yes,Yes,39,Credit Card,Fortnightly,2024-12-24
200,54,Male,200,Hat,Accessories,200,439,73.00,Idaho,XL,Green,Summer,3.8,1,Express,Yes,Yes,32,Cash,Weekly,2024-06-27
201,25,Male,201,Dress,Clothing,201,440,61.00,Pennsylvania,S,Teal,Summer,3.3,1,Next Day Air,Yes,Yes,29,Venmo,Monthly,2024-07-02
202,69,Male,202,Blouse,Clothing,202,441,22.00,Missouri,S,Beige,Fall,4.3,1,Free Shipping,Yes,Yes,15,Bank Transfer,Annually,2024-11-21
203,57,Male,203,Hat,Accessories,203,442,38.00,Nebraska,L,Magenta,Spring,2.7,1,Express,Yes,Yes,33,Venmo,Annually,2024-04-20
204,70,Male,204,Scarf,Accessories,204,443,38.00,Indiana,S,Yellow,Fall,3.2,1,Next Day Air,Yes,Yes,18,Bank Transfer,Weekly,2024-11-08
205,24,Male,205,Sneakers,Footwear,205,445,100.00,Arizona,M,Yellow,Fall,4,1,Store Pickup,Yes,Yes,35,Cash,Bi-Weekly,2024-11-20
206,67,Male,206,Shirt,Clothing,206,446,64.00,Hawaii,M,Silver,Winter,3,1,Standard,Yes,Yes,25,PayPal,Weekly,2024-02-16
207,24,Male,207,T-shirt,Clothing,207,447,55.00,Wisconsin,L,Silver,Summer,4.2,1,Free Shipping,Yes,Yes,6,Venmo,Fortnightly,2024-08-21
208,62,Male,208,Gloves,Accessories,208,448,91.00,Rhode Island,M,Silver,Summer,2.9,1,Express,Yes,Yes,17,Bank Transfer,Bi-Weekly,2024-08-16
209,57,Male,209,Skirt,Clothing,209,449,38.00,Wisconsin,M,Gold,Spring,4.1,1,Store Pickup,Yes,Yes,17,Credit Card,Monthly,2024-05-23
210,55,Male,210,Sandals,Footwear,210,451,97.00,Minnesota,S,Olive,Winter,3.2,1,Store Pickup,Yes,Yes,44,Cash,Every 3 Months,2024-12-09
211,45,Male,211,Jacket,Outerwear,211,452,22.00,Vermont,L,Teal,Fall,3,1,2-Day Shipping,Yes,Yes,6,PayPal,Fortnightly,2024-11-24
212,69,Male,212,Skirt,Clothing,212,453,92.00,South Dakota,L,Maroon,Fall,4.2,1,2-Day Shipping,Yes,Yes,45,Debit Card,Fortnightly,2024-10-24
213,67,Male,213,Handbag,Accessories,213,454,84.00,Virginia,L,Blue,Fall,4.2,1,Express,Yes,Yes,7,Debit Card,Annually,2024-09-23
214,30,Male,214,Handbag,Accessories,214,455,93.00,Nevada,L,Peach,Fall,4.4,1,Store Pickup,Yes,Yes,11,Debit Card,Every 3 Months,2024-11-26
215,24,Male,215,Jacket,Outerwear,215,457,50.00,Hawaii,L,Blue,Summer,4.2,1,Next Day Air,Yes,Yes,41,Cash,Every 3 Months,2024-08-03
216,62,Male,216,Scarf,Accessories,216,458,64.00,New Jersey,S,Orange,Spring,2.8,1,2-Day Shipping,Yes,Yes,24,PayPal,Bi-Weekly,2024-04-03
217,43,Male,217,Shorts,Clothing,217,459,61.00,Massachusetts,L,Yellow,Spring,3.7,1,Free Shipping,Yes,Yes,21,Venmo,Weekly,2024-05-26
218,35,Male,218,Sunglasses,Accessories,218,460,48.00,Oklahoma,M,Purple,Winter,3.5,1,Next Day Air,Yes,Yes,24,Bank Transfer,Annually,2024-01-27
219,28,Male,219,T-shirt,Clothing,219,461,45.00,California,S,Magenta,Spring,2.9,1,Store Pickup,Yes,Yes,8,Credit Card,Quarterly,2024-04-06
220,32,Male,220,Belt,Accessories,220,463,88.00,Nevada,M,Cyan,Spring,3,1,Free Shipping,Yes,Yes,12,Cash,Fortnightly,2024-03-27
221,39,Male,221,Sneakers,Footwear,221,464,57.00,Arizona,S,Indigo,Spring,3.7,1,Express,Yes,Yes,48,Debit Card,Fortnightly,2024-05-07
222,28,Male,222,Hat,Accessories,222,465,68.00,North Carolina,XL,Magenta,Summer,4.4,1,Store Pickup,Yes,Yes,6,Bank Transfer,Quarterly,2024-07-18
223,47,Male,223,Gloves,Accessories,223,466,94.00,New York,XL,Gray,Spring,4.5,1,2-Day Shipping,Yes,Yes,14,PayPal,Fortnightly,2024-03-04
224,20,Male,224,Pants,Clothing,224,467,41.00,Wyoming,M,Turquoise,Spring,4.8,1,Free Shipping,Yes,Yes,34,PayPal,Annually,2024-05-16
225,63,Male,225,Socks,Clothing,225,469,83.00,South Dakota,S,Beige,Summer,2.9,1,Free Shipping,Yes,Yes,12,Cash,Every 3 Months,2024-08-18
226,25,Male,226,Jacket,Outerwear,226,470,22.00,Arkansas,M,Olive,Spring,3.2,1,Next Day Air,Yes,Yes,11,Bank Transfer,Annually,2024-04-08
227,29,Male,227,Shoes,Footwear,227,471,74.00,Texas,L,Violet,Spring,3.3,1,Free Shipping,Yes,Yes,5,PayPal,Monthly,2024-03-07
228,50,Male,228,Jeans,Clothing,228,472,90.00,Rhode Island,M,Turquoise,Winter,4.2,1,Standard,Yes,Yes,25,Venmo,Fortnightly,2024-01-26
229,18,Male,229,Socks,Clothing,229,473,79.00,New Hampshire,M,White,Spring,2.9,1,Store Pickup,Yes,Yes,11,Credit Card,Annually,2024-03-02
230,70,Male,230,Sandals,Footwear,230,475,28.00,Ohio,S,Silver,Spring,4.6,1,Next Day Air,Yes,Yes,27,PayPal,Every 3 Months,2024-03-01
231,66,Male,231,Scarf,Accessories,231,476,88.00,Utah,L,Olive,Fall,4.1,1,Standard,Yes,Yes,43,Credit Card,Annually,2024-10-13
232,28,Male,232,Blouse,Clothing,232,477,26.00,Tennessee,M,Blue,Spring,3.1,1,2-Day Shipping,Yes,Yes,18,Debit Card,Every 3 Months,2024-04-17
233,54,Male,233,Jewelry,Accessories,233,478,27.00,Hawaii,L,Purple,Winter,4.2,1,Express,Yes,Yes,32,Bank Transfer,Bi-Weekly,2024-01-13
234,19,Male,234,Sweater,Clothing,234,479,83.00,Arizona,XL,Yellow,Fall,4.5,1,Next Day Air,Yes,Yes,27,Bank Transfer,Every 3 Months,2024-09-10
235,20,Male,235,Gloves,Accessories,235,481,39.00,South Dakota,S,Silver,Summer,3.7,1,Next Day Air,Yes,Yes,24,Credit Card,Weekly,2024-08-09
236,43,Male,236,Sunglasses,Accessories,236,482,89.00,New Jersey,M,Cyan,Winter,3.7,1,Free Shipping,Yes,Yes,31,Debit Card,Quarterly,2024-01-01
237,38,Male,237,Coat,Outerwear,237,483,68.00,North Dakota,L,Green,Winter,3.4,1,Next Day Air,Yes,Yes,39,PayPal,Fortnightly,2024-01-27
238,50,Male,238,Dress,Clothing,238,484,90.00,Iowa,M,Beige,Summer,3,1,Store Pickup,Yes,Yes,36,Debit Card,Fortnightly,2024-07-14
239,64,Male,239,Skirt,Clothing,239,485,34.00,Ohio,M,Peach,Fall,4.2,1,Free Shipping,Yes,Yes,5,Cash,Annually,2024-11-06
240,49,Male,240,Pants,Clothing,240,487,51.00,Vermont,L,Yellow,Summer,2.9,1,Express,Yes,Yes,47,Credit Card,Bi-Weekly,2024-08-19
241,47,Male,241,Sweater,Clothing,241,488,45.00,Montana,XL,Turquoise,Winter,3.5,1,Free Shipping,Yes,Yes,29,Bank Transfer,Fortnightly,2024-01-22
242,36,Male,242,Hoodie,Clothing,242,489,88.00,Delaware,M,Peach,Winter,4.1,1,Free Shipping,Yes,Yes,43,Venmo,Bi-Weekly,2024-01-17
243,55,Male,243,Coat,Outerwear,243,490,85.00,New York,L,Gray,Summer,4.3,1,Store Pickup,Yes,Yes,40,Debit Card,Every 3 Months,2024-06-27
244,25,Male,244,Jewelry,Accessories,244,491,100.00,Kentucky,M,Olive,Winter,2.8,1,2-Day Shipping,Yes,Yes,4,Debit Card,Monthly,2024-01-05
245,53,Male,245,Belt,Accessories,245,493,42.00,Oregon,S,Indigo,Spring,4.9,1,2-Day Shipping,Yes,Yes,39,PayPal,Weekly,2024-05-27
246,49,Male,246,Sandals,Footwear,246,494,53.00,Rhode Island,L,Charcoal,Summer,3.3,1,Next Day Air,Yes,Yes,45,Venmo,Fortnightly,2024-07-12
247,35,Male,247,Sunglasses,Accessories,247,495,86.00,Nevada,XL,Beige,Spring,3.2,1,Express,Yes,Yes,20,Venmo,Bi-Weekly,2024-03-27
248,29,Male,248,Sweater,Clothing,248,496,66.00,Montana,XL,Brown,Spring,4.4,1,Standard,Yes,Yes,14,Debit Card,Weekly,2024-04-18
249,47,Male,249,Belt,Accessories,249,497,100.00,Pennsylvania,M,Blue,Winter,4.8,1,Express,Yes,Yes,33,PayPal,Weekly,2024-02-11
250,53,Male,250,Handbag,Accessories,250,499,47.00,Alaska,S,Teal,Fall,4.2,1,Standard,Yes,Yes,18,Credit Card,Annually,2024-09-04
251,33,Male,251,Skirt,Clothing,251,500,25.00,Mississippi,L,Black,Fall,4,1,Express,Yes,Yes,9,Bank Transfer,Weekly,2024-11-10
252,21,Male,252,Handbag,Accessories,252,501,51.00,Wyoming,XL,Gold,Winter,2.5,1,Standard,Yes,Yes,34,PayPal,Annually,2024-02-22
253,32,Male,253,Shorts,Clothing,253,502,41.00,Delaware,M,Violet,Summer,3.9,1,Free Shipping,Yes,Yes,33,Venmo,Fortnightly,2024-06-14
254,52,Male,254,Boots,Footwear,254,503,73.00,Oklahoma,L,Cyan,Winter,4.9,1,2-Day Shipping,Yes,Yes,15,Bank Transfer,Bi-Weekly,2024-01-25
255,67,Male,255,Sunglasses,Accessories,255,505,42.00,Indiana,M,White,Winter,3.5,1,Store Pickup,Yes,Yes,4,PayPal,Bi-Weekly,2024-12-06
256,43,Male,256,Scarf,Accessories,256,506,20.00,Maryland,M,Charcoal,Spring,4.2,1,Free Shipping,Yes,Yes,25,Debit Card,Annually,2024-03-11
257,58,Male,257,Jewelry,Accessories,257,507,30.00,South Dakota,XL,Violet,Spring,4.7,1,Express,Yes,Yes,20,Credit Card,Every 3 Months,2024-03-04
258,20,Male,258,Handbag,Accessories,258,508,53.00,West Virginia,M,Red,Summer,4.5,1,Express,Yes,Yes,5,Credit Card,Quarterly,2024-06-16
259,61,Male,259,Gloves,Accessories,259,509,74.00,Alabama,S,Lavender,Spring,2.8,1,Express,Yes,Yes,16,Cash,Quarterly,2024-05-01
260,32,Male,260,Jeans,Clothing,260,511,57.00,Louisiana,M,Gold,Fall,2.9,1,Standard,Yes,Yes,13,Debit Card,Annually,2024-10-23
261,38,Male,261,Hat,Accessories,261,512,57.00,Montana,S,Red,Winter,3.2,1,2-Day Shipping,Yes,Yes,11,Credit Card,Every 3 Months,2024-02-25
262,21,Male,262,Jeans,Clothing,262,513,77.00,California,L,Magenta,Winter,4.9,1,Standard,Yes,Yes,21,Credit Card,Annually,2024-02-22
263,37,Male,263,Pants,Clothing,263,514,40.00,Hawaii,M,Teal,Summer,3.7,1,Next Day Air,Yes,Yes,6,Debit Card,Annually,2024-07-22
264,27,Male,264,Shorts,Clothing,264,515,46.00,Iowa,M,Purple,Summer,4.3,1,Store Pickup,Yes,Yes,29,Venmo,Monthly,2024-08-04
265,36,Male,265,Pants,Clothing,265,517,78.00,Colorado,S,Charcoal,Fall,3.9,1,Store Pickup,Yes,Yes,15,Cash,Annually,2024-09-26
266,32,Male,266,Backpack,Accessories,266,518,59.00,Michigan,M,Gray,Spring,3.2,1,2-Day Shipping,Yes,Yes,17,Bank Transfer,Bi-Weekly,2024-05-02
267,51,Male,267,Jewelry,Accessories,267,519,75.00,Louisiana,L,White,Summer,3.1,1,Express,Yes,Yes,32,Credit Card,Weekly,2024-07-06
268,64,Male,268,Sweater,Clothing,268,520,54.00,Maryland,M,Olive,Spring,3.9,1,2-Day Shipping,Yes,Yes,42,Venmo,Annually,2024-04-14
269,68,Male,269,Shoes,Footwear,269,521,42.00,Georgia,M,Charcoal,Spring,2.6,1,Store Pickup,Yes,Yes,21,Cash,Monthly,2024-05-22
270,68,Male,270,Blouse,Clothing,270,523,44.00,Georgia,M,Charcoal,Winter,3.3,1,Next Day Air,Yes,Yes,9,Cash,Bi-Weekly,2024-02-11
271,33,Male,271,Jeans,Clothing,271,524,52.00,North Dakota,XL,Orange,Fall,4.6,1,Free Shipping,Yes,Yes,16,Bank Transfer,Annually,2024-09-19
272,65,Male,272,Sunglasses,Accessories,272,525,69.00,Maryland,XL,Yellow,Summer,4.6,1,Express,Yes,Yes,42,Credit Card,Fortnightly,2024-06-12
273,48,Male,273,Jewelry,Accessories,273,526,26.00,Oregon,M,Beige,Summer,4.4,1,2-Day Shipping,Yes,Yes,37,Debit Card,Bi-Weekly,2024-08-17
274,69,Male,274,Coat,Outerwear,274,527,33.00,North Dakota,S,Silver,Spring,4.2,1,Express,Yes,Yes,32,Debit Card,Quarterly,2024-04-01
275,59,Male,275,Jewelry,Accessories,275,529,32.00,Maryland,M,Indigo,Spring,3,1,Express,Yes,Yes,28,Cash,Bi-Weekly,2024-05-16
276,48,Male,276,Backpack,Accessories,276,530,85.00,Virginia,XL,Lavender,Winter,4,1,Express,Yes,Yes,13,Credit Card,Weekly,2024-12-11
277,25,Male,277,Skirt,Clothing,277,531,30.00,South Dakota,XL,Turquoise,Fall,3.5,1,Express,Yes,Yes,11,Bank Transfer,Fortnightly,2024-09-15
278,29,Male,278,Shirt,Clothing,278,532,29.00,Georgia,M,Green,Winter,3,1,Store Pickup,Yes,Yes,36,Bank Transfer,Bi-Weekly,2024-02-14
279,57,Male,279,Sweater,Clothing,279,533,95.00,Hawaii,M,Orange,Spring,3.7,1,Express,Yes,Yes,23,Debit Card,Annually,2024-05-28
280,23,Male,280,Sneakers,Footwear,280,535,69.00,Arkansas,L,Turquoise,Summer,4,1,Standard,Yes,Yes,37,Bank Transfer,Monthly,2024-07-03
281,45,Male,281,Sandals,Footwear,281,536,69.00,Montana,S,Cyan,Fall,4.2,1,2-Day Shipping,Yes,Yes,21,Cash,Bi-Weekly,2024-10-01
282,38,Male,282,Belt,Accessories,282,537,61.00,Oklahoma,XL,Charcoal,Spring,2.5,1,Standard,Yes,Yes,22,Debit Card,Bi-Weekly,2024-04-03
283,21,Male,283,Skirt,Clothing,283,538,94.00,Minnesota,M,Teal,Summer,3,1,2-Day Shipping,Yes,Yes,9,Cash,Monthly,2024-06-03
284,32,Male,284,Sweater,Clothing,284,539,30.00,Montana,S,Maroon,Fall,3.2,1,Next Day Air,Yes,Yes,16,Venmo,Annually,2024-09-07
285,63,Male,285,Skirt,Clothing,285,541,45.00,Ohio,M,Red,Summer,3.5,1,Standard,Yes,Yes,4,PayPal,Quarterly,2024-08-14
286,29,Male,286,Handbag,Accessories,286,542,39.00,Kentucky,XL,Yellow,Summer,4.8,1,Express,Yes,Yes,3,Debit Card,Bi-Weekly,2024-06-18
287,27,Male,287,Jewelry,Accessories,287,543,51.00,Nebraska,L,Gray,Summer,2.6,1,Store Pickup,Yes,Yes,6,Debit Card,Annually,2024-06-04
288,56,Male,288,Scarf,Accessories,288,544,37.00,Delaware,L,Blue,Spring,3.4,1,2-Day Shipping,Yes,Yes,18,Venmo,Fortnightly,2024-03-19
289,30,Male,289,T-shirt,Clothing,289,545,62.00,North Carolina,M,Lavender,Winter,3.7,1,2-Day Shipping,Yes,Yes,34,Venmo,Bi-Weekly,2024-02-10
290,49,Male,290,Coat,Outerwear,290,547,85.00,New York,M,Yellow,Fall,4.5,1,2-Day Shipping,Yes,Yes,26,Credit Card,Monthly,2024-09-07
291,58,Male,291,T-shirt,Clothing,291,548,33.00,Colorado,M,Indigo,Winter,3.7,1,Standard,Yes,Yes,50,PayPal,Weekly,2024-01-11
292,57,Male,292,Dress,Clothing,292,549,26.00,Delaware,XL,Violet,Fall,3.3,1,Next Day Air,Yes,Yes,40,Bank Transfer,Monthly,2024-10-14
293,60,Male,293,Shoes,Footwear,293,550,99.00,Utah,M,Green,Spring,4.7,1,Free Shipping,Yes,Yes,24,Cash,Quarterly,2024-05-19
294,69,Male,294,Handbag,Accessories,294,551,39.00,Connecticut,M,White,Spring,2.7,1,Express,Yes,Yes,33,PayPal,Annually,2024-04-01
295,70,Male,295,Skirt,Clothing,295,553,20.00,New Jersey,M,Gold,Spring,4.6,1,Store Pickup,Yes,Yes,19,Credit Card,Every 3 Months,2024-05-23
296,53,Male,296,Sunglasses,Accessories,296,554,42.00,West Virginia,M,Indigo,Winter,2.7,1,Store Pickup,Yes,Yes,24,Credit Card,Quarterly,2024-12-17
297,25,Male,297,Sandals,Footwear,297,555,74.00,Indiana,S,Lavender,Spring,4.8,1,2-Day Shipping,Yes,Yes,19,Credit Card,Weekly,2024-04-12
298,48,Male,298,Shoes,Footwear,298,556,26.00,Delaware,XL,Purple,Summer,4.4,1,Standard,Yes,Yes,4,Credit Card,Bi-Weekly,2024-07-14
299,69,Male,299,T-shirt,Clothing,299,557,53.00,Maryland,M,Lavender,Winter,4,1,Standard,Yes,Yes,11,Venmo,Every 3 Months,2024-02-14
300,25,Male,300,Sneakers,Footwear,300,559,80.00,Pennsylvania,M,Maroon,Summer,3.2,1,Next Day Air,Yes,Yes,28,PayPal,Fortnightly,2024-08-15
301,29,Male,301,Hat,Accessories,301,560,98.00,Iowa,M,Teal,Spring,4.4,1,Store Pickup,Yes,Yes,24,PayPal,Weekly,2024-04-07
302,46,Male,302,Skirt,Clothing,302,561,95.00,Pennsylvania,M,Green,Spring,3.8,1,Standard,Yes,Yes,25,Credit Card,Every 3 Months,2024-04-07
303,37,Male,303,Sweater,Clothing,303,562,44.00,Delaware,L,Olive,Summer,3.6,1,Express,Yes,Yes,27,Bank Transfer,Every 3 Months,2024-08-02
304,20,Male,304,Sandals,Footwear,304,563,60.00,Oregon,M,Turquoise,Summer,3.3,1,Next Day Air,Yes,Yes,49,Venmo,Weekly,2024-06-17
305,40,Male,305,Dress,Clothing,305,565,84.00,Oregon,M,Green,Winter,3.4,1,Next Day Air,Yes,Yes,45,Credit Card,Bi-Weekly,2024-12-21
306,60,Male,306,Sweater,Clothing,306,566,59.00,Utah,M,Teal,Fall,3.5,1,2-Day Shipping,Yes,Yes,26,PayPal,Annually,2024-11-26
307,26,Male,307,Jacket,Outerwear,307,567,49.00,North Dakota,S,White,Summer,3.6,1,Express,Yes,Yes,4,Cash,Annually,2024-08-07
308,29,Male,308,Gloves,Accessories,308,568,32.00,Florida,M,Orange,Winter,3.2,1,Free Shipping,Yes,Yes,3,Credit Card,Every 3 Months,2024-12-23
309,66,Male,309,Handbag,Accessories,309,569,29.00,Maryland,M,Beige,Fall,3.7,1,Standard,Yes,Yes,45,Venmo,Bi-Weekly,2024-09-09
310,66,Male,310,Dress,Clothing,310,571,22.00,Minnesota,M,Yellow,Spring,4.5,1,Standard,Yes,Yes,21,Cash,Fortnightly,2024-04-13
311,56,Male,311,Pants,Clothing,311,572,85.00,Montana,M,Charcoal,Winter,4.6,1,Standard,Yes,Yes,50,Cash,Fortnightly,2024-01-28
312,69,Male,312,Jeans,Clothing,312,573,52.00,Rhode Island,L,Silver,Winter,4.1,1,Store Pickup,Yes,Yes,19,Bank Transfer,Monthly,2024-02-08
313,38,Male,313,Pants,Clothing,313,574,89.00,Massachusetts,L,Green,Spring,3.4,1,Next Day Air,Yes,Yes,6,PayPal,Annually,2024-04-07
314,42,Male,314,Dress,Clothing,314,575,77.00,Vermont,M,Pink,Spring,3.7,1,Express,Yes,Yes,50,Credit Card,Every 3 Months,2024-04-27
315,30,Male,315,Pants,Clothing,315,577,24.00,New Jersey,M,Purple,Summer,3.3,1,Store Pickup,Yes,Yes,17,Debit Card,Every 3 Months,2024-07-19
316,66,Male,316,Jewelry,Accessories,316,578,24.00,Wisconsin,XL,Orange,Spring,4.5,1,Express,Yes,Yes,24,Debit Card,Annually,2024-04-12
317,36,Male,317,Handbag,Accessories,317,579,22.00,California,M,Charcoal,Fall,3.3,1,Free Shipping,Yes,Yes,46,Venmo,Monthly,2024-09-08
318,58,Male,318,Sweater,Clothing,318,580,82.00,West Virginia,L,Teal,Fall,4.3,1,Standard,Yes,Yes,42,Cash,Every 3 Months,2024-11-09
319,45,Male,319,Backpack,Accessories,319,581,67.00,South Dakota,M,Beige,Winter,2.5,1,Standard,Yes,Yes,10,Cash,Annually,2024-01-20
320,47,Male,320,Shorts,Clothing,320,583,74.00,Maine,XL,White,Spring,2.6,1,Standard,Yes,Yes,1,Cash,Every 3 Months,2024-03-03
321,66,Male,321,Jewelry,Accessories,321,584,72.00,Kansas,L,White,Summer,4.9,1,Standard,Yes,Yes,28,Debit Card,Quarterly,2024-06-04
322,41,Male,322,Sneakers,Footwear,322,585,36.00,Vermont,L,Orange,Summer,4.7,1,Free Shipping,Yes,Yes,48,Debit Card,Quarterly,2024-07-17
323,41,Male,323,Belt,Accessories,323,586,95.00,Tennessee,S,Cyan,Winter,3,1,Standard,Yes,Yes,47,Credit Card,Monthly,2024-02-05
324,66,Male,324,Hoodie,Clothing,324,587,78.00,Tennessee,M,Orange,Winter,3.5,1,Next Day Air,Yes,Yes,29,PayPal,Bi-Weekly,2024-02-22
325,37,Male,325,Shirt,Clothing,325,589,82.00,Wyoming,M,Olive,Summer,4.8,1,Standard,Yes,Yes,37,Venmo,Quarterly,2024-07-23
326,70,Male,326,Pants,Clothing,326,590,70.00,Vermont,M,Charcoal,Winter,4.3,1,Free Shipping,Yes,Yes,38,Debit Card,Annually,2024-12-06
327,62,Male,327,Scarf,Accessories,327,591,41.00,New Jersey,M,White,Fall,3.2,1,Store Pickup,Yes,Yes,48,Bank Transfer,Weekly,2024-09-03
328,61,Male,328,Coat,Outerwear,328,592,42.00,Iowa,M,Teal,Summer,3.1,1,Free Shipping,Yes,Yes,36,PayPal,Weekly,2024-08-06
329,48,Male,329,Coat,Outerwear,329,593,50.00,Florida,M,Yellow,Fall,2.8,1,Free Shipping,Yes,Yes,9,Credit Card,Weekly,2024-10-25
330,70,Male,330,Socks,Clothing,330,595,31.00,Nevada,S,White,Summer,2.9,1,2-Day Shipping,Yes,Yes,34,Bank Transfer,Monthly,2024-08-12
331,46,Male,331,Sweater,Clothing,331,596,51.00,North Dakota,M,Beige,Winter,3.7,1,Express,Yes,Yes,43,Venmo,Bi-Weekly,2024-01-10
332,31,Male,332,Shirt,Clothing,332,597,98.00,Florida,L,Beige,Fall,3.3,1,Store Pickup,Yes,Yes,46,PayPal,Quarterly,2024-11-26
333,19,Male,333,Shirt,Clothing,333,598,86.00,New York,M,Maroon,Winter,2.8,1,2-Day Shipping,Yes,Yes,5,Credit Card,Monthly,2024-02-22
334,39,Male,334,Sweater,Clothing,334,599,64.00,Alaska,M,Teal,Winter,4.5,1,Standard,Yes,Yes,15,Bank Transfer,Bi-Weekly,2024-01-20
335,41,Male,335,Blouse,Clothing,335,601,46.00,Kansas,M,Lavender,Fall,2.6,1,Next Day Air,Yes,Yes,30,Credit Card,Annually,2024-09-14
336,20,Male,336,Sweater,Clothing,336,602,85.00,Oregon,L,Maroon,Spring,3.7,1,Standard,Yes,Yes,44,Venmo,Every 3 Months,2024-03-23
337,36,Male,337,Hat,Accessories,337,603,81.00,Rhode Island,S,Orange,Fall,4.4,1,Express,Yes,Yes,16,PayPal,Annually,2024-11-21
338,32,Male,338,Sweater,Clothing,338,604,59.00,New Mexico,M,Cyan,Winter,4.3,1,2-Day Shipping,Yes,Yes,16,Bank Transfer,Annually,2024-01-27
339,69,Male,339,Hoodie,Clothing,339,605,79.00,Massachusetts,M,Silver,Winter,3.5,1,Express,Yes,Yes,16,Cash,Weekly,2024-02-09
340,40,Male,340,Shorts,Clothing,340,607,33.00,Pennsylvania,M,Teal,Spring,3.8,1,2-Day Shipping,Yes,Yes,21,Credit Card,Every 3 Months,2024-05-05
341,40,Male,341,Shorts,Clothing,341,608,47.00,New Jersey,L,Blue,Summer,3.5,1,Express,Yes,Yes,39,Venmo,Every 3 Months,2024-06-26
342,20,Male,342,Hat,Accessories,342,609,20.00,Utah,S,Blue,Summer,4.6,1,Store Pickup,Yes,Yes,40,Debit Card,Bi-Weekly,2024-06-27
343,64,Male,343,Coat,Outerwear,343,610,36.00,Kentucky,M,Olive,Spring,2.6,1,Next Day Air,Yes,Yes,48,Credit Card,Every 3 Months,2024-03-20
344,27,Male,344,Sandals,Footwear,344,611,39.00,Nebraska,M,Purple,Summer,4.4,1,Next Day Air,Yes,Yes,26,Venmo,Monthly,2024-08-12
345,24,Male,345,Skirt,Clothing,345,613,71.00,Virginia,M,Charcoal,Winter,4,1,Standard,Yes,Yes,46,Debit Card,Monthly,2024-02-24
346,48,Male,346,Shoes,Footwear,346,614,59.00,Wyoming,S,Olive,Winter,4.4,1,Next Day Air,Yes,Yes,27,Bank Transfer,Annually,2024-01-08
347,49,Male,347,Jeans,Clothing,347,615,50.00,New Mexico,L,Violet,Spring,4.7,1,Next Day Air,Yes,Yes,5,Cash,Weekly,2024-03-27
348,36,Male,348,Sandals,Footwear,348,616,41.00,Oregon,L,Red,Fall,3.9,1,Store Pickup,Yes,Yes,43,PayPal,Fortnightly,2024-10-03
349,56,Male,349,Blouse,Clothing,349,617,59.00,South Carolina,M,Beige,Fall,2.7,1,Free Shipping,Yes,Yes,17,PayPal,Fortnightly,2024-11-16
350,37,Male,350,Hat,Accessories,350,619,87.00,Arizona,M,Green,Winter,3.7,1,2-Day Shipping,Yes,Yes,3,Bank Transfer,Bi-Weekly,2024-12-05
351,42,Male,351,Sweater,Clothing,351,620,68.00,Kentucky,M,Violet,Spring,2.6,1,2-Day Shipping,Yes,Yes,47,Bank Transfer,Fortnightly,2024-05-18
352,28,Male,352,Skirt,Clothing,352,621,90.00,New York,M,Teal,Winter,3.9,1,Standard,Yes,Yes,24,Debit Card,Bi-Weekly,2024-01-05
353,27,Male,353,Jeans,Clothing,353,622,71.00,Texas,XL,Yellow,Fall,4.9,1,Next Day Air,Yes,Yes,12,Cash,Every 3 Months,2024-11-08
354,63,Male,354,Sneakers,Footwear,354,623,64.00,Missouri,L,Yellow,Fall,4.1,1,Store Pickup,Yes,Yes,35,Debit Card,Monthly,2024-09-19
355,58,Male,355,Jewelry,Accessories,355,625,76.00,Pennsylvania,S,Olive,Fall,3,1,Free Shipping,Yes,Yes,42,Venmo,Weekly,2024-09-06
356,37,Male,356,Jewelry,Accessories,356,626,42.00,Oregon,XL,Magenta,Fall,4.1,1,2-Day Shipping,Yes,Yes,1,PayPal,Every 3 Months,2024-09-12
357,56,Male,357,Pants,Clothing,357,627,80.00,Nevada,L,Black,Spring,3.8,1,Standard,Yes,Yes,27,Cash,Weekly,2024-04-20
358,18,Male,358,Belt,Accessories,358,628,56.00,Arkansas,M,Olive,Spring,4,1,Standard,Yes,Yes,16,Credit Card,Bi-Weekly,2024-03-24
359,48,Male,359,Hat,Accessories,359,629,25.00,Minnesota,XL,Magenta,Summer,3.6,1,Express,Yes,Yes,36,Credit Card,Every 3 Months,2024-07-17
360,31,Male,360,Sneakers,Footwear,360,631,74.00,Georgia,M,Olive,Winter,3,1,Store Pickup,Yes,Yes,30,Credit Card,Every 3 Months,2024-12-09
361,51,Male,361,Pants,Clothing,361,632,30.00,Rhode Island,M,Teal,Summer,3,1,Standard,Yes,Yes,18,Debit Card,Fortnightly,2024-07-08
362,65,Male,362,T-shirt,Clothing,362,633,96.00,Nevada,M,White,Spring,2.6,1,Free Shipping,Yes,Yes,45,Cash,Annually,2024-05-05
363,53,Male,363,Sneakers,Footwear,363,634,64.00,Texas,M,Charcoal,Fall,3.4,1,Free Shipping,Yes,Yes,1,Venmo,Fortnightly,2024-11-02
364,55,Male,364,Shorts,Clothing,364,635,88.00,Florida,L,Yellow,Winter,3.1,1,Free Shipping,Yes,Yes,42,Bank Transfer,Fortnightly,2024-12-11
365,62,Male,365,Shoes,Footwear,365,637,88.00,North Dakota,L,Charcoal,Summer,3,1,Free Shipping,Yes,Yes,7,Venmo,Every 3 Months,2024-08-24
366,55,Male,366,Gloves,Accessories,366,638,88.00,West Virginia,XL,Gray,Summer,3.7,1,Standard,Yes,Yes,50,PayPal,Quarterly,2024-08-04
367,64,Male,367,Socks,Clothing,367,639,36.00,Nebraska,M,Turquoise,Spring,3.5,1,Store Pickup,Yes,Yes,37,Venmo,Fortnightly,2024-05-07
368,52,Male,368,Dress,Clothing,368,640,40.00,Tennessee,XL,Cyan,Spring,2.8,1,Store Pickup,Yes,Yes,18,Bank Transfer,Monthly,2024-03-12
369,24,Male,369,Handbag,Accessories,369,641,39.00,Oklahoma,M,Charcoal,Spring,4.5,1,Standard,Yes,Yes,29,Cash,Monthly,2024-03-21
370,38,Male,370,Belt,Accessories,370,643,40.00,Wisconsin,M,Silver,Summer,3.3,1,Store Pickup,Yes,Yes,45,PayPal,Quarterly,2024-06-08
371,59,Male,371,Scarf,Accessories,371,644,34.00,Oregon,M,Olive,Winter,3.4,1,Express,Yes,Yes,13,PayPal,Weekly,2024-01-12
372,27,Male,372,Sneakers,Footwear,372,645,83.00,North Carolina,S,Pink,Winter,3.2,1,2-Day Shipping,Yes,Yes,47,PayPal,Monthly,2024-02-07
373,24,Male,373,Sweater,Clothing,373,646,85.00,Pennsylvania,L,Orange,Summer,3.7,1,Standard,Yes,Yes,7,Debit Card,Weekly,2024-06-09
374,23,Male,374,Coat,Outerwear,374,647,27.00,North Dakota,L,White,Summer,4.6,1,Express,Yes,Yes,11,Venmo,Bi-Weekly,2024-07-20
375,69,Male,375,Jewelry,Accessories,375,649,78.00,Ohio,S,Purple,Spring,5,1,Store Pickup,Yes,Yes,39,Bank Transfer,Monthly,2024-04-01
376,59,Male,376,Sunglasses,Accessories,376,650,32.00,Oklahoma,M,Olive,Summer,4.4,1,Standard,Yes,Yes,6,Debit Card,Quarterly,2024-08-02
377,51,Male,377,Shoes,Footwear,377,651,51.00,South Carolina,S,Gray,Fall,4.9,1,Express,Yes,Yes,2,Venmo,Bi-Weekly,2024-09-09
378,63,Male,378,Scarf,Accessories,378,652,32.00,Maine,M,Silver,Spring,4.1,1,Standard,Yes,Yes,39,Credit Card,Every 3 Months,2024-03-04
379,54,Male,379,Dress,Clothing,379,653,62.00,Nevada,L,Orange,Winter,4.9,1,Next Day Air,Yes,Yes,23,Credit Card,Monthly,2024-01-27
380,32,Male,380,T-shirt,Clothing,380,655,29.00,Montana,S,Magenta,Fall,4.7,1,2-Day Shipping,Yes,Yes,46,Debit Card,Bi-Weekly,2024-11-06
381,39,Male,381,Backpack,Accessories,381,656,69.00,New Hampshire,XL,Beige,Fall,3,1,Store Pickup,Yes,Yes,19,Bank Transfer,Weekly,2024-09-24
382,66,Male,382,Jewelry,Accessories,382,657,25.00,Maine,L,Lavender,Winter,3.4,1,Store Pickup,Yes,Yes,3,Credit Card,Every 3 Months,2024-02-07
383,28,Male,383,Jeans,Clothing,383,658,76.00,California,M,Peach,Winter,3.2,1,Store Pickup,Yes,Yes,47,PayPal,Quarterly,2024-02-10
384,50,Male,384,Sunglasses,Accessories,384,659,77.00,West Virginia,S,Magenta,Fall,2.9,1,Standard,Yes,Yes,6,PayPal,Quarterly,2024-11-02
385,70,Male,385,Sweater,Clothing,385,661,33.00,California,M,Beige,Fall,4.5,1,2-Day Shipping,Yes,Yes,6,Venmo,Annually,2024-10-24
386,67,Male,386,Shorts,Clothing,386,662,93.00,West Virginia,S,Yellow,Fall,2.7,1,Next Day Air,Yes,Yes,12,Credit Card,Bi-Weekly,2024-10-08
387,64,Male,387,Jewelry,Accessories,387,663,39.00,Louisiana,L,Brown,Spring,3.4,1,Express,Yes,Yes,40,PayPal,Quarterly,2024-03-15
388,45,Male,388,Coat,Outerwear,388,664,93.00,Georgia,L,Silver,Summer,4.6,1,Store Pickup,Yes,Yes,38,PayPal,Fortnightly,2024-08-19
389,22,Male,389,Handbag,Accessories,389,665,82.00,Washington,M,Orange,Summer,2.7,1,Store Pickup,Yes,Yes,10,PayPal,Quarterly,2024-08-20
390,27,Male,390,Boots,Footwear,390,667,42.00,Virginia,L,Purple,Spring,4.2,1,Standard,Yes,Yes,28,Bank Transfer,Monthly,2024-04-21
391,25,Male,391,Gloves,Accessories,391,668,71.00,Indiana,M,Indigo,Winter,3.2,1,2-Day Shipping,Yes,Yes,19,PayPal,Annually,2024-02-10
392,37,Male,392,Sweater,Clothing,392,669,86.00,Minnesota,L,Gray,Spring,4.8,1,Standard,Yes,Yes,25,Cash,Fortnightly,2024-03-10
393,26,Male,393,T-shirt,Clothing,393,670,82.00,Idaho,XL,Black,Spring,3.3,1,Next Day Air,Yes,Yes,38,Credit Card,Annually,2024-03-27
394,33,Male,394,Shoes,Footwear,394,671,65.00,Vermont,L,Maroon,Fall,4.2,1,Standard,Yes,Yes,6,PayPal,Fortnightly,2024-10-01
395,43,Male,395,Scarf,Accessories,395,673,29.00,North Dakota,M,Beige,Spring,4.8,1,Store Pickup,Yes,Yes,7,Debit Card,Bi-Weekly,2024-03-28
396,37,Male,396,Sneakers,Footwear,396,674,65.00,Rhode Island,L,Brown,Winter,4.9,1,Store Pickup,Yes,Yes,2,PayPal,Annually,2024-01-21
397,46,Male,397,Dress,Clothing,397,675,88.00,South Carolina,S,Black,Fall,3.9,1,Standard,Yes,Yes,24,Bank Transfer,Annually,2024-09-09
398,22,Male,398,Belt,Accessories,398,676,46.00,Mississippi,M,Indigo,Fall,3,1,Free Shipping,Yes,Yes,26,Cash,Annually,2024-09-26
399,20,Male,399,Boots,Footwear,399,677,67.00,Montana,S,Silver,Winter,4.6,1,Free Shipping,Yes,Yes,25,Debit Card,Every 3 Months,2024-02-07
400,60,Male,400,Scarf,Accessories,400,679,35.00,Idaho,L,Blue,Fall,3.5,1,2-Day Shipping,Yes,Yes,10,Debit Card,Monthly,2024-10-20
401,39,Male,401,Boots,Footwear,401,680,66.00,Utah,M,Green,Winter,4.8,1,Free Shipping,Yes,Yes,14,PayPal,Fortnightly,2024-02-22
402,43,Male,402,T-shirt,Clothing,402,681,91.00,Oklahoma,L,Orange,Fall,4.8,1,Standard,Yes,Yes,21,Cash,Quarterly,2024-11-03
403,31,Male,403,Backpack,Accessories,403,682,78.00,California,L,Cyan,Fall,3,1,Express,Yes,Yes,26,PayPal,Monthly,2024-10-03
404,19,Male,404,Sneakers,Footwear,404,683,45.00,Nevada,M,Orange,Winter,4.5,1,Next Day Air,Yes,Yes,12,Bank Transfer,Annually,2024-01-15
405,35,Male,405,T-shirt,Clothing,405,685,93.00,Delaware,M,Indigo,Spring,4.8,1,Store Pickup,Yes,Yes,11,Credit Card,Monthly,2024-04-11
406,41,Male,406,Jeans,Clothing,406,686,74.00,South Carolina,S,Silver,Summer,3.8,1,Standard,Yes,Yes,15,Cash,Annually,2024-08-02
407,52,Male,407,Gloves,Accessories,407,687,55.00,Maryland,M,Peach,Spring,4.6,1,Express,Yes,Yes,13,Cash,Monthly,2024-03-13
408,45,Male,408,Hoodie,Clothing,408,688,76.00,North Carolina,XL,Teal,Spring,3.1,1,Next Day Air,Yes,Yes,5,Credit Card,Bi-Weekly,2024-05-24
409,34,Male,409,Sneakers,Footwear,409,689,66.00,Alabama,L,White,Spring,3.4,1,Express,Yes,Yes,36,Cash,Fortnightly,2024-05-12
410,35,Male,410,Shorts,Clothing,410,691,51.00,Minnesota,M,Brown,Winter,3.3,1,2-Day Shipping,Yes,Yes,32,Bank Transfer,Monthly,2024-01-19
411,29,Male,411,Sweater,Clothing,411,692,26.00,Virginia,L,Lavender,Spring,4.8,1,2-Day Shipping,Yes,Yes,1,Credit Card,Quarterly,2024-04-18
412,59,Male,412,Jeans,Clothing,412,693,29.00,Michigan,M,Indigo,Summer,2.8,1,Express,Yes,Yes,15,PayPal,Annually,2024-07-08
413,24,Male,413,Jacket,Outerwear,413,694,74.00,Maine,M,Yellow,Summer,3.1,1,Store Pickup,Yes,Yes,3,Bank Transfer,Weekly,2024-08-19
414,70,Male,414,Jewelry,Accessories,414,695,99.00,Nevada,S,White,Summer,4.6,1,Free Shipping,Yes,Yes,48,Cash,Monthly,2024-08-16
415,29,Male,415,Backpack,Accessories,415,697,88.00,Wyoming,L,Violet,Winter,2.6,1,Store Pickup,Yes,Yes,30,Debit Card,Weekly,2024-12-17
416,67,Male,416,Coat,Outerwear,416,698,31.00,Connecticut,M,Lavender,Winter,2.6,1,Express,Yes,Yes,40,Bank Transfer,Monthly,2024-02-05
417,36,Male,417,Belt,Accessories,417,699,55.00,Oregon,L,Olive,Spring,3.8,1,Free Shipping,Yes,Yes,24,Bank Transfer,Fortnightly,2024-03-17
418,23,Male,418,Sandals,Footwear,418,700,81.00,Mississippi,L,Beige,Fall,4.5,1,Free Shipping,Yes,Yes,48,Debit Card,Quarterly,2024-11-18
419,18,Male,419,Sweater,Clothing,419,701,73.00,Illinois,L,Purple,Spring,3,1,Standard,Yes,Yes,27,Venmo,Bi-Weekly,2024-04-07
420,53,Male,420,Shorts,Clothing,420,703,91.00,Utah,S,Teal,Winter,3.5,1,Free Shipping,Yes,Yes,14,Credit Card,Every 3 Months,2024-02-23
421,32,Male,421,Socks,Clothing,421,704,54.00,North Carolina,S,Peach,Spring,3.8,1,Free Shipping,Yes,Yes,18,Debit Card,Bi-Weekly,2024-05-02
422,38,Male,422,Shirt,Clothing,422,705,40.00,Kentucky,M,Violet,Winter,3.5,1,Standard,Yes,Yes,48,Cash,Bi-Weekly,2024-12-07
423,47,Male,423,Pants,Clothing,423,706,59.00,Minnesota,M,Purple,Fall,3.1,1,Store Pickup,Yes,Yes,32,Debit Card,Annually,2024-09-21
424,46,Male,424,Scarf,Accessories,424,707,26.00,New York,L,Teal,Spring,3,1,Store Pickup,Yes,Yes,21,Credit Card,Bi-Weekly,2024-05-27
425,66,Male,425,Sweater,Clothing,425,709,23.00,Illinois,M,Gold,Winter,4.3,1,Standard,Yes,Yes,42,PayPal,Fortnightly,2024-12-12
426,40,Male,426,Jeans,Clothing,426,710,87.00,North Dakota,S,Teal,Winter,3.3,1,Store Pickup,Yes,Yes,4,Credit Card,Quarterly,2024-02-23
427,43,Male,427,Pants,Clothing,427,711,71.00,Louisiana,M,Violet,Winter,4.7,1,Express,Yes,Yes,19,Credit Card,Quarterly,2024-12-08
428,58,Male,428,Backpack,Accessories,428,712,91.00,Illinois,L,Black,Winter,4.5,1,Store Pickup,Yes,Yes,6,Credit Card,Quarterly,2024-02-25
429,21,Male,429,Coat,Outerwear,429,713,64.00,Wyoming,XL,Gold,Winter,2.9,1,Free Shipping,Yes,Yes,2,Debit Card,Fortnightly,2024-12-21
430,42,Male,430,Sandals,Footwear,430,715,94.00,Washington,M,Gold,Winter,4.1,1,2-Day Shipping,Yes,Yes,21,Cash,Fortnightly,2024-12-18
431,24,Male,431,Shirt,Clothing,431,716,40.00,Texas,M,Brown,Summer,3.5,1,Store Pickup,Yes,Yes,40,Debit Card,Annually,2024-08-03
432,43,Male,432,Hat,Accessories,432,717,76.00,New Hampshire,L,Cyan,Winter,3.4,1,Store Pickup,Yes,Yes,33,Cash,Fortnightly,2024-12-18
433,47,Male,433,Shirt,Clothing,433,718,86.00,Indiana,S,Indigo,Fall,3.3,1,Free Shipping,Yes,Yes,26,Venmo,Weekly,2024-10-15
434,49,Male,434,Skirt,Clothing,434,719,92.00,Alabama,M,Orange,Fall,3.2,1,Store Pickup,Yes,Yes,23,Credit Card,Fortnightly,2024-09-11
435,50,Male,435,Shoes,Footwear,435,721,52.00,Oklahoma,L,Pink,Spring,4,1,Store Pickup,Yes,Yes,39,PayPal,Every 3 Months,2024-05-21
436,51,Male,436,Coat,Outerwear,436,722,28.00,Montana,XL,Olive,Winter,3.6,1,Next Day Air,Yes,Yes,42,Bank Transfer,Monthly,2024-02-02
437,40,Male,437,Pants,Clothing,437,723,46.00,Tennessee,L,Cyan,Summer,4.6,1,Free Shipping,Yes,Yes,41,Bank Transfer,Weekly,2024-06-15
438,45,Male,438,Jewelry,Accessories,438,724,50.00,New Mexico,M,Peach,Summer,2.6,1,Next Day Air,Yes,Yes,41,PayPal,Annually,2024-08-26
439,52,Male,439,Belt,Accessories,439,725,23.00,Iowa,M,Turquoise,Winter,4.3,1,Express,Yes,Yes,12,Credit Card,Fortnightly,2024-12-12
440,62,Male,440,Jacket,Outerwear,440,727,50.00,Idaho,M,Turquoise,Summer,3.4,1,Free Shipping,Yes,Yes,31,Cash,Monthly,2024-08-28
441,20,Male,441,Shirt,Clothing,441,728,89.00,Oklahoma,XL,Maroon,Winter,3.5,1,Store Pickup,Yes,Yes,34,Debit Card,Fortnightly,2024-12-24
442,43,Male,442,Hoodie,Clothing,442,729,81.00,Florida,M,Maroon,Winter,4.2,1,Standard,Yes,Yes,32,Credit Card,Annually,2024-01-17
443,29,Male,443,Sunglasses,Accessories,443,730,69.00,Michigan,M,Olive,Fall,3.5,1,Store Pickup,Yes,Yes,31,Credit Card,Quarterly,2024-11-18
444,22,Male,444,Sunglasses,Accessories,444,731,67.00,Hawaii,M,Magenta,Summer,3.6,1,Free Shipping,Yes,Yes,24,PayPal,Annually,2024-07-26
445,48,Male,445,Dress,Clothing,445,733,20.00,California,M,Red,Summer,4.3,1,Store Pickup,Yes,Yes,31,Debit Card,Annually,2024-08-08
446,42,Male,446,Boots,Footwear,446,734,29.00,Iowa,M,Olive,Fall,4.9,1,Standard,Yes,Yes,18,Venmo,Annually,2024-10-13
447,19,Male,447,Shirt,Clothing,447,735,74.00,West Virginia,M,Silver,Summer,4.1,1,Store Pickup,Yes,Yes,15,Venmo,Monthly,2024-07-08
448,60,Male,448,Shorts,Clothing,448,736,82.00,Washington,S,Turquoise,Spring,3.6,1,Standard,Yes,Yes,7,Bank Transfer,Every 3 Months,2024-05-01
449,32,Male,449,Gloves,Accessories,449,737,23.00,Missouri,M,Yellow,Summer,3.4,1,Next Day Air,Yes,Yes,35,Bank Transfer,Fortnightly,2024-08-13
450,26,Male,450,Jewelry,Accessories,450,739,45.00,New York,L,Peach,Summer,2.9,1,2-Day Shipping,Yes,Yes,35,Bank Transfer,Monthly,2024-07-06
451,25,Male,451,Boots,Footwear,451,740,21.00,Connecticut,L,Beige,Summer,2.7,1,Store Pickup,Yes,Yes,19,Credit Card,Monthly,2024-07-24
452,66,Male,452,Jewelry,Accessories,452,741,31.00,Virginia,M,Pink,Summer,4.3,1,Express,Yes,Yes,26,Credit Card,Fortnightly,2024-08-01
453,45,Male,453,Pants,Clothing,453,742,45.00,Missouri,M,Violet,Summer,3.3,1,Express,Yes,Yes,39,PayPal,Fortnightly,2024-08-06
454,54,Male,454,Jewelry,Accessories,454,743,56.00,Nebraska,XL,Peach,Winter,2.8,1,Next Day Air,Yes,Yes,22,Credit Card,Weekly,2024-02-11
455,37,Male,455,Jacket,Outerwear,455,745,97.00,New Jersey,S,Gold,Summer,3.2,1,Next Day Air,Yes,Yes,14,Cash,Bi-Weekly,2024-08-24
456,54,Male,456,Blouse,Clothing,456,746,100.00,Utah,XL,Gold,Fall,3.6,1,Store Pickup,Yes,Yes,50,Debit Card,Fortnightly,2024-11-28
457,50,Male,457,Blouse,Clothing,457,747,96.00,North Carolina,S,Indigo,Fall,4,1,2-Day Shipping,Yes,Yes,33,Credit Card,Quarterly,2024-10-09
458,25,Male,458,Gloves,Accessories,458,748,99.00,Rhode Island,M,Blue,Spring,4.9,1,Next Day Air,Yes,Yes,48,Debit Card,Every 3 Months,2024-05-27
459,47,Male,459,Shorts,Clothing,459,749,91.00,Arkansas,L,Black,Winter,4,1,2-Day Shipping,Yes,Yes,48,PayPal,Monthly,2024-02-03
460,63,Male,460,Hat,Accessories,460,751,30.00,Maryland,L,Black,Winter,3.8,1,Standard,Yes,Yes,27,PayPal,Fortnightly,2024-02-25
461,64,Male,461,Shoes,Footwear,461,752,65.00,South Carolina,L,Teal,Summer,3.7,1,Store Pickup,Yes,Yes,27,Bank Transfer,Weekly,2024-06-04
462,18,Male,462,Boots,Footwear,462,753,93.00,Ohio,M,Yellow,Winter,3.9,1,Express,Yes,Yes,20,Venmo,Weekly,2024-02-20
463,59,Male,463,Jacket,Outerwear,463,754,81.00,Illinois,M,White,Fall,3.3,1,Express,Yes,Yes,48,Venmo,Every 3 Months,2024-11-21
464,37,Male,464,Jewelry,Accessories,464,755,81.00,Georgia,S,Orange,Summer,2.7,1,Standard,Yes,Yes,29,Venmo,Weekly,2024-07-08
465,23,Male,465,Sunglasses,Accessories,465,757,52.00,Alabama,M,Silver,Winter,4.7,1,Next Day Air,Yes,Yes,45,PayPal,Monthly,2024-02-05
466,54,Male,466,Skirt,Clothing,466,758,88.00,Oklahoma,M,Pink,Summer,2.8,1,Next Day Air,Yes,Yes,25,Cash,Quarterly,2024-07-07
467,38,Male,467,Jeans,Clothing,467,759,24.00,Vermont,L,Turquoise,Winter,4.6,1,Free Shipping,Yes,Yes,25,PayPal,Weekly,2024-02-26
468,19,Male,468,Backpack,Accessories,468,760,51.00,Nebraska,S,Orange,Spring,4.5,1,2-Day Shipping,Yes,Yes,37,Debit Card,Every 3 Months,2024-03-20
469,34,Male,469,Backpack,Accessories,469,761,38.00,Georgia,S,Peach,Fall,5,1,Free Shipping,Yes,Yes,16,Cash,Quarterly,2024-09-15
470,21,Male,470,Shorts,Clothing,470,763,46.00,Alabama,L,Pink,Fall,4.1,1,2-Day Shipping,Yes,Yes,30,Debit Card,Bi-Weekly,2024-09-04
471,50,Male,471,Dress,Clothing,471,764,63.00,Minnesota,L,Teal,Summer,4.6,1,Express,Yes,Yes,6,Cash,Every 3 Months,2024-07-18
472,55,Male,472,Scarf,Accessories,472,765,72.00,Missouri,XL,White,Winter,4.9,1,2-Day Shipping,Yes,Yes,36,Bank Transfer,Quarterly,2024-01-10
473,20,Male,473,Jeans,Clothing,473,766,39.00,Georgia,L,Gray,Winter,3.9,1,Free Shipping,Yes,Yes,3,Bank Transfer,Quarterly,2024-12-09
474,34,Male,474,Coat,Outerwear,474,767,42.00,West Virginia,L,Olive,Spring,3.9,1,Store Pickup,Yes,Yes,29,PayPal,Every 3 Months,2024-04-12
475,62,Male,475,Sweater,Clothing,475,769,76.00,Arkansas,XL,Maroon,Summer,2.6,1,2-Day Shipping,Yes,Yes,15,Cash,Quarterly,2024-06-19
476,21,Male,476,Sneakers,Footwear,476,770,66.00,Ohio,L,Magenta,Summer,2.7,1,Free Shipping,Yes,Yes,18,Debit Card,Annually,2024-07-28
477,21,Male,477,Scarf,Accessories,477,771,90.00,Connecticut,M,Magenta,Spring,3.5,1,Free Shipping,Yes,Yes,2,Debit Card,Fortnightly,2024-04-20
478,42,Male,478,Sweater,Clothing,478,772,56.00,North Dakota,M,Green,Summer,3.7,1,Free Shipping,Yes,Yes,49,Debit Card,Weekly,2024-07-16
479,35,Male,479,Jewelry,Accessories,479,773,43.00,Kansas,XL,Turquoise,Winter,3.2,1,Free Shipping,Yes,Yes,48,Venmo,Annually,2024-02-06
480,39,Male,480,Handbag,Accessories,480,775,84.00,Iowa,L,Yellow,Winter,3.3,1,Store Pickup,Yes,Yes,43,Venmo,Monthly,2024-02-24
481,68,Male,481,Hoodie,Clothing,481,776,88.00,Vermont,M,Gray,Summer,4.8,1,Standard,Yes,Yes,30,Debit Card,Bi-Weekly,2024-06-04
482,46,Male,482,Hat,Accessories,482,777,88.00,Wisconsin,L,Peach,Fall,3.2,1,2-Day Shipping,Yes,Yes,10,PayPal,Fortnightly,2024-09-19
483,41,Male,483,Belt,Accessories,483,778,42.00,Connecticut,M,Yellow,Winter,2.5,1,2-Day Shipping,Yes,Yes,11,Venmo,Annually,2024-01-23
484,23,Male,484,Hoodie,Clothing,484,779,73.00,Oklahoma,M,White,Fall,3.9,1,Store Pickup,Yes,Yes,12,Debit Card,Weekly,2024-11-19
485,68,Male,485,Hat,Accessories,485,781,73.00,Missouri,L,Lavender,Summer,4.7,1,Free Shipping,Yes,Yes,28,Bank Transfer,Quarterly,2024-08-24
486,48,Male,486,Shoes,Footwear,486,782,44.00,Tennessee,S,Blue,Spring,2.6,1,Next Day Air,Yes,Yes,36,Debit Card,Fortnightly,2024-03-14
487,38,Male,487,Sandals,Footwear,487,783,63.00,New Mexico,M,Charcoal,Fall,2.8,1,Store Pickup,Yes,Yes,37,Venmo,Every 3 Months,2024-11-15
488,41,Male,488,Jacket,Outerwear,488,784,68.00,Iowa,L,Red,Winter,4.4,1,Store Pickup,Yes,Yes,22,Credit Card,Quarterly,2024-01-18
489,58,Male,489,Sweater,Clothing,489,785,29.00,Maine,L,Olive,Spring,4.6,1,Standard,Yes,Yes,32,Venmo,Weekly,2024-04-19
490,49,Male,490,Socks,Clothing,490,787,85.00,South Dakota,M,Green,Summer,3.2,1,Standard,Yes,Yes,40,PayPal,Annually,2024-08-13
491,57,Male,491,Sneakers,Footwear,491,788,42.00,Colorado,M,Silver,Winter,4.2,1,2-Day Shipping,Yes,Yes,47,Cash,Monthly,2024-12-22
492,49,Male,492,Coat,Outerwear,492,789,69.00,Vermont,M,Silver,Summer,3.7,1,2-Day Shipping,Yes,Yes,24,Credit Card,Bi-Weekly,2024-08-27
493,50,Male,493,Shirt,Clothing,493,790,62.00,Michigan,M,Black,Fall,3.9,1,Standard,Yes,Yes,11,Debit Card,Weekly,2024-09-11
494,28,Male,494,Backpack,Accessories,494,791,48.00,Nevada,XL,Red,Summer,4.7,1,Store Pickup,Yes,Yes,19,Cash,Bi-Weekly,2024-07-20
495,38,Male,495,Boots,Footwear,495,793,68.00,Indiana,M,Indigo,Winter,4.5,1,Express,Yes,Yes,42,Debit Card,Weekly,2024-01-21
496,33,Male,496,Handbag,Accessories,496,794,36.00,Michigan,XL,Cyan,Fall,3.3,1,Free Shipping,Yes,Yes,6,Debit Card,Fortnightly,2024-11-16
497,30,Male,497,Dress,Clothing,497,795,63.00,California,S,Maroon,Fall,3.3,1,Express,Yes,Yes,31,Venmo,Fortnightly,2024-09-09
498,43,Male,498,Sneakers,Footwear,498,796,39.00,Oklahoma,S,Silver,Winter,4.6,1,Free Shipping,Yes,Yes,31,Cash,Weekly,2024-01-04
499,43,Male,499,Boots,Footwear,499,797,78.00,Iowa,M,Lavender,Spring,3.6,1,Free Shipping,Yes,Yes,27,Bank Transfer,Monthly,2024-03-18
500,36,Male,500,Shoes,Footwear,500,799,99.00,Rhode Island,L,Silver,Winter,4.8,1,Express,Yes,Yes,24,PayPal,Monthly,2024-12-08
501,36,Male,501,T-shirt,Clothing,501,800,31.00,Washington,L,Purple,Fall,4.8,1,Next Day Air,Yes,Yes,35,Venmo,Every 3 Months,2024-09-09
502,64,Male,502,Boots,Footwear,502,801,45.00,Florida,M,Cyan,Spring,2.9,1,Next Day Air,Yes,Yes,21,Venmo,Annually,2024-03-22
503,59,Male,503,Pants,Clothing,503,802,30.00,South Carolina,S,Cyan,Fall,2.8,1,Express,Yes,Yes,8,PayPal,Fortnightly,2024-09-17
504,55,Male,504,Shoes,Footwear,504,803,24.00,West Virginia,M,Lavender,Summer,3.2,1,Next Day Air,Yes,Yes,26,Bank Transfer,Quarterly,2024-08-20
505,42,Male,505,Shoes,Footwear,505,805,22.00,Missouri,M,Maroon,Winter,3.9,1,Free Shipping,Yes,Yes,26,PayPal,Annually,2024-12-13
506,61,Male,506,T-shirt,Clothing,506,806,63.00,Maine,L,Gray,Spring,4.3,1,Express,Yes,Yes,9,Cash,Bi-Weekly,2024-05-20
507,28,Male,507,Scarf,Accessories,507,807,40.00,Georgia,M,Olive,Fall,2.7,1,2-Day Shipping,Yes,Yes,48,Debit Card,Annually,2024-10-15
508,65,Male,508,Shorts,Clothing,508,808,20.00,Maine,M,Magenta,Spring,5,1,Store Pickup,Yes,Yes,33,Debit Card,Fortnightly,2024-03-14
509,27,Male,509,Jewelry,Accessories,509,809,20.00,Illinois,S,Yellow,Winter,3.7,1,Store Pickup,Yes,Yes,31,PayPal,Quarterly,2024-12-05
510,41,Male,510,T-shirt,Clothing,510,811,80.00,Delaware,L,Cyan,Summer,3.9,1,Free Shipping,Yes,Yes,17,Debit Card,Weekly,2024-08-25
511,21,Male,511,Shirt,Clothing,511,812,87.00,West Virginia,M,Teal,Fall,3.9,1,2-Day Shipping,Yes,Yes,22,Venmo,Annually,2024-09-12
512,61,Male,512,Shirt,Clothing,512,813,46.00,Hawaii,L,Yellow,Fall,3.1,1,Free Shipping,Yes,Yes,8,PayPal,Annually,2024-11-05
513,19,Male,513,Gloves,Accessories,513,814,49.00,New York,L,Peach,Winter,3.3,1,Next Day Air,Yes,Yes,2,Bank Transfer,Monthly,2024-12-14
514,22,Male,514,Scarf,Accessories,514,815,65.00,New Mexico,M,Peach,Fall,3.6,1,Store Pickup,Yes,Yes,45,Venmo,Annually,2024-11-06
515,64,Male,515,Skirt,Clothing,515,817,62.00,Indiana,S,Olive,Winter,4.3,1,Standard,Yes,Yes,47,PayPal,Quarterly,2024-02-23
516,28,Male,516,Hat,Accessories,516,818,67.00,Kentucky,L,Charcoal,Spring,4.5,1,Next Day Air,Yes,Yes,7,Cash,Monthly,2024-04-21
517,34,Male,517,Hoodie,Clothing,517,819,41.00,West Virginia,L,Indigo,Fall,2.8,1,2-Day Shipping,Yes,Yes,19,Debit Card,Bi-Weekly,2024-09-15
518,61,Male,518,Boots,Footwear,518,820,49.00,North Dakota,L,Silver,Fall,2.7,1,Free Shipping,Yes,Yes,44,Cash,Every 3 Months,2024-11-20
519,24,Male,519,Blouse,Clothing,519,821,100.00,Oregon,M,Beige,Fall,2.9,1,Next Day Air,Yes,Yes,16,Venmo,Every 3 Months,2024-09-16
520,19,Male,520,Belt,Accessories,520,823,54.00,Minnesota,L,Blue,Summer,4.4,1,2-Day Shipping,Yes,Yes,17,Bank Transfer,Quarterly,2024-07-21
521,51,Male,521,Sunglasses,Accessories,521,824,84.00,South Carolina,M,White,Spring,3.9,1,Free Shipping,Yes,Yes,20,Debit Card,Quarterly,2024-05-08
522,36,Male,522,Shorts,Clothing,522,825,41.00,Vermont,L,Gold,Winter,3.5,1,Standard,Yes,Yes,50,Bank Transfer,Annually,2024-12-01
523,65,Male,523,Gloves,Accessories,523,826,88.00,Minnesota,M,Blue,Spring,2.5,1,Store Pickup,Yes,Yes,37,Cash,Quarterly,2024-05-05
524,46,Male,524,Sandals,Footwear,524,827,40.00,Delaware,M,Orange,Spring,4.9,1,Express,Yes,Yes,5,PayPal,Quarterly,2024-05-11
525,59,Male,525,Shirt,Clothing,525,829,39.00,Pennsylvania,M,Gold,Summer,4.8,1,Free Shipping,Yes,Yes,44,PayPal,Annually,2024-07-09
526,51,Male,526,Coat,Outerwear,526,830,37.00,Iowa,M,Cyan,Spring,3.2,1,Next Day Air,Yes,Yes,41,Debit Card,Monthly,2024-04-19
527,51,Male,527,Pants,Clothing,527,831,52.00,New Jersey,S,Red,Winter,4.9,1,Standard,Yes,Yes,19,Cash,Monthly,2024-02-08
528,21,Male,528,T-shirt,Clothing,528,832,23.00,South Carolina,L,Yellow,Winter,4.3,1,Next Day Air,Yes,Yes,47,Bank Transfer,Every 3 Months,2024-01-11
529,34,Male,529,Sneakers,Footwear,529,833,88.00,Maryland,S,Beige,Winter,3.2,1,Express,Yes,Yes,40,Cash,Annually,2024-12-02
530,32,Male,530,Shorts,Clothing,530,835,84.00,California,M,Orange,Fall,3.7,1,Standard,Yes,Yes,6,Credit Card,Monthly,2024-11-21
531,48,Male,531,Coat,Outerwear,531,836,37.00,Montana,XL,Magenta,Winter,3.2,1,Store Pickup,Yes,Yes,25,Credit Card,Bi-Weekly,2024-12-07
532,50,Male,532,Sandals,Footwear,532,837,51.00,Vermont,L,Purple,Fall,3.4,1,Next Day Air,Yes,Yes,42,Cash,Weekly,2024-10-27
533,26,Male,533,Pants,Clothing,533,838,76.00,Texas,L,Black,Winter,4.1,1,Express,Yes,Yes,35,Bank Transfer,Every 3 Months,2024-01-26
534,57,Male,534,Sandals,Footwear,534,839,60.00,North Carolina,L,Pink,Spring,4.5,1,Next Day Air,Yes,Yes,17,Debit Card,Weekly,2024-04-12
535,65,Male,535,Gloves,Accessories,535,841,72.00,Florida,L,Pink,Fall,4.5,1,Next Day Air,Yes,Yes,4,PayPal,Quarterly,2024-11-08
536,56,Male,536,T-shirt,Clothing,536,842,45.00,West Virginia,L,Maroon,Spring,3.2,1,Free Shipping,Yes,Yes,24,Bank Transfer,Weekly,2024-05-06
537,44,Male,537,Jacket,Outerwear,537,843,84.00,Illinois,S,Maroon,Fall,4.4,1,Store Pickup,Yes,Yes,16,Debit Card,Every 3 Months,2024-10-20
538,50,Male,538,Blouse,Clothing,538,844,49.00,Virginia,S,Turquoise,Summer,3,1,Store Pickup,Yes,Yes,14,Debit Card,Annually,2024-07-01
539,27,Male,539,Socks,Clothing,539,845,22.00,Virginia,XL,Green,Spring,3.2,1,Free Shipping,Yes,Yes,43,Cash,Weekly,2024-03-26
540,49,Male,540,Coat,Outerwear,540,847,48.00,Wyoming,M,Violet,Winter,4,1,Store Pickup,Yes,Yes,49,Debit Card,Weekly,2024-02-07
541,49,Male,541,Dress,Clothing,541,848,37.00,South Carolina,M,Lavender,Spring,3.1,1,Next Day Air,Yes,Yes,33,Cash,Every 3 Months,2024-05-19
542,52,Male,542,Jacket,Outerwear,542,849,27.00,Connecticut,L,Gray,Fall,2.8,1,Next Day Air,Yes,Yes,45,Cash,Bi-Weekly,2024-09-11
543,27,Male,543,Boots,Footwear,543,850,79.00,Illinois,XL,Teal,Spring,4.6,1,Next Day Air,Yes,Yes,35,Cash,Bi-Weekly,2024-05-25
544,53,Male,544,Skirt,Clothing,544,851,98.00,Alabama,S,Red,Spring,4.3,1,Express,Yes,Yes,11,Credit Card,Monthly,2024-04-11
545,34,Male,545,Sandals,Footwear,545,853,64.00,Washington,S,Yellow,Summer,3.3,1,Standard,Yes,Yes,30,Bank Transfer,Every 3 Months,2024-08-02
546,33,Male,546,Coat,Outerwear,546,854,32.00,Alabama,L,Magenta,Summer,3.5,1,2-Day Shipping,Yes,Yes,48,Debit Card,Annually,2024-07-24
547,62,Male,547,Hoodie,Clothing,547,855,74.00,New Mexico,M,Brown,Winter,3.4,1,Free Shipping,Yes,Yes,45,Venmo,Bi-Weekly,2024-02-25
548,38,Male,548,Jacket,Outerwear,548,856,50.00,Nevada,M,Blue,Winter,2.8,1,Free Shipping,Yes,Yes,26,Venmo,Weekly,2024-12-07
549,36,Male,549,Backpack,Accessories,549,857,64.00,Nebraska,M,Black,Winter,4.6,1,Store Pickup,Yes,Yes,41,Debit Card,Every 3 Months,2024-02-28
550,31,Male,550,Backpack,Accessories,550,859,29.00,Arizona,S,Olive,Fall,3.6,1,Express,Yes,Yes,37,Venmo,Bi-Weekly,2024-09-06
551,62,Male,551,Belt,Accessories,551,860,62.00,Georgia,M,Olive,Summer,3.3,1,Store Pickup,Yes,Yes,12,PayPal,Weekly,2024-07-09
552,29,Male,552,Coat,Outerwear,552,861,78.00,Idaho,XL,Green,Fall,3.1,1,2-Day Shipping,Yes,Yes,27,Cash,Bi-Weekly,2024-10-02
553,24,Male,553,T-shirt,Clothing,553,862,94.00,Missouri,M,Peach,Fall,3.5,1,Express,Yes,Yes,18,Bank Transfer,Weekly,2024-11-22
554,63,Male,554,Sunglasses,Accessories,554,863,59.00,Florida,M,White,Winter,3.2,1,Express,Yes,Yes,15,Credit Card,Quarterly,2024-02-17
555,56,Male,555,Sneakers,Footwear,555,865,47.00,Minnesota,M,Red,Summer,3,1,Express,Yes,Yes,34,Bank Transfer,Weekly,2024-08-28
556,63,Male,556,Gloves,Accessories,556,866,57.00,Maine,M,White,Fall,4.8,1,Express,Yes,Yes,37,Venmo,Annually,2024-10-24
557,40,Male,557,Coat,Outerwear,557,867,90.00,Montana,L,Indigo,Winter,5,1,Store Pickup,Yes,Yes,21,Cash,Fortnightly,2024-02-20
558,18,Male,558,Shirt,Clothing,558,868,60.00,Alaska,M,White,Spring,2.9,1,Free Shipping,Yes,Yes,31,Debit Card,Weekly,2024-03-10
559,50,Male,559,Sneakers,Footwear,559,869,77.00,Iowa,L,Teal,Fall,3.2,1,Express,Yes,Yes,43,Debit Card,Every 3 Months,2024-10-12
560,66,Male,560,Scarf,Accessories,560,871,41.00,Arizona,M,Indigo,Fall,2.9,1,Store Pickup,Yes,Yes,22,Bank Transfer,Monthly,2024-10-11
561,25,Male,561,Jewelry,Accessories,561,872,48.00,Louisiana,L,Red,Fall,3.3,1,Free Shipping,Yes,Yes,12,Debit Card,Annually,2024-09-12
562,65,Male,562,Jacket,Outerwear,562,873,65.00,Alabama,M,Blue,Fall,2.6,1,Next Day Air,Yes,Yes,25,PayPal,Fortnightly,2024-09-01
563,53,Male,563,Jeans,Clothing,563,874,62.00,Missouri,M,Blue,Summer,3.5,1,Standard,Yes,Yes,40,Debit Card,Annually,2024-08-21
564,61,Male,564,Shoes,Footwear,564,875,99.00,Idaho,M,Black,Fall,4.4,1,Standard,Yes,Yes,16,Debit Card,Quarterly,2024-09-23
565,67,Male,565,Hoodie,Clothing,565,877,58.00,Florida,M,Olive,Winter,3.4,1,Next Day Air,Yes,Yes,30,Bank Transfer,Weekly,2024-02-23
566,59,Male,566,Backpack,Accessories,566,878,43.00,Idaho,L,Lavender,Fall,4.2,1,Store Pickup,Yes,Yes,10,Venmo,Weekly,2024-09-08
567,55,Male,567,Sneakers,Footwear,567,879,93.00,Alabama,M,Indigo,Spring,3.6,1,Store Pickup,Yes,Yes,1,Debit Card,Fortnightly,2024-05-22
568,21,Male,568,Blouse,Clothing,568,880,50.00,New Hampshire,S,Red,Winter,3,1,Next Day Air,Yes,Yes,24,Venmo,Fortnightly,2024-01-05
569,44,Male,569,Pants,Clothing,569,881,88.00,Utah,L,Red,Summer,4,1,Free Shipping,Yes,Yes,36,PayPal,Monthly,2024-06-19
570,65,Male,570,Skirt,Clothing,570,883,33.00,Alabama,M,Pink,Fall,4.4,1,Express,Yes,Yes,46,Credit Card,Every 3 Months,2024-10-22
571,65,Male,571,T-shirt,Clothing,571,884,99.00,Iowa,XL,Purple,Fall,4.1,1,Standard,Yes,Yes,20,Cash,Annually,2024-10-19
572,54,Male,572,Jacket,Outerwear,572,885,76.00,Kentucky,XL,Cyan,Spring,3.6,1,Free Shipping,Yes,Yes,37,Venmo,Weekly,2024-03-26
573,56,Male,573,Scarf,Accessories,573,886,97.00,South Carolina,XL,Cyan,Summer,4.6,1,Next Day Air,Yes,Yes,26,Bank Transfer,Annually,2024-07-20
574,58,Male,574,Pants,Clothing,574,887,68.00,California,M,Charcoal,Summer,3.2,1,2-Day Shipping,Yes,Yes,23,Credit Card,Bi-Weekly,2024-07-17
575,54,Male,575,Sneakers,Footwear,575,889,79.00,Maine,L,Red,Fall,4.8,1,Free Shipping,Yes,Yes,20,Bank Transfer,Bi-Weekly,2024-10-23
576,58,Male,576,Jeans,Clothing,576,890,86.00,Nebraska,M,Peach,Fall,4.8,1,Express,Yes,Yes,38,PayPal,Monthly,2024-09-13
577,48,Male,577,Hat,Accessories,577,891,68.00,Washington,M,Black,Winter,5,1,2-Day Shipping,Yes,Yes,5,Credit Card,Every 3 Months,2024-01-02
578,19,Male,578,Skirt,Clothing,578,892,52.00,Alabama,M,Black,Fall,3.7,1,Store Pickup,Yes,Yes,41,Venmo,Annually,2024-10-16
579,69,Male,579,Sandals,Footwear,579,893,90.00,Maine,M,Purple,Fall,4.6,1,Next Day Air,Yes,Yes,22,Credit Card,Fortnightly,2024-09-10
580,58,Male,580,Sandals,Footwear,580,895,41.00,California,M,Violet,Winter,3.7,1,Free Shipping,Yes,Yes,48,Credit Card,Annually,2024-02-05
581,49,Male,581,Sweater,Clothing,581,896,80.00,Iowa,M,Orange,Spring,4.1,1,Free Shipping,Yes,Yes,10,PayPal,Weekly,2024-05-13
582,32,Male,582,Sweater,Clothing,582,897,100.00,Iowa,XL,Charcoal,Winter,2.7,1,Store Pickup,Yes,Yes,12,Bank Transfer,Every 3 Months,2024-12-06
583,40,Male,583,Jacket,Outerwear,583,898,77.00,Colorado,L,Turquoise,Spring,4.9,1,Store Pickup,Yes,Yes,2,Bank Transfer,Quarterly,2024-03-05
584,25,Male,584,Shorts,Clothing,584,899,78.00,California,L,Yellow,Spring,4,1,Store Pickup,Yes,Yes,38,PayPal,Monthly,2024-03-17
585,70,Male,585,Socks,Clothing,585,901,94.00,Indiana,M,White,Spring,4.7,1,Free Shipping,Yes,Yes,20,Debit Card,Monthly,2024-04-15
586,69,Male,586,Socks,Clothing,586,902,23.00,South Carolina,M,Gray,Fall,2.8,1,Next Day Air,Yes,Yes,5,Cash,Every 3 Months,2024-10-16
587,45,Male,587,Hoodie,Clothing,587,903,20.00,Wisconsin,S,Blue,Winter,4.9,1,2-Day Shipping,Yes,Yes,9,Venmo,Annually,2024-01-13
588,29,Male,588,Socks,Clothing,588,904,86.00,Washington,S,Maroon,Fall,4.2,1,Express,Yes,Yes,48,Debit Card,Every 3 Months,2024-10-25
589,47,Male,589,Boots,Footwear,589,905,60.00,South Dakota,M,Violet,Fall,3,1,Standard,Yes,Yes,9,Debit Card,Quarterly,2024-11-13
590,28,Male,590,Shirt,Clothing,590,907,70.00,Minnesota,M,Orange,Fall,3.4,1,2-Day Shipping,Yes,Yes,40,PayPal,Annually,2024-11-12
591,64,Male,591,Belt,Accessories,591,908,39.00,Alaska,S,Turquoise,Fall,4.6,1,Standard,Yes,Yes,30,Venmo,Fortnightly,2024-11-22
592,47,Male,592,Backpack,Accessories,592,909,37.00,Kentucky,L,Olive,Fall,4.2,1,Store Pickup,Yes,Yes,6,Debit Card,Bi-Weekly,2024-11-05
593,60,Male,593,Boots,Footwear,593,910,29.00,North Dakota,M,Brown,Fall,3.2,1,Free Shipping,Yes,Yes,42,Venmo,Every 3 Months,2024-11-04
594,67,Male,594,Coat,Outerwear,594,911,35.00,Alaska,S,Green,Winter,4.4,1,Store Pickup,Yes,Yes,9,PayPal,Every 3 Months,2024-01-28
595,35,Male,595,Hoodie,Clothing,595,913,83.00,Oklahoma,S,Brown,Winter,2.5,1,Next Day Air,Yes,Yes,6,Debit Card,Monthly,2024-01-16
596,30,Male,596,Shoes,Footwear,596,914,77.00,Delaware,M,Silver,Summer,3.6,1,Next Day Air,Yes,Yes,47,PayPal,Quarterly,2024-08-06
597,23,Male,597,Shoes,Footwear,597,915,37.00,Montana,XL,White,Summer,4.5,1,Store Pickup,Yes,Yes,36,Venmo,Annually,2024-07-24
598,70,Male,598,Jewelry,Accessories,598,916,69.00,Alaska,L,Gold,Summer,3.4,1,Standard,Yes,Yes,19,Bank Transfer,Fortnightly,2024-07-20
599,21,Male,599,Dress,Clothing,599,917,66.00,California,L,Green,Winter,3.2,1,2-Day Shipping,Yes,Yes,30,Cash,Every 3 Months,2024-12-06
600,51,Male,600,Boots,Footwear,600,919,26.00,Massachusetts,L,Teal,Spring,4.2,1,Standard,Yes,Yes,27,Debit Card,Every 3 Months,2024-04-14
601,22,Male,601,Hat,Accessories,601,920,63.00,South Carolina,M,Charcoal,Spring,5,1,2-Day Shipping,Yes,Yes,25,Venmo,Monthly,2024-03-07
602,32,Male,602,Backpack,Accessories,602,921,38.00,West Virginia,M,Maroon,Summer,4.7,1,Store Pickup,Yes,Yes,5,Cash,Fortnightly,2024-06-01
603,37,Male,603,Shoes,Footwear,603,922,58.00,Oregon,L,Lavender,Summer,4.2,1,Next Day Air,Yes,Yes,10,Cash,Every 3 Months,2024-06-12
604,31,Male,604,Handbag,Accessories,604,923,46.00,Massachusetts,L,Green,Winter,3.4,1,2-Day Shipping,Yes,Yes,26,PayPal,Every 3 Months,2024-02-17
605,44,Male,605,Sunglasses,Accessories,605,925,92.00,West Virginia,S,Pink,Fall,4.4,1,Store Pickup,Yes,Yes,11,Credit Card,Every 3 Months,2024-09-06
606,40,Male,606,Hat,Accessories,606,926,32.00,California,XL,Charcoal,Winter,4.2,1,Standard,Yes,Yes,17,Bank Transfer,Weekly,2024-12-01
607,27,Male,607,Scarf,Accessories,607,927,90.00,Colorado,M,Blue,Spring,4.5,1,Standard,Yes,Yes,44,PayPal,Monthly,2024-04-26
608,47,Male,608,Hoodie,Clothing,608,928,23.00,Indiana,L,Purple,Fall,2.8,1,Next Day Air,Yes,Yes,44,Cash,Monthly,2024-11-05
609,41,Male,609,Backpack,Accessories,609,929,25.00,Delaware,S,Gold,Fall,3.3,1,Next Day Air,Yes,Yes,21,Venmo,Every 3 Months,2024-09-06
610,51,Male,610,Sweater,Clothing,610,931,54.00,Ohio,L,Purple,Fall,4.6,1,Next Day Air,Yes,Yes,49,Credit Card,Fortnightly,2024-09-09
611,53,Male,611,Shorts,Clothing,611,932,72.00,Oklahoma,M,Charcoal,Summer,2.5,1,Free Shipping,Yes,Yes,27,Bank Transfer,Every 3 Months,2024-08-26
612,43,Male,612,Scarf,Accessories,612,933,33.00,California,M,Black,Winter,4.7,1,Store Pickup,Yes,Yes,19,Cash,Monthly,2024-01-22
613,67,Male,613,Hat,Accessories,613,934,43.00,New Hampshire,L,Lavender,Fall,4.6,1,Express,Yes,Yes,33,Credit Card,Quarterly,2024-10-05
614,61,Male,614,Coat,Outerwear,614,935,51.00,Pennsylvania,L,Lavender,Fall,2.6,1,Standard,Yes,Yes,46,Cash,Bi-Weekly,2024-11-15
615,68,Male,615,Jewelry,Accessories,615,937,85.00,Idaho,M,Lavender,Winter,4,1,Standard,Yes,Yes,21,Credit Card,Bi-Weekly,2024-12-19
616,67,Male,616,Sandals,Footwear,616,938,100.00,Maryland,L,Olive,Summer,2.6,1,Next Day Air,Yes,Yes,23,Venmo,Annually,2024-08-05
617,29,Male,617,Gloves,Accessories,617,939,72.00,Pennsylvania,L,Teal,Spring,4.6,1,Free Shipping,Yes,Yes,38,Credit Card,Every 3 Months,2024-05-21
618,50,Male,618,Backpack,Accessories,618,940,57.00,Colorado,M,Maroon,Fall,2.6,1,Standard,Yes,Yes,2,Bank Transfer,Quarterly,2024-09-11
619,61,Male,619,Jacket,Outerwear,619,941,94.00,Indiana,L,Cyan,Spring,4,1,Express,Yes,Yes,21,Debit Card,Bi-Weekly,2024-04-19
620,19,Male,620,Backpack,Accessories,620,943,34.00,Nebraska,M,Charcoal,Summer,4.6,1,Store Pickup,Yes,Yes,1,Debit Card,Every 3 Months,2024-08-20
621,33,Male,621,Backpack,Accessories,621,944,89.00,Rhode Island,M,Black,Fall,3.7,1,2-Day Shipping,Yes,Yes,10,Venmo,Every 3 Months,2024-10-03
622,51,Male,622,Sunglasses,Accessories,622,945,27.00,Kansas,S,Red,Fall,4.4,1,Store Pickup,Yes,Yes,45,Credit Card,Weekly,2024-09-27
623,69,Male,623,Socks,Clothing,623,946,63.00,Georgia,S,Peach,Spring,4,1,Next Day Air,Yes,Yes,44,Bank Transfer,Fortnightly,2024-05-10
624,19,Male,624,Shoes,Footwear,624,947,70.00,Nevada,M,White,Fall,4.7,1,Standard,Yes,Yes,48,PayPal,Bi-Weekly,2024-09-25
625,55,Male,625,Pants,Clothing,625,949,87.00,South Carolina,XL,Pink,Fall,3.4,1,Express,Yes,Yes,21,PayPal,Annually,2024-11-26
626,49,Male,626,Jewelry,Accessories,626,950,79.00,Delaware,M,Red,Fall,4,1,Next Day Air,Yes,Yes,1,Venmo,Weekly,2024-11-18
627,31,Male,627,Sunglasses,Accessories,627,951,79.00,New Hampshire,M,Indigo,Spring,3.9,1,Standard,Yes,Yes,10,Venmo,Annually,2024-03-14
628,42,Male,628,Sandals,Footwear,628,952,44.00,Oregon,L,Black,Winter,4.1,1,Express,Yes,Yes,24,PayPal,Monthly,2024-02-09
629,69,Male,629,Sweater,Clothing,629,953,85.00,Massachusetts,M,White,Fall,3.7,1,2-Day Shipping,Yes,Yes,29,Credit Card,Monthly,2024-11-15
630,26,Male,630,Shoes,Footwear,630,955,90.00,Vermont,L,Beige,Spring,4.7,1,Standard,Yes,Yes,11,Debit Card,Annually,2024-04-17
631,41,Male,631,Jewelry,Accessories,631,956,94.00,Mississippi,S,Silver,Fall,4.3,1,2-Day Shipping,Yes,Yes,33,Debit Card,Annually,2024-10-06
632,55,Male,632,Boots,Footwear,632,957,68.00,Washington,S,Violet,Summer,4.1,1,Store Pickup,Yes,Yes,27,Cash,Fortnightly,2024-06-18
633,35,Male,633,Backpack,Accessories,633,958,51.00,Wyoming,M,Red,Winter,3.9,1,Next Day Air,Yes,Yes,19,Venmo,Fortnightly,2024-02-14
634,66,Male,634,Sandals,Footwear,634,959,33.00,Minnesota,M,Orange,Spring,2.9,1,Express,Yes,Yes,50,Debit Card,Quarterly,2024-05-25
635,36,Male,635,Sneakers,Footwear,635,961,60.00,Ohio,M,Teal,Summer,3.9,1,Standard,Yes,Yes,46,PayPal,Weekly,2024-06-02
636,27,Male,636,Hoodie,Clothing,636,962,59.00,South Carolina,M,Brown,Fall,4.3,1,2-Day Shipping,Yes,Yes,28,Cash,Quarterly,2024-09-10
637,41,Male,637,Handbag,Accessories,637,963,30.00,Wisconsin,M,Indigo,Summer,2.8,1,Store Pickup,Yes,Yes,14,Bank Transfer,Every 3 Months,2024-07-25
638,21,Male,638,Sweater,Clothing,638,964,20.00,Tennessee,M,Cyan,Winter,3.4,1,2-Day Shipping,Yes,Yes,46,Cash,Fortnightly,2024-02-13
639,53,Male,639,Sandals,Footwear,639,965,20.00,Maryland,S,Blue,Summer,2.7,1,Express,Yes,Yes,41,PayPal,Monthly,2024-08-06
640,54,Male,640,Dress,Clothing,640,967,24.00,Mississippi,L,Olive,Spring,4,1,2-Day Shipping,Yes,Yes,50,Credit Card,Annually,2024-05-25
641,53,Male,641,Skirt,Clothing,641,968,88.00,Minnesota,M,Gray,Summer,4.4,1,Store Pickup,Yes,Yes,28,Debit Card,Fortnightly,2024-07-03
642,47,Male,642,Blouse,Clothing,642,969,78.00,Alaska,M,Red,Winter,3.9,1,2-Day Shipping,Yes,Yes,23,Credit Card,Every 3 Months,2024-01-23
643,64,Male,643,Skirt,Clothing,643,970,25.00,Arkansas,L,Red,Spring,2.8,1,2-Day Shipping,Yes,Yes,14,Debit Card,Bi-Weekly,2024-05-25
644,18,Male,644,Sweater,Clothing,644,971,57.00,Oregon,XL,Green,Winter,3.2,1,Next Day Air,Yes,Yes,10,Bank Transfer,Every 3 Months,2024-02-11
645,68,Male,645,Backpack,Accessories,645,973,93.00,Louisiana,S,Blue,Summer,4.3,1,Next Day Air,Yes,Yes,37,Cash,Weekly,2024-07-05
646,62,Male,646,Hoodie,Clothing,646,974,42.00,Oklahoma,S,Purple,Summer,4.2,1,Express,Yes,Yes,15,Venmo,Bi-Weekly,2024-07-01
647,51,Male,647,Boots,Footwear,647,975,54.00,Indiana,XL,Pink,Spring,4.9,1,Standard,Yes,Yes,19,Venmo,Bi-Weekly,2024-05-15
648,54,Male,648,Blouse,Clothing,648,976,70.00,Mississippi,XL,Charcoal,Summer,3.7,1,Express,Yes,Yes,23,Credit Card,Fortnightly,2024-06-19
649,22,Male,649,Hoodie,Clothing,649,977,31.00,Michigan,M,Brown,Winter,4.1,1,Store Pickup,Yes,Yes,35,Credit Card,Weekly,2024-01-22
650,53,Male,650,Pants,Clothing,650,979,93.00,Delaware,L,Orange,Spring,4.2,1,Store Pickup,Yes,Yes,33,PayPal,Every 3 Months,2024-05-27
651,34,Male,651,Gloves,Accessories,651,980,40.00,Florida,M,Magenta,Spring,3.9,1,Next Day Air,Yes,Yes,12,Bank Transfer,Annually,2024-04-25
652,32,Male,652,Hat,Accessories,652,981,32.00,Arkansas,L,Yellow,Summer,2.9,1,Next Day Air,Yes,Yes,41,Venmo,Fortnightly,2024-07-24
653,64,Male,653,Sunglasses,Accessories,653,982,27.00,Minnesota,M,Beige,Winter,3.1,1,Free Shipping,Yes,Yes,27,Venmo,Weekly,2024-01-13
654,20,Male,654,Scarf,Accessories,654,983,68.00,North Dakota,M,Olive,Winter,3.6,1,2-Day Shipping,Yes,Yes,45,Cash,Fortnightly,2024-02-04
655,24,Male,655,Handbag,Accessories,655,985,59.00,California,L,Gray,Summer,4.4,1,2-Day Shipping,Yes,Yes,23,Venmo,Annually,2024-08-28
656,20,Male,656,Handbag,Accessories,656,986,36.00,Mississippi,S,Purple,Fall,3.1,1,Free Shipping,Yes,Yes,19,Venmo,Monthly,2024-11-14
657,42,Male,657,Jeans,Clothing,657,987,23.00,Pennsylvania,M,Beige,Summer,3.9,1,Standard,Yes,Yes,6,PayPal,Quarterly,2024-07-19
658,48,Male,658,Jacket,Outerwear,658,988,80.00,Arizona,M,White,Winter,4.3,1,Free Shipping,Yes,Yes,6,PayPal,Quarterly,2024-01-28
659,62,Male,659,Backpack,Accessories,659,989,37.00,Louisiana,S,White,Fall,4.9,1,Store Pickup,Yes,Yes,20,Venmo,Weekly,2024-10-17
660,62,Male,660,Shorts,Clothing,660,991,52.00,Virginia,S,Gold,Spring,3.6,1,2-Day Shipping,Yes,Yes,8,Cash,Weekly,2024-03-16
661,50,Male,661,Coat,Outerwear,661,992,79.00,Montana,M,Olive,Fall,5,1,2-Day Shipping,Yes,Yes,39,Credit Card,Quarterly,2024-11-07
662,57,Male,662,Shirt,Clothing,662,993,68.00,Iowa,XL,Green,Fall,4.1,1,Store Pickup,Yes,Yes,39,Credit Card,Quarterly,2024-10-13
663,24,Male,663,Gloves,Accessories,663,994,98.00,Illinois,L,Magenta,Fall,2.8,1,Express,Yes,Yes,39,Venmo,Bi-Weekly,2024-10-23
664,59,Male,664,Dress,Clothing,664,995,83.00,Alaska,M,Charcoal,Fall,4.7,1,Express,Yes,Yes,23,Credit Card,Monthly,2024-11-03
665,63,Male,665,Pants,Clothing,665,997,83.00,Colorado,M,Indigo,Winter,4.4,1,Express,Yes,Yes,41,PayPal,Bi-Weekly,2024-02-21
666,41,Male,666,Pants,Clothing,666,998,55.00,New Mexico,M,Peach,Spring,4.9,1,2-Day Shipping,Yes,Yes,50,Credit Card,Annually,2024-03-01
667,35,Male,667,Hoodie,Clothing,667,999,26.00,Colorado,L,Turquoise,Winter,3.1,1,Free Shipping,Yes,Yes,30,Debit Card,Quarterly,2024-12-21
668,34,Male,668,Sunglasses,Accessories,668,1000,76.00,Arizona,S,Blue,Winter,2.6,1,Standard,Yes,Yes,32,Bank Transfer,Quarterly,2024-12-12
669,49,Male,669,T-shirt,Clothing,669,1001,85.00,Hawaii,S,Turquoise,Fall,2.9,1,Express,Yes,Yes,35,Bank Transfer,Monthly,2024-11-21
670,43,Male,670,Jacket,Outerwear,670,1003,89.00,Illinois,M,Gray,Spring,3.3,1,Free Shipping,Yes,Yes,45,Venmo,Bi-Weekly,2024-05-21
671,63,Male,671,Sweater,Clothing,671,1004,41.00,Louisiana,XL,Purple,Spring,4.8,1,Next Day Air,Yes,Yes,37,Cash,Bi-Weekly,2024-05-07
672,38,Male,672,Jacket,Outerwear,672,1005,30.00,Iowa,L,Black,Winter,4.7,1,Express,Yes,Yes,45,Cash,Weekly,2024-12-10
673,59,Male,673,Socks,Clothing,673,1006,53.00,Washington,M,Peach,Winter,3.3,1,2-Day Shipping,Yes,Yes,29,Cash,Quarterly,2024-12-03
674,35,Male,674,Shirt,Clothing,674,1007,66.00,Oklahoma,M,Indigo,Spring,4.2,1,Free Shipping,Yes,Yes,27,Venmo,Bi-Weekly,2024-05-27
675,48,Male,675,Jewelry,Accessories,675,1009,33.00,Washington,XL,Beige,Winter,4.7,1,Store Pickup,Yes,Yes,36,Bank Transfer,Annually,2024-02-17
676,64,Male,676,Sunglasses,Accessories,676,1010,86.00,Arkansas,M,Yellow,Spring,2.6,1,2-Day Shipping,Yes,Yes,9,Cash,Annually,2024-05-09
677,28,Male,677,Pants,Clothing,677,1011,60.00,Connecticut,M,Peach,Winter,2.9,1,2-Day Shipping,Yes,Yes,38,Venmo,Bi-Weekly,2024-12-14
678,60,Male,678,Socks,Clothing,678,1012,62.00,Washington,S,Turquoise,Summer,2.7,1,Express,Yes,Yes,41,PayPal,Annually,2024-07-16
679,27,Male,679,Blouse,Clothing,679,1013,74.00,Maine,M,Teal,Fall,3.3,1,Store Pickup,Yes,Yes,25,Debit Card,Every 3 Months,2024-11-02
680,56,Male,680,Sandals,Footwear,680,1015,95.00,Michigan,M,Turquoise,Fall,3.4,1,Express,Yes,Yes,37,Venmo,Fortnightly,2024-11-07
681,58,Male,681,Sneakers,Footwear,681,1016,25.00,Tennessee,M,Magenta,Spring,4.2,1,Express,Yes,Yes,3,PayPal,Annually,2024-05-08
682,30,Male,682,Shirt,Clothing,682,1017,59.00,Louisiana,XL,Purple,Winter,3.8,1,2-Day Shipping,Yes,Yes,24,Credit Card,Every 3 Months,2024-02-22
683,23,Male,683,Jacket,Outerwear,683,1018,29.00,Missouri,M,Brown,Summer,4,1,Standard,Yes,Yes,49,Credit Card,Bi-Weekly,2024-06-10
684,33,Male,684,Sandals,Footwear,684,1019,36.00,Michigan,S,Violet,Winter,2.7,1,Free Shipping,Yes,Yes,3,Bank Transfer,Monthly,2024-01-04
685,63,Male,685,Hat,Accessories,685,1021,82.00,Alabama,M,Yellow,Summer,4.7,1,Express,Yes,Yes,42,Debit Card,Monthly,2024-08-13
686,70,Male,686,Blouse,Clothing,686,1022,71.00,Massachusetts,XL,Magenta,Winter,3.5,1,Standard,Yes,Yes,32,Cash,Fortnightly,2024-12-16
687,70,Male,687,Sweater,Clothing,687,1023,35.00,Indiana,L,Beige,Fall,3,1,2-Day Shipping,Yes,Yes,33,Venmo,Fortnightly,2024-09-22
688,19,Male,688,Gloves,Accessories,688,1024,38.00,West Virginia,XL,Turquoise,Winter,3.3,1,Free Shipping,Yes,Yes,46,Bank Transfer,Quarterly,2024-12-08
689,25,Male,689,Scarf,Accessories,689,1025,59.00,Michigan,S,Peach,Summer,4.7,1,Store Pickup,Yes,Yes,44,Venmo,Monthly,2024-06-23
690,19,Male,690,Hoodie,Clothing,690,1027,91.00,Pennsylvania,M,Orange,Summer,4.7,1,Express,Yes,Yes,35,Credit Card,Every 3 Months,2024-07-28
691,25,Male,691,Shorts,Clothing,691,1028,68.00,Alaska,XL,Red,Spring,4.8,1,Standard,Yes,Yes,45,Bank Transfer,Weekly,2024-05-23
692,60,Male,692,Backpack,Accessories,692,1029,21.00,Massachusetts,L,Silver,Summer,2.9,1,Standard,Yes,Yes,37,PayPal,Bi-Weekly,2024-08-02
693,35,Male,693,Sunglasses,Accessories,693,1030,95.00,North Dakota,M,Cyan,Spring,4,1,2-Day Shipping,Yes,Yes,40,Debit Card,Every 3 Months,2024-04-21
694,46,Male,694,Shorts,Clothing,694,1031,52.00,Vermont,L,Turquoise,Spring,3.1,1,Free Shipping,Yes,Yes,30,Cash,Every 3 Months,2024-03-12
695,41,Male,695,Dress,Clothing,695,1033,21.00,Kentucky,S,Charcoal,Fall,3.5,1,2-Day Shipping,Yes,Yes,38,Venmo,Every 3 Months,2024-09-23
696,30,Male,696,Shorts,Clothing,696,1034,67.00,Nevada,XL,Peach,Summer,3.7,1,Next Day Air,Yes,Yes,15,Debit Card,Every 3 Months,2024-06-10
697,44,Male,697,Belt,Accessories,697,1035,42.00,Utah,L,Green,Fall,2.8,1,Standard,Yes,Yes,49,Cash,Monthly,2024-11-24
698,61,Male,698,Scarf,Accessories,698,1036,63.00,North Dakota,XL,Brown,Summer,4.6,1,Free Shipping,Yes,Yes,40,Debit Card,Quarterly,2024-08-18
699,55,Male,699,Boots,Footwear,699,1037,41.00,Iowa,M,Yellow,Winter,3.8,1,Standard,Yes,Yes,40,Debit Card,Weekly,2024-01-09
700,50,Male,700,Handbag,Accessories,700,1039,46.00,Connecticut,M,Charcoal,Fall,2.6,1,2-Day Shipping,Yes,Yes,5,PayPal,Weekly,2024-10-21
701,57,Male,701,Pants,Clothing,701,1040,79.00,Wisconsin,L,Olive,Winter,4.1,1,Standard,Yes,Yes,5,PayPal,Monthly,2024-02-22
702,51,Male,702,Boots,Footwear,702,1041,90.00,Idaho,L,Red,Fall,3.3,1,Next Day Air,Yes,Yes,5,Debit Card,Every 3 Months,2024-09-16
703,18,Male,703,Shirt,Clothing,703,1042,71.00,Montana,M,White,Winter,3.4,1,Store Pickup,Yes,Yes,1,Cash,Weekly,2024-01-04
704,63,Male,704,Dress,Clothing,704,1043,87.00,Connecticut,L,Pink,Summer,3,1,Standard,Yes,Yes,21,Venmo,Weekly,2024-07-25
705,34,Male,705,Hoodie,Clothing,705,1045,66.00,Idaho,S,Black,Spring,3.2,1,Express,Yes,Yes,18,PayPal,Annually,2024-05-27
706,25,Male,706,Pants,Clothing,706,1046,90.00,Arkansas,XL,Indigo,Summer,4.5,1,Free Shipping,Yes,Yes,49,Cash,Quarterly,2024-08-01
707,46,Male,707,Jeans,Clothing,707,1047,47.00,Iowa,L,Turquoise,Summer,4.8,1,Express,Yes,Yes,27,Debit Card,Weekly,2024-06-08
708,59,Male,708,Shirt,Clothing,708,1048,38.00,Louisiana,L,Purple,Spring,3.7,1,Next Day Air,Yes,Yes,21,Venmo,Annually,2024-03-28
709,37,Male,709,Backpack,Accessories,709,1049,50.00,Kentucky,L,Beige,Summer,3.4,1,Store Pickup,Yes,Yes,19,Cash,Fortnightly,2024-06-28
710,49,Male,710,Jacket,Outerwear,710,1051,79.00,Massachusetts,L,Charcoal,Summer,4.6,1,Standard,Yes,Yes,23,Debit Card,Monthly,2024-07-15
711,22,Male,711,Scarf,Accessories,711,1052,91.00,Virginia,L,Turquoise,Spring,4.1,1,Standard,Yes,Yes,26,PayPal,Fortnightly,2024-05-11
712,64,Male,712,Boots,Footwear,712,1053,60.00,New Hampshire,M,Maroon,Spring,3.5,1,2-Day Shipping,Yes,Yes,13,Bank Transfer,Bi-Weekly,2024-03-20
713,42,Male,713,Blouse,Clothing,713,1054,81.00,New Hampshire,XL,Black,Summer,3.8,1,Next Day Air,Yes,Yes,36,Bank Transfer,Quarterly,2024-06-19
714,37,Male,714,Hoodie,Clothing,714,1055,90.00,Oregon,M,Lavender,Summer,2.6,1,Express,Yes,Yes,39,Bank Transfer,Bi-Weekly,2024-08-19
715,26,Male,715,Jacket,Outerwear,715,1057,70.00,South Dakota,M,Magenta,Fall,4.4,1,Store Pickup,Yes,Yes,40,Debit Card,Fortnightly,2024-09-27
716,33,Male,716,Jeans,Clothing,716,1058,63.00,Delaware,L,Green,Spring,2.6,1,Express,Yes,Yes,37,Debit Card,Quarterly,2024-05-04
717,30,Male,717,Jewelry,Accessories,717,1059,29.00,Missouri,M,Olive,Spring,3.6,1,Express,Yes,Yes,9,Venmo,Bi-Weekly,2024-04-01
718,21,Male,718,Socks,Clothing,718,1060,90.00,Alaska,L,Green,Spring,4.2,1,Express,Yes,Yes,7,Venmo,Every 3 Months,2024-04-24
719,22,Male,719,Shirt,Clothing,719,1061,22.00,Florida,M,Peach,Summer,4.6,1,Standard,Yes,Yes,25,Bank Transfer,Annually,2024-07-21
720,63,Male,720,Shorts,Clothing,720,1063,22.00,Mississippi,L,Turquoise,Summer,3.3,1,Next Day Air,Yes,Yes,42,Venmo,Bi-Weekly,2024-06-07
721,33,Male,721,Jewelry,Accessories,721,1064,62.00,New Mexico,L,Orange,Fall,3.4,1,Free Shipping,Yes,Yes,19,Debit Card,Weekly,2024-10-10
722,43,Male,722,Blouse,Clothing,722,1065,57.00,California,L,Silver,Summer,4.4,1,Next Day Air,Yes,Yes,41,Debit Card,Every 3 Months,2024-07-03
723,27,Male,723,Sweater,Clothing,723,1066,32.00,Wyoming,S,Blue,Summer,4.3,1,Store Pickup,Yes,Yes,50,Cash,Bi-Weekly,2024-08-10
724,35,Male,724,Jewelry,Accessories,724,1067,53.00,Missouri,L,Cyan,Fall,3.5,1,Express,Yes,Yes,43,PayPal,Monthly,2024-10-19
725,37,Male,725,T-shirt,Clothing,725,1069,79.00,New Hampshire,XL,Green,Fall,4.7,1,Store Pickup,Yes,Yes,36,Venmo,Every 3 Months,2024-11-24
726,61,Male,726,Hat,Accessories,726,1070,61.00,Texas,L,Silver,Winter,3.1,1,Standard,Yes,Yes,33,Debit Card,Fortnightly,2024-12-28
727,32,Male,727,Shorts,Clothing,727,1071,78.00,North Dakota,L,Yellow,Summer,3.6,1,Next Day Air,Yes,Yes,20,Bank Transfer,Every 3 Months,2024-07-19
728,62,Male,728,Sweater,Clothing,728,1072,97.00,Arkansas,S,Gray,Winter,4.8,1,Next Day Air,Yes,Yes,37,Venmo,Every 3 Months,2024-02-02
729,29,Male,729,Jeans,Clothing,729,1073,78.00,Nebraska,M,Pink,Winter,3.7,1,Next Day Air,Yes,Yes,12,PayPal,Every 3 Months,2024-02-27
730,41,Male,730,Sunglasses,Accessories,730,1075,56.00,Minnesota,L,Beige,Summer,3.2,1,Express,Yes,Yes,46,PayPal,Every 3 Months,2024-08-09
731,48,Male,731,Boots,Footwear,731,1076,25.00,Massachusetts,M,Indigo,Summer,3.9,1,Standard,Yes,Yes,28,Venmo,Fortnightly,2024-06-09
732,43,Male,732,Coat,Outerwear,732,1077,28.00,Arkansas,M,Red,Spring,3.5,1,Free Shipping,Yes,Yes,30,PayPal,Fortnightly,2024-03-09
733,34,Male,733,Shirt,Clothing,733,1078,57.00,New Hampshire,L,Blue,Spring,2.8,1,Express,Yes,Yes,28,Cash,Bi-Weekly,2024-04-16
734,45,Male,734,Dress,Clothing,734,1079,36.00,Rhode Island,L,Cyan,Fall,2.7,1,2-Day Shipping,Yes,Yes,20,Debit Card,Bi-Weekly,2024-11-26
735,65,Male,735,Shirt,Clothing,735,1081,69.00,New Jersey,S,Violet,Winter,3.1,1,Express,Yes,Yes,39,Bank Transfer,Every 3 Months,2024-01-21
736,61,Male,736,Sunglasses,Accessories,736,1082,48.00,Montana,M,Orange,Fall,3.6,1,2-Day Shipping,Yes,Yes,48,Cash,Bi-Weekly,2024-10-21
737,18,Male,737,Dress,Clothing,737,1083,58.00,Colorado,L,Maroon,Spring,2.9,1,2-Day Shipping,Yes,Yes,32,Credit Card,Every 3 Months,2024-03-03
738,47,Male,738,Sunglasses,Accessories,738,1084,24.00,Nebraska,M,Teal,Spring,3.6,1,Store Pickup,Yes,Yes,28,PayPal,Annually,2024-03-11
739,56,Male,739,Sunglasses,Accessories,739,1085,31.00,Minnesota,L,Orange,Winter,3.5,1,2-Day Shipping,Yes,Yes,27,Venmo,Quarterly,2024-01-26
740,64,Male,740,Shorts,Clothing,740,1087,29.00,Minnesota,S,Purple,Summer,3.5,1,Free Shipping,Yes,Yes,26,Venmo,Bi-Weekly,2024-06-02
741,26,Male,741,Jeans,Clothing,741,1088,69.00,South Dakota,M,Orange,Summer,2.8,1,Next Day Air,Yes,Yes,22,Credit Card,Fortnightly,2024-07-13
742,22,Male,742,T-shirt,Clothing,742,1089,79.00,West Virginia,XL,Yellow,Summer,4.7,1,Free Shipping,Yes,Yes,23,Bank Transfer,Every 3 Months,2024-07-22
743,64,Male,743,Pants,Clothing,743,1090,39.00,Nevada,M,Charcoal,Summer,3.1,1,Express,Yes,Yes,21,Debit Card,Quarterly,2024-06-03
744,21,Male,744,Sunglasses,Accessories,744,1091,84.00,North Carolina,L,Gray,Fall,4.9,1,Free Shipping,Yes,Yes,36,Cash,Weekly,2024-09-15
745,67,Male,745,Boots,Footwear,745,1093,66.00,Illinois,S,Charcoal,Spring,4.1,1,Next Day Air,Yes,Yes,42,Debit Card,Bi-Weekly,2024-03-13
746,46,Male,746,T-shirt,Clothing,746,1094,92.00,Michigan,L,Orange,Fall,4.7,1,Standard,Yes,Yes,4,Venmo,Monthly,2024-11-22
747,40,Male,747,Sandals,Footwear,747,1095,45.00,Michigan,M,Red,Winter,2.5,1,Free Shipping,Yes,Yes,47,Credit Card,Annually,2024-02-01
748,51,Male,748,Shorts,Clothing,748,1096,74.00,Oklahoma,L,Gold,Spring,4.4,1,Next Day Air,Yes,Yes,13,Bank Transfer,Weekly,2024-05-08
749,35,Male,749,Hat,Accessories,749,1097,39.00,South Dakota,L,Brown,Fall,3.9,1,Free Shipping,Yes,Yes,8,Bank Transfer,Quarterly,2024-11-15
750,56,Male,750,Scarf,Accessories,750,1099,71.00,Oklahoma,M,Olive,Winter,3.7,1,Standard,Yes,Yes,11,Debit Card,Quarterly,2024-01-14
751,25,Male,751,T-shirt,Clothing,751,1100,95.00,Maryland,L,Violet,Fall,3.4,1,Free Shipping,Yes,Yes,5,Venmo,Annually,2024-10-26
752,65,Male,752,Gloves,Accessories,752,1101,72.00,Ohio,L,Indigo,Fall,4.8,1,Free Shipping,Yes,Yes,1,Credit Card,Monthly,2024-09-05
753,39,Male,753,Scarf,Accessories,753,1102,85.00,Ohio,L,Yellow,Fall,4.2,1,2-Day Shipping,Yes,Yes,17,PayPal,Every 3 Months,2024-10-20
754,47,Male,754,Boots,Footwear,754,1103,54.00,Massachusetts,M,Teal,Fall,3.4,1,Store Pickup,Yes,Yes,27,Venmo,Quarterly,2024-09-12
755,36,Male,755,Gloves,Accessories,755,1105,41.00,North Carolina,L,Pink,Spring,2.9,1,Store Pickup,Yes,Yes,3,Debit Card,Quarterly,2024-03-05
756,66,Male,756,Coat,Outerwear,756,1106,24.00,Florida,M,Violet,Spring,3.3,1,Free Shipping,Yes,Yes,22,PayPal,Weekly,2024-04-26
757,62,Male,757,Belt,Accessories,757,1107,99.00,Montana,S,Orange,Summer,4.8,1,Standard,Yes,Yes,24,Cash,Fortnightly,2024-06-07
758,41,Male,758,Hoodie,Clothing,758,1108,32.00,Minnesota,M,Red,Fall,3.8,1,Store Pickup,Yes,Yes,18,Debit Card,Quarterly,2024-10-28
759,66,Male,759,Shoes,Footwear,759,1109,71.00,Massachusetts,L,Peach,Summer,4.6,1,2-Day Shipping,Yes,Yes,39,Bank Transfer,Every 3 Months,2024-06-11
760,51,Male,760,Dress,Clothing,760,1111,49.00,Rhode Island,XL,Green,Winter,2.6,1,Next Day Air,Yes,Yes,25,Credit Card,Fortnightly,2024-02-01
761,33,Male,761,Gloves,Accessories,761,1112,50.00,Minnesota,XL,Violet,Fall,3.4,1,Free Shipping,Yes,Yes,6,Cash,Annually,2024-10-19
762,57,Male,762,Jewelry,Accessories,762,1113,91.00,Nevada,L,Yellow,Fall,4.2,1,Express,Yes,Yes,26,Bank Transfer,Weekly,2024-09-22
763,45,Male,763,Belt,Accessories,763,1114,46.00,New Mexico,M,Pink,Fall,3.9,1,Standard,Yes,Yes,43,Debit Card,Fortnightly,2024-09-15
764,61,Male,764,Sweater,Clothing,764,1115,50.00,North Carolina,M,Brown,Spring,2.9,1,2-Day Shipping,Yes,Yes,6,Credit Card,Monthly,2024-04-22
765,55,Male,765,Skirt,Clothing,765,1117,39.00,Virginia,XL,Silver,Fall,4.2,1,Free Shipping,Yes,Yes,6,Debit Card,Quarterly,2024-11-16
766,54,Male,766,Sneakers,Footwear,766,1118,99.00,Alaska,M,Pink,Summer,3,1,Store Pickup,Yes,Yes,13,Cash,Quarterly,2024-07-16
767,57,Male,767,Gloves,Accessories,767,1119,48.00,Nevada,M,Cyan,Winter,3.6,1,Next Day Air,Yes,Yes,13,PayPal,Monthly,2024-02-24
768,27,Male,768,Coat,Outerwear,768,1120,77.00,Pennsylvania,M,Brown,Fall,2.5,1,Next Day Air,Yes,Yes,11,Cash,Annually,2024-10-17
769,64,Male,769,Backpack,Accessories,769,1121,95.00,Illinois,XL,Red,Spring,2.6,1,Express,Yes,Yes,45,Venmo,Weekly,2024-04-07
770,52,Male,770,Socks,Clothing,770,1123,100.00,Delaware,M,Silver,Spring,4.3,1,Store Pickup,Yes,Yes,8,PayPal,Monthly,2024-03-08
771,19,Male,771,Sneakers,Footwear,771,1124,54.00,Vermont,M,Gray,Spring,3.3,1,Express,Yes,Yes,8,Credit Card,Annually,2024-04-21
772,22,Male,772,Sweater,Clothing,772,1125,68.00,Hawaii,L,Cyan,Fall,2.6,1,Next Day Air,Yes,Yes,34,Bank Transfer,Fortnightly,2024-11-15
773,18,Male,773,Jeans,Clothing,773,1126,22.00,Illinois,L,Teal,Fall,3.6,1,Free Shipping,Yes,Yes,40,Debit Card,Bi-Weekly,2024-09-18
774,29,Male,774,Hat,Accessories,774,1127,84.00,California,L,Indigo,Winter,2.6,1,Express,Yes,Yes,14,Debit Card,Bi-Weekly,2024-01-05
775,42,Male,775,Hat,Accessories,775,1129,46.00,Nevada,M,Yellow,Summer,3.5,1,Standard,Yes,Yes,11,Credit Card,Quarterly,2024-07-20
776,49,Male,776,Handbag,Accessories,776,1130,53.00,Kentucky,S,Gold,Winter,3,1,Store Pickup,Yes,Yes,8,PayPal,Monthly,2024-12-18
777,49,Male,777,Shirt,Clothing,777,1131,60.00,Alabama,M,Maroon,Spring,5,1,Standard,Yes,Yes,8,Venmo,Every 3 Months,2024-04-07
778,55,Male,778,Socks,Clothing,778,1132,32.00,Wyoming,XL,Silver,Spring,2.5,1,Express,Yes,Yes,37,Venmo,Weekly,2024-03-16
779,29,Male,779,Socks,Clothing,779,1133,50.00,Massachusetts,M,Yellow,Summer,2.9,1,Store Pickup,Yes,Yes,23,Debit Card,Annually,2024-07-25
780,60,Male,780,Dress,Clothing,780,1135,94.00,Utah,M,Blue,Spring,4.6,1,Express,Yes,Yes,38,Cash,Annually,2024-04-10
781,34,Male,781,Shoes,Footwear,781,1136,26.00,New York,M,Turquoise,Spring,3.6,1,Free Shipping,Yes,Yes,38,Cash,Quarterly,2024-04-09
782,30,Male,782,Scarf,Accessories,782,1137,44.00,Vermont,L,Indigo,Winter,3,1,Store Pickup,Yes,Yes,12,Credit Card,Fortnightly,2024-02-06
783,28,Male,783,Hoodie,Clothing,783,1138,57.00,Hawaii,M,Green,Summer,4.5,1,Standard,Yes,Yes,15,Cash,Weekly,2024-07-03
784,63,Male,784,T-shirt,Clothing,784,1139,65.00,Louisiana,L,Purple,Winter,4.5,1,Next Day Air,Yes,Yes,38,PayPal,Fortnightly,2024-01-22
785,31,Male,785,Jeans,Clothing,785,1141,72.00,Alabama,M,Peach,Winter,3.2,1,Store Pickup,Yes,Yes,41,Bank Transfer,Every 3 Months,2024-12-24
786,46,Male,786,Shorts,Clothing,786,1142,62.00,Louisiana,S,Purple,Spring,4,1,Next Day Air,Yes,Yes,37,PayPal,Fortnightly,2024-04-21
787,70,Male,787,Hat,Accessories,787,1143,21.00,Indiana,S,Teal,Winter,4.8,1,Express,Yes,Yes,16,Bank Transfer,Every 3 Months,2024-01-12
788,53,Male,788,Handbag,Accessories,788,1144,85.00,Michigan,S,Green,Spring,3.7,1,Free Shipping,Yes,Yes,25,Venmo,Weekly,2024-04-17
789,50,Male,789,Pants,Clothing,789,1145,51.00,Rhode Island,XL,Yellow,Summer,3.8,1,Store Pickup,Yes,Yes,18,Bank Transfer,Quarterly,2024-06-13
790,33,Male,790,Handbag,Accessories,790,1147,84.00,Idaho,S,Purple,Fall,2.7,1,Standard,Yes,Yes,4,Credit Card,Bi-Weekly,2024-10-12
791,22,Male,791,Sweater,Clothing,791,1148,37.00,Louisiana,M,Indigo,Summer,4.9,1,Store Pickup,Yes,Yes,12,Bank Transfer,Quarterly,2024-07-10
792,50,Male,792,Scarf,Accessories,792,1149,44.00,North Carolina,S,Magenta,Summer,3.1,1,2-Day Shipping,Yes,Yes,35,PayPal,Fortnightly,2024-08-08
793,34,Male,793,Sneakers,Footwear,793,1150,45.00,New Jersey,M,Violet,Spring,4.2,1,Next Day Air,Yes,Yes,45,Venmo,Weekly,2024-04-12
794,24,Male,794,Pants,Clothing,794,1151,35.00,Alabama,L,Maroon,Summer,3.8,1,Free Shipping,Yes,Yes,16,Credit Card,Monthly,2024-07-13
795,69,Male,795,Backpack,Accessories,795,1153,50.00,Kentucky,XL,Yellow,Winter,4.2,1,Store Pickup,Yes,Yes,10,Debit Card,Fortnightly,2024-12-08
796,39,Male,796,Sandals,Footwear,796,1154,26.00,New York,M,Beige,Summer,4.6,1,Store Pickup,Yes,Yes,34,Venmo,Annually,2024-07-18
797,42,Male,797,Socks,Clothing,797,1155,78.00,Arizona,XL,Black,Fall,4,1,2-Day Shipping,Yes,Yes,43,Credit Card,Annually,2024-09-28
798,42,Male,798,Coat,Outerwear,798,1156,82.00,Maryland,M,Violet,Fall,4,1,2-Day Shipping,Yes,Yes,38,Debit Card,Weekly,2024-09-27
799,29,Male,799,Socks,Clothing,799,1157,39.00,Alaska,M,Violet,Spring,3.8,1,2-Day Shipping,Yes,Yes,48,PayPal,Every 3 Months,2024-03-18
800,55,Male,800,Belt,Accessories,800,1159,55.00,Nevada,L,Brown,Summer,3.3,1,Free Shipping,Yes,Yes,31,PayPal,Annually,2024-08-12
801,32,Male,801,Socks,Clothing,801,1160,20.00,Utah,S,Gold,Summer,2.6,1,Free Shipping,Yes,Yes,20,Cash,Every 3 Months,2024-08-22
802,25,Male,802,Belt,Accessories,802,1161,29.00,New Mexico,L,Blue,Fall,4.9,1,Express,Yes,Yes,12,Credit Card,Fortnightly,2024-11-08
803,38,Male,803,Pants,Clothing,803,1162,41.00,Delaware,M,Teal,Winter,3.5,1,Next Day Air,Yes,Yes,2,Bank Transfer,Weekly,2024-12-07
804,32,Male,804,Shorts,Clothing,804,1163,38.00,Connecticut,L,Silver,Winter,2.8,1,Express,Yes,Yes,30,Venmo,Every 3 Months,2024-02-18
805,43,Male,805,Boots,Footwear,805,1165,47.00,Mississippi,M,Maroon,Summer,2.6,1,Store Pickup,Yes,Yes,28,Venmo,Quarterly,2024-06-11
806,41,Male,806,Dress,Clothing,806,1166,30.00,Connecticut,L,White,Summer,3.7,1,Next Day Air,Yes,Yes,40,Debit Card,Monthly,2024-08-08
807,56,Male,807,Jeans,Clothing,807,1167,56.00,Florida,L,Charcoal,Summer,2.7,1,Standard,Yes,Yes,46,PayPal,Quarterly,2024-08-17
808,27,Male,808,T-shirt,Clothing,808,1168,89.00,New York,S,Brown,Winter,3.3,1,Express,Yes,Yes,15,Credit Card,Weekly,2024-12-15
809,46,Male,809,Shoes,Footwear,809,1169,96.00,Wisconsin,L,Lavender,Fall,4.6,1,Next Day Air,Yes,Yes,38,Cash,Every 3 Months,2024-10-13
810,48,Male,810,Boots,Footwear,810,1171,81.00,South Carolina,M,Violet,Fall,4.9,1,Next Day Air,Yes,Yes,30,PayPal,Bi-Weekly,2024-09-01
811,52,Male,811,Scarf,Accessories,811,1172,83.00,South Dakota,S,Lavender,Fall,4.9,1,Store Pickup,Yes,Yes,32,Debit Card,Bi-Weekly,2024-09-06
812,18,Male,812,Sneakers,Footwear,812,1173,35.00,Illinois,M,Green,Winter,2.7,1,Free Shipping,Yes,Yes,36,Venmo,Quarterly,2024-02-28
813,64,Male,813,Boots,Footwear,813,1174,56.00,Alaska,M,Olive,Summer,3.2,1,Standard,Yes,Yes,32,Credit Card,Weekly,2024-06-18
814,54,Male,814,Handbag,Accessories,814,1175,45.00,Montana,S,Olive,Summer,2.9,1,Store Pickup,Yes,Yes,14,Debit Card,Annually,2024-07-16
815,31,Male,815,Shirt,Clothing,815,1177,62.00,Minnesota,M,Pink,Winter,3.8,1,Express,Yes,Yes,8,PayPal,Monthly,2024-02-13
816,30,Male,816,Hat,Accessories,816,1178,84.00,West Virginia,L,Teal,Spring,3,1,Next Day Air,Yes,Yes,27,Venmo,Bi-Weekly,2024-05-11
817,26,Male,817,Sweater,Clothing,817,1179,24.00,Illinois,L,Cyan,Summer,3.9,1,Store Pickup,Yes,Yes,24,Debit Card,Monthly,2024-06-07
818,25,Male,818,Handbag,Accessories,818,1180,21.00,Nevada,S,Gray,Spring,4.7,1,Store Pickup,Yes,Yes,30,PayPal,Fortnightly,2024-03-12
819,59,Male,819,Shirt,Clothing,819,1181,91.00,Idaho,M,Peach,Winter,4.9,1,Store Pickup,Yes,Yes,34,Debit Card,Monthly,2024-02-24
820,55,Male,820,Sunglasses,Accessories,820,1183,36.00,Colorado,S,Teal,Winter,4.8,1,Next Day Air,Yes,Yes,28,Debit Card,Quarterly,2024-12-16
821,56,Male,821,Sneakers,Footwear,821,1184,39.00,Louisiana,M,Turquoise,Spring,2.5,1,2-Day Shipping,Yes,Yes,27,Debit Card,Monthly,2024-03-27
822,62,Male,822,Hoodie,Clothing,822,1185,39.00,Vermont,M,Green,Spring,3.9,1,Standard,Yes,Yes,31,Credit Card,Bi-Weekly,2024-05-13
823,35,Male,823,Shirt,Clothing,823,1186,59.00,Mississippi,L,Magenta,Winter,3.4,1,Standard,Yes,Yes,23,Bank Transfer,Annually,2024-02-05
824,51,Male,824,Sunglasses,Accessories,824,1187,27.00,Georgia,M,Green,Winter,2.5,1,Free Shipping,Yes,Yes,11,Credit Card,Quarterly,2024-12-03
825,61,Male,825,Blouse,Clothing,825,1189,94.00,Georgia,M,White,Spring,3,1,Store Pickup,Yes,Yes,48,Cash,Quarterly,2024-03-28
826,27,Male,826,Belt,Accessories,826,1190,94.00,Nebraska,XL,Brown,Fall,3.6,1,Next Day Air,Yes,Yes,17,Cash,Monthly,2024-10-08
827,54,Male,827,Dress,Clothing,827,1191,94.00,Massachusetts,M,Purple,Winter,3.6,1,Standard,Yes,Yes,36,PayPal,Weekly,2024-01-28
828,31,Male,828,Shoes,Footwear,828,1192,51.00,Colorado,S,Green,Fall,4.1,1,Free Shipping,Yes,Yes,33,Bank Transfer,Fortnightly,2024-11-10
829,24,Male,829,Socks,Clothing,829,1193,62.00,Nevada,M,Peach,Fall,3.7,1,2-Day Shipping,Yes,Yes,27,PayPal,Bi-Weekly,2024-09-02
830,42,Male,830,Socks,Clothing,830,1195,57.00,Idaho,S,Silver,Spring,3.1,1,2-Day Shipping,Yes,Yes,14,Credit Card,Fortnightly,2024-03-22
831,41,Male,831,Shorts,Clothing,831,1196,76.00,Wyoming,M,Maroon,Fall,4.2,1,Express,Yes,Yes,5,Credit Card,Annually,2024-10-24
832,66,Male,832,Gloves,Accessories,832,1197,63.00,Washington,M,Red,Summer,4.3,1,Express,Yes,Yes,47,Cash,Every 3 Months,2024-07-27
833,58,Male,833,Jacket,Outerwear,833,1198,80.00,California,L,Blue,Fall,2.5,1,Express,Yes,Yes,28,Cash,Bi-Weekly,2024-10-08
834,43,Male,834,Handbag,Accessories,834,1199,68.00,Oklahoma,M,Purple,Fall,3.5,1,Standard,Yes,Yes,11,Credit Card,Annually,2024-11-18
835,52,Male,835,Backpack,Accessories,835,1201,89.00,Nevada,M,Indigo,Summer,3.1,1,Free Shipping,Yes,Yes,18,Credit Card,Weekly,2024-06-28
836,35,Male,836,Boots,Footwear,836,1202,26.00,Maryland,L,Indigo,Summer,2.5,1,Next Day Air,Yes,Yes,21,Debit Card,Weekly,2024-06-11
837,23,Male,837,Gloves,Accessories,837,1203,90.00,West Virginia,L,Violet,Winter,3.9,1,Store Pickup,Yes,Yes,22,Cash,Bi-Weekly,2024-12-18
838,25,Male,838,Hoodie,Clothing,838,1204,28.00,Illinois,L,Brown,Spring,4.9,1,Express,Yes,Yes,33,Cash,Every 3 Months,2024-05-13
839,33,Male,839,Coat,Outerwear,839,1205,29.00,Kentucky,M,Gray,Spring,4.3,1,Express,Yes,Yes,49,Credit Card,Annually,2024-05-06
840,48,Male,840,Shirt,Clothing,840,1207,31.00,Illinois,L,Teal,Spring,2.6,1,Free Shipping,Yes,Yes,10,Debit Card,Every 3 Months,2024-04-11
841,42,Male,841,Shirt,Clothing,841,1208,24.00,Alabama,L,Teal,Summer,4.2,1,2-Day Shipping,Yes,Yes,18,PayPal,Weekly,2024-07-20
842,55,Male,842,Sweater,Clothing,842,1209,88.00,Texas,M,Beige,Summer,2.6,1,Store Pickup,Yes,Yes,28,PayPal,Fortnightly,2024-07-10
843,59,Male,843,Shirt,Clothing,843,1210,87.00,Missouri,M,Violet,Spring,3.6,1,Express,Yes,Yes,25,PayPal,Weekly,2024-05-08
844,65,Male,844,Hoodie,Clothing,844,1211,80.00,Pennsylvania,S,Beige,Summer,3.2,1,Express,Yes,Yes,6,PayPal,Weekly,2024-07-18
845,59,Male,845,Sandals,Footwear,845,1213,48.00,Missouri,L,Purple,Winter,4.4,1,Express,Yes,Yes,44,Venmo,Bi-Weekly,2024-02-23
846,31,Male,846,Belt,Accessories,846,1214,21.00,Michigan,XL,Charcoal,Winter,3.7,1,Standard,Yes,Yes,30,Venmo,Monthly,2024-02-05
847,49,Male,847,Boots,Footwear,847,1215,72.00,Kentucky,M,Pink,Spring,3.7,1,Express,Yes,Yes,42,Debit Card,Quarterly,2024-04-27
848,53,Male,848,Hoodie,Clothing,848,1216,44.00,New Jersey,L,Blue,Fall,4.1,1,Standard,Yes,Yes,30,PayPal,Monthly,2024-10-24
849,48,Male,849,Sandals,Footwear,849,1217,73.00,Delaware,M,Lavender,Fall,3.6,1,Store Pickup,Yes,Yes,33,Credit Card,Bi-Weekly,2024-11-14
850,23,Male,850,Jeans,Clothing,850,1219,61.00,Missouri,S,Charcoal,Spring,4.3,1,Express,Yes,Yes,24,PayPal,Quarterly,2024-05-20
851,68,Male,851,Shoes,Footwear,851,1220,20.00,Connecticut,L,Turquoise,Winter,2.6,1,Store Pickup,Yes,Yes,13,Venmo,Monthly,2024-12-27
852,35,Male,852,Sandals,Footwear,852,1221,86.00,Massachusetts,M,Red,Summer,2.9,1,Express,Yes,Yes,19,Debit Card,Monthly,2024-06-13
853,34,Male,853,Dress,Clothing,853,1222,60.00,Florida,L,Yellow,Spring,4.2,1,Next Day Air,Yes,Yes,23,Debit Card,Every 3 Months,2024-03-28
854,62,Male,854,Hat,Accessories,854,1223,43.00,Delaware,L,Orange,Winter,4,1,Free Shipping,Yes,Yes,35,Cash,Monthly,2024-02-18
855,21,Male,855,Pants,Clothing,855,1225,44.00,California,L,Blue,Spring,4.3,1,Free Shipping,Yes,Yes,22,Venmo,Monthly,2024-04-05
856,70,Male,856,Socks,Clothing,856,1226,76.00,Oregon,L,Gold,Spring,3,1,2-Day Shipping,Yes,Yes,14,Credit Card,Quarterly,2024-03-28
857,55,Male,857,Shirt,Clothing,857,1227,33.00,Alaska,M,Gold,Summer,3.5,1,Express,Yes,Yes,47,Debit Card,Fortnightly,2024-08-03
858,43,Male,858,Shorts,Clothing,858,1228,60.00,Missouri,L,Cyan,Fall,3,1,Standard,Yes,Yes,50,Debit Card,Every 3 Months,2024-11-14
859,19,Male,859,Jacket,Outerwear,859,1229,26.00,Oklahoma,L,Olive,Fall,3.1,1,Free Shipping,Yes,Yes,33,PayPal,Weekly,2024-11-11
860,47,Male,860,Hoodie,Clothing,860,1231,73.00,Wisconsin,M,Teal,Winter,4,1,Next Day Air,Yes,Yes,7,Debit Card,Monthly,2024-12-06
861,26,Male,861,Shoes,Footwear,861,1232,87.00,South Carolina,M,Maroon,Spring,4.1,1,Standard,Yes,Yes,3,Cash,Monthly,2024-03-14
862,46,Male,862,Skirt,Clothing,862,1233,100.00,Virginia,XL,Green,Spring,3.3,1,2-Day Shipping,Yes,Yes,35,Credit Card,Every 3 Months,2024-05-14
863,19,Male,863,Coat,Outerwear,863,1234,84.00,Arkansas,M,Charcoal,Winter,4.9,1,Standard,Yes,Yes,13,PayPal,Fortnightly,2024-01-10
864,49,Male,864,Sneakers,Footwear,864,1235,41.00,Vermont,M,Cyan,Summer,3.9,1,Standard,Yes,Yes,42,PayPal,Fortnightly,2024-07-01
865,51,Male,865,Jeans,Clothing,865,1237,59.00,Kentucky,S,Charcoal,Winter,3.9,1,Next Day Air,Yes,Yes,5,PayPal,Annually,2024-12-06
866,64,Male,866,Blouse,Clothing,866,1238,26.00,Colorado,L,Charcoal,Winter,4.8,1,Store Pickup,Yes,Yes,23,Venmo,Annually,2024-01-06
867,67,Male,867,Sunglasses,Accessories,867,1239,69.00,New Mexico,M,Lavender,Summer,2.7,1,Free Shipping,Yes,Yes,11,PayPal,Bi-Weekly,2024-07-09
868,37,Male,868,Jacket,Outerwear,868,1240,20.00,Colorado,M,Turquoise,Spring,3.1,1,Free Shipping,Yes,Yes,23,Bank Transfer,Fortnightly,2024-05-16
869,40,Male,869,Dress,Clothing,869,1241,83.00,North Carolina,M,Green,Summer,3.2,1,Next Day Air,Yes,Yes,2,Credit Card,Every 3 Months,2024-07-16
870,38,Male,870,Hat,Accessories,870,1243,54.00,New Hampshire,M,Silver,Spring,2.7,1,2-Day Shipping,Yes,Yes,33,PayPal,Weekly,2024-03-25
871,66,Male,871,Hoodie,Clothing,871,1244,66.00,West Virginia,M,Blue,Fall,2.5,1,Standard,Yes,Yes,6,Bank Transfer,Bi-Weekly,2024-10-06
872,47,Male,872,Handbag,Accessories,872,1245,42.00,Hawaii,M,Charcoal,Spring,2.6,1,Next Day Air,Yes,Yes,45,Debit Card,Quarterly,2024-05-02
873,56,Male,873,Jeans,Clothing,873,1246,33.00,North Dakota,M,Pink,Spring,2.9,1,Standard,Yes,Yes,25,Cash,Quarterly,2024-04-09
874,51,Male,874,Boots,Footwear,874,1247,77.00,Mississippi,M,Pink,Summer,4.2,1,Free Shipping,Yes,Yes,24,Venmo,Quarterly,2024-06-24
875,25,Male,875,Jacket,Outerwear,875,1249,65.00,Maine,M,Magenta,Fall,4.4,1,Free Shipping,Yes,Yes,10,Venmo,Every 3 Months,2024-09-02
876,37,Male,876,Sandals,Footwear,876,1250,39.00,North Dakota,L,Gray,Summer,4.1,1,Free Shipping,Yes,Yes,7,Bank Transfer,Every 3 Months,2024-08-02
877,41,Male,877,Belt,Accessories,877,1251,51.00,Nebraska,L,Gray,Summer,3.8,1,2-Day Shipping,Yes,Yes,1,Debit Card,Weekly,2024-07-19
878,64,Male,878,Handbag,Accessories,878,1252,65.00,Nebraska,M,Orange,Winter,4.9,1,Next Day Air,Yes,Yes,45,Venmo,Every 3 Months,2024-02-13
879,23,Male,879,Sunglasses,Accessories,879,1253,89.00,Tennessee,S,Black,Summer,4.9,1,Express,Yes,Yes,37,Debit Card,Weekly,2024-07-12
880,62,Male,880,Skirt,Clothing,880,1255,76.00,Wyoming,S,Lavender,Spring,4.1,1,Free Shipping,Yes,Yes,14,PayPal,Quarterly,2024-03-19
881,39,Male,881,Backpack,Accessories,881,1256,75.00,Nevada,L,Red,Spring,3.1,1,Express,Yes,Yes,25,Debit Card,Monthly,2024-05-08
882,52,Male,882,Sandals,Footwear,882,1257,61.00,South Carolina,M,Silver,Summer,2.7,1,Next Day Air,Yes,Yes,18,Venmo,Annually,2024-07-21
883,50,Male,883,Boots,Footwear,883,1258,35.00,Virginia,M,Cyan,Fall,3.8,1,Next Day Air,Yes,Yes,37,Cash,Every 3 Months,2024-11-18
884,28,Male,884,Sneakers,Footwear,884,1259,37.00,Pennsylvania,S,Gold,Fall,4.3,1,Free Shipping,Yes,Yes,30,Bank Transfer,Monthly,2024-11-21
885,67,Male,885,Skirt,Clothing,885,1261,91.00,Hawaii,L,Yellow,Winter,4.1,1,Express,Yes,Yes,34,Bank Transfer,Weekly,2024-02-25
886,41,Male,886,Dress,Clothing,886,1262,99.00,Ohio,L,Purple,Fall,4.4,1,Free Shipping,Yes,Yes,49,Debit Card,Every 3 Months,2024-10-16
887,19,Male,887,Shorts,Clothing,887,1263,54.00,Utah,S,Brown,Summer,3.6,1,Express,Yes,Yes,48,Bank Transfer,Monthly,2024-06-21
888,70,Male,888,Handbag,Accessories,888,1264,47.00,Minnesota,L,Turquoise,Winter,3.3,1,2-Day Shipping,Yes,Yes,33,PayPal,Fortnightly,2024-12-25
889,49,Male,889,Scarf,Accessories,889,1265,77.00,New Hampshire,S,Gold,Spring,3.6,1,Express,Yes,Yes,44,Cash,Annually,2024-04-17
890,59,Male,890,Belt,Accessories,890,1267,84.00,Arizona,S,Olive,Fall,2.8,1,Free Shipping,Yes,Yes,50,Venmo,Weekly,2024-10-07
891,52,Male,891,Gloves,Accessories,891,1268,51.00,New York,S,Purple,Spring,4.3,1,2-Day Shipping,Yes,Yes,47,Credit Card,Monthly,2024-05-04
892,20,Male,892,Skirt,Clothing,892,1269,26.00,Pennsylvania,S,Lavender,Summer,3.9,1,Store Pickup,Yes,Yes,24,PayPal,Every 3 Months,2024-08-17
893,31,Male,893,Shorts,Clothing,893,1270,64.00,New Mexico,L,Gray,Summer,2.7,1,Free Shipping,Yes,Yes,43,Debit Card,Monthly,2024-06-22
894,33,Male,894,Backpack,Accessories,894,1271,51.00,Nebraska,M,Red,Spring,4.7,1,Express,Yes,Yes,14,Venmo,Monthly,2024-04-09
895,44,Male,895,Hoodie,Clothing,895,1273,60.00,Wyoming,L,Purple,Spring,3.8,1,Free Shipping,Yes,Yes,3,Debit Card,Quarterly,2024-03-22
896,40,Male,896,Hat,Accessories,896,1274,69.00,Mississippi,XL,Olive,Spring,4.7,1,Next Day Air,Yes,Yes,33,Debit Card,Quarterly,2024-03-28
897,69,Male,897,Jewelry,Accessories,897,1275,29.00,Arkansas,M,Lavender,Spring,4.7,1,Express,Yes,Yes,38,Cash,Fortnightly,2024-05-11
898,29,Male,898,Shirt,Clothing,898,1276,91.00,Illinois,M,Gray,Spring,3.4,1,Express,Yes,Yes,46,Venmo,Weekly,2024-05-20
899,54,Male,899,Belt,Accessories,899,1277,70.00,Nevada,L,Red,Spring,3.5,1,2-Day Shipping,Yes,Yes,19,Bank Transfer,Every 3 Months,2024-03-21
900,65,Male,900,Sweater,Clothing,900,1279,58.00,Rhode Island,M,Peach,Summer,4,1,Standard,Yes,Yes,20,PayPal,Annually,2024-07-16
901,54,Male,901,Hat,Accessories,901,1280,98.00,West Virginia,L,Gray,Fall,3.3,1,Free Shipping,Yes,Yes,42,Bank Transfer,Quarterly,2024-11-09
902,60,Male,902,Scarf,Accessories,902,1281,68.00,Missouri,L,Violet,Summer,4.7,1,2-Day Shipping,Yes,Yes,34,Cash,Monthly,2024-06-13
903,43,Male,903,Hat,Accessories,903,1282,44.00,Kentucky,M,Beige,Summer,2.8,1,Next Day Air,Yes,Yes,5,Cash,Monthly,2024-08-01
904,44,Male,904,Jacket,Outerwear,904,1283,45.00,Washington,M,Blue,Winter,3.3,1,Express,Yes,Yes,3,PayPal,Quarterly,2024-02-04
905,69,Male,905,T-shirt,Clothing,905,1285,99.00,Alaska,L,Magenta,Spring,2.9,1,Free Shipping,Yes,Yes,46,PayPal,Every 3 Months,2024-04-22
906,46,Male,906,Dress,Clothing,906,1286,68.00,Mississippi,S,Cyan,Spring,2.8,1,Standard,Yes,Yes,16,Venmo,Annually,2024-03-01
907,41,Male,907,Pants,Clothing,907,1287,56.00,South Carolina,M,Red,Spring,4.2,1,Standard,Yes,Yes,21,Debit Card,Bi-Weekly,2024-05-08
908,32,Male,908,Sweater,Clothing,908,1288,43.00,Missouri,L,Cyan,Winter,4.4,1,Express,Yes,Yes,34,Credit Card,Bi-Weekly,2024-02-10
909,26,Male,909,Sunglasses,Accessories,909,1289,99.00,New Jersey,M,Turquoise,Winter,3.6,1,Free Shipping,Yes,Yes,9,PayPal,Every 3 Months,2024-12-20
910,61,Male,910,Belt,Accessories,910,1291,56.00,Louisiana,L,Silver,Fall,2.7,1,Express,Yes,Yes,36,PayPal,Weekly,2024-11-21
911,49,Male,911,Hoodie,Clothing,911,1292,25.00,South Carolina,S,Pink,Spring,3.4,1,Express,Yes,Yes,22,Credit Card,Monthly,2024-04-08
912,53,Male,912,Pants,Clothing,912,1293,74.00,Vermont,M,Black,Winter,2.8,1,2-Day Shipping,Yes,Yes,2,Bank Transfer,Quarterly,2024-01-01
913,24,Male,913,Hoodie,Clothing,913,1294,56.00,Arkansas,M,Green,Winter,3.4,1,Next Day Air,Yes,Yes,32,Bank Transfer,Monthly,2024-02-11
914,37,Male,914,Sneakers,Footwear,914,1295,47.00,Utah,M,Yellow,Fall,2.6,1,Next Day Air,Yes,Yes,29,Cash,Every 3 Months,2024-10-18
915,43,Male,915,Dress,Clothing,915,1297,67.00,Washington,L,Purple,Summer,4.1,1,Standard,Yes,Yes,27,Venmo,Every 3 Months,2024-07-14
916,31,Male,916,Dress,Clothing,916,1298,22.00,Rhode Island,L,Purple,Winter,2.9,1,Store Pickup,Yes,Yes,33,Credit Card,Fortnightly,2024-01-02
917,49,Male,917,Jeans,Clothing,917,1299,34.00,Illinois,S,Blue,Spring,2.7,1,Standard,Yes,Yes,16,Venmo,Monthly,2024-04-20
918,69,Male,918,Sweater,Clothing,918,1300,64.00,Missouri,M,Maroon,Spring,3.7,1,Standard,Yes,Yes,11,Bank Transfer,Quarterly,2024-05-10
919,65,Male,919,Shorts,Clothing,919,1301,42.00,North Carolina,M,Orange,Spring,4.3,1,2-Day Shipping,Yes,Yes,11,Cash,Fortnightly,2024-05-17
920,41,Male,920,Shirt,Clothing,920,1303,82.00,Massachusetts,L,Green,Winter,2.6,1,2-Day Shipping,Yes,Yes,17,Debit Card,Bi-Weekly,2024-01-26
921,37,Male,921,Belt,Accessories,921,1304,81.00,Arkansas,XL,Gold,Summer,4.3,1,Free Shipping,Yes,Yes,37,Cash,Weekly,2024-07-22
922,70,Male,922,Coat,Outerwear,922,1305,24.00,South Dakota,L,Silver,Summer,4.1,1,Express,Yes,Yes,18,PayPal,Weekly,2024-08-09
923,63,Male,923,Sneakers,Footwear,923,1306,60.00,Georgia,M,Cyan,Fall,4.2,1,Standard,Yes,Yes,13,Credit Card,Monthly,2024-10-12
924,55,Male,924,Shirt,Clothing,924,1307,24.00,Arkansas,M,Silver,Spring,4.2,1,2-Day Shipping,Yes,Yes,7,PayPal,Weekly,2024-05-20
925,52,Male,925,Socks,Clothing,925,1309,78.00,Kansas,XL,Beige,Winter,3.1,1,Standard,Yes,Yes,37,Cash,Quarterly,2024-01-17
926,22,Male,926,Jeans,Clothing,926,1310,88.00,Arizona,L,Teal,Winter,4.9,1,Express,Yes,Yes,8,Cash,Monthly,2024-12-07
927,54,Male,927,Jeans,Clothing,927,1311,63.00,Massachusetts,XL,Green,Spring,4.4,1,Express,Yes,Yes,11,Cash,Bi-Weekly,2024-05-13
928,28,Male,928,Sneakers,Footwear,928,1312,78.00,New Mexico,L,Black,Summer,4.4,1,Standard,Yes,Yes,8,Venmo,Bi-Weekly,2024-06-08
929,67,Male,929,Dress,Clothing,929,1313,37.00,Arkansas,XL,Yellow,Winter,3.4,1,Store Pickup,Yes,Yes,31,Cash,Every 3 Months,2024-02-20
930,59,Male,930,Boots,Footwear,930,1315,94.00,Nebraska,M,White,Fall,4.5,1,2-Day Shipping,Yes,Yes,26,Debit Card,Fortnightly,2024-11-13
931,26,Male,931,T-shirt,Clothing,931,1316,78.00,Hawaii,L,Green,Fall,4.5,1,Store Pickup,Yes,Yes,20,Credit Card,Bi-Weekly,2024-10-10
932,24,Male,932,Coat,Outerwear,932,1317,36.00,Nebraska,M,Silver,Winter,4.1,1,Standard,Yes,Yes,24,Bank Transfer,Fortnightly,2024-12-04
933,62,Male,933,Skirt,Clothing,933,1318,24.00,Indiana,L,Blue,Winter,3.2,1,Standard,Yes,Yes,45,Debit Card,Bi-Weekly,2024-02-09
934,70,Male,934,Sneakers,Footwear,934,1319,84.00,Colorado,M,Magenta,Spring,2.7,1,Store Pickup,Yes,Yes,33,Debit Card,Monthly,2024-05-20
935,45,Male,935,Jeans,Clothing,935,1321,47.00,Oregon,S,Yellow,Spring,3.7,1,Express,Yes,Yes,21,Bank Transfer,Monthly,2024-03-16
936,58,Male,936,Hoodie,Clothing,936,1322,51.00,Ohio,L,White,Fall,2.6,1,Store Pickup,Yes,Yes,2,Bank Transfer,Fortnightly,2024-09-27
937,31,Male,937,Shoes,Footwear,937,1323,84.00,Maine,M,Pink,Summer,2.7,1,Free Shipping,Yes,Yes,28,Cash,Weekly,2024-08-03
938,32,Male,938,Shorts,Clothing,938,1324,24.00,Iowa,M,Magenta,Summer,2.7,1,Express,Yes,Yes,18,Venmo,Quarterly,2024-08-24
939,36,Male,939,Blouse,Clothing,939,1325,97.00,Wisconsin,S,Teal,Fall,4.8,1,Free Shipping,Yes,Yes,21,Debit Card,Fortnightly,2024-11-27
940,25,Male,940,T-shirt,Clothing,940,1327,89.00,New York,L,Indigo,Winter,4.8,1,Next Day Air,Yes,Yes,24,Credit Card,Monthly,2024-02-02
941,48,Male,941,Belt,Accessories,941,1328,44.00,Colorado,S,Maroon,Spring,2.6,1,Store Pickup,Yes,Yes,15,PayPal,Every 3 Months,2024-04-02
942,39,Male,942,Handbag,Accessories,942,1329,35.00,Illinois,L,Black,Winter,4.5,1,2-Day Shipping,Yes,Yes,38,PayPal,Every 3 Months,2024-02-17
943,26,Male,943,Dress,Clothing,943,1330,91.00,Arizona,M,Cyan,Winter,3.2,1,Express,Yes,Yes,38,PayPal,Bi-Weekly,2024-02-06
944,32,Male,944,Hat,Accessories,944,1331,63.00,Oklahoma,L,Cyan,Winter,3.8,1,Next Day Air,Yes,Yes,13,Venmo,Fortnightly,2024-02-15
945,54,Male,945,Belt,Accessories,945,1333,97.00,Indiana,S,Gray,Spring,4.8,1,Express,Yes,Yes,39,Cash,Bi-Weekly,2024-05-18
946,38,Male,946,Boots,Footwear,946,1334,38.00,Minnesota,M,Violet,Summer,4.1,1,Store Pickup,Yes,Yes,8,Venmo,Every 3 Months,2024-08-19
947,46,Male,947,Coat,Outerwear,947,1335,24.00,Pennsylvania,XL,Blue,Spring,2.8,1,Next Day Air,Yes,Yes,4,PayPal,Quarterly,2024-03-04
948,57,Male,948,Blouse,Clothing,948,1336,32.00,Indiana,M,Charcoal,Winter,3.9,1,Store Pickup,Yes,Yes,6,Cash,Every 3 Months,2024-02-14
949,49,Male,949,Hat,Accessories,949,1337,90.00,Alabama,L,Olive,Summer,4.9,1,Express,Yes,Yes,11,Venmo,Every 3 Months,2024-06-23
950,33,Male,950,Jeans,Clothing,950,1339,36.00,Montana,M,Olive,Summer,3.4,1,Standard,Yes,Yes,49,Venmo,Monthly,2024-07-05
951,54,Male,951,Backpack,Accessories,951,1340,37.00,New Mexico,XL,Turquoise,Winter,4.1,1,Free Shipping,Yes,Yes,30,PayPal,Quarterly,2024-01-10
952,47,Male,952,Dress,Clothing,952,1341,51.00,Alaska,M,Cyan,Summer,2.9,1,Express,Yes,Yes,34,Bank Transfer,Monthly,2024-06-12
953,36,Male,953,Hat,Accessories,953,1342,71.00,Idaho,S,Red,Fall,3.1,1,2-Day Shipping,Yes,Yes,28,PayPal,Monthly,2024-11-02
954,68,Male,954,Sunglasses,Accessories,954,1343,50.00,Utah,S,Cyan,Spring,3.6,1,2-Day Shipping,Yes,Yes,36,Venmo,Quarterly,2024-03-25
955,60,Male,955,Hat,Accessories,955,1345,74.00,Louisiana,S,Turquoise,Fall,3.5,1,Standard,Yes,Yes,18,Credit Card,Every 3 Months,2024-11-01
956,55,Male,956,Dress,Clothing,956,1346,75.00,Mississippi,L,Lavender,Summer,3.4,1,Free Shipping,Yes,Yes,4,PayPal,Monthly,2024-08-20
957,29,Male,957,Shirt,Clothing,957,1347,99.00,Mississippi,XL,Cyan,Spring,2.9,1,2-Day Shipping,Yes,Yes,42,Debit Card,Quarterly,2024-04-01
958,38,Male,958,Scarf,Accessories,958,1348,23.00,Indiana,XL,Violet,Spring,4.7,1,Store Pickup,Yes,Yes,11,Cash,Quarterly,2024-03-26
959,70,Male,959,Sneakers,Footwear,959,1349,53.00,Washington,XL,Beige,Winter,4.4,1,Free Shipping,Yes,Yes,31,Credit Card,Bi-Weekly,2024-01-20
960,36,Male,960,Skirt,Clothing,960,1351,99.00,Nevada,M,Cyan,Spring,2.6,1,Standard,Yes,Yes,12,Cash,Fortnightly,2024-04-05
961,18,Male,961,Jewelry,Accessories,961,1352,48.00,Louisiana,XL,Indigo,Spring,4.4,1,Standard,Yes,Yes,20,Venmo,Quarterly,2024-05-17
962,62,Male,962,Boots,Footwear,962,1353,72.00,Pennsylvania,L,Olive,Fall,3.7,1,Next Day Air,Yes,Yes,37,Debit Card,Quarterly,2024-09-14
963,29,Male,963,Sunglasses,Accessories,963,1354,64.00,Michigan,L,Green,Spring,4.4,1,Standard,Yes,Yes,26,Debit Card,Fortnightly,2024-03-05
964,21,Male,964,Boots,Footwear,964,1355,63.00,South Carolina,L,Green,Spring,2.5,1,2-Day Shipping,Yes,Yes,14,Credit Card,Weekly,2024-03-09
965,42,Male,965,Sandals,Footwear,965,1357,51.00,Arizona,M,Beige,Spring,2.6,1,Next Day Air,Yes,Yes,12,Venmo,Bi-Weekly,2024-04-06
966,43,Male,966,Boots,Footwear,966,1358,55.00,Delaware,L,Black,Spring,5,1,Store Pickup,Yes,Yes,10,Credit Card,Annually,2024-04-02
967,58,Male,967,Dress,Clothing,967,1359,55.00,Kentucky,M,Brown,Spring,4.9,1,Express,Yes,Yes,19,Cash,Annually,2024-05-20
968,27,Male,968,Hoodie,Clothing,968,1360,26.00,Georgia,S,Silver,Summer,3.7,1,Store Pickup,Yes,Yes,4,Cash,Weekly,2024-06-27
969,57,Male,969,Shorts,Clothing,969,1361,67.00,North Carolina,L,Gray,Summer,3.1,1,Next Day Air,Yes,Yes,48,Bank Transfer,Quarterly,2024-08-16
970,40,Male,970,Coat,Outerwear,970,1363,31.00,California,S,Pink,Fall,3.2,1,Express,Yes,Yes,37,PayPal,Monthly,2024-10-20
971,45,Male,971,Jeans,Clothing,971,1364,66.00,California,S,Maroon,Winter,4.4,1,Free Shipping,Yes,Yes,4,Cash,Monthly,2024-12-05
972,47,Male,972,Sunglasses,Accessories,972,1365,67.00,Indiana,M,Cyan,Summer,4.3,1,Next Day Air,Yes,Yes,15,Credit Card,Weekly,2024-08-15
973,61,Male,973,Sneakers,Footwear,973,1366,61.00,Colorado,L,Gold,Winter,3,1,Standard,Yes,Yes,33,Credit Card,Weekly,2024-02-15
974,60,Male,974,Jacket,Outerwear,974,1367,75.00,Colorado,M,Teal,Fall,3.5,1,2-Day Shipping,Yes,Yes,30,Bank Transfer,Quarterly,2024-09-19
975,69,Male,975,Skirt,Clothing,975,1369,90.00,North Carolina,M,Beige,Spring,3.6,1,2-Day Shipping,Yes,Yes,23,Bank Transfer,Monthly,2024-03-23
976,58,Male,976,Sweater,Clothing,976,1370,40.00,Washington,M,Olive,Summer,3.8,1,2-Day Shipping,Yes,Yes,2,Bank Transfer,Weekly,2024-07-02
977,34,Male,977,T-shirt,Clothing,977,1371,90.00,Florida,M,Gray,Fall,3.6,1,Express,Yes,Yes,50,Credit Card,Every 3 Months,2024-10-20
978,20,Male,978,Belt,Accessories,978,1372,20.00,Washington,M,Black,Spring,4.6,1,Express,Yes,Yes,34,Cash,Bi-Weekly,2024-03-03
979,56,Male,979,Gloves,Accessories,979,1373,40.00,Colorado,M,Turquoise,Summer,2.5,1,Standard,Yes,Yes,33,Credit Card,Weekly,2024-07-06
980,64,Male,980,Hat,Accessories,980,1375,33.00,New Hampshire,S,Brown,Fall,3.5,1,Store Pickup,Yes,Yes,34,Debit Card,Monthly,2024-09-05
981,56,Male,981,Boots,Footwear,981,1376,98.00,Maryland,S,Magenta,Spring,4,1,Free Shipping,Yes,Yes,39,PayPal,Every 3 Months,2024-05-08
982,27,Male,982,Belt,Accessories,982,1377,42.00,Maryland,M,Silver,Spring,3.5,1,Next Day Air,Yes,Yes,47,Credit Card,Quarterly,2024-05-08
983,35,Male,983,Coat,Outerwear,983,1378,62.00,Texas,S,Red,Summer,3.2,1,Standard,Yes,Yes,37,PayPal,Monthly,2024-06-24
984,24,Male,984,Hat,Accessories,984,1379,45.00,New Mexico,L,Indigo,Winter,3.5,1,Free Shipping,Yes,Yes,40,Venmo,Bi-Weekly,2024-02-12
985,26,Male,985,Shoes,Footwear,985,1381,78.00,Utah,M,Green,Summer,3.4,1,Free Shipping,Yes,Yes,8,Credit Card,Bi-Weekly,2024-06-25
986,32,Male,986,Handbag,Accessories,986,1382,80.00,West Virginia,M,Gray,Fall,5,1,Express,Yes,Yes,12,Bank Transfer,Annually,2024-09-28
987,54,Male,987,Scarf,Accessories,987,1383,96.00,Connecticut,S,Peach,Spring,4.5,1,Store Pickup,Yes,Yes,36,Bank Transfer,Monthly,2024-05-28
988,62,Male,988,Handbag,Accessories,988,1384,47.00,West Virginia,M,Charcoal,Summer,2.8,1,Express,Yes,Yes,48,PayPal,Weekly,2024-08-28
989,50,Male,989,Pants,Clothing,989,1385,84.00,Ohio,M,Orange,Winter,4.9,1,2-Day Shipping,Yes,Yes,47,PayPal,Fortnightly,2024-01-12
990,70,Male,990,Shoes,Footwear,990,1387,31.00,Texas,M,Beige,Spring,3.1,1,Store Pickup,Yes,Yes,2,Bank Transfer,Monthly,2024-03-11
991,48,Male,991,Sunglasses,Accessories,991,1388,63.00,Washington,S,Yellow,Spring,4.8,1,Store Pickup,Yes,Yes,24,Cash,Weekly,2024-03-25
992,20,Male,992,Shorts,Clothing,992,1389,97.00,Wisconsin,XL,White,Spring,2.7,1,Standard,Yes,Yes,40,Bank Transfer,Bi-Weekly,2024-03-03
993,46,Male,993,Jacket,Outerwear,993,1390,99.00,Louisiana,M,Gray,Winter,4.6,1,Express,Yes,Yes,50,Debit Card,Weekly,2024-01-26
994,51,Male,994,Sandals,Footwear,994,1391,90.00,Iowa,M,Peach,Winter,4.4,1,Store Pickup,Yes,Yes,25,Cash,Weekly,2024-12-28
995,53,Male,995,Shoes,Footwear,995,1393,68.00,New York,L,Violet,Fall,3.2,1,Express,Yes,Yes,20,Debit Card,Monthly,2024-11-13
996,44,Male,996,Jewelry,Accessories,996,1394,80.00,Idaho,M,Magenta,Spring,3,1,2-Day Shipping,Yes,Yes,10,Venmo,Weekly,2024-05-18
997,29,Male,997,Sandals,Footwear,997,1395,91.00,Delaware,L,Maroon,Summer,4.9,1,Standard,Yes,Yes,32,Bank Transfer,Quarterly,2024-07-23
998,64,Male,998,Pants,Clothing,998,1396,30.00,Kentucky,M,Cyan,Spring,3.6,1,Express,Yes,Yes,31,Cash,Fortnightly,2024-04-21
999,51,Male,999,Shoes,Footwear,999,1397,90.00,Connecticut,M,White,Spring,3.8,1,Next Day Air,Yes,Yes,48,Bank Transfer,Bi-Weekly,2024-03-01
1000,50,Male,1000,Socks,Clothing,1000,1399,28.00,New Mexico,L,Brown,Spring,2.9,1,Standard,Yes,Yes,23,Debit Card,Monthly,2024-04-08
1001,43,Male,1001,Socks,Clothing,1001,1400,46.00,Georgia,M,Red,Winter,3.9,1,Express,Yes,Yes,1,Bank Transfer,Bi-Weekly,2024-01-12
1002,61,Male,1002,Dress,Clothing,1002,1401,60.00,Washington,M,Orange,Fall,3.6,1,Standard,Yes,Yes,4,Debit Card,Fortnightly,2024-11-12
1003,55,Male,1003,Shoes,Footwear,1003,1402,59.00,North Dakota,M,White,Spring,3.5,1,Store Pickup,Yes,Yes,3,Bank Transfer,Bi-Weekly,2024-03-20
1004,56,Male,1004,Hat,Accessories,1004,1403,68.00,Ohio,M,Green,Fall,4,1,Store Pickup,Yes,Yes,3,Cash,Bi-Weekly,2024-11-06
1005,33,Male,1005,Backpack,Accessories,1005,1405,79.00,Tennessee,M,Black,Summer,4.8,1,2-Day Shipping,Yes,Yes,44,Cash,Annually,2024-06-20
1006,43,Male,1006,Backpack,Accessories,1006,1406,94.00,New York,M,Gold,Winter,3.9,1,Store Pickup,Yes,Yes,5,Debit Card,Bi-Weekly,2024-01-15
1007,21,Male,1007,Pants,Clothing,1007,1407,83.00,Michigan,S,Lavender,Summer,4.5,1,Next Day Air,Yes,Yes,50,Venmo,Quarterly,2024-07-23
1008,58,Male,1008,Gloves,Accessories,1008,1408,62.00,Georgia,XL,Turquoise,Spring,4.8,1,Standard,Yes,Yes,2,Credit Card,Annually,2024-03-25
1009,41,Male,1009,Scarf,Accessories,1009,1409,85.00,New Mexico,M,Pink,Spring,2.6,1,Store Pickup,Yes,Yes,29,PayPal,Annually,2024-04-04
1010,39,Male,1010,Hoodie,Clothing,1010,1411,30.00,Louisiana,M,Silver,Summer,3.1,1,Express,Yes,Yes,11,Venmo,Annually,2024-06-13
1011,54,Male,1011,Jeans,Clothing,1011,1412,24.00,South Dakota,XL,Gray,Spring,4.7,1,2-Day Shipping,Yes,Yes,37,Credit Card,Fortnightly,2024-04-25
1012,43,Male,1012,Backpack,Accessories,1012,1413,25.00,Montana,L,Indigo,Spring,2.9,1,Next Day Air,Yes,Yes,32,Debit Card,Fortnightly,2024-03-25
1013,28,Male,1013,Sandals,Footwear,1013,1414,37.00,New Mexico,L,Teal,Summer,3.8,1,Express,Yes,Yes,27,Credit Card,Annually,2024-06-06
1014,59,Male,1014,Belt,Accessories,1014,1415,69.00,South Carolina,XL,Green,Summer,3.8,1,2-Day Shipping,Yes,Yes,31,Venmo,Bi-Weekly,2024-08-23
1015,28,Male,1015,Shoes,Footwear,1015,1417,97.00,Ohio,M,Violet,Summer,3,1,Standard,Yes,Yes,36,Debit Card,Fortnightly,2024-08-28
1016,68,Male,1016,Gloves,Accessories,1016,1418,24.00,North Carolina,M,Cyan,Summer,4.1,1,Standard,Yes,Yes,34,Cash,Weekly,2024-06-26
1017,20,Male,1017,Belt,Accessories,1017,1419,30.00,Idaho,XL,Blue,Summer,3.4,1,Express,Yes,Yes,15,Bank Transfer,Every 3 Months,2024-08-06
1018,21,Male,1018,Jacket,Outerwear,1018,1420,53.00,Oklahoma,L,Orange,Fall,2.5,1,Express,Yes,Yes,14,Credit Card,Annually,2024-11-27
1019,50,Male,1019,Dress,Clothing,1019,1421,70.00,Georgia,XL,Charcoal,Spring,4.9,1,Next Day Air,Yes,Yes,46,Cash,Weekly,2024-05-14
1020,32,Male,1020,Shirt,Clothing,1020,1423,76.00,Kentucky,S,Beige,Winter,2.8,1,Standard,Yes,Yes,33,Venmo,Bi-Weekly,2024-01-03
1021,24,Male,1021,Scarf,Accessories,1021,1424,95.00,Delaware,M,Black,Fall,4.5,1,Express,Yes,Yes,41,Debit Card,Annually,2024-10-25
1022,55,Male,1022,Coat,Outerwear,1022,1425,51.00,Massachusetts,S,Lavender,Winter,4.9,1,2-Day Shipping,Yes,Yes,39,PayPal,Weekly,2024-01-15
1023,61,Male,1023,Handbag,Accessories,1023,1426,41.00,Nebraska,M,Lavender,Winter,4.9,1,Store Pickup,Yes,Yes,7,Cash,Annually,2024-02-21
1024,61,Male,1024,Sunglasses,Accessories,1024,1427,71.00,Maine,S,Turquoise,Winter,3.5,1,Free Shipping,Yes,Yes,29,Bank Transfer,Every 3 Months,2024-12-11
1025,28,Male,1025,T-shirt,Clothing,1025,1429,66.00,Pennsylvania,M,Purple,Summer,3.5,1,Free Shipping,Yes,Yes,18,Venmo,Quarterly,2024-07-27
1026,60,Male,1026,Shirt,Clothing,1026,1430,84.00,Nebraska,M,Olive,Winter,4.9,1,Free Shipping,Yes,Yes,15,Credit Card,Annually,2024-01-19
1027,49,Male,1027,Handbag,Accessories,1027,1431,95.00,Virginia,L,Turquoise,Winter,3,1,Express,Yes,Yes,39,PayPal,Bi-Weekly,2024-12-07
1028,33,Male,1028,Jewelry,Accessories,1028,1432,90.00,Ohio,L,Teal,Summer,2.8,1,Next Day Air,Yes,Yes,11,Cash,Monthly,2024-06-23
1029,45,Male,1029,Hoodie,Clothing,1029,1433,36.00,Nebraska,S,Lavender,Summer,3.7,1,Standard,Yes,Yes,4,Cash,Fortnightly,2024-08-13
1030,29,Male,1030,Gloves,Accessories,1030,1435,22.00,Ohio,M,Purple,Spring,3.6,1,2-Day Shipping,Yes,Yes,33,Venmo,Bi-Weekly,2024-04-27
1031,58,Male,1031,Coat,Outerwear,1031,1436,89.00,Kentucky,L,Blue,Winter,3.3,1,Next Day Air,Yes,Yes,37,Debit Card,Quarterly,2024-01-11
1032,22,Male,1032,Sandals,Footwear,1032,1437,50.00,Tennessee,M,Teal,Spring,3.4,1,Free Shipping,Yes,Yes,32,Cash,Quarterly,2024-03-07
1033,55,Male,1033,Boots,Footwear,1033,1438,36.00,Maine,M,Lavender,Fall,4,1,Free Shipping,Yes,Yes,44,Credit Card,Quarterly,2024-09-09
1034,19,Male,1034,Pants,Clothing,1034,1439,52.00,Montana,S,Silver,Spring,4.6,1,Free Shipping,Yes,Yes,41,Bank Transfer,Quarterly,2024-05-15
1035,68,Male,1035,Socks,Clothing,1035,1441,29.00,Maryland,M,Olive,Fall,4.2,1,Next Day Air,Yes,Yes,44,Bank Transfer,Weekly,2024-10-07
1036,61,Male,1036,Blouse,Clothing,1036,1442,89.00,Georgia,M,Brown,Fall,2.8,1,Express,Yes,Yes,32,Venmo,Annually,2024-10-04
1037,68,Male,1037,Handbag,Accessories,1037,1443,47.00,Hawaii,M,Yellow,Fall,3.7,1,2-Day Shipping,Yes,Yes,13,Bank Transfer,Monthly,2024-09-08
1038,52,Male,1038,Jewelry,Accessories,1038,1444,25.00,Rhode Island,XL,Brown,Spring,3.4,1,Standard,Yes,Yes,48,Debit Card,Quarterly,2024-05-11
1039,41,Male,1039,Pants,Clothing,1039,1445,74.00,Nebraska,XL,Cyan,Fall,3,1,Express,Yes,Yes,3,Bank Transfer,Weekly,2024-10-25
1040,29,Male,1040,Belt,Accessories,1040,1447,46.00,Michigan,M,Magenta,Fall,4.8,1,Standard,Yes,Yes,39,Venmo,Monthly,2024-09-12
1041,68,Male,1041,Jeans,Clothing,1041,1448,22.00,North Carolina,S,Magenta,Fall,4,1,Next Day Air,Yes,Yes,7,Cash,Fortnightly,2024-10-15
1042,36,Male,1042,Shirt,Clothing,1042,1449,25.00,Minnesota,M,Orange,Summer,4.9,1,Next Day Air,Yes,Yes,11,Cash,Fortnightly,2024-08-27
1043,55,Male,1043,Belt,Accessories,1043,1450,80.00,Maryland,M,Maroon,Spring,4.9,1,Next Day Air,Yes,Yes,47,Credit Card,Weekly,2024-03-03
1044,28,Male,1044,Jeans,Clothing,1044,1451,76.00,Hawaii,M,Green,Spring,3.3,1,2-Day Shipping,Yes,Yes,28,Debit Card,Fortnightly,2024-03-19
1045,39,Male,1045,Jeans,Clothing,1045,1453,30.00,Oregon,L,Teal,Summer,4.4,1,Next Day Air,Yes,Yes,17,Bank Transfer,Every 3 Months,2024-08-11
1046,54,Male,1046,Sweater,Clothing,1046,1454,79.00,New Mexico,L,Black,Fall,3.5,1,2-Day Shipping,Yes,Yes,11,PayPal,Bi-Weekly,2024-09-12
1047,40,Male,1047,Sneakers,Footwear,1047,1455,22.00,Illinois,M,Magenta,Winter,4.2,1,Standard,Yes,Yes,12,Venmo,Annually,2024-01-08
1048,31,Male,1048,Socks,Clothing,1048,1456,36.00,Utah,S,Olive,Fall,4.2,1,Standard,Yes,Yes,7,Credit Card,Fortnightly,2024-11-11
1049,30,Male,1049,Socks,Clothing,1049,1457,77.00,Maine,L,Yellow,Fall,2.7,1,Standard,Yes,Yes,19,Venmo,Fortnightly,2024-11-14
1050,45,Male,1050,Sunglasses,Accessories,1050,1459,33.00,Virginia,S,Purple,Fall,2.8,1,Store Pickup,Yes,Yes,24,Cash,Quarterly,2024-09-17
1051,48,Male,1051,Sneakers,Footwear,1051,1460,64.00,Florida,M,Beige,Winter,3.8,1,Next Day Air,Yes,Yes,19,Venmo,Monthly,2024-02-03
1052,45,Male,1052,Socks,Clothing,1052,1461,53.00,Ohio,M,Indigo,Fall,2.6,1,Free Shipping,Yes,Yes,39,PayPal,Annually,2024-09-25
1053,60,Male,1053,Shoes,Footwear,1053,1462,36.00,Virginia,XL,Pink,Fall,3,1,2-Day Shipping,Yes,Yes,1,Credit Card,Fortnightly,2024-09-12
1054,59,Male,1054,Blouse,Clothing,1054,1463,70.00,Kansas,M,Blue,Spring,3.3,0,2-Day Shipping,Yes,Yes,10,Debit Card,Bi-Weekly,2024-03-12
1055,18,Male,1055,Shorts,Clothing,1055,1465,96.00,Arkansas,L,Cyan,Winter,4.9,0,Express,Yes,Yes,48,PayPal,Quarterly,2024-01-12
1056,70,Male,1056,Jacket,Outerwear,1056,1466,27.00,Massachusetts,M,Orange,Spring,3.3,0,Next Day Air,Yes,Yes,24,Debit Card,Annually,2024-05-20
1057,20,Male,1057,Sweater,Clothing,1057,1467,64.00,Idaho,L,Black,Winter,2.9,0,2-Day Shipping,Yes,Yes,42,Venmo,Fortnightly,2024-02-24
1058,65,Male,1058,Jacket,Outerwear,1058,1468,23.00,Wisconsin,S,Maroon,Spring,4.4,0,2-Day Shipping,Yes,Yes,20,Credit Card,Weekly,2024-03-09
1059,29,Male,1059,Scarf,Accessories,1059,1469,33.00,New Mexico,L,Violet,Summer,3.1,0,Next Day Air,Yes,Yes,49,Bank Transfer,Every 3 Months,2024-08-24
1060,22,Male,1060,Jacket,Outerwear,1060,1471,34.00,North Carolina,M,Beige,Winter,2.5,0,Standard,Yes,Yes,25,Debit Card,Monthly,2024-12-18
1061,27,Male,1061,Sweater,Clothing,1061,1472,35.00,Iowa,S,Gray,Summer,2.6,0,Next Day Air,Yes,Yes,21,Debit Card,Every 3 Months,2024-07-04
1062,36,Male,1062,Coat,Outerwear,1062,1473,62.00,Idaho,M,Gray,Summer,4.4,0,Free Shipping,Yes,Yes,12,Venmo,Every 3 Months,2024-07-03
1063,59,Male,1063,Boots,Footwear,1063,1474,75.00,Ohio,M,Brown,Fall,2.6,0,Next Day Air,Yes,Yes,21,Debit Card,Every 3 Months,2024-11-02
1064,62,Male,1064,Hoodie,Clothing,1064,1475,29.00,Alabama,S,Indigo,Summer,3.3,0,Free Shipping,Yes,Yes,35,Cash,Monthly,2024-07-02
1065,34,Male,1065,Hat,Accessories,1065,1477,28.00,Wyoming,M,Violet,Spring,3.5,0,Express,Yes,Yes,42,Credit Card,Every 3 Months,2024-05-17
1066,59,Male,1066,T-shirt,Clothing,1066,1478,20.00,Alabama,XL,Blue,Spring,4.1,0,Store Pickup,Yes,Yes,3,PayPal,Every 3 Months,2024-04-14
1067,49,Male,1067,Coat,Outerwear,1067,1479,96.00,Mississippi,M,Red,Winter,4,0,Store Pickup,Yes,Yes,11,PayPal,Bi-Weekly,2024-12-03
1068,18,Male,1068,Dress,Clothing,1068,1480,43.00,Pennsylvania,S,Peach,Summer,2.7,0,2-Day Shipping,Yes,Yes,22,PayPal,Quarterly,2024-06-13
1069,55,Male,1069,Shirt,Clothing,1069,1481,94.00,Wyoming,M,Olive,Fall,2.5,0,Standard,Yes,Yes,47,Credit Card,Weekly,2024-09-19
1070,38,Male,1070,Skirt,Clothing,1070,1483,81.00,Maryland,XL,White,Fall,4.3,0,Next Day Air,Yes,Yes,33,Venmo,Every 3 Months,2024-11-05
1071,50,Male,1071,Jewelry,Accessories,1071,1484,75.00,North Carolina,M,Magenta,Summer,3.3,0,Free Shipping,Yes,Yes,50,Debit Card,Weekly,2024-06-09
1072,61,Male,1072,Hat,Accessories,1072,1485,81.00,Pennsylvania,M,Beige,Summer,2.6,0,Express,Yes,Yes,46,Credit Card,Monthly,2024-08-17
1073,48,Male,1073,Shorts,Clothing,1073,1486,92.00,Idaho,L,Gold,Fall,3.5,0,Express,Yes,Yes,34,Debit Card,Fortnightly,2024-10-07
1074,22,Male,1074,Scarf,Accessories,1074,1487,96.00,California,XL,Purple,Spring,4,0,Store Pickup,Yes,Yes,33,Credit Card,Monthly,2024-03-08
1075,48,Male,1075,Jewelry,Accessories,1075,1489,71.00,Tennessee,S,White,Fall,2.6,0,Standard,Yes,Yes,45,Bank Transfer,Fortnightly,2024-10-24
1076,57,Male,1076,Sunglasses,Accessories,1076,1490,50.00,Missouri,L,Indigo,Summer,4.9,0,Next Day Air,Yes,Yes,32,Debit Card,Bi-Weekly,2024-07-04
1077,33,Male,1077,Coat,Outerwear,1077,1491,72.00,North Dakota,L,Charcoal,Spring,2.9,0,Standard,Yes,Yes,47,Venmo,Bi-Weekly,2024-03-16
1078,58,Male,1078,Jacket,Outerwear,1078,1492,28.00,West Virginia,M,Pink,Winter,3.7,0,Standard,Yes,Yes,5,PayPal,Quarterly,2024-02-01
1079,37,Male,1079,Sweater,Clothing,1079,1493,59.00,Arizona,M,Silver,Fall,4.4,0,Express,Yes,Yes,49,Credit Card,Fortnightly,2024-09-11
1080,18,Male,1080,Coat,Outerwear,1080,1495,33.00,Oklahoma,S,Blue,Summer,4.4,0,Free Shipping,Yes,Yes,48,Bank Transfer,Monthly,2024-07-14
1081,65,Male,1081,Scarf,Accessories,1081,1496,59.00,Pennsylvania,L,Blue,Fall,3.8,0,Express,Yes,Yes,22,Cash,Every 3 Months,2024-11-11
1082,62,Male,1082,Belt,Accessories,1082,1497,30.00,Idaho,XL,Brown,Spring,4.5,0,Standard,Yes,Yes,45,Credit Card,Annually,2024-04-17
1083,54,Male,1083,Hat,Accessories,1083,1498,85.00,South Carolina,XL,Cyan,Winter,2.6,0,Next Day Air,Yes,Yes,30,Venmo,Quarterly,2024-12-25
1084,35,Male,1084,Backpack,Accessories,1084,1499,97.00,Washington,L,Teal,Summer,3.3,0,Store Pickup,Yes,Yes,43,Cash,Weekly,2024-07-20
1085,34,Male,1085,T-shirt,Clothing,1085,1501,36.00,Arkansas,S,Purple,Fall,4.1,0,Next Day Air,Yes,Yes,48,Cash,Quarterly,2024-11-17
1086,25,Male,1086,Jewelry,Accessories,1086,1502,85.00,Utah,M,Turquoise,Winter,3,0,Store Pickup,Yes,Yes,23,Venmo,Fortnightly,2024-01-09
1087,53,Male,1087,Sunglasses,Accessories,1087,1503,62.00,Alaska,M,Olive,Winter,3,0,Free Shipping,Yes,Yes,27,PayPal,Bi-Weekly,2024-12-08
1088,45,Male,1088,Jeans,Clothing,1088,1504,71.00,West Virginia,S,White,Winter,3.4,0,Next Day Air,Yes,Yes,7,Bank Transfer,Monthly,2024-12-18
1089,49,Male,1089,Pants,Clothing,1089,1505,21.00,Louisiana,M,Turquoise,Winter,2.7,0,Free Shipping,Yes,Yes,2,PayPal,Weekly,2024-01-07
1090,40,Male,1090,Backpack,Accessories,1090,1507,61.00,Arizona,M,Silver,Spring,3.8,0,Next Day Air,Yes,Yes,33,PayPal,Bi-Weekly,2024-04-24
1091,38,Male,1091,Scarf,Accessories,1091,1508,58.00,Connecticut,M,Violet,Spring,4.2,0,Store Pickup,Yes,Yes,27,Cash,Fortnightly,2024-03-23
1092,44,Male,1092,Sweater,Clothing,1092,1509,80.00,North Carolina,L,Lavender,Spring,4.7,0,Store Pickup,Yes,Yes,6,Credit Card,Fortnightly,2024-04-25
1093,68,Male,1093,Jewelry,Accessories,1093,1510,50.00,South Dakota,L,Magenta,Spring,4.1,0,2-Day Shipping,Yes,Yes,20,Venmo,Quarterly,2024-04-23
1094,60,Male,1094,Sneakers,Footwear,1094,1511,48.00,Delaware,S,Indigo,Winter,4.2,0,2-Day Shipping,Yes,Yes,46,Venmo,Every 3 Months,2024-01-03
1095,25,Male,1095,Jewelry,Accessories,1095,1513,40.00,Connecticut,M,Black,Winter,4.8,0,Next Day Air,Yes,Yes,25,Cash,Quarterly,2024-12-11
1096,19,Male,1096,Coat,Outerwear,1096,1514,34.00,Tennessee,S,Peach,Summer,3,0,Free Shipping,Yes,Yes,30,Bank Transfer,Quarterly,2024-08-07
1097,57,Male,1097,Coat,Outerwear,1097,1515,46.00,New Hampshire,S,Beige,Fall,2.6,0,Standard,Yes,Yes,48,Credit Card,Annually,2024-10-28
1098,58,Male,1098,Sunglasses,Accessories,1098,1516,27.00,Vermont,M,Black,Summer,3.2,0,Store Pickup,Yes,Yes,47,Bank Transfer,Weekly,2024-06-09
1099,49,Male,1099,Handbag,Accessories,1099,1517,98.00,Idaho,S,Turquoise,Spring,3.6,0,Next Day Air,Yes,Yes,27,Credit Card,Weekly,2024-05-11
1100,19,Male,1100,Sweater,Clothing,1100,1519,73.00,North Carolina,M,Peach,Fall,2.6,0,Next Day Air,Yes,Yes,45,Bank Transfer,Fortnightly,2024-09-08
1101,50,Male,1101,Pants,Clothing,1101,1520,28.00,Nevada,L,Gold,Spring,4.4,0,Express,Yes,Yes,2,Credit Card,Weekly,2024-04-23
1102,30,Male,1102,Gloves,Accessories,1102,1521,76.00,Delaware,XL,Silver,Fall,3,0,Free Shipping,Yes,Yes,39,Cash,Fortnightly,2024-11-13
1103,52,Male,1103,Sweater,Clothing,1103,1522,83.00,Texas,M,Peach,Fall,2.9,0,Express,Yes,Yes,24,Cash,Fortnightly,2024-09-21
1104,35,Male,1104,Hoodie,Clothing,1104,1523,23.00,Tennessee,S,Charcoal,Spring,4.3,0,Free Shipping,Yes,Yes,8,Debit Card,Bi-Weekly,2024-04-12
1105,35,Male,1105,Hat,Accessories,1105,1525,28.00,Delaware,M,Beige,Fall,3.1,0,Express,Yes,Yes,8,Bank Transfer,Quarterly,2024-09-28
1106,33,Male,1106,T-shirt,Clothing,1106,1526,83.00,Massachusetts,S,Olive,Spring,3,0,Next Day Air,Yes,Yes,6,Venmo,Every 3 Months,2024-05-21
1107,52,Male,1107,Skirt,Clothing,1107,1527,96.00,Minnesota,L,Violet,Winter,3.6,0,Store Pickup,Yes,Yes,12,Venmo,Fortnightly,2024-01-13
1108,69,Male,1108,Sneakers,Footwear,1108,1528,62.00,Texas,M,Peach,Fall,2.8,0,Store Pickup,Yes,Yes,26,Bank Transfer,Weekly,2024-10-05
1109,27,Male,1109,Shorts,Clothing,1109,1529,25.00,Nebraska,M,Teal,Fall,2.8,0,Standard,Yes,Yes,50,Cash,Fortnightly,2024-11-27
1110,66,Male,1110,Hoodie,Clothing,1110,1531,97.00,Oklahoma,L,Violet,Winter,4.9,0,Next Day Air,Yes,Yes,2,Venmo,Weekly,2024-02-26
1111,28,Male,1111,Hoodie,Clothing,1111,1532,61.00,Texas,L,Cyan,Fall,3,0,Standard,Yes,Yes,31,Cash,Bi-Weekly,2024-09-05
1112,22,Male,1112,Shoes,Footwear,1112,1533,66.00,New York,S,Olive,Summer,4.1,0,Next Day Air,Yes,Yes,4,Credit Card,Bi-Weekly,2024-07-18
1113,69,Male,1113,Hoodie,Clothing,1113,1534,67.00,Washington,XL,Pink,Spring,4.6,0,Free Shipping,Yes,Yes,32,PayPal,Quarterly,2024-03-24
1114,28,Male,1114,Sunglasses,Accessories,1114,1535,80.00,Maryland,M,Purple,Summer,4.8,0,Next Day Air,Yes,Yes,11,PayPal,Bi-Weekly,2024-06-11
1115,55,Male,1115,Skirt,Clothing,1115,1537,25.00,New Hampshire,L,Violet,Fall,2.6,0,Next Day Air,Yes,Yes,47,Bank Transfer,Every 3 Months,2024-09-10
1116,30,Male,1116,Hat,Accessories,1116,1538,58.00,New York,S,Peach,Fall,4,0,2-Day Shipping,Yes,Yes,37,Cash,Weekly,2024-11-07
1117,67,Male,1117,Backpack,Accessories,1117,1539,96.00,Hawaii,M,Charcoal,Winter,4.2,0,Express,Yes,Yes,39,PayPal,Fortnightly,2024-12-23
1118,25,Male,1118,Sunglasses,Accessories,1118,1540,77.00,California,L,Lavender,Spring,4.5,0,Store Pickup,Yes,Yes,24,Credit Card,Monthly,2024-04-24
1119,49,Male,1119,Belt,Accessories,1119,1541,65.00,Indiana,M,Purple,Summer,4.9,0,Standard,Yes,Yes,11,PayPal,Every 3 Months,2024-07-07
1120,34,Male,1120,Jewelry,Accessories,1120,1543,36.00,Louisiana,M,Indigo,Spring,3.1,0,Standard,Yes,Yes,36,Credit Card,Weekly,2024-04-15
1121,22,Male,1121,Sneakers,Footwear,1121,1544,84.00,Pennsylvania,M,Magenta,Winter,4,0,Next Day Air,Yes,Yes,40,Debit Card,Monthly,2024-12-05
1122,63,Male,1122,T-shirt,Clothing,1122,1545,58.00,Florida,XL,Peach,Fall,3.2,0,Express,Yes,Yes,25,Cash,Quarterly,2024-10-25
1123,70,Male,1123,Handbag,Accessories,1123,1546,62.00,North Carolina,S,Charcoal,Spring,4.3,0,2-Day Shipping,Yes,Yes,12,Credit Card,Annually,2024-03-21
1124,36,Male,1124,Hat,Accessories,1124,1547,67.00,Massachusetts,S,Purple,Fall,2.5,0,Store Pickup,Yes,Yes,38,Cash,Monthly,2024-10-02
1125,42,Male,1125,Sweater,Clothing,1125,1549,20.00,Iowa,M,Orange,Spring,4.9,0,Express,Yes,Yes,40,Cash,Quarterly,2024-05-14
1126,27,Male,1126,Sandals,Footwear,1126,1550,90.00,North Dakota,M,Lavender,Summer,2.7,0,2-Day Shipping,Yes,Yes,10,Bank Transfer,Weekly,2024-08-27
1127,23,Male,1127,Scarf,Accessories,1127,1551,58.00,Iowa,L,Beige,Winter,3.4,0,Standard,Yes,Yes,47,Venmo,Fortnightly,2024-02-04
1128,50,Male,1128,Shirt,Clothing,1128,1552,53.00,Delaware,XL,Maroon,Spring,4.8,0,Store Pickup,Yes,Yes,22,Debit Card,Monthly,2024-03-15
1129,56,Male,1129,Gloves,Accessories,1129,1553,30.00,New York,L,Charcoal,Winter,4.7,0,Next Day Air,Yes,Yes,35,Debit Card,Monthly,2024-12-05
1130,37,Male,1130,Hoodie,Clothing,1130,1555,65.00,New Hampshire,XL,White,Winter,4.7,0,Express,Yes,Yes,46,Venmo,Fortnightly,2024-12-17
1131,67,Male,1131,Jewelry,Accessories,1131,1556,41.00,Kentucky,M,Lavender,Summer,3.9,0,Standard,Yes,Yes,30,PayPal,Bi-Weekly,2024-08-14
1132,67,Male,1132,Shirt,Clothing,1132,1557,73.00,Illinois,M,Black,Spring,3.7,0,Express,Yes,Yes,20,Bank Transfer,Monthly,2024-03-02
1133,50,Male,1133,Hoodie,Clothing,1133,1558,98.00,North Carolina,S,Teal,Spring,4.3,0,Store Pickup,Yes,Yes,25,Cash,Fortnightly,2024-03-14
1134,36,Male,1134,Shoes,Footwear,1134,1559,36.00,Connecticut,XL,Magenta,Winter,4.1,0,2-Day Shipping,Yes,Yes,29,Cash,Weekly,2024-12-26
1135,62,Male,1135,T-shirt,Clothing,1135,1561,81.00,Wisconsin,M,Brown,Summer,4.6,0,Express,Yes,Yes,2,Venmo,Every 3 Months,2024-07-24
1136,65,Male,1136,Skirt,Clothing,1136,1562,90.00,Massachusetts,L,Peach,Winter,3.6,0,2-Day Shipping,Yes,Yes,32,Bank Transfer,Quarterly,2024-12-13
1137,23,Male,1137,Handbag,Accessories,1137,1563,83.00,Illinois,S,Cyan,Summer,4.8,0,Free Shipping,Yes,Yes,37,Cash,Monthly,2024-06-17
1138,46,Male,1138,Shirt,Clothing,1138,1564,91.00,New Mexico,XL,Pink,Winter,2.8,0,2-Day Shipping,Yes,Yes,16,Bank Transfer,Every 3 Months,2024-02-21
1139,18,Male,1139,Pants,Clothing,1139,1565,36.00,Iowa,M,Purple,Summer,4.7,0,Express,Yes,Yes,32,Venmo,Fortnightly,2024-08-26
1140,58,Male,1140,Coat,Outerwear,1140,1567,53.00,Alabama,L,Purple,Spring,3.9,0,Standard,Yes,Yes,42,Debit Card,Bi-Weekly,2024-04-04
1141,31,Male,1141,Jeans,Clothing,1141,1568,39.00,Maryland,M,White,Winter,2.6,0,Store Pickup,Yes,Yes,6,Credit Card,Every 3 Months,2024-12-14
1142,39,Male,1142,Gloves,Accessories,1142,1569,33.00,Ohio,S,Silver,Winter,4.7,0,Next Day Air,Yes,Yes,23,PayPal,Fortnightly,2024-12-13
1143,69,Male,1143,T-shirt,Clothing,1143,1570,76.00,Ohio,L,Green,Spring,3.5,0,Store Pickup,Yes,Yes,27,Venmo,Bi-Weekly,2024-04-03
1144,68,Male,1144,Boots,Footwear,1144,1571,23.00,Nevada,L,Teal,Winter,4.4,0,Standard,Yes,Yes,43,PayPal,Quarterly,2024-01-24
1145,41,Male,1145,Jeans,Clothing,1145,1573,54.00,South Carolina,S,Indigo,Fall,4.4,0,2-Day Shipping,Yes,Yes,25,Bank Transfer,Fortnightly,2024-09-06
1146,31,Male,1146,Sneakers,Footwear,1146,1574,89.00,Nevada,L,Pink,Summer,3,0,Express,Yes,Yes,30,Cash,Every 3 Months,2024-07-27
1147,48,Male,1147,Sneakers,Footwear,1147,1575,38.00,Wisconsin,M,Indigo,Summer,4.2,0,Standard,Yes,Yes,7,Bank Transfer,Every 3 Months,2024-08-16
1148,59,Male,1148,Hat,Accessories,1148,1576,36.00,Tennessee,XL,Red,Winter,4.3,0,Next Day Air,Yes,Yes,17,Debit Card,Annually,2024-01-20
1149,34,Male,1149,Pants,Clothing,1149,1577,66.00,Florida,M,Violet,Spring,2.6,0,Store Pickup,Yes,Yes,10,PayPal,Fortnightly,2024-05-03
1150,21,Male,1150,Jewelry,Accessories,1150,1579,42.00,Georgia,L,Cyan,Spring,3.3,0,Store Pickup,Yes,Yes,40,Venmo,Annually,2024-03-18
1151,29,Male,1151,Jewelry,Accessories,1151,1580,36.00,Kentucky,S,Red,Winter,2.7,0,Next Day Air,Yes,Yes,50,Venmo,Bi-Weekly,2024-01-19
1152,41,Male,1152,Blouse,Clothing,1152,1581,86.00,Ohio,M,Gray,Spring,4.2,0,Express,Yes,Yes,24,Credit Card,Weekly,2024-03-19
1153,62,Male,1153,Handbag,Accessories,1153,1582,49.00,Connecticut,M,Gold,Fall,4,0,Standard,Yes,Yes,8,PayPal,Every 3 Months,2024-10-08
1154,27,Male,1154,Shirt,Clothing,1154,1583,41.00,Idaho,M,Pink,Summer,4,0,Free Shipping,Yes,Yes,6,Bank Transfer,Quarterly,2024-07-19
1155,49,Male,1155,Dress,Clothing,1155,1585,82.00,Georgia,L,Cyan,Spring,2.9,0,2-Day Shipping,Yes,Yes,44,Credit Card,Bi-Weekly,2024-04-07
1156,67,Male,1156,T-shirt,Clothing,1156,1586,53.00,Tennessee,S,Red,Fall,2.6,0,Express,Yes,Yes,47,PayPal,Quarterly,2024-11-04
1157,20,Male,1157,Shoes,Footwear,1157,1587,21.00,Hawaii,M,Gold,Summer,4.8,0,Express,Yes,Yes,6,Venmo,Every 3 Months,2024-06-26
1158,37,Male,1158,Belt,Accessories,1158,1588,66.00,Maryland,M,Charcoal,Fall,4.4,0,Standard,Yes,Yes,11,Cash,Quarterly,2024-10-19
1159,69,Male,1159,Belt,Accessories,1159,1589,89.00,Nevada,L,Orange,Summer,4,0,2-Day Shipping,Yes,Yes,41,Bank Transfer,Annually,2024-08-12
1160,66,Male,1160,Handbag,Accessories,1160,1591,55.00,New Hampshire,L,Blue,Fall,3.6,0,2-Day Shipping,Yes,Yes,46,Venmo,Every 3 Months,2024-11-08
1161,37,Male,1161,Scarf,Accessories,1161,1592,42.00,North Dakota,S,Blue,Summer,3.2,0,Next Day Air,Yes,Yes,9,Venmo,Bi-Weekly,2024-06-26
1162,63,Male,1162,Shorts,Clothing,1162,1593,52.00,Oklahoma,S,Orange,Fall,3.1,0,2-Day Shipping,Yes,Yes,37,PayPal,Monthly,2024-11-02
1163,47,Male,1163,Sandals,Footwear,1163,1594,92.00,North Carolina,M,Blue,Winter,4.2,0,Express,Yes,Yes,13,PayPal,Weekly,2024-12-10
1164,26,Male,1164,Pants,Clothing,1164,1595,56.00,Tennessee,L,White,Summer,3,0,2-Day Shipping,Yes,Yes,24,Debit Card,Monthly,2024-08-28
1165,68,Male,1165,Dress,Clothing,1165,1597,96.00,Montana,M,Green,Winter,4.2,0,Standard,Yes,Yes,47,PayPal,Quarterly,2024-12-20
1166,51,Male,1166,T-shirt,Clothing,1166,1598,64.00,Wisconsin,M,Silver,Winter,2.9,0,Next Day Air,Yes,Yes,21,Venmo,Every 3 Months,2024-01-21
1167,48,Male,1167,Dress,Clothing,1167,1599,48.00,Connecticut,S,Lavender,Winter,3.7,0,Store Pickup,Yes,Yes,22,Venmo,Fortnightly,2024-02-10
1168,60,Male,1168,Socks,Clothing,1168,1600,83.00,New Jersey,XL,Beige,Summer,3.6,0,Free Shipping,Yes,Yes,16,PayPal,Quarterly,2024-06-14
1169,68,Male,1169,Scarf,Accessories,1169,1601,91.00,Mississippi,L,Violet,Summer,3.6,0,Standard,Yes,Yes,37,Debit Card,Fortnightly,2024-06-20
1170,25,Male,1170,Backpack,Accessories,1170,1603,94.00,Wyoming,S,Gray,Fall,4.5,0,2-Day Shipping,Yes,Yes,3,Cash,Annually,2024-09-15
1171,57,Male,1171,Skirt,Clothing,1171,1604,62.00,Illinois,S,Red,Spring,3.2,0,Express,Yes,Yes,33,Cash,Bi-Weekly,2024-04-15
1172,41,Male,1172,Socks,Clothing,1172,1605,55.00,Louisiana,M,Lavender,Spring,3.9,0,Next Day Air,Yes,Yes,15,Debit Card,Annually,2024-05-05
1173,59,Male,1173,Coat,Outerwear,1173,1606,68.00,Oregon,L,Peach,Spring,4.6,0,Store Pickup,Yes,Yes,42,Bank Transfer,Bi-Weekly,2024-05-01
1174,44,Male,1174,Jewelry,Accessories,1174,1607,76.00,South Dakota,M,Indigo,Winter,2.5,0,Express,Yes,Yes,42,Cash,Bi-Weekly,2024-02-07
1175,42,Male,1175,Backpack,Accessories,1175,1609,31.00,Michigan,M,Black,Winter,4.3,0,Express,Yes,Yes,19,Bank Transfer,Bi-Weekly,2024-02-05
1176,35,Male,1176,Belt,Accessories,1176,1610,81.00,New Jersey,M,Beige,Spring,4.1,0,Store Pickup,Yes,Yes,26,PayPal,Quarterly,2024-03-20
1177,36,Male,1177,Dress,Clothing,1177,1611,83.00,Oregon,M,Red,Winter,4.6,0,Free Shipping,Yes,Yes,39,PayPal,Quarterly,2024-12-16
1178,54,Male,1178,Skirt,Clothing,1178,1612,21.00,Iowa,M,Black,Spring,4.8,0,Standard,Yes,Yes,24,Debit Card,Monthly,2024-05-17
1179,37,Male,1179,Dress,Clothing,1179,1613,22.00,South Carolina,M,Teal,Spring,4.9,0,Express,Yes,Yes,23,Debit Card,Annually,2024-05-11
1180,20,Male,1180,T-shirt,Clothing,1180,1615,33.00,Indiana,M,Blue,Summer,2.8,0,Free Shipping,Yes,Yes,44,Bank Transfer,Annually,2024-06-11
1181,23,Male,1181,Skirt,Clothing,1181,1616,23.00,Oregon,S,Beige,Spring,4.9,0,Standard,Yes,Yes,34,Cash,Monthly,2024-04-01
1182,61,Male,1182,Shorts,Clothing,1182,1617,96.00,New York,L,Teal,Summer,3.5,0,Free Shipping,Yes,Yes,43,Bank Transfer,Quarterly,2024-07-19
1183,37,Male,1183,Jewelry,Accessories,1183,1618,21.00,New Mexico,M,Maroon,Spring,3.8,0,Express,Yes,Yes,45,PayPal,Quarterly,2024-04-27
1184,23,Male,1184,Pants,Clothing,1184,1619,39.00,Louisiana,M,Yellow,Spring,4.5,0,2-Day Shipping,Yes,Yes,4,Credit Card,Weekly,2024-04-12
1185,63,Male,1185,Belt,Accessories,1185,1621,73.00,South Carolina,S,Indigo,Fall,3.4,0,Express,Yes,Yes,19,Credit Card,Annually,2024-10-05
1186,47,Male,1186,Jeans,Clothing,1186,1622,64.00,Maine,M,Magenta,Spring,3.9,0,Standard,Yes,Yes,29,Credit Card,Monthly,2024-05-04
1187,63,Male,1187,Jeans,Clothing,1187,1623,68.00,Indiana,M,Beige,Summer,4.1,0,2-Day Shipping,Yes,Yes,27,Credit Card,Annually,2024-08-18
1188,56,Male,1188,Hat,Accessories,1188,1624,89.00,Iowa,L,Maroon,Fall,3,0,Express,Yes,Yes,37,Credit Card,Every 3 Months,2024-09-21
1189,68,Male,1189,Blouse,Clothing,1189,1625,29.00,Mississippi,M,Magenta,Summer,3.3,0,Next Day Air,Yes,Yes,11,Credit Card,Weekly,2024-06-19
1190,64,Male,1190,Shirt,Clothing,1190,1627,97.00,Arkansas,XL,Teal,Summer,4.9,0,Free Shipping,Yes,Yes,28,Debit Card,Annually,2024-06-13
1191,62,Male,1191,Shirt,Clothing,1191,1628,45.00,South Carolina,M,Orange,Winter,4.3,0,Next Day Air,Yes,Yes,31,Credit Card,Weekly,2024-01-13
1192,34,Male,1192,T-shirt,Clothing,1192,1629,70.00,Indiana,L,Charcoal,Winter,4.1,0,Free Shipping,Yes,Yes,50,Venmo,Quarterly,2024-01-13
1193,49,Male,1193,Coat,Outerwear,1193,1630,56.00,Florida,M,Turquoise,Summer,4,0,2-Day Shipping,Yes,Yes,42,Venmo,Quarterly,2024-06-01
1194,40,Male,1194,Jacket,Outerwear,1194,1631,55.00,Alaska,L,Pink,Fall,5,0,2-Day Shipping,Yes,Yes,18,Credit Card,Fortnightly,2024-09-03
1195,50,Male,1195,Hoodie,Clothing,1195,1633,46.00,New York,S,Teal,Winter,3.1,0,2-Day Shipping,Yes,Yes,6,Credit Card,Fortnightly,2024-01-11
1196,25,Male,1196,Scarf,Accessories,1196,1634,95.00,Texas,M,White,Winter,4,0,2-Day Shipping,Yes,Yes,33,Venmo,Monthly,2024-02-28
1197,30,Male,1197,Belt,Accessories,1197,1635,88.00,North Dakota,M,Maroon,Winter,3.2,0,2-Day Shipping,Yes,Yes,13,Bank Transfer,Bi-Weekly,2024-12-27
1198,54,Male,1198,Sneakers,Footwear,1198,1636,92.00,Vermont,L,Violet,Fall,3.9,0,Standard,Yes,Yes,26,PayPal,Annually,2024-11-26
1199,40,Male,1199,Socks,Clothing,1199,1637,49.00,New Jersey,M,Brown,Summer,3.9,0,2-Day Shipping,Yes,Yes,17,Cash,Annually,2024-06-01
1200,49,Male,1200,Sandals,Footwear,1200,1639,89.00,Maryland,M,Indigo,Fall,4.5,0,Free Shipping,Yes,Yes,3,Debit Card,Weekly,2024-09-17
1201,27,Male,1201,Coat,Outerwear,1201,1640,22.00,Connecticut,XL,Black,Winter,4.4,0,Store Pickup,Yes,Yes,7,PayPal,Weekly,2024-01-04
1202,27,Male,1202,Shoes,Footwear,1202,1641,61.00,Illinois,XL,Black,Summer,3.1,0,2-Day Shipping,Yes,Yes,46,Venmo,Fortnightly,2024-07-23
1203,48,Male,1203,Scarf,Accessories,1203,1642,29.00,Maryland,S,Olive,Spring,2.9,0,Standard,Yes,Yes,14,Venmo,Every 3 Months,2024-05-09
1204,40,Male,1204,Sneakers,Footwear,1204,1643,82.00,Minnesota,M,Orange,Winter,3.7,0,Free Shipping,Yes,Yes,23,Bank Transfer,Annually,2024-12-04
1205,67,Male,1205,Belt,Accessories,1205,1645,94.00,Florida,M,Pink,Spring,3.2,0,2-Day Shipping,Yes,Yes,20,Credit Card,Every 3 Months,2024-04-19
1206,52,Male,1206,Handbag,Accessories,1206,1646,99.00,California,M,Olive,Spring,3.5,0,Standard,Yes,Yes,38,Bank Transfer,Fortnightly,2024-03-15
1207,22,Male,1207,Handbag,Accessories,1207,1647,59.00,Mississippi,S,Cyan,Fall,3,0,Free Shipping,Yes,Yes,16,Venmo,Every 3 Months,2024-09-10
1208,62,Male,1208,Boots,Footwear,1208,1648,90.00,Washington,M,White,Summer,4.1,0,Next Day Air,Yes,Yes,48,Credit Card,Every 3 Months,2024-07-25
1209,20,Male,1209,Boots,Footwear,1209,1649,100.00,Wisconsin,S,Red,Winter,2.9,0,2-Day Shipping,Yes,Yes,8,Debit Card,Annually,2024-02-17
1210,41,Male,1210,Pants,Clothing,1210,1651,62.00,Pennsylvania,M,Blue,Winter,3.8,0,Next Day Air,Yes,Yes,16,Bank Transfer,Monthly,2024-12-05
1211,34,Male,1211,Sunglasses,Accessories,1211,1652,78.00,Missouri,M,Olive,Fall,4.1,0,Next Day Air,Yes,Yes,5,Cash,Quarterly,2024-09-08
1212,23,Male,1212,Hoodie,Clothing,1212,1653,94.00,Oklahoma,M,Green,Spring,4.6,0,Store Pickup,Yes,Yes,14,Venmo,Every 3 Months,2024-05-20
1213,32,Male,1213,Shoes,Footwear,1213,1654,74.00,Pennsylvania,M,Yellow,Summer,2.5,0,Free Shipping,Yes,Yes,18,Credit Card,Weekly,2024-08-18
1214,68,Male,1214,Handbag,Accessories,1214,1655,52.00,Kentucky,XL,Black,Spring,3.7,0,Express,Yes,Yes,14,Debit Card,Every 3 Months,2024-04-21
1215,30,Male,1215,Jacket,Outerwear,1215,1657,81.00,Vermont,M,Blue,Fall,3.8,0,Free Shipping,Yes,Yes,5,Cash,Every 3 Months,2024-11-17
1216,66,Male,1216,Blouse,Clothing,1216,1658,20.00,Oregon,L,Pink,Winter,2.6,0,2-Day Shipping,Yes,Yes,15,Credit Card,Every 3 Months,2024-02-19
1217,62,Male,1217,Pants,Clothing,1217,1659,32.00,Utah,XL,Lavender,Summer,3.7,0,Free Shipping,Yes,Yes,3,Venmo,Every 3 Months,2024-08-08
1218,50,Male,1218,Boots,Footwear,1218,1660,63.00,Nebraska,XL,Cyan,Fall,2.6,0,Free Shipping,Yes,Yes,12,Cash,Every 3 Months,2024-11-24
1219,55,Male,1219,Boots,Footwear,1219,1661,79.00,Pennsylvania,M,Cyan,Spring,3.1,0,Store Pickup,Yes,Yes,43,Cash,Every 3 Months,2024-03-10
1220,19,Male,1220,Sweater,Clothing,1220,1663,23.00,Vermont,M,Gold,Winter,2.5,0,Next Day Air,Yes,Yes,35,Credit Card,Bi-Weekly,2024-01-11
1221,67,Male,1221,Gloves,Accessories,1221,1664,64.00,Kentucky,M,Green,Winter,4.9,0,Express,Yes,Yes,36,Bank Transfer,Quarterly,2024-12-05
1222,18,Male,1222,Socks,Clothing,1222,1665,69.00,Iowa,M,Red,Winter,4.5,0,Standard,Yes,Yes,3,Cash,Quarterly,2024-12-07
1223,58,Male,1223,Jeans,Clothing,1223,1666,69.00,Indiana,L,Magenta,Fall,3.4,0,Store Pickup,Yes,Yes,27,Bank Transfer,Annually,2024-10-27
1224,69,Male,1224,Pants,Clothing,1224,1667,24.00,Kansas,L,Red,Winter,3.9,0,Free Shipping,Yes,Yes,21,Bank Transfer,Weekly,2024-12-10
1225,62,Male,1225,Shorts,Clothing,1225,1669,50.00,Illinois,M,Yellow,Summer,3.7,0,Store Pickup,Yes,Yes,18,Venmo,Weekly,2024-08-17
1226,28,Male,1226,Gloves,Accessories,1226,1670,97.00,North Carolina,S,Turquoise,Fall,2.6,0,Free Shipping,Yes,Yes,16,Debit Card,Weekly,2024-11-12
1227,53,Male,1227,Sandals,Footwear,1227,1671,91.00,Ohio,S,Cyan,Fall,3.4,0,Store Pickup,Yes,Yes,18,Venmo,Bi-Weekly,2024-10-25
1228,27,Male,1228,Blouse,Clothing,1228,1672,37.00,Illinois,L,Yellow,Spring,4.9,0,Store Pickup,Yes,Yes,19,Bank Transfer,Bi-Weekly,2024-04-19
1229,55,Male,1229,Jacket,Outerwear,1229,1673,55.00,Indiana,S,Yellow,Winter,3.9,0,Express,Yes,Yes,1,Cash,Annually,2024-01-23
1230,34,Male,1230,Jewelry,Accessories,1230,1675,52.00,Kansas,XL,Maroon,Winter,3.6,0,Express,Yes,Yes,39,Bank Transfer,Annually,2024-01-25
1231,25,Male,1231,Hat,Accessories,1231,1676,80.00,Illinois,L,Brown,Spring,4.6,0,Standard,Yes,Yes,49,Venmo,Monthly,2024-03-13
1232,66,Male,1232,Socks,Clothing,1232,1677,79.00,Pennsylvania,M,Gold,Spring,4,0,2-Day Shipping,Yes,Yes,43,Credit Card,Fortnightly,2024-04-02
1233,57,Male,1233,Handbag,Accessories,1233,1678,23.00,New York,M,Charcoal,Summer,3.6,0,Free Shipping,Yes,Yes,31,Debit Card,Every 3 Months,2024-08-01
1234,46,Male,1234,Pants,Clothing,1234,1679,73.00,Utah,L,Beige,Winter,3.5,0,Next Day Air,Yes,Yes,40,Venmo,Every 3 Months,2024-02-07
1235,38,Male,1235,Gloves,Accessories,1235,1681,99.00,New Jersey,M,Indigo,Fall,4.1,0,Store Pickup,Yes,Yes,2,Bank Transfer,Bi-Weekly,2024-10-28
1236,23,Male,1236,Sweater,Clothing,1236,1682,22.00,Idaho,M,Red,Spring,3,0,Store Pickup,Yes,Yes,46,PayPal,Every 3 Months,2024-05-12
1237,42,Male,1237,Hat,Accessories,1237,1683,68.00,New Mexico,M,White,Summer,4.4,0,Store Pickup,Yes,Yes,35,Debit Card,Every 3 Months,2024-07-25
1238,25,Male,1238,Dress,Clothing,1238,1684,92.00,Michigan,S,Charcoal,Spring,4.4,0,2-Day Shipping,Yes,Yes,42,Credit Card,Quarterly,2024-03-09
1239,55,Male,1239,Pants,Clothing,1239,1685,77.00,Wyoming,M,Violet,Winter,3.7,0,Express,Yes,Yes,3,Venmo,Fortnightly,2024-12-07
1240,62,Male,1240,Coat,Outerwear,1240,1687,37.00,New Jersey,XL,Magenta,Spring,4.8,0,Standard,Yes,Yes,32,Debit Card,Every 3 Months,2024-03-13
1241,41,Male,1241,Scarf,Accessories,1241,1688,79.00,New Jersey,L,White,Winter,2.9,0,Store Pickup,Yes,Yes,48,Debit Card,Annually,2024-12-15
1242,58,Male,1242,Hoodie,Clothing,1242,1689,51.00,Hawaii,XL,Pink,Winter,3.1,0,Express,Yes,Yes,34,Credit Card,Weekly,2024-12-07
1243,56,Male,1243,Socks,Clothing,1243,1690,27.00,Nevada,M,Lavender,Summer,4,0,Next Day Air,Yes,Yes,15,Bank Transfer,Quarterly,2024-07-27
1244,25,Male,1244,Blouse,Clothing,1244,1691,23.00,New Hampshire,S,Pink,Spring,3,0,Store Pickup,Yes,Yes,22,Debit Card,Annually,2024-04-08
1245,70,Male,1245,Socks,Clothing,1245,1693,76.00,Indiana,S,Silver,Summer,3.9,0,2-Day Shipping,Yes,Yes,2,Cash,Monthly,2024-07-22
1246,42,Male,1246,Dress,Clothing,1246,1694,31.00,New York,M,Violet,Fall,3.4,0,Standard,Yes,Yes,30,Bank Transfer,Weekly,2024-09-13
1247,27,Male,1247,Hoodie,Clothing,1247,1695,60.00,Louisiana,M,Charcoal,Winter,2.7,0,Standard,Yes,Yes,27,Cash,Monthly,2024-02-09
1248,65,Male,1248,T-shirt,Clothing,1248,1696,99.00,Virginia,M,Charcoal,Spring,3.5,0,Express,Yes,Yes,18,Venmo,Bi-Weekly,2024-05-14
1249,62,Male,1249,Hat,Accessories,1249,1697,37.00,Wisconsin,XL,Red,Winter,3,0,Free Shipping,Yes,Yes,8,Credit Card,Annually,2024-02-02
1250,62,Male,1250,Boots,Footwear,1250,1699,50.00,Oregon,M,Peach,Winter,4.5,0,Express,Yes,Yes,48,Venmo,Fortnightly,2024-02-14
1251,52,Male,1251,Jeans,Clothing,1251,1700,26.00,New Hampshire,XL,Purple,Winter,4.1,0,Free Shipping,Yes,Yes,24,Cash,Monthly,2024-12-02
1252,56,Male,1252,Shorts,Clothing,1252,1701,86.00,Indiana,XL,Orange,Spring,5,0,Next Day Air,Yes,Yes,43,Credit Card,Monthly,2024-04-07
1253,28,Male,1253,Sandals,Footwear,1253,1702,41.00,Massachusetts,L,Magenta,Fall,4,0,Standard,Yes,Yes,8,Cash,Quarterly,2024-09-16
1254,39,Male,1254,Sandals,Footwear,1254,1703,23.00,Montana,XL,Red,Winter,4.9,0,Express,Yes,Yes,49,PayPal,Annually,2024-02-16
1255,54,Male,1255,Sneakers,Footwear,1255,1705,56.00,California,XL,Black,Spring,3.3,0,2-Day Shipping,Yes,Yes,2,Credit Card,Bi-Weekly,2024-04-11
1256,30,Male,1256,Hat,Accessories,1256,1706,68.00,Indiana,M,Peach,Fall,4.1,0,Standard,Yes,Yes,38,Cash,Fortnightly,2024-10-20
1257,45,Male,1257,Coat,Outerwear,1257,1707,48.00,West Virginia,S,Olive,Winter,3.6,0,Express,Yes,Yes,4,Cash,Fortnightly,2024-01-25
1258,68,Male,1258,Dress,Clothing,1258,1708,67.00,Minnesota,L,Gold,Spring,3,0,Free Shipping,Yes,Yes,31,Cash,Every 3 Months,2024-05-28
1259,47,Male,1259,Boots,Footwear,1259,1709,87.00,Ohio,XL,Gold,Spring,4.1,0,2-Day Shipping,Yes,Yes,34,Debit Card,Every 3 Months,2024-04-13
1260,68,Male,1260,Skirt,Clothing,1260,1711,64.00,Minnesota,M,Turquoise,Fall,3.9,0,Standard,Yes,Yes,45,Credit Card,Monthly,2024-11-11
1261,63,Male,1261,Shirt,Clothing,1261,1712,93.00,Virginia,XL,Green,Spring,4.1,0,Store Pickup,Yes,Yes,30,Debit Card,Quarterly,2024-04-09
1262,20,Male,1262,Shirt,Clothing,1262,1713,29.00,Connecticut,L,Maroon,Summer,2.8,0,Next Day Air,Yes,Yes,2,Credit Card,Fortnightly,2024-07-25
1263,29,Male,1263,Boots,Footwear,1263,1714,62.00,Tennessee,L,Brown,Winter,4.8,0,Store Pickup,Yes,Yes,44,Venmo,Monthly,2024-12-28
1264,41,Male,1264,Hoodie,Clothing,1264,1715,70.00,Delaware,L,Brown,Winter,4.6,0,2-Day Shipping,Yes,Yes,1,Credit Card,Bi-Weekly,2024-01-14
1265,52,Male,1265,Sweater,Clothing,1265,1717,92.00,Vermont,S,Blue,Winter,2.5,0,Next Day Air,Yes,Yes,1,Venmo,Bi-Weekly,2024-01-10
1266,32,Male,1266,Shirt,Clothing,1266,1718,79.00,Louisiana,M,Lavender,Spring,2.7,0,Next Day Air,Yes,Yes,27,Bank Transfer,Weekly,2024-05-04
1267,20,Male,1267,Blouse,Clothing,1267,1719,31.00,North Dakota,M,Peach,Fall,4,0,Standard,Yes,Yes,14,Debit Card,Every 3 Months,2024-10-17
1268,47,Male,1268,T-shirt,Clothing,1268,1720,83.00,Oregon,S,Gray,Spring,2.7,0,Standard,Yes,Yes,41,Cash,Weekly,2024-04-12
1269,23,Male,1269,Jacket,Outerwear,1269,1721,88.00,Idaho,XL,Charcoal,Winter,2.9,0,Next Day Air,Yes,Yes,25,Debit Card,Bi-Weekly,2024-12-04
1270,43,Male,1270,Jewelry,Accessories,1270,1723,53.00,Vermont,M,Lavender,Spring,3,0,Standard,Yes,Yes,47,PayPal,Quarterly,2024-04-20
1271,67,Male,1271,Hoodie,Clothing,1271,1724,98.00,West Virginia,M,Green,Fall,3.3,0,Standard,Yes,Yes,20,Cash,Annually,2024-11-14
1272,70,Male,1272,Jewelry,Accessories,1272,1725,57.00,Kentucky,S,Gray,Spring,4.3,0,Store Pickup,Yes,Yes,42,PayPal,Annually,2024-04-01
1273,35,Male,1273,Sandals,Footwear,1273,1726,80.00,Wisconsin,M,Orange,Winter,4.4,0,Express,Yes,Yes,16,Bank Transfer,Monthly,2024-12-09
1274,41,Male,1274,Jeans,Clothing,1274,1727,29.00,Mississippi,L,Silver,Spring,4.1,0,Next Day Air,Yes,Yes,32,Credit Card,Every 3 Months,2024-04-16
1275,54,Male,1275,Hat,Accessories,1275,1729,73.00,Missouri,M,Olive,Spring,3.1,0,2-Day Shipping,Yes,Yes,37,PayPal,Quarterly,2024-03-25
1276,55,Male,1276,Sweater,Clothing,1276,1730,32.00,Arkansas,S,Turquoise,Fall,4.5,0,Standard,Yes,Yes,1,PayPal,Monthly,2024-11-20
1277,51,Male,1277,Boots,Footwear,1277,1731,68.00,Wyoming,L,Turquoise,Spring,4.8,0,Next Day Air,Yes,Yes,37,Bank Transfer,Weekly,2024-05-14
1278,19,Male,1278,Blouse,Clothing,1278,1732,97.00,Rhode Island,L,Green,Spring,5,0,Express,Yes,Yes,5,Venmo,Quarterly,2024-05-25
1279,28,Male,1279,Shorts,Clothing,1279,1733,98.00,Utah,M,Violet,Fall,2.8,0,Next Day Air,Yes,Yes,31,Venmo,Fortnightly,2024-10-03
1280,63,Male,1280,Hoodie,Clothing,1280,1735,56.00,Maryland,L,Charcoal,Fall,3.7,0,Express,Yes,Yes,18,Debit Card,Annually,2024-09-22
1281,30,Male,1281,Pants,Clothing,1281,1736,78.00,Georgia,L,White,Winter,4.4,0,2-Day Shipping,Yes,Yes,39,Venmo,Every 3 Months,2024-12-11
1282,29,Male,1282,Belt,Accessories,1282,1737,81.00,New Jersey,M,Olive,Spring,4.5,0,Store Pickup,Yes,Yes,8,Venmo,Bi-Weekly,2024-04-26
1283,24,Male,1283,Shirt,Clothing,1283,1738,68.00,New Hampshire,L,Violet,Winter,3,0,Free Shipping,Yes,Yes,20,Venmo,Monthly,2024-01-22
1284,69,Male,1284,Shirt,Clothing,1284,1739,94.00,Oregon,M,Violet,Winter,3.9,0,2-Day Shipping,Yes,Yes,23,Debit Card,Every 3 Months,2024-12-14
1285,65,Male,1285,Dress,Clothing,1285,1741,93.00,Arkansas,M,Black,Spring,3.9,0,Express,Yes,Yes,38,PayPal,Fortnightly,2024-03-09
1286,64,Male,1286,Gloves,Accessories,1286,1742,99.00,North Carolina,M,Charcoal,Fall,3.5,0,Next Day Air,Yes,Yes,45,Bank Transfer,Fortnightly,2024-09-01
1287,40,Male,1287,Gloves,Accessories,1287,1743,49.00,West Virginia,L,Yellow,Winter,4.9,0,Next Day Air,Yes,Yes,44,Debit Card,Fortnightly,2024-02-16
1288,24,Male,1288,Jeans,Clothing,1288,1744,28.00,Utah,XL,Blue,Winter,3.4,0,Standard,Yes,Yes,20,PayPal,Monthly,2024-02-11
1289,66,Male,1289,Belt,Accessories,1289,1745,93.00,South Dakota,XL,Charcoal,Winter,4.1,0,Standard,Yes,Yes,34,PayPal,Bi-Weekly,2024-02-23
1290,35,Male,1290,Jacket,Outerwear,1290,1747,24.00,New Hampshire,M,Red,Fall,2.9,0,Next Day Air,Yes,Yes,10,PayPal,Weekly,2024-09-20
1291,67,Male,1291,Skirt,Clothing,1291,1748,35.00,Maryland,M,Indigo,Spring,3.4,0,Free Shipping,Yes,Yes,3,PayPal,Annually,2024-04-06
1292,69,Male,1292,Sandals,Footwear,1292,1749,68.00,South Dakota,S,Beige,Spring,3.2,0,2-Day Shipping,Yes,Yes,23,Debit Card,Fortnightly,2024-03-16
1293,26,Male,1293,Belt,Accessories,1293,1750,61.00,Kentucky,M,Maroon,Summer,3.9,0,Free Shipping,Yes,Yes,42,Bank Transfer,Annually,2024-06-20
1294,23,Male,1294,Sweater,Clothing,1294,1751,74.00,Florida,XL,Yellow,Fall,4.1,0,Standard,Yes,Yes,30,Debit Card,Annually,2024-11-03
1295,27,Male,1295,Shirt,Clothing,1295,1753,64.00,Texas,M,Silver,Summer,4.5,0,Standard,Yes,Yes,21,Cash,Every 3 Months,2024-08-06
1296,30,Male,1296,Sneakers,Footwear,1296,1754,60.00,New Mexico,M,Olive,Fall,2.8,0,Standard,Yes,Yes,50,PayPal,Weekly,2024-10-20
1297,48,Male,1297,Jeans,Clothing,1297,1755,29.00,South Dakota,S,Teal,Spring,2.8,0,Express,Yes,Yes,16,Cash,Bi-Weekly,2024-04-26
1298,44,Male,1298,Sandals,Footwear,1298,1756,85.00,New Jersey,M,Silver,Summer,4.6,0,Standard,Yes,Yes,32,Venmo,Annually,2024-08-28
1299,29,Male,1299,Pants,Clothing,1299,1757,81.00,Indiana,S,Indigo,Summer,3,0,Free Shipping,Yes,Yes,14,Bank Transfer,Fortnightly,2024-07-19
1300,29,Male,1300,Belt,Accessories,1300,1759,23.00,Louisiana,L,Teal,Fall,3.6,0,2-Day Shipping,Yes,Yes,42,Venmo,Bi-Weekly,2024-10-17
1301,67,Male,1301,T-shirt,Clothing,1301,1760,100.00,West Virginia,M,Charcoal,Spring,4.5,0,Next Day Air,Yes,Yes,47,Credit Card,Every 3 Months,2024-03-09
1302,42,Male,1302,Shirt,Clothing,1302,1761,54.00,Maine,M,Orange,Fall,5,0,Express,Yes,Yes,21,Debit Card,Weekly,2024-11-21
1303,23,Male,1303,Sneakers,Footwear,1303,1762,25.00,Idaho,M,Gold,Fall,2.9,0,Next Day Air,Yes,Yes,37,Credit Card,Monthly,2024-09-25
1304,34,Male,1304,Blouse,Clothing,1304,1763,32.00,New York,L,Silver,Summer,3.1,0,Next Day Air,Yes,Yes,10,Credit Card,Annually,2024-07-17
1305,64,Male,1305,Backpack,Accessories,1305,1765,63.00,Montana,S,Orange,Spring,4,0,2-Day Shipping,Yes,Yes,18,PayPal,Every 3 Months,2024-05-22
1306,31,Male,1306,Pants,Clothing,1306,1766,56.00,Mississippi,XL,Peach,Spring,4.5,0,Express,Yes,Yes,2,PayPal,Every 3 Months,2024-03-16
1307,54,Male,1307,Sweater,Clothing,1307,1767,33.00,Alaska,L,Brown,Winter,4.5,0,Next Day Air,Yes,Yes,40,PayPal,Annually,2024-02-20
1308,23,Male,1308,Coat,Outerwear,1308,1768,32.00,Missouri,L,Black,Summer,3.1,0,Express,Yes,Yes,43,PayPal,Annually,2024-07-20
1309,59,Male,1309,Dress,Clothing,1309,1769,38.00,Rhode Island,L,Red,Summer,4.4,0,Next Day Air,Yes,Yes,14,Credit Card,Every 3 Months,2024-07-16
1310,32,Male,1310,Blouse,Clothing,1310,1771,21.00,Hawaii,L,Lavender,Summer,4.7,0,Store Pickup,Yes,Yes,41,Cash,Quarterly,2024-07-25
1311,43,Male,1311,Hoodie,Clothing,1311,1772,59.00,South Carolina,L,Brown,Winter,3.1,0,Store Pickup,Yes,Yes,38,Credit Card,Every 3 Months,2024-02-27
1312,32,Male,1312,Shoes,Footwear,1312,1773,87.00,Tennessee,M,Maroon,Fall,4.2,0,Express,Yes,Yes,12,Venmo,Annually,2024-11-08
1313,66,Male,1313,T-shirt,Clothing,1313,1774,79.00,Missouri,M,Violet,Winter,3,0,Store Pickup,Yes,Yes,19,Bank Transfer,Monthly,2024-01-05
1314,70,Male,1314,Shoes,Footwear,1314,1775,28.00,Missouri,M,Lavender,Summer,2.6,0,Free Shipping,Yes,Yes,23,Credit Card,Bi-Weekly,2024-06-16
1315,42,Male,1315,Boots,Footwear,1315,1777,67.00,Missouri,S,Magenta,Summer,3.4,0,Free Shipping,Yes,Yes,49,Debit Card,Annually,2024-08-18
1316,56,Male,1316,Shorts,Clothing,1316,1778,75.00,Mississippi,L,Green,Spring,4.2,0,2-Day Shipping,Yes,Yes,29,Debit Card,Quarterly,2024-04-28
1317,28,Male,1317,Belt,Accessories,1317,1779,32.00,Arkansas,S,Lavender,Spring,4.6,0,Standard,Yes,Yes,14,Debit Card,Bi-Weekly,2024-05-09
1318,28,Male,1318,Pants,Clothing,1318,1780,43.00,Kentucky,M,Green,Spring,2.8,0,Free Shipping,Yes,Yes,19,Cash,Monthly,2024-05-15
1319,52,Male,1319,Shorts,Clothing,1319,1781,93.00,Connecticut,M,Maroon,Spring,2.7,0,Express,Yes,Yes,19,Credit Card,Bi-Weekly,2024-04-17
1320,65,Male,1320,Sunglasses,Accessories,1320,1783,24.00,Oklahoma,M,Magenta,Spring,4,0,Standard,Yes,Yes,48,Bank Transfer,Weekly,2024-04-05
1321,56,Male,1321,Hat,Accessories,1321,1784,31.00,California,XL,Teal,Fall,3.1,0,Free Shipping,Yes,Yes,19,Debit Card,Annually,2024-09-19
1322,59,Male,1322,T-shirt,Clothing,1322,1785,84.00,Missouri,L,Orange,Winter,3.7,0,Express,Yes,Yes,45,Bank Transfer,Every 3 Months,2024-12-14
1323,23,Male,1323,Pants,Clothing,1323,1786,74.00,Washington,M,Violet,Winter,4,0,Next Day Air,Yes,Yes,17,Bank Transfer,Quarterly,2024-12-25
1324,58,Male,1324,Shorts,Clothing,1324,1787,62.00,New York,M,Yellow,Spring,4.6,0,Standard,Yes,Yes,15,Debit Card,Every 3 Months,2024-03-15
1325,39,Male,1325,Jewelry,Accessories,1325,1789,77.00,Indiana,S,Orange,Summer,3.8,0,Free Shipping,Yes,Yes,11,Credit Card,Fortnightly,2024-08-16
1326,28,Male,1326,Backpack,Accessories,1326,1790,73.00,Oregon,L,Gold,Summer,3.5,0,Express,Yes,Yes,1,Cash,Monthly,2024-06-16
1327,40,Male,1327,Shoes,Footwear,1327,1791,50.00,Texas,M,Indigo,Spring,4.6,0,Free Shipping,Yes,Yes,17,Cash,Monthly,2024-03-06
1328,52,Male,1328,Coat,Outerwear,1328,1792,40.00,Florida,M,Turquoise,Winter,2.8,0,Standard,Yes,Yes,37,Cash,Weekly,2024-12-17
1329,37,Male,1329,Sweater,Clothing,1329,1793,97.00,Rhode Island,M,Orange,Winter,3.7,0,Standard,Yes,Yes,40,Bank Transfer,Weekly,2024-12-03
1330,70,Male,1330,Gloves,Accessories,1330,1795,63.00,Texas,M,Indigo,Fall,3.3,0,Express,Yes,Yes,50,PayPal,Every 3 Months,2024-10-27
1331,30,Male,1331,Handbag,Accessories,1331,1796,65.00,Vermont,M,Charcoal,Fall,2.9,0,Standard,Yes,Yes,20,PayPal,Bi-Weekly,2024-10-22
1332,38,Male,1332,Socks,Clothing,1332,1797,91.00,Maryland,M,Lavender,Spring,3.2,0,Standard,Yes,Yes,8,PayPal,Bi-Weekly,2024-03-26
1333,66,Male,1333,Hoodie,Clothing,1333,1798,60.00,Alaska,S,Gold,Spring,4.3,0,Store Pickup,Yes,Yes,16,Bank Transfer,Quarterly,2024-04-02
1334,29,Male,1334,Pants,Clothing,1334,1799,69.00,Idaho,M,Lavender,Winter,2.7,0,Next Day Air,Yes,Yes,9,Bank Transfer,Quarterly,2024-01-13
1335,46,Male,1335,Coat,Outerwear,1335,1801,52.00,West Virginia,S,White,Spring,4.2,0,Store Pickup,Yes,Yes,12,Venmo,Monthly,2024-05-19
1336,56,Male,1336,Boots,Footwear,1336,1802,49.00,Nevada,M,Lavender,Fall,4.8,0,2-Day Shipping,Yes,Yes,26,Credit Card,Weekly,2024-10-25
1337,23,Male,1337,Sneakers,Footwear,1337,1803,85.00,Oregon,M,Charcoal,Spring,4.8,0,Store Pickup,Yes,Yes,44,Debit Card,Fortnightly,2024-04-19
1338,37,Male,1338,Sweater,Clothing,1338,1804,86.00,Tennessee,L,Silver,Spring,3.4,0,Express,Yes,Yes,19,Credit Card,Bi-Weekly,2024-05-22
1339,56,Male,1339,Handbag,Accessories,1339,1805,51.00,Alabama,S,Yellow,Winter,2.6,0,Standard,Yes,Yes,43,PayPal,Fortnightly,2024-02-10
1340,36,Male,1340,Belt,Accessories,1340,1807,56.00,Indiana,L,Olive,Winter,5,0,Next Day Air,Yes,Yes,5,Bank Transfer,Every 3 Months,2024-12-05
1341,40,Male,1341,Belt,Accessories,1341,1808,72.00,Idaho,M,Peach,Fall,4.4,0,Next Day Air,Yes,Yes,5,Debit Card,Every 3 Months,2024-10-05
1342,26,Male,1342,Hoodie,Clothing,1342,1809,27.00,Rhode Island,XL,Yellow,Fall,2.9,0,Standard,Yes,Yes,31,Bank Transfer,Quarterly,2024-09-11
1343,57,Male,1343,Sunglasses,Accessories,1343,1810,43.00,Arizona,XL,Yellow,Summer,3.4,0,2-Day Shipping,Yes,Yes,11,Bank Transfer,Monthly,2024-06-27
1344,68,Male,1344,Sneakers,Footwear,1344,1811,56.00,Florida,M,Indigo,Spring,3.4,0,Standard,Yes,Yes,34,Bank Transfer,Monthly,2024-05-11
1345,56,Male,1345,T-shirt,Clothing,1345,1813,37.00,New York,S,Violet,Fall,4.9,0,Next Day Air,Yes,Yes,14,Cash,Annually,2024-11-25
1346,40,Male,1346,Dress,Clothing,1346,1814,21.00,Nebraska,M,White,Fall,3.6,0,Standard,Yes,Yes,42,Venmo,Weekly,2024-11-24
1347,44,Male,1347,Hoodie,Clothing,1347,1815,91.00,Mississippi,L,White,Winter,3,0,Free Shipping,Yes,Yes,15,Venmo,Bi-Weekly,2024-02-27
1348,44,Male,1348,Sweater,Clothing,1348,1816,95.00,Vermont,M,Cyan,Summer,3.9,0,2-Day Shipping,Yes,Yes,47,Bank Transfer,Monthly,2024-08-24
1349,19,Male,1349,Belt,Accessories,1349,1817,54.00,Nebraska,XL,Purple,Spring,3.2,0,Standard,Yes,Yes,23,Credit Card,Fortnightly,2024-04-11
1350,21,Male,1350,Socks,Clothing,1350,1819,36.00,South Carolina,XL,Black,Spring,3.2,0,Next Day Air,Yes,Yes,23,Cash,Bi-Weekly,2024-04-10
1351,31,Male,1351,Sunglasses,Accessories,1351,1820,71.00,Delaware,M,Orange,Fall,4.3,0,Next Day Air,Yes,Yes,1,Cash,Every 3 Months,2024-09-18
1352,30,Male,1352,Coat,Outerwear,1352,1821,31.00,Vermont,L,Maroon,Summer,2.8,0,2-Day Shipping,Yes,Yes,28,Bank Transfer,Quarterly,2024-06-05
1353,65,Male,1353,Hat,Accessories,1353,1822,89.00,Indiana,XL,Orange,Spring,4.5,0,Next Day Air,Yes,Yes,37,Credit Card,Bi-Weekly,2024-03-20
1354,39,Male,1354,Pants,Clothing,1354,1823,83.00,Oregon,M,Teal,Winter,4.1,0,Next Day Air,Yes,Yes,4,Cash,Every 3 Months,2024-12-10
1355,64,Male,1355,Backpack,Accessories,1355,1825,42.00,Maryland,M,Gray,Spring,3.6,0,2-Day Shipping,Yes,Yes,21,Bank Transfer,Quarterly,2024-03-21
1356,59,Male,1356,Shorts,Clothing,1356,1826,91.00,Florida,M,Blue,Summer,3,0,2-Day Shipping,Yes,Yes,50,PayPal,Bi-Weekly,2024-07-26
1357,49,Male,1357,Jacket,Outerwear,1357,1827,61.00,Indiana,M,Cyan,Spring,4,0,Free Shipping,Yes,Yes,34,Bank Transfer,Annually,2024-03-23
1358,24,Male,1358,Backpack,Accessories,1358,1828,66.00,Texas,S,Red,Summer,3.5,0,Next Day Air,Yes,Yes,20,Cash,Quarterly,2024-07-15
1359,19,Male,1359,Scarf,Accessories,1359,1829,22.00,Nebraska,XL,Pink,Spring,2.5,0,Store Pickup,Yes,Yes,25,Venmo,Every 3 Months,2024-05-22
1360,27,Male,1360,Hoodie,Clothing,1360,1831,68.00,North Carolina,S,Cyan,Winter,4.3,0,Store Pickup,Yes,Yes,26,Bank Transfer,Fortnightly,2024-12-26
1361,56,Male,1361,Skirt,Clothing,1361,1832,43.00,Alabama,L,Black,Fall,2.8,0,Express,Yes,Yes,4,Bank Transfer,Annually,2024-09-07
1362,49,Male,1362,Dress,Clothing,1362,1833,32.00,Alabama,M,Beige,Fall,3.7,0,Next Day Air,Yes,Yes,39,Debit Card,Monthly,2024-11-20
1363,41,Male,1363,Coat,Outerwear,1363,1834,46.00,Colorado,M,Gray,Fall,4.3,0,Express,Yes,Yes,29,Cash,Weekly,2024-09-11
1364,36,Male,1364,Blouse,Clothing,1364,1835,90.00,Wisconsin,L,Red,Summer,4,0,Express,Yes,Yes,47,PayPal,Quarterly,2024-06-05
1365,68,Male,1365,Hat,Accessories,1365,1837,75.00,Delaware,L,Yellow,Fall,4.7,0,Express,Yes,Yes,5,Cash,Every 3 Months,2024-09-19
1366,28,Male,1366,Handbag,Accessories,1366,1838,69.00,Indiana,M,Magenta,Winter,4.5,0,Store Pickup,Yes,Yes,18,Bank Transfer,Fortnightly,2024-01-02
1367,45,Male,1367,Belt,Accessories,1367,1839,40.00,Iowa,M,Magenta,Fall,3.1,0,Free Shipping,Yes,Yes,10,Credit Card,Fortnightly,2024-10-24
1368,60,Male,1368,Belt,Accessories,1368,1840,63.00,Iowa,S,Black,Fall,3.8,0,Express,Yes,Yes,25,Cash,Quarterly,2024-10-13
1369,21,Male,1369,Shirt,Clothing,1369,1841,36.00,Wisconsin,L,Orange,Summer,4.9,0,Express,Yes,Yes,2,Cash,Weekly,2024-07-02
1370,32,Male,1370,Shoes,Footwear,1370,1843,75.00,Iowa,M,Green,Winter,3.2,0,Standard,Yes,Yes,48,Venmo,Fortnightly,2024-01-15
1371,27,Male,1371,Scarf,Accessories,1371,1844,67.00,Montana,L,Peach,Summer,2.9,0,2-Day Shipping,Yes,Yes,41,Bank Transfer,Every 3 Months,2024-07-20
1372,40,Male,1372,Pants,Clothing,1372,1845,64.00,Mississippi,M,Charcoal,Spring,2.8,0,Store Pickup,Yes,Yes,42,Credit Card,Monthly,2024-04-21
1373,64,Male,1373,Blouse,Clothing,1373,1846,61.00,Michigan,M,Gray,Fall,4,0,2-Day Shipping,Yes,Yes,44,PayPal,Bi-Weekly,2024-10-05
1374,18,Male,1374,Gloves,Accessories,1374,1847,40.00,Virginia,L,Turquoise,Winter,2.6,0,Store Pickup,Yes,Yes,6,Cash,Quarterly,2024-01-16
1375,22,Male,1375,Handbag,Accessories,1375,1849,97.00,New York,M,Red,Fall,2.7,0,Free Shipping,Yes,Yes,5,Bank Transfer,Quarterly,2024-10-25
1376,42,Male,1376,Sneakers,Footwear,1376,1850,31.00,Maine,L,Brown,Spring,4.1,0,2-Day Shipping,Yes,Yes,8,Credit Card,Annually,2024-05-02
1377,57,Male,1377,Sandals,Footwear,1377,1851,65.00,New Jersey,L,Pink,Spring,5,0,Free Shipping,Yes,Yes,24,PayPal,Annually,2024-03-23
1378,33,Male,1378,Sunglasses,Accessories,1378,1852,54.00,Maryland,L,Olive,Spring,3,0,Next Day Air,Yes,Yes,42,Venmo,Monthly,2024-05-12
1379,37,Male,1379,Jacket,Outerwear,1379,1853,49.00,Kentucky,XL,Lavender,Fall,3.6,0,Free Shipping,Yes,Yes,24,Venmo,Weekly,2024-11-26
1380,21,Male,1380,T-shirt,Clothing,1380,1855,64.00,Minnesota,L,Purple,Fall,2.8,0,2-Day Shipping,Yes,Yes,38,Venmo,Bi-Weekly,2024-11-07
1381,51,Male,1381,Sneakers,Footwear,1381,1856,35.00,Massachusetts,S,Beige,Winter,4.6,0,Standard,Yes,Yes,41,Cash,Fortnightly,2024-01-01
1382,30,Male,1382,Shoes,Footwear,1382,1857,86.00,Illinois,L,Green,Winter,2.9,0,Standard,Yes,Yes,48,Venmo,Quarterly,2024-01-16
1383,68,Male,1383,Jacket,Outerwear,1383,1858,55.00,Michigan,L,Brown,Winter,4.8,0,Express,Yes,Yes,16,Bank Transfer,Quarterly,2024-02-07
1384,36,Male,1384,Scarf,Accessories,1384,1859,58.00,Wisconsin,M,Beige,Spring,3.3,0,Express,Yes,Yes,4,Venmo,Monthly,2024-04-13
1385,46,Male,1385,Sneakers,Footwear,1385,1861,96.00,Alaska,M,Beige,Fall,4.6,0,Standard,Yes,Yes,8,Bank Transfer,Weekly,2024-11-12
1386,41,Male,1386,Jewelry,Accessories,1386,1862,64.00,Mississippi,M,Indigo,Fall,2.6,0,Store Pickup,Yes,Yes,1,Bank Transfer,Bi-Weekly,2024-09-10
1387,68,Male,1387,Jacket,Outerwear,1387,1863,56.00,Oregon,M,Silver,Fall,4,0,Next Day Air,Yes,Yes,4,Debit Card,Quarterly,2024-09-23
1388,21,Male,1388,Blouse,Clothing,1388,1864,85.00,Maryland,M,Gold,Winter,3.8,0,Standard,Yes,Yes,20,Credit Card,Monthly,2024-02-23
1389,62,Male,1389,Dress,Clothing,1389,1865,23.00,Arkansas,M,Lavender,Spring,3.9,0,Express,Yes,Yes,40,Cash,Quarterly,2024-03-11
1390,59,Male,1390,Scarf,Accessories,1390,1867,72.00,Illinois,L,Orange,Fall,2.6,0,Store Pickup,Yes,Yes,8,Debit Card,Fortnightly,2024-09-08
1391,25,Male,1391,Hat,Accessories,1391,1868,38.00,Arkansas,M,Maroon,Summer,4.3,0,Standard,Yes,Yes,42,Debit Card,Weekly,2024-06-19
1392,53,Male,1392,Blouse,Clothing,1392,1869,29.00,Mississippi,S,White,Winter,3.6,0,Express,Yes,Yes,38,Credit Card,Annually,2024-02-25
1393,31,Male,1393,Gloves,Accessories,1393,1870,46.00,Arkansas,M,Yellow,Spring,4.2,0,Express,Yes,Yes,34,Venmo,Every 3 Months,2024-04-25
1394,46,Male,1394,Gloves,Accessories,1394,1871,58.00,Idaho,L,Yellow,Spring,3.9,0,Express,Yes,Yes,14,PayPal,Fortnightly,2024-04-18
1395,26,Male,1395,Coat,Outerwear,1395,1873,43.00,Iowa,L,Magenta,Fall,4.7,0,Next Day Air,Yes,Yes,39,Cash,Weekly,2024-11-04
1396,47,Male,1396,Scarf,Accessories,1396,1874,32.00,West Virginia,L,Turquoise,Spring,2.8,0,Next Day Air,Yes,Yes,40,PayPal,Bi-Weekly,2024-04-27
1397,37,Male,1397,Pants,Clothing,1397,1875,30.00,Wisconsin,XL,Lavender,Winter,3,0,Next Day Air,Yes,Yes,49,Debit Card,Monthly,2024-01-07
1398,55,Male,1398,Sunglasses,Accessories,1398,1876,67.00,Massachusetts,S,Magenta,Summer,4.7,0,Store Pickup,Yes,Yes,33,PayPal,Annually,2024-08-05
1399,30,Male,1399,Dress,Clothing,1399,1877,45.00,Texas,M,Cyan,Summer,2.5,0,Free Shipping,Yes,Yes,25,Credit Card,Weekly,2024-07-14
1400,19,Male,1400,Hat,Accessories,1400,1879,81.00,Nebraska,M,Olive,Winter,3.1,0,Store Pickup,Yes,Yes,48,Venmo,Annually,2024-02-01
1401,36,Male,1401,Backpack,Accessories,1401,1880,23.00,Nevada,M,Red,Fall,3.6,0,Next Day Air,Yes,Yes,22,Credit Card,Every 3 Months,2024-11-20
1402,23,Male,1402,Sandals,Footwear,1402,1881,59.00,Indiana,M,Blue,Fall,3.5,0,2-Day Shipping,Yes,Yes,1,PayPal,Weekly,2024-11-03
1403,62,Male,1403,Sunglasses,Accessories,1403,1882,21.00,North Dakota,L,White,Summer,3.1,0,Express,Yes,Yes,47,PayPal,Monthly,2024-08-13
1404,26,Male,1404,Backpack,Accessories,1404,1883,20.00,Georgia,M,Peach,Spring,3.6,0,Store Pickup,Yes,Yes,20,Credit Card,Bi-Weekly,2024-03-22
1405,36,Male,1405,Jewelry,Accessories,1405,1885,28.00,New Mexico,M,Charcoal,Winter,3.5,0,Next Day Air,Yes,Yes,10,Debit Card,Weekly,2024-12-20
1406,33,Male,1406,Socks,Clothing,1406,1886,100.00,New Hampshire,M,Peach,Winter,2.7,0,Store Pickup,Yes,Yes,39,Credit Card,Monthly,2024-01-07
1407,32,Male,1407,Shirt,Clothing,1407,1887,46.00,Washington,L,Turquoise,Spring,3.6,0,Express,Yes,Yes,15,Debit Card,Monthly,2024-05-01
1408,56,Male,1408,Handbag,Accessories,1408,1888,61.00,Nevada,XL,Charcoal,Spring,4.5,0,Express,Yes,Yes,11,Credit Card,Annually,2024-04-08
1409,58,Male,1409,Blouse,Clothing,1409,1889,58.00,Maine,M,Yellow,Winter,4.1,0,Free Shipping,Yes,Yes,38,Venmo,Weekly,2024-12-07
1410,34,Male,1410,Backpack,Accessories,1410,1891,50.00,Idaho,M,Blue,Spring,4.2,0,Standard,Yes,Yes,41,Cash,Fortnightly,2024-05-14
1411,61,Male,1411,Hat,Accessories,1411,1892,93.00,Tennessee,M,Purple,Summer,4,0,Store Pickup,Yes,Yes,18,Debit Card,Annually,2024-07-09
1412,48,Male,1412,Skirt,Clothing,1412,1893,24.00,Louisiana,L,Green,Summer,2.8,0,Store Pickup,Yes,Yes,13,Venmo,Quarterly,2024-08-28
1413,25,Male,1413,Shorts,Clothing,1413,1894,100.00,Michigan,M,Charcoal,Summer,2.6,0,2-Day Shipping,Yes,Yes,43,Venmo,Annually,2024-06-05
1414,51,Male,1414,Blouse,Clothing,1414,1895,79.00,New Hampshire,S,Indigo,Fall,2.7,0,Store Pickup,Yes,Yes,12,Bank Transfer,Quarterly,2024-09-11
1415,29,Male,1415,Socks,Clothing,1415,1897,51.00,Minnesota,M,Black,Summer,4.5,0,Store Pickup,Yes,Yes,3,Credit Card,Bi-Weekly,2024-07-02
1416,54,Male,1416,Belt,Accessories,1416,1898,90.00,Illinois,M,Blue,Winter,3.7,0,Free Shipping,Yes,Yes,12,Credit Card,Every 3 Months,2024-12-22
1417,48,Male,1417,Boots,Footwear,1417,1899,56.00,Idaho,L,Silver,Summer,3.4,0,Free Shipping,Yes,Yes,46,Cash,Quarterly,2024-07-16
1418,62,Male,1418,Shorts,Clothing,1418,1900,25.00,Montana,S,Brown,Spring,4.6,0,Standard,Yes,Yes,21,Debit Card,Fortnightly,2024-04-08
1419,18,Male,1419,Shirt,Clothing,1419,1901,75.00,Alabama,M,Violet,Summer,4.1,0,2-Day Shipping,Yes,Yes,23,Venmo,Every 3 Months,2024-08-20
1420,43,Male,1420,Handbag,Accessories,1420,1903,75.00,Montana,M,Orange,Summer,2.6,0,Free Shipping,Yes,Yes,4,Debit Card,Quarterly,2024-08-23
1421,22,Male,1421,Jeans,Clothing,1421,1904,53.00,California,XL,Gray,Summer,4.6,0,Store Pickup,Yes,Yes,45,PayPal,Every 3 Months,2024-06-27
1422,68,Male,1422,Dress,Clothing,1422,1905,100.00,Pennsylvania,S,Gold,Spring,3,0,Standard,Yes,Yes,24,Bank Transfer,Fortnightly,2024-05-08
1423,44,Male,1423,Dress,Clothing,1423,1906,27.00,Texas,L,Charcoal,Fall,3.4,0,Free Shipping,Yes,Yes,3,PayPal,Bi-Weekly,2024-11-08
1424,51,Male,1424,Sandals,Footwear,1424,1907,60.00,Michigan,S,Black,Fall,3.5,0,Free Shipping,Yes,Yes,12,Venmo,Every 3 Months,2024-10-06
1425,66,Male,1425,Jacket,Outerwear,1425,1909,23.00,Connecticut,S,Indigo,Fall,3.5,0,Standard,Yes,Yes,34,Bank Transfer,Every 3 Months,2024-09-23
1426,59,Male,1426,Coat,Outerwear,1426,1910,40.00,Wyoming,S,White,Winter,3.7,0,Next Day Air,Yes,Yes,39,Credit Card,Annually,2024-12-06
1427,60,Male,1427,Pants,Clothing,1427,1911,38.00,Michigan,M,Yellow,Summer,4.8,0,Free Shipping,Yes,Yes,35,PayPal,Every 3 Months,2024-06-26
1428,31,Male,1428,Backpack,Accessories,1428,1912,90.00,South Dakota,S,Orange,Summer,4.9,0,Store Pickup,Yes,Yes,8,Credit Card,Annually,2024-06-13
1429,20,Male,1429,Blouse,Clothing,1429,1913,97.00,North Dakota,S,Green,Summer,4.9,0,Express,Yes,Yes,42,PayPal,Quarterly,2024-08-28
1430,24,Male,1430,Skirt,Clothing,1430,1915,38.00,Maryland,L,Gold,Fall,4.7,0,Standard,Yes,Yes,6,Credit Card,Every 3 Months,2024-09-22
1431,48,Male,1431,Sandals,Footwear,1431,1916,30.00,Michigan,S,Orange,Summer,4.9,0,Free Shipping,Yes,Yes,3,Credit Card,Fortnightly,2024-07-23
1432,39,Male,1432,Pants,Clothing,1432,1917,88.00,South Dakota,M,Cyan,Fall,2.9,0,Express,Yes,Yes,29,Venmo,Quarterly,2024-11-19
1433,34,Male,1433,Hat,Accessories,1433,1918,33.00,Florida,L,Black,Winter,4.4,0,Express,Yes,Yes,32,Debit Card,Quarterly,2024-02-26
1434,70,Male,1434,Hoodie,Clothing,1434,1919,60.00,Minnesota,L,Yellow,Winter,3.2,0,Next Day Air,Yes,Yes,45,Debit Card,Weekly,2024-12-10
1435,59,Male,1435,Sweater,Clothing,1435,1921,64.00,New York,L,Maroon,Summer,4.6,0,Free Shipping,Yes,Yes,21,Debit Card,Bi-Weekly,2024-06-04
1436,45,Male,1436,Scarf,Accessories,1436,1922,95.00,Oregon,XL,Black,Fall,4,0,Standard,Yes,Yes,41,Cash,Weekly,2024-11-03
1437,35,Male,1437,Sneakers,Footwear,1437,1923,83.00,Minnesota,M,Gray,Winter,3.7,0,Free Shipping,Yes,Yes,23,PayPal,Fortnightly,2024-01-11
1438,69,Male,1438,Boots,Footwear,1438,1924,97.00,Montana,XL,Orange,Winter,4.2,0,Free Shipping,Yes,Yes,14,Cash,Annually,2024-02-02
1439,58,Male,1439,Coat,Outerwear,1439,1925,38.00,Washington,M,Cyan,Spring,2.9,0,Standard,Yes,Yes,24,Debit Card,Monthly,2024-04-28
1440,25,Male,1440,Boots,Footwear,1440,1927,48.00,New Mexico,M,Magenta,Summer,4.8,0,Next Day Air,Yes,Yes,25,Cash,Fortnightly,2024-06-24
1441,27,Male,1441,Sandals,Footwear,1441,1928,76.00,Arizona,M,Pink,Spring,4.4,0,Standard,Yes,Yes,13,Venmo,Monthly,2024-03-20
1442,34,Male,1442,Pants,Clothing,1442,1929,25.00,Nebraska,S,Turquoise,Summer,3.4,0,Free Shipping,Yes,Yes,3,Venmo,Every 3 Months,2024-06-03
1443,53,Male,1443,Hoodie,Clothing,1443,1930,92.00,Idaho,S,Violet,Spring,2.8,0,2-Day Shipping,Yes,Yes,42,Credit Card,Annually,2024-05-24
1444,58,Male,1444,Sandals,Footwear,1444,1931,47.00,Idaho,L,Teal,Fall,4.2,0,Next Day Air,Yes,Yes,2,Cash,Monthly,2024-09-05
1445,32,Male,1445,Sweater,Clothing,1445,1933,36.00,Vermont,L,Pink,Fall,3.8,0,Express,Yes,Yes,26,Cash,Quarterly,2024-10-11
1446,64,Male,1446,Belt,Accessories,1446,1934,51.00,Arkansas,M,Gold,Fall,3.1,0,2-Day Shipping,Yes,Yes,24,Credit Card,Annually,2024-09-28
1447,63,Male,1447,Jeans,Clothing,1447,1935,35.00,Wyoming,XL,Red,Summer,3.2,0,Express,Yes,Yes,6,Credit Card,Quarterly,2024-06-14
1448,23,Male,1448,Hoodie,Clothing,1448,1936,57.00,New Mexico,S,Beige,Summer,3,0,Next Day Air,Yes,Yes,25,PayPal,Monthly,2024-07-06
1449,64,Male,1449,Boots,Footwear,1449,1937,95.00,West Virginia,M,Black,Summer,3.6,0,Free Shipping,Yes,Yes,11,Credit Card,Every 3 Months,2024-06-20
1450,18,Male,1450,Socks,Clothing,1450,1939,41.00,New York,L,Lavender,Winter,2.5,0,Store Pickup,Yes,Yes,20,Cash,Every 3 Months,2024-01-15
1451,25,Male,1451,Dress,Clothing,1451,1940,44.00,Illinois,S,Teal,Winter,3.4,0,Free Shipping,Yes,Yes,25,Cash,Quarterly,2024-02-20
1452,54,Male,1452,Jacket,Outerwear,1452,1941,34.00,Utah,M,Maroon,Fall,2.5,0,Next Day Air,Yes,Yes,35,PayPal,Quarterly,2024-11-13
1453,60,Male,1453,Jacket,Outerwear,1453,1942,25.00,Colorado,L,Blue,Spring,4.7,0,2-Day Shipping,Yes,Yes,11,Bank Transfer,Quarterly,2024-04-19
1454,36,Male,1454,Boots,Footwear,1454,1943,93.00,Virginia,S,Teal,Winter,3.2,0,2-Day Shipping,Yes,Yes,41,Bank Transfer,Fortnightly,2024-01-16
1455,66,Male,1455,Sneakers,Footwear,1455,1945,50.00,Georgia,L,Maroon,Winter,2.9,0,Free Shipping,Yes,Yes,17,Credit Card,Annually,2024-02-17
1456,60,Male,1456,Pants,Clothing,1456,1946,79.00,Alabama,L,Silver,Fall,4.9,0,Express,Yes,Yes,1,PayPal,Every 3 Months,2024-10-03
1457,59,Male,1457,Coat,Outerwear,1457,1947,100.00,Montana,S,Olive,Spring,2.7,0,Store Pickup,Yes,Yes,30,PayPal,Every 3 Months,2024-05-16
1458,58,Male,1458,Shirt,Clothing,1458,1948,57.00,Pennsylvania,S,Gray,Spring,4.7,0,Express,Yes,Yes,47,Venmo,Fortnightly,2024-04-11
1459,35,Male,1459,Sweater,Clothing,1459,1949,28.00,Missouri,M,Peach,Spring,2.9,0,2-Day Shipping,Yes,Yes,34,Venmo,Weekly,2024-04-19
1460,20,Male,1460,Shoes,Footwear,1460,1951,35.00,Maine,L,Yellow,Winter,4.8,0,Express,Yes,Yes,18,Venmo,Fortnightly,2024-12-23
1461,70,Male,1461,Boots,Footwear,1461,1952,85.00,Pennsylvania,L,Violet,Fall,4.6,0,Standard,Yes,Yes,33,Venmo,Bi-Weekly,2024-11-11
1462,54,Male,1462,Sunglasses,Accessories,1462,1953,95.00,Oregon,S,Red,Summer,5,0,2-Day Shipping,Yes,Yes,42,Venmo,Quarterly,2024-08-18
1463,38,Male,1463,Sneakers,Footwear,1463,1954,90.00,Utah,S,Charcoal,Summer,4.8,0,2-Day Shipping,Yes,Yes,2,Venmo,Quarterly,2024-06-04
1464,54,Male,1464,Jewelry,Accessories,1464,1955,49.00,Oklahoma,M,Beige,Summer,4.9,0,Store Pickup,Yes,Yes,1,Bank Transfer,Monthly,2024-08-18
1465,33,Male,1465,Belt,Accessories,1465,1957,92.00,Montana,M,Peach,Winter,4.6,0,2-Day Shipping,Yes,Yes,23,Bank Transfer,Quarterly,2024-01-04
1466,46,Male,1466,Gloves,Accessories,1466,1958,72.00,Nebraska,XL,Violet,Winter,3.9,0,Store Pickup,Yes,Yes,42,Cash,Bi-Weekly,2024-02-12
1467,58,Male,1467,Shorts,Clothing,1467,1959,71.00,Alabama,M,Green,Summer,4.5,0,Store Pickup,Yes,Yes,3,PayPal,Annually,2024-07-26
1468,30,Male,1468,Jewelry,Accessories,1468,1960,27.00,Ohio,XL,Olive,Winter,4.7,0,Store Pickup,Yes,Yes,16,Debit Card,Fortnightly,2024-02-05
1469,42,Male,1469,Gloves,Accessories,1469,1961,39.00,Arkansas,S,Silver,Fall,3.9,0,Express,Yes,Yes,46,Cash,Fortnightly,2024-11-22
1470,28,Male,1470,Jewelry,Accessories,1470,1963,98.00,Mississippi,M,Purple,Winter,4.4,0,Standard,Yes,Yes,31,PayPal,Every 3 Months,2024-01-25
1471,43,Male,1471,Sandals,Footwear,1471,1964,27.00,California,M,Silver,Spring,3.9,0,Next Day Air,Yes,Yes,15,Cash,Every 3 Months,2024-03-22
1472,31,Male,1472,Jewelry,Accessories,1472,1965,71.00,Alaska,S,Gray,Spring,2.8,0,2-Day Shipping,Yes,Yes,48,Venmo,Every 3 Months,2024-05-20
1473,39,Male,1473,Hat,Accessories,1473,1966,24.00,Indiana,L,Turquoise,Spring,3.5,0,Store Pickup,Yes,Yes,11,Cash,Weekly,2024-05-11
1474,69,Male,1474,Shorts,Clothing,1474,1967,63.00,Wisconsin,M,Violet,Fall,4.3,0,Express,Yes,Yes,20,Credit Card,Every 3 Months,2024-09-06
1475,31,Male,1475,Sweater,Clothing,1475,1969,72.00,New Jersey,S,Pink,Fall,3.9,0,Next Day Air,Yes,Yes,6,Credit Card,Monthly,2024-11-28
1476,44,Male,1476,Blouse,Clothing,1476,1970,61.00,Rhode Island,M,Teal,Spring,4,0,Express,Yes,Yes,24,Cash,Monthly,2024-03-09
1477,39,Male,1477,Hat,Accessories,1477,1971,56.00,Wyoming,M,Magenta,Fall,4.1,0,Next Day Air,Yes,Yes,18,Credit Card,Monthly,2024-11-28
1478,24,Male,1478,Belt,Accessories,1478,1972,32.00,Oregon,XL,Silver,Summer,4.3,0,Standard,Yes,Yes,1,PayPal,Every 3 Months,2024-07-26
1479,28,Male,1479,Gloves,Accessories,1479,1973,23.00,Washington,M,Blue,Summer,4.2,0,Free Shipping,Yes,Yes,13,Venmo,Bi-Weekly,2024-08-12
1480,48,Male,1480,Coat,Outerwear,1480,1975,100.00,Washington,L,Black,Spring,4,0,Standard,Yes,Yes,2,Bank Transfer,Weekly,2024-05-18
1481,39,Male,1481,Jewelry,Accessories,1481,1976,74.00,New Hampshire,M,Gold,Fall,3.6,0,Express,Yes,Yes,26,Cash,Quarterly,2024-11-08
1482,64,Male,1482,Skirt,Clothing,1482,1977,33.00,Maryland,S,Gray,Spring,3.3,0,Standard,Yes,Yes,31,PayPal,Quarterly,2024-04-16
1483,28,Male,1483,Gloves,Accessories,1483,1978,67.00,Wisconsin,S,Magenta,Spring,4.1,0,2-Day Shipping,Yes,Yes,43,Bank Transfer,Weekly,2024-04-12
1484,39,Male,1484,Jewelry,Accessories,1484,1979,61.00,Massachusetts,S,Yellow,Summer,4.7,0,Next Day Air,Yes,Yes,12,Debit Card,Bi-Weekly,2024-07-15
1485,49,Male,1485,Shorts,Clothing,1485,1981,46.00,Nebraska,M,Teal,Summer,4.4,0,Store Pickup,Yes,Yes,22,Venmo,Every 3 Months,2024-06-24
1486,22,Male,1486,Gloves,Accessories,1486,1982,56.00,Nebraska,L,Red,Spring,3.4,0,Standard,Yes,Yes,3,Cash,Fortnightly,2024-03-20
1487,25,Male,1487,Sneakers,Footwear,1487,1983,73.00,Idaho,S,Yellow,Spring,5,0,Free Shipping,Yes,Yes,23,Venmo,Every 3 Months,2024-05-04
1488,40,Male,1488,Skirt,Clothing,1488,1984,44.00,Arizona,L,Black,Summer,4.6,0,Store Pickup,Yes,Yes,26,PayPal,Annually,2024-07-28
1489,23,Male,1489,Hat,Accessories,1489,1985,44.00,Hawaii,L,Pink,Winter,4,0,Standard,Yes,Yes,37,Credit Card,Weekly,2024-12-03
1490,24,Male,1490,Jewelry,Accessories,1490,1987,26.00,Missouri,XL,Magenta,Summer,4.1,0,Next Day Air,Yes,Yes,42,Venmo,Quarterly,2024-06-27
1491,66,Male,1491,Sneakers,Footwear,1491,1988,52.00,Louisiana,L,Olive,Spring,4.9,0,Express,Yes,Yes,15,Venmo,Bi-Weekly,2024-05-24
1492,27,Male,1492,Shirt,Clothing,1492,1989,54.00,Arkansas,S,Black,Summer,2.7,0,Free Shipping,Yes,Yes,10,Bank Transfer,Quarterly,2024-08-08
1493,62,Male,1493,Jacket,Outerwear,1493,1990,38.00,North Carolina,M,Maroon,Summer,4.5,0,Free Shipping,Yes,Yes,3,Venmo,Quarterly,2024-06-28
1494,70,Male,1494,Belt,Accessories,1494,1991,44.00,North Dakota,S,Gold,Fall,2.7,0,Standard,Yes,Yes,44,Credit Card,Quarterly,2024-10-05
1495,43,Male,1495,T-shirt,Clothing,1495,1993,76.00,Montana,M,Gray,Spring,3,0,Next Day Air,Yes,Yes,23,Bank Transfer,Fortnightly,2024-05-22
1496,45,Male,1496,Jewelry,Accessories,1496,1994,23.00,Rhode Island,M,Brown,Winter,4.5,0,Next Day Air,Yes,Yes,6,PayPal,Weekly,2024-12-16
1497,63,Male,1497,T-shirt,Clothing,1497,1995,98.00,Idaho,M,Purple,Winter,5,0,Standard,Yes,Yes,9,Venmo,Bi-Weekly,2024-01-05
1498,69,Male,1498,Jacket,Outerwear,1498,1996,33.00,Michigan,S,Magenta,Spring,3.8,0,2-Day Shipping,Yes,Yes,16,Debit Card,Every 3 Months,2024-05-07
1499,59,Male,1499,Sweater,Clothing,1499,1997,32.00,Illinois,M,Teal,Summer,3.1,0,Standard,Yes,Yes,46,Venmo,Fortnightly,2024-07-04
1500,19,Male,1500,Boots,Footwear,1500,1999,85.00,Georgia,S,Olive,Fall,3.4,0,Free Shipping,Yes,Yes,24,Credit Card,Every 3 Months,2024-10-09
1501,63,Male,1501,Jeans,Clothing,1501,2000,69.00,Alabama,L,Maroon,Summer,4.8,0,Next Day Air,Yes,Yes,22,Debit Card,Monthly,2024-08-25
1502,37,Male,1502,Jeans,Clothing,1502,2001,55.00,Alaska,XL,Silver,Spring,2.7,0,Standard,Yes,Yes,13,Debit Card,Every 3 Months,2024-05-06
1503,37,Male,1503,Pants,Clothing,1503,2002,66.00,Massachusetts,M,Black,Summer,3.2,0,Store Pickup,Yes,Yes,20,Cash,Fortnightly,2024-08-23
1504,50,Male,1504,Jacket,Outerwear,1504,2003,30.00,Michigan,M,Maroon,Fall,3.9,0,2-Day Shipping,Yes,Yes,46,Cash,Quarterly,2024-11-15
1505,60,Male,1505,Jacket,Outerwear,1505,2005,80.00,Alaska,M,Teal,Winter,4.2,0,Next Day Air,Yes,Yes,10,Bank Transfer,Monthly,2024-01-11
1506,46,Male,1506,Belt,Accessories,1506,2006,20.00,North Dakota,M,Teal,Summer,3,0,Express,Yes,Yes,39,Cash,Monthly,2024-07-02
1507,35,Male,1507,Shirt,Clothing,1507,2007,30.00,South Carolina,L,Beige,Fall,3,0,2-Day Shipping,Yes,Yes,44,PayPal,Quarterly,2024-09-05
1508,66,Male,1508,Dress,Clothing,1508,2008,86.00,Pennsylvania,S,Maroon,Winter,3.7,0,2-Day Shipping,Yes,Yes,7,Venmo,Annually,2024-01-19
1509,35,Male,1509,Blouse,Clothing,1509,2009,84.00,Colorado,L,Beige,Spring,4.4,0,Store Pickup,Yes,Yes,3,Cash,Every 3 Months,2024-05-03
1510,20,Male,1510,Dress,Clothing,1510,2011,54.00,New Hampshire,XL,White,Summer,4.6,0,Free Shipping,Yes,Yes,44,Debit Card,Annually,2024-08-09
1511,55,Male,1511,Blouse,Clothing,1511,2012,30.00,Maryland,XL,Gray,Fall,3,0,Free Shipping,Yes,Yes,31,Venmo,Annually,2024-10-27
1512,34,Male,1512,Dress,Clothing,1512,2013,91.00,Georgia,M,Violet,Winter,3.6,0,Express,Yes,Yes,48,Credit Card,Weekly,2024-01-22
1513,60,Male,1513,Sneakers,Footwear,1513,2014,23.00,Wisconsin,L,Silver,Winter,3.9,0,Standard,Yes,Yes,18,PayPal,Bi-Weekly,2024-02-12
1514,22,Male,1514,Socks,Clothing,1514,2015,35.00,Texas,M,Red,Spring,4.1,0,Free Shipping,Yes,Yes,27,Cash,Monthly,2024-05-01
1515,26,Male,1515,Shoes,Footwear,1515,2017,90.00,Utah,L,Brown,Winter,3.9,0,2-Day Shipping,Yes,Yes,1,Venmo,Weekly,2024-01-02
1516,39,Male,1516,Jeans,Clothing,1516,2018,93.00,Indiana,S,Turquoise,Fall,3.9,0,2-Day Shipping,Yes,Yes,34,Cash,Weekly,2024-09-07
1517,20,Male,1517,Jeans,Clothing,1517,2019,68.00,Nevada,L,Indigo,Winter,4.5,0,Express,Yes,Yes,5,Bank Transfer,Bi-Weekly,2024-12-03
1518,57,Male,1518,Gloves,Accessories,1518,2020,41.00,New Hampshire,M,Violet,Spring,3.4,0,Standard,Yes,Yes,12,Cash,Quarterly,2024-03-07
1519,68,Male,1519,Belt,Accessories,1519,2021,73.00,New York,M,Yellow,Winter,4.1,0,Next Day Air,Yes,Yes,14,Venmo,Fortnightly,2024-01-25
1520,50,Male,1520,Sunglasses,Accessories,1520,2023,73.00,Texas,L,Cyan,Fall,4.9,0,Next Day Air,Yes,Yes,40,PayPal,Weekly,2024-10-03
1521,21,Male,1521,Hat,Accessories,1521,2024,66.00,Iowa,M,Brown,Summer,4.4,0,2-Day Shipping,Yes,Yes,39,Cash,Quarterly,2024-06-14
1522,29,Male,1522,Backpack,Accessories,1522,2025,59.00,Washington,M,White,Summer,2.7,0,2-Day Shipping,Yes,Yes,50,Bank Transfer,Weekly,2024-07-03
1523,38,Male,1523,Shorts,Clothing,1523,2026,72.00,Tennessee,L,Yellow,Spring,4.8,0,Free Shipping,Yes,Yes,5,Debit Card,Monthly,2024-05-27
1524,54,Male,1524,Socks,Clothing,1524,2027,88.00,Georgia,M,White,Summer,3.3,0,2-Day Shipping,Yes,Yes,35,Debit Card,Annually,2024-07-03
1525,22,Male,1525,Socks,Clothing,1525,2029,76.00,Massachusetts,L,Pink,Summer,4.4,0,Free Shipping,Yes,Yes,6,Cash,Bi-Weekly,2024-07-25
1526,29,Male,1526,Belt,Accessories,1526,2030,31.00,Oregon,M,Indigo,Winter,4.6,0,2-Day Shipping,Yes,Yes,22,Cash,Fortnightly,2024-01-04
1527,41,Male,1527,Jacket,Outerwear,1527,2031,22.00,Oklahoma,L,White,Summer,3.1,0,Next Day Air,Yes,Yes,27,PayPal,Monthly,2024-08-03
1528,26,Male,1528,Hat,Accessories,1528,2032,75.00,Wisconsin,L,Red,Fall,4.5,0,2-Day Shipping,Yes,Yes,33,Debit Card,Fortnightly,2024-10-22
1529,69,Male,1529,T-shirt,Clothing,1529,2033,75.00,Oregon,S,Red,Spring,4,0,Store Pickup,Yes,Yes,47,Venmo,Bi-Weekly,2024-03-18
1530,20,Male,1530,Backpack,Accessories,1530,2035,63.00,Georgia,M,Lavender,Winter,3.1,0,Free Shipping,Yes,Yes,48,Credit Card,Bi-Weekly,2024-12-09
1531,59,Male,1531,Coat,Outerwear,1531,2036,21.00,New Mexico,M,Teal,Spring,3.9,0,Next Day Air,Yes,Yes,22,Bank Transfer,Quarterly,2024-05-17
1532,63,Male,1532,Backpack,Accessories,1532,2037,83.00,Mississippi,S,Violet,Spring,4.5,0,Next Day Air,Yes,Yes,8,PayPal,Bi-Weekly,2024-03-01
1533,68,Male,1533,Jacket,Outerwear,1533,2038,46.00,Wisconsin,S,Silver,Winter,4.4,0,Next Day Air,Yes,Yes,5,PayPal,Every 3 Months,2024-01-20
1534,50,Male,1534,Shoes,Footwear,1534,2039,59.00,New Hampshire,M,Gold,Summer,3.6,0,2-Day Shipping,Yes,Yes,16,Bank Transfer,Quarterly,2024-07-21
1535,55,Male,1535,Blouse,Clothing,1535,2041,66.00,Wyoming,M,Green,Summer,3.4,0,Free Shipping,Yes,Yes,26,Venmo,Fortnightly,2024-07-15
1536,36,Male,1536,Sandals,Footwear,1536,2042,74.00,West Virginia,S,Turquoise,Fall,4,0,2-Day Shipping,Yes,Yes,8,Venmo,Monthly,2024-11-25
1537,18,Male,1537,Sunglasses,Accessories,1537,2043,82.00,Michigan,M,Indigo,Summer,2.6,0,Store Pickup,Yes,Yes,17,Cash,Quarterly,2024-06-09
1538,68,Male,1538,Shoes,Footwear,1538,2044,89.00,Alaska,L,Black,Spring,3.2,0,Next Day Air,Yes,Yes,50,Venmo,Annually,2024-04-03
1539,56,Male,1539,Dress,Clothing,1539,2045,65.00,Illinois,L,Charcoal,Fall,3.2,0,Standard,Yes,Yes,22,Venmo,Bi-Weekly,2024-10-20
1540,32,Male,1540,Belt,Accessories,1540,2047,55.00,Hawaii,M,Turquoise,Spring,5,0,2-Day Shipping,Yes,Yes,19,Cash,Every 3 Months,2024-04-04
1541,28,Male,1541,Shorts,Clothing,1541,2048,95.00,Colorado,M,Red,Winter,2.9,0,Next Day Air,Yes,Yes,14,Bank Transfer,Monthly,2024-12-19
1542,24,Male,1542,Handbag,Accessories,1542,2049,77.00,Illinois,S,Indigo,Winter,2.9,0,Store Pickup,Yes,Yes,35,Cash,Bi-Weekly,2024-02-01
1543,59,Male,1543,Blouse,Clothing,1543,2050,44.00,Hawaii,M,Maroon,Winter,3.5,0,Next Day Air,Yes,Yes,43,PayPal,Weekly,2024-02-09
1544,56,Male,1544,Jeans,Clothing,1544,2051,89.00,Wisconsin,M,Indigo,Fall,4,0,Standard,Yes,Yes,24,Venmo,Annually,2024-11-06
1545,30,Male,1545,Jewelry,Accessories,1545,2053,24.00,Arkansas,M,Maroon,Spring,3.9,0,Standard,Yes,Yes,17,Debit Card,Bi-Weekly,2024-04-27
1546,48,Male,1546,Belt,Accessories,1546,2054,43.00,Delaware,M,Black,Winter,4.9,0,Store Pickup,Yes,Yes,49,Bank Transfer,Annually,2024-01-08
1547,60,Male,1547,Sneakers,Footwear,1547,2055,51.00,Oregon,XL,Purple,Summer,3.8,0,Express,Yes,Yes,17,Bank Transfer,Annually,2024-08-25
1548,46,Male,1548,Hat,Accessories,1548,2056,46.00,South Carolina,L,Teal,Summer,3.5,0,Standard,Yes,Yes,40,Cash,Quarterly,2024-06-07
1549,69,Male,1549,Dress,Clothing,1549,2057,32.00,Maryland,M,Silver,Summer,3.7,0,Store Pickup,Yes,Yes,43,Bank Transfer,Weekly,2024-07-01
1550,19,Male,1550,Sneakers,Footwear,1550,2059,55.00,Kansas,M,Black,Spring,2.9,0,2-Day Shipping,Yes,Yes,19,Debit Card,Every 3 Months,2024-04-05
1551,66,Male,1551,Sunglasses,Accessories,1551,2060,26.00,Arkansas,S,Black,Summer,2.8,0,Free Shipping,Yes,Yes,40,Bank Transfer,Quarterly,2024-07-18
1552,64,Male,1552,Handbag,Accessories,1552,2061,29.00,Minnesota,M,Olive,Summer,3.7,0,2-Day Shipping,Yes,Yes,13,Credit Card,Monthly,2024-06-01
1553,54,Male,1553,Blouse,Clothing,1553,2062,49.00,New Mexico,L,Purple,Spring,3,0,Express,Yes,Yes,20,Credit Card,Monthly,2024-05-26
1554,27,Male,1554,Blouse,Clothing,1554,2063,45.00,Delaware,M,Indigo,Spring,4.8,0,Free Shipping,Yes,Yes,21,Debit Card,Quarterly,2024-05-03
1555,64,Male,1555,Shorts,Clothing,1555,2065,48.00,Utah,S,Lavender,Winter,2.7,0,Standard,Yes,Yes,18,Cash,Bi-Weekly,2024-02-10
1556,43,Male,1556,Shorts,Clothing,1556,2066,47.00,Ohio,S,Cyan,Winter,4.5,0,Free Shipping,Yes,Yes,44,Cash,Quarterly,2024-02-23
1557,43,Male,1557,Hoodie,Clothing,1557,2067,57.00,Alabama,M,Gold,Fall,2.7,0,Standard,Yes,Yes,26,Credit Card,Quarterly,2024-10-06
1558,27,Male,1558,Backpack,Accessories,1558,2068,34.00,South Dakota,L,Magenta,Fall,3.5,0,Next Day Air,Yes,Yes,34,PayPal,Quarterly,2024-11-01
1559,35,Male,1559,Sunglasses,Accessories,1559,2069,75.00,New Mexico,XL,Teal,Fall,3.5,0,Express,Yes,Yes,24,Credit Card,Every 3 Months,2024-10-14
1560,43,Male,1560,Scarf,Accessories,1560,2071,94.00,Oregon,L,Beige,Fall,4.5,0,Store Pickup,Yes,Yes,23,PayPal,Fortnightly,2024-09-20
1561,57,Male,1561,Hat,Accessories,1561,2072,84.00,Oregon,M,Teal,Winter,3.8,0,Free Shipping,Yes,Yes,3,Debit Card,Weekly,2024-12-10
1562,50,Male,1562,Scarf,Accessories,1562,2073,38.00,Mississippi,M,Indigo,Summer,3.8,0,Standard,Yes,Yes,2,Bank Transfer,Quarterly,2024-08-06
1563,37,Male,1563,Scarf,Accessories,1563,2074,75.00,Alabama,M,Purple,Winter,3.2,0,Next Day Air,Yes,Yes,23,Venmo,Bi-Weekly,2024-12-23
1564,68,Male,1564,Pants,Clothing,1564,2075,44.00,Kansas,M,Teal,Fall,4.3,0,Next Day Air,Yes,Yes,8,Cash,Weekly,2024-09-06
1565,22,Male,1565,Backpack,Accessories,1565,2077,33.00,California,XL,Turquoise,Summer,4.5,0,Next Day Air,Yes,Yes,30,Debit Card,Every 3 Months,2024-08-14
1566,58,Male,1566,Sunglasses,Accessories,1566,2078,93.00,Idaho,L,Peach,Fall,4.2,0,Free Shipping,Yes,Yes,48,PayPal,Annually,2024-11-15
1567,48,Male,1567,Sneakers,Footwear,1567,2079,99.00,Wyoming,S,Green,Winter,3,0,Free Shipping,Yes,Yes,21,Cash,Bi-Weekly,2024-01-14
1568,30,Male,1568,Backpack,Accessories,1568,2080,33.00,Minnesota,M,Turquoise,Spring,4.1,0,Standard,Yes,Yes,9,Cash,Monthly,2024-05-13
1569,51,Male,1569,Sneakers,Footwear,1569,2081,76.00,Washington,L,Yellow,Spring,4.6,0,Store Pickup,Yes,Yes,8,Debit Card,Monthly,2024-04-18
1570,20,Male,1570,Skirt,Clothing,1570,2083,63.00,Hawaii,M,Orange,Summer,2.9,0,Standard,Yes,Yes,29,Debit Card,Weekly,2024-08-01
1571,30,Male,1571,Pants,Clothing,1571,2084,41.00,Missouri,L,Brown,Winter,4.8,0,Next Day Air,Yes,Yes,3,Bank Transfer,Every 3 Months,2024-01-13
1572,28,Male,1572,Jewelry,Accessories,1572,2085,88.00,Colorado,L,Silver,Winter,4.5,0,Next Day Air,Yes,Yes,11,Bank Transfer,Fortnightly,2024-01-11
1573,37,Male,1573,Skirt,Clothing,1573,2086,92.00,Washington,L,White,Summer,3.4,0,2-Day Shipping,Yes,Yes,16,Debit Card,Monthly,2024-08-20
1574,36,Male,1574,T-shirt,Clothing,1574,2087,31.00,North Dakota,L,Indigo,Summer,4.3,0,2-Day Shipping,Yes,Yes,25,Debit Card,Weekly,2024-07-21
1575,18,Male,1575,Skirt,Clothing,1575,2089,25.00,Minnesota,S,Magenta,Spring,4.2,0,Free Shipping,Yes,Yes,32,PayPal,Bi-Weekly,2024-04-17
1576,52,Male,1576,Shirt,Clothing,1576,2090,28.00,California,M,Turquoise,Spring,3.6,0,Next Day Air,Yes,Yes,28,Cash,Fortnightly,2024-04-19
1577,56,Male,1577,Dress,Clothing,1577,2091,75.00,Michigan,M,White,Spring,3.7,0,2-Day Shipping,Yes,Yes,36,PayPal,Monthly,2024-05-14
1578,68,Male,1578,Boots,Footwear,1578,2092,34.00,Delaware,S,Olive,Spring,4,0,Standard,Yes,Yes,7,Venmo,Fortnightly,2024-05-03
1579,62,Male,1579,Pants,Clothing,1579,2093,97.00,California,S,Maroon,Winter,4.9,0,2-Day Shipping,Yes,Yes,2,PayPal,Quarterly,2024-12-15
1580,35,Male,1580,Jacket,Outerwear,1580,2095,80.00,Oklahoma,M,Violet,Summer,3.1,0,Free Shipping,Yes,Yes,6,Bank Transfer,Monthly,2024-07-11
1581,65,Male,1581,Sneakers,Footwear,1581,2096,71.00,North Dakota,L,Cyan,Summer,3.7,0,Standard,Yes,Yes,30,Cash,Annually,2024-07-15
1582,69,Male,1582,Jewelry,Accessories,1582,2097,77.00,Ohio,L,Teal,Fall,4.2,0,Free Shipping,Yes,Yes,46,Cash,Quarterly,2024-09-03
1583,28,Male,1583,Belt,Accessories,1583,2098,41.00,Hawaii,L,Red,Spring,2.5,0,Next Day Air,Yes,Yes,39,Cash,Monthly,2024-05-18
1584,37,Male,1584,Scarf,Accessories,1584,2099,92.00,Maryland,XL,Yellow,Summer,4.3,0,Next Day Air,Yes,Yes,8,Venmo,Annually,2024-08-24
1585,41,Male,1585,Blouse,Clothing,1585,2101,95.00,Hawaii,S,Silver,Spring,3.1,0,Store Pickup,Yes,Yes,46,Credit Card,Quarterly,2024-04-02
1586,37,Male,1586,Sweater,Clothing,1586,2102,25.00,Alabama,M,Charcoal,Fall,3,0,Next Day Air,Yes,Yes,40,Debit Card,Fortnightly,2024-11-01
1587,25,Male,1587,Boots,Footwear,1587,2103,77.00,Oklahoma,M,Purple,Fall,4,0,Express,Yes,Yes,21,Bank Transfer,Weekly,2024-11-14
1588,41,Male,1588,Socks,Clothing,1588,2104,99.00,Alabama,M,Beige,Summer,3.5,0,Free Shipping,Yes,Yes,33,Credit Card,Fortnightly,2024-06-17
1589,48,Male,1589,Belt,Accessories,1589,2105,24.00,Vermont,L,Cyan,Winter,3.2,0,Next Day Air,Yes,Yes,3,Venmo,Monthly,2024-01-26
1590,42,Male,1590,Sneakers,Footwear,1590,2107,72.00,Ohio,M,Silver,Summer,2.7,0,Store Pickup,Yes,Yes,48,Cash,Weekly,2024-08-10
1591,54,Male,1591,Jeans,Clothing,1591,2108,80.00,Wisconsin,S,Pink,Winter,3,0,Free Shipping,Yes,Yes,8,PayPal,Annually,2024-01-02
1592,18,Male,1592,Skirt,Clothing,1592,2109,100.00,South Dakota,L,Gold,Winter,2.9,0,Next Day Air,Yes,Yes,24,PayPal,Annually,2024-12-09
1593,56,Male,1593,Shoes,Footwear,1593,2110,83.00,Iowa,M,Cyan,Summer,3.3,0,Free Shipping,Yes,Yes,10,Bank Transfer,Every 3 Months,2024-06-12
1594,61,Male,1594,Dress,Clothing,1594,2111,95.00,Maryland,M,Black,Spring,4.9,0,2-Day Shipping,Yes,Yes,25,Bank Transfer,Monthly,2024-03-13
1595,40,Male,1595,Handbag,Accessories,1595,2113,41.00,Colorado,XL,Charcoal,Summer,3.7,0,Store Pickup,Yes,Yes,3,Cash,Fortnightly,2024-06-19
1596,34,Male,1596,Backpack,Accessories,1596,2114,35.00,Wisconsin,S,Magenta,Spring,3.5,0,Standard,Yes,Yes,45,Debit Card,Fortnightly,2024-04-01
1597,42,Male,1597,Jewelry,Accessories,1597,2115,30.00,Mississippi,S,Pink,Fall,4.7,0,Store Pickup,Yes,Yes,15,Debit Card,Monthly,2024-10-12
1598,43,Male,1598,Hat,Accessories,1598,2116,21.00,Mississippi,XL,Maroon,Winter,2.6,0,Store Pickup,Yes,Yes,34,Bank Transfer,Quarterly,2024-01-12
1599,47,Male,1599,Jewelry,Accessories,1599,2117,85.00,California,M,Teal,Fall,4.1,0,Express,Yes,Yes,21,Venmo,Bi-Weekly,2024-11-22
1600,48,Male,1600,Shirt,Clothing,1600,2119,54.00,Delaware,M,Orange,Winter,2.8,0,2-Day Shipping,Yes,Yes,22,Debit Card,Bi-Weekly,2024-12-27
1601,20,Male,1601,Boots,Footwear,1601,2120,26.00,Montana,S,Yellow,Spring,4.7,0,Next Day Air,Yes,Yes,24,PayPal,Weekly,2024-03-04
1602,65,Male,1602,Shirt,Clothing,1602,2121,59.00,Indiana,XL,Red,Spring,2.9,0,Store Pickup,Yes,Yes,33,Credit Card,Monthly,2024-05-28
1603,54,Male,1603,Sunglasses,Accessories,1603,2122,48.00,West Virginia,S,Charcoal,Winter,2.8,0,Free Shipping,Yes,Yes,13,Venmo,Fortnightly,2024-01-20
1604,23,Male,1604,Shorts,Clothing,1604,2123,98.00,Iowa,L,Black,Summer,4.3,0,Next Day Air,Yes,Yes,17,Debit Card,Bi-Weekly,2024-06-15
1605,18,Male,1605,Sweater,Clothing,1605,2125,92.00,Maine,M,White,Summer,4.8,0,2-Day Shipping,Yes,Yes,25,Credit Card,Every 3 Months,2024-06-01
1606,70,Male,1606,Belt,Accessories,1606,2126,46.00,Connecticut,M,Lavender,Winter,3.4,0,Next Day Air,Yes,Yes,15,Credit Card,Bi-Weekly,2024-12-03
1607,55,Male,1607,T-shirt,Clothing,1607,2127,21.00,Kansas,S,White,Spring,4.3,0,Standard,Yes,Yes,4,PayPal,Fortnightly,2024-05-12
1608,49,Male,1608,Shorts,Clothing,1608,2128,72.00,Vermont,S,Gray,Fall,2.7,0,Free Shipping,Yes,Yes,43,Debit Card,Quarterly,2024-11-23
1609,26,Male,1609,Sandals,Footwear,1609,2129,58.00,Nebraska,XL,Cyan,Fall,4.6,0,Next Day Air,Yes,Yes,12,Bank Transfer,Bi-Weekly,2024-09-25
1610,33,Male,1610,Shirt,Clothing,1610,2131,93.00,Nevada,S,Brown,Fall,4.1,0,Standard,Yes,Yes,3,Venmo,Monthly,2024-09-28
1611,20,Male,1611,Socks,Clothing,1611,2132,31.00,Tennessee,L,Purple,Spring,3.4,0,2-Day Shipping,Yes,Yes,1,PayPal,Annually,2024-04-23
1612,41,Male,1612,Pants,Clothing,1612,2133,26.00,Arkansas,L,Yellow,Winter,4.5,0,Next Day Air,Yes,Yes,6,Debit Card,Monthly,2024-02-03
1613,18,Male,1613,Skirt,Clothing,1613,2134,68.00,Wisconsin,M,Indigo,Summer,4.4,0,Standard,Yes,Yes,26,Venmo,Monthly,2024-07-28
1614,26,Male,1614,Jewelry,Accessories,1614,2135,31.00,Illinois,S,Black,Summer,4,0,Next Day Air,Yes,Yes,6,Credit Card,Fortnightly,2024-06-06
1615,30,Male,1615,T-shirt,Clothing,1615,2137,41.00,Kansas,S,Gray,Summer,3.4,0,Free Shipping,Yes,Yes,22,Cash,Bi-Weekly,2024-07-06
1616,64,Male,1616,Jewelry,Accessories,1616,2138,62.00,New York,M,Indigo,Fall,3.2,0,Standard,Yes,Yes,45,Cash,Bi-Weekly,2024-11-05
1617,26,Male,1617,Hat,Accessories,1617,2139,41.00,Colorado,M,Green,Spring,3.4,0,Standard,Yes,Yes,50,Cash,Quarterly,2024-05-15
1618,43,Male,1618,Blouse,Clothing,1618,2140,64.00,Wisconsin,M,Peach,Winter,4.3,0,Standard,Yes,Yes,50,Credit Card,Fortnightly,2024-02-19
1619,63,Male,1619,Sandals,Footwear,1619,2141,72.00,Michigan,L,Purple,Summer,5,0,Standard,Yes,Yes,39,Debit Card,Quarterly,2024-06-04
1620,57,Male,1620,Handbag,Accessories,1620,2143,78.00,Hawaii,L,Beige,Winter,3.5,0,Store Pickup,Yes,Yes,50,Venmo,Bi-Weekly,2024-02-11
1621,25,Male,1621,Hat,Accessories,1621,2144,47.00,Virginia,M,Charcoal,Winter,3.1,0,2-Day Shipping,Yes,Yes,27,PayPal,Every 3 Months,2024-02-22
1622,68,Male,1622,Scarf,Accessories,1622,2145,46.00,Ohio,L,Gray,Summer,3.9,0,2-Day Shipping,Yes,Yes,38,Debit Card,Fortnightly,2024-06-10
1623,31,Male,1623,Shorts,Clothing,1623,2146,43.00,Missouri,S,Brown,Winter,4,0,Store Pickup,Yes,Yes,37,Bank Transfer,Every 3 Months,2024-12-27
1624,64,Male,1624,Backpack,Accessories,1624,2147,58.00,Indiana,M,Cyan,Summer,3.5,0,Next Day Air,Yes,Yes,50,Debit Card,Annually,2024-08-04
1625,38,Male,1625,Sweater,Clothing,1625,2149,32.00,Florida,M,White,Winter,3.6,0,Free Shipping,Yes,Yes,40,PayPal,Every 3 Months,2024-02-03
1626,34,Male,1626,Skirt,Clothing,1626,2150,45.00,Minnesota,L,Beige,Winter,3,0,Next Day Air,Yes,Yes,3,PayPal,Bi-Weekly,2024-02-01
1627,32,Male,1627,Sneakers,Footwear,1627,2151,35.00,Nevada,L,Orange,Summer,2.6,0,Next Day Air,Yes,Yes,45,Credit Card,Bi-Weekly,2024-07-22
1628,69,Male,1628,Sunglasses,Accessories,1628,2152,21.00,Maine,M,Olive,Winter,2.9,0,Next Day Air,Yes,Yes,8,Credit Card,Annually,2024-02-06
1629,45,Male,1629,Dress,Clothing,1629,2153,64.00,Massachusetts,S,Teal,Winter,3.1,0,Next Day Air,Yes,Yes,7,Cash,Monthly,2024-12-05
1630,35,Male,1630,Blouse,Clothing,1630,2155,88.00,North Dakota,S,Silver,Spring,3.3,0,Next Day Air,Yes,Yes,13,Venmo,Quarterly,2024-05-01
1631,63,Male,1631,Shoes,Footwear,1631,2156,48.00,New Jersey,M,Gold,Summer,2.9,0,Store Pickup,Yes,Yes,29,Venmo,Every 3 Months,2024-08-05
1632,65,Male,1632,Sweater,Clothing,1632,2157,36.00,Indiana,L,Violet,Summer,3.9,0,2-Day Shipping,Yes,Yes,7,Bank Transfer,Fortnightly,2024-08-17
1633,35,Male,1633,Gloves,Accessories,1633,2158,28.00,Oregon,S,White,Summer,4.7,0,2-Day Shipping,Yes,Yes,50,Debit Card,Every 3 Months,2024-07-02
1634,54,Male,1634,Socks,Clothing,1634,2159,80.00,North Dakota,M,Peach,Spring,4.4,0,2-Day Shipping,Yes,Yes,33,Debit Card,Bi-Weekly,2024-03-19
1635,28,Male,1635,Coat,Outerwear,1635,2161,23.00,South Carolina,S,Orange,Summer,3.6,0,Store Pickup,Yes,Yes,30,Cash,Every 3 Months,2024-06-14
1636,68,Male,1636,Sunglasses,Accessories,1636,2162,24.00,North Carolina,L,Violet,Summer,3.2,0,Standard,Yes,Yes,40,Cash,Annually,2024-07-07
1637,58,Male,1637,Boots,Footwear,1637,2163,22.00,North Dakota,L,Green,Fall,4,0,Free Shipping,Yes,Yes,49,Cash,Fortnightly,2024-11-03
1638,35,Male,1638,Dress,Clothing,1638,2164,21.00,Massachusetts,M,Peach,Spring,3.5,0,Next Day Air,Yes,Yes,32,Venmo,Fortnightly,2024-03-19
1639,68,Male,1639,Jacket,Outerwear,1639,2165,51.00,Tennessee,M,Black,Spring,4.6,0,Free Shipping,Yes,Yes,18,Venmo,Weekly,2024-05-27
1640,41,Male,1640,Gloves,Accessories,1640,2167,65.00,Missouri,L,Blue,Summer,3.3,0,Free Shipping,Yes,Yes,50,PayPal,Annually,2024-06-22
1641,65,Male,1641,Scarf,Accessories,1641,2168,51.00,Tennessee,S,Magenta,Spring,4,0,2-Day Shipping,Yes,Yes,13,PayPal,Weekly,2024-03-15
1642,50,Male,1642,Hoodie,Clothing,1642,2169,32.00,Colorado,L,Violet,Summer,3.4,0,Free Shipping,Yes,Yes,1,Bank Transfer,Every 3 Months,2024-06-03
1643,18,Male,1643,Coat,Outerwear,1643,2170,70.00,Mississippi,M,Beige,Spring,4.2,0,Store Pickup,Yes,Yes,16,PayPal,Fortnightly,2024-03-27
1644,38,Male,1644,Scarf,Accessories,1644,2171,77.00,Ohio,L,Pink,Summer,3.9,0,2-Day Shipping,Yes,Yes,6,PayPal,Monthly,2024-06-04
1645,68,Male,1645,Coat,Outerwear,1645,2173,90.00,North Carolina,S,Beige,Summer,3.9,0,Next Day Air,Yes,Yes,21,Debit Card,Monthly,2024-07-28
1646,53,Male,1646,Scarf,Accessories,1646,2174,36.00,Ohio,L,Green,Summer,2.8,0,Standard,Yes,Yes,36,Venmo,Every 3 Months,2024-08-28
1647,58,Male,1647,Handbag,Accessories,1647,2175,77.00,Nebraska,S,Silver,Summer,3.7,0,Standard,Yes,Yes,20,Bank Transfer,Every 3 Months,2024-06-04
1648,34,Male,1648,Boots,Footwear,1648,2176,78.00,Hawaii,M,Purple,Summer,4.9,0,Store Pickup,Yes,Yes,8,Debit Card,Quarterly,2024-07-17
1649,36,Male,1649,Pants,Clothing,1649,2177,69.00,Oklahoma,M,Gray,Summer,2.6,0,Express,Yes,Yes,22,Credit Card,Monthly,2024-08-06
1650,58,Male,1650,T-shirt,Clothing,1650,2179,63.00,Wisconsin,M,White,Summer,4.9,0,Free Shipping,Yes,Yes,3,Credit Card,Quarterly,2024-08-28
1651,60,Male,1651,Scarf,Accessories,1651,2180,36.00,Arkansas,M,Silver,Winter,3.4,0,Next Day Air,Yes,Yes,46,Credit Card,Fortnightly,2024-01-16
1652,59,Male,1652,Coat,Outerwear,1652,2181,80.00,Texas,M,Blue,Winter,3.9,0,Standard,Yes,Yes,42,Debit Card,Monthly,2024-12-27
1653,65,Male,1653,Sweater,Clothing,1653,2182,35.00,New Mexico,M,Orange,Summer,4,0,Next Day Air,Yes,Yes,1,Bank Transfer,Fortnightly,2024-06-21
1654,31,Male,1654,Belt,Accessories,1654,2183,93.00,Colorado,L,Silver,Winter,3,0,2-Day Shipping,Yes,Yes,29,Debit Card,Bi-Weekly,2024-02-27
1655,43,Male,1655,Belt,Accessories,1655,2185,25.00,Indiana,L,Gray,Spring,2.6,0,Store Pickup,Yes,Yes,14,Credit Card,Quarterly,2024-04-03
1656,37,Male,1656,Sweater,Clothing,1656,2186,81.00,Arizona,L,Gold,Spring,3.2,0,Next Day Air,Yes,Yes,4,PayPal,Monthly,2024-04-23
1657,21,Male,1657,Blouse,Clothing,1657,2187,42.00,Indiana,L,Brown,Spring,2.6,0,2-Day Shipping,Yes,Yes,41,PayPal,Every 3 Months,2024-05-24
1658,69,Male,1658,Skirt,Clothing,1658,2188,36.00,Indiana,L,Turquoise,Spring,3.2,0,Store Pickup,Yes,Yes,4,Debit Card,Bi-Weekly,2024-03-18
1659,32,Male,1659,Jewelry,Accessories,1659,2189,66.00,Alaska,S,Pink,Spring,4.1,0,Store Pickup,Yes,Yes,47,Cash,Weekly,2024-03-20
1660,53,Male,1660,Gloves,Accessories,1660,2191,37.00,Utah,M,Black,Fall,3.9,0,Next Day Air,Yes,Yes,44,Venmo,Annually,2024-11-03
1661,59,Male,1661,T-shirt,Clothing,1661,2192,45.00,Louisiana,L,Yellow,Winter,4.1,0,Standard,Yes,Yes,37,Venmo,Monthly,2024-12-12
1662,64,Male,1662,Gloves,Accessories,1662,2193,86.00,Iowa,S,Beige,Summer,2.7,0,2-Day Shipping,Yes,Yes,21,Debit Card,Quarterly,2024-06-28
1663,63,Male,1663,Sunglasses,Accessories,1663,2194,24.00,New Mexico,M,Olive,Winter,4.6,0,Free Shipping,Yes,Yes,46,Debit Card,Fortnightly,2024-12-21
1664,43,Male,1664,Shirt,Clothing,1664,2195,22.00,Maine,XL,Gold,Summer,3.5,0,Standard,Yes,Yes,1,Cash,Bi-Weekly,2024-06-17
1665,19,Male,1665,Handbag,Accessories,1665,2197,53.00,Minnesota,M,Purple,Spring,5,0,Next Day Air,Yes,Yes,35,PayPal,Weekly,2024-05-17
1666,40,Male,1666,Jacket,Outerwear,1666,2198,41.00,New Mexico,L,Pink,Fall,3.4,0,Next Day Air,Yes,Yes,49,Venmo,Monthly,2024-09-24
1667,51,Male,1667,Skirt,Clothing,1667,2199,64.00,Arkansas,M,Blue,Summer,3.1,0,Store Pickup,Yes,Yes,47,PayPal,Annually,2024-07-14
1668,51,Male,1668,Handbag,Accessories,1668,2200,40.00,Oklahoma,L,Brown,Winter,3.4,0,2-Day Shipping,Yes,Yes,24,Bank Transfer,Every 3 Months,2024-02-15
1669,66,Male,1669,Blouse,Clothing,1669,2201,33.00,Utah,L,Charcoal,Summer,4,0,Standard,Yes,Yes,28,Debit Card,Fortnightly,2024-06-28
1670,42,Male,1670,T-shirt,Clothing,1670,2203,59.00,Wisconsin,L,Maroon,Winter,2.7,0,Store Pickup,Yes,Yes,22,Bank Transfer,Quarterly,2024-02-09
1671,22,Male,1671,Pants,Clothing,1671,2204,73.00,Utah,L,Cyan,Fall,3.6,0,Free Shipping,Yes,Yes,20,Cash,Weekly,2024-09-21
1672,31,Male,1672,Hoodie,Clothing,1672,2205,22.00,Utah,M,Olive,Winter,4,0,Free Shipping,Yes,Yes,25,Bank Transfer,Weekly,2024-12-15
1673,18,Male,1673,Boots,Footwear,1673,2206,73.00,South Carolina,L,Gold,Fall,3.8,0,Free Shipping,Yes,Yes,15,Venmo,Quarterly,2024-10-23
1674,21,Male,1674,Blouse,Clothing,1674,2207,62.00,Hawaii,M,Violet,Fall,3.4,0,Next Day Air,Yes,Yes,49,Venmo,Bi-Weekly,2024-09-16
1675,35,Male,1675,Coat,Outerwear,1675,2209,56.00,Alaska,M,Peach,Winter,3.2,0,Free Shipping,Yes,Yes,10,Debit Card,Fortnightly,2024-02-26
1676,35,Male,1676,Pants,Clothing,1676,2210,90.00,Colorado,M,Beige,Spring,4.7,0,Next Day Air,Yes,Yes,21,Credit Card,Annually,2024-04-09
1677,27,Male,1677,Sunglasses,Accessories,1677,2211,44.00,West Virginia,M,Cyan,Winter,3.1,0,Next Day Air,Yes,Yes,34,Bank Transfer,Weekly,2024-02-12
1678,65,Male,1678,Jeans,Clothing,1678,2212,35.00,Oregon,L,Silver,Summer,3.3,0,Next Day Air,No,No,41,Debit Card,Weekly,2024-08-19
1679,41,Male,1679,Pants,Clothing,1679,2213,71.00,Ohio,S,Magenta,Summer,4.8,0,2-Day Shipping,No,No,30,Venmo,Fortnightly,2024-07-15
1680,60,Male,1680,Dress,Clothing,1680,2215,52.00,Massachusetts,S,Black,Fall,4.5,0,Next Day Air,No,No,24,Debit Card,Bi-Weekly,2024-11-20
1681,61,Male,1681,Shoes,Footwear,1681,2216,37.00,Louisiana,M,Olive,Summer,3.4,0,Store Pickup,No,No,6,Credit Card,Annually,2024-06-19
1682,24,Male,1682,Sneakers,Footwear,1682,2217,95.00,Virginia,L,Green,Winter,3.7,0,2-Day Shipping,No,No,14,Credit Card,Bi-Weekly,2024-01-15
1683,65,Male,1683,Socks,Clothing,1683,2218,97.00,New York,M,Yellow,Fall,4.9,0,2-Day Shipping,No,No,37,Credit Card,Bi-Weekly,2024-09-20
1684,23,Male,1684,Coat,Outerwear,1684,2219,57.00,Arkansas,S,Lavender,Spring,3.5,0,Next Day Air,No,No,37,Venmo,Quarterly,2024-03-06
1685,30,Male,1685,Shirt,Clothing,1685,2221,93.00,New Mexico,M,Indigo,Spring,4.6,0,Standard,No,No,28,PayPal,Weekly,2024-03-12
1686,33,Male,1686,Blouse,Clothing,1686,2222,48.00,Minnesota,M,Pink,Winter,4.6,0,Standard,No,No,43,PayPal,Bi-Weekly,2024-01-28
1687,22,Male,1687,Gloves,Accessories,1687,2223,75.00,Illinois,L,Red,Fall,4.2,0,Store Pickup,No,No,25,Cash,Annually,2024-09-13
1688,67,Male,1688,Skirt,Clothing,1688,2224,70.00,Georgia,S,Magenta,Winter,3.7,0,Free Shipping,No,No,4,PayPal,Annually,2024-01-20
1689,28,Male,1689,Handbag,Accessories,1689,2225,26.00,Mississippi,S,Peach,Winter,3,0,Next Day Air,No,No,13,Venmo,Fortnightly,2024-02-23
1690,32,Male,1690,Shirt,Clothing,1690,2227,73.00,North Carolina,L,Turquoise,Winter,4.6,0,Store Pickup,No,No,32,Bank Transfer,Monthly,2024-12-08
1691,40,Male,1691,Coat,Outerwear,1691,2228,30.00,Nevada,M,Black,Summer,3.2,0,Free Shipping,No,No,1,Cash,Annually,2024-07-07
1692,64,Male,1692,Shoes,Footwear,1692,2229,61.00,Connecticut,L,Blue,Summer,3.5,0,Next Day Air,No,No,4,Cash,Annually,2024-08-03
1693,56,Male,1693,Handbag,Accessories,1693,2230,75.00,Utah,M,Beige,Winter,2.6,0,Standard,No,No,33,Cash,Bi-Weekly,2024-01-05
1694,63,Male,1694,Jacket,Outerwear,1694,2231,88.00,Tennessee,XL,Olive,Fall,4.9,0,Standard,No,No,45,Bank Transfer,Fortnightly,2024-09-04
1695,20,Male,1695,Shirt,Clothing,1695,2233,67.00,Mississippi,M,Turquoise,Summer,2.7,0,Express,No,No,20,Debit Card,Fortnightly,2024-07-02
1696,54,Male,1696,Hat,Accessories,1696,2234,95.00,Nebraska,S,Yellow,Fall,4.7,0,2-Day Shipping,No,No,1,PayPal,Fortnightly,2024-09-13
1697,31,Male,1697,Sunglasses,Accessories,1697,2235,69.00,West Virginia,S,Turquoise,Spring,4,0,Free Shipping,No,No,7,Credit Card,Bi-Weekly,2024-05-08
1698,36,Male,1698,Shirt,Clothing,1698,2236,87.00,South Carolina,L,Lavender,Fall,3.5,0,Next Day Air,No,No,48,Credit Card,Every 3 Months,2024-11-04
1699,25,Male,1699,Belt,Accessories,1699,2237,41.00,Iowa,XL,Turquoise,Winter,4.8,0,Standard,No,No,46,Bank Transfer,Quarterly,2024-12-27
1700,20,Male,1700,Sweater,Clothing,1700,2239,67.00,North Dakota,L,Teal,Spring,4,0,Free Shipping,No,No,34,Debit Card,Annually,2024-03-18
1701,62,Male,1701,Hoodie,Clothing,1701,2240,70.00,West Virginia,L,Black,Fall,4.1,0,Express,No,No,36,Bank Transfer,Monthly,2024-11-22
1702,69,Male,1702,Handbag,Accessories,1702,2241,41.00,Mississippi,XL,Blue,Winter,3.8,0,Next Day Air,No,No,44,Debit Card,Every 3 Months,2024-12-02
1703,54,Male,1703,Jeans,Clothing,1703,2242,83.00,Alabama,XL,Yellow,Summer,5,0,Express,No,No,48,Bank Transfer,Weekly,2024-08-27
1704,39,Male,1704,Backpack,Accessories,1704,2243,22.00,California,M,Black,Spring,4,0,Next Day Air,No,No,12,Bank Transfer,Annually,2024-05-26
1705,56,Male,1705,Sneakers,Footwear,1705,2245,20.00,Idaho,M,Lavender,Summer,3.9,0,Store Pickup,No,No,19,Cash,Every 3 Months,2024-06-22
1706,39,Male,1706,Jewelry,Accessories,1706,2246,29.00,South Dakota,L,Cyan,Summer,3.4,0,2-Day Shipping,No,No,49,Venmo,Bi-Weekly,2024-06-16
1707,37,Male,1707,Sunglasses,Accessories,1707,2247,87.00,North Dakota,M,Brown,Spring,3,0,Standard,No,No,25,Venmo,Fortnightly,2024-03-27
1708,25,Male,1708,Shorts,Clothing,1708,2248,81.00,Nevada,L,Maroon,Fall,4.9,0,2-Day Shipping,No,No,25,Cash,Bi-Weekly,2024-11-03
1709,35,Male,1709,Boots,Footwear,1709,2249,58.00,Florida,L,Cyan,Spring,3.2,0,Express,No,No,1,Credit Card,Quarterly,2024-04-06
1710,45,Male,1710,Skirt,Clothing,1710,2251,83.00,Indiana,M,Pink,Winter,3.8,0,Standard,No,No,19,Bank Transfer,Annually,2024-01-09
1711,19,Male,1711,Pants,Clothing,1711,2252,59.00,Arkansas,XL,Orange,Fall,3.8,0,Store Pickup,No,No,7,Credit Card,Quarterly,2024-09-09
1712,21,Male,1712,T-shirt,Clothing,1712,2253,93.00,North Carolina,M,Lavender,Spring,4.7,0,Express,No,No,19,Credit Card,Monthly,2024-03-19
1713,65,Male,1713,T-shirt,Clothing,1713,2254,87.00,Illinois,S,Beige,Fall,3.8,0,2-Day Shipping,No,No,9,Cash,Fortnightly,2024-11-11
1714,49,Male,1714,Jacket,Outerwear,1714,2255,22.00,Missouri,M,Pink,Winter,4.6,0,Free Shipping,No,No,37,PayPal,Quarterly,2024-02-11
1715,30,Male,1715,Jeans,Clothing,1715,2257,71.00,South Dakota,S,Charcoal,Summer,4.4,0,Standard,No,No,15,Cash,Monthly,2024-08-03
1716,23,Male,1716,Dress,Clothing,1716,2258,69.00,Idaho,XL,Gray,Spring,3.4,0,2-Day Shipping,No,No,30,PayPal,Bi-Weekly,2024-03-08
1717,69,Male,1717,Blouse,Clothing,1717,2259,47.00,Connecticut,M,Cyan,Winter,4.7,0,Standard,No,No,30,Cash,Every 3 Months,2024-12-04
1718,29,Male,1718,Hoodie,Clothing,1718,2260,50.00,Hawaii,L,Orange,Summer,2.9,0,Express,No,No,16,Debit Card,Bi-Weekly,2024-06-16
1719,54,Male,1719,T-shirt,Clothing,1719,2261,96.00,Maryland,L,Pink,Winter,3.4,0,2-Day Shipping,No,No,14,PayPal,Every 3 Months,2024-12-11
1720,45,Male,1720,Sweater,Clothing,1720,2263,39.00,Maryland,M,White,Winter,3.2,0,Free Shipping,No,No,8,Venmo,Quarterly,2024-01-28
1721,25,Male,1721,Shorts,Clothing,1721,2264,84.00,Massachusetts,S,Beige,Winter,2.8,0,Express,No,No,40,Debit Card,Bi-Weekly,2024-01-24
1722,34,Male,1722,Jewelry,Accessories,1722,2265,28.00,Delaware,S,Magenta,Spring,4.3,0,Free Shipping,No,No,24,Credit Card,Monthly,2024-05-01
1723,46,Male,1723,T-shirt,Clothing,1723,2266,51.00,Massachusetts,L,Violet,Summer,3.3,0,Standard,No,No,14,Cash,Fortnightly,2024-07-16
1724,70,Male,1724,Scarf,Accessories,1724,2267,20.00,New York,XL,Gold,Spring,3.3,0,Standard,No,No,39,PayPal,Annually,2024-04-16
1725,42,Male,1725,Shoes,Footwear,1725,2269,72.00,Delaware,S,Teal,Winter,3.3,0,Free Shipping,No,No,21,PayPal,Weekly,2024-12-10
1726,45,Male,1726,Sunglasses,Accessories,1726,2270,33.00,Massachusetts,M,Indigo,Spring,3,0,Next Day Air,No,No,32,Venmo,Quarterly,2024-04-20
1727,57,Male,1727,Coat,Outerwear,1727,2271,28.00,Indiana,S,Olive,Summer,2.8,0,Express,No,No,45,Debit Card,Weekly,2024-06-04
1728,49,Male,1728,Blouse,Clothing,1728,2272,53.00,Virginia,S,Violet,Spring,4,0,Express,No,No,19,PayPal,Monthly,2024-05-17
1729,23,Male,1729,Jeans,Clothing,1729,2273,48.00,Wyoming,L,Black,Fall,4.3,0,Express,No,No,1,Debit Card,Every 3 Months,2024-10-25
1730,47,Male,1730,Shorts,Clothing,1730,2275,21.00,Illinois,M,Brown,Winter,3.8,0,Store Pickup,No,No,12,Venmo,Fortnightly,2024-01-19
1731,23,Male,1731,Shirt,Clothing,1731,2276,22.00,Alabama,S,Silver,Fall,4.2,0,Free Shipping,No,No,26,Credit Card,Weekly,2024-09-03
1732,21,Male,1732,Backpack,Accessories,1732,2277,87.00,Idaho,M,Gray,Fall,3.1,0,Next Day Air,No,No,12,Cash,Monthly,2024-11-01
1733,45,Male,1733,Belt,Accessories,1733,2278,50.00,Rhode Island,S,Charcoal,Winter,2.6,0,Free Shipping,No,No,36,Cash,Every 3 Months,2024-12-23
1734,67,Male,1734,Blouse,Clothing,1734,2279,85.00,New York,L,Black,Summer,3.4,0,Express,No,No,22,Credit Card,Annually,2024-08-02
1735,31,Male,1735,Jeans,Clothing,1735,2281,98.00,Missouri,L,Brown,Spring,3.1,0,Next Day Air,No,No,16,PayPal,Quarterly,2024-03-20
1736,58,Male,1736,Dress,Clothing,1736,2282,34.00,Texas,M,Purple,Winter,3.6,0,Express,No,No,31,Venmo,Annually,2024-12-01
1737,57,Male,1737,Shorts,Clothing,1737,2283,61.00,Tennessee,M,Purple,Summer,2.6,0,2-Day Shipping,No,No,43,Cash,Quarterly,2024-06-18
1738,42,Male,1738,Jewelry,Accessories,1738,2284,98.00,Ohio,L,Gray,Summer,4.2,0,Store Pickup,No,No,50,Venmo,Bi-Weekly,2024-07-08
1739,60,Male,1739,Handbag,Accessories,1739,2285,61.00,Tennessee,M,Green,Spring,2.9,0,2-Day Shipping,No,No,37,Credit Card,Weekly,2024-03-09
1740,21,Male,1740,Jewelry,Accessories,1740,2287,98.00,Minnesota,L,Silver,Winter,4.2,0,Express,No,No,23,Cash,Weekly,2024-12-12
1741,69,Male,1741,Pants,Clothing,1741,2288,21.00,Wisconsin,L,Charcoal,Fall,3.3,0,Next Day Air,No,No,10,Bank Transfer,Every 3 Months,2024-10-28
1742,41,Male,1742,Pants,Clothing,1742,2289,51.00,Delaware,XL,Teal,Winter,3.6,0,Next Day Air,No,No,20,Bank Transfer,Monthly,2024-01-10
1743,51,Male,1743,Sandals,Footwear,1743,2290,80.00,Kansas,XL,White,Spring,4.3,0,Express,No,No,18,Venmo,Every 3 Months,2024-03-23
1744,23,Male,1744,Skirt,Clothing,1744,2291,72.00,Missouri,XL,Brown,Winter,3.3,0,Standard,No,No,3,Bank Transfer,Weekly,2024-02-05
1745,57,Male,1745,Sunglasses,Accessories,1745,2293,63.00,Michigan,L,Teal,Winter,3,0,Standard,No,No,23,PayPal,Weekly,2024-01-20
1746,40,Male,1746,Skirt,Clothing,1746,2294,27.00,West Virginia,L,Red,Winter,3.6,0,Store Pickup,No,No,27,Cash,Weekly,2024-01-02
1747,65,Male,1747,Handbag,Accessories,1747,2295,44.00,Alabama,L,Brown,Summer,3.1,0,Store Pickup,No,No,44,Bank Transfer,Fortnightly,2024-06-11
1748,61,Male,1748,Coat,Outerwear,1748,2296,23.00,New Hampshire,M,Yellow,Winter,2.9,0,Express,No,No,41,Venmo,Quarterly,2024-12-11
1749,34,Male,1749,Skirt,Clothing,1749,2297,93.00,Montana,L,Teal,Winter,3.9,0,2-Day Shipping,No,No,41,Bank Transfer,Annually,2024-02-25
1750,43,Male,1750,Hoodie,Clothing,1750,2299,70.00,Wyoming,L,Pink,Fall,3.2,0,2-Day Shipping,No,No,36,Debit Card,Every 3 Months,2024-11-12
1751,31,Male,1751,Sunglasses,Accessories,1751,2300,85.00,Missouri,M,White,Fall,3.1,0,Express,No,No,38,Venmo,Every 3 Months,2024-11-05
1752,57,Male,1752,Sweater,Clothing,1752,2301,40.00,Ohio,M,Silver,Winter,3.2,0,2-Day Shipping,No,No,34,Cash,Annually,2024-12-17
1753,34,Male,1753,Boots,Footwear,1753,2302,29.00,South Dakota,L,Blue,Winter,3.3,0,Store Pickup,No,No,14,Venmo,Quarterly,2024-12-08
1754,25,Male,1754,Skirt,Clothing,1754,2303,27.00,Colorado,L,Black,Fall,4.8,0,Next Day Air,No,No,23,Credit Card,Fortnightly,2024-11-06
1755,66,Male,1755,Dress,Clothing,1755,2305,93.00,Massachusetts,S,Beige,Fall,3.8,0,2-Day Shipping,No,No,18,Credit Card,Fortnightly,2024-11-06
1756,56,Male,1756,Belt,Accessories,1756,2306,20.00,Delaware,XL,Charcoal,Spring,4.6,0,Next Day Air,No,No,45,Cash,Monthly,2024-04-13
1757,49,Male,1757,Jewelry,Accessories,1757,2307,55.00,New Hampshire,S,Cyan,Fall,2.8,0,Free Shipping,No,No,14,Bank Transfer,Weekly,2024-10-24
1758,19,Male,1758,Dress,Clothing,1758,2308,94.00,Michigan,L,Yellow,Fall,3.6,0,Standard,No,No,48,Debit Card,Annually,2024-11-26
1759,27,Male,1759,Hat,Accessories,1759,2309,56.00,Pennsylvania,M,Silver,Winter,4.3,0,Free Shipping,No,No,17,Venmo,Bi-Weekly,2024-01-18
1760,68,Male,1760,Sweater,Clothing,1760,2311,58.00,Louisiana,L,Green,Spring,4,0,Next Day Air,No,No,1,PayPal,Weekly,2024-03-14
1761,20,Male,1761,Skirt,Clothing,1761,2312,44.00,Minnesota,XL,Peach,Spring,3.5,0,Standard,No,No,39,PayPal,Weekly,2024-03-14
1762,21,Male,1762,Hoodie,Clothing,1762,2313,95.00,Hawaii,S,Green,Fall,4.9,0,2-Day Shipping,No,No,24,Cash,Weekly,2024-10-05
1763,36,Male,1763,Sandals,Footwear,1763,2314,42.00,Idaho,M,Brown,Summer,3.1,0,Express,No,No,41,Bank Transfer,Fortnightly,2024-07-23
1764,37,Male,1764,Jewelry,Accessories,1764,2315,93.00,Vermont,M,Lavender,Winter,3.9,0,Store Pickup,No,No,28,PayPal,Annually,2024-12-26
1765,61,Male,1765,Dress,Clothing,1765,2317,56.00,Delaware,M,Charcoal,Summer,3,0,Store Pickup,No,No,34,Venmo,Quarterly,2024-08-25
1766,68,Male,1766,Hoodie,Clothing,1766,2318,88.00,New Mexico,M,Orange,Spring,4.1,0,2-Day Shipping,No,No,41,Venmo,Quarterly,2024-03-15
1767,60,Male,1767,Sweater,Clothing,1767,2319,54.00,Alaska,S,Cyan,Winter,4.3,0,2-Day Shipping,No,No,27,Cash,Bi-Weekly,2024-02-15
1768,69,Male,1768,Jewelry,Accessories,1768,2320,89.00,Minnesota,L,Lavender,Fall,3.8,0,2-Day Shipping,No,No,46,Debit Card,Fortnightly,2024-09-28
1769,25,Male,1769,Sandals,Footwear,1769,2321,45.00,Nebraska,M,Indigo,Summer,3.9,0,2-Day Shipping,No,No,2,PayPal,Every 3 Months,2024-06-22
1770,32,Male,1770,Socks,Clothing,1770,2323,75.00,Alaska,L,Brown,Winter,4.3,0,Free Shipping,No,No,45,Cash,Monthly,2024-12-12
1771,53,Male,1771,Backpack,Accessories,1771,2324,22.00,Michigan,M,Pink,Fall,4.3,0,Express,No,No,34,Bank Transfer,Weekly,2024-09-04
1772,46,Male,1772,Shirt,Clothing,1772,2325,82.00,Indiana,XL,Turquoise,Fall,4.7,0,Store Pickup,No,No,9,Credit Card,Annually,2024-09-28
1773,58,Male,1773,Shoes,Footwear,1773,2326,34.00,Hawaii,M,Gold,Summer,3.1,0,2-Day Shipping,No,No,1,Bank Transfer,Annually,2024-06-10
1774,21,Male,1774,Coat,Outerwear,1774,2327,92.00,West Virginia,M,Blue,Summer,2.7,0,Free Shipping,No,No,17,PayPal,Annually,2024-06-09
1775,46,Male,1775,Sweater,Clothing,1775,2329,78.00,New York,M,Lavender,Spring,3.7,0,Express,No,No,6,PayPal,Weekly,2024-04-17
1776,18,Male,1776,Jacket,Outerwear,1776,2330,47.00,Iowa,M,Violet,Spring,3.3,0,2-Day Shipping,No,No,12,Cash,Bi-Weekly,2024-03-04
1777,56,Male,1777,Jacket,Outerwear,1777,2331,64.00,Arizona,L,Cyan,Summer,3.4,0,Free Shipping,No,No,10,Venmo,Every 3 Months,2024-06-17
1778,18,Male,1778,Sneakers,Footwear,1778,2332,44.00,Minnesota,L,Purple,Winter,4.7,0,Free Shipping,No,No,4,Cash,Fortnightly,2024-12-02
1779,49,Male,1779,Belt,Accessories,1779,2333,94.00,Texas,M,Red,Winter,4.9,0,Store Pickup,No,No,8,Debit Card,Bi-Weekly,2024-02-02
1780,29,Male,1780,Scarf,Accessories,1780,2335,62.00,Virginia,M,Charcoal,Winter,4.3,0,Free Shipping,No,No,41,Venmo,Weekly,2024-02-11
1781,67,Male,1781,Jewelry,Accessories,1781,2336,81.00,North Dakota,S,Gray,Summer,4.2,0,Next Day Air,No,No,49,Credit Card,Weekly,2024-06-04
1782,31,Male,1782,T-shirt,Clothing,1782,2337,33.00,Iowa,M,Pink,Fall,3.7,0,Express,No,No,49,Bank Transfer,Quarterly,2024-10-16
1783,52,Male,1783,Pants,Clothing,1783,2338,88.00,Utah,M,Lavender,Fall,2.7,0,Next Day Air,No,No,40,Bank Transfer,Fortnightly,2024-09-04
1784,42,Male,1784,Handbag,Accessories,1784,2339,49.00,Ohio,L,Lavender,Winter,3.3,0,Free Shipping,No,No,30,Credit Card,Monthly,2024-02-24
1785,32,Male,1785,Backpack,Accessories,1785,2341,31.00,Louisiana,L,Yellow,Summer,4.8,0,Standard,No,No,4,Debit Card,Quarterly,2024-07-19
1786,47,Male,1786,Gloves,Accessories,1786,2342,29.00,Iowa,S,Peach,Fall,4.1,0,Next Day Air,No,No,22,Venmo,Monthly,2024-09-27
1787,45,Male,1787,Jacket,Outerwear,1787,2343,34.00,Maryland,M,Brown,Spring,4.6,0,2-Day Shipping,No,No,22,Venmo,Monthly,2024-05-21
1788,20,Male,1788,Sweater,Clothing,1788,2344,38.00,Montana,L,Gold,Fall,4.9,0,2-Day Shipping,No,No,10,Bank Transfer,Quarterly,2024-10-05
1789,66,Male,1789,Blouse,Clothing,1789,2345,41.00,Illinois,L,Pink,Summer,3.1,0,Store Pickup,No,No,23,Cash,Bi-Weekly,2024-06-05
1790,52,Male,1790,Blouse,Clothing,1790,2347,34.00,Arizona,L,Peach,Spring,3,0,2-Day Shipping,No,No,43,Debit Card,Quarterly,2024-04-08
1791,50,Male,1791,Gloves,Accessories,1791,2348,26.00,North Carolina,S,Violet,Summer,3.7,0,Store Pickup,No,No,31,PayPal,Bi-Weekly,2024-08-28
1792,62,Male,1792,Jeans,Clothing,1792,2349,98.00,Montana,S,Purple,Winter,4,0,Store Pickup,No,No,38,Cash,Annually,2024-02-07
1793,38,Male,1793,Sneakers,Footwear,1793,2350,59.00,Iowa,M,Peach,Fall,3,0,Express,No,No,22,Debit Card,Every 3 Months,2024-09-01
1794,65,Male,1794,Hat,Accessories,1794,2351,92.00,Iowa,S,White,Fall,3.8,0,Store Pickup,No,No,45,Cash,Every 3 Months,2024-10-13
1795,60,Male,1795,Backpack,Accessories,1795,2353,40.00,Ohio,L,Indigo,Spring,3.7,0,Express,No,No,21,Debit Card,Fortnightly,2024-04-28
1796,68,Male,1796,Jeans,Clothing,1796,2354,20.00,Wisconsin,S,Violet,Fall,4,0,2-Day Shipping,No,No,9,Debit Card,Fortnightly,2024-11-27
1797,62,Male,1797,Skirt,Clothing,1797,2355,35.00,South Carolina,S,Brown,Spring,3.1,0,Store Pickup,No,No,34,Venmo,Weekly,2024-04-01
1798,62,Male,1798,Belt,Accessories,1798,2356,35.00,Oregon,L,Maroon,Spring,3.9,0,2-Day Shipping,No,No,26,Venmo,Weekly,2024-03-28
1799,40,Male,1799,Dress,Clothing,1799,2357,82.00,North Dakota,L,Magenta,Winter,3.7,0,Express,No,No,1,Cash,Weekly,2024-12-05
1800,32,Male,1800,Hoodie,Clothing,1800,2359,48.00,California,M,Charcoal,Fall,3.9,0,Express,No,No,47,Venmo,Weekly,2024-10-13
1801,22,Male,1801,Coat,Outerwear,1801,2360,58.00,Mississippi,XL,Indigo,Winter,2.7,0,Express,No,No,30,Credit Card,Weekly,2024-02-13
1802,33,Male,1802,Sweater,Clothing,1802,2361,57.00,New Jersey,M,Turquoise,Spring,3.9,0,Express,No,No,48,Debit Card,Fortnightly,2024-05-26
1803,57,Male,1803,Shorts,Clothing,1803,2362,96.00,Rhode Island,L,Turquoise,Winter,2.6,0,Store Pickup,No,No,31,Venmo,Bi-Weekly,2024-12-16
1804,60,Male,1804,Sneakers,Footwear,1804,2363,97.00,New Hampshire,S,Gray,Summer,3.5,0,Free Shipping,No,No,33,Venmo,Fortnightly,2024-06-24
1805,30,Male,1805,Sweater,Clothing,1805,2365,42.00,Louisiana,L,Peach,Winter,4.4,0,Next Day Air,No,No,39,Credit Card,Weekly,2024-12-28
1806,41,Male,1806,T-shirt,Clothing,1806,2366,62.00,Arizona,L,Gold,Spring,4.9,0,Store Pickup,No,No,46,Debit Card,Weekly,2024-03-01
1807,58,Male,1807,Handbag,Accessories,1807,2367,67.00,Rhode Island,M,Green,Fall,3.9,0,Standard,No,No,24,Venmo,Annually,2024-09-19
1808,34,Male,1808,Sneakers,Footwear,1808,2368,46.00,Vermont,L,Gold,Summer,3.5,0,Standard,No,No,37,Venmo,Fortnightly,2024-06-08
1809,67,Male,1809,Jacket,Outerwear,1809,2369,71.00,Tennessee,M,Lavender,Spring,4.3,0,Next Day Air,No,No,7,Debit Card,Monthly,2024-03-11
1810,58,Male,1810,Backpack,Accessories,1810,2371,99.00,Alaska,S,Blue,Fall,3.4,0,Free Shipping,No,No,6,Debit Card,Fortnightly,2024-11-06
1811,41,Male,1811,Jeans,Clothing,1811,2372,28.00,Maryland,M,Magenta,Fall,2.7,0,Standard,No,No,16,Cash,Bi-Weekly,2024-09-01
1812,42,Male,1812,Belt,Accessories,1812,2373,77.00,Wisconsin,L,Blue,Summer,3.6,0,Standard,No,No,33,Bank Transfer,Annually,2024-08-04
1813,50,Male,1813,Boots,Footwear,1813,2374,63.00,Nevada,S,Blue,Summer,4.9,0,Express,No,No,18,PayPal,Bi-Weekly,2024-06-05
1814,40,Male,1814,Shorts,Clothing,1814,2375,62.00,Illinois,M,Olive,Spring,3.5,0,Free Shipping,No,No,24,PayPal,Weekly,2024-03-28
1815,32,Male,1815,Jeans,Clothing,1815,2377,92.00,Montana,M,White,Summer,3.8,0,Free Shipping,No,No,24,Cash,Quarterly,2024-07-24
1816,51,Male,1816,Shoes,Footwear,1816,2378,72.00,New Mexico,L,White,Winter,4.5,0,2-Day Shipping,No,No,48,Credit Card,Every 3 Months,2024-01-21
1817,26,Male,1817,Hat,Accessories,1817,2379,79.00,Virginia,M,Purple,Summer,4,0,Express,No,No,4,Cash,Weekly,2024-08-26
1818,32,Male,1818,T-shirt,Clothing,1818,2380,27.00,Delaware,M,White,Summer,4.7,0,Free Shipping,No,No,20,Cash,Weekly,2024-06-26
1819,58,Male,1819,Sunglasses,Accessories,1819,2381,39.00,North Carolina,M,White,Fall,3.8,0,Express,No,No,47,Debit Card,Every 3 Months,2024-10-10
1820,51,Male,1820,Socks,Clothing,1820,2383,86.00,Nevada,S,Peach,Spring,4.5,0,Next Day Air,No,No,50,Cash,Quarterly,2024-03-03
1821,19,Male,1821,Shirt,Clothing,1821,2384,94.00,Washington,XL,Gold,Fall,5,0,Express,No,No,31,PayPal,Monthly,2024-10-01
1822,57,Male,1822,Shorts,Clothing,1822,2385,53.00,Maine,M,Teal,Spring,2.8,0,Express,No,No,29,PayPal,Quarterly,2024-05-26
1823,66,Male,1823,Shirt,Clothing,1823,2386,85.00,Connecticut,S,Cyan,Summer,4.4,0,Standard,No,No,4,Cash,Annually,2024-08-09
1824,62,Male,1824,Socks,Clothing,1824,2387,50.00,Louisiana,L,Pink,Fall,4.7,0,Free Shipping,No,No,40,Bank Transfer,Bi-Weekly,2024-10-08
1825,58,Male,1825,Pants,Clothing,1825,2389,47.00,Illinois,XL,Magenta,Winter,3.8,0,Express,No,No,31,Cash,Monthly,2024-02-01
1826,23,Male,1826,Boots,Footwear,1826,2390,75.00,South Dakota,M,Pink,Winter,4.9,0,Next Day Air,No,No,41,Credit Card,Weekly,2024-02-27
1827,45,Male,1827,T-shirt,Clothing,1827,2391,60.00,Indiana,M,Turquoise,Winter,4.2,0,Express,No,No,44,Debit Card,Annually,2024-02-24
1828,20,Male,1828,T-shirt,Clothing,1828,2392,36.00,Vermont,S,Pink,Spring,4.9,0,2-Day Shipping,No,No,31,Bank Transfer,Weekly,2024-04-15
1829,33,Male,1829,Coat,Outerwear,1829,2393,80.00,New Hampshire,L,Gray,Spring,3.9,0,Express,No,No,45,Cash,Every 3 Months,2024-03-05
1830,30,Male,1830,Hat,Accessories,1830,2395,96.00,Oregon,M,White,Spring,4.9,0,2-Day Shipping,No,No,50,Credit Card,Quarterly,2024-04-04
1831,50,Male,1831,Sunglasses,Accessories,1831,2396,80.00,Kansas,M,Blue,Winter,4.8,0,Express,No,No,7,Venmo,Annually,2024-02-27
1832,62,Male,1832,Blouse,Clothing,1832,2397,71.00,Maine,M,Cyan,Summer,3.3,0,Free Shipping,No,No,5,Bank Transfer,Every 3 Months,2024-08-07
1833,69,Male,1833,Jewelry,Accessories,1833,2398,29.00,Louisiana,M,Blue,Fall,4.6,0,Free Shipping,No,No,48,Cash,Monthly,2024-09-28
1834,34,Male,1834,Jewelry,Accessories,1834,2399,53.00,Louisiana,M,Yellow,Spring,4.5,0,2-Day Shipping,No,No,19,PayPal,Fortnightly,2024-03-24
1835,49,Male,1835,Skirt,Clothing,1835,2401,35.00,Indiana,M,Charcoal,Summer,4.1,0,2-Day Shipping,No,No,39,Venmo,Fortnightly,2024-07-04
1836,65,Male,1836,Scarf,Accessories,1836,2402,75.00,Kentucky,M,Lavender,Fall,3.2,0,2-Day Shipping,No,No,45,Credit Card,Quarterly,2024-10-11
1837,66,Male,1837,Pants,Clothing,1837,2403,52.00,South Carolina,M,Teal,Fall,4.2,0,2-Day Shipping,No,No,35,Credit Card,Monthly,2024-09-24
1838,41,Male,1838,Hat,Accessories,1838,2404,77.00,Montana,M,Beige,Winter,4.8,0,Free Shipping,No,No,8,Venmo,Monthly,2024-02-04
1839,37,Male,1839,Gloves,Accessories,1839,2405,24.00,Vermont,L,Blue,Fall,4.1,0,Next Day Air,No,No,11,Credit Card,Quarterly,2024-11-21
1840,32,Male,1840,Shirt,Clothing,1840,2407,78.00,Mississippi,XL,Purple,Winter,3.7,0,Store Pickup,No,No,32,Cash,Annually,2024-12-13
1841,42,Male,1841,Sandals,Footwear,1841,2408,98.00,Wyoming,M,Gold,Winter,2.6,0,Store Pickup,No,No,46,Bank Transfer,Every 3 Months,2024-01-14
1842,31,Male,1842,Socks,Clothing,1842,2409,57.00,Vermont,L,Blue,Winter,3,0,Standard,No,No,7,PayPal,Every 3 Months,2024-12-03
1843,61,Male,1843,Handbag,Accessories,1843,2410,78.00,Alabama,M,Black,Summer,4.4,0,Express,No,No,1,Debit Card,Annually,2024-06-03
1844,36,Male,1844,Jacket,Outerwear,1844,2411,76.00,Kentucky,M,Charcoal,Fall,4.7,0,Next Day Air,No,No,32,Credit Card,Monthly,2024-11-22
1845,60,Male,1845,Shorts,Clothing,1845,2413,26.00,South Dakota,M,Purple,Spring,2.7,0,2-Day Shipping,No,No,31,Credit Card,Annually,2024-04-07
1846,51,Male,1846,Sandals,Footwear,1846,2414,78.00,Delaware,M,Orange,Winter,2.8,0,2-Day Shipping,No,No,39,Bank Transfer,Quarterly,2024-02-08
1847,68,Male,1847,Scarf,Accessories,1847,2415,53.00,Wisconsin,M,Yellow,Summer,2.9,0,Standard,No,No,9,Venmo,Quarterly,2024-07-17
1848,46,Male,1848,Sandals,Footwear,1848,2416,100.00,Arizona,XL,Cyan,Summer,4.4,0,Free Shipping,No,No,49,Credit Card,Weekly,2024-07-04
1849,19,Male,1849,Jeans,Clothing,1849,2417,73.00,Maine,XL,Yellow,Winter,2.7,0,Express,No,No,34,Cash,Every 3 Months,2024-02-16
1850,30,Male,1850,Skirt,Clothing,1850,2419,40.00,New Mexico,M,Maroon,Winter,4.5,0,Store Pickup,No,No,35,Bank Transfer,Monthly,2024-02-21
1851,51,Male,1851,Gloves,Accessories,1851,2420,76.00,Wyoming,S,Black,Winter,2.8,0,Store Pickup,No,No,50,Debit Card,Weekly,2024-01-15
1852,28,Male,1852,Skirt,Clothing,1852,2421,80.00,Delaware,S,Lavender,Fall,3.1,0,Free Shipping,No,No,4,Bank Transfer,Fortnightly,2024-10-26
1853,41,Male,1853,Sweater,Clothing,1853,2422,80.00,Pennsylvania,XL,Violet,Winter,3.8,0,Store Pickup,No,No,32,Cash,Weekly,2024-02-04
1854,29,Male,1854,Blouse,Clothing,1854,2423,67.00,North Dakota,XL,Olive,Spring,2.9,0,Express,No,No,11,PayPal,Fortnightly,2024-05-23
1855,25,Male,1855,Sweater,Clothing,1855,2425,61.00,Kentucky,M,Teal,Spring,3.8,0,Express,No,No,49,Credit Card,Annually,2024-05-06
1856,60,Male,1856,Shirt,Clothing,1856,2426,76.00,Rhode Island,XL,Teal,Spring,4.7,0,Standard,No,No,9,Cash,Annually,2024-04-20
1857,63,Male,1857,Jewelry,Accessories,1857,2427,55.00,Arizona,XL,Beige,Summer,3.2,0,Free Shipping,No,No,30,PayPal,Bi-Weekly,2024-06-28
1858,51,Male,1858,T-shirt,Clothing,1858,2428,85.00,Colorado,L,Maroon,Summer,4,0,Next Day Air,No,No,33,Cash,Monthly,2024-08-27
1859,22,Male,1859,Scarf,Accessories,1859,2429,69.00,Maine,S,Peach,Spring,4.9,0,2-Day Shipping,No,No,8,Debit Card,Annually,2024-03-06
1860,54,Male,1860,Belt,Accessories,1860,2431,26.00,New Jersey,L,Beige,Summer,3.7,0,Store Pickup,No,No,29,Debit Card,Fortnightly,2024-06-13
1861,18,Male,1861,T-shirt,Clothing,1861,2432,64.00,Kansas,M,Silver,Summer,4.8,0,Next Day Air,No,No,4,Credit Card,Monthly,2024-07-15
1862,29,Male,1862,Sneakers,Footwear,1862,2433,60.00,South Dakota,S,Peach,Fall,3.6,0,Standard,No,No,19,Debit Card,Monthly,2024-09-15
1863,59,Male,1863,Gloves,Accessories,1863,2434,36.00,New Hampshire,M,Turquoise,Winter,4.6,0,Express,No,No,10,PayPal,Fortnightly,2024-02-20
1864,25,Male,1864,Sandals,Footwear,1864,2435,21.00,Connecticut,L,Orange,Spring,4.3,0,2-Day Shipping,No,No,39,Debit Card,Monthly,2024-05-07
1865,19,Male,1865,Backpack,Accessories,1865,2437,72.00,Wyoming,S,Cyan,Fall,3.2,0,2-Day Shipping,No,No,21,Venmo,Quarterly,2024-11-28
1866,56,Male,1866,Pants,Clothing,1866,2438,62.00,Missouri,S,Silver,Summer,3.8,0,Store Pickup,No,No,12,Bank Transfer,Monthly,2024-06-02
1867,31,Male,1867,T-shirt,Clothing,1867,2439,44.00,Alaska,XL,Gold,Winter,4.2,0,Standard,No,No,9,Credit Card,Fortnightly,2024-12-12
1868,45,Male,1868,Skirt,Clothing,1868,2440,52.00,Delaware,M,Brown,Fall,3.4,0,2-Day Shipping,No,No,20,Venmo,Quarterly,2024-09-15
1869,23,Male,1869,Gloves,Accessories,1869,2441,58.00,Indiana,M,Silver,Spring,4.7,0,Next Day Air,No,No,44,Cash,Fortnightly,2024-04-19
1870,18,Male,1870,Blouse,Clothing,1870,2443,77.00,West Virginia,S,Beige,Spring,3.9,0,2-Day Shipping,No,No,16,Debit Card,Every 3 Months,2024-03-01
1871,43,Male,1871,Blouse,Clothing,1871,2444,99.00,Wyoming,L,Violet,Spring,4.3,0,Store Pickup,No,No,27,Debit Card,Fortnightly,2024-05-14
1872,56,Male,1872,Jeans,Clothing,1872,2445,96.00,Illinois,XL,Violet,Fall,2.7,0,Standard,No,No,14,Cash,Every 3 Months,2024-11-04
1873,43,Male,1873,T-shirt,Clothing,1873,2446,64.00,Alaska,M,Lavender,Summer,4.6,0,Standard,No,No,24,Credit Card,Monthly,2024-08-24
1874,64,Male,1874,Sweater,Clothing,1874,2447,44.00,Wisconsin,XL,Red,Fall,2.9,0,Express,No,No,49,Bank Transfer,Weekly,2024-10-08
1875,67,Male,1875,Pants,Clothing,1875,2449,33.00,Indiana,L,Purple,Fall,3.6,0,Free Shipping,No,No,14,Cash,Weekly,2024-09-19
1876,63,Male,1876,Boots,Footwear,1876,2450,71.00,Tennessee,M,Brown,Winter,3.9,0,Next Day Air,No,No,6,Credit Card,Quarterly,2024-01-04
1877,54,Male,1877,Skirt,Clothing,1877,2451,36.00,Illinois,M,Gray,Fall,2.6,0,Standard,No,No,20,Venmo,Quarterly,2024-11-19
1878,69,Male,1878,Gloves,Accessories,1878,2452,62.00,Pennsylvania,L,Pink,Fall,3.6,0,Express,No,No,3,Credit Card,Annually,2024-11-11
1879,34,Male,1879,Socks,Clothing,1879,2453,29.00,Oklahoma,L,Magenta,Summer,3.4,0,Store Pickup,No,No,5,Credit Card,Monthly,2024-06-11
1880,56,Male,1880,T-shirt,Clothing,1880,2455,33.00,Tennessee,L,Charcoal,Spring,3.5,0,Express,No,No,46,Cash,Bi-Weekly,2024-03-14
1881,34,Male,1881,Blouse,Clothing,1881,2456,33.00,New Jersey,L,Yellow,Fall,3.1,0,2-Day Shipping,No,No,8,Debit Card,Monthly,2024-10-06
1882,58,Male,1882,Blouse,Clothing,1882,2457,41.00,New Jersey,M,Red,Winter,4.3,0,Standard,No,No,13,Cash,Bi-Weekly,2024-02-19
1883,44,Male,1883,Scarf,Accessories,1883,2458,54.00,Tennessee,L,Blue,Winter,5,0,Store Pickup,No,No,25,Bank Transfer,Quarterly,2024-12-17
1884,25,Male,1884,Backpack,Accessories,1884,2459,58.00,Georgia,M,Cyan,Spring,4.9,0,Store Pickup,No,No,39,Debit Card,Fortnightly,2024-05-12
1885,27,Male,1885,Shorts,Clothing,1885,2461,30.00,Arizona,S,Pink,Summer,4.3,0,Next Day Air,No,No,15,Bank Transfer,Bi-Weekly,2024-06-06
1886,26,Male,1886,Jewelry,Accessories,1886,2462,53.00,Nevada,S,Maroon,Winter,4.4,0,Standard,No,No,35,Cash,Monthly,2024-01-25
1887,18,Male,1887,Gloves,Accessories,1887,2463,91.00,Arkansas,L,Beige,Spring,4.4,0,Next Day Air,No,No,46,Cash,Bi-Weekly,2024-03-28
1888,64,Male,1888,Hoodie,Clothing,1888,2464,44.00,North Dakota,XL,Gold,Fall,3.5,0,Express,No,No,3,PayPal,Monthly,2024-09-05
1889,62,Male,1889,Hoodie,Clothing,1889,2465,89.00,South Dakota,XL,Turquoise,Winter,3.4,0,Free Shipping,No,No,48,Credit Card,Weekly,2024-02-22
1890,59,Male,1890,Skirt,Clothing,1890,2467,57.00,North Carolina,L,Peach,Spring,2.5,0,Next Day Air,No,No,27,Bank Transfer,Weekly,2024-04-27
1891,36,Male,1891,Sunglasses,Accessories,1891,2468,57.00,Hawaii,M,Lavender,Spring,3.4,0,Store Pickup,No,No,5,Credit Card,Weekly,2024-04-20
1892,69,Male,1892,Jewelry,Accessories,1892,2469,74.00,New Hampshire,M,Gray,Summer,2.6,0,Next Day Air,No,No,48,Debit Card,Quarterly,2024-08-11
1893,39,Male,1893,Jacket,Outerwear,1893,2470,30.00,California,M,Blue,Fall,4.6,0,2-Day Shipping,No,No,12,Venmo,Weekly,2024-11-03
1894,28,Male,1894,Dress,Clothing,1894,2471,20.00,Delaware,L,Red,Summer,3.7,0,Express,No,No,10,PayPal,Fortnightly,2024-06-15
1895,42,Male,1895,Hoodie,Clothing,1895,2473,90.00,Arizona,M,Purple,Fall,2.5,0,Free Shipping,No,No,48,Debit Card,Bi-Weekly,2024-09-18
1896,31,Male,1896,Jeans,Clothing,1896,2474,61.00,Washington,L,Indigo,Fall,4.5,0,Express,No,No,3,Debit Card,Monthly,2024-09-04
1897,57,Male,1897,Sandals,Footwear,1897,2475,51.00,Nevada,M,Gold,Fall,2.9,0,Standard,No,No,19,Venmo,Monthly,2024-10-23
1898,53,Male,1898,Sunglasses,Accessories,1898,2476,97.00,Alaska,L,Teal,Winter,2.9,0,Free Shipping,No,No,11,Debit Card,Fortnightly,2024-01-04
1899,59,Male,1899,Pants,Clothing,1899,2477,97.00,Texas,L,Magenta,Fall,3.5,0,Next Day Air,No,No,25,Venmo,Monthly,2024-10-13
1900,32,Male,1900,Shorts,Clothing,1900,2479,40.00,New York,L,Maroon,Winter,4.2,0,Store Pickup,No,No,42,PayPal,Weekly,2024-02-16
1901,65,Male,1901,Jewelry,Accessories,1901,2480,85.00,Iowa,S,Blue,Summer,3.3,0,Free Shipping,No,No,34,Cash,Quarterly,2024-06-20
1902,56,Male,1902,Socks,Clothing,1902,2481,76.00,Arizona,S,Beige,Winter,3.9,0,Store Pickup,No,No,50,Cash,Quarterly,2024-01-13
1903,31,Male,1903,Sandals,Footwear,1903,2482,22.00,New Mexico,S,Olive,Spring,5,0,Store Pickup,No,No,21,Venmo,Monthly,2024-04-27
1904,59,Male,1904,Pants,Clothing,1904,2483,63.00,North Carolina,M,Gold,Summer,3.3,0,Standard,No,No,37,Bank Transfer,Weekly,2024-07-14
1905,22,Male,1905,T-shirt,Clothing,1905,2485,71.00,Nevada,S,Silver,Spring,4.2,0,Free Shipping,No,No,46,Cash,Monthly,2024-03-22
1906,47,Male,1906,Boots,Footwear,1906,2486,35.00,Idaho,M,Teal,Summer,4.9,0,2-Day Shipping,No,No,14,Bank Transfer,Fortnightly,2024-07-26
1907,23,Male,1907,Backpack,Accessories,1907,2487,30.00,Vermont,M,Green,Spring,4.6,0,2-Day Shipping,No,No,24,PayPal,Fortnightly,2024-04-03
1908,69,Male,1908,Skirt,Clothing,1908,2488,74.00,New Mexico,L,Orange,Fall,4.8,0,Store Pickup,No,No,36,Credit Card,Every 3 Months,2024-11-05
1909,18,Male,1909,Scarf,Accessories,1909,2489,71.00,Georgia,XL,Charcoal,Winter,2.7,0,Next Day Air,No,No,19,Debit Card,Bi-Weekly,2024-01-03
1910,50,Male,1910,Sweater,Clothing,1910,2491,84.00,Kentucky,S,Black,Spring,4.3,0,Store Pickup,No,No,12,Credit Card,Monthly,2024-05-21
1911,29,Male,1911,Sandals,Footwear,1911,2492,38.00,New York,S,Yellow,Fall,3.8,0,Express,No,No,13,Debit Card,Quarterly,2024-10-18
1912,65,Male,1912,Jewelry,Accessories,1912,2493,81.00,Arizona,M,Gray,Spring,4.9,0,Express,No,No,32,Debit Card,Bi-Weekly,2024-05-12
1913,29,Male,1913,Sweater,Clothing,1913,2494,56.00,Colorado,S,Charcoal,Winter,3.4,0,2-Day Shipping,No,No,5,Credit Card,Bi-Weekly,2024-02-01
1914,49,Male,1914,Skirt,Clothing,1914,2495,48.00,Kentucky,M,Peach,Winter,3.6,0,Express,No,No,29,Cash,Annually,2024-01-09
1915,28,Male,1915,Shorts,Clothing,1915,2497,97.00,Alaska,L,Green,Fall,3.4,0,Standard,No,No,40,Credit Card,Fortnightly,2024-11-16
1916,51,Male,1916,Backpack,Accessories,1916,2498,74.00,Alabama,M,Magenta,Fall,4.7,0,2-Day Shipping,No,No,44,Cash,Weekly,2024-09-05
1917,26,Male,1917,Hoodie,Clothing,1917,2499,50.00,Connecticut,S,Beige,Winter,3,0,Next Day Air,No,No,3,Debit Card,Bi-Weekly,2024-01-08
1918,38,Male,1918,Skirt,Clothing,1918,2500,71.00,Hawaii,L,Black,Winter,3.4,0,Free Shipping,No,No,35,PayPal,Bi-Weekly,2024-12-25
1919,35,Male,1919,Skirt,Clothing,1919,2501,33.00,Idaho,S,Purple,Summer,4.6,0,Standard,No,No,33,Debit Card,Monthly,2024-08-21
1920,34,Male,1920,Backpack,Accessories,1920,2503,56.00,Virginia,M,Olive,Summer,3.1,0,Express,No,No,20,PayPal,Bi-Weekly,2024-07-10
1921,51,Male,1921,Blouse,Clothing,1921,2504,84.00,Connecticut,M,Purple,Spring,2.8,0,Standard,No,No,40,Cash,Every 3 Months,2024-05-08
1922,47,Male,1922,Shirt,Clothing,1922,2505,36.00,Michigan,M,Green,Fall,3.5,0,Store Pickup,No,No,13,Venmo,Annually,2024-10-08
1923,18,Male,1923,Gloves,Accessories,1923,2506,63.00,Kentucky,S,Peach,Summer,4.6,0,Standard,No,No,9,PayPal,Monthly,2024-08-08
1924,64,Male,1924,Sandals,Footwear,1924,2507,36.00,Nebraska,XL,Blue,Summer,4.3,0,Standard,No,No,7,Cash,Annually,2024-08-06
1925,30,Male,1925,Jacket,Outerwear,1925,2509,63.00,Michigan,M,Gray,Fall,4.8,0,Free Shipping,No,No,42,PayPal,Quarterly,2024-11-02
1926,59,Male,1926,Sneakers,Footwear,1926,2510,32.00,Utah,L,Black,Winter,2.9,0,Express,No,No,44,Credit Card,Fortnightly,2024-01-22
1927,66,Male,1927,Backpack,Accessories,1927,2511,93.00,New Mexico,M,Silver,Spring,3,0,Express,No,No,6,PayPal,Annually,2024-05-03
1928,40,Male,1928,Pants,Clothing,1928,2512,29.00,Florida,M,Pink,Summer,2.9,0,Standard,No,No,8,Cash,Every 3 Months,2024-06-24
1929,25,Male,1929,Sunglasses,Accessories,1929,2513,92.00,Mississippi,S,Lavender,Summer,3.7,0,Standard,No,No,10,PayPal,Weekly,2024-08-13
1930,59,Male,1930,Jeans,Clothing,1930,2515,33.00,Hawaii,L,Brown,Fall,4.7,0,Standard,No,No,46,Venmo,Quarterly,2024-10-20
1931,66,Male,1931,Pants,Clothing,1931,2516,52.00,North Carolina,L,Turquoise,Spring,3.5,0,Store Pickup,No,No,26,Cash,Weekly,2024-03-15
1932,54,Male,1932,Jewelry,Accessories,1932,2517,42.00,Illinois,S,Olive,Spring,2.7,0,Store Pickup,No,No,6,Debit Card,Every 3 Months,2024-05-01
1933,42,Male,1933,Hoodie,Clothing,1933,2518,36.00,Maryland,M,White,Spring,5,0,Free Shipping,No,No,47,Credit Card,Every 3 Months,2024-05-07
1934,48,Male,1934,Sandals,Footwear,1934,2519,67.00,Montana,L,Violet,Summer,4.1,0,Next Day Air,No,No,28,Venmo,Annually,2024-08-01
1935,34,Male,1935,Jacket,Outerwear,1935,2521,43.00,Michigan,L,Gold,Winter,2.7,0,Free Shipping,No,No,23,Bank Transfer,Annually,2024-02-24
1936,19,Male,1936,Blouse,Clothing,1936,2522,68.00,North Carolina,XL,Violet,Spring,4.8,0,Free Shipping,No,No,45,Cash,Fortnightly,2024-04-24
1937,70,Male,1937,Jewelry,Accessories,1937,2523,60.00,Minnesota,S,Teal,Summer,4.3,0,2-Day Shipping,No,No,44,PayPal,Every 3 Months,2024-07-06
1938,43,Male,1938,Socks,Clothing,1938,2524,53.00,Delaware,M,Olive,Summer,4.5,0,2-Day Shipping,No,No,11,Bank Transfer,Monthly,2024-07-08
1939,46,Male,1939,Jeans,Clothing,1939,2525,23.00,Kentucky,L,Blue,Spring,3.8,0,Standard,No,No,39,Debit Card,Bi-Weekly,2024-03-21
1940,66,Male,1940,Gloves,Accessories,1940,2527,57.00,Ohio,L,Magenta,Winter,3.7,0,Store Pickup,No,No,20,PayPal,Every 3 Months,2024-12-18
1941,50,Male,1941,Hat,Accessories,1941,2528,89.00,Alaska,L,Gray,Fall,3.9,0,2-Day Shipping,No,No,48,PayPal,Fortnightly,2024-11-02
1942,55,Male,1942,Shoes,Footwear,1942,2529,99.00,Vermont,XL,Peach,Winter,3.3,0,Standard,No,No,46,Credit Card,Quarterly,2024-02-10
1943,63,Male,1943,Pants,Clothing,1943,2530,28.00,Alabama,M,Cyan,Fall,3.4,0,Express,No,No,22,PayPal,Monthly,2024-09-28
1944,32,Male,1944,Socks,Clothing,1944,2531,53.00,Wisconsin,L,Violet,Summer,3.8,0,Next Day Air,No,No,45,Cash,Annually,2024-07-09
1945,30,Male,1945,Hoodie,Clothing,1945,2533,45.00,Arkansas,M,Gold,Winter,2.7,0,Free Shipping,No,No,49,Cash,Every 3 Months,2024-01-05
1946,35,Male,1946,Hoodie,Clothing,1946,2534,38.00,Georgia,M,Gold,Winter,2.9,0,2-Day Shipping,No,No,9,Credit Card,Every 3 Months,2024-02-02
1947,59,Male,1947,Pants,Clothing,1947,2535,49.00,Louisiana,M,White,Summer,4.5,0,Standard,No,No,41,Credit Card,Quarterly,2024-08-13
1948,59,Male,1948,Shirt,Clothing,1948,2536,32.00,New York,M,Gray,Summer,2.6,0,Store Pickup,No,No,2,PayPal,Monthly,2024-08-04
1949,54,Male,1949,T-shirt,Clothing,1949,2537,37.00,Connecticut,L,Brown,Winter,3.1,0,Next Day Air,No,No,39,PayPal,Bi-Weekly,2024-02-08
1950,63,Male,1950,Dress,Clothing,1950,2539,80.00,Nebraska,L,Gray,Winter,4.7,0,Store Pickup,No,No,12,PayPal,Quarterly,2024-02-02
1951,43,Male,1951,Backpack,Accessories,1951,2540,78.00,Arkansas,L,Blue,Summer,4.6,0,Free Shipping,No,No,26,PayPal,Every 3 Months,2024-08-02
1952,33,Male,1952,Gloves,Accessories,1952,2541,53.00,Connecticut,L,Gold,Summer,2.7,0,Next Day Air,No,No,32,Bank Transfer,Bi-Weekly,2024-08-08
1953,57,Male,1953,Shoes,Footwear,1953,2542,82.00,Maryland,L,Yellow,Summer,4.6,0,2-Day Shipping,No,No,50,Cash,Bi-Weekly,2024-08-03
1954,25,Male,1954,Skirt,Clothing,1954,2543,33.00,Colorado,XL,Green,Spring,4.8,0,Standard,No,No,3,PayPal,Fortnightly,2024-05-15
1955,26,Male,1955,Gloves,Accessories,1955,2545,77.00,Colorado,M,Pink,Winter,4.2,0,Free Shipping,No,No,3,Venmo,Quarterly,2024-12-18
1956,50,Male,1956,Hoodie,Clothing,1956,2546,56.00,Maine,M,Pink,Winter,4.9,0,Express,No,No,37,Cash,Monthly,2024-12-17
1957,70,Male,1957,Socks,Clothing,1957,2547,37.00,Oklahoma,M,Pink,Winter,4.9,0,Express,No,No,20,Credit Card,Fortnightly,2024-02-08
1958,68,Male,1958,Gloves,Accessories,1958,2548,54.00,South Carolina,M,Cyan,Spring,4.5,0,Store Pickup,No,No,26,Cash,Bi-Weekly,2024-04-16
1959,39,Male,1959,Shorts,Clothing,1959,2549,67.00,Nevada,M,Gray,Winter,2.7,0,Store Pickup,No,No,47,Cash,Quarterly,2024-01-08
1960,46,Male,1960,Shoes,Footwear,1960,2551,90.00,Colorado,M,White,Fall,3.1,0,Store Pickup,No,No,7,Credit Card,Every 3 Months,2024-11-17
1961,57,Male,1961,Jeans,Clothing,1961,2552,72.00,Massachusetts,L,Red,Summer,3.3,0,2-Day Shipping,No,No,40,Credit Card,Annually,2024-08-20
1962,47,Male,1962,Boots,Footwear,1962,2553,59.00,Nevada,L,Black,Summer,2.6,0,Free Shipping,No,No,45,Debit Card,Quarterly,2024-08-01
1963,40,Male,1963,Hat,Accessories,1963,2554,45.00,Iowa,M,Silver,Fall,4.4,0,Standard,No,No,20,PayPal,Fortnightly,2024-10-16
1964,52,Male,1964,Shorts,Clothing,1964,2555,30.00,Michigan,L,Pink,Spring,3.9,0,Standard,No,No,11,Credit Card,Weekly,2024-04-03
1965,40,Male,1965,Pants,Clothing,1965,2557,51.00,West Virginia,S,Cyan,Summer,4.6,0,Express,No,No,50,Debit Card,Monthly,2024-07-18
1966,67,Male,1966,Sweater,Clothing,1966,2558,90.00,Indiana,M,White,Fall,4.9,0,Express,No,No,25,Debit Card,Quarterly,2024-10-10
1967,67,Male,1967,Jacket,Outerwear,1967,2559,95.00,Indiana,XL,Purple,Winter,3.7,0,Express,No,No,5,Credit Card,Fortnightly,2024-12-19
1968,37,Male,1968,Dress,Clothing,1968,2560,81.00,Georgia,L,Yellow,Fall,3.7,0,Standard,No,No,4,Venmo,Annually,2024-11-21
1969,67,Male,1969,Shirt,Clothing,1969,2561,70.00,Minnesota,S,Blue,Spring,4.2,0,Standard,No,No,25,Credit Card,Weekly,2024-05-24
1970,64,Male,1970,Dress,Clothing,1970,2563,32.00,Louisiana,S,Cyan,Winter,3.5,0,Next Day Air,No,No,11,Bank Transfer,Fortnightly,2024-01-08
1971,28,Male,1971,Belt,Accessories,1971,2564,94.00,Maryland,M,Indigo,Spring,2.9,0,Next Day Air,No,No,4,Credit Card,Bi-Weekly,2024-04-09
1972,54,Male,1972,Hat,Accessories,1972,2565,29.00,Pennsylvania,XL,Indigo,Spring,3.4,0,Next Day Air,No,No,1,Venmo,Monthly,2024-04-24
1973,54,Male,1973,Backpack,Accessories,1973,2566,31.00,Louisiana,M,Silver,Summer,3.3,0,Express,No,No,48,PayPal,Every 3 Months,2024-08-01
1974,24,Male,1974,Skirt,Clothing,1974,2567,20.00,Maryland,XL,Red,Fall,4.5,0,Standard,No,No,9,Venmo,Every 3 Months,2024-10-14
1975,27,Male,1975,Gloves,Accessories,1975,2569,44.00,Tennessee,M,Peach,Winter,4.6,0,2-Day Shipping,No,No,2,PayPal,Fortnightly,2024-01-15
1976,53,Male,1976,Jacket,Outerwear,1976,2570,77.00,Illinois,L,Turquoise,Fall,2.9,0,Express,No,No,4,Cash,Quarterly,2024-11-28
1977,32,Male,1977,Handbag,Accessories,1977,2571,51.00,Wyoming,M,Pink,Spring,3.2,0,Next Day Air,No,No,43,PayPal,Fortnightly,2024-05-14
1978,24,Male,1978,Sandals,Footwear,1978,2572,49.00,Florida,M,Teal,Summer,2.6,0,Free Shipping,No,No,32,Bank Transfer,Annually,2024-08-23
1979,45,Male,1979,Sunglasses,Accessories,1979,2573,78.00,Massachusetts,L,Magenta,Spring,3.8,0,Store Pickup,No,No,1,Cash,Quarterly,2024-05-11
1980,49,Male,1980,Jeans,Clothing,1980,2575,98.00,Tennessee,L,Blue,Spring,2.8,0,Store Pickup,No,No,38,Debit Card,Fortnightly,2024-05-07
1981,51,Male,1981,Sandals,Footwear,1981,2576,94.00,Iowa,M,Green,Winter,4.4,0,Store Pickup,No,No,25,PayPal,Fortnightly,2024-02-20
1982,69,Male,1982,Shoes,Footwear,1982,2577,91.00,Michigan,L,Violet,Summer,4.7,0,Express,No,No,42,PayPal,Quarterly,2024-06-16
1983,41,Male,1983,Sunglasses,Accessories,1983,2578,77.00,Kansas,M,Turquoise,Summer,2.7,0,2-Day Shipping,No,No,32,PayPal,Monthly,2024-08-24
1984,59,Male,1984,Scarf,Accessories,1984,2579,97.00,Georgia,M,Pink,Summer,2.6,0,Next Day Air,No,No,21,Debit Card,Quarterly,2024-07-25
1985,26,Male,1985,Skirt,Clothing,1985,2581,58.00,West Virginia,M,Black,Summer,3.4,0,2-Day Shipping,No,No,26,PayPal,Fortnightly,2024-06-02
1986,23,Male,1986,Gloves,Accessories,1986,2582,97.00,Tennessee,M,Gold,Spring,3.9,0,2-Day Shipping,No,No,6,Credit Card,Fortnightly,2024-03-22
1987,62,Male,1987,Coat,Outerwear,1987,2583,48.00,Arkansas,L,Green,Summer,3.4,0,2-Day Shipping,No,No,14,Venmo,Quarterly,2024-06-02
1988,69,Male,1988,Belt,Accessories,1988,2584,23.00,Vermont,XL,White,Summer,3.4,0,Express,No,No,4,Cash,Quarterly,2024-08-06
1989,46,Male,1989,Pants,Clothing,1989,2585,79.00,Virginia,M,Gold,Winter,3.9,0,Free Shipping,No,No,26,Bank Transfer,Weekly,2024-12-07
1990,35,Male,1990,Jewelry,Accessories,1990,2587,42.00,Maryland,S,Charcoal,Spring,4,0,Express,No,No,39,PayPal,Bi-Weekly,2024-04-08
1991,32,Male,1991,Backpack,Accessories,1991,2588,95.00,Connecticut,L,White,Spring,3.4,0,2-Day Shipping,No,No,15,PayPal,Annually,2024-03-13
1992,46,Male,1992,Sneakers,Footwear,1992,2589,29.00,Missouri,M,Brown,Summer,3.7,0,Next Day Air,No,No,1,Venmo,Every 3 Months,2024-06-06
1993,33,Male,1993,Hoodie,Clothing,1993,2590,98.00,New Jersey,L,Gold,Winter,4.9,0,2-Day Shipping,No,No,28,Venmo,Monthly,2024-12-15
1994,32,Male,1994,Blouse,Clothing,1994,2591,96.00,Arkansas,S,Purple,Spring,5,0,Express,No,No,17,Cash,Weekly,2024-05-26
1995,33,Male,1995,Sunglasses,Accessories,1995,2593,66.00,Nevada,M,Brown,Fall,2.9,0,Next Day Air,No,No,24,Credit Card,Weekly,2024-09-12
1996,67,Male,1996,Boots,Footwear,1996,2594,80.00,Missouri,S,Teal,Spring,3,0,Standard,No,No,29,Debit Card,Quarterly,2024-05-04
1997,67,Male,1997,Sneakers,Footwear,1997,2595,27.00,South Dakota,L,Indigo,Summer,3.3,0,Next Day Air,No,No,18,Cash,Every 3 Months,2024-08-18
1998,42,Male,1998,Backpack,Accessories,1998,2596,25.00,Connecticut,M,Purple,Fall,4.7,0,Express,No,No,10,Debit Card,Bi-Weekly,2024-10-10
1999,20,Male,1999,Pants,Clothing,1999,2597,45.00,Vermont,M,Orange,Fall,3.4,0,2-Day Shipping,No,No,19,Cash,Quarterly,2024-10-27
2000,39,Male,2000,Socks,Clothing,2000,2599,89.00,Tennessee,L,Indigo,Winter,4.6,0,2-Day Shipping,No,No,26,Debit Card,Monthly,2024-12-16
2001,26,Male,2001,Belt,Accessories,2001,2600,27.00,California,M,Lavender,Winter,3.6,0,2-Day Shipping,No,No,25,Cash,Bi-Weekly,2024-12-19
2002,51,Male,2002,Sunglasses,Accessories,2002,2601,90.00,Wyoming,S,Purple,Winter,2.6,0,Free Shipping,No,No,2,Debit Card,Fortnightly,2024-12-23
2003,31,Male,2003,Shirt,Clothing,2003,2602,65.00,New York,M,Red,Summer,2.7,0,Express,No,No,19,PayPal,Every 3 Months,2024-06-18
2004,68,Male,2004,Sneakers,Footwear,2004,2603,72.00,Maine,S,Blue,Spring,3.1,0,Express,No,No,32,Cash,Quarterly,2024-05-01
2005,44,Male,2005,Shoes,Footwear,2005,2605,70.00,Georgia,L,Blue,Fall,3.2,0,2-Day Shipping,No,No,13,Cash,Bi-Weekly,2024-10-05
2006,18,Male,2006,Sandals,Footwear,2006,2606,82.00,Tennessee,M,Cyan,Winter,3.4,0,Store Pickup,No,No,30,PayPal,Fortnightly,2024-02-24
2007,58,Male,2007,Scarf,Accessories,2007,2607,97.00,New Mexico,S,Pink,Fall,4.4,0,Express,No,No,2,Credit Card,Annually,2024-09-09
2008,26,Male,2008,Shirt,Clothing,2008,2608,25.00,Virginia,M,Silver,Summer,3.2,0,2-Day Shipping,No,No,8,PayPal,Quarterly,2024-07-05
2009,57,Male,2009,Skirt,Clothing,2009,2609,48.00,Florida,M,Gray,Spring,2.5,0,Free Shipping,No,No,27,PayPal,Every 3 Months,2024-03-02
2010,37,Male,2010,Boots,Footwear,2010,2611,99.00,Alabama,M,Indigo,Summer,3.8,0,Next Day Air,No,No,26,Venmo,Bi-Weekly,2024-07-02
2011,24,Male,2011,Sweater,Clothing,2011,2612,21.00,Texas,M,Maroon,Summer,4.4,0,2-Day Shipping,No,No,3,Debit Card,Bi-Weekly,2024-08-18
2012,57,Male,2012,Sandals,Footwear,2012,2613,94.00,West Virginia,M,Beige,Spring,3.7,0,Express,No,No,4,Bank Transfer,Monthly,2024-04-06
2013,48,Male,2013,Jeans,Clothing,2013,2614,53.00,Nevada,L,Green,Fall,3.2,0,Store Pickup,No,No,5,Cash,Fortnightly,2024-11-22
2014,39,Male,2014,Backpack,Accessories,2014,2615,70.00,Virginia,M,Peach,Winter,4.9,0,Standard,No,No,25,Debit Card,Quarterly,2024-12-23
2015,51,Male,2015,Skirt,Clothing,2015,2617,26.00,Wisconsin,L,Black,Summer,3.9,0,Standard,No,No,47,PayPal,Bi-Weekly,2024-07-06
2016,57,Male,2016,Belt,Accessories,2016,2618,82.00,Virginia,S,Pink,Summer,4.5,0,Next Day Air,No,No,8,Credit Card,Fortnightly,2024-07-16
2017,53,Male,2017,Shoes,Footwear,2017,2619,47.00,Maine,S,Violet,Winter,3.4,0,Standard,No,No,20,Debit Card,Fortnightly,2024-02-04
2018,70,Male,2018,Socks,Clothing,2018,2620,32.00,Massachusetts,S,Green,Winter,4.1,0,Next Day Air,No,No,42,Bank Transfer,Every 3 Months,2024-01-05
2019,60,Male,2019,Backpack,Accessories,2019,2621,97.00,Arkansas,S,Gold,Fall,4.5,0,Store Pickup,No,No,20,Bank Transfer,Weekly,2024-11-28
2020,31,Male,2020,Shirt,Clothing,2020,2623,68.00,Idaho,S,Red,Winter,4.7,0,Store Pickup,No,No,23,Cash,Fortnightly,2024-12-08
2021,41,Male,2021,Sweater,Clothing,2021,2624,23.00,Pennsylvania,M,Beige,Winter,4.8,0,Next Day Air,No,No,26,Cash,Quarterly,2024-02-26
2022,62,Male,2022,Handbag,Accessories,2022,2625,33.00,Maine,M,Green,Winter,4.4,0,Standard,No,No,48,Venmo,Quarterly,2024-01-13
2023,59,Male,2023,Jewelry,Accessories,2023,2626,38.00,Alabama,S,Black,Winter,4,0,Store Pickup,No,No,16,Cash,Bi-Weekly,2024-01-04
2024,46,Male,2024,Socks,Clothing,2024,2627,68.00,Idaho,S,Teal,Winter,4.1,0,Store Pickup,No,No,28,Cash,Bi-Weekly,2024-02-08
2025,62,Male,2025,Socks,Clothing,2025,2629,23.00,Arkansas,L,Silver,Fall,3.7,0,Express,No,No,39,PayPal,Weekly,2024-09-03
2026,42,Male,2026,Shirt,Clothing,2026,2630,29.00,Delaware,M,Turquoise,Summer,3,0,Express,No,No,43,Debit Card,Fortnightly,2024-08-17
2027,37,Male,2027,Scarf,Accessories,2027,2631,35.00,Maine,M,Orange,Winter,3.6,0,Express,No,No,45,Bank Transfer,Every 3 Months,2024-01-27
2028,50,Male,2028,Shoes,Footwear,2028,2632,73.00,Nebraska,S,Gold,Fall,4.8,0,Standard,No,No,50,Credit Card,Every 3 Months,2024-09-23
2029,29,Male,2029,Shoes,Footwear,2029,2633,84.00,Ohio,XL,Purple,Fall,3.7,0,2-Day Shipping,No,No,10,Venmo,Bi-Weekly,2024-11-03
2030,25,Male,2030,Scarf,Accessories,2030,2635,23.00,Montana,M,Pink,Spring,4.6,0,Next Day Air,No,No,40,PayPal,Quarterly,2024-04-20
2031,66,Male,2031,Sunglasses,Accessories,2031,2636,67.00,New Mexico,S,Green,Summer,2.8,0,Standard,No,No,38,Credit Card,Monthly,2024-07-17
2032,21,Male,2032,Socks,Clothing,2032,2637,51.00,North Carolina,L,Charcoal,Spring,4,0,Standard,No,No,2,Credit Card,Monthly,2024-05-22
2033,46,Male,2033,Blouse,Clothing,2033,2638,36.00,South Carolina,M,Maroon,Winter,4.2,0,Next Day Air,No,No,13,Cash,Annually,2024-02-13
2034,57,Male,2034,Jeans,Clothing,2034,2639,55.00,Illinois,L,Olive,Summer,3.6,0,Express,No,No,33,Venmo,Annually,2024-06-01
2035,61,Male,2035,Shorts,Clothing,2035,2641,30.00,Alabama,M,Peach,Spring,2.9,0,Store Pickup,No,No,27,PayPal,Monthly,2024-03-21
2036,53,Male,2036,T-shirt,Clothing,2036,2642,70.00,Oklahoma,S,Yellow,Summer,4.1,0,Express,No,No,43,Bank Transfer,Weekly,2024-06-15
2037,37,Male,2037,Blouse,Clothing,2037,2643,63.00,Minnesota,S,Lavender,Winter,3.1,0,Next Day Air,No,No,46,Cash,Weekly,2024-01-24
2038,39,Male,2038,Belt,Accessories,2038,2644,87.00,Illinois,S,Green,Summer,4.3,0,Express,No,No,7,Venmo,Bi-Weekly,2024-06-08
2039,53,Male,2039,Blouse,Clothing,2039,2645,70.00,Arkansas,L,Orange,Spring,4.4,0,Next Day Air,No,No,35,Credit Card,Fortnightly,2024-03-19
2040,35,Male,2040,T-shirt,Clothing,2040,2647,51.00,Minnesota,M,Olive,Spring,3.1,0,Next Day Air,No,No,31,Debit Card,Bi-Weekly,2024-04-16
2041,69,Male,2041,Jewelry,Accessories,2041,2648,25.00,South Carolina,XL,Gray,Spring,2.9,0,Free Shipping,No,No,42,Venmo,Quarterly,2024-04-08
2042,66,Male,2042,Jacket,Outerwear,2042,2649,32.00,New York,S,Lavender,Winter,3.2,0,Next Day Air,No,No,14,PayPal,Bi-Weekly,2024-12-10
2043,19,Male,2043,Shoes,Footwear,2043,2650,52.00,Alabama,M,Red,Spring,4,0,2-Day Shipping,No,No,35,Venmo,Monthly,2024-05-17
2044,47,Male,2044,Gloves,Accessories,2044,2651,33.00,New York,M,Charcoal,Summer,2.7,0,Standard,No,No,49,PayPal,Weekly,2024-06-16
2045,49,Male,2045,Jeans,Clothing,2045,2653,68.00,Missouri,L,Orange,Spring,3,0,Free Shipping,No,No,17,PayPal,Fortnightly,2024-05-04
2046,31,Male,2046,Jewelry,Accessories,2046,2654,20.00,Georgia,M,Red,Fall,4.4,0,Express,No,No,26,PayPal,Quarterly,2024-10-08
2047,39,Male,2047,Pants,Clothing,2047,2655,32.00,Oklahoma,M,Maroon,Winter,2.8,0,Free Shipping,No,No,30,Cash,Every 3 Months,2024-12-20
2048,58,Male,2048,Jewelry,Accessories,2048,2656,82.00,Connecticut,M,Silver,Summer,3.1,0,Store Pickup,No,No,32,Cash,Annually,2024-08-09
2049,45,Male,2049,Sneakers,Footwear,2049,2657,64.00,Michigan,XL,Pink,Winter,3.9,0,Express,No,No,35,Bank Transfer,Quarterly,2024-01-18
2050,68,Male,2050,Boots,Footwear,2050,2659,24.00,Rhode Island,L,Blue,Fall,2.7,0,Standard,No,No,15,Venmo,Annually,2024-10-01
2051,35,Male,2051,Hat,Accessories,2051,2660,96.00,Mississippi,M,Teal,Summer,3.4,0,Store Pickup,No,No,10,Debit Card,Annually,2024-07-28
2052,65,Male,2052,T-shirt,Clothing,2052,2661,94.00,Massachusetts,L,Black,Spring,3.8,0,Free Shipping,No,No,14,Credit Card,Monthly,2024-05-18
2053,45,Male,2053,Backpack,Accessories,2053,2662,48.00,New Hampshire,M,Gray,Winter,3.7,0,2-Day Shipping,No,No,30,Bank Transfer,Annually,2024-01-02
2054,19,Male,2054,Sunglasses,Accessories,2054,2663,60.00,Wyoming,S,Purple,Spring,4.5,0,2-Day Shipping,No,No,16,Credit Card,Fortnightly,2024-04-02
2055,65,Male,2055,Sweater,Clothing,2055,2665,56.00,New Jersey,XL,Gold,Spring,2.9,0,Express,No,No,14,PayPal,Annually,2024-04-23
2056,28,Male,2056,Handbag,Accessories,2056,2666,33.00,Texas,M,Silver,Fall,3.4,0,2-Day Shipping,No,No,28,Bank Transfer,Weekly,2024-09-09
2057,55,Male,2057,Backpack,Accessories,2057,2667,46.00,Minnesota,L,Blue,Spring,4.4,0,2-Day Shipping,No,No,29,PayPal,Monthly,2024-05-14
2058,66,Male,2058,Socks,Clothing,2058,2668,37.00,South Dakota,L,Yellow,Spring,4.2,0,Standard,No,No,5,PayPal,Every 3 Months,2024-04-06
2059,29,Male,2059,Shirt,Clothing,2059,2669,98.00,Washington,M,Brown,Winter,3.3,0,Store Pickup,No,No,17,Bank Transfer,Quarterly,2024-02-25
2060,56,Male,2060,Shorts,Clothing,2060,2671,50.00,California,XL,Beige,Spring,3.7,0,Express,No,No,50,PayPal,Weekly,2024-04-20
2061,21,Male,2061,Belt,Accessories,2061,2672,63.00,Wisconsin,M,Blue,Fall,3.2,0,Next Day Air,No,No,23,Bank Transfer,Quarterly,2024-09-15
2062,32,Male,2062,Sweater,Clothing,2062,2673,70.00,Michigan,S,Magenta,Summer,2.6,0,Store Pickup,No,No,22,Debit Card,Annually,2024-08-11
2063,54,Male,2063,Coat,Outerwear,2063,2674,63.00,South Carolina,L,Silver,Fall,2.8,0,Standard,No,No,15,Cash,Quarterly,2024-10-25
2064,61,Male,2064,Shorts,Clothing,2064,2675,86.00,Indiana,M,Cyan,Fall,2.9,0,Standard,No,No,32,Cash,Monthly,2024-11-22
2065,31,Male,2065,Shoes,Footwear,2065,2677,99.00,Arkansas,M,Green,Summer,4,0,2-Day Shipping,No,No,5,Bank Transfer,Monthly,2024-08-08
2066,27,Male,2066,Sneakers,Footwear,2066,2678,40.00,Oregon,M,Blue,Spring,2.9,0,Free Shipping,No,No,6,Bank Transfer,Bi-Weekly,2024-03-18
2067,64,Male,2067,Sneakers,Footwear,2067,2679,92.00,Illinois,M,Olive,Fall,4.7,0,Store Pickup,No,No,44,Debit Card,Fortnightly,2024-10-10
2068,60,Male,2068,Pants,Clothing,2068,2680,21.00,Maryland,XL,Beige,Fall,3.1,0,2-Day Shipping,No,No,23,Cash,Fortnightly,2024-09-22
2069,70,Male,2069,Jewelry,Accessories,2069,2681,81.00,Vermont,XL,Black,Summer,3.9,0,Store Pickup,No,No,44,Venmo,Monthly,2024-06-16
2070,36,Male,2070,T-shirt,Clothing,2070,2683,82.00,Texas,M,Indigo,Fall,3.4,0,Free Shipping,No,No,3,Debit Card,Quarterly,2024-11-13
2071,56,Male,2071,Jewelry,Accessories,2071,2684,88.00,Nebraska,XL,Red,Spring,3.1,0,Express,No,No,14,Cash,Monthly,2024-04-16
2072,69,Male,2072,Jacket,Outerwear,2072,2685,100.00,South Carolina,S,Yellow,Fall,4.8,0,Store Pickup,No,No,37,PayPal,Quarterly,2024-11-19
2073,39,Male,2073,Backpack,Accessories,2073,2686,66.00,Massachusetts,M,Beige,Winter,3.9,0,Next Day Air,No,No,22,Bank Transfer,Weekly,2024-02-18
2074,38,Male,2074,Belt,Accessories,2074,2687,25.00,Texas,S,Green,Winter,3.5,0,Next Day Air,No,No,2,PayPal,Every 3 Months,2024-02-08
2075,36,Male,2075,Scarf,Accessories,2075,2689,53.00,Florida,M,White,Summer,3.1,0,Free Shipping,No,No,44,Debit Card,Fortnightly,2024-08-08
2076,46,Male,2076,Sweater,Clothing,2076,2690,28.00,South Carolina,S,Turquoise,Fall,4.7,0,Express,No,No,49,Debit Card,Monthly,2024-11-18
2077,59,Male,2077,Gloves,Accessories,2077,2691,23.00,Florida,S,Indigo,Fall,4.6,0,Free Shipping,No,No,22,Debit Card,Bi-Weekly,2024-10-21
2078,64,Male,2078,Scarf,Accessories,2078,2692,34.00,Nebraska,L,Orange,Fall,3.3,0,Free Shipping,No,No,26,Bank Transfer,Annually,2024-11-23
2079,49,Male,2079,Dress,Clothing,2079,2693,42.00,Hawaii,M,Blue,Spring,3.2,0,Next Day Air,No,No,40,Debit Card,Weekly,2024-03-05
2080,32,Male,2080,Jeans,Clothing,2080,2695,24.00,Montana,L,Violet,Summer,3.1,0,Next Day Air,No,No,16,PayPal,Quarterly,2024-08-17
2081,29,Male,2081,Sunglasses,Accessories,2081,2696,47.00,South Dakota,S,Gray,Fall,3.5,0,Free Shipping,No,No,17,Debit Card,Bi-Weekly,2024-11-24
2082,24,Male,2082,Coat,Outerwear,2082,2697,78.00,Alabama,S,Cyan,Spring,4.3,0,Standard,No,No,48,Bank Transfer,Bi-Weekly,2024-03-09
2083,41,Male,2083,Jeans,Clothing,2083,2698,89.00,Arkansas,M,Yellow,Summer,2.9,0,Free Shipping,No,No,28,Venmo,Every 3 Months,2024-06-18
2084,41,Male,2084,Scarf,Accessories,2084,2699,59.00,Mississippi,L,Orange,Fall,2.7,0,Store Pickup,No,No,26,Credit Card,Fortnightly,2024-11-25
2085,32,Male,2085,Blouse,Clothing,2085,2701,94.00,Vermont,S,Brown,Summer,4,0,Standard,No,No,43,Bank Transfer,Quarterly,2024-07-11
2086,69,Male,2086,Jeans,Clothing,2086,2702,49.00,New York,M,Teal,Fall,4.6,0,Free Shipping,No,No,38,Debit Card,Weekly,2024-09-15
2087,65,Male,2087,Dress,Clothing,2087,2703,89.00,North Dakota,L,Beige,Summer,4.7,0,2-Day Shipping,No,No,36,Cash,Every 3 Months,2024-06-27
2088,54,Male,2088,Hat,Accessories,2088,2704,91.00,Wisconsin,M,Blue,Summer,4.7,0,Standard,No,No,1,Credit Card,Weekly,2024-07-25
2089,39,Male,2089,Sandals,Footwear,2089,2705,89.00,California,L,Orange,Spring,4,0,Standard,No,No,49,Debit Card,Annually,2024-04-07
2090,37,Male,2090,Jacket,Outerwear,2090,2707,57.00,Maryland,L,Gold,Spring,3.6,0,Free Shipping,No,No,41,Credit Card,Every 3 Months,2024-05-15
2091,51,Male,2091,Socks,Clothing,2091,2708,71.00,Massachusetts,S,Teal,Winter,3.4,0,Free Shipping,No,No,21,Debit Card,Monthly,2024-12-16
2092,26,Male,2092,Jeans,Clothing,2092,2709,97.00,Washington,XL,Beige,Fall,3,0,Next Day Air,No,No,24,Bank Transfer,Quarterly,2024-09-06
2093,42,Male,2093,Sandals,Footwear,2093,2710,45.00,Minnesota,M,Silver,Fall,2.6,0,Next Day Air,No,No,27,Bank Transfer,Weekly,2024-11-14
2094,21,Male,2094,Dress,Clothing,2094,2711,91.00,Washington,M,Maroon,Spring,4.2,0,Store Pickup,No,No,4,Debit Card,Annually,2024-05-25
2095,53,Male,2095,Socks,Clothing,2095,2713,25.00,South Carolina,M,Indigo,Spring,3.4,0,Standard,No,No,19,Venmo,Annually,2024-04-08
2096,36,Male,2096,Hoodie,Clothing,2096,2714,63.00,New Mexico,M,Gray,Fall,4,0,Store Pickup,No,No,1,Bank Transfer,Fortnightly,2024-10-21
2097,21,Male,2097,Dress,Clothing,2097,2715,52.00,North Carolina,L,Blue,Summer,4.7,0,Free Shipping,No,No,27,Debit Card,Annually,2024-08-09
2098,33,Male,2098,Sneakers,Footwear,2098,2716,43.00,Iowa,S,Cyan,Winter,3.9,0,Next Day Air,No,No,5,Credit Card,Weekly,2024-01-25
2099,49,Male,2099,T-shirt,Clothing,2099,2717,28.00,Louisiana,M,White,Summer,3.3,0,2-Day Shipping,No,No,20,Venmo,Quarterly,2024-08-20
2100,31,Male,2100,T-shirt,Clothing,2100,2719,78.00,Oklahoma,L,Green,Summer,2.9,0,Express,No,No,50,PayPal,Annually,2024-07-21
2101,68,Male,2101,Sweater,Clothing,2101,2720,31.00,Michigan,M,Silver,Spring,4.4,0,Free Shipping,No,No,36,Cash,Fortnightly,2024-05-12
2102,49,Male,2102,Shirt,Clothing,2102,2721,23.00,Oregon,M,Blue,Winter,3.6,0,Next Day Air,No,No,12,Bank Transfer,Bi-Weekly,2024-02-25
2103,23,Male,2103,Hat,Accessories,2103,2722,25.00,Idaho,M,Brown,Spring,4.5,0,Store Pickup,No,No,23,Cash,Monthly,2024-04-09
2104,30,Male,2104,Pants,Clothing,2104,2723,86.00,Indiana,S,Red,Summer,3.7,0,Store Pickup,No,No,21,Venmo,Weekly,2024-06-07
2105,53,Male,2105,Shoes,Footwear,2105,2725,88.00,New Mexico,M,Gold,Spring,2.8,0,Free Shipping,No,No,47,Venmo,Weekly,2024-04-18
2106,65,Male,2106,Gloves,Accessories,2106,2726,35.00,South Carolina,M,Silver,Spring,4.5,0,Free Shipping,No,No,38,Venmo,Bi-Weekly,2024-04-25
2107,60,Male,2107,Jewelry,Accessories,2107,2727,34.00,Vermont,M,Gray,Fall,4.4,0,Standard,No,No,40,Credit Card,Every 3 Months,2024-10-21
2108,46,Male,2108,Pants,Clothing,2108,2728,75.00,Delaware,M,Black,Winter,3.3,0,Standard,No,No,35,PayPal,Quarterly,2024-01-11
2109,54,Male,2109,Hoodie,Clothing,2109,2729,46.00,North Dakota,XL,Beige,Winter,4.2,0,Express,No,No,4,Credit Card,Quarterly,2024-12-10
2110,59,Male,2110,Jewelry,Accessories,2110,2731,31.00,California,L,Peach,Fall,2.7,0,Free Shipping,No,No,28,Venmo,Every 3 Months,2024-11-25
2111,52,Male,2111,Socks,Clothing,2111,2732,93.00,Montana,L,Cyan,Spring,3.9,0,Store Pickup,No,No,36,Debit Card,Every 3 Months,2024-03-27
2112,41,Male,2112,Sunglasses,Accessories,2112,2733,85.00,Missouri,XL,Pink,Spring,2.6,0,Free Shipping,No,No,15,Bank Transfer,Annually,2024-04-02
2113,43,Male,2113,Belt,Accessories,2113,2734,68.00,Tennessee,M,Lavender,Fall,4.5,0,2-Day Shipping,No,No,7,Cash,Fortnightly,2024-10-28
2114,63,Male,2114,Dress,Clothing,2114,2735,40.00,Virginia,M,Brown,Spring,2.7,0,Store Pickup,No,No,29,PayPal,Every 3 Months,2024-05-19
2115,37,Male,2115,Shirt,Clothing,2115,2737,51.00,Vermont,M,Magenta,Winter,2.9,0,Standard,No,No,12,Debit Card,Annually,2024-02-06
2116,44,Male,2116,Scarf,Accessories,2116,2738,85.00,Rhode Island,M,Violet,Winter,3.4,0,Store Pickup,No,No,16,Bank Transfer,Bi-Weekly,2024-01-15
2117,67,Male,2117,Jacket,Outerwear,2117,2739,23.00,Kansas,M,Teal,Summer,2.9,0,Express,No,No,50,Debit Card,Bi-Weekly,2024-07-26
2118,27,Male,2118,Dress,Clothing,2118,2740,28.00,Colorado,L,Brown,Summer,3.8,0,Free Shipping,No,No,11,Debit Card,Annually,2024-07-06
2119,60,Male,2119,Socks,Clothing,2119,2741,44.00,Georgia,M,Olive,Fall,4.2,0,2-Day Shipping,No,No,28,Debit Card,Quarterly,2024-11-26
2120,58,Male,2120,Jewelry,Accessories,2120,2743,57.00,Nebraska,M,Indigo,Spring,3.5,0,Store Pickup,No,No,36,Venmo,Bi-Weekly,2024-04-19
2121,53,Male,2121,Scarf,Accessories,2121,2744,98.00,Missouri,S,Red,Fall,3.1,0,Next Day Air,No,No,38,PayPal,Quarterly,2024-10-19
2122,43,Male,2122,Backpack,Accessories,2122,2745,68.00,Alaska,M,Olive,Winter,3.5,0,2-Day Shipping,No,No,32,Bank Transfer,Monthly,2024-01-08
2123,32,Male,2123,Jacket,Outerwear,2123,2746,36.00,Virginia,L,Teal,Fall,4,0,Express,No,No,42,Debit Card,Weekly,2024-11-09
2124,54,Male,2124,Coat,Outerwear,2124,2747,71.00,Nebraska,L,Cyan,Spring,3.7,0,Express,No,No,22,Debit Card,Bi-Weekly,2024-05-11
2125,47,Male,2125,Skirt,Clothing,2125,2749,60.00,Rhode Island,M,Teal,Fall,4.2,0,Next Day Air,No,No,22,Venmo,Quarterly,2024-10-06
2126,57,Male,2126,Coat,Outerwear,2126,2750,87.00,New Hampshire,M,Beige,Fall,4.8,0,Store Pickup,No,No,31,PayPal,Quarterly,2024-11-28
2127,63,Male,2127,Shoes,Footwear,2127,2751,38.00,Alabama,XL,Magenta,Winter,4.1,0,Express,No,No,28,Credit Card,Monthly,2024-12-11
2128,70,Male,2128,Boots,Footwear,2128,2752,45.00,North Carolina,M,Indigo,Spring,4.5,0,2-Day Shipping,No,No,40,Debit Card,Weekly,2024-04-18
2129,62,Male,2129,Coat,Outerwear,2129,2753,47.00,New Mexico,L,Cyan,Fall,2.7,0,2-Day Shipping,No,No,21,PayPal,Weekly,2024-11-09
2130,40,Male,2130,Skirt,Clothing,2130,2755,57.00,Minnesota,L,Orange,Fall,2.8,0,Store Pickup,No,No,12,PayPal,Every 3 Months,2024-09-17
2131,25,Male,2131,Backpack,Accessories,2131,2756,68.00,Arizona,L,Violet,Summer,3.7,0,Free Shipping,No,No,33,Credit Card,Annually,2024-07-16
2132,19,Male,2132,Shorts,Clothing,2132,2757,52.00,Montana,M,Red,Fall,3.6,0,Express,No,No,9,Bank Transfer,Fortnightly,2024-09-20
2133,25,Male,2133,Skirt,Clothing,2133,2758,87.00,Vermont,M,Magenta,Fall,4.7,0,2-Day Shipping,No,No,15,Debit Card,Weekly,2024-11-18
2134,21,Male,2134,Hat,Accessories,2134,2759,34.00,Maine,M,Olive,Summer,3.8,0,Standard,No,No,13,Bank Transfer,Annually,2024-06-01
2135,55,Male,2135,Sandals,Footwear,2135,2761,41.00,Virginia,XL,Maroon,Winter,2.9,0,Standard,No,No,35,Credit Card,Fortnightly,2024-01-25
2136,34,Male,2136,Sunglasses,Accessories,2136,2762,94.00,California,S,Yellow,Winter,4.6,0,Next Day Air,No,No,1,Debit Card,Every 3 Months,2024-01-25
2137,47,Male,2137,Sunglasses,Accessories,2137,2763,93.00,New York,M,Red,Summer,2.8,0,Standard,No,No,25,Bank Transfer,Fortnightly,2024-08-05
2138,27,Male,2138,Socks,Clothing,2138,2764,51.00,Indiana,XL,Purple,Winter,4.6,0,2-Day Shipping,No,No,20,Credit Card,Every 3 Months,2024-02-10
2139,67,Male,2139,Sweater,Clothing,2139,2765,42.00,Mississippi,M,Teal,Fall,2.8,0,Next Day Air,No,No,36,Venmo,Quarterly,2024-09-07
2140,40,Male,2140,Boots,Footwear,2140,2767,95.00,New York,M,Red,Winter,3,0,Free Shipping,No,No,33,Cash,Weekly,2024-12-26
2141,53,Male,2141,Handbag,Accessories,2141,2768,90.00,New Mexico,M,Brown,Fall,3.7,0,Standard,No,No,36,Cash,Fortnightly,2024-10-24
2142,24,Male,2142,Dress,Clothing,2142,2769,98.00,Kentucky,M,Peach,Winter,4.1,0,2-Day Shipping,No,No,32,PayPal,Annually,2024-02-27
2143,47,Male,2143,Hat,Accessories,2143,2770,39.00,North Dakota,M,Maroon,Winter,4.3,0,Next Day Air,No,No,21,Venmo,Quarterly,2024-12-20
2144,53,Male,2144,Sandals,Footwear,2144,2771,66.00,Arkansas,L,Red,Fall,3.8,0,Next Day Air,No,No,48,Venmo,Bi-Weekly,2024-10-17
2145,47,Male,2145,Shoes,Footwear,2145,2773,23.00,Maryland,L,Orange,Winter,3.7,0,Free Shipping,No,No,25,PayPal,Quarterly,2024-01-16
2146,38,Male,2146,Skirt,Clothing,2146,2774,73.00,Connecticut,S,White,Winter,4.8,0,Standard,No,No,32,PayPal,Annually,2024-02-15
2147,48,Male,2147,Sunglasses,Accessories,2147,2775,23.00,Utah,XL,White,Summer,4.6,0,Standard,No,No,45,PayPal,Every 3 Months,2024-06-18
2148,47,Male,2148,Skirt,Clothing,2148,2776,43.00,Missouri,S,Charcoal,Fall,4.8,0,Standard,No,No,4,Cash,Fortnightly,2024-10-10
2149,19,Male,2149,T-shirt,Clothing,2149,2777,45.00,Nebraska,XL,Turquoise,Winter,4.6,0,2-Day Shipping,No,No,19,PayPal,Bi-Weekly,2024-12-08
2150,38,Male,2150,Sandals,Footwear,2150,2779,21.00,Hawaii,L,Orange,Winter,4,0,Standard,No,No,1,Bank Transfer,Weekly,2024-01-07
2151,57,Male,2151,Shirt,Clothing,2151,2780,40.00,Illinois,M,Orange,Spring,2.6,0,2-Day Shipping,No,No,12,Cash,Weekly,2024-04-21
2152,70,Male,2152,Jeans,Clothing,2152,2781,58.00,Vermont,L,Brown,Fall,2.6,0,2-Day Shipping,No,No,18,Venmo,Monthly,2024-11-15
2153,38,Male,2153,Shorts,Clothing,2153,2782,48.00,New Jersey,L,Magenta,Summer,4.5,0,Next Day Air,No,No,43,Bank Transfer,Bi-Weekly,2024-08-05
2154,35,Male,2154,Shirt,Clothing,2154,2783,94.00,Kentucky,M,Violet,Fall,4.2,0,Free Shipping,No,No,31,PayPal,Annually,2024-11-07
2155,46,Male,2155,Scarf,Accessories,2155,2785,74.00,Wyoming,M,Violet,Spring,3.4,0,Store Pickup,No,No,33,Cash,Every 3 Months,2024-04-05
2156,32,Male,2156,Handbag,Accessories,2156,2786,51.00,Hawaii,L,Yellow,Fall,3.7,0,Store Pickup,No,No,46,PayPal,Monthly,2024-11-07
2157,38,Male,2157,Skirt,Clothing,2157,2787,83.00,Missouri,M,Maroon,Winter,3.6,0,Next Day Air,No,No,41,Debit Card,Bi-Weekly,2024-01-20
2158,41,Male,2158,Handbag,Accessories,2158,2788,68.00,Mississippi,L,Turquoise,Winter,4,0,Next Day Air,No,No,41,Venmo,Fortnightly,2024-12-06
2159,19,Male,2159,Gloves,Accessories,2159,2789,84.00,Massachusetts,XL,Olive,Spring,4.6,0,Standard,No,No,9,Bank Transfer,Fortnightly,2024-03-24
2160,18,Male,2160,Shirt,Clothing,2160,2791,58.00,Louisiana,M,Peach,Fall,3,0,Free Shipping,No,No,34,Cash,Annually,2024-11-24
2161,45,Male,2161,Blouse,Clothing,2161,2792,92.00,West Virginia,L,Charcoal,Winter,3.3,0,Express,No,No,21,PayPal,Annually,2024-01-04
2162,23,Male,2162,Dress,Clothing,2162,2793,69.00,Washington,S,Peach,Summer,3.8,0,Express,No,No,5,Debit Card,Fortnightly,2024-07-20
2163,60,Male,2163,Shorts,Clothing,2163,2794,48.00,Oregon,S,Black,Summer,2.7,0,Free Shipping,No,No,32,PayPal,Weekly,2024-06-01
2164,52,Male,2164,Shoes,Footwear,2164,2795,60.00,New York,L,Gray,Spring,4.5,0,Express,No,No,44,Bank Transfer,Monthly,2024-05-12
2165,42,Male,2165,Sandals,Footwear,2165,2797,20.00,Iowa,S,Olive,Winter,4.8,0,Next Day Air,No,No,46,PayPal,Bi-Weekly,2024-02-23
2166,29,Male,2166,Pants,Clothing,2166,2798,55.00,Idaho,M,Turquoise,Summer,4.2,0,Express,No,No,42,Credit Card,Every 3 Months,2024-07-18
2167,31,Male,2167,Jacket,Outerwear,2167,2799,88.00,New Jersey,S,Purple,Spring,3.5,0,Express,No,No,50,Credit Card,Bi-Weekly,2024-05-14
2168,30,Male,2168,Skirt,Clothing,2168,2800,48.00,Ohio,L,Green,Winter,4.9,0,Standard,No,No,33,Venmo,Fortnightly,2024-02-15
2169,23,Male,2169,Handbag,Accessories,2169,2801,74.00,Connecticut,M,Beige,Spring,4.1,0,Next Day Air,No,No,32,Cash,Quarterly,2024-03-16
2170,31,Male,2170,Coat,Outerwear,2170,2803,42.00,Florida,M,Brown,Fall,2.9,0,Next Day Air,No,No,32,Bank Transfer,Bi-Weekly,2024-11-09
2171,40,Male,2171,Sweater,Clothing,2171,2804,32.00,South Carolina,M,Turquoise,Fall,4,0,Next Day Air,No,No,37,Venmo,Every 3 Months,2024-11-07
2172,39,Male,2172,Shorts,Clothing,2172,2805,98.00,Missouri,M,Yellow,Summer,4.6,0,Store Pickup,No,No,9,Cash,Fortnightly,2024-08-05
2173,28,Male,2173,Skirt,Clothing,2173,2806,89.00,Rhode Island,S,Lavender,Fall,2.8,0,Store Pickup,No,No,6,PayPal,Fortnightly,2024-09-17
2174,23,Male,2174,Gloves,Accessories,2174,2807,97.00,Delaware,S,Cyan,Summer,5,0,2-Day Shipping,No,No,36,Venmo,Quarterly,2024-08-12
2175,42,Male,2175,Backpack,Accessories,2175,2809,49.00,Colorado,S,Olive,Spring,2.9,0,Store Pickup,No,No,1,Cash,Annually,2024-03-12
2176,68,Male,2176,Dress,Clothing,2176,2810,50.00,Nebraska,M,Silver,Spring,3.3,0,Free Shipping,No,No,48,Credit Card,Fortnightly,2024-03-25
2177,24,Male,2177,Belt,Accessories,2177,2811,91.00,Vermont,S,Red,Winter,3.4,0,2-Day Shipping,No,No,44,Debit Card,Quarterly,2024-02-12
2178,24,Male,2178,Gloves,Accessories,2178,2812,93.00,Montana,XL,Green,Winter,3,0,Express,No,No,9,PayPal,Bi-Weekly,2024-01-01
2179,21,Male,2179,Jewelry,Accessories,2179,2813,98.00,Florida,M,Gold,Summer,4.7,0,Standard,No,No,32,Venmo,Annually,2024-07-01
2180,49,Male,2180,Socks,Clothing,2180,2815,82.00,Delaware,L,Lavender,Fall,2.9,0,Next Day Air,No,No,14,PayPal,Monthly,2024-10-08
2181,41,Male,2181,Coat,Outerwear,2181,2816,37.00,Connecticut,M,Yellow,Summer,4.1,0,Store Pickup,No,No,43,Cash,Quarterly,2024-07-03
2182,22,Male,2182,Handbag,Accessories,2182,2817,63.00,Hawaii,M,Black,Fall,3.2,0,Free Shipping,No,No,32,Bank Transfer,Bi-Weekly,2024-09-03
2183,42,Male,2183,Blouse,Clothing,2183,2818,99.00,New Mexico,M,Maroon,Winter,2.7,0,Store Pickup,No,No,26,Venmo,Bi-Weekly,2024-01-28
2184,30,Male,2184,Shorts,Clothing,2184,2819,37.00,Kansas,M,Maroon,Spring,4.7,0,Store Pickup,No,No,2,Cash,Monthly,2024-04-04
2185,38,Male,2185,Shoes,Footwear,2185,2821,34.00,Nevada,S,Gold,Spring,3.2,0,Free Shipping,No,No,16,PayPal,Every 3 Months,2024-05-01
2186,40,Male,2186,Shorts,Clothing,2186,2822,32.00,North Carolina,M,Violet,Winter,2.5,0,Express,No,No,50,Debit Card,Every 3 Months,2024-01-12
2187,55,Male,2187,Sandals,Footwear,2187,2823,23.00,New Mexico,XL,Teal,Winter,4.3,0,Next Day Air,No,No,6,PayPal,Every 3 Months,2024-01-11
2188,37,Male,2188,Blouse,Clothing,2188,2824,78.00,Idaho,M,Violet,Spring,4.4,0,Free Shipping,No,No,20,PayPal,Annually,2024-03-11
2189,41,Male,2189,Coat,Outerwear,2189,2825,54.00,California,M,Brown,Winter,4.7,0,Next Day Air,No,No,9,Credit Card,Weekly,2024-12-02
2190,38,Male,2190,Blouse,Clothing,2190,2827,94.00,Wisconsin,XL,Brown,Fall,4,0,Express,No,No,47,Credit Card,Bi-Weekly,2024-09-16
2191,42,Male,2191,Belt,Accessories,2191,2828,75.00,Alaska,S,Maroon,Spring,4.6,0,Express,No,No,33,Credit Card,Annually,2024-04-04
2192,26,Male,2192,Blouse,Clothing,2192,2829,69.00,Pennsylvania,S,Maroon,Summer,3.8,0,Next Day Air,No,No,46,Cash,Bi-Weekly,2024-07-24
2193,41,Male,2193,Scarf,Accessories,2193,2830,35.00,Virginia,L,Yellow,Winter,3.2,0,Next Day Air,No,No,9,Credit Card,Monthly,2024-02-16
2194,27,Male,2194,Shirt,Clothing,2194,2831,78.00,California,L,Turquoise,Spring,5,0,Express,No,No,8,PayPal,Monthly,2024-05-13
2195,61,Male,2195,Socks,Clothing,2195,2833,29.00,Kentucky,M,Silver,Summer,3.5,0,Standard,No,No,48,Bank Transfer,Quarterly,2024-07-08
2196,58,Male,2196,Jeans,Clothing,2196,2834,62.00,New York,M,Brown,Fall,3.7,0,Next Day Air,No,No,2,Cash,Monthly,2024-10-23
2197,25,Male,2197,Dress,Clothing,2197,2835,58.00,Vermont,M,Gray,Spring,4.8,0,Next Day Air,No,No,31,PayPal,Weekly,2024-04-08
2198,33,Male,2198,Boots,Footwear,2198,2836,88.00,Pennsylvania,M,Indigo,Summer,3.7,0,2-Day Shipping,No,No,40,Venmo,Monthly,2024-07-14
2199,57,Male,2199,Scarf,Accessories,2199,2837,80.00,New York,L,Turquoise,Summer,3.5,0,Free Shipping,No,No,35,Venmo,Monthly,2024-06-12
2200,39,Male,2200,Scarf,Accessories,2200,2839,47.00,North Carolina,M,Maroon,Summer,4.9,0,Store Pickup,No,No,40,Debit Card,Monthly,2024-06-05
2201,60,Male,2201,Gloves,Accessories,2201,2840,51.00,Wyoming,L,Charcoal,Summer,4.7,0,Next Day Air,No,No,27,Debit Card,Every 3 Months,2024-07-22
2202,39,Male,2202,Pants,Clothing,2202,2841,25.00,Ohio,L,Peach,Spring,4.9,0,2-Day Shipping,No,No,10,Venmo,Annually,2024-04-07
2203,42,Male,2203,Dress,Clothing,2203,2842,36.00,Alabama,M,Red,Summer,4.3,0,Next Day Air,No,No,23,Credit Card,Weekly,2024-07-08
2204,53,Male,2204,Dress,Clothing,2204,2843,79.00,Rhode Island,M,Indigo,Winter,3.1,0,Free Shipping,No,No,32,Cash,Quarterly,2024-12-18
2205,20,Male,2205,Jeans,Clothing,2205,2845,41.00,Oregon,S,Lavender,Winter,3.4,0,2-Day Shipping,No,No,6,Debit Card,Monthly,2024-12-16
2206,46,Male,2206,Sweater,Clothing,2206,2846,68.00,North Dakota,XL,Red,Fall,2.7,0,Express,No,No,27,PayPal,Weekly,2024-09-24
2207,46,Male,2207,Sandals,Footwear,2207,2847,51.00,Illinois,L,Green,Spring,2.6,0,Store Pickup,No,No,25,Bank Transfer,Fortnightly,2024-05-10
2208,69,Male,2208,Handbag,Accessories,2208,2848,38.00,New Mexico,M,Gray,Fall,2.9,0,Next Day Air,No,No,11,Credit Card,Annually,2024-09-16
2209,28,Male,2209,Scarf,Accessories,2209,2849,46.00,Colorado,XL,Violet,Summer,2.7,0,2-Day Shipping,No,No,23,PayPal,Monthly,2024-06-04
2210,42,Male,2210,Sandals,Footwear,2210,2851,20.00,Utah,XL,Beige,Summer,4.5,0,2-Day Shipping,No,No,44,Bank Transfer,Quarterly,2024-06-24
2211,30,Male,2211,Sunglasses,Accessories,2211,2852,25.00,Virginia,M,Orange,Summer,3.1,0,Store Pickup,No,No,35,PayPal,Fortnightly,2024-08-02
2212,50,Male,2212,Sweater,Clothing,2212,2853,89.00,Maine,L,Purple,Winter,3.2,0,Free Shipping,No,No,45,Debit Card,Every 3 Months,2024-12-10
2213,59,Male,2213,Pants,Clothing,2213,2854,77.00,Nebraska,M,Brown,Winter,3.3,0,Next Day Air,No,No,22,Bank Transfer,Quarterly,2024-02-08
2214,54,Male,2214,Hat,Accessories,2214,2855,94.00,Hawaii,M,Maroon,Fall,2.9,0,Express,No,No,18,Debit Card,Quarterly,2024-11-12
2215,50,Male,2215,Belt,Accessories,2215,2857,100.00,Idaho,L,Gold,Fall,4.1,0,Standard,No,No,20,Debit Card,Weekly,2024-11-27
2216,25,Male,2216,Sandals,Footwear,2216,2858,96.00,West Virginia,M,Indigo,Winter,2.7,0,Express,No,No,28,Credit Card,Fortnightly,2024-01-04
2217,41,Male,2217,Pants,Clothing,2217,2859,36.00,Vermont,XL,Silver,Winter,4,0,Store Pickup,No,No,15,Venmo,Bi-Weekly,2024-01-18
2218,35,Male,2218,Jewelry,Accessories,2218,2860,27.00,Indiana,XL,Red,Fall,2.6,0,Store Pickup,No,No,42,Bank Transfer,Fortnightly,2024-11-26
2219,67,Male,2219,Sunglasses,Accessories,2219,2861,67.00,Idaho,M,Magenta,Winter,3.5,0,Store Pickup,No,No,20,Debit Card,Quarterly,2024-01-19
2220,33,Male,2220,Blouse,Clothing,2220,2863,91.00,Minnesota,S,Purple,Fall,2.8,0,Store Pickup,No,No,16,Bank Transfer,Fortnightly,2024-10-04
2221,19,Male,2221,Belt,Accessories,2221,2864,62.00,Wyoming,XL,Beige,Fall,4.5,0,Store Pickup,No,No,47,Cash,Annually,2024-10-08
2222,25,Male,2222,Shorts,Clothing,2222,2865,88.00,Kansas,XL,White,Fall,3,0,Free Shipping,No,No,34,Credit Card,Annually,2024-09-17
2223,32,Male,2223,Pants,Clothing,2223,2866,66.00,Georgia,M,Teal,Summer,4.4,0,Store Pickup,No,No,30,Credit Card,Weekly,2024-08-03
2224,30,Male,2224,Sandals,Footwear,2224,2867,65.00,Kansas,M,Gray,Fall,4.7,0,Next Day Air,No,No,5,PayPal,Quarterly,2024-09-06
2225,18,Male,2225,Gloves,Accessories,2225,2869,25.00,Nebraska,L,Charcoal,Winter,4.3,0,Standard,No,No,38,Cash,Quarterly,2024-01-10
2226,38,Male,2226,Belt,Accessories,2226,2870,64.00,Washington,S,Olive,Spring,4.8,0,Free Shipping,No,No,18,Credit Card,Annually,2024-04-20
2227,22,Male,2227,Shirt,Clothing,2227,2871,72.00,Missouri,L,Blue,Spring,4.8,0,Store Pickup,No,No,28,Cash,Annually,2024-05-23
2228,40,Male,2228,Scarf,Accessories,2228,2872,74.00,Washington,S,Gray,Summer,4.4,0,Next Day Air,No,No,42,Credit Card,Fortnightly,2024-07-14
2229,54,Male,2229,Gloves,Accessories,2229,2873,50.00,Kansas,M,Green,Fall,3.7,0,Free Shipping,No,No,5,Credit Card,Weekly,2024-10-13
2230,70,Male,2230,Pants,Clothing,2230,2875,97.00,Minnesota,M,Silver,Fall,3.9,0,Express,No,No,50,Venmo,Monthly,2024-10-04
2231,52,Male,2231,Sneakers,Footwear,2231,2876,36.00,Colorado,S,Teal,Spring,3.8,0,Express,No,No,33,Venmo,Fortnightly,2024-05-15
2232,34,Male,2232,Jacket,Outerwear,2232,2877,49.00,Utah,M,Beige,Fall,4.1,0,Store Pickup,No,No,1,Credit Card,Weekly,2024-11-22
2233,65,Male,2233,Shoes,Footwear,2233,2878,64.00,North Carolina,L,Lavender,Spring,4,0,Store Pickup,No,No,14,Cash,Fortnightly,2024-04-05
2234,38,Male,2234,Blouse,Clothing,2234,2879,31.00,Florida,XL,Gray,Summer,4.5,0,Express,No,No,48,Credit Card,Monthly,2024-06-08
2235,35,Male,2235,Boots,Footwear,2235,2881,66.00,New Hampshire,S,Yellow,Winter,4,0,Express,No,No,26,Cash,Weekly,2024-01-18
2236,40,Male,2236,Socks,Clothing,2236,2882,82.00,Illinois,M,Gray,Spring,4.5,0,2-Day Shipping,No,No,44,Credit Card,Annually,2024-05-24
2237,23,Male,2237,T-shirt,Clothing,2237,2883,88.00,Louisiana,M,Yellow,Winter,2.7,0,Standard,No,No,18,Debit Card,Fortnightly,2024-02-13
2238,45,Male,2238,Sandals,Footwear,2238,2884,34.00,Alabama,S,Black,Summer,3.8,0,Next Day Air,No,No,31,Venmo,Every 3 Months,2024-06-12
2239,40,Male,2239,Sneakers,Footwear,2239,2885,84.00,Florida,L,Beige,Winter,3.8,0,Standard,No,No,18,Debit Card,Weekly,2024-01-04
2240,42,Male,2240,Jewelry,Accessories,2240,2887,96.00,Alabama,L,Indigo,Summer,3.8,0,2-Day Shipping,No,No,41,Credit Card,Every 3 Months,2024-07-27
2241,57,Male,2241,Sandals,Footwear,2241,2888,71.00,California,L,Green,Winter,4.3,0,Next Day Air,No,No,18,Debit Card,Every 3 Months,2024-01-15
2242,18,Male,2242,Jacket,Outerwear,2242,2889,77.00,Maryland,M,Purple,Summer,3.5,0,Free Shipping,No,No,3,Bank Transfer,Bi-Weekly,2024-08-05
2243,18,Male,2243,Skirt,Clothing,2243,2890,66.00,Nevada,M,Orange,Spring,3.8,0,Next Day Air,No,No,5,Credit Card,Bi-Weekly,2024-04-21
2244,56,Male,2244,Shirt,Clothing,2244,2891,21.00,Massachusetts,M,Teal,Winter,3.7,0,2-Day Shipping,No,No,13,Debit Card,Annually,2024-12-22
2245,35,Male,2245,Shorts,Clothing,2245,2893,37.00,South Carolina,M,Gold,Summer,4.8,0,2-Day Shipping,No,No,22,PayPal,Annually,2024-07-03
2246,49,Male,2246,Socks,Clothing,2246,2894,90.00,Delaware,L,Gray,Fall,4.9,0,Free Shipping,No,No,45,PayPal,Fortnightly,2024-10-06
2247,49,Male,2247,Jacket,Outerwear,2247,2895,96.00,Hawaii,M,Cyan,Fall,4.3,0,Store Pickup,No,No,39,PayPal,Every 3 Months,2024-09-05
2248,34,Male,2248,Jewelry,Accessories,2248,2896,37.00,Florida,L,Teal,Summer,4.4,0,Next Day Air,No,No,18,Venmo,Annually,2024-08-11
2249,63,Male,2249,T-shirt,Clothing,2249,2897,66.00,Rhode Island,M,Violet,Winter,3.4,0,Free Shipping,No,No,19,PayPal,Fortnightly,2024-01-01
2250,42,Male,2250,Gloves,Accessories,2250,2899,45.00,Wyoming,XL,Indigo,Spring,4.3,0,Next Day Air,No,No,29,Debit Card,Weekly,2024-05-19
2251,41,Male,2251,Shoes,Footwear,2251,2900,89.00,Colorado,L,Pink,Summer,4.6,0,Store Pickup,No,No,19,Credit Card,Weekly,2024-06-09
2252,26,Male,2252,Shoes,Footwear,2252,2901,94.00,Virginia,L,Gold,Fall,3.8,0,Free Shipping,No,No,22,Debit Card,Monthly,2024-11-22
2253,48,Male,2253,Shoes,Footwear,2253,2902,96.00,Nebraska,S,Maroon,Summer,3.9,0,Express,No,No,21,Bank Transfer,Annually,2024-08-16
2254,62,Male,2254,Hoodie,Clothing,2254,2903,31.00,Oklahoma,M,Brown,Spring,2.6,0,Store Pickup,No,No,22,PayPal,Monthly,2024-05-06
2255,24,Male,2255,Belt,Accessories,2255,2905,79.00,North Dakota,M,Gold,Winter,4.2,0,Store Pickup,No,No,44,PayPal,Every 3 Months,2024-02-08
2256,48,Male,2256,Coat,Outerwear,2256,2906,39.00,Michigan,L,Teal,Spring,4.6,0,Store Pickup,No,No,42,Bank Transfer,Quarterly,2024-04-13
2257,31,Male,2257,Blouse,Clothing,2257,2907,22.00,California,M,Turquoise,Fall,5,0,Standard,No,No,33,Credit Card,Quarterly,2024-10-18
2258,41,Male,2258,Skirt,Clothing,2258,2908,32.00,Tennessee,L,Olive,Fall,4.2,0,Standard,No,No,6,Bank Transfer,Annually,2024-09-03
2259,24,Male,2259,T-shirt,Clothing,2259,2909,71.00,Ohio,L,Cyan,Winter,4.3,0,Store Pickup,No,No,44,Credit Card,Every 3 Months,2024-01-24
2260,60,Male,2260,Jeans,Clothing,2260,2911,96.00,Florida,XL,Beige,Spring,3.3,0,Free Shipping,No,No,24,Cash,Annually,2024-05-05
2261,38,Male,2261,Scarf,Accessories,2261,2912,82.00,Missouri,M,Blue,Fall,4.9,0,Express,No,No,16,PayPal,Quarterly,2024-10-22
2262,58,Male,2262,Backpack,Accessories,2262,2913,76.00,South Carolina,L,Gold,Spring,4.4,0,Standard,No,No,12,Bank Transfer,Fortnightly,2024-04-08
2263,53,Male,2263,Backpack,Accessories,2263,2914,22.00,Arizona,M,Green,Winter,3.1,0,2-Day Shipping,No,No,50,PayPal,Monthly,2024-02-09
2264,44,Male,2264,Scarf,Accessories,2264,2915,40.00,Indiana,XL,Green,Winter,3.5,0,Store Pickup,No,No,42,Cash,Quarterly,2024-12-16
2265,51,Male,2265,Hat,Accessories,2265,2917,92.00,North Dakota,M,Turquoise,Summer,3.9,0,2-Day Shipping,No,No,50,PayPal,Monthly,2024-08-12
2266,36,Male,2266,Coat,Outerwear,2266,2918,94.00,Montana,XL,Yellow,Fall,3.9,0,Store Pickup,No,No,10,PayPal,Quarterly,2024-10-03
2267,20,Male,2267,Dress,Clothing,2267,2919,44.00,Missouri,M,Yellow,Fall,4.3,0,Store Pickup,No,No,32,Debit Card,Weekly,2024-10-22
2268,32,Male,2268,Gloves,Accessories,2268,2920,49.00,Kentucky,S,Blue,Spring,3.8,0,Express,No,No,37,Venmo,Weekly,2024-04-08
2269,66,Male,2269,Sweater,Clothing,2269,2921,26.00,Georgia,L,Charcoal,Spring,2.7,0,2-Day Shipping,No,No,15,Bank Transfer,Monthly,2024-04-06
2270,49,Male,2270,Skirt,Clothing,2270,2923,38.00,Kentucky,M,Yellow,Fall,4.4,0,Store Pickup,No,No,27,Credit Card,Annually,2024-09-18
2271,27,Male,2271,Blouse,Clothing,2271,2924,72.00,Georgia,L,Purple,Spring,3.5,0,Express,No,No,7,Venmo,Weekly,2024-04-14
2272,29,Male,2272,Dress,Clothing,2272,2925,99.00,Alaska,M,Green,Summer,3.4,0,Free Shipping,No,No,49,PayPal,Quarterly,2024-07-07
2273,29,Male,2273,Jacket,Outerwear,2273,2926,38.00,Maine,L,Charcoal,Spring,4,0,Standard,No,No,44,PayPal,Monthly,2024-05-03
2274,55,Male,2274,Coat,Outerwear,2274,2927,96.00,New Mexico,L,Silver,Winter,4.8,0,Express,No,No,13,PayPal,Bi-Weekly,2024-01-23
2275,57,Male,2275,Dress,Clothing,2275,2929,27.00,New York,L,Turquoise,Spring,4.5,0,Next Day Air,No,No,38,PayPal,Fortnightly,2024-04-28
2276,29,Male,2276,Shorts,Clothing,2276,2930,24.00,Oklahoma,M,Gray,Winter,4.4,0,Standard,No,No,10,Debit Card,Weekly,2024-12-01
2277,31,Male,2277,Jeans,Clothing,2277,2931,82.00,Wyoming,L,Red,Summer,4.1,0,2-Day Shipping,No,No,25,Debit Card,Weekly,2024-08-02
2278,25,Male,2278,Hat,Accessories,2278,2932,56.00,Alabama,M,Beige,Summer,4.6,0,Next Day Air,No,No,18,Credit Card,Quarterly,2024-07-08
2279,61,Male,2279,Gloves,Accessories,2279,2933,25.00,Maryland,M,Maroon,Fall,3.8,0,Store Pickup,No,No,6,Cash,Every 3 Months,2024-10-02
2280,53,Male,2280,Sneakers,Footwear,2280,2935,67.00,West Virginia,L,Indigo,Spring,2.9,0,Free Shipping,No,No,35,Bank Transfer,Quarterly,2024-05-04
2281,22,Male,2281,Shoes,Footwear,2281,2936,21.00,Kentucky,M,Red,Summer,2.8,0,Standard,No,No,31,Credit Card,Fortnightly,2024-07-08
2282,28,Male,2282,Hoodie,Clothing,2282,2937,27.00,Kansas,XL,Maroon,Summer,3,0,Store Pickup,No,No,41,Bank Transfer,Annually,2024-07-01
2283,18,Male,2283,Sneakers,Footwear,2283,2938,97.00,Idaho,S,Red,Fall,4.2,0,2-Day Shipping,No,No,8,Credit Card,Annually,2024-10-24
2284,44,Male,2284,Handbag,Accessories,2284,2939,45.00,Ohio,S,Black,Winter,4.1,0,Free Shipping,No,No,34,Credit Card,Fortnightly,2024-12-17
2285,32,Male,2285,Blouse,Clothing,2285,2941,63.00,Iowa,XL,Black,Fall,4.1,0,Express,No,No,20,Venmo,Annually,2024-10-07
2286,34,Male,2286,Belt,Accessories,2286,2942,100.00,Michigan,L,Pink,Summer,4.6,0,2-Day Shipping,No,No,38,PayPal,Every 3 Months,2024-06-17
2287,67,Male,2287,Socks,Clothing,2287,2943,38.00,South Dakota,L,Blue,Spring,2.5,0,Store Pickup,No,No,35,Venmo,Quarterly,2024-04-05
2288,66,Male,2288,Blouse,Clothing,2288,2944,45.00,Nebraska,L,Green,Summer,3,0,Store Pickup,No,No,6,Debit Card,Annually,2024-06-17
2289,28,Male,2289,Jewelry,Accessories,2289,2945,91.00,California,M,Orange,Fall,3.8,0,Next Day Air,No,No,50,PayPal,Weekly,2024-10-25
2290,70,Male,2290,Shorts,Clothing,2290,2947,82.00,Nevada,M,Orange,Fall,4.1,0,Free Shipping,No,No,47,Venmo,Weekly,2024-10-20
2291,37,Male,2291,Boots,Footwear,2291,2948,48.00,Kansas,L,Magenta,Winter,3.3,0,Standard,No,No,23,PayPal,Quarterly,2024-02-28
2292,28,Male,2292,Coat,Outerwear,2292,2949,30.00,Ohio,M,Indigo,Spring,5,0,2-Day Shipping,No,No,13,Credit Card,Quarterly,2024-05-04
2293,43,Male,2293,T-shirt,Clothing,2293,2950,34.00,Vermont,S,Beige,Spring,3.8,0,Next Day Air,No,No,31,Debit Card,Monthly,2024-05-15
2294,37,Male,2294,Sweater,Clothing,2294,2951,68.00,Georgia,L,Green,Fall,3.3,0,Express,No,No,16,Debit Card,Every 3 Months,2024-11-07
2295,54,Male,2295,Sunglasses,Accessories,2295,2953,95.00,Maryland,M,Red,Winter,5,0,Express,No,No,40,Debit Card,Annually,2024-12-27
2296,50,Male,2296,Hat,Accessories,2296,2954,22.00,Connecticut,L,Beige,Spring,2.9,0,2-Day Shipping,No,No,45,PayPal,Quarterly,2024-03-27
2297,46,Male,2297,Gloves,Accessories,2297,2955,88.00,Washington,M,Green,Fall,2.5,0,Next Day Air,No,No,50,Venmo,Every 3 Months,2024-09-13
2298,60,Male,2298,Socks,Clothing,2298,2956,83.00,California,M,Orange,Summer,4.7,0,Standard,No,No,1,Bank Transfer,Quarterly,2024-07-13
2299,40,Male,2299,Handbag,Accessories,2299,2957,87.00,Montana,L,Cyan,Spring,2.9,0,2-Day Shipping,No,No,10,Cash,Every 3 Months,2024-04-19
2300,64,Male,2300,Coat,Outerwear,2300,2959,57.00,Idaho,M,Violet,Summer,3.7,0,Store Pickup,No,No,48,Credit Card,Every 3 Months,2024-06-09
2301,18,Male,2301,Coat,Outerwear,2301,2960,88.00,Pennsylvania,XL,Lavender,Summer,4.4,0,2-Day Shipping,No,No,38,Credit Card,Monthly,2024-07-06
2302,37,Male,2302,Pants,Clothing,2302,2961,20.00,Maine,L,Turquoise,Winter,2.9,0,Next Day Air,No,No,21,Debit Card,Annually,2024-01-24
2303,36,Male,2303,Belt,Accessories,2303,2962,39.00,Montana,L,Pink,Summer,3.6,0,Store Pickup,No,No,38,Venmo,Monthly,2024-06-06
2304,51,Male,2304,Sunglasses,Accessories,2304,2963,71.00,New Jersey,S,Beige,Spring,4.8,0,2-Day Shipping,No,No,31,Credit Card,Fortnightly,2024-03-10
2305,26,Male,2305,Hoodie,Clothing,2305,2965,73.00,Louisiana,L,Silver,Winter,4.7,0,Free Shipping,No,No,9,Debit Card,Fortnightly,2024-01-10
2306,68,Male,2306,Handbag,Accessories,2306,2966,63.00,Maine,M,Gold,Summer,2.6,0,Free Shipping,No,No,47,Cash,Weekly,2024-08-10
2307,27,Male,2307,Gloves,Accessories,2307,2967,78.00,Florida,L,Silver,Winter,3.4,0,Standard,No,No,8,Cash,Bi-Weekly,2024-01-26
2308,28,Male,2308,Skirt,Clothing,2308,2968,96.00,Missouri,L,Green,Fall,3.5,0,Next Day Air,No,No,30,Debit Card,Annually,2024-11-13
2309,49,Male,2309,Sunglasses,Accessories,2309,2969,81.00,North Dakota,M,Teal,Winter,3.4,0,2-Day Shipping,No,No,22,Bank Transfer,Quarterly,2024-01-24
2310,70,Male,2310,Dress,Clothing,2310,2971,95.00,Connecticut,S,Gold,Fall,5,0,2-Day Shipping,No,No,3,Bank Transfer,Quarterly,2024-10-25
2311,30,Male,2311,Gloves,Accessories,2311,2972,68.00,Virginia,M,Cyan,Spring,4.6,0,Standard,No,No,15,PayPal,Monthly,2024-05-22
2312,27,Male,2312,Sneakers,Footwear,2312,2973,28.00,Montana,L,Gold,Spring,4.8,0,2-Day Shipping,No,No,10,Bank Transfer,Every 3 Months,2024-03-08
2313,19,Male,2313,T-shirt,Clothing,2313,2974,30.00,Vermont,L,Violet,Summer,3.7,0,Free Shipping,No,No,19,Cash,Every 3 Months,2024-06-05
2314,64,Male,2314,Dress,Clothing,2314,2975,31.00,Georgia,M,Black,Summer,4.7,0,Next Day Air,No,No,36,Bank Transfer,Fortnightly,2024-06-19
2315,42,Male,2315,Handbag,Accessories,2315,2977,95.00,Virginia,XL,Brown,Winter,4.4,0,Express,No,No,12,Bank Transfer,Every 3 Months,2024-02-28
2316,69,Male,2316,Socks,Clothing,2316,2978,79.00,Vermont,M,Indigo,Winter,3.5,0,2-Day Shipping,No,No,49,Debit Card,Quarterly,2024-01-19
2317,28,Male,2317,Sneakers,Footwear,2317,2979,39.00,Montana,L,Yellow,Winter,3.8,0,Standard,No,No,7,Debit Card,Annually,2024-12-09
2318,47,Male,2318,Jacket,Outerwear,2318,2980,34.00,New Jersey,M,Purple,Summer,4.7,0,Next Day Air,No,No,28,Bank Transfer,Monthly,2024-08-19
2319,69,Male,2319,Hoodie,Clothing,2319,2981,28.00,Wyoming,L,White,Spring,3.1,0,Store Pickup,No,No,30,Credit Card,Annually,2024-04-06
2320,56,Male,2320,Sandals,Footwear,2320,2983,38.00,Maine,XL,Turquoise,Winter,5,0,Free Shipping,No,No,29,PayPal,Monthly,2024-12-28
2321,28,Male,2321,Shoes,Footwear,2321,2984,55.00,New Mexico,M,Olive,Spring,3.7,0,Free Shipping,No,No,9,Debit Card,Every 3 Months,2024-04-26
2322,50,Male,2322,Sandals,Footwear,2322,2985,31.00,Colorado,M,Beige,Winter,3,0,Next Day Air,No,No,27,Debit Card,Fortnightly,2024-01-12
2323,39,Male,2323,Coat,Outerwear,2323,2986,84.00,Connecticut,S,Lavender,Spring,4.5,0,Store Pickup,No,No,21,Venmo,Fortnightly,2024-03-02
2324,35,Male,2324,Gloves,Accessories,2324,2987,93.00,Maryland,L,White,Winter,4.7,0,Express,No,No,36,Credit Card,Monthly,2024-02-04
2325,59,Male,2325,Coat,Outerwear,2325,2989,28.00,Oregon,L,Brown,Winter,3.5,0,Free Shipping,No,No,19,Debit Card,Annually,2024-12-05
2326,44,Male,2326,Boots,Footwear,2326,2990,55.00,New York,M,Charcoal,Summer,4.4,0,2-Day Shipping,No,No,47,Cash,Weekly,2024-06-28
2327,66,Male,2327,Skirt,Clothing,2327,2991,63.00,Oklahoma,L,Maroon,Winter,2.6,0,Standard,No,No,38,Bank Transfer,Annually,2024-01-10
2328,20,Male,2328,Skirt,Clothing,2328,2992,94.00,Alabama,M,Red,Winter,4.2,0,2-Day Shipping,No,No,22,Venmo,Bi-Weekly,2024-01-07
2329,45,Male,2329,Pants,Clothing,2329,2993,36.00,North Dakota,M,Maroon,Fall,2.6,0,Express,No,No,29,Venmo,Bi-Weekly,2024-10-28
2330,49,Male,2330,Hat,Accessories,2330,2995,97.00,Nebraska,S,Teal,Spring,4.8,0,Free Shipping,No,No,42,Bank Transfer,Annually,2024-05-09
2331,60,Male,2331,Backpack,Accessories,2331,2996,63.00,Arizona,L,Orange,Summer,2.9,0,Store Pickup,No,No,47,PayPal,Every 3 Months,2024-08-28
2332,61,Male,2332,Scarf,Accessories,2332,2997,77.00,Illinois,S,Olive,Spring,4.3,0,2-Day Shipping,No,No,10,Credit Card,Bi-Weekly,2024-05-06
2333,36,Male,2333,Scarf,Accessories,2333,2998,53.00,South Carolina,XL,Olive,Fall,2.6,0,Store Pickup,No,No,10,Venmo,Monthly,2024-09-28
2334,33,Male,2334,Shirt,Clothing,2334,2999,77.00,Kansas,M,Beige,Spring,3.8,0,Next Day Air,No,No,1,PayPal,Every 3 Months,2024-05-24
2335,49,Male,2335,Boots,Footwear,2335,3001,79.00,Kansas,L,Green,Summer,4.2,0,Standard,No,No,7,Credit Card,Monthly,2024-06-17
2336,31,Male,2336,Coat,Outerwear,2336,3002,37.00,Idaho,M,Black,Summer,3.9,0,Store Pickup,No,No,10,Venmo,Fortnightly,2024-06-01
2337,19,Male,2337,Belt,Accessories,2337,3003,94.00,California,M,Green,Winter,3.1,0,Free Shipping,No,No,11,Credit Card,Weekly,2024-12-16
2338,39,Male,2338,Boots,Footwear,2338,3004,76.00,North Dakota,S,Violet,Fall,3.6,0,Store Pickup,No,No,5,Cash,Annually,2024-09-28
2339,66,Male,2339,Sneakers,Footwear,2339,3005,68.00,Georgia,S,Silver,Fall,4,0,Express,No,No,21,PayPal,Quarterly,2024-11-08
2340,25,Male,2340,Shirt,Clothing,2340,3007,65.00,Illinois,L,Maroon,Spring,3.4,0,Next Day Air,No,No,24,Bank Transfer,Quarterly,2024-03-10
2341,63,Male,2341,Blouse,Clothing,2341,3008,24.00,Delaware,M,Cyan,Summer,2.6,0,Standard,No,No,37,Credit Card,Fortnightly,2024-06-12
2342,56,Male,2342,Jacket,Outerwear,2342,3009,31.00,Connecticut,L,Teal,Summer,4.5,0,Express,No,No,22,Venmo,Every 3 Months,2024-06-21
2343,20,Male,2343,Skirt,Clothing,2343,3010,89.00,Tennessee,M,Olive,Fall,4.9,0,Standard,No,No,16,Debit Card,Fortnightly,2024-09-10
2344,58,Male,2344,Socks,Clothing,2344,3011,49.00,Maryland,M,Red,Summer,4.4,0,2-Day Shipping,No,No,44,PayPal,Monthly,2024-08-06
2345,34,Male,2345,Sandals,Footwear,2345,3013,92.00,Rhode Island,XL,Lavender,Fall,3.5,0,Express,No,No,14,Venmo,Bi-Weekly,2024-10-24
2346,28,Male,2346,T-shirt,Clothing,2346,3014,32.00,New York,S,Orange,Winter,3.3,0,Express,No,No,23,Bank Transfer,Every 3 Months,2024-01-02
2347,22,Male,2347,Jacket,Outerwear,2347,3015,67.00,New Mexico,L,Brown,Winter,3.1,0,Standard,No,No,46,Debit Card,Fortnightly,2024-02-16
2348,37,Male,2348,Belt,Accessories,2348,3016,64.00,California,S,Gray,Fall,4.2,0,Express,No,No,46,Cash,Every 3 Months,2024-11-16
2349,54,Male,2349,Shoes,Footwear,2349,3017,84.00,Maine,M,Orange,Spring,4.9,0,Next Day Air,No,No,16,PayPal,Every 3 Months,2024-03-19
2350,65,Male,2350,Blouse,Clothing,2350,3019,34.00,New York,M,Orange,Fall,3.9,0,Standard,No,No,40,Credit Card,Every 3 Months,2024-10-24
2351,57,Male,2351,Shoes,Footwear,2351,3020,26.00,Hawaii,M,Turquoise,Winter,4.2,0,Free Shipping,No,No,21,Cash,Annually,2024-01-20
2352,38,Male,2352,Sweater,Clothing,2352,3021,50.00,New Hampshire,S,Cyan,Fall,4.9,0,Store Pickup,No,No,25,PayPal,Bi-Weekly,2024-11-21
2353,70,Male,2353,Boots,Footwear,2353,3022,46.00,Nebraska,M,Yellow,Fall,2.8,0,Store Pickup,No,No,25,Bank Transfer,Quarterly,2024-09-24
2354,56,Male,2354,Handbag,Accessories,2354,3023,71.00,Montana,M,White,Fall,4.1,0,Standard,No,No,25,Debit Card,Every 3 Months,2024-09-11
2355,56,Male,2355,Blouse,Clothing,2355,3025,78.00,Wisconsin,M,Blue,Summer,4.8,0,Next Day Air,No,No,27,Venmo,Monthly,2024-07-19
2356,22,Male,2356,Skirt,Clothing,2356,3026,35.00,Tennessee,S,Purple,Winter,4.1,0,Next Day Air,No,No,12,Cash,Monthly,2024-02-07
2357,57,Male,2357,Backpack,Accessories,2357,3027,58.00,Montana,M,Gray,Summer,3,0,Free Shipping,No,No,27,Debit Card,Quarterly,2024-07-15
2358,53,Male,2358,Shirt,Clothing,2358,3028,67.00,Michigan,L,Cyan,Fall,4.2,0,2-Day Shipping,No,No,40,Credit Card,Bi-Weekly,2024-10-18
2359,53,Male,2359,Sweater,Clothing,2359,3029,93.00,Texas,L,Pink,Spring,3.8,0,Standard,No,No,38,Credit Card,Quarterly,2024-04-02
2360,19,Male,2360,Scarf,Accessories,2360,3031,81.00,Pennsylvania,S,Gold,Spring,3.3,0,2-Day Shipping,No,No,44,Bank Transfer,Every 3 Months,2024-03-13
2361,49,Male,2361,Handbag,Accessories,2361,3032,80.00,New York,L,Silver,Fall,4.7,0,2-Day Shipping,No,No,27,Venmo,Every 3 Months,2024-11-09
2362,44,Male,2362,Scarf,Accessories,2362,3033,64.00,Alabama,M,Gray,Spring,4.3,0,2-Day Shipping,No,No,30,Credit Card,Every 3 Months,2024-04-15
2363,27,Male,2363,Jeans,Clothing,2363,3034,41.00,Virginia,M,Brown,Fall,2.7,0,Standard,No,No,24,Credit Card,Monthly,2024-09-25
2364,60,Male,2364,Socks,Clothing,2364,3035,79.00,Pennsylvania,XL,Pink,Winter,4.2,0,Express,No,No,38,Cash,Bi-Weekly,2024-12-18
2365,62,Male,2365,Sunglasses,Accessories,2365,3037,60.00,Mississippi,L,Maroon,Winter,4.2,0,Free Shipping,No,No,4,PayPal,Quarterly,2024-12-15
2366,52,Male,2366,Sneakers,Footwear,2366,3038,91.00,Wyoming,S,Peach,Winter,2.5,0,Next Day Air,No,No,32,Venmo,Monthly,2024-12-06
2367,30,Male,2367,Shoes,Footwear,2367,3039,66.00,New Mexico,L,Brown,Winter,3.6,0,Express,No,No,32,Credit Card,Fortnightly,2024-12-08
2368,66,Male,2368,Socks,Clothing,2368,3040,85.00,North Dakota,L,Green,Winter,3.4,0,Standard,No,No,28,Bank Transfer,Bi-Weekly,2024-02-03
2369,29,Male,2369,Sunglasses,Accessories,2369,3041,38.00,New Jersey,M,Lavender,Summer,3.3,0,Standard,No,No,6,Debit Card,Every 3 Months,2024-08-02
2370,24,Male,2370,Sweater,Clothing,2370,3043,23.00,Vermont,M,Cyan,Winter,4.6,0,Standard,No,No,24,PayPal,Monthly,2024-02-05
2371,51,Male,2371,Shoes,Footwear,2371,3044,71.00,Alaska,M,Black,Spring,3.9,0,Store Pickup,No,No,38,Venmo,Weekly,2024-05-03
2372,67,Male,2372,Socks,Clothing,2372,3045,25.00,Indiana,M,Charcoal,Winter,3.7,0,Next Day Air,No,No,28,Debit Card,Annually,2024-02-20
2373,50,Male,2373,Boots,Footwear,2373,3046,39.00,Alabama,XL,Silver,Spring,3.1,0,Express,No,No,9,PayPal,Fortnightly,2024-04-13
2374,37,Male,2374,Hoodie,Clothing,2374,3047,20.00,Michigan,M,Gray,Spring,4.9,0,Express,No,No,21,Debit Card,Every 3 Months,2024-05-06
2375,69,Male,2375,Gloves,Accessories,2375,3049,73.00,Washington,L,Peach,Winter,4.7,0,Standard,No,No,31,Debit Card,Monthly,2024-12-28
2376,60,Male,2376,Backpack,Accessories,2376,3050,63.00,Virginia,L,Peach,Fall,2.9,0,Next Day Air,No,No,18,Credit Card,Quarterly,2024-11-20
2377,21,Male,2377,Gloves,Accessories,2377,3051,94.00,Tennessee,XL,Cyan,Spring,4.1,0,Express,No,No,5,Cash,Weekly,2024-03-17
2378,44,Male,2378,Blouse,Clothing,2378,3052,94.00,South Dakota,L,Magenta,Fall,4,0,Next Day Air,No,No,22,Cash,Annually,2024-11-17
2379,26,Male,2379,Scarf,Accessories,2379,3053,71.00,New Hampshire,L,Teal,Summer,2.7,0,Store Pickup,No,No,37,PayPal,Bi-Weekly,2024-06-15
2380,40,Male,2380,Hat,Accessories,2380,3055,77.00,South Dakota,M,Peach,Spring,4,0,2-Day Shipping,No,No,22,Debit Card,Monthly,2024-05-25
2381,41,Male,2381,Scarf,Accessories,2381,3056,66.00,Pennsylvania,M,Black,Fall,2.5,0,Next Day Air,No,No,36,PayPal,Fortnightly,2024-10-04
2382,62,Male,2382,Sandals,Footwear,2382,3057,23.00,Wisconsin,M,Teal,Summer,4.5,0,Free Shipping,No,No,23,PayPal,Annually,2024-08-18
2383,39,Male,2383,Sweater,Clothing,2383,3058,60.00,California,M,Turquoise,Spring,3.9,0,Express,No,No,44,Debit Card,Weekly,2024-05-03
2384,53,Male,2384,Backpack,Accessories,2384,3059,72.00,Rhode Island,L,Gold,Spring,4.9,0,2-Day Shipping,No,No,25,Bank Transfer,Annually,2024-05-14
2385,24,Male,2385,Blouse,Clothing,2385,3061,35.00,Alabama,L,Green,Winter,3.3,0,2-Day Shipping,No,No,40,PayPal,Quarterly,2024-01-06
2386,41,Male,2386,Scarf,Accessories,2386,3062,31.00,Oklahoma,M,Brown,Fall,3.8,0,Express,No,No,12,PayPal,Weekly,2024-11-03
2387,19,Male,2387,Socks,Clothing,2387,3063,33.00,Illinois,L,Blue,Summer,2.9,0,Standard,No,No,14,Venmo,Monthly,2024-06-23
2388,36,Male,2388,Hat,Accessories,2388,3064,95.00,Tennessee,M,Gold,Summer,4,0,2-Day Shipping,No,No,14,Debit Card,Monthly,2024-07-02
2389,21,Male,2389,Dress,Clothing,2389,3065,68.00,Alabama,M,Peach,Fall,4.1,0,Store Pickup,No,No,10,Debit Card,Annually,2024-10-25
2390,25,Male,2390,Coat,Outerwear,2390,3067,87.00,Kansas,M,Violet,Spring,3.1,0,Store Pickup,No,No,17,Bank Transfer,Every 3 Months,2024-03-06
2391,65,Male,2391,Shirt,Clothing,2391,3068,64.00,Arizona,XL,Yellow,Winter,4.6,0,Express,No,No,24,Debit Card,Fortnightly,2024-12-18
2392,42,Male,2392,Shirt,Clothing,2392,3069,74.00,Michigan,M,Black,Winter,4.6,0,Next Day Air,No,No,31,Bank Transfer,Quarterly,2024-01-27
2393,40,Male,2393,Jeans,Clothing,2393,3070,62.00,Missouri,L,Silver,Spring,2.6,0,2-Day Shipping,No,No,36,Cash,Annually,2024-05-21
2394,58,Male,2394,Socks,Clothing,2394,3071,97.00,Louisiana,M,Brown,Winter,5,0,2-Day Shipping,No,No,38,PayPal,Every 3 Months,2024-12-19
2395,40,Male,2395,Sandals,Footwear,2395,3073,47.00,Connecticut,L,Peach,Fall,2.9,0,2-Day Shipping,No,No,23,Debit Card,Fortnightly,2024-09-09
2396,62,Male,2396,Blouse,Clothing,2396,3074,83.00,Connecticut,M,Cyan,Winter,3.5,0,2-Day Shipping,No,No,47,PayPal,Bi-Weekly,2024-12-23
2397,38,Male,2397,Shirt,Clothing,2397,3075,82.00,Oregon,M,Olive,Spring,3.7,0,2-Day Shipping,No,No,20,Venmo,Weekly,2024-03-28
2398,37,Male,2398,Sunglasses,Accessories,2398,3076,26.00,West Virginia,L,Black,Fall,2.9,0,Store Pickup,No,No,41,Venmo,Monthly,2024-11-22
2399,65,Male,2399,Jacket,Outerwear,2399,3077,81.00,Florida,M,Orange,Winter,4.3,0,Free Shipping,No,No,44,Bank Transfer,Fortnightly,2024-12-14
2400,55,Male,2400,Dress,Clothing,2400,3079,44.00,New Hampshire,L,Beige,Spring,3.2,0,Store Pickup,No,No,31,Cash,Monthly,2024-04-08
2401,43,Male,2401,Sunglasses,Accessories,2401,3080,88.00,Oregon,M,Peach,Winter,4.2,0,Next Day Air,No,No,11,Credit Card,Bi-Weekly,2024-01-11
2402,43,Male,2402,Boots,Footwear,2402,3081,76.00,Oregon,M,Pink,Winter,4.2,0,Standard,No,No,25,PayPal,Bi-Weekly,2024-02-14
2403,45,Male,2403,Scarf,Accessories,2403,3082,89.00,Utah,M,Brown,Winter,3.8,0,Free Shipping,No,No,31,Cash,Weekly,2024-02-19
2404,64,Male,2404,Shorts,Clothing,2404,3083,22.00,Missouri,M,Magenta,Fall,4.4,0,Standard,No,No,40,Debit Card,Weekly,2024-11-27
2405,28,Male,2405,Shorts,Clothing,2405,3085,33.00,West Virginia,L,Cyan,Winter,3.1,0,2-Day Shipping,No,No,23,Credit Card,Bi-Weekly,2024-12-05
2406,69,Male,2406,Jeans,Clothing,2406,3086,97.00,California,XL,Silver,Fall,5,0,Standard,No,No,5,Debit Card,Quarterly,2024-11-12
2407,54,Male,2407,Scarf,Accessories,2407,3087,57.00,California,M,Indigo,Winter,4.7,0,Standard,No,No,26,PayPal,Weekly,2024-02-12
2408,52,Male,2408,Shorts,Clothing,2408,3088,38.00,Illinois,M,Beige,Summer,3,0,Express,No,No,11,Credit Card,Bi-Weekly,2024-07-18
2409,23,Male,2409,Sneakers,Footwear,2409,3089,55.00,Hawaii,XL,Black,Fall,4.2,0,Next Day Air,No,No,44,Debit Card,Every 3 Months,2024-09-25
2410,26,Male,2410,Jewelry,Accessories,2410,3091,37.00,Washington,L,Yellow,Spring,3,0,Store Pickup,No,No,47,Cash,Every 3 Months,2024-04-27
2411,48,Male,2411,Shoes,Footwear,2411,3092,43.00,Wisconsin,M,Maroon,Summer,3.7,0,Free Shipping,No,No,46,PayPal,Monthly,2024-06-26
2412,49,Male,2412,Hoodie,Clothing,2412,3093,96.00,Virginia,M,Cyan,Summer,2.7,0,Free Shipping,No,No,35,Cash,Every 3 Months,2024-08-15
2413,53,Male,2413,Jacket,Outerwear,2413,3094,51.00,Oregon,M,Pink,Winter,4.3,0,2-Day Shipping,No,No,8,Bank Transfer,Bi-Weekly,2024-02-27
2414,69,Male,2414,Shorts,Clothing,2414,3095,95.00,Pennsylvania,XL,Violet,Fall,2.7,0,2-Day Shipping,No,No,30,Bank Transfer,Weekly,2024-09-28
2415,26,Male,2415,Socks,Clothing,2415,3097,26.00,Virginia,M,Lavender,Summer,3.7,0,Next Day Air,No,No,14,Credit Card,Bi-Weekly,2024-07-12
2416,21,Male,2416,Coat,Outerwear,2416,3098,34.00,Hawaii,XL,Lavender,Fall,4.3,0,Standard,No,No,30,Bank Transfer,Weekly,2024-10-27
2417,59,Male,2417,Sandals,Footwear,2417,3099,83.00,Nebraska,S,Black,Summer,4,0,Next Day Air,No,No,26,Credit Card,Every 3 Months,2024-07-27
2418,21,Male,2418,Backpack,Accessories,2418,3100,24.00,Alaska,M,Olive,Fall,3.3,0,Standard,No,No,32,Venmo,Fortnightly,2024-10-28
2419,22,Male,2419,Pants,Clothing,2419,3101,69.00,Michigan,S,Indigo,Fall,4,0,Next Day Air,No,No,47,Cash,Every 3 Months,2024-10-07
2420,26,Male,2420,Sweater,Clothing,2420,3103,40.00,North Carolina,M,Blue,Fall,2.7,0,Next Day Air,No,No,11,Credit Card,Every 3 Months,2024-11-15
2421,41,Male,2421,Jacket,Outerwear,2421,3104,87.00,North Carolina,S,Green,Winter,4.2,0,Free Shipping,No,No,28,PayPal,Annually,2024-01-11
2422,37,Male,2422,Sneakers,Footwear,2422,3105,46.00,Minnesota,L,Pink,Spring,4.6,0,Standard,No,No,2,Debit Card,Every 3 Months,2024-04-16
2423,30,Male,2423,Jewelry,Accessories,2423,3106,82.00,Georgia,M,Peach,Winter,4.8,0,Store Pickup,No,No,45,Credit Card,Weekly,2024-02-17
2424,49,Male,2424,Backpack,Accessories,2424,3107,81.00,West Virginia,M,Purple,Summer,2.8,0,Free Shipping,No,No,7,Credit Card,Every 3 Months,2024-06-08
2425,49,Male,2425,Jewelry,Accessories,2425,3109,57.00,Delaware,M,Peach,Winter,4.5,0,Next Day Air,No,No,28,Bank Transfer,Bi-Weekly,2024-02-07
2426,58,Male,2426,Shoes,Footwear,2426,3110,49.00,North Dakota,S,Olive,Summer,3,0,2-Day Shipping,No,No,34,Bank Transfer,Quarterly,2024-07-05
2427,70,Male,2427,Jacket,Outerwear,2427,3111,42.00,Florida,M,Olive,Fall,4.6,0,Free Shipping,No,No,26,Debit Card,Every 3 Months,2024-09-02
2428,27,Male,2428,Jacket,Outerwear,2428,3112,26.00,Oregon,M,Purple,Spring,3.3,0,Standard,No,No,45,Cash,Quarterly,2024-05-22
2429,65,Male,2429,T-shirt,Clothing,2429,3113,38.00,Idaho,M,Violet,Spring,4.4,0,Next Day Air,No,No,34,Debit Card,Annually,2024-05-28
2430,57,Male,2430,Sneakers,Footwear,2430,3115,57.00,Virginia,XL,Maroon,Summer,4.4,0,Standard,No,No,47,Credit Card,Fortnightly,2024-06-14
2431,20,Male,2431,Jacket,Outerwear,2431,3116,100.00,North Dakota,XL,White,Summer,4.3,0,Express,No,No,42,Cash,Quarterly,2024-07-23
2432,34,Male,2432,Hoodie,Clothing,2432,3117,73.00,Alabama,S,Olive,Fall,3.4,0,Express,No,No,27,Bank Transfer,Every 3 Months,2024-09-16
2433,59,Male,2433,Jacket,Outerwear,2433,3118,66.00,Hawaii,M,Peach,Winter,2.8,0,Store Pickup,No,No,43,Venmo,Monthly,2024-02-08
2434,54,Male,2434,T-shirt,Clothing,2434,3119,73.00,Oregon,M,Blue,Spring,3.4,0,Standard,No,No,16,Cash,Bi-Weekly,2024-04-14
2435,36,Male,2435,Gloves,Accessories,2435,3121,45.00,Utah,M,Brown,Spring,5,0,Store Pickup,No,No,40,Credit Card,Monthly,2024-04-28
2436,21,Male,2436,Sneakers,Footwear,2436,3122,27.00,Hawaii,S,Black,Fall,4.5,0,Free Shipping,No,No,29,Cash,Bi-Weekly,2024-09-03
2437,52,Male,2437,T-shirt,Clothing,2437,3123,24.00,Connecticut,M,Yellow,Fall,2.7,0,Store Pickup,No,No,38,Credit Card,Quarterly,2024-10-10
2438,43,Male,2438,Sneakers,Footwear,2438,3124,59.00,Wyoming,XL,Magenta,Winter,3.4,0,Store Pickup,No,No,34,Credit Card,Weekly,2024-01-25
2439,32,Male,2439,Jeans,Clothing,2439,3125,20.00,Delaware,S,Cyan,Winter,3.4,0,Express,No,No,30,Venmo,Weekly,2024-02-08
2440,55,Male,2440,Handbag,Accessories,2440,3127,44.00,Arkansas,M,Maroon,Summer,2.8,0,Standard,No,No,45,Bank Transfer,Annually,2024-07-09
2441,31,Male,2441,Socks,Clothing,2441,3128,90.00,Indiana,M,Red,Spring,4.7,0,Standard,No,No,47,Bank Transfer,Annually,2024-03-14
2442,45,Male,2442,Jewelry,Accessories,2442,3129,36.00,California,M,Black,Fall,4.7,0,Free Shipping,No,No,5,Credit Card,Monthly,2024-10-10
2443,53,Male,2443,Blouse,Clothing,2443,3130,95.00,Wyoming,L,Violet,Winter,4.7,0,Free Shipping,No,No,50,Debit Card,Bi-Weekly,2024-02-12
2444,24,Male,2444,Backpack,Accessories,2444,3131,30.00,South Dakota,M,Green,Spring,3.4,0,2-Day Shipping,No,No,24,Bank Transfer,Bi-Weekly,2024-04-13
2445,47,Male,2445,Scarf,Accessories,2445,3133,65.00,West Virginia,S,Gold,Fall,3.7,0,Express,No,No,15,Debit Card,Bi-Weekly,2024-11-07
2446,63,Male,2446,Scarf,Accessories,2446,3134,96.00,Tennessee,M,Brown,Summer,4.1,0,Store Pickup,No,No,50,Cash,Weekly,2024-07-25
2447,38,Male,2447,Shirt,Clothing,2447,3135,65.00,Alaska,L,Peach,Spring,2.9,0,2-Day Shipping,No,No,7,Credit Card,Monthly,2024-04-27
2448,59,Male,2448,Pants,Clothing,2448,3136,47.00,South Dakota,L,Peach,Fall,3.2,0,Store Pickup,No,No,10,Venmo,Fortnightly,2024-10-18
2449,54,Male,2449,Hat,Accessories,2449,3137,25.00,Tennessee,S,Violet,Fall,3,0,Free Shipping,No,No,38,PayPal,Bi-Weekly,2024-09-27
2450,26,Male,2450,Coat,Outerwear,2450,3139,56.00,Alabama,S,Violet,Fall,4.1,0,Express,No,No,31,Venmo,Fortnightly,2024-10-08
2451,68,Male,2451,T-shirt,Clothing,2451,3140,76.00,North Carolina,M,Magenta,Fall,4.5,0,Standard,No,No,7,Venmo,Quarterly,2024-10-04
2452,41,Male,2452,Socks,Clothing,2452,3141,60.00,Oklahoma,M,Purple,Fall,3.4,0,Store Pickup,No,No,27,Venmo,Monthly,2024-09-15
2453,68,Male,2453,Shirt,Clothing,2453,3142,67.00,New York,L,Purple,Winter,4.1,0,Express,No,No,45,Bank Transfer,Every 3 Months,2024-01-09
2454,21,Male,2454,Sweater,Clothing,2454,3143,95.00,Iowa,XL,Cyan,Spring,4.6,0,Store Pickup,No,No,13,Cash,Annually,2024-04-25
2455,32,Male,2455,Gloves,Accessories,2455,3145,72.00,Alaska,M,Magenta,Winter,4.6,0,Express,No,No,33,Venmo,Annually,2024-01-12
2456,20,Male,2456,Belt,Accessories,2456,3146,98.00,Alaska,L,Lavender,Spring,3.4,0,Express,No,No,25,Cash,Every 3 Months,2024-05-03
2457,59,Male,2457,Jeans,Clothing,2457,3147,83.00,Nebraska,M,Green,Winter,3.3,0,2-Day Shipping,No,No,5,PayPal,Monthly,2024-02-21
2458,53,Male,2458,Handbag,Accessories,2458,3148,37.00,Delaware,M,Maroon,Fall,3.6,0,2-Day Shipping,No,No,23,Cash,Quarterly,2024-09-05
2459,66,Male,2459,T-shirt,Clothing,2459,3149,85.00,Texas,L,Turquoise,Fall,4.6,0,Free Shipping,No,No,17,Bank Transfer,Weekly,2024-11-10
2460,47,Male,2460,Socks,Clothing,2460,3151,36.00,Missouri,L,Violet,Fall,4.3,0,2-Day Shipping,No,No,14,Cash,Weekly,2024-10-02
2461,58,Male,2461,Jeans,Clothing,2461,3152,36.00,Maine,S,Lavender,Winter,4,0,Store Pickup,No,No,28,Credit Card,Annually,2024-01-13
2462,28,Male,2462,Scarf,Accessories,2462,3153,86.00,Pennsylvania,L,Red,Summer,4.8,0,Next Day Air,No,No,19,Credit Card,Weekly,2024-06-27
2463,68,Male,2463,Pants,Clothing,2463,3154,99.00,Missouri,XL,Orange,Spring,4.3,0,Standard,No,No,31,Bank Transfer,Bi-Weekly,2024-03-10
2464,60,Male,2464,Blouse,Clothing,2464,3155,21.00,Mississippi,XL,Indigo,Summer,3.3,0,Standard,No,No,25,Cash,Bi-Weekly,2024-07-11
2465,47,Male,2465,Jacket,Outerwear,2465,3157,84.00,Hawaii,L,Teal,Winter,2.8,0,Express,No,No,4,Cash,Bi-Weekly,2024-01-01
2466,18,Male,2466,Sandals,Footwear,2466,3158,63.00,Texas,M,Brown,Spring,4.4,0,Free Shipping,No,No,20,Bank Transfer,Weekly,2024-03-28
2467,32,Male,2467,Shorts,Clothing,2467,3159,84.00,South Dakota,S,Pink,Summer,3.7,0,Express,No,No,37,Cash,Annually,2024-06-21
2468,27,Male,2468,Shorts,Clothing,2468,3160,72.00,New Jersey,M,Lavender,Spring,3.6,0,Express,No,No,28,Credit Card,Annually,2024-03-21
2469,65,Male,2469,Skirt,Clothing,2469,3161,21.00,Connecticut,L,Cyan,Winter,3.7,0,2-Day Shipping,No,No,6,Venmo,Weekly,2024-01-04
2470,68,Male,2470,Sandals,Footwear,2470,3163,92.00,Maryland,M,Yellow,Fall,5,0,Standard,No,No,27,PayPal,Annually,2024-09-02
2471,55,Male,2471,Blouse,Clothing,2471,3164,72.00,Arizona,XL,Pink,Fall,2.7,0,Next Day Air,No,No,29,Credit Card,Fortnightly,2024-10-27
2472,30,Male,2472,Sandals,Footwear,2472,3165,83.00,Oklahoma,M,Gray,Spring,4.3,0,Store Pickup,No,No,1,Cash,Annually,2024-03-04
2473,24,Male,2473,Shirt,Clothing,2473,3166,73.00,Utah,M,Peach,Summer,4.1,0,Standard,No,No,31,Credit Card,Annually,2024-08-03
2474,57,Male,2474,Socks,Clothing,2474,3167,98.00,Arkansas,M,Red,Winter,2.6,0,Next Day Air,No,No,28,Cash,Quarterly,2024-02-01
2475,23,Male,2475,T-shirt,Clothing,2475,3169,76.00,North Carolina,M,Olive,Fall,3.2,0,Store Pickup,No,No,19,Bank Transfer,Quarterly,2024-10-14
2476,69,Male,2476,Dress,Clothing,2476,3170,43.00,California,S,Lavender,Summer,3.5,0,Next Day Air,No,No,36,Venmo,Monthly,2024-08-12
2477,60,Male,2477,Hat,Accessories,2477,3171,60.00,Colorado,M,Turquoise,Summer,3.7,0,Next Day Air,No,No,28,Cash,Monthly,2024-07-07
2478,25,Male,2478,Gloves,Accessories,2478,3172,40.00,California,L,Turquoise,Spring,3.8,0,2-Day Shipping,No,No,29,PayPal,Weekly,2024-03-02
2479,18,Male,2479,Socks,Clothing,2479,3173,93.00,Vermont,S,Maroon,Winter,4.8,0,2-Day Shipping,No,No,9,Bank Transfer,Every 3 Months,2024-12-10
2480,37,Male,2480,Dress,Clothing,2480,3175,98.00,Kansas,S,Olive,Fall,4.2,0,Standard,No,No,26,Credit Card,Every 3 Months,2024-11-07
2481,61,Male,2481,Socks,Clothing,2481,3176,91.00,Ohio,XL,Maroon,Summer,2.9,0,Next Day Air,No,No,7,Credit Card,Fortnightly,2024-07-19
2482,41,Male,2482,Belt,Accessories,2482,3177,92.00,New Jersey,XL,Cyan,Fall,2.9,0,Free Shipping,No,No,35,Debit Card,Weekly,2024-11-03
2483,69,Male,2483,Handbag,Accessories,2483,3178,87.00,Arizona,S,Peach,Winter,4.8,0,Next Day Air,No,No,46,Credit Card,Every 3 Months,2024-01-07
2484,32,Male,2484,Skirt,Clothing,2484,3179,96.00,Arizona,S,Teal,Fall,2.9,0,Standard,No,No,8,Debit Card,Monthly,2024-10-16
2485,60,Male,2485,Hoodie,Clothing,2485,3181,97.00,New Hampshire,M,Green,Summer,4.8,0,2-Day Shipping,No,No,50,Cash,Every 3 Months,2024-06-19
2486,43,Male,2486,Blouse,Clothing,2486,3182,55.00,Louisiana,M,Beige,Spring,4.6,0,2-Day Shipping,No,No,37,Bank Transfer,Annually,2024-05-23
2487,61,Male,2487,Jeans,Clothing,2487,3183,58.00,Texas,L,Magenta,Spring,4.4,0,Store Pickup,No,No,6,Credit Card,Fortnightly,2024-03-12
2488,57,Male,2488,Boots,Footwear,2488,3184,21.00,Montana,L,Violet,Spring,3,0,Next Day Air,No,No,16,PayPal,Bi-Weekly,2024-05-05
2489,56,Male,2489,Handbag,Accessories,2489,3185,82.00,New Hampshire,XL,Charcoal,Summer,4.4,0,Express,No,No,30,PayPal,Monthly,2024-06-01
2490,66,Male,2490,Coat,Outerwear,2490,3187,34.00,South Dakota,M,Green,Winter,3.9,0,Express,No,No,50,Venmo,Quarterly,2024-12-11
2491,52,Male,2491,Blouse,Clothing,2491,3188,78.00,Montana,M,Gray,Spring,4,0,Free Shipping,No,No,5,Cash,Every 3 Months,2024-05-16
2492,63,Male,2492,Handbag,Accessories,2492,3189,47.00,North Carolina,M,Magenta,Spring,2.5,0,Express,No,No,15,Bank Transfer,Monthly,2024-05-25
2493,50,Male,2493,Sunglasses,Accessories,2493,3190,96.00,South Dakota,S,Silver,Summer,4.1,0,Next Day Air,No,No,34,Bank Transfer,Bi-Weekly,2024-07-27
2494,21,Male,2494,Socks,Clothing,2494,3191,23.00,Maine,S,Beige,Fall,4.8,0,2-Day Shipping,No,No,6,Venmo,Every 3 Months,2024-10-28
2495,42,Male,2495,Shoes,Footwear,2495,3193,27.00,Oklahoma,S,Peach,Winter,2.6,0,Store Pickup,No,No,26,Debit Card,Annually,2024-12-11
2496,40,Male,2496,Backpack,Accessories,2496,3194,37.00,Nebraska,XL,Orange,Spring,3.1,0,Free Shipping,No,No,34,Credit Card,Every 3 Months,2024-05-16
2497,67,Male,2497,Scarf,Accessories,2497,3195,79.00,Illinois,S,Yellow,Summer,3.2,0,Store Pickup,No,No,37,Credit Card,Weekly,2024-08-09
2498,35,Male,2498,Backpack,Accessories,2498,3196,40.00,Colorado,M,Violet,Summer,4.2,0,Standard,No,No,28,Bank Transfer,Annually,2024-07-13
2499,18,Male,2499,Coat,Outerwear,2499,3197,39.00,Massachusetts,S,Green,Fall,2.6,0,Next Day Air,No,No,38,Cash,Fortnightly,2024-09-07
2500,52,Male,2500,Hoodie,Clothing,2500,3199,73.00,Louisiana,L,Pink,Summer,3.1,0,Next Day Air,No,No,2,Cash,Quarterly,2024-07-18
2501,59,Male,2501,Gloves,Accessories,2501,3200,84.00,Massachusetts,M,Violet,Fall,2.9,0,Store Pickup,No,No,32,Cash,Bi-Weekly,2024-11-21
2502,49,Male,2502,Shorts,Clothing,2502,3201,94.00,West Virginia,M,Violet,Fall,4.6,0,Free Shipping,No,No,30,Venmo,Bi-Weekly,2024-11-10
2503,46,Male,2503,Skirt,Clothing,2503,3202,47.00,Idaho,L,Pink,Spring,4.1,0,Standard,No,No,17,PayPal,Every 3 Months,2024-04-22
2504,69,Male,2504,Boots,Footwear,2504,3203,77.00,Ohio,M,Violet,Summer,2.5,0,Store Pickup,No,No,5,Debit Card,Bi-Weekly,2024-07-18
2505,56,Male,2505,Shorts,Clothing,2505,3205,94.00,Rhode Island,M,Turquoise,Winter,4,0,Store Pickup,No,No,31,Cash,Bi-Weekly,2024-02-07
2506,27,Male,2506,Handbag,Accessories,2506,3206,75.00,Illinois,M,Cyan,Summer,3.5,0,Express,No,No,43,PayPal,Quarterly,2024-07-25
2507,57,Male,2507,Dress,Clothing,2507,3207,82.00,New York,XL,Orange,Spring,4.4,0,Free Shipping,No,No,19,Venmo,Annually,2024-04-15
2508,58,Male,2508,Shoes,Footwear,2508,3208,36.00,Louisiana,M,Cyan,Fall,2.9,0,Store Pickup,No,No,32,Credit Card,Every 3 Months,2024-11-18
2509,23,Male,2509,Sneakers,Footwear,2509,3209,90.00,California,XL,Indigo,Spring,3.1,0,2-Day Shipping,No,No,5,Debit Card,Bi-Weekly,2024-03-16
2510,19,Male,2510,Socks,Clothing,2510,3211,48.00,Washington,M,Black,Spring,4.4,0,Free Shipping,No,No,9,Bank Transfer,Quarterly,2024-03-06
2511,40,Male,2511,Jacket,Outerwear,2511,3212,42.00,South Dakota,L,Purple,Winter,4.4,0,Standard,No,No,48,Credit Card,Weekly,2024-02-17
2512,54,Male,2512,Backpack,Accessories,2512,3213,33.00,Idaho,M,Cyan,Summer,2.7,0,Store Pickup,No,No,1,PayPal,Quarterly,2024-06-23
2513,50,Male,2513,Socks,Clothing,2513,3214,63.00,North Dakota,M,Green,Summer,4.9,0,Free Shipping,No,No,20,Credit Card,Monthly,2024-06-08
2514,69,Male,2514,Handbag,Accessories,2514,3215,53.00,Washington,L,Teal,Winter,3.5,0,2-Day Shipping,No,No,42,Cash,Annually,2024-02-01
2515,42,Male,2515,Hat,Accessories,2515,3217,37.00,Alaska,L,Teal,Spring,4.8,0,Free Shipping,No,No,45,PayPal,Bi-Weekly,2024-04-23
2516,37,Male,2516,Blouse,Clothing,2516,3218,92.00,Kansas,M,Magenta,Summer,4.2,0,2-Day Shipping,No,No,41,Cash,Monthly,2024-07-28
2517,46,Male,2517,Shorts,Clothing,2517,3219,73.00,Utah,XL,Brown,Spring,4.6,0,Standard,No,No,36,Debit Card,Quarterly,2024-04-14
2518,64,Male,2518,Shirt,Clothing,2518,3220,38.00,Wyoming,L,Orange,Spring,2.9,0,Standard,No,No,10,Venmo,Annually,2024-05-07
2519,20,Male,2519,Boots,Footwear,2519,3221,51.00,Maine,XL,Blue,Fall,4,0,Store Pickup,No,No,31,Venmo,Annually,2024-09-15
2520,40,Male,2520,Jacket,Outerwear,2520,3223,90.00,Michigan,L,Magenta,Spring,4.9,0,Standard,No,No,21,Credit Card,Quarterly,2024-03-11
2521,64,Male,2521,Jacket,Outerwear,2521,3224,56.00,Illinois,L,Magenta,Summer,3.1,0,Next Day Air,No,No,16,Cash,Every 3 Months,2024-06-16
2522,29,Male,2522,Handbag,Accessories,2522,3225,33.00,Minnesota,M,Magenta,Fall,4.4,0,Standard,No,No,18,PayPal,Every 3 Months,2024-09-05
2523,20,Male,2523,Belt,Accessories,2523,3226,53.00,Massachusetts,S,Olive,Winter,2.5,0,2-Day Shipping,No,No,20,Debit Card,Weekly,2024-12-13
2524,43,Male,2524,Handbag,Accessories,2524,3227,24.00,New Jersey,S,Cyan,Spring,3.4,0,Express,No,No,21,Bank Transfer,Annually,2024-03-07
2525,60,Male,2525,Coat,Outerwear,2525,3229,59.00,Kansas,M,Purple,Spring,3.7,0,Express,No,No,23,Credit Card,Quarterly,2024-04-23
2526,39,Male,2526,Sweater,Clothing,2526,3230,72.00,Kentucky,M,Purple,Winter,4.2,0,Standard,No,No,20,PayPal,Weekly,2024-12-06
2527,47,Male,2527,Shorts,Clothing,2527,3231,28.00,Rhode Island,S,Peach,Spring,3.4,0,Express,No,No,30,PayPal,Bi-Weekly,2024-05-11
2528,19,Male,2528,Pants,Clothing,2528,3232,36.00,Illinois,M,Gold,Fall,3.6,0,Express,No,No,33,Bank Transfer,Every 3 Months,2024-09-27
2529,52,Male,2529,Jewelry,Accessories,2529,3233,47.00,Alabama,S,Peach,Fall,4.7,0,2-Day Shipping,No,No,31,Debit Card,Monthly,2024-11-05
2530,34,Male,2530,Gloves,Accessories,2530,3235,62.00,Tennessee,M,Magenta,Spring,4.7,0,Next Day Air,No,No,48,Bank Transfer,Monthly,2024-05-23
2531,25,Male,2531,Skirt,Clothing,2531,3236,98.00,Massachusetts,S,Cyan,Spring,3.6,0,Free Shipping,No,No,28,Debit Card,Weekly,2024-03-23
2532,43,Male,2532,Sandals,Footwear,2532,3237,28.00,Texas,M,Violet,Summer,4.6,0,Free Shipping,No,No,7,Cash,Every 3 Months,2024-08-22
2533,55,Male,2533,Socks,Clothing,2533,3238,86.00,Nebraska,S,Charcoal,Summer,2.6,0,Next Day Air,No,No,4,Debit Card,Weekly,2024-06-01
2534,66,Male,2534,Jewelry,Accessories,2534,3239,46.00,Pennsylvania,S,Blue,Summer,3.1,0,Standard,No,No,49,Cash,Bi-Weekly,2024-07-27
2535,41,Male,2535,Sunglasses,Accessories,2535,3241,42.00,Virginia,XL,Red,Fall,3.2,0,Free Shipping,No,No,22,Cash,Weekly,2024-09-15
2536,47,Male,2536,Coat,Outerwear,2536,3242,80.00,Vermont,S,Purple,Winter,3.9,0,Express,No,No,39,Bank Transfer,Fortnightly,2024-01-02
2537,51,Male,2537,Belt,Accessories,2537,3243,39.00,Oklahoma,L,Gray,Spring,4.9,0,Express,No,No,45,PayPal,Every 3 Months,2024-03-25
2538,44,Male,2538,Coat,Outerwear,2538,3244,49.00,Maine,M,Purple,Summer,4.1,0,2-Day Shipping,No,No,30,PayPal,Fortnightly,2024-06-12
2539,18,Male,2539,Scarf,Accessories,2539,3245,32.00,New Jersey,M,Silver,Summer,4.2,0,Next Day Air,No,No,33,Credit Card,Bi-Weekly,2024-07-11
2540,33,Male,2540,Sandals,Footwear,2540,3247,73.00,Massachusetts,M,Purple,Fall,4.1,0,Next Day Air,No,No,24,Cash,Bi-Weekly,2024-11-26
2541,24,Male,2541,Belt,Accessories,2541,3248,42.00,New Jersey,M,Charcoal,Summer,3.9,0,Free Shipping,No,No,11,Debit Card,Quarterly,2024-06-25
2542,33,Male,2542,Scarf,Accessories,2542,3249,58.00,Washington,M,Silver,Spring,2.7,0,Next Day Air,No,No,13,Venmo,Every 3 Months,2024-05-26
2543,61,Male,2543,Jewelry,Accessories,2543,3250,22.00,Arkansas,M,White,Winter,3.7,0,Express,No,No,27,PayPal,Annually,2024-12-15
2544,27,Male,2544,Scarf,Accessories,2544,3251,56.00,West Virginia,L,Peach,Spring,2.7,0,Next Day Air,No,No,30,PayPal,Bi-Weekly,2024-05-09
2545,46,Male,2545,Pants,Clothing,2545,3253,70.00,Delaware,M,Red,Spring,2.5,0,Next Day Air,No,No,39,Venmo,Quarterly,2024-04-07
2546,38,Male,2546,Shoes,Footwear,2546,3254,50.00,Texas,L,Olive,Spring,3.9,0,Free Shipping,No,No,10,Debit Card,Annually,2024-04-03
2547,63,Male,2547,Boots,Footwear,2547,3255,21.00,Texas,L,Gray,Summer,3,0,Express,No,No,4,Credit Card,Quarterly,2024-08-12
2548,47,Male,2548,Jacket,Outerwear,2548,3256,97.00,Mississippi,M,Beige,Summer,3.2,0,2-Day Shipping,No,No,16,Cash,Weekly,2024-06-05
2549,42,Male,2549,Backpack,Accessories,2549,3257,63.00,Texas,L,Pink,Winter,3.8,0,Standard,No,No,34,Credit Card,Monthly,2024-01-17
2550,41,Male,2550,Jacket,Outerwear,2550,3259,60.00,Virginia,M,Red,Fall,2.7,0,Standard,No,No,11,Debit Card,Every 3 Months,2024-09-07
2551,53,Male,2551,Boots,Footwear,2551,3260,52.00,New Hampshire,XL,Peach,Fall,3,0,Store Pickup,No,No,30,Debit Card,Fortnightly,2024-11-11
2552,29,Male,2552,Shoes,Footwear,2552,3261,32.00,Minnesota,M,Maroon,Winter,4.1,0,Next Day Air,No,No,40,Debit Card,Annually,2024-02-22
2553,61,Male,2553,Belt,Accessories,2553,3262,48.00,Maryland,XL,Purple,Spring,3.2,0,2-Day Shipping,No,No,13,Credit Card,Annually,2024-05-13
2554,69,Male,2554,Jewelry,Accessories,2554,3263,25.00,Vermont,M,Maroon,Summer,4.5,0,Store Pickup,No,No,28,Venmo,Every 3 Months,2024-06-04
2555,51,Male,2555,Jewelry,Accessories,2555,3265,68.00,Kansas,M,Gray,Summer,4.3,0,Store Pickup,No,No,49,Debit Card,Bi-Weekly,2024-07-23
2556,24,Male,2556,Pants,Clothing,2556,3266,74.00,Idaho,M,Gray,Fall,3.5,0,Standard,No,No,23,Credit Card,Weekly,2024-09-26
2557,24,Male,2557,T-shirt,Clothing,2557,3267,88.00,Montana,XL,Magenta,Fall,3.1,0,Standard,No,No,4,Bank Transfer,Quarterly,2024-11-18
2558,70,Male,2558,Shorts,Clothing,2558,3268,23.00,Oklahoma,L,Cyan,Spring,3.9,0,Standard,No,No,17,PayPal,Fortnightly,2024-04-28
2559,49,Male,2559,Hoodie,Clothing,2559,3269,32.00,California,M,Silver,Fall,2.7,0,Express,No,No,24,PayPal,Fortnightly,2024-10-21
2560,48,Male,2560,Belt,Accessories,2560,3271,71.00,Mississippi,S,Green,Winter,4,0,Free Shipping,No,No,21,Debit Card,Every 3 Months,2024-02-13
2561,58,Male,2561,Boots,Footwear,2561,3272,62.00,California,M,Violet,Spring,2.7,0,Next Day Air,No,No,17,Debit Card,Bi-Weekly,2024-03-14
2562,32,Male,2562,Hoodie,Clothing,2562,3273,20.00,New York,L,Magenta,Spring,2.7,0,Free Shipping,No,No,22,Debit Card,Quarterly,2024-05-12
2563,57,Male,2563,Shorts,Clothing,2563,3274,62.00,Arizona,XL,Yellow,Spring,4.7,0,Standard,No,No,27,Cash,Fortnightly,2024-03-17
2564,69,Male,2564,Backpack,Accessories,2564,3275,81.00,Massachusetts,XL,Gray,Winter,4.5,0,Standard,No,No,1,Venmo,Every 3 Months,2024-02-20
2565,42,Male,2565,Scarf,Accessories,2565,3277,90.00,Kentucky,L,Indigo,Winter,3,0,2-Day Shipping,No,No,27,Bank Transfer,Weekly,2024-12-11
2566,30,Male,2566,Socks,Clothing,2566,3278,43.00,Vermont,S,Indigo,Fall,3.6,0,Store Pickup,No,No,8,Venmo,Quarterly,2024-09-14
2567,35,Male,2567,Handbag,Accessories,2567,3279,38.00,Missouri,S,Yellow,Fall,3.3,0,Standard,No,No,43,PayPal,Quarterly,2024-10-24
2568,19,Male,2568,Sunglasses,Accessories,2568,3280,25.00,Michigan,XL,Gold,Spring,4.3,0,Store Pickup,No,No,24,Cash,Fortnightly,2024-03-02
2569,52,Male,2569,T-shirt,Clothing,2569,3281,98.00,Texas,XL,Green,Winter,4.3,0,Express,No,No,29,PayPal,Fortnightly,2024-12-25
2570,42,Male,2570,Dress,Clothing,2570,3283,75.00,New York,M,Charcoal,Spring,4.8,0,Free Shipping,No,No,10,Bank Transfer,Bi-Weekly,2024-05-23
2571,36,Male,2571,Sneakers,Footwear,2571,3284,27.00,New Mexico,XL,Olive,Spring,4,0,Store Pickup,No,No,12,PayPal,Fortnightly,2024-05-26
2572,45,Male,2572,Sunglasses,Accessories,2572,3285,27.00,Mississippi,L,Black,Winter,3.5,0,Standard,No,No,48,Cash,Fortnightly,2024-01-26
2573,54,Male,2573,Blouse,Clothing,2573,3286,42.00,Washington,M,Silver,Fall,3.9,0,Next Day Air,No,No,40,Bank Transfer,Quarterly,2024-09-05
2574,54,Male,2574,T-shirt,Clothing,2574,3287,90.00,New Mexico,M,Red,Summer,4.4,0,Store Pickup,No,No,1,Bank Transfer,Annually,2024-08-12
2575,27,Male,2575,Hat,Accessories,2575,3289,63.00,Florida,M,Brown,Summer,4.6,0,2-Day Shipping,No,No,26,Credit Card,Fortnightly,2024-07-03
2576,53,Male,2576,Shorts,Clothing,2576,3290,96.00,Minnesota,M,Silver,Fall,4,0,Express,No,No,9,PayPal,Annually,2024-09-27
2577,20,Male,2577,Hoodie,Clothing,2577,3291,40.00,New Hampshire,M,Silver,Winter,4.2,0,Free Shipping,No,No,19,Debit Card,Quarterly,2024-02-02
2578,52,Male,2578,Socks,Clothing,2578,3292,39.00,Minnesota,L,Black,Fall,4.5,0,Next Day Air,No,No,37,Bank Transfer,Monthly,2024-09-20
2579,54,Male,2579,Sunglasses,Accessories,2579,3293,48.00,Vermont,M,Purple,Fall,3.9,0,Free Shipping,No,No,3,Cash,Quarterly,2024-09-11
2580,65,Male,2580,Blouse,Clothing,2580,3295,20.00,Minnesota,M,Purple,Summer,3.7,0,Express,No,No,40,Venmo,Weekly,2024-06-12
2581,43,Male,2581,Jeans,Clothing,2581,3296,29.00,Massachusetts,S,Turquoise,Summer,3.6,0,Store Pickup,No,No,13,Bank Transfer,Quarterly,2024-06-24
2582,57,Male,2582,Dress,Clothing,2582,3297,81.00,Wyoming,M,Gold,Winter,4.7,0,Express,No,No,48,Credit Card,Monthly,2024-01-09
2583,19,Male,2583,Dress,Clothing,2583,3298,98.00,South Dakota,S,Indigo,Fall,3.6,0,2-Day Shipping,No,No,4,Venmo,Every 3 Months,2024-10-05
2584,69,Male,2584,Jeans,Clothing,2584,3299,93.00,Oklahoma,M,Lavender,Fall,2.5,0,Next Day Air,No,No,9,Cash,Weekly,2024-10-03
2585,26,Male,2585,Socks,Clothing,2585,3301,30.00,Florida,L,Blue,Summer,2.9,0,Store Pickup,No,No,26,Bank Transfer,Bi-Weekly,2024-07-19
2586,57,Male,2586,Sunglasses,Accessories,2586,3302,37.00,Wisconsin,L,Maroon,Fall,4.4,0,Free Shipping,No,No,19,Debit Card,Weekly,2024-10-01
2587,20,Male,2587,Coat,Outerwear,2587,3303,28.00,Maine,L,Yellow,Winter,4.6,0,Express,No,No,1,Credit Card,Every 3 Months,2024-01-07
2588,55,Male,2588,Scarf,Accessories,2588,3304,29.00,Connecticut,M,Purple,Winter,3.7,0,Express,No,No,29,PayPal,Every 3 Months,2024-12-06
2589,44,Male,2589,Backpack,Accessories,2589,3305,49.00,Delaware,M,Peach,Summer,3.2,0,Free Shipping,No,No,38,Venmo,Bi-Weekly,2024-08-24
2590,52,Male,2590,Pants,Clothing,2590,3307,53.00,North Dakota,M,Silver,Winter,4.9,0,2-Day Shipping,No,No,31,PayPal,Annually,2024-02-03
2591,57,Male,2591,Gloves,Accessories,2591,3308,66.00,California,M,Turquoise,Summer,5,0,Free Shipping,No,No,35,Venmo,Annually,2024-07-25
2592,40,Male,2592,Jacket,Outerwear,2592,3309,61.00,New Mexico,S,Olive,Spring,3.3,0,Express,No,No,40,Cash,Quarterly,2024-05-11
2593,23,Male,2593,Shorts,Clothing,2593,3310,23.00,Iowa,XL,Peach,Summer,4.4,0,Store Pickup,No,No,13,Venmo,Quarterly,2024-08-09
2594,36,Male,2594,Pants,Clothing,2594,3311,36.00,Colorado,S,Indigo,Fall,4.7,0,Store Pickup,No,No,9,Bank Transfer,Every 3 Months,2024-10-13
2595,59,Male,2595,Skirt,Clothing,2595,3313,81.00,Montana,L,Indigo,Fall,3.6,0,Free Shipping,No,No,25,Cash,Every 3 Months,2024-11-17
2596,29,Male,2596,Blouse,Clothing,2596,3314,56.00,Iowa,XL,Maroon,Summer,3.2,0,Free Shipping,No,No,3,Bank Transfer,Bi-Weekly,2024-08-17
2597,63,Male,2597,Shirt,Clothing,2597,3315,78.00,Louisiana,L,Black,Spring,3,0,Next Day Air,No,No,35,Credit Card,Monthly,2024-03-10
2598,60,Male,2598,Jewelry,Accessories,2598,3316,25.00,Alabama,XL,Teal,Summer,4.4,0,Store Pickup,No,No,13,Venmo,Bi-Weekly,2024-08-01
2599,64,Male,2599,Backpack,Accessories,2599,3317,86.00,Nevada,XL,Olive,Fall,3.3,0,Express,No,No,31,Debit Card,Annually,2024-09-21
2600,63,Male,2600,Jewelry,Accessories,2600,3319,99.00,Vermont,M,Gold,Winter,3.4,0,Express,No,No,48,Credit Card,Monthly,2024-02-17
2601,21,Male,2601,Belt,Accessories,2601,3320,83.00,New York,M,Gray,Fall,3.9,0,Express,No,No,6,Bank Transfer,Bi-Weekly,2024-10-08
2602,61,Male,2602,Dress,Clothing,2602,3321,33.00,Mississippi,L,Orange,Winter,2.9,0,Store Pickup,No,No,43,Cash,Monthly,2024-02-16
2603,65,Male,2603,Coat,Outerwear,2603,3322,44.00,South Carolina,M,Black,Fall,2.9,0,Free Shipping,No,No,1,Venmo,Quarterly,2024-10-13
2604,69,Male,2604,Dress,Clothing,2604,3323,58.00,Washington,M,Teal,Spring,2.7,0,2-Day Shipping,No,No,8,Cash,Annually,2024-04-22
2605,47,Male,2605,Sweater,Clothing,2605,3325,54.00,Colorado,M,Beige,Spring,3.4,0,Store Pickup,No,No,6,Debit Card,Weekly,2024-03-16
2606,41,Male,2606,Hoodie,Clothing,2606,3326,93.00,Nevada,M,White,Spring,3.7,0,2-Day Shipping,No,No,32,Venmo,Fortnightly,2024-05-06
2607,68,Male,2607,Shoes,Footwear,2607,3327,98.00,Nevada,L,Turquoise,Spring,4.7,0,Standard,No,No,46,Bank Transfer,Bi-Weekly,2024-03-07
2608,41,Male,2608,Shoes,Footwear,2608,3328,36.00,Oklahoma,XL,Teal,Spring,3.1,0,Express,No,No,38,PayPal,Every 3 Months,2024-05-03
2609,42,Male,2609,Jacket,Outerwear,2609,3329,68.00,Mississippi,L,Orange,Fall,4.2,0,2-Day Shipping,No,No,48,Credit Card,Fortnightly,2024-09-27
2610,66,Male,2610,Backpack,Accessories,2610,3331,95.00,Arkansas,M,Black,Summer,3,0,Store Pickup,No,No,18,Debit Card,Bi-Weekly,2024-08-10
2611,66,Male,2611,Jeans,Clothing,2611,3332,93.00,West Virginia,M,Violet,Spring,3.1,0,Express,No,No,25,Cash,Quarterly,2024-05-27
2612,33,Male,2612,Jacket,Outerwear,2612,3333,99.00,Michigan,L,Maroon,Fall,4.2,0,2-Day Shipping,No,No,4,Cash,Fortnightly,2024-10-13
2613,55,Male,2613,Sunglasses,Accessories,2613,3334,22.00,Louisiana,M,Turquoise,Winter,3.8,0,Next Day Air,No,No,27,Venmo,Quarterly,2024-02-09
2614,58,Male,2614,Gloves,Accessories,2614,3335,88.00,South Dakota,M,Gold,Fall,2.9,0,Express,No,No,14,Bank Transfer,Monthly,2024-11-26
2615,18,Male,2615,Jacket,Outerwear,2615,3337,65.00,North Dakota,M,Turquoise,Spring,4.2,0,Express,No,No,36,Bank Transfer,Fortnightly,2024-04-12
2616,49,Male,2616,T-shirt,Clothing,2616,3338,62.00,Arizona,M,Maroon,Fall,3.1,0,2-Day Shipping,No,No,6,Debit Card,Quarterly,2024-10-23
2617,61,Male,2617,Sandals,Footwear,2617,3339,55.00,Georgia,XL,Purple,Spring,3.6,0,Express,No,No,46,Cash,Annually,2024-04-27
2618,31,Male,2618,Shorts,Clothing,2618,3340,97.00,Idaho,S,Maroon,Spring,4.8,0,Standard,No,No,29,Bank Transfer,Annually,2024-04-18
2619,70,Male,2619,Handbag,Accessories,2619,3341,77.00,Louisiana,L,Brown,Fall,4.1,0,Express,No,No,12,Venmo,Monthly,2024-10-20
2620,68,Male,2620,Pants,Clothing,2620,3343,40.00,Connecticut,L,Indigo,Winter,3.9,0,Free Shipping,No,No,47,Credit Card,Weekly,2024-02-25
2621,27,Male,2621,Blouse,Clothing,2621,3344,23.00,Ohio,S,Lavender,Winter,3,0,Standard,No,No,28,Debit Card,Annually,2024-02-17
2622,48,Male,2622,Shoes,Footwear,2622,3345,46.00,Maine,M,Beige,Winter,3,0,Express,No,No,21,Bank Transfer,Annually,2024-02-09
2623,63,Male,2623,Backpack,Accessories,2623,3346,75.00,New Hampshire,M,Yellow,Spring,4.9,0,2-Day Shipping,No,No,15,Credit Card,Annually,2024-03-04
2624,49,Male,2624,Shoes,Footwear,2624,3347,76.00,Massachusetts,M,Gold,Fall,4.8,0,Next Day Air,No,No,38,Cash,Annually,2024-11-21
2625,19,Male,2625,Dress,Clothing,2625,3349,59.00,South Dakota,M,Indigo,Summer,3.3,0,Standard,No,No,19,Credit Card,Annually,2024-08-26
2626,30,Male,2626,Skirt,Clothing,2626,3350,51.00,Colorado,L,Cyan,Summer,2.7,0,Standard,No,No,31,Credit Card,Weekly,2024-07-25
2627,50,Male,2627,Jacket,Outerwear,2627,3351,46.00,Rhode Island,XL,Silver,Fall,4.2,0,Express,No,No,30,Credit Card,Every 3 Months,2024-11-20
2628,66,Male,2628,Shirt,Clothing,2628,3352,26.00,Missouri,L,Silver,Fall,3.6,0,Next Day Air,No,No,40,Bank Transfer,Quarterly,2024-09-05
2629,25,Male,2629,Hoodie,Clothing,2629,3353,51.00,Wyoming,M,Silver,Summer,3.8,0,Next Day Air,No,No,42,Credit Card,Bi-Weekly,2024-07-24
2630,61,Male,2630,Scarf,Accessories,2630,3355,44.00,New Hampshire,M,Peach,Winter,3.8,0,Free Shipping,No,No,25,Venmo,Annually,2024-12-25
2631,29,Male,2631,Skirt,Clothing,2631,3356,82.00,Maine,S,Pink,Spring,4.2,0,Free Shipping,No,No,20,Cash,Quarterly,2024-04-18
2632,53,Male,2632,Skirt,Clothing,2632,3357,44.00,Connecticut,S,Violet,Summer,2.7,0,Express,No,No,3,Cash,Weekly,2024-07-05
2633,24,Male,2633,Scarf,Accessories,2633,3358,27.00,Alaska,M,Black,Fall,5,0,Next Day Air,No,No,14,Cash,Annually,2024-09-24
2634,51,Male,2634,Sunglasses,Accessories,2634,3359,90.00,Alaska,M,Purple,Fall,4.7,0,Next Day Air,No,No,32,Credit Card,Fortnightly,2024-11-13
2635,26,Male,2635,Sandals,Footwear,2635,3361,58.00,North Carolina,S,Black,Summer,3.2,0,Store Pickup,No,No,20,PayPal,Every 3 Months,2024-06-10
2636,59,Male,2636,Hoodie,Clothing,2636,3362,80.00,Colorado,XL,Peach,Spring,2.9,0,2-Day Shipping,No,No,34,PayPal,Fortnightly,2024-03-13
2637,41,Male,2637,Jacket,Outerwear,2637,3363,40.00,Utah,S,Magenta,Winter,4.2,0,Store Pickup,No,No,6,Venmo,Annually,2024-01-07
2638,20,Male,2638,Pants,Clothing,2638,3364,23.00,Alabama,M,Magenta,Spring,3.7,0,Store Pickup,No,No,2,PayPal,Annually,2024-05-20
2639,22,Male,2639,Shirt,Clothing,2639,3365,34.00,Hawaii,S,Black,Spring,4.2,0,Store Pickup,No,No,35,Credit Card,Annually,2024-04-16
2640,18,Male,2640,Blouse,Clothing,2640,3367,35.00,New Hampshire,XL,Pink,Winter,2.6,0,Free Shipping,No,No,33,Debit Card,Quarterly,2024-01-16
2641,30,Male,2641,Skirt,Clothing,2641,3368,75.00,Indiana,L,Olive,Summer,4,0,Store Pickup,No,No,45,Venmo,Bi-Weekly,2024-08-08
2642,25,Male,2642,Sunglasses,Accessories,2642,3369,60.00,Vermont,XL,Olive,Winter,2.7,0,Next Day Air,No,No,20,Bank Transfer,Every 3 Months,2024-01-05
2643,39,Male,2643,Belt,Accessories,2643,3370,87.00,Iowa,L,Peach,Summer,4,0,Store Pickup,No,No,48,Bank Transfer,Annually,2024-07-01
2644,49,Male,2644,Gloves,Accessories,2644,3371,41.00,Maryland,S,Silver,Spring,2.9,0,Next Day Air,No,No,37,Cash,Monthly,2024-03-26
2645,25,Male,2645,Pants,Clothing,2645,3373,83.00,New Mexico,M,Turquoise,Spring,3.3,0,Standard,No,No,4,Bank Transfer,Every 3 Months,2024-03-02
2646,23,Male,2646,Scarf,Accessories,2646,3374,81.00,Louisiana,L,Olive,Spring,4,0,Store Pickup,No,No,24,Bank Transfer,Bi-Weekly,2024-04-02
2647,33,Male,2647,T-shirt,Clothing,2647,3375,56.00,New Mexico,S,Lavender,Summer,3.9,0,Next Day Air,No,No,4,Debit Card,Every 3 Months,2024-08-24
2648,60,Male,2648,Shoes,Footwear,2648,3376,58.00,South Carolina,M,Red,Summer,3.3,0,2-Day Shipping,No,No,25,Debit Card,Annually,2024-07-18
2649,51,Male,2649,Pants,Clothing,2649,3377,84.00,Illinois,M,Gray,Spring,3.9,0,Next Day Air,No,No,14,PayPal,Bi-Weekly,2024-03-19
2650,23,Male,2650,Gloves,Accessories,2650,3379,21.00,Minnesota,M,Magenta,Fall,3.9,0,Store Pickup,No,No,14,Bank Transfer,Fortnightly,2024-09-16
2651,20,Male,2651,Socks,Clothing,2651,3380,35.00,Oregon,L,Maroon,Summer,4.2,0,Standard,No,No,46,Credit Card,Every 3 Months,2024-08-18
2652,51,Male,2652,Sneakers,Footwear,2652,3381,43.00,Tennessee,M,Cyan,Summer,4.6,0,Store Pickup,No,No,27,PayPal,Quarterly,2024-07-01
2653,23,Female,2653,Shorts,Clothing,2653,3382,20.00,Maryland,L,Cyan,Summer,3.3,0,2-Day Shipping,No,No,46,Credit Card,Monthly,2024-07-28
2654,67,Female,2654,Blouse,Clothing,2654,3383,36.00,Wisconsin,L,Lavender,Fall,4.8,0,Express,No,No,24,Venmo,Every 3 Months,2024-10-21
2655,23,Female,2655,Coat,Outerwear,2655,3385,70.00,Idaho,S,Pink,Fall,4.1,0,Next Day Air,No,No,4,PayPal,Annually,2024-09-03
2656,26,Female,2656,Sunglasses,Accessories,2656,3386,83.00,Wyoming,M,Gray,Summer,3.4,0,Standard,No,No,2,Credit Card,Fortnightly,2024-07-07
2657,52,Female,2657,Shorts,Clothing,2657,3387,76.00,Indiana,L,Yellow,Winter,3.6,0,Express,No,No,29,Bank Transfer,Fortnightly,2024-02-21
2658,52,Female,2658,Dress,Clothing,2658,3388,81.00,Texas,M,Pink,Summer,2.7,0,Express,No,No,7,Credit Card,Fortnightly,2024-06-17
2659,52,Female,2659,Handbag,Accessories,2659,3389,47.00,Ohio,XL,Indigo,Summer,3.2,0,Next Day Air,No,No,39,PayPal,Monthly,2024-07-03
2660,35,Female,2660,Boots,Footwear,2660,3391,35.00,Kansas,L,Gray,Summer,4.4,0,2-Day Shipping,No,No,46,Credit Card,Fortnightly,2024-08-04
2661,24,Female,2661,Pants,Clothing,2661,3392,85.00,South Carolina,L,Yellow,Spring,4.9,0,Express,No,No,44,Venmo,Annually,2024-05-11
2662,43,Female,2662,Boots,Footwear,2662,3393,96.00,Michigan,XL,Olive,Fall,4.8,0,Express,No,No,20,Bank Transfer,Annually,2024-11-14
2663,25,Female,2663,Skirt,Clothing,2663,3394,98.00,Nebraska,M,Cyan,Summer,2.8,0,2-Day Shipping,No,No,44,PayPal,Fortnightly,2024-08-14
2664,46,Female,2664,Sneakers,Footwear,2664,3395,52.00,Wisconsin,L,Silver,Fall,2.9,0,Free Shipping,No,No,23,Bank Transfer,Annually,2024-10-18
2665,22,Female,2665,Jewelry,Accessories,2665,3397,84.00,Illinois,L,Silver,Winter,3.2,0,Store Pickup,No,No,37,PayPal,Weekly,2024-01-11
2666,70,Female,2666,T-shirt,Clothing,2666,3398,71.00,Louisiana,L,Red,Winter,3.5,0,Store Pickup,No,No,4,Venmo,Weekly,2024-02-12
2667,49,Female,2667,Sandals,Footwear,2667,3399,95.00,Ohio,S,Brown,Winter,4.1,0,Store Pickup,No,No,14,Venmo,Fortnightly,2024-12-17
2668,48,Female,2668,Boots,Footwear,2668,3400,47.00,Maryland,M,Orange,Summer,4.1,0,Free Shipping,No,No,31,Cash,Fortnightly,2024-07-17
2669,59,Female,2669,Coat,Outerwear,2669,3401,75.00,Texas,M,Black,Summer,4.8,0,Next Day Air,No,No,9,PayPal,Quarterly,2024-07-07
2670,39,Female,2670,Belt,Accessories,2670,3403,28.00,Illinois,L,Teal,Spring,2.8,0,Free Shipping,No,No,31,Credit Card,Weekly,2024-04-09
2671,30,Female,2671,Sunglasses,Accessories,2671,3404,44.00,Pennsylvania,M,Yellow,Fall,4.7,0,Express,No,No,26,Bank Transfer,Bi-Weekly,2024-11-28
2672,37,Female,2672,Sandals,Footwear,2672,3405,64.00,Alabama,XL,Gray,Winter,4.8,0,2-Day Shipping,No,No,41,PayPal,Every 3 Months,2024-01-13
2673,56,Female,2673,Boots,Footwear,2673,3406,28.00,West Virginia,M,Maroon,Spring,2.9,0,Standard,No,No,13,Cash,Annually,2024-03-24
2674,67,Female,2674,Hoodie,Clothing,2674,3407,21.00,Nevada,M,Olive,Summer,2.6,0,2-Day Shipping,No,No,4,Cash,Monthly,2024-06-26
2675,40,Female,2675,Hat,Accessories,2675,3409,41.00,Florida,S,Charcoal,Fall,3.3,0,Express,No,No,15,Cash,Every 3 Months,2024-10-19
2676,24,Female,2676,Shorts,Clothing,2676,3410,38.00,Virginia,M,Peach,Winter,3.4,0,Free Shipping,No,No,38,Cash,Bi-Weekly,2024-02-12
2677,43,Female,2677,Backpack,Accessories,2677,3411,77.00,Kentucky,M,Maroon,Spring,3.6,0,Free Shipping,No,No,3,Cash,Fortnightly,2024-03-05
2678,45,Female,2678,Shorts,Clothing,2678,3412,43.00,Connecticut,L,Olive,Spring,3.8,0,Next Day Air,No,No,6,PayPal,Every 3 Months,2024-04-11
2679,33,Female,2679,Belt,Accessories,2679,3413,91.00,Montana,M,Magenta,Spring,3.4,0,2-Day Shipping,No,No,34,Credit Card,Bi-Weekly,2024-04-13
2680,53,Female,2680,Shorts,Clothing,2680,3415,68.00,Montana,S,Yellow,Spring,3.8,0,Express,No,No,7,Debit Card,Quarterly,2024-05-04
2681,44,Female,2681,Socks,Clothing,2681,3416,37.00,Nebraska,L,Indigo,Fall,3.3,0,Next Day Air,No,No,21,Venmo,Annually,2024-09-04
2682,23,Female,2682,Shoes,Footwear,2682,3417,23.00,Massachusetts,L,Olive,Summer,4.8,0,Standard,No,No,17,Debit Card,Monthly,2024-08-06
2683,59,Female,2683,Sneakers,Footwear,2683,3418,65.00,North Carolina,L,Maroon,Winter,3.9,0,2-Day Shipping,No,No,5,Venmo,Every 3 Months,2024-12-09
2684,68,Female,2684,Backpack,Accessories,2684,3419,30.00,Montana,M,Indigo,Summer,4.2,0,Next Day Air,No,No,21,Cash,Fortnightly,2024-06-13
2685,46,Female,2685,Dress,Clothing,2685,3421,45.00,Washington,M,Gray,Summer,4.7,0,Free Shipping,No,No,42,Credit Card,Bi-Weekly,2024-08-16
2686,56,Female,2686,Boots,Footwear,2686,3422,25.00,Virginia,M,Gray,Winter,2.7,0,Express,No,No,49,Credit Card,Quarterly,2024-12-01
2687,40,Female,2687,Socks,Clothing,2687,3423,72.00,Georgia,M,Black,Winter,3.8,0,2-Day Shipping,No,No,33,Cash,Fortnightly,2024-02-10
2688,61,Female,2688,Dress,Clothing,2688,3424,75.00,Delaware,M,White,Fall,3.6,0,2-Day Shipping,No,No,12,Debit Card,Bi-Weekly,2024-10-22
2689,53,Female,2689,Handbag,Accessories,2689,3425,63.00,West Virginia,XL,Turquoise,Spring,2.9,0,2-Day Shipping,No,No,18,Credit Card,Every 3 Months,2024-04-08
2690,29,Female,2690,Blouse,Clothing,2690,3427,35.00,Wyoming,M,Orange,Fall,3.9,0,Standard,No,No,47,PayPal,Quarterly,2024-10-15
2691,44,Female,2691,Belt,Accessories,2691,3428,32.00,New Mexico,L,Yellow,Summer,4.7,0,Free Shipping,No,No,18,Bank Transfer,Weekly,2024-08-20
2692,43,Female,2692,Pants,Clothing,2692,3429,25.00,Nebraska,L,Blue,Winter,3.3,0,2-Day Shipping,No,No,48,Cash,Monthly,2024-12-07
2693,40,Female,2693,Sneakers,Footwear,2693,3430,90.00,Washington,XL,Violet,Spring,4.2,0,Free Shipping,No,No,18,Debit Card,Every 3 Months,2024-05-07
2694,55,Female,2694,Boots,Footwear,2694,3431,70.00,Hawaii,L,Lavender,Summer,2.6,0,Standard,No,No,46,Cash,Quarterly,2024-06-20
2695,66,Female,2695,Sunglasses,Accessories,2695,3433,27.00,Louisiana,M,Olive,Spring,4.9,0,Express,No,No,34,Credit Card,Every 3 Months,2024-04-11
2696,50,Female,2696,Hat,Accessories,2696,3434,92.00,Tennessee,M,Orange,Fall,3.6,0,Standard,No,No,10,PayPal,Bi-Weekly,2024-11-21
2697,57,Female,2697,Coat,Outerwear,2697,3435,20.00,South Dakota,M,White,Spring,4.7,0,Free Shipping,No,No,12,Debit Card,Monthly,2024-04-16
2698,42,Female,2698,Jacket,Outerwear,2698,3436,52.00,Delaware,L,Red,Winter,3.2,0,Standard,No,No,36,Bank Transfer,Quarterly,2024-01-12
2699,55,Female,2699,Hoodie,Clothing,2699,3437,57.00,Virginia,M,Magenta,Summer,3.6,0,Store Pickup,No,No,34,Venmo,Quarterly,2024-06-04
2700,25,Female,2700,Boots,Footwear,2700,3439,96.00,Utah,M,Violet,Fall,3.6,0,2-Day Shipping,No,No,49,Debit Card,Annually,2024-10-23
2701,22,Female,2701,T-shirt,Clothing,2701,3440,68.00,California,XL,Olive,Winter,3.2,0,Standard,No,No,36,Cash,Weekly,2024-01-11
2702,49,Female,2702,Sweater,Clothing,2702,3441,30.00,Idaho,L,Silver,Summer,2.8,0,Store Pickup,No,No,18,Bank Transfer,Fortnightly,2024-07-03
2703,70,Female,2703,Shoes,Footwear,2703,3442,37.00,Texas,L,Gray,Fall,4,0,Next Day Air,No,No,39,Debit Card,Fortnightly,2024-11-02
2704,56,Female,2704,Scarf,Accessories,2704,3443,42.00,Tennessee,XL,Olive,Winter,4.4,0,Free Shipping,No,No,34,PayPal,Weekly,2024-12-07
2705,52,Female,2705,Dress,Clothing,2705,3445,54.00,Tennessee,L,Beige,Spring,3.4,0,Next Day Air,No,No,35,Debit Card,Weekly,2024-03-06
2706,65,Female,2706,Jacket,Outerwear,2706,3446,81.00,Washington,S,Turquoise,Spring,5,0,Store Pickup,No,No,1,Credit Card,Bi-Weekly,2024-04-28
2707,24,Female,2707,Shoes,Footwear,2707,3447,40.00,Alabama,S,Blue,Spring,3.1,0,Express,No,No,48,Debit Card,Quarterly,2024-04-08
2708,32,Female,2708,Backpack,Accessories,2708,3448,88.00,Nebraska,M,Pink,Fall,4.2,0,Standard,No,No,19,Cash,Weekly,2024-10-27
2709,57,Female,2709,Dress,Clothing,2709,3449,94.00,Alabama,M,Teal,Summer,3.3,0,Store Pickup,No,No,44,Debit Card,Weekly,2024-07-10
2710,35,Female,2710,Shirt,Clothing,2710,3451,54.00,Illinois,S,Cyan,Winter,2.9,0,Standard,No,No,9,Credit Card,Bi-Weekly,2024-02-22
2711,69,Female,2711,Jacket,Outerwear,2711,3452,51.00,Wisconsin,L,Purple,Summer,4.7,0,Standard,No,No,3,Bank Transfer,Fortnightly,2024-07-19
2712,30,Female,2712,Sunglasses,Accessories,2712,3453,22.00,Nebraska,L,Red,Spring,4,0,Standard,No,No,50,Venmo,Monthly,2024-05-10
2713,37,Female,2713,Jacket,Outerwear,2713,3454,95.00,North Dakota,L,Brown,Fall,4.6,0,Standard,No,No,7,Debit Card,Quarterly,2024-10-03
2714,19,Female,2714,Coat,Outerwear,2714,3455,57.00,Mississippi,M,Magenta,Fall,3.8,0,2-Day Shipping,No,No,20,Debit Card,Annually,2024-09-09
2715,53,Female,2715,Sweater,Clothing,2715,3457,45.00,Iowa,S,Olive,Winter,3.6,0,Store Pickup,No,No,16,Credit Card,Bi-Weekly,2024-01-26
2716,25,Female,2716,Sneakers,Footwear,2716,3458,92.00,Mississippi,XL,Pink,Winter,4.1,0,Express,No,No,29,PayPal,Fortnightly,2024-12-04
2717,47,Female,2717,Shoes,Footwear,2717,3459,40.00,Colorado,L,Black,Spring,2.7,0,Store Pickup,No,No,21,Debit Card,Weekly,2024-04-22
2718,18,Female,2718,Sunglasses,Accessories,2718,3460,62.00,Nebraska,XL,Beige,Winter,4.3,0,Free Shipping,No,No,19,Credit Card,Every 3 Months,2024-12-17
2719,22,Female,2719,Shorts,Clothing,2719,3461,90.00,Virginia,M,Peach,Winter,4.9,0,Next Day Air,No,No,10,Venmo,Bi-Weekly,2024-12-15
2720,69,Female,2720,Hoodie,Clothing,2720,3463,82.00,Louisiana,S,Peach,Fall,4.2,0,Free Shipping,No,No,4,Bank Transfer,Monthly,2024-09-23
2721,55,Female,2721,Scarf,Accessories,2721,3464,52.00,Maryland,M,Peach,Spring,2.8,0,Store Pickup,No,No,45,Bank Transfer,Quarterly,2024-04-03
2722,19,Female,2722,Sandals,Footwear,2722,3465,70.00,Minnesota,S,Teal,Spring,4.9,0,Free Shipping,No,No,17,PayPal,Fortnightly,2024-03-23
2723,23,Female,2723,Hat,Accessories,2723,3466,83.00,Maine,M,Green,Spring,2.8,0,2-Day Shipping,No,No,22,PayPal,Fortnightly,2024-04-06
2724,54,Female,2724,Shoes,Footwear,2724,3467,49.00,Texas,XL,Brown,Summer,2.9,0,Store Pickup,No,No,3,PayPal,Every 3 Months,2024-06-25
2725,52,Female,2725,Sneakers,Footwear,2725,3469,91.00,Missouri,M,Brown,Spring,2.5,0,Next Day Air,No,No,11,Debit Card,Fortnightly,2024-03-16
2726,64,Female,2726,Backpack,Accessories,2726,3470,99.00,Mississippi,S,Violet,Summer,2.7,0,Free Shipping,No,No,4,Debit Card,Annually,2024-06-08
2727,33,Female,2727,Belt,Accessories,2727,3471,92.00,Michigan,L,Blue,Winter,3.3,0,Free Shipping,No,No,11,PayPal,Bi-Weekly,2024-01-17
2728,40,Female,2728,Shirt,Clothing,2728,3472,87.00,Colorado,L,Charcoal,Winter,3.7,0,2-Day Shipping,No,No,47,Credit Card,Fortnightly,2024-01-06
2729,26,Female,2729,Skirt,Clothing,2729,3473,28.00,Florida,M,Pink,Winter,4,0,Express,No,No,17,Debit Card,Weekly,2024-02-01
2730,31,Female,2730,Gloves,Accessories,2730,3475,71.00,Montana,S,Violet,Summer,4.1,0,Free Shipping,No,No,32,Credit Card,Monthly,2024-07-05
2731,23,Female,2731,Gloves,Accessories,2731,3476,32.00,Wisconsin,M,Teal,Winter,4.1,0,Store Pickup,No,No,37,Bank Transfer,Annually,2024-02-25
2732,52,Female,2732,Handbag,Accessories,2732,3477,33.00,Wisconsin,M,Red,Summer,2.5,0,2-Day Shipping,No,No,44,Bank Transfer,Quarterly,2024-08-16
2733,21,Female,2733,Socks,Clothing,2733,3478,75.00,Delaware,L,Orange,Winter,4.2,0,Store Pickup,No,No,27,Debit Card,Every 3 Months,2024-12-13
2734,31,Female,2734,Backpack,Accessories,2734,3479,83.00,North Carolina,M,Magenta,Summer,4.7,0,Express,No,No,46,PayPal,Annually,2024-08-16
2735,63,Female,2735,Jeans,Clothing,2735,3481,93.00,New York,XL,Yellow,Summer,2.7,0,2-Day Shipping,No,No,13,Cash,Bi-Weekly,2024-06-26
2736,46,Female,2736,Skirt,Clothing,2736,3482,29.00,California,M,Yellow,Spring,3,0,Express,No,No,2,PayPal,Bi-Weekly,2024-03-01
2737,44,Female,2737,Hoodie,Clothing,2737,3483,25.00,Montana,M,Pink,Spring,4.8,0,Store Pickup,No,No,45,Credit Card,Annually,2024-05-21
2738,57,Female,2738,Jewelry,Accessories,2738,3484,76.00,North Carolina,S,Indigo,Spring,4.4,0,Free Shipping,No,No,35,Cash,Every 3 Months,2024-04-11
2739,50,Female,2739,Sneakers,Footwear,2739,3485,81.00,Ohio,M,Charcoal,Summer,4.3,0,2-Day Shipping,No,No,39,Venmo,Every 3 Months,2024-06-08
2740,33,Female,2740,Shirt,Clothing,2740,3487,80.00,Alaska,XL,Blue,Winter,2.5,0,Store Pickup,No,No,39,Credit Card,Every 3 Months,2024-01-17
2741,19,Female,2741,Sunglasses,Accessories,2741,3488,70.00,Pennsylvania,M,Lavender,Summer,4.9,0,Free Shipping,No,No,34,Bank Transfer,Fortnightly,2024-07-11
2742,68,Female,2742,Dress,Clothing,2742,3489,81.00,Maine,L,Yellow,Fall,4.9,0,2-Day Shipping,No,No,41,Venmo,Monthly,2024-10-16
2743,27,Female,2743,Shoes,Footwear,2743,3490,86.00,Texas,M,Black,Spring,3.9,0,Free Shipping,No,No,47,Debit Card,Annually,2024-03-16
2744,61,Female,2744,Belt,Accessories,2744,3491,94.00,New Jersey,S,Beige,Fall,4.1,0,2-Day Shipping,No,No,17,Venmo,Quarterly,2024-09-27
2745,38,Female,2745,Shirt,Clothing,2745,3493,66.00,Wyoming,M,Silver,Winter,3.3,0,Store Pickup,No,No,40,Credit Card,Monthly,2024-01-02
2746,28,Female,2746,Boots,Footwear,2746,3494,98.00,Michigan,M,Magenta,Summer,4.1,0,Standard,No,No,44,PayPal,Bi-Weekly,2024-08-21
2747,39,Female,2747,Hoodie,Clothing,2747,3495,25.00,Ohio,M,Orange,Fall,3.7,0,Standard,No,No,21,PayPal,Every 3 Months,2024-11-14
2748,18,Female,2748,Jeans,Clothing,2748,3496,62.00,West Virginia,M,Teal,Winter,3.1,0,Free Shipping,No,No,21,Credit Card,Every 3 Months,2024-12-09
2749,24,Female,2749,Jacket,Outerwear,2749,3497,98.00,Virginia,L,Turquoise,Spring,3,0,Free Shipping,No,No,16,Venmo,Annually,2024-04-20
2750,64,Female,2750,Jacket,Outerwear,2750,3499,53.00,Vermont,M,Cyan,Spring,3.4,0,Standard,No,No,15,Bank Transfer,Annually,2024-04-10
2751,51,Female,2751,Sandals,Footwear,2751,3500,66.00,Alaska,L,Pink,Spring,2.7,0,2-Day Shipping,No,No,26,PayPal,Every 3 Months,2024-04-08
2752,27,Female,2752,Dress,Clothing,2752,3501,52.00,Minnesota,S,Indigo,Fall,3.1,0,Free Shipping,No,No,50,Venmo,Monthly,2024-09-16
2753,48,Female,2753,Sweater,Clothing,2753,3502,64.00,Colorado,S,Peach,Winter,4,0,Free Shipping,No,No,30,Venmo,Bi-Weekly,2024-12-18
2754,69,Female,2754,Gloves,Accessories,2754,3503,59.00,Rhode Island,M,Beige,Spring,3.6,0,Next Day Air,No,No,48,PayPal,Quarterly,2024-05-25
2755,59,Female,2755,Sunglasses,Accessories,2755,3505,61.00,New Jersey,L,Gold,Summer,3.6,0,Free Shipping,No,No,21,Venmo,Bi-Weekly,2024-07-21
2756,59,Female,2756,Belt,Accessories,2756,3506,97.00,Nevada,M,Indigo,Winter,3.3,0,Store Pickup,No,No,18,Credit Card,Annually,2024-12-07
2757,42,Female,2757,Hat,Accessories,2757,3507,23.00,Minnesota,L,Violet,Winter,4.1,0,Free Shipping,No,No,41,PayPal,Monthly,2024-12-14
2758,39,Female,2758,Hat,Accessories,2758,3508,98.00,Delaware,XL,Brown,Fall,4.3,0,Next Day Air,No,No,11,Venmo,Monthly,2024-09-24
2759,32,Female,2759,Blouse,Clothing,2759,3509,98.00,Illinois,M,Purple,Summer,3.2,0,Standard,No,No,8,Bank Transfer,Bi-Weekly,2024-08-24
2760,68,Female,2760,Shoes,Footwear,2760,3511,59.00,Washington,M,Turquoise,Summer,3.9,0,Free Shipping,No,No,42,Cash,Every 3 Months,2024-07-24
2761,41,Female,2761,Skirt,Clothing,2761,3512,82.00,Alaska,S,Violet,Fall,5,0,Next Day Air,No,No,41,Credit Card,Bi-Weekly,2024-09-13
2762,31,Female,2762,Sneakers,Footwear,2762,3513,82.00,Michigan,M,Purple,Fall,3.4,0,Next Day Air,No,No,3,Credit Card,Every 3 Months,2024-09-13
2763,58,Female,2763,T-shirt,Clothing,2763,3514,41.00,Georgia,M,Charcoal,Fall,3.8,0,Store Pickup,No,No,10,Debit Card,Every 3 Months,2024-09-19
2764,28,Female,2764,Handbag,Accessories,2764,3515,52.00,West Virginia,M,Green,Fall,2.9,0,2-Day Shipping,No,No,35,Venmo,Quarterly,2024-10-02
2765,63,Female,2765,Sweater,Clothing,2765,3517,41.00,Arizona,XL,White,Spring,2.6,0,Next Day Air,No,No,2,Debit Card,Weekly,2024-05-10
2766,64,Female,2766,Gloves,Accessories,2766,3518,70.00,Colorado,M,Purple,Summer,4.3,0,2-Day Shipping,No,No,24,Credit Card,Quarterly,2024-08-27
2767,66,Female,2767,Dress,Clothing,2767,3519,91.00,Tennessee,M,Cyan,Winter,2.8,0,Standard,No,No,47,Credit Card,Monthly,2024-02-07
2768,31,Female,2768,Dress,Clothing,2768,3520,95.00,Iowa,M,Green,Spring,4.5,0,Free Shipping,No,No,31,Cash,Monthly,2024-04-26
2769,55,Female,2769,Blouse,Clothing,2769,3521,25.00,Kansas,M,Beige,Spring,3.8,0,2-Day Shipping,No,No,28,PayPal,Bi-Weekly,2024-03-06
2770,32,Female,2770,Shirt,Clothing,2770,3523,89.00,Oklahoma,L,Lavender,Fall,3,0,Standard,No,No,13,Cash,Weekly,2024-10-12
2771,50,Female,2771,Boots,Footwear,2771,3524,44.00,Nebraska,S,Blue,Fall,3.3,0,Express,No,No,22,Bank Transfer,Quarterly,2024-09-25
2772,58,Female,2772,Jacket,Outerwear,2772,3525,52.00,Maryland,S,Beige,Summer,3.1,0,2-Day Shipping,No,No,12,Bank Transfer,Fortnightly,2024-08-10
2773,18,Female,2773,Backpack,Accessories,2773,3526,94.00,Pennsylvania,L,Blue,Spring,3.5,0,Store Pickup,No,No,10,Bank Transfer,Every 3 Months,2024-03-27
2774,39,Female,2774,Pants,Clothing,2774,3527,98.00,Arizona,S,Maroon,Spring,4.6,0,Express,No,No,45,Bank Transfer,Quarterly,2024-04-11
2775,56,Female,2775,Boots,Footwear,2775,3529,40.00,Oklahoma,L,Yellow,Fall,4.1,0,Standard,No,No,42,Credit Card,Quarterly,2024-09-22
2776,37,Female,2776,Socks,Clothing,2776,3530,25.00,Montana,L,Red,Fall,3.6,0,Free Shipping,No,No,16,Debit Card,Weekly,2024-10-09
2777,46,Female,2777,Scarf,Accessories,2777,3531,62.00,Wyoming,L,Green,Fall,2.9,0,Free Shipping,No,No,6,Bank Transfer,Annually,2024-10-10
2778,52,Female,2778,Blouse,Clothing,2778,3532,24.00,Idaho,M,Magenta,Fall,4.8,0,Standard,No,No,28,Credit Card,Every 3 Months,2024-11-15
2779,70,Female,2779,Belt,Accessories,2779,3533,57.00,Pennsylvania,L,Yellow,Spring,3.2,0,Standard,No,No,24,Credit Card,Bi-Weekly,2024-04-10
2780,61,Female,2780,Sunglasses,Accessories,2780,3535,66.00,Montana,L,Blue,Winter,4.3,0,Express,No,No,14,Credit Card,Fortnightly,2024-01-04
2781,33,Female,2781,Boots,Footwear,2781,3536,70.00,Ohio,M,Charcoal,Winter,4.1,0,Next Day Air,No,No,29,PayPal,Fortnightly,2024-12-04
2782,65,Female,2782,Sandals,Footwear,2782,3537,39.00,Mississippi,M,Blue,Spring,4.6,0,Standard,No,No,33,PayPal,Weekly,2024-05-12
2783,41,Female,2783,Gloves,Accessories,2783,3538,34.00,Idaho,S,Cyan,Spring,3.8,0,Free Shipping,No,No,30,PayPal,Annually,2024-05-03
2784,19,Female,2784,Skirt,Clothing,2784,3539,38.00,Virginia,M,Silver,Spring,4.5,0,Next Day Air,No,No,26,Credit Card,Quarterly,2024-04-11
2785,33,Female,2785,Skirt,Clothing,2785,3541,70.00,Idaho,M,Black,Winter,3.1,0,Express,No,No,12,PayPal,Every 3 Months,2024-02-14
2786,53,Female,2786,Blouse,Clothing,2786,3542,80.00,Louisiana,S,Green,Summer,2.9,0,Next Day Air,No,No,13,Bank Transfer,Monthly,2024-06-04
2787,54,Female,2787,Handbag,Accessories,2787,3543,51.00,Colorado,M,Violet,Spring,3.8,0,Next Day Air,No,No,41,Debit Card,Every 3 Months,2024-03-13
2788,36,Female,2788,Boots,Footwear,2788,3544,79.00,West Virginia,XL,Pink,Spring,4.1,0,Next Day Air,No,No,4,Venmo,Fortnightly,2024-05-24
2789,56,Female,2789,Boots,Footwear,2789,3545,92.00,Rhode Island,M,Olive,Summer,3.1,0,Free Shipping,No,No,2,Credit Card,Annually,2024-08-10
2790,28,Female,2790,Sweater,Clothing,2790,3547,85.00,North Carolina,L,Orange,Fall,5,0,Express,No,No,28,Credit Card,Bi-Weekly,2024-10-21
2791,34,Female,2791,Socks,Clothing,2791,3548,63.00,Maine,M,Black,Spring,4.5,0,Free Shipping,No,No,24,Debit Card,Annually,2024-05-04
2792,43,Female,2792,Gloves,Accessories,2792,3549,60.00,Iowa,M,Yellow,Fall,2.8,0,Express,No,No,14,Venmo,Fortnightly,2024-09-27
2793,54,Female,2793,Shorts,Clothing,2793,3550,44.00,Kentucky,L,Violet,Winter,3.2,0,Express,No,No,11,Credit Card,Weekly,2024-12-19
2794,37,Female,2794,Boots,Footwear,2794,3551,57.00,Massachusetts,M,Silver,Spring,3.1,0,Standard,No,No,27,Debit Card,Bi-Weekly,2024-05-19
2795,33,Female,2795,Jacket,Outerwear,2795,3553,24.00,New York,M,Gold,Fall,3.3,0,Standard,No,No,7,Cash,Fortnightly,2024-09-14
2796,33,Female,2796,Scarf,Accessories,2796,3554,35.00,Nebraska,M,Magenta,Winter,3.4,0,Store Pickup,No,No,49,PayPal,Annually,2024-12-08
2797,55,Female,2797,Jacket,Outerwear,2797,3555,73.00,Oklahoma,M,Red,Winter,3.8,0,Store Pickup,No,No,21,Cash,Annually,2024-12-10
2798,63,Female,2798,Jewelry,Accessories,2798,3556,42.00,Oklahoma,M,Green,Winter,3.5,0,Express,No,No,10,Venmo,Every 3 Months,2024-12-23
2799,52,Female,2799,Hoodie,Clothing,2799,3557,20.00,Rhode Island,XL,Red,Winter,4.8,0,Store Pickup,No,No,37,PayPal,Weekly,2024-12-21
2800,23,Female,2800,T-shirt,Clothing,2800,3559,89.00,Maine,L,Pink,Spring,3.9,0,Free Shipping,No,No,9,Bank Transfer,Every 3 Months,2024-03-10
2801,70,Female,2801,Shirt,Clothing,2801,3560,76.00,Arkansas,L,Violet,Fall,3.4,0,Free Shipping,No,No,14,Cash,Bi-Weekly,2024-10-12
2802,64,Female,2802,Shirt,Clothing,2802,3561,56.00,New Mexico,M,Indigo,Winter,2.6,0,Express,No,No,30,PayPal,Annually,2024-01-05
2803,22,Female,2803,Coat,Outerwear,2803,3562,100.00,Hawaii,L,Red,Fall,3.1,0,Store Pickup,No,No,42,Credit Card,Fortnightly,2024-09-02
2804,46,Female,2804,T-shirt,Clothing,2804,3563,44.00,Idaho,M,Violet,Winter,3.3,0,Free Shipping,No,No,31,Bank Transfer,Monthly,2024-02-16
2805,65,Female,2805,Hoodie,Clothing,2805,3565,76.00,South Carolina,M,Cyan,Spring,2.8,0,Standard,No,No,48,Bank Transfer,Every 3 Months,2024-03-20
2806,18,Female,2806,Sunglasses,Accessories,2806,3566,97.00,Nevada,S,Black,Fall,4.3,0,Standard,No,No,48,Cash,Quarterly,2024-10-07
2807,45,Female,2807,Blouse,Clothing,2807,3567,39.00,South Carolina,L,Purple,Spring,2.7,0,Standard,No,No,50,Credit Card,Annually,2024-05-27
2808,56,Female,2808,Hoodie,Clothing,2808,3568,100.00,Maryland,M,Charcoal,Spring,4.4,0,2-Day Shipping,No,No,10,Debit Card,Fortnightly,2024-05-03
2809,49,Female,2809,Skirt,Clothing,2809,3569,62.00,Tennessee,M,Beige,Spring,3.9,0,Free Shipping,No,No,45,PayPal,Every 3 Months,2024-04-06
2810,66,Female,2810,Shorts,Clothing,2810,3571,98.00,Arkansas,XL,Teal,Summer,3,0,Standard,No,No,27,Debit Card,Quarterly,2024-07-04
2811,27,Female,2811,Jeans,Clothing,2811,3572,31.00,Arizona,M,Purple,Summer,4,0,Standard,No,No,10,Debit Card,Fortnightly,2024-07-10
2812,69,Female,2812,Jacket,Outerwear,2812,3573,89.00,Ohio,M,Blue,Fall,3.7,0,Store Pickup,No,No,19,Credit Card,Quarterly,2024-10-03
2813,66,Female,2813,Hoodie,Clothing,2813,3574,91.00,North Dakota,XL,Magenta,Fall,3.8,0,Store Pickup,No,No,1,Credit Card,Every 3 Months,2024-10-03
2814,45,Female,2814,Shirt,Clothing,2814,3575,50.00,Vermont,S,Maroon,Summer,3.3,0,2-Day Shipping,No,No,39,Debit Card,Quarterly,2024-06-10
2815,31,Female,2815,T-shirt,Clothing,2815,3577,32.00,Minnesota,L,Gold,Winter,3.6,0,Standard,No,No,14,Bank Transfer,Monthly,2024-02-19
2816,33,Female,2816,Blouse,Clothing,2816,3578,67.00,Idaho,L,Black,Fall,3.9,0,Free Shipping,No,No,40,Venmo,Every 3 Months,2024-09-14
2817,43,Female,2817,Skirt,Clothing,2817,3579,28.00,Maryland,M,Black,Spring,3.5,0,Free Shipping,No,No,45,Venmo,Weekly,2024-03-28
2818,25,Female,2818,Backpack,Accessories,2818,3580,65.00,South Carolina,XL,Yellow,Winter,3.4,0,Standard,No,No,6,Venmo,Weekly,2024-02-02
2819,46,Female,2819,Shorts,Clothing,2819,3581,73.00,California,M,Turquoise,Fall,4.7,0,Next Day Air,No,No,12,Debit Card,Annually,2024-10-14
2820,67,Female,2820,Shirt,Clothing,2820,3583,27.00,Georgia,L,Lavender,Spring,3,0,Free Shipping,No,No,19,Cash,Monthly,2024-03-23
2821,26,Female,2821,Backpack,Accessories,2821,3584,89.00,Vermont,L,Yellow,Summer,3.9,0,Free Shipping,No,No,5,Cash,Bi-Weekly,2024-06-04
2822,35,Female,2822,Shoes,Footwear,2822,3585,72.00,Georgia,L,Olive,Summer,4.5,0,Standard,No,No,37,Venmo,Monthly,2024-06-09
2823,61,Female,2823,Skirt,Clothing,2823,3586,37.00,New Jersey,S,Brown,Fall,4.1,0,Standard,No,No,33,PayPal,Quarterly,2024-11-03
2824,26,Female,2824,Dress,Clothing,2824,3587,63.00,Utah,M,Olive,Summer,4.5,0,Standard,No,No,47,Debit Card,Bi-Weekly,2024-06-03
2825,39,Female,2825,Hat,Accessories,2825,3589,90.00,Utah,M,Purple,Fall,4,0,Free Shipping,No,No,49,Debit Card,Quarterly,2024-10-14
2826,69,Female,2826,Handbag,Accessories,2826,3590,62.00,North Carolina,M,Yellow,Winter,4.3,0,2-Day Shipping,No,No,28,Bank Transfer,Annually,2024-01-17
2827,32,Female,2827,Handbag,Accessories,2827,3591,43.00,Florida,L,Brown,Fall,3.6,0,Express,No,No,23,Venmo,Annually,2024-11-10
2828,20,Female,2828,Blouse,Clothing,2828,3592,96.00,Wisconsin,M,Magenta,Fall,3.1,0,Next Day Air,No,No,11,Bank Transfer,Bi-Weekly,2024-11-20
2829,25,Female,2829,Scarf,Accessories,2829,3593,83.00,Tennessee,L,Lavender,Fall,2.6,0,Standard,No,No,33,PayPal,Quarterly,2024-09-13
2830,56,Female,2830,Jewelry,Accessories,2830,3595,67.00,Arizona,XL,Teal,Fall,3.4,0,Next Day Air,No,No,47,Cash,Weekly,2024-10-27
2831,63,Female,2831,Skirt,Clothing,2831,3596,90.00,Oregon,L,Cyan,Spring,2.9,0,Store Pickup,No,No,13,Venmo,Every 3 Months,2024-04-14
2832,34,Female,2832,Hoodie,Clothing,2832,3597,53.00,Virginia,L,Pink,Winter,5,0,Express,No,No,4,Credit Card,Weekly,2024-01-11
2833,29,Female,2833,Scarf,Accessories,2833,3598,37.00,Maryland,M,Magenta,Summer,4.6,0,Standard,No,No,40,PayPal,Quarterly,2024-08-11
2834,43,Female,2834,Jeans,Clothing,2834,3599,56.00,Arkansas,M,Teal,Fall,3.3,0,Free Shipping,No,No,19,Cash,Monthly,2024-10-07
2835,39,Female,2835,Jacket,Outerwear,2835,3601,43.00,Texas,M,Indigo,Fall,2.9,0,2-Day Shipping,No,No,17,Credit Card,Weekly,2024-09-26
2836,33,Female,2836,T-shirt,Clothing,2836,3602,84.00,Vermont,S,Pink,Winter,4.9,0,Free Shipping,No,No,7,Venmo,Annually,2024-12-06
2837,51,Female,2837,Pants,Clothing,2837,3603,50.00,Wyoming,M,Charcoal,Winter,5,0,2-Day Shipping,No,No,21,Cash,Bi-Weekly,2024-01-13
2838,65,Female,2838,Shoes,Footwear,2838,3604,88.00,Alabama,M,Brown,Summer,4.5,0,Express,No,No,44,PayPal,Weekly,2024-08-24
2839,51,Female,2839,Jacket,Outerwear,2839,3605,50.00,Maine,M,Blue,Fall,3.7,0,Free Shipping,No,No,2,Bank Transfer,Weekly,2024-11-06
2840,70,Female,2840,Scarf,Accessories,2840,3607,80.00,South Dakota,L,Teal,Summer,2.8,0,Store Pickup,No,No,30,Bank Transfer,Monthly,2024-07-10
2841,40,Female,2841,T-shirt,Clothing,2841,3608,47.00,West Virginia,L,Pink,Spring,3.5,0,Store Pickup,No,No,41,Cash,Annually,2024-05-21
2842,19,Female,2842,Dress,Clothing,2842,3609,33.00,Ohio,XL,Magenta,Winter,3,0,2-Day Shipping,No,No,31,Cash,Weekly,2024-02-21
2843,28,Female,2843,Coat,Outerwear,2843,3610,100.00,Arizona,L,Green,Fall,4.3,0,Standard,No,No,48,Debit Card,Quarterly,2024-10-12
2844,51,Female,2844,Sweater,Clothing,2844,3611,26.00,Ohio,M,White,Summer,3.6,0,Store Pickup,No,No,41,Venmo,Weekly,2024-07-20
2845,32,Female,2845,Hat,Accessories,2845,3613,79.00,New Mexico,M,Indigo,Summer,4.4,0,Standard,No,No,42,Venmo,Annually,2024-08-11
2846,26,Female,2846,Backpack,Accessories,2846,3614,77.00,South Dakota,L,Lavender,Summer,4.1,0,Express,No,No,39,Debit Card,Every 3 Months,2024-08-01
2847,50,Female,2847,Socks,Clothing,2847,3615,36.00,Oklahoma,XL,Black,Fall,2.8,0,Next Day Air,No,No,15,PayPal,Bi-Weekly,2024-09-14
2848,68,Female,2848,Jewelry,Accessories,2848,3616,21.00,Connecticut,L,Charcoal,Winter,2.8,0,Free Shipping,No,No,3,PayPal,Every 3 Months,2024-01-25
2849,33,Female,2849,Boots,Footwear,2849,3617,72.00,Wisconsin,L,Gray,Fall,4.9,0,Store Pickup,No,No,28,Bank Transfer,Quarterly,2024-11-09
2850,56,Female,2850,Coat,Outerwear,2850,3619,25.00,New Hampshire,M,Gold,Spring,4.1,0,Express,No,No,27,PayPal,Bi-Weekly,2024-05-26
2851,57,Female,2851,Sweater,Clothing,2851,3620,79.00,Nebraska,M,Silver,Spring,3,0,Store Pickup,No,No,36,Debit Card,Annually,2024-05-07
2852,58,Female,2852,Blouse,Clothing,2852,3621,73.00,Nevada,L,Teal,Summer,3,0,Store Pickup,No,No,42,Debit Card,Monthly,2024-07-25
2853,40,Female,2853,Belt,Accessories,2853,3622,71.00,New York,M,Magenta,Spring,3,0,Store Pickup,No,No,30,Venmo,Weekly,2024-04-24
2854,37,Female,2854,Hat,Accessories,2854,3623,48.00,Pennsylvania,M,Magenta,Winter,3.2,0,Next Day Air,No,No,9,PayPal,Weekly,2024-01-03
2855,36,Female,2855,Sandals,Footwear,2855,3625,28.00,Delaware,M,Beige,Fall,2.7,0,Store Pickup,No,No,25,Venmo,Monthly,2024-10-23
2856,29,Female,2856,Boots,Footwear,2856,3626,95.00,Mississippi,S,Maroon,Winter,3.8,0,2-Day Shipping,No,No,33,PayPal,Quarterly,2024-01-15
2857,65,Female,2857,Jacket,Outerwear,2857,3627,48.00,Iowa,M,Indigo,Winter,3.5,0,2-Day Shipping,No,No,31,Credit Card,Monthly,2024-01-02
2858,44,Female,2858,Dress,Clothing,2858,3628,93.00,Utah,S,Maroon,Spring,3.8,0,Next Day Air,No,No,35,Debit Card,Monthly,2024-03-10
2859,34,Female,2859,Jeans,Clothing,2859,3629,87.00,Maryland,L,Teal,Summer,3.8,0,2-Day Shipping,No,No,46,Bank Transfer,Monthly,2024-07-01
2860,31,Female,2860,Shorts,Clothing,2860,3631,32.00,Utah,L,Yellow,Fall,3.4,0,Express,No,No,29,Bank Transfer,Annually,2024-11-21
2861,28,Female,2861,Shirt,Clothing,2861,3632,38.00,Rhode Island,M,Gold,Spring,2.9,0,Next Day Air,No,No,49,Bank Transfer,Weekly,2024-03-02
2862,66,Female,2862,Coat,Outerwear,2862,3633,54.00,Maryland,M,Teal,Fall,3.4,0,Free Shipping,No,No,27,Credit Card,Monthly,2024-10-14
2863,68,Female,2863,Coat,Outerwear,2863,3634,75.00,Hawaii,S,Violet,Summer,4.7,0,Store Pickup,No,No,5,Bank Transfer,Every 3 Months,2024-07-13
2864,37,Female,2864,T-shirt,Clothing,2864,3635,56.00,Connecticut,M,Yellow,Fall,3.9,0,2-Day Shipping,No,No,18,Venmo,Monthly,2024-11-18
2865,58,Female,2865,Sweater,Clothing,2865,3637,43.00,Illinois,S,Maroon,Fall,3.6,0,Store Pickup,No,No,31,Venmo,Weekly,2024-10-12
2866,28,Female,2866,Skirt,Clothing,2866,3638,97.00,California,M,Silver,Fall,3.7,0,Free Shipping,No,No,27,Cash,Fortnightly,2024-11-18
2867,54,Female,2867,Blouse,Clothing,2867,3639,75.00,Connecticut,S,Violet,Summer,3.1,0,Free Shipping,No,No,19,Cash,Annually,2024-08-20
2868,21,Female,2868,Sneakers,Footwear,2868,3640,55.00,Colorado,L,White,Summer,4.9,0,Next Day Air,No,No,33,Cash,Fortnightly,2024-08-23
2869,45,Female,2869,Backpack,Accessories,2869,3641,49.00,Colorado,M,Black,Winter,2.6,0,Next Day Air,No,No,42,PayPal,Every 3 Months,2024-01-21
2870,57,Female,2870,Socks,Clothing,2870,3643,58.00,Georgia,M,White,Summer,4.2,0,Standard,No,No,16,Bank Transfer,Weekly,2024-06-02
2871,47,Female,2871,Jewelry,Accessories,2871,3644,34.00,North Dakota,M,Blue,Winter,4.8,0,Free Shipping,No,No,49,Debit Card,Every 3 Months,2024-12-07
2872,46,Female,2872,Shorts,Clothing,2872,3645,43.00,Idaho,S,Black,Summer,2.7,0,2-Day Shipping,No,No,40,Venmo,Bi-Weekly,2024-08-15
2873,63,Female,2873,Jewelry,Accessories,2873,3646,48.00,Connecticut,L,Olive,Fall,2.6,0,Next Day Air,No,No,5,Cash,Annually,2024-09-16
2874,44,Female,2874,Sweater,Clothing,2874,3647,40.00,Montana,M,Teal,Spring,2.6,0,Free Shipping,No,No,8,Bank Transfer,Monthly,2024-04-06
2875,36,Female,2875,Shirt,Clothing,2875,3649,29.00,Colorado,L,Silver,Summer,3.1,0,Standard,No,No,2,Debit Card,Annually,2024-07-20
2876,24,Female,2876,Pants,Clothing,2876,3650,81.00,Kentucky,M,Pink,Fall,2.6,0,Free Shipping,No,No,14,Debit Card,Weekly,2024-11-10
2877,65,Female,2877,Hoodie,Clothing,2877,3651,84.00,New Mexico,M,Charcoal,Spring,3.4,0,2-Day Shipping,No,No,5,Bank Transfer,Fortnightly,2024-04-03
2878,32,Female,2878,Socks,Clothing,2878,3652,46.00,New Jersey,M,Silver,Summer,3.6,0,Standard,No,No,34,Venmo,Monthly,2024-06-12
2879,63,Female,2879,Dress,Clothing,2879,3653,86.00,California,L,Turquoise,Summer,4.3,0,Next Day Air,No,No,13,Bank Transfer,Annually,2024-07-19
2880,62,Female,2880,Blouse,Clothing,2880,3655,57.00,North Dakota,XL,Turquoise,Winter,4.9,0,Free Shipping,No,No,31,Venmo,Annually,2024-02-12
2881,19,Female,2881,Skirt,Clothing,2881,3656,61.00,Florida,L,Beige,Winter,4.8,0,Store Pickup,No,No,43,PayPal,Quarterly,2024-01-20
2882,38,Female,2882,Backpack,Accessories,2882,3657,90.00,Texas,M,Cyan,Winter,4.2,0,Free Shipping,No,No,6,Bank Transfer,Annually,2024-12-10
2883,59,Female,2883,Blouse,Clothing,2883,3658,51.00,Oklahoma,L,Gold,Winter,2.6,0,Store Pickup,No,No,23,Credit Card,Bi-Weekly,2024-12-06
2884,22,Female,2884,Socks,Clothing,2884,3659,48.00,Rhode Island,XL,Silver,Spring,3.2,0,Standard,No,No,10,PayPal,Weekly,2024-03-05
2885,55,Female,2885,Boots,Footwear,2885,3661,50.00,Arkansas,M,Purple,Summer,3.4,0,2-Day Shipping,No,No,47,Credit Card,Every 3 Months,2024-07-27
2886,29,Female,2886,Backpack,Accessories,2886,3662,82.00,Nevada,M,Yellow,Summer,3.5,0,Next Day Air,No,No,14,Credit Card,Bi-Weekly,2024-06-10
2887,42,Female,2887,Hat,Accessories,2887,3663,33.00,Utah,L,Blue,Spring,4.2,0,Free Shipping,No,No,29,PayPal,Weekly,2024-03-06
2888,23,Female,2888,Sandals,Footwear,2888,3664,28.00,Kentucky,L,Blue,Winter,2.8,0,Express,No,No,12,Cash,Bi-Weekly,2024-12-28
2889,70,Female,2889,Hoodie,Clothing,2889,3665,42.00,Wisconsin,L,Green,Spring,5,0,2-Day Shipping,No,No,25,Debit Card,Quarterly,2024-05-13
2890,64,Female,2890,Sunglasses,Accessories,2890,3667,43.00,Minnesota,M,Charcoal,Fall,3.3,0,Store Pickup,No,No,21,Venmo,Annually,2024-10-20
2891,39,Female,2891,Jeans,Clothing,2891,3668,55.00,North Dakota,M,Violet,Winter,3.7,0,Free Shipping,No,No,23,Credit Card,Monthly,2024-12-02
2892,47,Female,2892,T-shirt,Clothing,2892,3669,73.00,Ohio,XL,Black,Winter,2.5,0,Free Shipping,No,No,10,PayPal,Monthly,2024-02-07
2893,22,Female,2893,Dress,Clothing,2893,3670,39.00,Nevada,M,Teal,Spring,3.2,0,Standard,No,No,47,Credit Card,Monthly,2024-04-25
2894,69,Female,2894,Belt,Accessories,2894,3671,20.00,Kentucky,S,Orange,Spring,3.1,0,Free Shipping,No,No,44,Debit Card,Every 3 Months,2024-04-04
2895,35,Female,2895,Jewelry,Accessories,2895,3673,32.00,Kentucky,S,Brown,Spring,3.5,0,Standard,No,No,41,Venmo,Annually,2024-04-09
2896,56,Female,2896,Hoodie,Clothing,2896,3674,86.00,Montana,L,Green,Summer,4.6,0,Standard,No,No,29,Bank Transfer,Monthly,2024-07-08
2897,30,Female,2897,Blouse,Clothing,2897,3675,91.00,Delaware,M,Silver,Summer,3.3,0,Free Shipping,No,No,2,Venmo,Every 3 Months,2024-06-23
2898,43,Female,2898,Jacket,Outerwear,2898,3676,59.00,Montana,L,Violet,Fall,2.5,0,Free Shipping,No,No,2,Cash,Fortnightly,2024-10-28
2899,23,Female,2899,Sneakers,Footwear,2899,3677,33.00,New Jersey,XL,Peach,Summer,4.6,0,Express,No,No,29,Credit Card,Annually,2024-08-24
2900,50,Female,2900,Boots,Footwear,2900,3679,64.00,Nebraska,M,Gold,Spring,4.2,0,2-Day Shipping,No,No,22,Bank Transfer,Fortnightly,2024-05-21
2901,41,Female,2901,Blouse,Clothing,2901,3680,67.00,Maryland,XL,Violet,Winter,4,0,Standard,No,No,23,Cash,Bi-Weekly,2024-01-06
2902,41,Female,2902,Blouse,Clothing,2902,3681,43.00,Alabama,L,Olive,Winter,2.6,0,Free Shipping,No,No,46,Credit Card,Quarterly,2024-01-14
2903,27,Female,2903,Boots,Footwear,2903,3682,32.00,North Carolina,S,Orange,Spring,4.6,0,Standard,No,No,19,PayPal,Bi-Weekly,2024-04-04
2904,38,Female,2904,Scarf,Accessories,2904,3683,39.00,Delaware,S,Teal,Spring,3.5,0,2-Day Shipping,No,No,24,Credit Card,Every 3 Months,2024-04-21
2905,41,Female,2905,Sandals,Footwear,2905,3685,41.00,Iowa,M,Gray,Spring,4,0,2-Day Shipping,No,No,43,Venmo,Monthly,2024-03-25
2906,58,Female,2906,Sunglasses,Accessories,2906,3686,53.00,New York,L,Black,Winter,4.8,0,Standard,No,No,14,Debit Card,Fortnightly,2024-12-10
2907,58,Female,2907,Coat,Outerwear,2907,3687,27.00,Virginia,M,Indigo,Spring,3.9,0,Standard,No,No,7,Venmo,Annually,2024-04-05
2908,19,Female,2908,Sunglasses,Accessories,2908,3688,82.00,Maryland,XL,Lavender,Summer,3.7,0,Next Day Air,No,No,50,PayPal,Bi-Weekly,2024-07-23
2909,43,Female,2909,Blouse,Clothing,2909,3689,87.00,Texas,M,Beige,Winter,3.1,0,Store Pickup,No,No,15,Debit Card,Every 3 Months,2024-12-21
2910,27,Female,2910,Backpack,Accessories,2910,3691,78.00,Louisiana,M,Indigo,Winter,3,0,Next Day Air,No,No,40,Credit Card,Every 3 Months,2024-02-06
2911,32,Female,2911,Belt,Accessories,2911,3692,32.00,Mississippi,M,Blue,Summer,2.9,0,Store Pickup,No,No,41,Credit Card,Monthly,2024-07-05
2912,28,Female,2912,Socks,Clothing,2912,3693,38.00,Ohio,XL,Orange,Fall,2.9,0,Next Day Air,No,No,34,Venmo,Quarterly,2024-10-26
2913,48,Female,2913,Shoes,Footwear,2913,3694,37.00,Oregon,M,Yellow,Winter,4,0,Standard,No,No,27,Cash,Bi-Weekly,2024-02-02
2914,43,Female,2914,Coat,Outerwear,2914,3695,83.00,Wyoming,L,Cyan,Winter,3.5,0,Express,No,No,12,Cash,Every 3 Months,2024-12-02
2915,45,Female,2915,Sweater,Clothing,2915,3697,72.00,Pennsylvania,M,Yellow,Fall,3.8,0,Express,No,No,1,Debit Card,Bi-Weekly,2024-09-10
2916,26,Female,2916,Shirt,Clothing,2916,3698,30.00,Oregon,M,Cyan,Fall,4.5,0,Express,No,No,39,Debit Card,Bi-Weekly,2024-10-15
2917,62,Female,2917,Shorts,Clothing,2917,3699,66.00,Oklahoma,M,Green,Winter,2.7,0,Express,No,No,13,Credit Card,Bi-Weekly,2024-01-19
2918,58,Female,2918,Shirt,Clothing,2918,3700,45.00,Colorado,XL,White,Winter,2.9,0,Store Pickup,No,No,50,Venmo,Annually,2024-12-06
2919,19,Female,2919,Sunglasses,Accessories,2919,3701,73.00,New York,S,Black,Fall,4.9,0,Free Shipping,No,No,36,Cash,Weekly,2024-10-19
2920,64,Female,2920,Shoes,Footwear,2920,3703,67.00,Minnesota,L,Charcoal,Winter,3.8,0,Standard,No,No,31,Debit Card,Monthly,2024-02-03
2921,33,Female,2921,Sunglasses,Accessories,2921,3704,72.00,Texas,XL,Brown,Spring,4.9,0,Free Shipping,No,No,3,Debit Card,Bi-Weekly,2024-03-24
2922,20,Female,2922,Handbag,Accessories,2922,3705,24.00,Wisconsin,M,Cyan,Fall,4.6,0,Standard,No,No,11,Cash,Fortnightly,2024-09-11
2923,45,Female,2923,Sunglasses,Accessories,2923,3706,68.00,Kentucky,L,Beige,Winter,3.5,0,Express,No,No,16,PayPal,Quarterly,2024-02-05
2924,28,Female,2924,Shirt,Clothing,2924,3707,70.00,Pennsylvania,M,Magenta,Spring,4.2,0,2-Day Shipping,No,No,12,Cash,Quarterly,2024-05-26
2925,47,Female,2925,Shirt,Clothing,2925,3709,64.00,Rhode Island,L,Indigo,Winter,3.7,0,Free Shipping,No,No,37,Debit Card,Every 3 Months,2024-12-05
2926,54,Female,2926,Sweater,Clothing,2926,3710,91.00,Illinois,M,Maroon,Spring,2.8,0,Store Pickup,No,No,43,Credit Card,Every 3 Months,2024-05-04
2927,64,Female,2927,Handbag,Accessories,2927,3711,82.00,Maryland,M,Gray,Winter,4.8,0,2-Day Shipping,No,No,9,Cash,Weekly,2024-12-06
2928,45,Female,2928,Shirt,Clothing,2928,3712,24.00,Missouri,M,Black,Summer,2.7,0,Express,No,No,15,Venmo,Bi-Weekly,2024-08-27
2929,40,Female,2929,Jewelry,Accessories,2929,3713,80.00,Alabama,L,Yellow,Spring,3.6,0,Store Pickup,No,No,17,Credit Card,Weekly,2024-04-20
2930,31,Female,2930,Socks,Clothing,2930,3715,53.00,Maine,XL,White,Winter,4.5,0,Next Day Air,No,No,42,Venmo,Fortnightly,2024-12-14
2931,38,Female,2931,T-shirt,Clothing,2931,3716,50.00,Mississippi,M,Orange,Spring,4,0,Free Shipping,No,No,14,Venmo,Monthly,2024-03-05
2932,36,Female,2932,Jewelry,Accessories,2932,3717,31.00,Alabama,M,Magenta,Fall,4.5,0,2-Day Shipping,No,No,49,Credit Card,Bi-Weekly,2024-10-28
2933,65,Female,2933,Backpack,Accessories,2933,3718,88.00,Alaska,L,Black,Spring,3.9,0,Express,No,No,3,PayPal,Quarterly,2024-03-28
2934,27,Female,2934,Hat,Accessories,2934,3719,52.00,Illinois,M,Brown,Summer,3.8,0,Standard,No,No,28,Venmo,Monthly,2024-07-01
2935,38,Female,2935,Gloves,Accessories,2935,3721,22.00,Idaho,M,Orange,Fall,4.7,0,Next Day Air,No,No,41,Bank Transfer,Quarterly,2024-11-14
2936,58,Female,2936,Sneakers,Footwear,2936,3722,27.00,North Carolina,XL,Gray,Spring,4.6,0,Standard,No,No,11,Venmo,Weekly,2024-05-06
2937,31,Female,2937,Skirt,Clothing,2937,3723,34.00,Washington,M,White,Spring,3.6,0,Express,No,No,46,PayPal,Weekly,2024-04-25
2938,28,Female,2938,Handbag,Accessories,2938,3724,39.00,West Virginia,M,White,Spring,4.3,0,2-Day Shipping,No,No,15,Credit Card,Weekly,2024-05-09
2939,28,Female,2939,Sunglasses,Accessories,2939,3725,53.00,Maine,M,Violet,Fall,3,0,Standard,No,No,15,Cash,Monthly,2024-09-12
2940,32,Female,2940,Sweater,Clothing,2940,3727,46.00,Kentucky,M,Beige,Winter,4.3,0,Express,No,No,34,Venmo,Weekly,2024-12-27
2941,61,Female,2941,Handbag,Accessories,2941,3728,85.00,Massachusetts,L,Beige,Summer,4.8,0,Next Day Air,No,No,13,Cash,Monthly,2024-06-05
2942,38,Female,2942,Skirt,Clothing,2942,3729,86.00,Pennsylvania,L,Purple,Spring,3.7,0,Free Shipping,No,No,27,PayPal,Monthly,2024-03-13
2943,54,Female,2943,Socks,Clothing,2943,3730,63.00,Hawaii,M,Brown,Summer,2.6,0,Free Shipping,No,No,37,Bank Transfer,Weekly,2024-08-06
2944,29,Female,2944,Shirt,Clothing,2944,3731,44.00,Virginia,M,Orange,Spring,3.4,0,Standard,No,No,37,Credit Card,Monthly,2024-03-16
2945,50,Female,2945,Sneakers,Footwear,2945,3733,95.00,New York,XL,Cyan,Summer,3.9,0,Free Shipping,No,No,4,Venmo,Every 3 Months,2024-08-22
2946,32,Female,2946,Belt,Accessories,2946,3734,49.00,Delaware,M,Charcoal,Summer,4.8,0,Free Shipping,No,No,1,Credit Card,Every 3 Months,2024-08-20
2947,38,Female,2947,Pants,Clothing,2947,3735,77.00,Hawaii,L,Purple,Spring,2.8,0,Free Shipping,No,No,29,Bank Transfer,Quarterly,2024-05-20
2948,52,Female,2948,Jewelry,Accessories,2948,3736,63.00,Nebraska,L,Peach,Spring,4.4,0,Standard,No,No,50,Venmo,Annually,2024-03-12
2949,61,Female,2949,Pants,Clothing,2949,3737,83.00,Vermont,M,Violet,Winter,3.1,0,Standard,No,No,38,Debit Card,Bi-Weekly,2024-12-05
2950,25,Female,2950,Jewelry,Accessories,2950,3739,93.00,Iowa,M,Peach,Spring,3.8,0,Store Pickup,No,No,15,PayPal,Annually,2024-04-06
2951,22,Female,2951,Jeans,Clothing,2951,3740,91.00,Iowa,S,Maroon,Winter,4.1,0,2-Day Shipping,No,No,44,Debit Card,Every 3 Months,2024-01-05
2952,47,Female,2952,Scarf,Accessories,2952,3741,99.00,Arkansas,L,Maroon,Fall,4.6,0,Free Shipping,No,No,14,Cash,Weekly,2024-11-03
2953,50,Female,2953,Belt,Accessories,2953,3742,24.00,Alabama,M,Peach,Spring,4.9,0,Next Day Air,No,No,5,Debit Card,Monthly,2024-04-01
2954,45,Female,2954,Dress,Clothing,2954,3743,82.00,Maryland,M,Silver,Summer,4.8,0,Next Day Air,No,No,11,Credit Card,Annually,2024-07-09
2955,33,Female,2955,T-shirt,Clothing,2955,3745,28.00,South Dakota,M,Indigo,Winter,3.9,0,Express,No,No,15,Credit Card,Annually,2024-12-01
2956,42,Female,2956,Boots,Footwear,2956,3746,67.00,Vermont,M,Silver,Winter,2.6,0,Free Shipping,No,No,46,Credit Card,Annually,2024-02-28
2957,52,Female,2957,Dress,Clothing,2957,3747,88.00,Montana,M,Olive,Fall,3.7,0,Standard,No,No,30,Venmo,Monthly,2024-09-28
2958,69,Female,2958,Jewelry,Accessories,2958,3748,70.00,South Dakota,S,Gray,Fall,4.7,0,Standard,No,No,2,Cash,Annually,2024-11-26
2959,55,Female,2959,Skirt,Clothing,2959,3749,100.00,Ohio,M,Black,Summer,4.5,0,Standard,No,No,28,PayPal,Monthly,2024-06-13
2960,38,Female,2960,Handbag,Accessories,2960,3751,28.00,Texas,L,Maroon,Summer,4.7,0,Free Shipping,No,No,9,PayPal,Quarterly,2024-08-16
2961,57,Female,2961,Coat,Outerwear,2961,3752,48.00,Indiana,S,Olive,Spring,3.6,0,Standard,No,No,47,Credit Card,Weekly,2024-03-16
2962,33,Female,2962,Hoodie,Clothing,2962,3753,43.00,New Hampshire,S,Gold,Fall,2.8,0,Free Shipping,No,No,21,Debit Card,Bi-Weekly,2024-09-09
2963,57,Female,2963,Pants,Clothing,2963,3754,40.00,California,L,Pink,Fall,4,0,Express,No,No,42,Credit Card,Every 3 Months,2024-10-26
2964,52,Female,2964,Boots,Footwear,2964,3755,97.00,Maine,M,Brown,Spring,3.6,0,Free Shipping,No,No,28,Credit Card,Weekly,2024-05-25
2965,44,Female,2965,Coat,Outerwear,2965,3757,25.00,Ohio,S,White,Fall,3.8,0,2-Day Shipping,No,No,13,Venmo,Fortnightly,2024-11-25
2966,48,Female,2966,Scarf,Accessories,2966,3758,45.00,Delaware,M,Blue,Summer,4.4,0,Standard,No,No,25,PayPal,Fortnightly,2024-08-01
2967,52,Female,2967,Boots,Footwear,2967,3759,49.00,Oklahoma,L,Orange,Fall,2.8,0,Store Pickup,No,No,38,Debit Card,Every 3 Months,2024-10-17
2968,34,Female,2968,Sneakers,Footwear,2968,3760,36.00,Indiana,L,Silver,Summer,3.4,0,Free Shipping,No,No,40,Venmo,Annually,2024-06-18
2969,26,Female,2969,Sweater,Clothing,2969,3761,48.00,South Carolina,S,Gray,Fall,4.9,0,Express,No,No,25,Cash,Every 3 Months,2024-09-14
2970,36,Female,2970,Belt,Accessories,2970,3763,62.00,Vermont,S,Blue,Fall,4.3,0,Next Day Air,No,No,20,Cash,Every 3 Months,2024-09-25
2971,24,Female,2971,Jewelry,Accessories,2971,3764,74.00,Kansas,M,White,Winter,3.4,0,Free Shipping,No,No,44,Credit Card,Bi-Weekly,2024-12-12
2972,30,Female,2972,Handbag,Accessories,2972,3765,100.00,Utah,L,Yellow,Fall,3.9,0,Next Day Air,No,No,9,PayPal,Every 3 Months,2024-11-20
2973,31,Female,2973,Jacket,Outerwear,2973,3766,39.00,New York,S,Indigo,Fall,4.2,0,Free Shipping,No,No,11,Venmo,Every 3 Months,2024-09-08
2974,25,Female,2974,Boots,Footwear,2974,3767,65.00,Indiana,M,Blue,Summer,2.7,0,Store Pickup,No,No,3,Bank Transfer,Fortnightly,2024-08-01
2975,57,Female,2975,Sneakers,Footwear,2975,3769,99.00,Tennessee,XL,Peach,Summer,4.1,0,Store Pickup,No,No,34,Credit Card,Weekly,2024-07-23
2976,61,Female,2976,Scarf,Accessories,2976,3770,68.00,Georgia,XL,Lavender,Winter,4.5,0,2-Day Shipping,No,No,48,Cash,Every 3 Months,2024-02-17
2977,30,Female,2977,Coat,Outerwear,2977,3771,97.00,Nebraska,M,Silver,Summer,2.8,0,Express,No,No,28,Cash,Fortnightly,2024-06-17
2978,38,Female,2978,Shorts,Clothing,2978,3772,47.00,Washington,L,Gold,Winter,3.4,0,Standard,No,No,20,Venmo,Annually,2024-12-01
2979,53,Female,2979,Shorts,Clothing,2979,3773,56.00,Idaho,S,Cyan,Spring,3.9,0,Free Shipping,No,No,49,Bank Transfer,Fortnightly,2024-05-03
2980,31,Female,2980,Jeans,Clothing,2980,3775,91.00,Louisiana,L,Olive,Fall,2.6,0,Next Day Air,No,No,14,PayPal,Weekly,2024-09-21
2981,70,Female,2981,Gloves,Accessories,2981,3776,93.00,New Jersey,L,Teal,Fall,4.4,0,2-Day Shipping,No,No,9,Bank Transfer,Monthly,2024-09-02
2982,21,Female,2982,Pants,Clothing,2982,3777,36.00,Delaware,L,Pink,Winter,4.9,0,Standard,No,No,37,Venmo,Annually,2024-01-21
2983,33,Female,2983,Dress,Clothing,2983,3778,45.00,Wisconsin,M,Orange,Summer,3.6,0,Store Pickup,No,No,4,Credit Card,Weekly,2024-08-05
2984,60,Female,2984,Pants,Clothing,2984,3779,44.00,West Virginia,M,Charcoal,Winter,2.8,0,2-Day Shipping,No,No,1,Credit Card,Quarterly,2024-02-27
2985,45,Female,2985,Gloves,Accessories,2985,3781,32.00,Texas,L,Red,Spring,4.3,0,2-Day Shipping,No,No,36,Debit Card,Bi-Weekly,2024-05-11
2986,46,Female,2986,Belt,Accessories,2986,3782,36.00,Hawaii,S,Teal,Summer,3,0,Express,No,No,21,Cash,Bi-Weekly,2024-06-14
2987,62,Female,2987,Belt,Accessories,2987,3783,85.00,Arizona,S,Silver,Summer,3.3,0,2-Day Shipping,No,No,16,Credit Card,Monthly,2024-08-03
2988,63,Female,2988,Skirt,Clothing,2988,3784,36.00,Louisiana,L,Black,Winter,2.5,0,Store Pickup,No,No,42,Cash,Monthly,2024-02-06
2989,69,Female,2989,Socks,Clothing,2989,3785,55.00,Nevada,S,Pink,Spring,5,0,2-Day Shipping,No,No,31,Debit Card,Monthly,2024-05-24
2990,46,Female,2990,Belt,Accessories,2990,3787,20.00,Rhode Island,XL,Teal,Summer,4.3,0,2-Day Shipping,No,No,6,Credit Card,Weekly,2024-07-04
2991,69,Female,2991,Shirt,Clothing,2991,3788,91.00,Illinois,M,Teal,Fall,4.2,0,Free Shipping,No,No,24,Venmo,Monthly,2024-09-14
2992,66,Female,2992,Dress,Clothing,2992,3789,71.00,Utah,L,Green,Summer,3.9,0,Standard,No,No,7,PayPal,Bi-Weekly,2024-06-01
2993,41,Female,2993,Socks,Clothing,2993,3790,64.00,North Dakota,M,Charcoal,Spring,3.9,0,Store Pickup,No,No,25,Venmo,Weekly,2024-05-25
2994,32,Female,2994,Jacket,Outerwear,2994,3791,21.00,Kansas,L,Indigo,Spring,4.2,0,Free Shipping,No,No,18,Cash,Bi-Weekly,2024-05-12
2995,69,Female,2995,Sweater,Clothing,2995,3793,100.00,Nevada,S,White,Winter,3.5,0,Store Pickup,No,No,14,Bank Transfer,Quarterly,2024-12-16
2996,29,Female,2996,Jeans,Clothing,2996,3794,96.00,Virginia,M,Orange,Summer,2.5,0,Standard,No,No,42,Debit Card,Bi-Weekly,2024-07-04
2997,70,Female,2997,Jewelry,Accessories,2997,3795,91.00,Utah,M,White,Spring,2.9,0,Express,No,No,6,Venmo,Every 3 Months,2024-04-03
2998,41,Female,2998,Sweater,Clothing,2998,3796,40.00,Idaho,S,Yellow,Spring,2.7,0,Next Day Air,No,No,14,Venmo,Every 3 Months,2024-05-15
2999,31,Female,2999,Hoodie,Clothing,2999,3797,53.00,Alaska,M,Red,Summer,4.7,0,Express,No,No,30,Debit Card,Quarterly,2024-08-07
3000,31,Female,3000,Sunglasses,Accessories,3000,3799,48.00,New Hampshire,S,Charcoal,Winter,3.8,0,Standard,No,No,10,Cash,Monthly,2024-01-23
3001,57,Female,3001,Sandals,Footwear,3001,3800,70.00,Ohio,M,Lavender,Winter,3.7,0,Express,No,No,7,PayPal,Weekly,2024-12-23
3002,29,Female,3002,Coat,Outerwear,3002,3801,29.00,Montana,L,Charcoal,Summer,4.7,0,Express,No,No,28,Credit Card,Quarterly,2024-08-11
3003,70,Female,3003,Belt,Accessories,3003,3802,29.00,Louisiana,M,Maroon,Fall,3.6,0,Next Day Air,No,No,19,Bank Transfer,Quarterly,2024-10-20
3004,51,Female,3004,Blouse,Clothing,3004,3803,53.00,Oregon,M,Brown,Fall,2.8,0,Express,No,No,13,Credit Card,Every 3 Months,2024-10-19
3005,45,Female,3005,Skirt,Clothing,3005,3805,79.00,Arizona,M,Lavender,Winter,3.7,0,Store Pickup,No,No,23,Venmo,Fortnightly,2024-02-09
3006,18,Female,3006,Shorts,Clothing,3006,3806,65.00,Alaska,XL,Brown,Spring,3.5,0,Express,No,No,5,Venmo,Weekly,2024-05-08
3007,37,Female,3007,Dress,Clothing,3007,3807,99.00,Utah,M,Olive,Summer,3.7,0,Store Pickup,No,No,17,Venmo,Bi-Weekly,2024-07-12
3008,23,Female,3008,Sunglasses,Accessories,3008,3808,60.00,New York,L,Lavender,Winter,3,0,Next Day Air,No,No,31,Venmo,Weekly,2024-12-19
3009,39,Female,3009,Shoes,Footwear,3009,3809,86.00,New Mexico,M,Gold,Winter,4.9,0,Free Shipping,No,No,19,PayPal,Weekly,2024-01-09
3010,62,Female,3010,Belt,Accessories,3010,3811,73.00,Louisiana,M,Silver,Winter,4.6,0,Free Shipping,No,No,8,Venmo,Fortnightly,2024-12-24
3011,70,Female,3011,Belt,Accessories,3011,3812,45.00,Ohio,M,Violet,Winter,3.3,0,Free Shipping,No,No,15,Credit Card,Annually,2024-01-20
3012,20,Female,3012,Belt,Accessories,3012,3813,70.00,Nevada,S,Brown,Summer,3,0,Next Day Air,No,No,18,Credit Card,Every 3 Months,2024-07-28
3013,42,Female,3013,Belt,Accessories,3013,3814,65.00,Idaho,M,Teal,Fall,3.5,0,Standard,No,No,16,PayPal,Annually,2024-09-23
3014,41,Female,3014,Skirt,Clothing,3014,3815,55.00,Arizona,L,Peach,Summer,4.2,0,Store Pickup,No,No,13,Cash,Monthly,2024-08-28
3015,24,Female,3015,T-shirt,Clothing,3015,3817,65.00,Utah,M,Maroon,Spring,4.5,0,Express,No,No,38,PayPal,Every 3 Months,2024-03-09
3016,37,Female,3016,Scarf,Accessories,3016,3818,21.00,Wyoming,XL,Lavender,Spring,2.8,0,Express,No,No,27,Bank Transfer,Bi-Weekly,2024-04-19
3017,30,Female,3017,Blouse,Clothing,3017,3819,26.00,Indiana,L,Lavender,Summer,4.9,0,Store Pickup,No,No,31,Bank Transfer,Quarterly,2024-06-26
3018,58,Female,3018,Sunglasses,Accessories,3018,3820,71.00,Wisconsin,S,Purple,Summer,3.3,0,Next Day Air,No,No,24,Cash,Bi-Weekly,2024-07-10
3019,43,Female,3019,Boots,Footwear,3019,3821,41.00,Texas,M,Green,Summer,3,0,Free Shipping,No,No,21,Debit Card,Bi-Weekly,2024-07-23
3020,19,Female,3020,Jacket,Outerwear,3020,3823,44.00,Utah,M,Yellow,Winter,3.9,0,2-Day Shipping,No,No,15,PayPal,Annually,2024-12-09
3021,23,Female,3021,Jeans,Clothing,3021,3824,81.00,Arkansas,S,Charcoal,Fall,2.8,0,Store Pickup,No,No,48,Venmo,Every 3 Months,2024-11-28
3022,65,Female,3022,Sunglasses,Accessories,3022,3825,77.00,Pennsylvania,S,Blue,Summer,4.5,0,2-Day Shipping,No,No,47,Cash,Quarterly,2024-07-06
3023,58,Female,3023,Sandals,Footwear,3023,3826,26.00,Georgia,M,Lavender,Fall,4,0,Free Shipping,No,No,23,PayPal,Weekly,2024-10-06
3024,50,Female,3024,Backpack,Accessories,3024,3827,31.00,Indiana,M,Brown,Summer,2.9,0,Express,No,No,4,PayPal,Quarterly,2024-06-16
3025,67,Female,3025,Blouse,Clothing,3025,3829,82.00,Idaho,S,White,Spring,4,0,Free Shipping,No,No,47,Credit Card,Every 3 Months,2024-05-13
3026,40,Female,3026,Shoes,Footwear,3026,3830,60.00,Montana,XL,Green,Summer,3.4,0,Store Pickup,No,No,7,PayPal,Monthly,2024-08-24
3027,55,Female,3027,Shirt,Clothing,3027,3831,70.00,Tennessee,L,Magenta,Fall,2.5,0,Free Shipping,No,No,6,Credit Card,Annually,2024-11-27
3028,52,Female,3028,Hoodie,Clothing,3028,3832,26.00,West Virginia,XL,Peach,Winter,2.8,0,2-Day Shipping,No,No,47,Credit Card,Quarterly,2024-02-17
3029,62,Female,3029,Dress,Clothing,3029,3833,100.00,California,L,Charcoal,Summer,3,0,Free Shipping,No,No,7,PayPal,Every 3 Months,2024-07-20
3030,64,Female,3030,Dress,Clothing,3030,3835,82.00,Georgia,M,Gold,Summer,3.1,0,Free Shipping,No,No,1,Debit Card,Quarterly,2024-07-27
3031,43,Female,3031,Sneakers,Footwear,3031,3836,24.00,Maryland,XL,Purple,Spring,2.6,0,2-Day Shipping,No,No,23,Credit Card,Weekly,2024-05-22
3032,61,Female,3032,Blouse,Clothing,3032,3837,74.00,Idaho,L,Teal,Summer,4.9,0,2-Day Shipping,No,No,30,Credit Card,Monthly,2024-08-15
3033,26,Female,3033,Backpack,Accessories,3033,3838,58.00,California,XL,Green,Summer,3.5,0,Next Day Air,No,No,24,Credit Card,Quarterly,2024-08-03
3034,22,Female,3034,Sweater,Clothing,3034,3839,56.00,Alabama,L,Orange,Spring,2.6,0,Store Pickup,No,No,9,PayPal,Weekly,2024-05-26
3035,51,Female,3035,Boots,Footwear,3035,3841,37.00,Utah,L,Peach,Spring,3.5,0,2-Day Shipping,No,No,25,Credit Card,Quarterly,2024-05-18
3036,69,Female,3036,Handbag,Accessories,3036,3842,64.00,Kentucky,M,Gold,Spring,4.5,0,Free Shipping,No,No,18,Cash,Bi-Weekly,2024-04-09
3037,50,Female,3037,Hoodie,Clothing,3037,3843,58.00,Vermont,S,Violet,Spring,4.3,0,Next Day Air,No,No,7,Venmo,Fortnightly,2024-05-02
3038,51,Female,3038,Belt,Accessories,3038,3844,44.00,Iowa,L,Charcoal,Summer,4.8,0,Next Day Air,No,No,2,Cash,Annually,2024-08-25
3039,56,Female,3039,Jewelry,Accessories,3039,3845,39.00,Georgia,M,Brown,Summer,4.2,0,Free Shipping,No,No,36,Debit Card,Annually,2024-06-13
3040,59,Female,3040,Blouse,Clothing,3040,3847,48.00,Alabama,L,Blue,Spring,3.2,0,Next Day Air,No,No,31,PayPal,Bi-Weekly,2024-05-19
3041,18,Female,3041,Handbag,Accessories,3041,3848,32.00,Nebraska,M,Gold,Fall,4.1,0,Express,No,No,10,Cash,Fortnightly,2024-10-28
3042,48,Female,3042,Handbag,Accessories,3042,3849,79.00,Rhode Island,M,Orange,Winter,4,0,Express,No,No,27,PayPal,Monthly,2024-01-15
3043,53,Female,3043,Coat,Outerwear,3043,3850,27.00,South Dakota,L,Turquoise,Winter,2.9,0,Next Day Air,No,No,14,PayPal,Every 3 Months,2024-01-03
3044,45,Female,3044,Belt,Accessories,3044,3851,98.00,Illinois,S,Peach,Fall,2.6,0,Store Pickup,No,No,17,Credit Card,Monthly,2024-11-19
3045,21,Female,3045,Boots,Footwear,3045,3853,67.00,North Carolina,M,Magenta,Winter,2.7,0,Free Shipping,No,No,10,Bank Transfer,Quarterly,2024-01-01
3046,42,Female,3046,Socks,Clothing,3046,3854,37.00,Florida,L,Black,Winter,4.6,0,2-Day Shipping,No,No,4,PayPal,Bi-Weekly,2024-12-23
3047,60,Female,3047,Shoes,Footwear,3047,3855,49.00,Pennsylvania,M,White,Spring,3.2,0,Store Pickup,No,No,25,Cash,Every 3 Months,2024-05-23
3048,21,Female,3048,Sneakers,Footwear,3048,3856,74.00,Vermont,M,Violet,Fall,4.1,0,2-Day Shipping,No,No,3,PayPal,Bi-Weekly,2024-11-27
3049,69,Female,3049,Jewelry,Accessories,3049,3857,93.00,Colorado,M,Olive,Summer,3.9,0,Standard,No,No,47,Venmo,Fortnightly,2024-08-12
3050,40,Female,3050,Handbag,Accessories,3050,3859,60.00,Utah,L,Red,Summer,3,0,Next Day Air,No,No,41,Bank Transfer,Bi-Weekly,2024-06-17
3051,31,Female,3051,Coat,Outerwear,3051,3860,76.00,Kentucky,S,Green,Spring,3.6,0,Standard,No,No,28,Venmo,Every 3 Months,2024-05-26
3052,44,Female,3052,Sunglasses,Accessories,3052,3861,64.00,Wyoming,L,Gold,Summer,4.6,0,Express,No,No,49,Debit Card,Every 3 Months,2024-07-03
3053,48,Female,3053,Shoes,Footwear,3053,3862,38.00,Maine,XL,Olive,Spring,4.5,0,Store Pickup,No,No,7,Bank Transfer,Fortnightly,2024-03-21
3054,32,Female,3054,Shoes,Footwear,3054,3863,91.00,Maine,L,Brown,Winter,3.2,0,Next Day Air,No,No,22,Bank Transfer,Monthly,2024-12-14
3055,42,Female,3055,Boots,Footwear,3055,3865,70.00,New Hampshire,S,Magenta,Summer,4.9,0,2-Day Shipping,No,No,34,Venmo,Monthly,2024-06-22
3056,27,Female,3056,Sandals,Footwear,3056,3866,22.00,Kansas,M,Violet,Fall,5,0,Standard,No,No,5,Debit Card,Bi-Weekly,2024-10-14
3057,69,Female,3057,Gloves,Accessories,3057,3867,59.00,New Jersey,M,Beige,Spring,3.8,0,Standard,No,No,15,Cash,Bi-Weekly,2024-04-19
3058,67,Female,3058,Backpack,Accessories,3058,3868,22.00,North Carolina,M,Blue,Spring,3.4,0,Next Day Air,No,No,26,Bank Transfer,Weekly,2024-03-24
3059,41,Female,3059,Handbag,Accessories,3059,3869,74.00,West Virginia,S,Orange,Winter,3.8,0,Store Pickup,No,No,3,Bank Transfer,Fortnightly,2024-02-10
3060,46,Female,3060,Sweater,Clothing,3060,3871,71.00,Kentucky,L,Maroon,Spring,3.2,0,Express,No,No,42,Credit Card,Quarterly,2024-05-21
3061,47,Female,3061,Coat,Outerwear,3061,3872,80.00,California,S,Charcoal,Summer,4.7,0,Store Pickup,No,No,1,Venmo,Monthly,2024-06-14
3062,33,Female,3062,T-shirt,Clothing,3062,3873,59.00,South Dakota,L,Olive,Fall,4.5,0,Express,No,No,20,PayPal,Every 3 Months,2024-10-24
3063,51,Female,3063,Backpack,Accessories,3063,3874,96.00,California,L,Green,Fall,3.3,0,Standard,No,No,39,PayPal,Monthly,2024-09-26
3064,26,Female,3064,Sunglasses,Accessories,3064,3875,43.00,Connecticut,L,Brown,Winter,3.9,0,Store Pickup,No,No,24,Credit Card,Fortnightly,2024-02-12
3065,22,Female,3065,Belt,Accessories,3065,3877,76.00,Idaho,S,Cyan,Winter,3.6,0,Express,No,No,49,Bank Transfer,Quarterly,2024-12-08
3066,49,Female,3066,Jacket,Outerwear,3066,3878,59.00,North Dakota,M,Beige,Fall,2.8,0,Store Pickup,No,No,7,Venmo,Bi-Weekly,2024-11-22
3067,58,Female,3067,Skirt,Clothing,3067,3879,48.00,Michigan,L,Teal,Summer,4.3,0,Free Shipping,No,No,13,Venmo,Every 3 Months,2024-08-02
3068,70,Female,3068,Belt,Accessories,3068,3880,22.00,Missouri,S,Gray,Spring,3.5,0,Free Shipping,No,No,2,Cash,Weekly,2024-04-08
3069,32,Female,3069,Boots,Footwear,3069,3881,40.00,California,M,Indigo,Winter,4.2,0,Express,No,No,4,Debit Card,Weekly,2024-12-20
3070,62,Female,3070,Jeans,Clothing,3070,3883,73.00,Delaware,L,Magenta,Spring,4.6,0,Express,No,No,17,Debit Card,Quarterly,2024-04-10
3071,52,Female,3071,Shoes,Footwear,3071,3884,26.00,Alabama,XL,Red,Fall,2.6,0,Free Shipping,No,No,43,PayPal,Bi-Weekly,2024-11-13
3072,23,Female,3072,Sweater,Clothing,3072,3885,41.00,New Hampshire,L,Turquoise,Spring,3.4,0,Next Day Air,No,No,6,PayPal,Monthly,2024-04-19
3073,26,Female,3073,Jewelry,Accessories,3073,3886,98.00,New York,L,Peach,Spring,3.1,0,Standard,No,No,46,PayPal,Quarterly,2024-05-06
3074,58,Female,3074,Shirt,Clothing,3074,3887,63.00,Oregon,L,White,Winter,3.6,0,Free Shipping,No,No,7,Debit Card,Bi-Weekly,2024-01-26
3075,26,Female,3075,Boots,Footwear,3075,3889,55.00,Massachusetts,L,Maroon,Winter,4.2,0,Next Day Air,No,No,34,Debit Card,Fortnightly,2024-02-19
3076,54,Female,3076,Shorts,Clothing,3076,3890,90.00,Utah,XL,Beige,Winter,3.6,0,Standard,No,No,21,PayPal,Every 3 Months,2024-02-10
3077,66,Female,3077,Handbag,Accessories,3077,3891,46.00,New Hampshire,M,Blue,Summer,3.6,0,Express,No,No,13,Venmo,Bi-Weekly,2024-06-28
3078,60,Female,3078,Sweater,Clothing,3078,3892,88.00,Illinois,S,Red,Spring,3,0,Store Pickup,No,No,33,Debit Card,Bi-Weekly,2024-03-22
3079,32,Female,3079,Belt,Accessories,3079,3893,95.00,Alaska,M,Blue,Spring,2.5,0,2-Day Shipping,No,No,24,Bank Transfer,Bi-Weekly,2024-05-26
3080,48,Female,3080,Belt,Accessories,3080,3895,31.00,Wyoming,M,Maroon,Fall,4,0,Store Pickup,No,No,4,Bank Transfer,Annually,2024-10-11
3081,69,Female,3081,Hoodie,Clothing,3081,3896,42.00,Colorado,L,Yellow,Spring,4.1,0,Next Day Air,No,No,5,Cash,Bi-Weekly,2024-04-23
3082,64,Female,3082,Sneakers,Footwear,3082,3897,44.00,Vermont,L,Pink,Winter,4.9,0,Next Day Air,No,No,11,Credit Card,Weekly,2024-01-01
3083,56,Female,3083,T-shirt,Clothing,3083,3898,99.00,Utah,M,Maroon,Spring,4,0,Next Day Air,No,No,20,Bank Transfer,Annually,2024-03-16
3084,22,Female,3084,Pants,Clothing,3084,3899,20.00,Illinois,S,Purple,Summer,3.5,0,Store Pickup,No,No,28,PayPal,Quarterly,2024-07-20
3085,46,Female,3085,Scarf,Accessories,3085,3901,37.00,Idaho,S,Indigo,Spring,3.2,0,Store Pickup,No,No,43,PayPal,Monthly,2024-04-18
3086,24,Female,3086,Sweater,Clothing,3086,3902,50.00,Nevada,L,Gray,Winter,2.8,0,Store Pickup,No,No,10,Venmo,Every 3 Months,2024-02-23
3087,47,Female,3087,Handbag,Accessories,3087,3903,73.00,Utah,M,Lavender,Summer,3.5,0,Next Day Air,No,No,26,Venmo,Every 3 Months,2024-06-22
3088,62,Female,3088,Shirt,Clothing,3088,3904,84.00,North Carolina,M,Charcoal,Spring,3.1,0,Free Shipping,No,No,29,Bank Transfer,Monthly,2024-03-07
3089,34,Female,3089,Dress,Clothing,3089,3905,64.00,Arkansas,M,Teal,Spring,3.3,0,Store Pickup,No,No,35,Bank Transfer,Quarterly,2024-05-28
3090,50,Female,3090,Sandals,Footwear,3090,3907,21.00,North Carolina,L,Blue,Fall,4.6,0,Free Shipping,No,No,23,Cash,Bi-Weekly,2024-10-11
3091,29,Female,3091,Shirt,Clothing,3091,3908,36.00,Texas,M,Peach,Summer,4.9,0,Store Pickup,No,No,15,Bank Transfer,Quarterly,2024-07-11
3092,68,Female,3092,Dress,Clothing,3092,3909,81.00,Nevada,L,Orange,Winter,3.4,0,2-Day Shipping,No,No,46,Credit Card,Annually,2024-12-21
3093,52,Female,3093,Sunglasses,Accessories,3093,3910,54.00,Utah,L,Silver,Fall,3.5,0,Next Day Air,No,No,14,Bank Transfer,Bi-Weekly,2024-10-10
3094,29,Female,3094,Socks,Clothing,3094,3911,63.00,Pennsylvania,L,Red,Summer,4.8,0,Store Pickup,No,No,17,Cash,Every 3 Months,2024-08-24
3095,22,Female,3095,Sandals,Footwear,3095,3913,59.00,Georgia,M,Gray,Summer,2.7,0,Store Pickup,No,No,9,Cash,Weekly,2024-06-08
3096,62,Female,3096,Hat,Accessories,3096,3914,53.00,Minnesota,S,Beige,Fall,3.4,0,Standard,No,No,13,Venmo,Fortnightly,2024-11-17
3097,69,Female,3097,Shirt,Clothing,3097,3915,63.00,Kansas,L,White,Winter,3.5,0,Next Day Air,No,No,20,Bank Transfer,Monthly,2024-01-05
3098,48,Female,3098,Shoes,Footwear,3098,3916,33.00,Delaware,M,Silver,Fall,3.7,0,Free Shipping,No,No,39,Bank Transfer,Quarterly,2024-11-14
3099,66,Female,3099,Pants,Clothing,3099,3917,64.00,New Mexico,L,Cyan,Summer,3.3,0,Next Day Air,No,No,50,Bank Transfer,Quarterly,2024-06-14
3100,42,Female,3100,Shirt,Clothing,3100,3919,98.00,Michigan,S,Maroon,Fall,2.9,0,Free Shipping,No,No,21,Bank Transfer,Bi-Weekly,2024-10-07
3101,50,Female,3101,Hat,Accessories,3101,3920,85.00,Vermont,L,Purple,Winter,3.9,0,Express,No,No,3,Bank Transfer,Weekly,2024-02-21
3102,32,Female,3102,Jewelry,Accessories,3102,3921,82.00,Idaho,S,Brown,Summer,2.7,0,Express,No,No,9,PayPal,Fortnightly,2024-06-09
3103,51,Female,3103,Jacket,Outerwear,3103,3922,85.00,South Dakota,M,Green,Summer,4.3,0,Standard,No,No,29,Cash,Bi-Weekly,2024-07-09
3104,27,Female,3104,Shirt,Clothing,3104,3923,37.00,Illinois,S,Peach,Winter,3,0,2-Day Shipping,No,No,42,Bank Transfer,Weekly,2024-02-04
3105,43,Female,3105,Pants,Clothing,3105,3925,56.00,Georgia,S,Turquoise,Summer,5,0,2-Day Shipping,No,No,41,Debit Card,Fortnightly,2024-08-14
3106,48,Female,3106,Skirt,Clothing,3106,3926,33.00,Oregon,M,Olive,Fall,2.7,0,Express,No,No,17,Debit Card,Monthly,2024-11-14
3107,62,Female,3107,Sandals,Footwear,3107,3927,57.00,Alabama,M,Yellow,Winter,4.7,0,Next Day Air,No,No,20,PayPal,Annually,2024-01-08
3108,65,Female,3108,Blouse,Clothing,3108,3928,31.00,Hawaii,L,Gray,Winter,4.6,0,Standard,No,No,18,Credit Card,Bi-Weekly,2024-01-16
3109,50,Female,3109,Socks,Clothing,3109,3929,69.00,Oregon,M,Purple,Fall,3.2,0,2-Day Shipping,No,No,7,PayPal,Monthly,2024-11-17
3110,60,Female,3110,Jacket,Outerwear,3110,3931,92.00,Illinois,M,Gray,Winter,4.3,0,Free Shipping,No,No,47,Bank Transfer,Fortnightly,2024-02-24
3111,19,Female,3111,Handbag,Accessories,3111,3932,46.00,Texas,L,Lavender,Fall,4.6,0,Next Day Air,No,No,2,Bank Transfer,Bi-Weekly,2024-10-05
3112,21,Female,3112,Belt,Accessories,3112,3933,81.00,Kansas,XL,Indigo,Spring,4.9,0,Free Shipping,No,No,25,Debit Card,Quarterly,2024-03-17
3113,19,Female,3113,Blouse,Clothing,3113,3934,97.00,Texas,S,Green,Fall,3.8,0,Express,No,No,26,Venmo,Annually,2024-09-20
3114,46,Female,3114,Shirt,Clothing,3114,3935,93.00,Nebraska,L,Green,Summer,2.6,0,Express,No,No,2,Debit Card,Weekly,2024-07-14
3115,21,Female,3115,Handbag,Accessories,3115,3937,56.00,Arkansas,M,Olive,Spring,4.7,0,Store Pickup,No,No,45,Venmo,Bi-Weekly,2024-05-26
3116,26,Female,3116,Scarf,Accessories,3116,3938,53.00,South Dakota,M,Charcoal,Fall,4.1,0,Free Shipping,No,No,9,Bank Transfer,Bi-Weekly,2024-10-17
3117,50,Female,3117,Coat,Outerwear,3117,3939,66.00,Montana,L,Gray,Spring,3.7,0,Store Pickup,No,No,1,Venmo,Weekly,2024-03-04
3118,43,Female,3118,Hoodie,Clothing,3118,3940,50.00,Florida,M,Olive,Fall,3,0,Free Shipping,No,No,4,PayPal,Bi-Weekly,2024-10-11
3119,61,Female,3119,Shorts,Clothing,3119,3941,97.00,Virginia,L,Blue,Summer,4.7,0,Standard,No,No,31,Debit Card,Quarterly,2024-08-21
3120,63,Female,3120,Sandals,Footwear,3120,3943,79.00,Louisiana,XL,Silver,Winter,4.7,0,2-Day Shipping,No,No,21,Credit Card,Every 3 Months,2024-12-07
3121,46,Female,3121,Shirt,Clothing,3121,3944,76.00,Louisiana,M,Magenta,Fall,4,0,Store Pickup,No,No,32,Debit Card,Fortnightly,2024-09-07
3122,63,Female,3122,Hoodie,Clothing,3122,3945,38.00,Louisiana,L,Black,Fall,2.6,0,Standard,No,No,16,Venmo,Weekly,2024-11-12
3123,23,Female,3123,Socks,Clothing,3123,3946,45.00,Georgia,M,Pink,Fall,3,0,Express,No,No,34,Credit Card,Fortnightly,2024-09-20
3124,57,Female,3124,Handbag,Accessories,3124,3947,77.00,Iowa,XL,Red,Fall,3.3,0,Next Day Air,No,No,40,Venmo,Bi-Weekly,2024-11-02
3125,57,Female,3125,Jewelry,Accessories,3125,3949,51.00,California,M,Peach,Summer,3.4,0,Standard,No,No,4,Cash,Every 3 Months,2024-08-19
3126,33,Female,3126,Coat,Outerwear,3126,3950,26.00,Oregon,L,Lavender,Spring,4,0,Standard,No,No,3,Cash,Quarterly,2024-03-04
3127,57,Female,3127,Sunglasses,Accessories,3127,3951,76.00,Maine,L,Lavender,Winter,2.6,0,Store Pickup,No,No,28,Bank Transfer,Bi-Weekly,2024-02-18
3128,55,Female,3128,Gloves,Accessories,3128,3952,94.00,Louisiana,M,Beige,Winter,3.4,0,Free Shipping,No,No,43,Credit Card,Every 3 Months,2024-01-19
3129,65,Female,3129,Jacket,Outerwear,3129,3953,32.00,Arkansas,S,Indigo,Fall,4.4,0,Standard,No,No,20,Cash,Annually,2024-11-02
3130,60,Female,3130,Sandals,Footwear,3130,3955,20.00,Maryland,S,Cyan,Summer,4.7,0,Express,No,No,40,Venmo,Every 3 Months,2024-07-22
3131,52,Female,3131,Pants,Clothing,3131,3956,20.00,Vermont,M,Yellow,Summer,4.5,0,Store Pickup,No,No,34,Venmo,Every 3 Months,2024-08-22
3132,34,Female,3132,Jacket,Outerwear,3132,3957,59.00,North Dakota,M,Peach,Fall,2.9,0,Store Pickup,No,No,11,Bank Transfer,Every 3 Months,2024-10-05
3133,33,Female,3133,Sweater,Clothing,3133,3958,97.00,Michigan,M,Yellow,Summer,4.2,0,Express,No,No,26,Cash,Quarterly,2024-07-01
3134,58,Female,3134,T-shirt,Clothing,3134,3959,68.00,Arkansas,M,Orange,Spring,4.1,0,Next Day Air,No,No,29,Cash,Bi-Weekly,2024-03-15
3135,35,Female,3135,Boots,Footwear,3135,3961,66.00,Kentucky,L,Gray,Spring,4.4,0,Store Pickup,No,No,47,Bank Transfer,Weekly,2024-05-17
3136,68,Female,3136,Shoes,Footwear,3136,3962,85.00,Indiana,L,Yellow,Spring,4.7,0,Free Shipping,No,No,48,Venmo,Fortnightly,2024-04-26
3137,58,Female,3137,Skirt,Clothing,3137,3963,32.00,Minnesota,M,Gray,Fall,3.1,0,Next Day Air,No,No,29,Cash,Bi-Weekly,2024-10-06
3138,34,Female,3138,Coat,Outerwear,3138,3964,44.00,Louisiana,M,Turquoise,Spring,2.7,0,2-Day Shipping,No,No,14,Bank Transfer,Monthly,2024-04-25
3139,47,Female,3139,Blouse,Clothing,3139,3965,95.00,Kentucky,L,Gray,Fall,4.6,0,Next Day Air,No,No,40,Cash,Every 3 Months,2024-10-24
3140,35,Female,3140,Sunglasses,Accessories,3140,3967,85.00,Georgia,M,Olive,Winter,4.4,0,Next Day Air,No,No,4,Venmo,Weekly,2024-12-24
3141,34,Female,3141,Gloves,Accessories,3141,3968,44.00,Alaska,XL,Peach,Summer,4.6,0,Free Shipping,No,No,37,Bank Transfer,Weekly,2024-07-26
3142,36,Female,3142,Sunglasses,Accessories,3142,3969,30.00,Mississippi,S,Peach,Winter,4.9,0,Express,No,No,47,Credit Card,Bi-Weekly,2024-12-05
3143,23,Female,3143,Sneakers,Footwear,3143,3970,21.00,Kansas,L,Magenta,Winter,4,0,2-Day Shipping,No,No,1,Venmo,Quarterly,2024-02-27
3144,68,Female,3144,Hoodie,Clothing,3144,3971,22.00,Arizona,M,Purple,Summer,2.9,0,Store Pickup,No,No,26,Cash,Quarterly,2024-08-24
3145,23,Female,3145,Boots,Footwear,3145,3973,70.00,Maine,L,Beige,Spring,2.6,0,Free Shipping,No,No,12,Debit Card,Quarterly,2024-04-23
3146,57,Female,3146,Handbag,Accessories,3146,3974,29.00,Texas,XL,Purple,Spring,4.6,0,Standard,No,No,16,PayPal,Fortnightly,2024-04-05
3147,21,Female,3147,Shirt,Clothing,3147,3975,83.00,Virginia,S,Yellow,Winter,4.9,0,Free Shipping,No,No,19,PayPal,Annually,2024-01-26
3148,45,Female,3148,Sweater,Clothing,3148,3976,99.00,North Dakota,M,Pink,Winter,4.3,0,Express,No,No,21,Credit Card,Weekly,2024-01-03
3149,37,Female,3149,Shorts,Clothing,3149,3977,35.00,West Virginia,L,Purple,Fall,4.3,0,Free Shipping,No,No,15,Venmo,Weekly,2024-09-11
3150,18,Female,3150,Belt,Accessories,3150,3979,40.00,North Carolina,M,Lavender,Winter,4.6,0,Free Shipping,No,No,9,Venmo,Annually,2024-12-14
3151,55,Female,3151,Blouse,Clothing,3151,3980,25.00,Georgia,M,Peach,Spring,2.6,0,Express,No,No,7,Bank Transfer,Bi-Weekly,2024-04-22
3152,52,Female,3152,T-shirt,Clothing,3152,3981,64.00,New Mexico,L,Orange,Fall,3.1,0,2-Day Shipping,No,No,47,Bank Transfer,Quarterly,2024-10-09
3153,49,Female,3153,Belt,Accessories,3153,3982,90.00,North Carolina,M,Red,Fall,3.1,0,Store Pickup,No,No,17,PayPal,Monthly,2024-09-08
3154,56,Female,3154,Socks,Clothing,3154,3983,88.00,Alabama,L,Red,Fall,3.1,0,Next Day Air,No,No,46,Venmo,Fortnightly,2024-09-21
3155,27,Female,3155,Belt,Accessories,3155,3985,55.00,Connecticut,M,Gold,Winter,4.4,0,Standard,No,No,32,Cash,Quarterly,2024-12-09
3156,22,Female,3156,Handbag,Accessories,3156,3986,90.00,Montana,M,Brown,Fall,4.3,0,Free Shipping,No,No,34,Cash,Annually,2024-10-11
3157,18,Female,3157,Shirt,Clothing,3157,3987,50.00,Montana,M,Black,Winter,3.1,0,2-Day Shipping,No,No,18,Cash,Monthly,2024-12-17
3158,21,Female,3158,Belt,Accessories,3158,3988,34.00,Maine,L,Red,Fall,3.1,0,Store Pickup,No,No,5,Debit Card,Fortnightly,2024-11-03
3159,30,Female,3159,Jewelry,Accessories,3159,3989,77.00,Mississippi,M,Gray,Winter,4.9,0,2-Day Shipping,No,No,44,Credit Card,Monthly,2024-01-28
3160,62,Female,3160,Hat,Accessories,3160,3991,89.00,Louisiana,L,Pink,Winter,2.9,0,Store Pickup,No,No,4,Bank Transfer,Quarterly,2024-02-27
3161,28,Female,3161,Backpack,Accessories,3161,3992,87.00,Nebraska,XL,Turquoise,Fall,3.8,0,Next Day Air,No,No,37,Cash,Fortnightly,2024-11-12
3162,66,Female,3162,Dress,Clothing,3162,3993,77.00,Massachusetts,S,Charcoal,Winter,4.2,0,2-Day Shipping,No,No,43,Cash,Monthly,2024-12-05
3163,66,Female,3163,Shoes,Footwear,3163,3994,85.00,Wisconsin,L,Blue,Winter,3.9,0,Standard,No,No,28,Bank Transfer,Quarterly,2024-01-26
3164,49,Female,3164,Pants,Clothing,3164,3995,66.00,Nebraska,XL,Turquoise,Summer,2.8,0,Express,No,No,36,Cash,Monthly,2024-06-08
3165,40,Female,3165,Dress,Clothing,3165,3997,32.00,Arizona,L,Silver,Winter,2.6,0,Standard,No,No,16,Credit Card,Annually,2024-02-26
3166,49,Female,3166,Jacket,Outerwear,3166,3998,92.00,Hawaii,M,Lavender,Spring,3,0,Store Pickup,No,No,38,Bank Transfer,Every 3 Months,2024-05-19
3167,19,Female,3167,Shirt,Clothing,3167,3999,80.00,Georgia,M,Gold,Winter,2.7,0,Next Day Air,No,No,37,Bank Transfer,Fortnightly,2024-02-07
3168,24,Female,3168,Dress,Clothing,3168,4000,78.00,Oregon,M,Blue,Fall,2.8,0,2-Day Shipping,No,No,9,Cash,Bi-Weekly,2024-09-23
3169,31,Female,3169,Jeans,Clothing,3169,4001,24.00,Montana,M,Orange,Spring,2.9,0,2-Day Shipping,No,No,14,PayPal,Fortnightly,2024-03-10
3170,35,Female,3170,T-shirt,Clothing,3170,4003,59.00,Georgia,M,White,Fall,3.8,0,Free Shipping,No,No,3,Venmo,Weekly,2024-09-05
3171,65,Female,3171,Sunglasses,Accessories,3171,4004,41.00,Rhode Island,XL,Charcoal,Spring,4.4,0,Express,No,No,10,Credit Card,Fortnightly,2024-05-24
3172,68,Female,3172,Jewelry,Accessories,3172,4005,26.00,Tennessee,M,Maroon,Spring,3.1,0,Express,No,No,26,Bank Transfer,Bi-Weekly,2024-04-18
3173,57,Female,3173,Socks,Clothing,3173,4006,52.00,Missouri,M,Olive,Fall,3.7,0,Standard,No,No,30,Debit Card,Bi-Weekly,2024-11-08
3174,69,Female,3174,Skirt,Clothing,3174,4007,46.00,Washington,L,Teal,Summer,4.9,0,Next Day Air,No,No,32,PayPal,Fortnightly,2024-08-20
3175,45,Female,3175,Pants,Clothing,3175,4009,52.00,Oklahoma,L,Orange,Winter,3.8,0,Store Pickup,No,No,35,PayPal,Monthly,2024-02-05
3176,35,Female,3176,Socks,Clothing,3176,4010,42.00,Connecticut,M,Maroon,Fall,3.4,0,Store Pickup,No,No,26,Debit Card,Every 3 Months,2024-11-21
3177,36,Female,3177,Sandals,Footwear,3177,4011,37.00,Arkansas,XL,Turquoise,Spring,4.6,0,2-Day Shipping,No,No,39,Credit Card,Monthly,2024-05-19
3178,55,Female,3178,Belt,Accessories,3178,4012,52.00,Missouri,L,Beige,Fall,3.2,0,Standard,No,No,31,Credit Card,Monthly,2024-09-10
3179,66,Female,3179,Sandals,Footwear,3179,4013,34.00,Washington,L,Beige,Spring,2.7,0,Free Shipping,No,No,28,Credit Card,Annually,2024-05-18
3180,57,Female,3180,Shorts,Clothing,3180,4015,88.00,Idaho,M,Olive,Spring,4.3,0,Free Shipping,No,No,12,Debit Card,Bi-Weekly,2024-04-01
3181,18,Female,3181,Handbag,Accessories,3181,4016,88.00,Montana,L,Turquoise,Fall,3.8,0,Standard,No,No,46,PayPal,Weekly,2024-10-01
3182,31,Female,3182,Jacket,Outerwear,3182,4017,51.00,Montana,M,Charcoal,Summer,4.4,0,Free Shipping,No,No,27,PayPal,Every 3 Months,2024-06-27
3183,50,Female,3183,Sunglasses,Accessories,3183,4018,97.00,Georgia,L,Green,Fall,3.6,0,Free Shipping,No,No,4,Credit Card,Annually,2024-10-13
3184,50,Female,3184,Sneakers,Footwear,3184,4019,56.00,Mississippi,M,Green,Winter,3.5,0,Standard,No,No,14,Cash,Every 3 Months,2024-02-28
3185,61,Female,3185,Sweater,Clothing,3185,4021,53.00,Hawaii,L,Green,Spring,4.2,0,2-Day Shipping,No,No,30,Venmo,Quarterly,2024-03-10
3186,52,Female,3186,Skirt,Clothing,3186,4022,71.00,Ohio,L,Gold,Fall,4.7,0,Express,No,No,6,PayPal,Annually,2024-10-10
3187,38,Female,3187,Jewelry,Accessories,3187,4023,93.00,Virginia,S,Cyan,Winter,4.8,0,Store Pickup,No,No,43,Venmo,Annually,2024-12-23
3188,67,Female,3188,Blouse,Clothing,3188,4024,72.00,Texas,L,Indigo,Winter,3.2,0,Free Shipping,No,No,28,Debit Card,Weekly,2024-01-18
3189,42,Female,3189,Blouse,Clothing,3189,4025,59.00,Vermont,M,Lavender,Winter,3.5,0,Standard,No,No,39,Bank Transfer,Monthly,2024-12-16
3190,25,Female,3190,Boots,Footwear,3190,4027,87.00,Kansas,M,Beige,Summer,4.2,0,Store Pickup,No,No,30,PayPal,Bi-Weekly,2024-06-08
3191,41,Female,3191,Jeans,Clothing,3191,4028,78.00,California,S,Purple,Fall,3.4,0,Free Shipping,No,No,5,Credit Card,Fortnightly,2024-10-11
3192,62,Female,3192,Hoodie,Clothing,3192,4029,68.00,Mississippi,XL,Maroon,Winter,4.7,0,Store Pickup,No,No,42,Credit Card,Every 3 Months,2024-12-01
3193,19,Female,3193,Sweater,Clothing,3193,4030,76.00,Iowa,S,Maroon,Fall,3,0,Free Shipping,No,No,20,Cash,Fortnightly,2024-09-11
3194,63,Female,3194,Gloves,Accessories,3194,4031,99.00,Virginia,L,Teal,Winter,4,0,Express,No,No,35,Credit Card,Fortnightly,2024-12-05
3195,43,Female,3195,Sneakers,Footwear,3195,4033,52.00,Maryland,L,Gold,Summer,4.6,0,Standard,No,No,10,Credit Card,Bi-Weekly,2024-08-11
3196,68,Female,3196,Sunglasses,Accessories,3196,4034,58.00,Missouri,S,Red,Spring,4.9,0,Next Day Air,No,No,36,Credit Card,Quarterly,2024-04-09
3197,24,Female,3197,Belt,Accessories,3197,4035,59.00,Wisconsin,L,Maroon,Winter,2.8,0,Express,No,No,21,Debit Card,Fortnightly,2024-02-26
3198,27,Female,3198,Sweater,Clothing,3198,4036,71.00,Maine,M,Teal,Spring,3.2,0,Free Shipping,No,No,29,Credit Card,Every 3 Months,2024-05-15
3199,61,Female,3199,Gloves,Accessories,3199,4037,94.00,Pennsylvania,L,Peach,Winter,2.8,0,Free Shipping,No,No,39,Debit Card,Weekly,2024-01-19
3200,59,Female,3200,Handbag,Accessories,3200,4039,40.00,Maine,XL,Pink,Winter,4.2,0,Express,No,No,16,PayPal,Monthly,2024-01-11
3201,67,Female,3201,Socks,Clothing,3201,4040,24.00,Missouri,L,Black,Spring,4.8,0,Free Shipping,No,No,32,Credit Card,Monthly,2024-05-03
3202,46,Female,3202,Pants,Clothing,3202,4041,38.00,Vermont,S,Indigo,Fall,2.8,0,2-Day Shipping,No,No,34,Cash,Monthly,2024-10-28
3203,65,Female,3203,Scarf,Accessories,3203,4042,37.00,Wisconsin,L,Green,Fall,4.5,0,Standard,No,No,38,Venmo,Annually,2024-10-18
3204,63,Female,3204,Coat,Outerwear,3204,4043,29.00,New Jersey,L,Teal,Spring,4.1,0,Express,No,No,14,Venmo,Annually,2024-05-26
3205,57,Female,3205,Jacket,Outerwear,3205,4045,92.00,New Mexico,XL,Lavender,Fall,4.3,0,Free Shipping,No,No,23,Debit Card,Bi-Weekly,2024-09-06
3206,40,Female,3206,Hoodie,Clothing,3206,4046,24.00,Colorado,XL,Magenta,Fall,4.4,0,2-Day Shipping,No,No,50,Bank Transfer,Every 3 Months,2024-09-12
3207,36,Female,3207,Boots,Footwear,3207,4047,52.00,California,M,Brown,Winter,3,0,Free Shipping,No,No,49,PayPal,Monthly,2024-12-21
3208,67,Female,3208,Socks,Clothing,3208,4048,29.00,Arizona,XL,Beige,Summer,2.7,0,Next Day Air,No,No,14,PayPal,Annually,2024-07-27
3209,61,Female,3209,Jewelry,Accessories,3209,4049,30.00,Indiana,L,Indigo,Winter,3.3,0,2-Day Shipping,No,No,42,PayPal,Weekly,2024-12-10
3210,64,Female,3210,Shoes,Footwear,3210,4051,31.00,Arkansas,L,Peach,Fall,4.3,0,Standard,No,No,39,Debit Card,Annually,2024-11-28
3211,30,Female,3211,Socks,Clothing,3211,4052,67.00,Nevada,M,Magenta,Summer,2.9,0,Express,No,No,43,Venmo,Bi-Weekly,2024-08-21
3212,53,Female,3212,Pants,Clothing,3212,4053,65.00,Rhode Island,L,Turquoise,Winter,4.9,0,Standard,No,No,12,Cash,Monthly,2024-02-23
3213,27,Female,3213,Sneakers,Footwear,3213,4054,22.00,Wyoming,M,Indigo,Winter,3.6,0,2-Day Shipping,No,No,21,Debit Card,Weekly,2024-12-05
3214,27,Female,3214,Sunglasses,Accessories,3214,4055,56.00,Texas,M,Brown,Winter,3.3,0,Standard,No,No,33,Credit Card,Monthly,2024-01-21
3215,53,Female,3215,Skirt,Clothing,3215,4057,78.00,Washington,M,Yellow,Spring,3.1,0,Free Shipping,No,No,6,Debit Card,Annually,2024-05-09
3216,34,Female,3216,Coat,Outerwear,3216,4058,90.00,Rhode Island,M,Magenta,Summer,2.7,0,Free Shipping,No,No,10,PayPal,Every 3 Months,2024-08-16
3217,39,Female,3217,Hoodie,Clothing,3217,4059,85.00,Illinois,S,Olive,Winter,3.4,0,Next Day Air,No,No,18,Cash,Weekly,2024-02-28
3218,44,Female,3218,Sunglasses,Accessories,3218,4060,58.00,Oregon,M,Silver,Fall,3.4,0,Express,No,No,46,Venmo,Weekly,2024-11-14
3219,37,Female,3219,Skirt,Clothing,3219,4061,34.00,Florida,M,Teal,Fall,3.9,0,Express,No,No,49,PayPal,Monthly,2024-10-18
3220,57,Female,3220,Coat,Outerwear,3220,4063,40.00,Kansas,L,White,Summer,3.5,0,2-Day Shipping,No,No,39,Credit Card,Weekly,2024-07-16
3221,38,Female,3221,Handbag,Accessories,3221,4064,29.00,North Dakota,M,Blue,Fall,4.1,0,Free Shipping,No,No,16,Cash,Monthly,2024-10-21
3222,21,Female,3222,T-shirt,Clothing,3222,4065,76.00,New Hampshire,M,Yellow,Winter,3.2,0,Standard,No,No,28,Cash,Annually,2024-02-18
3223,45,Female,3223,Sunglasses,Accessories,3223,4066,84.00,Texas,S,Maroon,Fall,4.6,0,Store Pickup,No,No,22,PayPal,Quarterly,2024-09-19
3224,68,Female,3224,Shirt,Clothing,3224,4067,65.00,Montana,S,Gray,Spring,3.9,0,Standard,No,No,36,Venmo,Bi-Weekly,2024-04-21
3225,37,Female,3225,Hoodie,Clothing,3225,4069,80.00,Delaware,L,Indigo,Winter,2.7,0,Free Shipping,No,No,18,PayPal,Monthly,2024-02-28
3226,53,Female,3226,Blouse,Clothing,3226,4070,98.00,New Hampshire,M,Pink,Fall,3,0,Store Pickup,No,No,31,Credit Card,Weekly,2024-09-09
3227,57,Female,3227,Sneakers,Footwear,3227,4071,71.00,Minnesota,XL,Beige,Spring,3.3,0,Next Day Air,No,No,38,Bank Transfer,Fortnightly,2024-04-04
3228,28,Female,3228,Scarf,Accessories,3228,4072,69.00,Alaska,XL,White,Fall,2.7,0,Free Shipping,No,No,42,Debit Card,Quarterly,2024-09-01
3229,37,Female,3229,Jewelry,Accessories,3229,4073,95.00,Connecticut,M,Yellow,Spring,4.6,0,2-Day Shipping,No,No,27,PayPal,Annually,2024-04-10
3230,54,Female,3230,Pants,Clothing,3230,4075,67.00,Connecticut,M,Teal,Fall,2.7,0,Express,No,No,24,Cash,Monthly,2024-09-18
3231,49,Female,3231,Sneakers,Footwear,3231,4076,49.00,Kansas,M,Olive,Summer,2.5,0,Next Day Air,No,No,38,Debit Card,Annually,2024-08-17
3232,62,Female,3232,Shoes,Footwear,3232,4077,97.00,Nevada,M,Maroon,Winter,4.4,0,Free Shipping,No,No,9,Credit Card,Annually,2024-01-09
3233,45,Female,3233,T-shirt,Clothing,3233,4078,34.00,Massachusetts,M,White,Spring,4,0,Next Day Air,No,No,19,Bank Transfer,Monthly,2024-05-13
3234,45,Female,3234,Belt,Accessories,3234,4079,74.00,Indiana,M,Lavender,Fall,3.8,0,Express,No,No,11,Debit Card,Bi-Weekly,2024-10-18
3235,49,Female,3235,Jewelry,Accessories,3235,4081,96.00,Washington,M,Black,Winter,2.5,0,2-Day Shipping,No,No,16,Debit Card,Quarterly,2024-01-26
3236,27,Female,3236,Belt,Accessories,3236,4082,68.00,Kansas,M,Green,Summer,4,0,Free Shipping,No,No,18,Venmo,Monthly,2024-08-21
3237,63,Female,3237,Belt,Accessories,3237,4083,84.00,South Carolina,L,Olive,Fall,4.1,0,Next Day Air,No,No,8,Cash,Monthly,2024-10-12
3238,61,Female,3238,T-shirt,Clothing,3238,4084,57.00,Vermont,M,Gray,Summer,2.8,0,Express,No,No,4,Cash,Weekly,2024-08-14
3239,25,Female,3239,Sneakers,Footwear,3239,4085,84.00,Wyoming,XL,Teal,Fall,3.4,0,2-Day Shipping,No,No,37,Cash,Quarterly,2024-09-11
3240,33,Female,3240,Sunglasses,Accessories,3240,4087,32.00,Colorado,M,Charcoal,Fall,2.7,0,2-Day Shipping,No,No,30,Cash,Monthly,2024-10-20
3241,56,Female,3241,Sandals,Footwear,3241,4088,37.00,West Virginia,M,Violet,Fall,3.8,0,2-Day Shipping,No,No,37,Bank Transfer,Monthly,2024-09-15
3242,50,Female,3242,Handbag,Accessories,3242,4089,58.00,Connecticut,M,Lavender,Summer,4.4,0,Store Pickup,No,No,30,PayPal,Quarterly,2024-07-07
3243,45,Female,3243,Socks,Clothing,3243,4090,74.00,Oregon,S,Beige,Fall,2.8,0,Express,No,No,17,Venmo,Weekly,2024-11-19
3244,45,Female,3244,Hoodie,Clothing,3244,4091,99.00,Idaho,L,Black,Summer,5,0,Store Pickup,No,No,11,Bank Transfer,Every 3 Months,2024-08-09
3245,65,Female,3245,Sweater,Clothing,3245,4093,81.00,Arkansas,M,Black,Fall,4.7,0,Express,No,No,42,Credit Card,Annually,2024-09-07
3246,63,Female,3246,Pants,Clothing,3246,4094,76.00,Kansas,M,Purple,Fall,3.2,0,Next Day Air,No,No,20,Cash,Weekly,2024-09-17
3247,70,Female,3247,Sneakers,Footwear,3247,4095,98.00,Michigan,M,Magenta,Summer,2.9,0,Store Pickup,No,No,37,Cash,Monthly,2024-07-25
3248,53,Female,3248,Gloves,Accessories,3248,4096,91.00,Arkansas,M,Teal,Summer,3.7,0,Express,No,No,12,PayPal,Fortnightly,2024-07-08
3249,22,Female,3249,T-shirt,Clothing,3249,4097,79.00,Pennsylvania,S,Teal,Summer,4.2,0,Free Shipping,No,No,41,Bank Transfer,Quarterly,2024-06-15
3250,26,Female,3250,Backpack,Accessories,3250,4099,83.00,Virginia,M,Pink,Summer,3.4,0,Express,No,No,32,Credit Card,Quarterly,2024-06-23
3251,23,Female,3251,Coat,Outerwear,3251,4100,90.00,Minnesota,M,Teal,Spring,2.9,0,2-Day Shipping,No,No,15,Venmo,Weekly,2024-03-15
3252,25,Female,3252,Coat,Outerwear,3252,4101,20.00,Nevada,M,Gold,Winter,3.7,0,Standard,No,No,39,Venmo,Quarterly,2024-12-22
3253,69,Female,3253,Sandals,Footwear,3253,4102,21.00,Montana,L,Brown,Spring,2.7,0,Store Pickup,No,No,48,Credit Card,Fortnightly,2024-04-14
3254,36,Female,3254,Backpack,Accessories,3254,4103,60.00,Nebraska,M,Brown,Fall,3.2,0,2-Day Shipping,No,No,8,Venmo,Fortnightly,2024-09-17
3255,21,Female,3255,Sweater,Clothing,3255,4105,31.00,Indiana,S,Magenta,Winter,4.9,0,Store Pickup,No,No,11,Bank Transfer,Every 3 Months,2024-12-08
3256,57,Female,3256,Shorts,Clothing,3256,4106,40.00,New Jersey,M,Black,Fall,2.8,0,Next Day Air,No,No,36,Bank Transfer,Monthly,2024-10-28
3257,60,Female,3257,Sunglasses,Accessories,3257,4107,26.00,Wisconsin,L,Teal,Winter,4.7,0,Free Shipping,No,No,50,Venmo,Every 3 Months,2024-12-17
3258,44,Female,3258,Shirt,Clothing,3258,4108,98.00,Minnesota,M,Brown,Fall,3.3,0,Express,No,No,39,Venmo,Every 3 Months,2024-10-06
3259,31,Female,3259,Shoes,Footwear,3259,4109,51.00,New Jersey,M,Magenta,Spring,4.3,0,Express,No,No,11,Credit Card,Bi-Weekly,2024-05-09
3260,57,Female,3260,Hat,Accessories,3260,4111,95.00,Oklahoma,XL,Indigo,Fall,3.7,0,2-Day Shipping,No,No,5,Debit Card,Every 3 Months,2024-11-06
3261,39,Female,3261,Scarf,Accessories,3261,4112,36.00,Wisconsin,M,Violet,Summer,4.5,0,2-Day Shipping,No,No,7,Credit Card,Annually,2024-06-23
3262,48,Female,3262,Belt,Accessories,3262,4113,52.00,Rhode Island,L,Cyan,Winter,3.4,0,Store Pickup,No,No,50,Debit Card,Weekly,2024-01-14
3263,42,Female,3263,T-shirt,Clothing,3263,4114,35.00,Indiana,M,Violet,Spring,2.7,0,Standard,No,No,21,Cash,Every 3 Months,2024-05-03
3264,56,Female,3264,Shorts,Clothing,3264,4115,68.00,Vermont,S,Black,Fall,4.4,0,Express,No,No,31,Debit Card,Fortnightly,2024-09-07
3265,28,Female,3265,Pants,Clothing,3265,4117,50.00,Maine,S,Charcoal,Winter,4,0,Express,No,No,39,Cash,Bi-Weekly,2024-12-12
3266,40,Female,3266,Sunglasses,Accessories,3266,4118,100.00,Alabama,M,White,Winter,3.2,0,Express,No,No,28,Credit Card,Fortnightly,2024-02-16
3267,49,Female,3267,Coat,Outerwear,3267,4119,74.00,Alabama,S,Gray,Winter,4.2,0,Next Day Air,No,No,33,Bank Transfer,Weekly,2024-12-18
3268,37,Female,3268,Hoodie,Clothing,3268,4120,45.00,Idaho,L,Pink,Winter,3,0,Store Pickup,No,No,42,Credit Card,Quarterly,2024-02-17
3269,22,Female,3269,Dress,Clothing,3269,4121,97.00,Arkansas,M,Cyan,Fall,2.8,0,Free Shipping,No,No,5,Bank Transfer,Every 3 Months,2024-09-01
3270,27,Female,3270,Blouse,Clothing,3270,4123,60.00,Ohio,M,Blue,Winter,4.9,0,Express,No,No,25,Cash,Monthly,2024-01-08
3271,59,Female,3271,Socks,Clothing,3271,4124,25.00,Illinois,M,Indigo,Winter,4.7,0,Express,No,No,48,PayPal,Annually,2024-01-23
3272,35,Female,3272,Socks,Clothing,3272,4125,55.00,Nevada,XL,Magenta,Spring,4.4,0,Standard,No,No,30,Credit Card,Weekly,2024-05-25
3273,58,Female,3273,Shoes,Footwear,3273,4126,99.00,Texas,M,Lavender,Winter,3.1,0,Next Day Air,No,No,34,PayPal,Quarterly,2024-01-17
3274,58,Female,3274,Belt,Accessories,3274,4127,45.00,Nevada,S,Orange,Summer,2.6,0,Free Shipping,No,No,34,PayPal,Every 3 Months,2024-06-28
3275,46,Female,3275,Sweater,Clothing,3275,4129,20.00,Oklahoma,M,Cyan,Spring,3.9,0,Store Pickup,No,No,14,Cash,Fortnightly,2024-03-21
3276,43,Female,3276,Pants,Clothing,3276,4130,88.00,Alabama,XL,Green,Summer,2.6,0,2-Day Shipping,No,No,2,Debit Card,Weekly,2024-08-05
3277,39,Female,3277,Scarf,Accessories,3277,4131,99.00,South Dakota,M,White,Summer,4,0,Store Pickup,No,No,41,PayPal,Every 3 Months,2024-08-26
3278,59,Female,3278,Skirt,Clothing,3278,4132,86.00,Texas,M,Blue,Spring,4.9,0,Store Pickup,No,No,3,Credit Card,Monthly,2024-03-10
3279,59,Female,3279,Dress,Clothing,3279,4133,70.00,Montana,M,Black,Summer,3.3,0,2-Day Shipping,No,No,18,Bank Transfer,Weekly,2024-07-26
3280,59,Female,3280,Hat,Accessories,3280,4135,50.00,Wyoming,S,Red,Fall,3,0,Express,No,No,1,Debit Card,Fortnightly,2024-09-11
3281,45,Female,3281,Handbag,Accessories,3281,4136,57.00,New York,L,Red,Winter,2.7,0,Next Day Air,No,No,5,PayPal,Monthly,2024-02-17
3282,27,Female,3282,Pants,Clothing,3282,4137,69.00,Oregon,L,Gold,Winter,3.1,0,Free Shipping,No,No,41,Bank Transfer,Annually,2024-01-14
3283,24,Female,3283,T-shirt,Clothing,3283,4138,94.00,California,M,Red,Fall,4.8,0,Next Day Air,No,No,5,Credit Card,Monthly,2024-09-04
3284,47,Female,3284,Jacket,Outerwear,3284,4139,24.00,North Carolina,L,Purple,Spring,2.9,0,Express,No,No,10,Debit Card,Every 3 Months,2024-03-16
3285,70,Female,3285,Scarf,Accessories,3285,4141,79.00,Kentucky,L,White,Spring,4.5,0,2-Day Shipping,No,No,20,Venmo,Annually,2024-04-26
3286,58,Female,3286,Hat,Accessories,3286,4142,31.00,Hawaii,XL,Magenta,Fall,4.6,0,Free Shipping,No,No,11,Cash,Weekly,2024-10-27
3287,45,Female,3287,Jacket,Outerwear,3287,4143,67.00,Illinois,L,Pink,Winter,5,0,Express,No,No,4,Venmo,Fortnightly,2024-02-16
3288,24,Female,3288,Skirt,Clothing,3288,4144,63.00,West Virginia,L,Black,Spring,4.3,0,2-Day Shipping,No,No,38,Credit Card,Weekly,2024-04-14
3289,67,Female,3289,Handbag,Accessories,3289,4145,61.00,South Carolina,XL,White,Spring,4.9,0,Next Day Air,No,No,19,Credit Card,Bi-Weekly,2024-04-15
3290,31,Female,3290,Backpack,Accessories,3290,4147,50.00,Montana,M,Maroon,Summer,4,0,2-Day Shipping,No,No,16,Venmo,Every 3 Months,2024-06-01
3291,52,Female,3291,Coat,Outerwear,3291,4148,82.00,North Dakota,L,Black,Spring,3.1,0,Free Shipping,No,No,2,PayPal,Monthly,2024-05-03
3292,29,Female,3292,Belt,Accessories,3292,4149,51.00,New Mexico,L,Olive,Fall,2.6,0,2-Day Shipping,No,No,11,Cash,Monthly,2024-11-15
3293,62,Female,3293,Handbag,Accessories,3293,4150,23.00,Missouri,L,Gray,Spring,4.9,0,Standard,No,No,18,Bank Transfer,Fortnightly,2024-04-11
3294,19,Female,3294,Coat,Outerwear,3294,4151,91.00,West Virginia,M,Gold,Spring,3.5,0,2-Day Shipping,No,No,47,Credit Card,Fortnightly,2024-03-16
3295,62,Female,3295,Sweater,Clothing,3295,4153,60.00,South Carolina,S,Magenta,Spring,4.5,0,Store Pickup,No,No,15,Bank Transfer,Bi-Weekly,2024-03-08
3296,70,Female,3296,Blouse,Clothing,3296,4154,34.00,West Virginia,S,Lavender,Summer,2.8,0,Next Day Air,No,No,15,Cash,Weekly,2024-06-18
3297,20,Female,3297,Blouse,Clothing,3297,4155,23.00,Alaska,M,Green,Spring,4.2,0,Next Day Air,No,No,47,Venmo,Quarterly,2024-03-13
3298,67,Female,3298,Belt,Accessories,3298,4156,82.00,West Virginia,M,Violet,Fall,4.1,0,Free Shipping,No,No,47,PayPal,Monthly,2024-11-08
3299,65,Female,3299,Jacket,Outerwear,3299,4157,73.00,New Mexico,M,Brown,Fall,3.5,0,Express,No,No,6,Bank Transfer,Every 3 Months,2024-11-14
3300,45,Female,3300,Shorts,Clothing,3300,4159,32.00,South Dakota,L,Teal,Spring,4,0,2-Day Shipping,No,No,18,Venmo,Monthly,2024-05-03
3301,26,Female,3301,Hat,Accessories,3301,4160,80.00,Oklahoma,M,Charcoal,Spring,4,0,Express,No,No,40,Bank Transfer,Bi-Weekly,2024-03-25
3302,36,Female,3302,Pants,Clothing,3302,4161,58.00,Oklahoma,XL,Charcoal,Summer,2.5,0,Free Shipping,No,No,31,Credit Card,Fortnightly,2024-07-15
3303,36,Female,3303,Blouse,Clothing,3303,4162,82.00,Alabama,XL,Beige,Winter,4.2,0,Standard,No,No,31,Venmo,Bi-Weekly,2024-01-03
3304,20,Female,3304,Belt,Accessories,3304,4163,60.00,Mississippi,S,Turquoise,Summer,3.4,0,Next Day Air,No,No,4,Credit Card,Fortnightly,2024-06-04
3305,30,Female,3305,Handbag,Accessories,3305,4165,79.00,Mississippi,XL,Orange,Fall,4.8,0,Next Day Air,No,No,36,Bank Transfer,Every 3 Months,2024-09-18
3306,34,Female,3306,Hoodie,Clothing,3306,4166,41.00,Nebraska,L,Cyan,Summer,4.9,0,Standard,No,No,31,PayPal,Bi-Weekly,2024-07-08
3307,63,Female,3307,Jacket,Outerwear,3307,4167,39.00,Colorado,L,Orange,Summer,3.6,0,Store Pickup,No,No,6,Venmo,Fortnightly,2024-06-06
3308,18,Female,3308,Scarf,Accessories,3308,4168,36.00,Pennsylvania,S,Green,Winter,4,0,Store Pickup,No,No,1,Cash,Monthly,2024-02-15
3309,55,Female,3309,Jeans,Clothing,3309,4169,70.00,Utah,M,Pink,Fall,2.6,0,Express,No,No,29,Cash,Monthly,2024-10-10
3310,48,Female,3310,Handbag,Accessories,3310,4171,47.00,Massachusetts,M,Blue,Summer,3.1,0,Store Pickup,No,No,19,PayPal,Monthly,2024-06-06
3311,45,Female,3311,Jacket,Outerwear,3311,4172,27.00,Iowa,M,Pink,Winter,3.6,0,Free Shipping,No,No,12,PayPal,Fortnightly,2024-02-14
3312,29,Female,3312,Hat,Accessories,3312,4173,52.00,Florida,L,Blue,Summer,4,0,Express,No,No,18,Bank Transfer,Annually,2024-06-20
3313,55,Female,3313,Sneakers,Footwear,3313,4174,75.00,Louisiana,L,Black,Summer,3.9,0,Next Day Air,No,No,45,Cash,Quarterly,2024-07-16
3314,55,Female,3314,Hat,Accessories,3314,4175,30.00,Kansas,XL,Black,Fall,3.9,0,Express,No,No,45,Credit Card,Monthly,2024-10-08
3315,55,Female,3315,Socks,Clothing,3315,4177,94.00,Kansas,M,Violet,Spring,3.3,0,Standard,No,No,8,Credit Card,Quarterly,2024-03-18
3316,48,Female,3316,Scarf,Accessories,3316,4178,68.00,Kentucky,S,Gold,Summer,2.9,0,Standard,No,No,4,PayPal,Every 3 Months,2024-07-25
3317,42,Female,3317,Socks,Clothing,3317,4179,45.00,New Mexico,M,Olive,Summer,3.1,0,Free Shipping,No,No,5,Debit Card,Fortnightly,2024-07-21
3318,21,Female,3318,Hat,Accessories,3318,4180,67.00,North Carolina,XL,Pink,Summer,4.7,0,Standard,No,No,30,Cash,Quarterly,2024-07-15
3319,45,Female,3319,Jacket,Outerwear,3319,4181,46.00,North Dakota,M,Olive,Summer,3.9,0,Free Shipping,No,No,15,PayPal,Monthly,2024-08-06
3320,23,Female,3320,Shorts,Clothing,3320,4183,31.00,North Dakota,M,Indigo,Summer,4.3,0,Next Day Air,No,No,17,Credit Card,Every 3 Months,2024-06-16
3321,66,Female,3321,Blouse,Clothing,3321,4184,44.00,Illinois,XL,Silver,Fall,4.2,0,2-Day Shipping,No,No,45,Cash,Every 3 Months,2024-11-12
3322,32,Female,3322,Coat,Outerwear,3322,4185,100.00,Maine,S,Charcoal,Winter,4.3,0,Next Day Air,No,No,3,Venmo,Annually,2024-12-23
3323,52,Female,3323,Sweater,Clothing,3323,4186,92.00,Indiana,XL,Orange,Winter,4.6,0,Next Day Air,No,No,43,PayPal,Weekly,2024-02-25
3324,54,Female,3324,Handbag,Accessories,3324,4187,78.00,North Dakota,M,Yellow,Winter,3.8,0,Free Shipping,No,No,4,Credit Card,Monthly,2024-02-25
3325,37,Female,3325,T-shirt,Clothing,3325,4189,32.00,Missouri,S,Red,Fall,3.3,0,Standard,No,No,41,Venmo,Weekly,2024-10-03
3326,29,Female,3326,Sandals,Footwear,3326,4190,97.00,Alaska,M,Maroon,Fall,3.7,0,2-Day Shipping,No,No,16,Venmo,Monthly,2024-11-02
3327,47,Female,3327,Gloves,Accessories,3327,4191,95.00,North Dakota,M,Magenta,Summer,4.3,0,Standard,No,No,10,Debit Card,Annually,2024-06-06
3328,47,Female,3328,Shorts,Clothing,3328,4192,64.00,Connecticut,M,Black,Spring,4.1,0,Express,No,No,2,Debit Card,Quarterly,2024-04-12
3329,42,Female,3329,Sandals,Footwear,3329,4193,35.00,Wisconsin,M,Violet,Spring,3.2,0,Free Shipping,No,No,11,Cash,Bi-Weekly,2024-04-06
3330,34,Female,3330,Backpack,Accessories,3330,4195,54.00,New Jersey,M,Gray,Winter,3.8,0,Express,No,No,1,Debit Card,Bi-Weekly,2024-01-15
3331,38,Female,3331,Sneakers,Footwear,3331,4196,96.00,Missouri,M,Black,Spring,3.2,0,2-Day Shipping,No,No,41,Bank Transfer,Quarterly,2024-03-07
3332,55,Female,3332,Sunglasses,Accessories,3332,4197,58.00,California,M,Pink,Summer,3.5,0,Free Shipping,No,No,39,PayPal,Quarterly,2024-07-22
3333,27,Female,3333,T-shirt,Clothing,3333,4198,23.00,Washington,M,Silver,Summer,3.1,0,2-Day Shipping,No,No,1,PayPal,Bi-Weekly,2024-08-27
3334,55,Female,3334,Jeans,Clothing,3334,4199,35.00,Minnesota,M,Violet,Spring,4.2,0,Express,No,No,3,PayPal,Monthly,2024-03-02
3335,66,Female,3335,Shirt,Clothing,3335,4201,23.00,California,M,Beige,Summer,3.4,0,Free Shipping,No,No,21,Credit Card,Annually,2024-07-17
3336,44,Female,3336,Hat,Accessories,3336,4202,94.00,Texas,XL,Cyan,Winter,3.5,0,Express,No,No,48,Bank Transfer,Quarterly,2024-01-18
3337,39,Female,3337,Blouse,Clothing,3337,4203,45.00,Montana,M,Brown,Fall,4,0,Free Shipping,No,No,24,Debit Card,Annually,2024-10-20
3338,23,Female,3338,Jacket,Outerwear,3338,4204,23.00,Arizona,L,Blue,Winter,4.4,0,2-Day Shipping,No,No,45,Bank Transfer,Bi-Weekly,2024-02-27
3339,29,Female,3339,Skirt,Clothing,3339,4205,94.00,Minnesota,L,White,Winter,2.9,0,2-Day Shipping,No,No,46,Credit Card,Monthly,2024-01-23
3340,20,Female,3340,Gloves,Accessories,3340,4207,99.00,Nebraska,M,Cyan,Fall,3.6,0,Store Pickup,No,No,35,Cash,Fortnightly,2024-09-14
3341,42,Female,3341,T-shirt,Clothing,3341,4208,36.00,Virginia,XL,Maroon,Fall,4.4,0,Free Shipping,No,No,47,Credit Card,Fortnightly,2024-11-23
3342,55,Female,3342,Jacket,Outerwear,3342,4209,50.00,Connecticut,XL,Olive,Summer,4.5,0,Standard,No,No,35,Credit Card,Monthly,2024-08-11
3343,66,Female,3343,Jacket,Outerwear,3343,4210,81.00,New Jersey,M,Violet,Spring,3.8,0,Free Shipping,No,No,45,Credit Card,Weekly,2024-04-01
3344,24,Female,3344,Shorts,Clothing,3344,4211,31.00,Kentucky,XL,Green,Winter,3.6,0,2-Day Shipping,No,No,6,Cash,Bi-Weekly,2024-01-02
3345,62,Female,3345,Hat,Accessories,3345,4213,48.00,Washington,XL,Magenta,Fall,4.3,0,Free Shipping,No,No,20,Cash,Annually,2024-11-25
3346,28,Female,3346,Handbag,Accessories,3346,4214,91.00,Florida,M,Turquoise,Summer,4,0,2-Day Shipping,No,No,3,Venmo,Bi-Weekly,2024-07-24
3347,30,Female,3347,Jeans,Clothing,3347,4215,99.00,Oklahoma,M,Black,Summer,3.4,0,Express,No,No,30,Venmo,Quarterly,2024-06-07
3348,22,Female,3348,Shoes,Footwear,3348,4216,70.00,Iowa,XL,Cyan,Summer,4.4,0,Standard,No,No,28,PayPal,Bi-Weekly,2024-07-15
3349,28,Female,3349,T-shirt,Clothing,3349,4217,74.00,New Hampshire,L,Gray,Winter,2.8,0,Standard,No,No,15,Cash,Every 3 Months,2024-12-09
3350,35,Female,3350,Jewelry,Accessories,3350,4219,79.00,Georgia,M,Red,Fall,2.8,0,Store Pickup,No,No,29,PayPal,Quarterly,2024-11-28
3351,45,Female,3351,Handbag,Accessories,3351,4220,33.00,Mississippi,S,Olive,Fall,4.9,0,2-Day Shipping,No,No,15,Cash,Bi-Weekly,2024-11-07
3352,43,Female,3352,Shirt,Clothing,3352,4221,49.00,New Hampshire,L,Cyan,Spring,4.2,0,2-Day Shipping,No,No,18,Bank Transfer,Fortnightly,2024-05-07
3353,55,Female,3353,Belt,Accessories,3353,4222,96.00,Washington,M,Teal,Summer,2.9,0,Next Day Air,No,No,7,Bank Transfer,Bi-Weekly,2024-07-01
3354,31,Female,3354,Dress,Clothing,3354,4223,66.00,Ohio,L,Teal,Fall,4.6,0,Free Shipping,No,No,19,Credit Card,Every 3 Months,2024-09-17
3355,42,Female,3355,Skirt,Clothing,3355,4225,45.00,Maryland,M,Orange,Fall,2.8,0,Next Day Air,No,No,15,PayPal,Weekly,2024-10-21
3356,40,Female,3356,Blouse,Clothing,3356,4226,28.00,Delaware,M,Peach,Spring,2.6,0,Store Pickup,No,No,3,Bank Transfer,Bi-Weekly,2024-04-09
3357,39,Female,3357,Jeans,Clothing,3357,4227,48.00,Tennessee,M,Silver,Summer,3.5,0,Store Pickup,No,No,13,PayPal,Bi-Weekly,2024-07-07
3358,41,Female,3358,Hoodie,Clothing,3358,4228,67.00,Arkansas,M,Pink,Winter,3.5,0,Free Shipping,No,No,37,Credit Card,Monthly,2024-12-11
3359,56,Female,3359,T-shirt,Clothing,3359,4229,59.00,Tennessee,M,Magenta,Fall,3.4,0,2-Day Shipping,No,No,26,Cash,Annually,2024-11-25
3360,43,Female,3360,Sunglasses,Accessories,3360,4231,74.00,New Hampshire,L,Red,Fall,3.9,0,Next Day Air,No,No,29,Debit Card,Monthly,2024-09-09
3361,22,Female,3361,Jacket,Outerwear,3361,4232,81.00,Minnesota,M,Maroon,Spring,3.3,0,2-Day Shipping,No,No,47,Cash,Every 3 Months,2024-03-06
3362,47,Female,3362,Shoes,Footwear,3362,4233,26.00,Florida,M,Silver,Spring,4.1,0,Free Shipping,No,No,47,Credit Card,Bi-Weekly,2024-05-19
3363,50,Female,3363,Handbag,Accessories,3363,4234,61.00,Tennessee,M,Gray,Summer,3,0,Next Day Air,No,No,48,Venmo,Fortnightly,2024-06-26
3364,58,Female,3364,Sweater,Clothing,3364,4235,23.00,California,M,Turquoise,Winter,3,0,Next Day Air,No,No,46,Bank Transfer,Bi-Weekly,2024-02-11
3365,50,Female,3365,Scarf,Accessories,3365,4237,33.00,Oregon,M,Peach,Fall,3.2,0,Standard,No,No,7,Credit Card,Monthly,2024-09-09
3366,43,Female,3366,Skirt,Clothing,3366,4238,58.00,Tennessee,L,Teal,Fall,3.9,0,Express,No,No,45,Credit Card,Every 3 Months,2024-09-24
3367,38,Female,3367,Gloves,Accessories,3367,4239,65.00,North Carolina,M,Red,Spring,3.6,0,2-Day Shipping,No,No,47,Debit Card,Quarterly,2024-05-02
3368,44,Female,3368,T-shirt,Clothing,3368,4240,48.00,Tennessee,M,Blue,Summer,3.1,0,Store Pickup,No,No,6,Venmo,Fortnightly,2024-08-15
3369,30,Female,3369,Sandals,Footwear,3369,4241,25.00,Nebraska,M,Blue,Spring,4.8,0,Express,No,No,29,Bank Transfer,Every 3 Months,2024-03-15
3370,47,Female,3370,Sweater,Clothing,3370,4243,51.00,Maine,M,Indigo,Winter,3.8,0,2-Day Shipping,No,No,42,Cash,Monthly,2024-12-11
3371,30,Female,3371,Belt,Accessories,3371,4244,31.00,Illinois,M,Charcoal,Summer,2.8,0,Store Pickup,No,No,46,Cash,Fortnightly,2024-07-04
3372,49,Female,3372,Hoodie,Clothing,3372,4245,99.00,Colorado,S,Turquoise,Winter,4,0,Next Day Air,No,No,28,PayPal,Annually,2024-12-25
3373,56,Female,3373,Socks,Clothing,3373,4246,25.00,Pennsylvania,M,Maroon,Winter,4.6,0,Free Shipping,No,No,14,Credit Card,Every 3 Months,2024-12-06
3374,70,Female,3374,Sandals,Footwear,3374,4247,52.00,Minnesota,M,Purple,Spring,3.5,0,Store Pickup,No,No,12,Debit Card,Every 3 Months,2024-04-22
3375,22,Female,3375,Blouse,Clothing,3375,4249,47.00,Nevada,S,Lavender,Spring,3.7,0,2-Day Shipping,No,No,41,Debit Card,Annually,2024-05-09
3376,51,Female,3376,Boots,Footwear,3376,4250,98.00,Connecticut,XL,Yellow,Fall,4.9,0,Express,No,No,8,Credit Card,Annually,2024-11-14
3377,22,Female,3377,Hat,Accessories,3377,4251,46.00,Ohio,M,Green,Winter,4.1,0,Store Pickup,No,No,24,Cash,Quarterly,2024-12-18
3378,37,Female,3378,Shirt,Clothing,3378,4252,32.00,Kentucky,M,Yellow,Winter,4.6,0,Next Day Air,No,No,18,PayPal,Fortnightly,2024-01-18
3379,49,Female,3379,Shorts,Clothing,3379,4253,75.00,Minnesota,L,Gold,Fall,4.5,0,Next Day Air,No,No,6,Cash,Quarterly,2024-10-05
3380,61,Female,3380,Handbag,Accessories,3380,4255,51.00,Tennessee,L,Turquoise,Summer,5,0,Store Pickup,No,No,40,Cash,Weekly,2024-07-12
3381,41,Female,3381,Dress,Clothing,3381,4256,52.00,North Dakota,L,Blue,Summer,3.8,0,Standard,No,No,6,PayPal,Every 3 Months,2024-08-18
3382,57,Female,3382,Hat,Accessories,3382,4257,66.00,Minnesota,L,Turquoise,Winter,4.7,0,Standard,No,No,27,Credit Card,Quarterly,2024-12-09
3383,34,Female,3383,Sweater,Clothing,3383,4258,35.00,Nebraska,M,Maroon,Spring,2.8,0,Express,No,No,2,Bank Transfer,Weekly,2024-04-09
3384,27,Female,3384,Coat,Outerwear,3384,4259,43.00,Delaware,M,Pink,Fall,2.6,0,Next Day Air,No,No,39,Venmo,Bi-Weekly,2024-11-17
3385,39,Female,3385,Hoodie,Clothing,3385,4261,24.00,Minnesota,L,Maroon,Summer,3.8,0,Free Shipping,No,No,9,Venmo,Quarterly,2024-06-20
3386,62,Female,3386,Jewelry,Accessories,3386,4262,83.00,Rhode Island,M,Olive,Winter,2.8,0,Standard,No,No,16,Credit Card,Every 3 Months,2024-01-19
3387,34,Female,3387,T-shirt,Clothing,3387,4263,62.00,Michigan,M,Lavender,Fall,2.6,0,2-Day Shipping,No,No,36,Cash,Quarterly,2024-09-01
3388,53,Female,3388,Pants,Clothing,3388,4264,78.00,New Jersey,S,Pink,Spring,3.4,0,2-Day Shipping,No,No,2,Credit Card,Bi-Weekly,2024-03-22
3389,35,Female,3389,Sweater,Clothing,3389,4265,61.00,South Dakota,M,Cyan,Spring,4.5,0,Store Pickup,No,No,21,Credit Card,Weekly,2024-04-10
3390,38,Female,3390,Pants,Clothing,3390,4267,57.00,North Carolina,L,Maroon,Fall,3.8,0,Free Shipping,No,No,39,Venmo,Annually,2024-11-15
3391,32,Female,3391,Socks,Clothing,3391,4268,70.00,Oregon,S,Red,Summer,3,0,Next Day Air,No,No,38,PayPal,Annually,2024-08-13
3392,47,Female,3392,Hoodie,Clothing,3392,4269,57.00,Montana,M,Silver,Fall,3.7,0,2-Day Shipping,No,No,6,Debit Card,Every 3 Months,2024-10-05
3393,53,Female,3393,Scarf,Accessories,3393,4270,74.00,New Jersey,XL,Blue,Winter,4.4,0,Free Shipping,No,No,6,Venmo,Bi-Weekly,2024-01-03
3394,60,Female,3394,Dress,Clothing,3394,4271,90.00,Arizona,M,Gold,Fall,3.1,0,Next Day Air,No,No,50,Debit Card,Monthly,2024-11-09
3395,31,Female,3395,Sandals,Footwear,3395,4273,98.00,Vermont,S,Yellow,Spring,4.2,0,Store Pickup,No,No,9,PayPal,Annually,2024-03-27
3396,44,Female,3396,Dress,Clothing,3396,4274,43.00,Colorado,M,Silver,Winter,3.1,0,Free Shipping,No,No,15,Debit Card,Every 3 Months,2024-01-18
3397,29,Female,3397,Pants,Clothing,3397,4275,37.00,Tennessee,XL,Black,Winter,5,0,Next Day Air,No,No,5,PayPal,Quarterly,2024-12-07
3398,19,Female,3398,Blouse,Clothing,3398,4276,38.00,New Jersey,L,Yellow,Summer,2.7,0,Standard,No,No,13,Bank Transfer,Bi-Weekly,2024-08-27
3399,54,Female,3399,Jeans,Clothing,3399,4277,60.00,Montana,L,Pink,Winter,3.8,0,Standard,No,No,44,Cash,Fortnightly,2024-01-16
3400,40,Female,3400,Pants,Clothing,3400,4279,55.00,Montana,XL,Yellow,Winter,3.3,0,Standard,No,No,36,Debit Card,Annually,2024-12-16
3401,39,Female,3401,Sunglasses,Accessories,3401,4280,51.00,Nevada,M,Lavender,Fall,4.8,0,Free Shipping,No,No,18,Venmo,Fortnightly,2024-10-27
3402,44,Female,3402,Backpack,Accessories,3402,4281,71.00,Nevada,L,Peach,Winter,3.4,0,Standard,No,No,39,Credit Card,Weekly,2024-01-09
3403,22,Female,3403,Hoodie,Clothing,3403,4282,61.00,Louisiana,M,Black,Spring,4.4,0,2-Day Shipping,No,No,11,PayPal,Every 3 Months,2024-05-22
3404,30,Female,3404,Boots,Footwear,3404,4283,65.00,Illinois,M,Olive,Summer,3.9,0,Standard,No,No,1,Cash,Bi-Weekly,2024-08-05
3405,69,Female,3405,Gloves,Accessories,3405,4285,34.00,South Carolina,L,Olive,Fall,3.9,0,2-Day Shipping,No,No,34,Credit Card,Annually,2024-10-05
3406,28,Female,3406,Blouse,Clothing,3406,4286,87.00,Washington,M,White,Summer,4.2,0,Store Pickup,No,No,47,Bank Transfer,Bi-Weekly,2024-07-27
3407,57,Female,3407,Sweater,Clothing,3407,4287,79.00,Nebraska,M,Red,Spring,4,0,Store Pickup,No,No,24,Venmo,Quarterly,2024-05-04
3408,46,Female,3408,Dress,Clothing,3408,4288,46.00,Alabama,S,Purple,Spring,2.6,0,Store Pickup,No,No,20,Cash,Quarterly,2024-03-21
3409,48,Female,3409,Socks,Clothing,3409,4289,72.00,Montana,L,Purple,Summer,4.4,0,Standard,No,No,11,Bank Transfer,Annually,2024-07-17
3410,24,Female,3410,Shirt,Clothing,3410,4291,93.00,Minnesota,M,Teal,Summer,3.2,0,Next Day Air,No,No,3,Credit Card,Every 3 Months,2024-06-22
3411,50,Female,3411,Sandals,Footwear,3411,4292,76.00,Ohio,L,Teal,Summer,4.3,0,Free Shipping,No,No,38,Bank Transfer,Bi-Weekly,2024-06-01
3412,29,Female,3412,Shoes,Footwear,3412,4293,56.00,New York,L,Gray,Winter,4.9,0,2-Day Shipping,No,No,45,Cash,Weekly,2024-01-16
3413,61,Female,3413,Sandals,Footwear,3413,4294,83.00,Indiana,M,Magenta,Fall,3.8,0,Store Pickup,No,No,31,Venmo,Quarterly,2024-09-06
3414,34,Female,3414,Gloves,Accessories,3414,4295,90.00,Delaware,XL,Black,Winter,2.5,0,Express,No,No,16,PayPal,Bi-Weekly,2024-02-22
3415,27,Female,3415,Boots,Footwear,3415,4297,94.00,Connecticut,M,Maroon,Spring,4.9,0,Next Day Air,No,No,3,Bank Transfer,Quarterly,2024-04-06
3416,38,Female,3416,Blouse,Clothing,3416,4298,68.00,New York,M,Gold,Fall,3,0,2-Day Shipping,No,No,15,Bank Transfer,Annually,2024-11-12
3417,25,Female,3417,Sandals,Footwear,3417,4299,53.00,Alabama,M,Purple,Spring,3.2,0,Store Pickup,No,No,11,Bank Transfer,Every 3 Months,2024-04-19
3418,54,Female,3418,Coat,Outerwear,3418,4300,35.00,Massachusetts,M,Blue,Summer,2.9,0,2-Day Shipping,No,No,22,Debit Card,Fortnightly,2024-07-01
3419,53,Female,3419,Jacket,Outerwear,3419,4301,30.00,South Carolina,M,Beige,Summer,2.8,0,Free Shipping,No,No,35,Debit Card,Annually,2024-08-26
3420,23,Female,3420,Jewelry,Accessories,3420,4303,26.00,West Virginia,L,Indigo,Winter,3.1,0,Store Pickup,No,No,5,Venmo,Bi-Weekly,2024-01-19
3421,19,Female,3421,Hat,Accessories,3421,4304,60.00,Kentucky,M,Purple,Winter,3.4,0,Express,No,No,35,PayPal,Bi-Weekly,2024-12-19
3422,57,Female,3422,Shoes,Footwear,3422,4305,30.00,New Jersey,M,Maroon,Summer,2.9,0,Free Shipping,No,No,27,PayPal,Weekly,2024-06-09
3423,19,Female,3423,Coat,Outerwear,3423,4306,91.00,New York,L,Beige,Winter,3.2,0,Next Day Air,No,No,9,Venmo,Monthly,2024-12-04
3424,33,Female,3424,Boots,Footwear,3424,4307,71.00,Massachusetts,M,Brown,Spring,3.8,0,Next Day Air,No,No,21,PayPal,Bi-Weekly,2024-05-21
3425,33,Female,3425,Scarf,Accessories,3425,4309,64.00,Florida,L,Green,Summer,3.6,0,2-Day Shipping,No,No,23,Credit Card,Monthly,2024-08-24
3426,38,Female,3426,Hat,Accessories,3426,4310,54.00,Michigan,M,Blue,Summer,4.3,0,Next Day Air,No,No,3,Debit Card,Bi-Weekly,2024-07-09
3427,47,Female,3427,Socks,Clothing,3427,4311,35.00,Oregon,XL,Magenta,Fall,4.8,0,2-Day Shipping,No,No,31,Credit Card,Annually,2024-10-27
3428,39,Female,3428,T-shirt,Clothing,3428,4312,38.00,Michigan,XL,Turquoise,Winter,2.5,0,Store Pickup,No,No,44,Cash,Annually,2024-12-27
3429,32,Female,3429,Jewelry,Accessories,3429,4313,69.00,Washington,M,Gray,Fall,2.5,0,Next Day Air,No,No,20,Venmo,Monthly,2024-10-27
3430,27,Female,3430,Skirt,Clothing,3430,4315,96.00,Alaska,S,Purple,Winter,4.6,0,Express,No,No,34,Debit Card,Weekly,2024-02-01
3431,67,Female,3431,Socks,Clothing,3431,4316,73.00,Montana,M,Lavender,Winter,4.2,0,Next Day Air,No,No,17,Bank Transfer,Every 3 Months,2024-12-16
3432,46,Female,3432,Belt,Accessories,3432,4317,49.00,New Mexico,S,Green,Summer,4.2,0,Express,No,No,20,Venmo,Annually,2024-08-25
3433,36,Female,3433,Boots,Footwear,3433,4318,44.00,Connecticut,M,Gray,Summer,4.8,0,2-Day Shipping,No,No,46,PayPal,Every 3 Months,2024-08-11
3434,62,Female,3434,Socks,Clothing,3434,4319,93.00,Alaska,M,Yellow,Spring,4.5,0,Free Shipping,No,No,28,PayPal,Annually,2024-05-09
3435,31,Female,3435,Pants,Clothing,3435,4321,72.00,Ohio,S,Orange,Summer,3.3,0,2-Day Shipping,No,No,6,Venmo,Fortnightly,2024-08-13
3436,68,Female,3436,Socks,Clothing,3436,4322,91.00,Montana,M,Beige,Summer,2.7,0,2-Day Shipping,No,No,50,Debit Card,Bi-Weekly,2024-08-03
3437,57,Female,3437,Belt,Accessories,3437,4323,83.00,Nebraska,L,Peach,Winter,2.8,0,2-Day Shipping,No,No,41,Bank Transfer,Monthly,2024-12-08
3438,22,Female,3438,Jacket,Outerwear,3438,4324,62.00,Oklahoma,S,Green,Winter,3.5,0,2-Day Shipping,No,No,50,PayPal,Annually,2024-01-22
3439,26,Female,3439,Shirt,Clothing,3439,4325,71.00,Kentucky,M,Violet,Fall,3,0,Store Pickup,No,No,33,Credit Card,Monthly,2024-11-26
3440,43,Female,3440,Gloves,Accessories,3440,4327,93.00,Idaho,M,Gray,Summer,4.5,0,Express,No,No,25,Venmo,Quarterly,2024-06-11
3441,45,Female,3441,Handbag,Accessories,3441,4328,63.00,Maryland,L,Magenta,Fall,4.3,0,2-Day Shipping,No,No,2,PayPal,Weekly,2024-10-04
3442,64,Female,3442,Sweater,Clothing,3442,4329,96.00,Tennessee,XL,Charcoal,Fall,4.1,0,Standard,No,No,15,Credit Card,Annually,2024-09-08
3443,28,Female,3443,Skirt,Clothing,3443,4330,78.00,Michigan,M,Violet,Spring,4.3,0,Next Day Air,No,No,12,PayPal,Weekly,2024-05-05
3444,47,Female,3444,Dress,Clothing,3444,4331,24.00,Tennessee,L,Silver,Summer,5,0,Free Shipping,No,No,28,Cash,Bi-Weekly,2024-07-15
3445,53,Female,3445,Pants,Clothing,3445,4333,63.00,Rhode Island,S,Green,Summer,3.8,0,2-Day Shipping,No,No,12,Bank Transfer,Bi-Weekly,2024-06-17
3446,42,Female,3446,Hat,Accessories,3446,4334,58.00,Florida,M,Magenta,Fall,4.9,0,Standard,No,No,3,Debit Card,Annually,2024-10-09
3447,51,Female,3447,Boots,Footwear,3447,4335,55.00,Louisiana,S,Purple,Spring,5,0,2-Day Shipping,No,No,20,Cash,Weekly,2024-04-05
3448,62,Female,3448,Sandals,Footwear,3448,4336,58.00,Arkansas,M,Blue,Fall,4.3,0,Express,No,No,3,Bank Transfer,Bi-Weekly,2024-10-18
3449,18,Female,3449,Coat,Outerwear,3449,4337,28.00,Kentucky,S,Yellow,Winter,4.1,0,Express,No,No,32,Bank Transfer,Fortnightly,2024-12-05
3450,48,Female,3450,Blouse,Clothing,3450,4339,37.00,Kansas,M,Brown,Spring,4.5,0,Standard,No,No,35,Cash,Monthly,2024-05-02
3451,20,Female,3451,Shorts,Clothing,3451,4340,78.00,Vermont,M,Pink,Spring,3.6,0,Store Pickup,No,No,31,PayPal,Monthly,2024-03-26
3452,32,Female,3452,Blouse,Clothing,3452,4341,73.00,Nevada,XL,Silver,Fall,3,0,Free Shipping,No,No,13,Credit Card,Annually,2024-11-01
3453,26,Female,3453,Jacket,Outerwear,3453,4342,20.00,Oklahoma,M,Indigo,Spring,3.7,0,Next Day Air,No,No,3,Venmo,Fortnightly,2024-05-03
3454,31,Female,3454,Shirt,Clothing,3454,4343,60.00,Alabama,L,Pink,Winter,4.3,0,Standard,No,No,48,Venmo,Bi-Weekly,2024-12-27
3455,55,Female,3455,Handbag,Accessories,3455,4345,71.00,Louisiana,S,Lavender,Fall,4.6,0,Store Pickup,No,No,15,PayPal,Bi-Weekly,2024-10-12
3456,49,Female,3456,T-shirt,Clothing,3456,4346,89.00,Ohio,M,Orange,Fall,4.7,0,Standard,No,No,13,Venmo,Annually,2024-11-22
3457,42,Female,3457,Hoodie,Clothing,3457,4347,53.00,Texas,M,Red,Fall,4.6,0,Express,No,No,21,Venmo,Monthly,2024-09-05
3458,64,Female,3458,Jewelry,Accessories,3458,4348,87.00,Maryland,M,Gray,Summer,3,0,Express,No,No,29,Cash,Fortnightly,2024-06-06
3459,68,Female,3459,Jewelry,Accessories,3459,4349,37.00,West Virginia,L,Violet,Spring,3.4,0,Standard,No,No,24,Venmo,Quarterly,2024-05-12
3460,68,Female,3460,Hoodie,Clothing,3460,4351,37.00,Ohio,L,Green,Fall,3.8,0,Express,No,No,21,PayPal,Annually,2024-11-21
3461,41,Female,3461,Scarf,Accessories,3461,4352,78.00,Indiana,M,Gold,Spring,3.1,0,Express,No,No,5,Bank Transfer,Bi-Weekly,2024-03-25
3462,51,Female,3462,Shoes,Footwear,3462,4353,23.00,Wyoming,S,Maroon,Spring,4.4,0,Standard,No,No,47,Cash,Quarterly,2024-05-12
3463,44,Female,3463,Jeans,Clothing,3463,4354,73.00,Michigan,L,Olive,Spring,4.5,0,Standard,No,No,34,Credit Card,Every 3 Months,2024-05-28
3464,27,Female,3464,Jewelry,Accessories,3464,4355,27.00,Maine,M,Yellow,Fall,2.8,0,2-Day Shipping,No,No,45,PayPal,Fortnightly,2024-09-18
3465,36,Female,3465,Coat,Outerwear,3465,4357,59.00,Utah,S,Peach,Winter,2.7,0,Next Day Air,No,No,12,PayPal,Annually,2024-01-26
3466,19,Female,3466,Backpack,Accessories,3466,4358,53.00,Iowa,M,Gold,Spring,3.4,0,Standard,No,No,31,Debit Card,Weekly,2024-03-08
3467,49,Female,3467,Socks,Clothing,3467,4359,42.00,Maryland,S,Purple,Summer,4.6,0,Standard,No,No,43,Bank Transfer,Annually,2024-08-20
3468,18,Female,3468,Scarf,Accessories,3468,4360,45.00,Texas,M,Charcoal,Fall,5,0,Next Day Air,No,No,5,Credit Card,Annually,2024-10-21
3469,36,Female,3469,Sunglasses,Accessories,3469,4361,89.00,Ohio,S,Indigo,Winter,3.5,0,Standard,No,No,36,Debit Card,Quarterly,2024-12-10
3470,36,Female,3470,Socks,Clothing,3470,4363,85.00,North Dakota,L,Magenta,Fall,3.3,0,Store Pickup,No,No,12,Cash,Annually,2024-10-27
3471,19,Female,3471,Coat,Outerwear,3471,4364,69.00,West Virginia,S,Olive,Summer,4.5,0,Free Shipping,No,No,31,Cash,Bi-Weekly,2024-06-22
3472,43,Female,3472,Sandals,Footwear,3472,4365,66.00,North Carolina,S,Blue,Spring,3.1,0,Store Pickup,No,No,31,Cash,Bi-Weekly,2024-04-26
3473,31,Female,3473,Blouse,Clothing,3473,4366,42.00,Georgia,S,White,Summer,4,0,Free Shipping,No,No,15,Debit Card,Weekly,2024-08-17
3474,63,Female,3474,Dress,Clothing,3474,4367,40.00,Kansas,M,Cyan,Spring,2.5,0,Express,No,No,11,Cash,Weekly,2024-05-21
3475,41,Female,3475,Pants,Clothing,3475,4369,82.00,Maine,M,Cyan,Winter,4.4,0,Store Pickup,No,No,18,Venmo,Monthly,2024-01-12
3476,48,Female,3476,Sneakers,Footwear,3476,4370,88.00,South Carolina,M,Orange,Spring,4.4,0,Express,No,No,9,Cash,Quarterly,2024-05-19
3477,68,Female,3477,Boots,Footwear,3477,4371,99.00,South Carolina,XL,Orange,Summer,3.2,0,Free Shipping,No,No,11,Cash,Weekly,2024-07-09
3478,53,Female,3478,Handbag,Accessories,3478,4372,85.00,Kentucky,S,Teal,Spring,3.8,0,Store Pickup,No,No,38,Debit Card,Bi-Weekly,2024-05-25
3479,36,Female,3479,Handbag,Accessories,3479,4373,57.00,Arizona,M,Magenta,Fall,4.6,0,Store Pickup,No,No,42,PayPal,Quarterly,2024-10-17
3480,46,Female,3480,Sweater,Clothing,3480,4375,56.00,New York,S,Orange,Summer,4.9,0,Standard,No,No,41,Cash,Monthly,2024-08-20
3481,21,Female,3481,Sandals,Footwear,3481,4376,79.00,New Hampshire,L,Peach,Winter,3.5,0,Free Shipping,No,No,45,PayPal,Monthly,2024-02-02
3482,52,Female,3482,Socks,Clothing,3482,4377,67.00,Ohio,S,Maroon,Summer,3.4,0,Store Pickup,No,No,41,Debit Card,Bi-Weekly,2024-07-20
3483,66,Female,3483,Gloves,Accessories,3483,4378,61.00,Hawaii,M,Gold,Winter,3.9,0,Next Day Air,No,No,35,Debit Card,Weekly,2024-02-21
3484,19,Female,3484,Hoodie,Clothing,3484,4379,37.00,Texas,L,White,Winter,3.9,0,Express,No,No,21,Credit Card,Every 3 Months,2024-12-24
3485,44,Female,3485,Dress,Clothing,3485,4381,75.00,Illinois,L,Gray,Fall,4.2,0,Free Shipping,No,No,13,Credit Card,Bi-Weekly,2024-10-23
3486,50,Female,3486,Shirt,Clothing,3486,4382,21.00,Massachusetts,XL,Brown,Winter,3.4,0,Standard,No,No,23,Debit Card,Fortnightly,2024-01-10
3487,51,Female,3487,Shorts,Clothing,3487,4383,89.00,North Carolina,L,Charcoal,Winter,4.9,0,Standard,No,No,6,PayPal,Weekly,2024-12-06
3488,25,Female,3488,Sandals,Footwear,3488,4384,24.00,West Virginia,L,Beige,Fall,2.9,0,Store Pickup,No,No,39,Bank Transfer,Annually,2024-11-12
3489,62,Female,3489,Sweater,Clothing,3489,4385,27.00,Delaware,XL,Teal,Spring,4.9,0,Store Pickup,No,No,7,Cash,Quarterly,2024-05-23
3490,48,Female,3490,Dress,Clothing,3490,4387,26.00,Idaho,L,Black,Summer,4.6,0,2-Day Shipping,No,No,32,PayPal,Every 3 Months,2024-07-08
3491,62,Female,3491,Boots,Footwear,3491,4388,82.00,Oregon,M,Violet,Spring,3.6,0,Store Pickup,No,No,43,Credit Card,Quarterly,2024-03-05
3492,22,Female,3492,Pants,Clothing,3492,4389,28.00,Maine,M,Orange,Winter,4.3,0,Express,No,No,15,Cash,Monthly,2024-12-23
3493,48,Female,3493,Gloves,Accessories,3493,4390,65.00,South Dakota,M,Turquoise,Fall,4.6,0,Standard,No,No,48,Bank Transfer,Annually,2024-11-07
3494,48,Female,3494,Pants,Clothing,3494,4391,82.00,New Mexico,XL,Black,Winter,4.7,0,Store Pickup,No,No,35,Credit Card,Weekly,2024-02-03
3495,62,Female,3495,Scarf,Accessories,3495,4393,38.00,Washington,M,Silver,Winter,3.5,0,Free Shipping,No,No,41,PayPal,Quarterly,2024-12-20
3496,24,Female,3496,Shorts,Clothing,3496,4394,33.00,Georgia,XL,Gray,Spring,2.8,0,Free Shipping,No,No,14,Cash,Weekly,2024-05-12
3497,39,Female,3497,Shoes,Footwear,3497,4395,38.00,Idaho,M,Pink,Summer,4,0,Free Shipping,No,No,22,PayPal,Monthly,2024-07-23
3498,35,Female,3498,Handbag,Accessories,3498,4396,48.00,Colorado,M,Red,Spring,4.3,0,Store Pickup,No,No,16,Venmo,Every 3 Months,2024-05-01
3499,47,Female,3499,Sandals,Footwear,3499,4397,35.00,Kentucky,M,Lavender,Summer,3.8,0,Standard,No,No,2,Bank Transfer,Bi-Weekly,2024-08-09
3500,22,Female,3500,Socks,Clothing,3500,4399,29.00,New Jersey,L,Indigo,Fall,3,0,Next Day Air,No,No,13,PayPal,Every 3 Months,2024-09-09
3501,38,Female,3501,Shirt,Clothing,3501,4400,48.00,Oregon,S,Silver,Fall,4.6,0,Next Day Air,No,No,38,Debit Card,Fortnightly,2024-11-10
3502,53,Female,3502,Shoes,Footwear,3502,4401,87.00,Nebraska,M,Silver,Fall,4.8,0,Standard,No,No,43,Bank Transfer,Weekly,2024-10-16
3503,31,Female,3503,Backpack,Accessories,3503,4402,62.00,Massachusetts,M,Green,Fall,4.7,0,Next Day Air,No,No,26,Bank Transfer,Quarterly,2024-09-25
3504,31,Female,3504,Shirt,Clothing,3504,4403,96.00,Nebraska,M,Pink,Spring,3.9,0,Free Shipping,No,No,39,Cash,Weekly,2024-03-06
3505,65,Female,3505,Handbag,Accessories,3505,4405,41.00,Hawaii,S,Violet,Fall,4,0,Next Day Air,No,No,50,Venmo,Monthly,2024-10-20
3506,48,Female,3506,Jewelry,Accessories,3506,4406,42.00,Indiana,L,Red,Winter,3.7,0,2-Day Shipping,No,No,40,Bank Transfer,Every 3 Months,2024-01-13
3507,18,Female,3507,Shirt,Clothing,3507,4407,57.00,Illinois,L,Olive,Winter,3.7,0,2-Day Shipping,No,No,12,Cash,Fortnightly,2024-02-24
3508,46,Female,3508,Handbag,Accessories,3508,4408,65.00,Colorado,S,Purple,Spring,4.2,0,Store Pickup,No,No,33,Credit Card,Every 3 Months,2024-04-14
3509,52,Female,3509,Pants,Clothing,3509,4409,54.00,Pennsylvania,M,Gray,Fall,4.7,0,Standard,No,No,49,Bank Transfer,Weekly,2024-11-19
3510,50,Female,3510,T-shirt,Clothing,3510,4411,22.00,Ohio,L,Brown,Winter,4.3,0,Next Day Air,No,No,43,Venmo,Bi-Weekly,2024-12-20
3511,49,Female,3511,Sneakers,Footwear,3511,4412,96.00,Pennsylvania,S,Orange,Fall,4.9,0,2-Day Shipping,No,No,14,Venmo,Monthly,2024-11-22
3512,69,Female,3512,Jewelry,Accessories,3512,4413,81.00,Mississippi,M,Blue,Summer,3.9,0,2-Day Shipping,No,No,21,Credit Card,Every 3 Months,2024-06-14
3513,36,Female,3513,Shirt,Clothing,3513,4414,46.00,Kentucky,M,White,Fall,3.4,0,Free Shipping,No,No,31,Debit Card,Quarterly,2024-10-12
3514,30,Female,3514,Blouse,Clothing,3514,4415,74.00,Alaska,XL,Charcoal,Spring,4.2,0,Store Pickup,No,No,29,Credit Card,Fortnightly,2024-03-08
3515,25,Female,3515,Sneakers,Footwear,3515,4417,50.00,Georgia,XL,Gray,Winter,4.7,0,Express,No,No,32,Cash,Monthly,2024-12-24
3516,19,Female,3516,Dress,Clothing,3516,4418,80.00,South Dakota,XL,Charcoal,Winter,4,0,Next Day Air,No,No,16,Debit Card,Bi-Weekly,2024-02-28
3517,34,Female,3517,Boots,Footwear,3517,4419,56.00,South Carolina,S,White,Summer,4,0,Free Shipping,No,No,38,PayPal,Bi-Weekly,2024-06-26
3518,29,Female,3518,Skirt,Clothing,3518,4420,69.00,Tennessee,M,Orange,Winter,3.1,0,Next Day Air,No,No,34,Debit Card,Every 3 Months,2024-12-04
3519,50,Female,3519,Shirt,Clothing,3519,4421,97.00,Colorado,M,Black,Spring,4.2,0,Standard,No,No,30,PayPal,Quarterly,2024-04-26
3520,31,Female,3520,Shorts,Clothing,3520,4423,66.00,Wisconsin,M,White,Winter,3.7,0,Next Day Air,No,No,14,Bank Transfer,Fortnightly,2024-12-27
3521,41,Female,3521,Hat,Accessories,3521,4424,70.00,Georgia,S,Brown,Spring,3.1,0,Express,No,No,33,Bank Transfer,Monthly,2024-04-16
3522,52,Female,3522,Shoes,Footwear,3522,4425,50.00,Maryland,M,Pink,Winter,3.7,0,Store Pickup,No,No,35,Venmo,Weekly,2024-02-10
3523,27,Female,3523,Pants,Clothing,3523,4426,85.00,New Jersey,M,Yellow,Spring,3.2,0,Store Pickup,No,No,13,Cash,Quarterly,2024-03-02
3524,49,Female,3524,Backpack,Accessories,3524,4427,59.00,Nevada,M,Cyan,Summer,2.8,0,Standard,No,No,30,Cash,Fortnightly,2024-06-25
3525,69,Female,3525,Pants,Clothing,3525,4429,74.00,Michigan,L,Silver,Summer,2.9,0,Free Shipping,No,No,30,Credit Card,Monthly,2024-07-12
3526,45,Female,3526,Sunglasses,Accessories,3526,4430,38.00,Wyoming,L,Olive,Winter,3.5,0,Standard,No,No,47,Bank Transfer,Annually,2024-12-10
3527,20,Female,3527,Sweater,Clothing,3527,4431,99.00,Massachusetts,M,Olive,Spring,3.8,0,Express,No,No,1,PayPal,Every 3 Months,2024-04-26
3528,25,Female,3528,Blouse,Clothing,3528,4432,97.00,Washington,S,Charcoal,Spring,4.7,0,Free Shipping,No,No,1,Cash,Weekly,2024-04-02
3529,38,Female,3529,Scarf,Accessories,3529,4433,67.00,Maine,L,Gray,Summer,4.5,0,Free Shipping,No,No,33,PayPal,Annually,2024-06-16
3530,55,Female,3530,T-shirt,Clothing,3530,4435,20.00,Montana,S,Maroon,Winter,3.9,0,Next Day Air,No,No,43,Bank Transfer,Weekly,2024-02-14
3531,62,Female,3531,Sunglasses,Accessories,3531,4436,45.00,Oklahoma,L,Black,Spring,3.4,0,Express,No,No,37,PayPal,Weekly,2024-04-28
3532,54,Female,3532,Shoes,Footwear,3532,4437,52.00,North Dakota,XL,Violet,Winter,4.6,0,2-Day Shipping,No,No,23,Cash,Quarterly,2024-12-23
3533,61,Female,3533,Pants,Clothing,3533,4438,68.00,Connecticut,L,Indigo,Fall,4.6,0,Standard,No,No,12,Credit Card,Annually,2024-11-06
3534,50,Female,3534,Sneakers,Footwear,3534,4439,98.00,Texas,L,Yellow,Fall,4.7,0,Standard,No,No,30,Venmo,Fortnightly,2024-10-25
3535,65,Female,3535,Shoes,Footwear,3535,4441,83.00,Delaware,M,Gray,Fall,3.2,0,Express,No,No,7,Cash,Weekly,2024-11-03
3536,68,Female,3536,Shorts,Clothing,3536,4442,51.00,Mississippi,M,Red,Summer,5,0,Express,No,No,20,Debit Card,Monthly,2024-06-01
3537,55,Female,3537,Handbag,Accessories,3537,4443,21.00,Minnesota,L,Peach,Spring,4.5,0,Express,No,No,10,Venmo,Monthly,2024-05-08
3538,57,Female,3538,Handbag,Accessories,3538,4444,92.00,Georgia,M,Gray,Spring,3.5,0,Standard,No,No,40,Credit Card,Every 3 Months,2024-05-03
3539,56,Female,3539,Shoes,Footwear,3539,4445,63.00,Iowa,S,White,Spring,4.5,0,Store Pickup,No,No,21,Venmo,Monthly,2024-03-09
3540,29,Female,3540,Jewelry,Accessories,3540,4447,56.00,New York,S,Green,Spring,3.2,0,Express,No,No,17,Credit Card,Bi-Weekly,2024-05-18
3541,24,Female,3541,Shorts,Clothing,3541,4448,95.00,Nevada,M,Magenta,Spring,4.6,0,Free Shipping,No,No,5,Bank Transfer,Weekly,2024-05-25
3542,59,Female,3542,Blouse,Clothing,3542,4449,66.00,Virginia,M,Olive,Winter,4,0,Next Day Air,No,No,22,PayPal,Annually,2024-12-02
3543,62,Female,3543,Coat,Outerwear,3543,4450,28.00,Idaho,S,Olive,Spring,4.2,0,Express,No,No,5,Venmo,Weekly,2024-04-12
3544,58,Female,3544,Hat,Accessories,3544,4451,83.00,Colorado,M,Blue,Winter,4.1,0,Standard,No,No,18,PayPal,Every 3 Months,2024-01-09
3545,64,Female,3545,Socks,Clothing,3545,4453,55.00,Wisconsin,XL,Charcoal,Fall,3.6,0,2-Day Shipping,No,No,42,Cash,Every 3 Months,2024-10-02
3546,48,Female,3546,Sandals,Footwear,3546,4454,28.00,Connecticut,M,Yellow,Spring,3.7,0,2-Day Shipping,No,No,22,Debit Card,Annually,2024-05-28
3547,60,Female,3547,Scarf,Accessories,3547,4455,79.00,Kansas,M,Violet,Summer,3.6,0,Free Shipping,No,No,37,Bank Transfer,Bi-Weekly,2024-07-14
3548,52,Female,3548,Scarf,Accessories,3548,4456,31.00,Pennsylvania,L,Magenta,Summer,3.8,0,Standard,No,No,23,Credit Card,Annually,2024-06-17
3549,63,Female,3549,Blouse,Clothing,3549,4457,37.00,Utah,M,Red,Fall,3,0,Standard,No,No,47,Debit Card,Fortnightly,2024-11-26
3550,44,Female,3550,T-shirt,Clothing,3550,4459,34.00,Oregon,M,Cyan,Summer,3.4,0,2-Day Shipping,No,No,11,Bank Transfer,Fortnightly,2024-07-10
3551,63,Female,3551,Shoes,Footwear,3551,4460,74.00,West Virginia,S,Orange,Winter,4.8,0,Standard,No,No,32,Cash,Weekly,2024-01-12
3552,66,Female,3552,Gloves,Accessories,3552,4461,31.00,Montana,L,Black,Spring,2.6,0,Store Pickup,No,No,20,Venmo,Weekly,2024-03-06
3553,22,Female,3553,Sunglasses,Accessories,3553,4462,66.00,Kentucky,M,Blue,Winter,2.9,0,Next Day Air,No,No,3,PayPal,Quarterly,2024-12-06
3554,62,Female,3554,Shoes,Footwear,3554,4463,99.00,Minnesota,M,Charcoal,Spring,4.9,0,Free Shipping,No,No,32,Bank Transfer,Weekly,2024-03-05
3555,39,Female,3555,Dress,Clothing,3555,4465,55.00,Louisiana,M,Indigo,Spring,5,0,Free Shipping,No,No,5,Credit Card,Fortnightly,2024-05-18
3556,25,Female,3556,Blouse,Clothing,3556,4466,23.00,Delaware,L,Silver,Spring,4.6,0,Next Day Air,No,No,45,Cash,Quarterly,2024-04-03
3557,70,Female,3557,Sweater,Clothing,3557,4467,88.00,Arizona,M,Brown,Fall,4.2,0,Express,No,No,43,Cash,Bi-Weekly,2024-11-04
3558,52,Female,3558,Jacket,Outerwear,3558,4468,26.00,Nevada,M,Peach,Summer,4.9,0,Next Day Air,No,No,1,PayPal,Every 3 Months,2024-07-27
3559,68,Female,3559,Backpack,Accessories,3559,4469,94.00,Alaska,L,Magenta,Summer,4.8,0,Standard,No,No,9,Venmo,Quarterly,2024-07-01
3560,18,Female,3560,Shorts,Clothing,3560,4471,25.00,Utah,M,Beige,Fall,3,0,Next Day Air,No,No,13,Venmo,Every 3 Months,2024-11-08
3561,18,Female,3561,Socks,Clothing,3561,4472,96.00,Kansas,XL,Violet,Fall,3.5,0,Express,No,No,5,Credit Card,Annually,2024-11-05
3562,63,Female,3562,Sneakers,Footwear,3562,4473,29.00,North Carolina,L,Black,Spring,3.4,0,Standard,No,No,39,Credit Card,Fortnightly,2024-04-10
3563,47,Female,3563,Sneakers,Footwear,3563,4474,36.00,Maryland,M,Cyan,Winter,3.4,0,Free Shipping,No,No,7,Bank Transfer,Weekly,2024-01-07
3564,43,Female,3564,Blouse,Clothing,3564,4475,90.00,Maine,M,Green,Summer,4.9,0,Standard,No,No,8,Credit Card,Every 3 Months,2024-07-27
3565,60,Female,3565,Gloves,Accessories,3565,4477,38.00,Illinois,S,Brown,Summer,4.4,0,Free Shipping,No,No,40,Venmo,Annually,2024-07-08
3566,49,Female,3566,Handbag,Accessories,3566,4478,52.00,Pennsylvania,S,Gray,Spring,4.2,0,Store Pickup,No,No,35,PayPal,Monthly,2024-05-22
3567,28,Female,3567,Jeans,Clothing,3567,4479,88.00,Alaska,S,Orange,Spring,3.1,0,Next Day Air,No,No,14,Venmo,Monthly,2024-05-21
3568,32,Female,3568,Scarf,Accessories,3568,4480,56.00,New Mexico,S,Silver,Summer,4,0,Next Day Air,No,No,26,Credit Card,Monthly,2024-08-16
3569,29,Female,3569,Sandals,Footwear,3569,4481,71.00,Arkansas,M,Purple,Spring,4.8,0,Next Day Air,No,No,14,PayPal,Quarterly,2024-05-13
3570,35,Female,3570,Sandals,Footwear,3570,4483,94.00,Alaska,M,Olive,Fall,3.3,0,Express,No,No,9,Bank Transfer,Fortnightly,2024-10-01
3571,23,Female,3571,Dress,Clothing,3571,4484,97.00,Louisiana,XL,Teal,Winter,4.7,0,Standard,No,No,32,Debit Card,Annually,2024-02-15
3572,70,Female,3572,Skirt,Clothing,3572,4485,27.00,North Dakota,M,White,Summer,3.2,0,Standard,No,No,15,Bank Transfer,Every 3 Months,2024-06-03
3573,23,Female,3573,Shorts,Clothing,3573,4486,28.00,Rhode Island,M,Black,Spring,5,0,Standard,No,No,25,Credit Card,Monthly,2024-05-16
3574,43,Female,3574,Jeans,Clothing,3574,4487,67.00,Connecticut,L,Maroon,Fall,4.9,0,Free Shipping,No,No,27,PayPal,Monthly,2024-10-01
3575,29,Female,3575,Socks,Clothing,3575,4489,70.00,New York,M,Cyan,Fall,4.9,0,Express,No,No,39,Bank Transfer,Quarterly,2024-09-03
3576,61,Female,3576,Coat,Outerwear,3576,4490,95.00,Kentucky,M,Violet,Fall,3.7,0,Express,No,No,49,Venmo,Bi-Weekly,2024-10-08
3577,29,Female,3577,Boots,Footwear,3577,4491,24.00,Maine,L,Yellow,Spring,3,0,Express,No,No,12,Venmo,Bi-Weekly,2024-04-03
3578,66,Female,3578,Belt,Accessories,3578,4492,35.00,Missouri,S,Yellow,Winter,2.6,0,Standard,No,No,13,Bank Transfer,Weekly,2024-02-15
3579,46,Female,3579,Shoes,Footwear,3579,4493,22.00,Georgia,L,Olive,Winter,2.6,0,Standard,No,No,22,Bank Transfer,Quarterly,2024-02-12
3580,34,Female,3580,Scarf,Accessories,3580,4495,66.00,Arizona,L,Olive,Fall,4.8,0,Standard,No,No,19,Credit Card,Every 3 Months,2024-09-24
3581,51,Female,3581,Blouse,Clothing,3581,4496,83.00,New Hampshire,M,Magenta,Summer,3.2,0,2-Day Shipping,No,No,3,Cash,Bi-Weekly,2024-07-05
3582,26,Female,3582,Dress,Clothing,3582,4497,95.00,Georgia,M,Orange,Fall,4.9,0,Next Day Air,No,No,50,Credit Card,Weekly,2024-11-21
3583,23,Female,3583,Shorts,Clothing,3583,4498,41.00,California,S,Beige,Summer,3.4,0,2-Day Shipping,No,No,15,PayPal,Annually,2024-07-21
3584,52,Female,3584,Blouse,Clothing,3584,4499,77.00,Arizona,L,Brown,Summer,2.7,0,Store Pickup,No,No,44,Credit Card,Every 3 Months,2024-07-09
3585,39,Female,3585,Sneakers,Footwear,3585,4501,52.00,Florida,L,Indigo,Fall,4.8,0,Express,No,No,48,Debit Card,Monthly,2024-10-16
3586,39,Female,3586,Gloves,Accessories,3586,4502,41.00,New York,XL,Gray,Winter,4.1,0,Standard,No,No,4,Venmo,Bi-Weekly,2024-01-12
3587,33,Female,3587,Hoodie,Clothing,3587,4503,28.00,Idaho,M,Yellow,Winter,4.6,0,Store Pickup,No,No,12,PayPal,Bi-Weekly,2024-12-08
3588,33,Female,3588,Sweater,Clothing,3588,4504,90.00,Virginia,S,Violet,Summer,4.4,0,Standard,No,No,33,Debit Card,Annually,2024-08-25
3589,23,Female,3589,Sunglasses,Accessories,3589,4505,55.00,Michigan,M,Magenta,Spring,3.5,0,2-Day Shipping,No,No,40,Cash,Annually,2024-03-22
3590,31,Female,3590,Belt,Accessories,3590,4507,73.00,New Hampshire,M,Blue,Spring,4.8,0,Next Day Air,No,No,38,Cash,Every 3 Months,2024-04-13
3591,27,Female,3591,Dress,Clothing,3591,4508,87.00,South Dakota,M,Gray,Fall,2.9,0,2-Day Shipping,No,No,19,Venmo,Every 3 Months,2024-10-05
3592,48,Female,3592,Jacket,Outerwear,3592,4509,89.00,South Dakota,M,Gold,Winter,3.2,0,2-Day Shipping,No,No,38,Bank Transfer,Quarterly,2024-12-26
3593,61,Female,3593,Boots,Footwear,3593,4510,82.00,New Jersey,L,Lavender,Spring,4.4,0,2-Day Shipping,No,No,18,Venmo,Fortnightly,2024-04-20
3594,63,Female,3594,Sandals,Footwear,3594,4511,80.00,Wyoming,M,Black,Spring,4.6,0,Next Day Air,No,No,24,PayPal,Monthly,2024-04-07
3595,19,Female,3595,Scarf,Accessories,3595,4513,87.00,Alabama,L,Charcoal,Summer,2.6,0,2-Day Shipping,No,No,29,Venmo,Quarterly,2024-07-08
3596,21,Female,3596,Blouse,Clothing,3596,4514,41.00,South Dakota,M,Violet,Spring,3.1,0,Store Pickup,No,No,14,PayPal,Annually,2024-04-20
3597,28,Female,3597,Hoodie,Clothing,3597,4515,83.00,South Carolina,M,Charcoal,Spring,4.3,0,Standard,No,No,44,Cash,Fortnightly,2024-05-01
3598,29,Female,3598,Sunglasses,Accessories,3598,4516,71.00,New Mexico,M,Maroon,Summer,3.1,0,Standard,No,No,18,Bank Transfer,Quarterly,2024-06-09
3599,23,Female,3599,Hoodie,Clothing,3599,4517,76.00,Connecticut,XL,Purple,Spring,4.6,0,Store Pickup,No,No,19,Bank Transfer,Bi-Weekly,2024-03-22
3600,37,Female,3600,Scarf,Accessories,3600,4519,34.00,Kansas,S,Peach,Spring,4.6,0,Express,No,No,4,Cash,Weekly,2024-03-20
3601,67,Female,3601,Dress,Clothing,3601,4520,81.00,South Carolina,XL,Olive,Spring,2.7,0,Free Shipping,No,No,25,Cash,Bi-Weekly,2024-03-07
3602,34,Female,3602,T-shirt,Clothing,3602,4521,47.00,North Carolina,M,Indigo,Summer,3,0,Next Day Air,No,No,3,PayPal,Monthly,2024-06-06
3603,58,Female,3603,Skirt,Clothing,3603,4522,36.00,Wyoming,S,Magenta,Summer,3.3,0,Store Pickup,No,No,40,Debit Card,Quarterly,2024-06-08
3604,45,Female,3604,Jeans,Clothing,3604,4523,51.00,Louisiana,M,Gold,Spring,2.7,0,Free Shipping,No,No,5,Cash,Weekly,2024-03-04
3605,63,Female,3605,Hoodie,Clothing,3605,4525,86.00,Louisiana,M,Orange,Fall,3.3,0,Standard,No,No,17,Debit Card,Annually,2024-09-15
3606,68,Female,3606,Jeans,Clothing,3606,4526,41.00,Alabama,M,Gold,Fall,4.3,0,Store Pickup,No,No,36,Bank Transfer,Every 3 Months,2024-09-28
3607,41,Female,3607,Sandals,Footwear,3607,4527,90.00,Minnesota,XL,Purple,Fall,4.8,0,Express,No,No,41,Venmo,Annually,2024-09-28
3608,50,Female,3608,Hat,Accessories,3608,4528,93.00,New Mexico,L,Charcoal,Fall,3.3,0,Standard,No,No,20,Venmo,Bi-Weekly,2024-10-04
3609,24,Female,3609,Gloves,Accessories,3609,4529,56.00,Tennessee,M,Cyan,Fall,4.3,0,Next Day Air,No,No,2,Cash,Every 3 Months,2024-09-11
3610,21,Female,3610,Socks,Clothing,3610,4531,39.00,New Mexico,M,Cyan,Summer,3,0,2-Day Shipping,No,No,31,Debit Card,Monthly,2024-06-09
3611,18,Female,3611,Jacket,Outerwear,3611,4532,86.00,Texas,XL,Green,Fall,4.8,0,2-Day Shipping,No,No,23,Bank Transfer,Fortnightly,2024-09-03
3612,63,Female,3612,T-shirt,Clothing,3612,4533,82.00,Washington,M,Silver,Spring,2.9,0,Standard,No,No,30,Credit Card,Annually,2024-05-09
3613,47,Female,3613,Sandals,Footwear,3613,4534,29.00,Michigan,M,Teal,Summer,3.6,0,Standard,No,No,26,Cash,Every 3 Months,2024-08-14
3614,58,Female,3614,Hat,Accessories,3614,4535,27.00,Minnesota,M,Magenta,Fall,3.5,0,Store Pickup,No,No,40,Venmo,Annually,2024-11-14
3615,46,Female,3615,Gloves,Accessories,3615,4537,25.00,Delaware,L,Maroon,Spring,4.7,0,2-Day Shipping,No,No,19,Bank Transfer,Annually,2024-05-27
3616,35,Female,3616,Dress,Clothing,3616,4538,31.00,California,M,Gold,Winter,4.4,0,Free Shipping,No,No,4,Credit Card,Monthly,2024-02-06
3617,42,Female,3617,Hoodie,Clothing,3617,4539,23.00,Wisconsin,L,Purple,Winter,3.3,0,Store Pickup,No,No,33,Debit Card,Fortnightly,2024-12-19
3618,48,Female,3618,Belt,Accessories,3618,4540,47.00,Kentucky,M,Lavender,Fall,4.3,0,Express,No,No,29,Debit Card,Monthly,2024-10-03
3619,28,Female,3619,Gloves,Accessories,3619,4541,67.00,Nevada,M,Maroon,Fall,4,0,2-Day Shipping,No,No,47,PayPal,Bi-Weekly,2024-11-01
3620,44,Female,3620,Scarf,Accessories,3620,4543,75.00,North Carolina,S,Magenta,Winter,4.9,0,2-Day Shipping,No,No,50,Venmo,Weekly,2024-01-02
3621,60,Female,3621,Sandals,Footwear,3621,4544,82.00,Louisiana,M,Turquoise,Summer,2.9,0,Express,No,No,28,Credit Card,Fortnightly,2024-06-08
3622,38,Female,3622,Sneakers,Footwear,3622,4545,32.00,New Jersey,XL,Silver,Summer,4,0,2-Day Shipping,No,No,5,Cash,Fortnightly,2024-08-11
3623,46,Female,3623,Dress,Clothing,3623,4546,41.00,Wisconsin,M,Purple,Fall,4.3,0,Store Pickup,No,No,12,Credit Card,Annually,2024-10-18
3624,39,Female,3624,Jewelry,Accessories,3624,4547,89.00,Arkansas,M,Violet,Winter,2.7,0,2-Day Shipping,No,No,4,PayPal,Weekly,2024-01-06
3625,22,Female,3625,Hat,Accessories,3625,4549,82.00,Texas,XL,Peach,Fall,5,0,Store Pickup,No,No,22,Bank Transfer,Bi-Weekly,2024-11-08
3626,44,Female,3626,Scarf,Accessories,3626,4550,99.00,Illinois,L,Green,Winter,4.4,0,Express,No,No,32,PayPal,Weekly,2024-02-23
3627,69,Female,3627,Blouse,Clothing,3627,4551,98.00,Mississippi,L,Teal,Fall,3.5,0,Express,No,No,32,Venmo,Quarterly,2024-11-27
3628,39,Female,3628,Belt,Accessories,3628,4552,54.00,Delaware,M,Silver,Winter,3.3,0,Next Day Air,No,No,48,Cash,Every 3 Months,2024-02-27
3629,53,Female,3629,Blouse,Clothing,3629,4553,88.00,Georgia,L,Purple,Summer,3.8,0,Free Shipping,No,No,35,Credit Card,Monthly,2024-07-22
3630,52,Female,3630,T-shirt,Clothing,3630,4555,43.00,Kansas,L,Lavender,Summer,4.5,0,Standard,No,No,44,Debit Card,Fortnightly,2024-06-04
3631,65,Female,3631,Hat,Accessories,3631,4556,73.00,Oklahoma,M,Lavender,Winter,4.8,0,Store Pickup,No,No,29,Cash,Weekly,2024-02-21
3632,48,Female,3632,Hat,Accessories,3632,4557,50.00,New Jersey,M,Peach,Fall,2.9,0,Store Pickup,No,No,26,Credit Card,Monthly,2024-09-09
3633,27,Female,3633,Sneakers,Footwear,3633,4558,73.00,Utah,L,Green,Spring,3.2,0,Express,No,No,3,Debit Card,Quarterly,2024-05-09
3634,39,Female,3634,Gloves,Accessories,3634,4559,51.00,Montana,M,Orange,Spring,2.8,0,Free Shipping,No,No,1,Bank Transfer,Bi-Weekly,2024-04-07
3635,59,Female,3635,Socks,Clothing,3635,4561,22.00,Ohio,M,Pink,Winter,3.3,0,Standard,No,No,17,PayPal,Annually,2024-12-03
3636,52,Female,3636,Sandals,Footwear,3636,4562,32.00,Colorado,L,Cyan,Fall,3.3,0,Free Shipping,No,No,17,Credit Card,Fortnightly,2024-10-13
3637,50,Female,3637,Sandals,Footwear,3637,4563,38.00,California,L,Lavender,Summer,4.2,0,2-Day Shipping,No,No,36,Cash,Weekly,2024-07-04
3638,32,Female,3638,Boots,Footwear,3638,4564,66.00,Utah,L,Yellow,Winter,3.6,0,Express,No,No,32,Credit Card,Fortnightly,2024-01-03
3639,40,Female,3639,Backpack,Accessories,3639,4565,20.00,Kansas,M,Olive,Spring,4.6,0,Express,No,No,50,PayPal,Bi-Weekly,2024-04-22
3640,26,Female,3640,Coat,Outerwear,3640,4567,44.00,Illinois,M,Brown,Summer,3.6,0,2-Day Shipping,No,No,39,Venmo,Annually,2024-06-19
3641,47,Female,3641,Sunglasses,Accessories,3641,4568,31.00,Minnesota,L,Pink,Spring,4,0,Next Day Air,No,No,17,PayPal,Monthly,2024-05-10
3642,51,Female,3642,Jacket,Outerwear,3642,4569,45.00,New York,M,Cyan,Fall,2.7,0,Free Shipping,No,No,39,Bank Transfer,Every 3 Months,2024-11-15
3643,47,Female,3643,Dress,Clothing,3643,4570,71.00,Arizona,L,Maroon,Summer,4.4,0,Store Pickup,No,No,5,PayPal,Annually,2024-08-25
3644,53,Female,3644,Scarf,Accessories,3644,4571,96.00,Tennessee,XL,Magenta,Fall,3.2,0,Standard,No,No,47,Debit Card,Annually,2024-11-13
3645,35,Female,3645,Blouse,Clothing,3645,4573,32.00,Arkansas,M,Violet,Winter,2.6,0,Next Day Air,No,No,18,Venmo,Weekly,2024-01-11
3646,38,Female,3646,Backpack,Accessories,3646,4574,90.00,Colorado,L,Silver,Summer,3.4,0,Free Shipping,No,No,31,Credit Card,Every 3 Months,2024-06-20
3647,69,Female,3647,Jewelry,Accessories,3647,4575,68.00,Nevada,M,Maroon,Spring,5,0,2-Day Shipping,No,No,39,Debit Card,Fortnightly,2024-04-07
3648,47,Female,3648,Shorts,Clothing,3648,4576,45.00,Kansas,M,Gray,Winter,2.9,0,Store Pickup,No,No,12,Bank Transfer,Weekly,2024-02-25
3649,31,Female,3649,Skirt,Clothing,3649,4577,67.00,New York,M,White,Winter,5,0,Free Shipping,No,No,45,Cash,Bi-Weekly,2024-02-02
3650,68,Female,3650,Skirt,Clothing,3650,4579,57.00,Minnesota,M,Brown,Fall,4.4,0,Standard,No,No,33,Credit Card,Fortnightly,2024-10-07
3651,51,Female,3651,Jeans,Clothing,3651,4580,60.00,Ohio,M,Silver,Summer,3.5,0,2-Day Shipping,No,No,3,PayPal,Annually,2024-07-17
3652,20,Female,3652,Handbag,Accessories,3652,4581,32.00,Arizona,M,Yellow,Spring,3.8,0,Express,No,No,5,Venmo,Every 3 Months,2024-05-20
3653,27,Female,3653,Handbag,Accessories,3653,4582,29.00,Kentucky,S,Magenta,Fall,3.8,0,Store Pickup,No,No,23,Debit Card,Monthly,2024-11-23
3654,67,Female,3654,Coat,Outerwear,3654,4583,20.00,Minnesota,M,Blue,Spring,3.9,0,Next Day Air,No,No,39,Credit Card,Fortnightly,2024-03-02
3655,21,Female,3655,Jewelry,Accessories,3655,4585,98.00,Arkansas,M,Green,Winter,3.3,0,Next Day Air,No,No,10,Credit Card,Annually,2024-02-04
3656,20,Female,3656,Sweater,Clothing,3656,4586,27.00,Wyoming,M,Yellow,Fall,2.9,0,Next Day Air,No,No,4,Credit Card,Bi-Weekly,2024-09-07
3657,35,Female,3657,Jacket,Outerwear,3657,4587,67.00,North Dakota,XL,Cyan,Spring,3.7,0,2-Day Shipping,No,No,18,Credit Card,Monthly,2024-05-20
3658,58,Female,3658,Shoes,Footwear,3658,4588,82.00,Alabama,L,Gold,Winter,3.7,0,Express,No,No,1,Debit Card,Every 3 Months,2024-02-01
3659,28,Female,3659,T-shirt,Clothing,3659,4589,72.00,Mississippi,M,Magenta,Fall,4.6,0,Standard,No,No,18,PayPal,Fortnightly,2024-09-06
3660,27,Female,3660,Sandals,Footwear,3660,4591,77.00,Illinois,S,Gray,Fall,4.9,0,Store Pickup,No,No,46,Bank Transfer,Annually,2024-10-07
3661,19,Female,3661,Shoes,Footwear,3661,4592,74.00,Arkansas,L,Indigo,Winter,3.1,0,2-Day Shipping,No,No,13,Bank Transfer,Fortnightly,2024-12-26
3662,63,Female,3662,Sandals,Footwear,3662,4593,39.00,Kansas,S,White,Winter,3.5,0,Next Day Air,No,No,5,Credit Card,Fortnightly,2024-12-20
3663,69,Female,3663,Shorts,Clothing,3663,4594,80.00,Rhode Island,M,Indigo,Spring,4.9,0,Next Day Air,No,No,11,Debit Card,Weekly,2024-03-17
3664,65,Female,3664,Backpack,Accessories,3664,4595,59.00,Florida,M,Green,Summer,4.4,0,Express,No,No,49,Credit Card,Weekly,2024-06-17
3665,63,Female,3665,Jacket,Outerwear,3665,4597,68.00,Missouri,M,Turquoise,Fall,4.4,0,Store Pickup,No,No,1,Debit Card,Fortnightly,2024-11-03
3666,28,Female,3666,Socks,Clothing,3666,4598,77.00,North Carolina,M,Peach,Fall,3.4,0,Next Day Air,No,No,11,Credit Card,Quarterly,2024-11-13
3667,67,Female,3667,Jewelry,Accessories,3667,4599,50.00,Alabama,M,Olive,Winter,3,0,2-Day Shipping,No,No,47,Cash,Every 3 Months,2024-01-11
3668,51,Female,3668,Pants,Clothing,3668,4600,45.00,Washington,L,Cyan,Fall,2.6,0,Next Day Air,No,No,20,Venmo,Monthly,2024-10-09
3669,59,Female,3669,Blouse,Clothing,3669,4601,71.00,Michigan,XL,Magenta,Summer,3.2,0,Store Pickup,No,No,18,Venmo,Annually,2024-08-22
3670,25,Female,3670,Socks,Clothing,3670,4603,52.00,Washington,S,Silver,Fall,4.6,0,Store Pickup,No,No,43,PayPal,Quarterly,2024-10-23
3671,31,Female,3671,Shoes,Footwear,3671,4604,50.00,Vermont,S,White,Winter,3.8,0,Free Shipping,No,No,4,PayPal,Every 3 Months,2024-01-20
3672,62,Female,3672,Handbag,Accessories,3672,4605,66.00,Illinois,L,Pink,Summer,4.8,0,2-Day Shipping,No,No,20,Venmo,Quarterly,2024-06-25
3673,51,Female,3673,Sandals,Footwear,3673,4606,81.00,New York,S,Pink,Fall,4.5,0,Free Shipping,No,No,7,PayPal,Monthly,2024-09-15
3674,32,Female,3674,Socks,Clothing,3674,4607,28.00,Rhode Island,M,Pink,Summer,4.2,0,2-Day Shipping,No,No,31,Bank Transfer,Fortnightly,2024-08-09
3675,35,Female,3675,Handbag,Accessories,3675,4609,65.00,Washington,M,Blue,Winter,2.7,0,2-Day Shipping,No,No,41,Venmo,Fortnightly,2024-02-12
3676,70,Female,3676,Hat,Accessories,3676,4610,80.00,Virginia,M,White,Winter,4.5,0,Express,No,No,3,Bank Transfer,Monthly,2024-02-03
3677,19,Female,3677,Jewelry,Accessories,3677,4611,94.00,Wisconsin,S,Teal,Spring,4.9,0,Free Shipping,No,No,16,PayPal,Monthly,2024-04-01
3678,32,Female,3678,Backpack,Accessories,3678,4612,30.00,Michigan,M,Gray,Fall,2.8,0,Standard,No,No,43,Cash,Annually,2024-10-21
3679,56,Female,3679,Shirt,Clothing,3679,4613,45.00,Texas,S,Beige,Fall,3.5,0,Standard,No,No,29,Bank Transfer,Fortnightly,2024-10-01
3680,53,Female,3680,Coat,Outerwear,3680,4615,91.00,Idaho,M,Violet,Summer,2.5,0,Store Pickup,No,No,5,Cash,Bi-Weekly,2024-07-20
3681,22,Female,3681,Sunglasses,Accessories,3681,4616,36.00,Iowa,S,Blue,Winter,2.9,0,Standard,No,No,30,Debit Card,Quarterly,2024-01-19
3682,26,Female,3682,Gloves,Accessories,3682,4617,73.00,Connecticut,XL,Magenta,Fall,4.2,0,Next Day Air,No,No,33,Debit Card,Monthly,2024-10-09
3683,42,Female,3683,Shirt,Clothing,3683,4618,60.00,Wyoming,M,Maroon,Fall,4.6,0,Store Pickup,No,No,46,Venmo,Bi-Weekly,2024-10-21
3684,30,Female,3684,Socks,Clothing,3684,4619,77.00,Mississippi,M,Purple,Winter,3,0,Free Shipping,No,No,17,Venmo,Fortnightly,2024-12-25
3685,29,Female,3685,Skirt,Clothing,3685,4621,86.00,Pennsylvania,L,Charcoal,Spring,4.4,0,Free Shipping,No,No,47,Credit Card,Bi-Weekly,2024-03-16
3686,47,Female,3686,Shorts,Clothing,3686,4622,42.00,Tennessee,L,Red,Summer,2.6,0,Standard,No,No,17,Cash,Bi-Weekly,2024-06-09
3687,59,Female,3687,Sandals,Footwear,3687,4623,70.00,Louisiana,M,Charcoal,Spring,4.8,0,Free Shipping,No,No,17,Cash,Bi-Weekly,2024-05-10
3688,34,Female,3688,Shirt,Clothing,3688,4624,44.00,Arkansas,L,Lavender,Summer,2.9,0,Next Day Air,No,No,28,Bank Transfer,Every 3 Months,2024-06-20
3689,52,Female,3689,Sunglasses,Accessories,3689,4625,91.00,West Virginia,L,White,Spring,3,0,Next Day Air,No,No,8,Cash,Monthly,2024-05-19
3690,47,Female,3690,Jewelry,Accessories,3690,4627,30.00,South Carolina,L,Red,Fall,4.5,0,Standard,No,No,8,Bank Transfer,Quarterly,2024-09-11
3691,24,Female,3691,Blouse,Clothing,3691,4628,23.00,Kansas,S,Violet,Fall,3.7,0,Store Pickup,No,No,4,Bank Transfer,Bi-Weekly,2024-09-12
3692,63,Female,3692,Sandals,Footwear,3692,4629,21.00,Michigan,XL,Orange,Summer,4.8,0,Next Day Air,No,No,24,PayPal,Weekly,2024-08-10
3693,59,Female,3693,Coat,Outerwear,3693,4630,34.00,Alabama,L,Turquoise,Spring,4.8,0,Free Shipping,No,No,29,Cash,Fortnightly,2024-05-01
3694,66,Female,3694,Blouse,Clothing,3694,4631,46.00,South Dakota,M,Violet,Summer,4.7,0,2-Day Shipping,No,No,10,Venmo,Weekly,2024-07-08
3695,45,Female,3695,Sweater,Clothing,3695,4633,41.00,Rhode Island,M,Blue,Winter,2.6,0,Express,No,No,11,PayPal,Bi-Weekly,2024-12-09
3696,38,Female,3696,Skirt,Clothing,3696,4634,33.00,Florida,M,White,Fall,4.6,0,Standard,No,No,18,Bank Transfer,Fortnightly,2024-10-04
3697,63,Female,3697,Blouse,Clothing,3697,4635,48.00,Connecticut,L,Turquoise,Fall,3.4,0,Next Day Air,No,No,26,Bank Transfer,Annually,2024-11-28
3698,55,Female,3698,Hoodie,Clothing,3698,4636,66.00,Pennsylvania,L,Pink,Winter,3,0,Standard,No,No,39,Cash,Weekly,2024-01-06
3699,25,Female,3699,Skirt,Clothing,3699,4637,54.00,California,XL,Maroon,Spring,4,0,2-Day Shipping,No,No,4,Venmo,Annually,2024-04-16
3700,51,Female,3700,Backpack,Accessories,3700,4639,55.00,Oklahoma,M,Olive,Fall,2.6,0,Store Pickup,No,No,24,Bank Transfer,Weekly,2024-11-20
3701,28,Female,3701,Handbag,Accessories,3701,4640,84.00,North Dakota,XL,Charcoal,Summer,3.4,0,Store Pickup,No,No,2,Bank Transfer,Every 3 Months,2024-07-24
3702,46,Female,3702,Sandals,Footwear,3702,4641,66.00,New Mexico,M,Charcoal,Spring,4.5,0,Store Pickup,No,No,36,Cash,Annually,2024-03-15
3703,58,Female,3703,Shoes,Footwear,3703,4642,65.00,South Carolina,M,Indigo,Spring,2.7,0,Store Pickup,No,No,36,Venmo,Weekly,2024-05-27
3704,30,Female,3704,Sandals,Footwear,3704,4643,83.00,Michigan,S,Teal,Fall,2.9,0,Standard,No,No,23,PayPal,Every 3 Months,2024-11-24
3705,68,Female,3705,Sunglasses,Accessories,3705,4645,61.00,Missouri,L,Black,Winter,4,0,Store Pickup,No,No,36,Credit Card,Quarterly,2024-01-26
3706,28,Female,3706,Skirt,Clothing,3706,4646,65.00,Colorado,L,Teal,Summer,3.2,0,Free Shipping,No,No,2,Debit Card,Annually,2024-07-05
3707,26,Female,3707,Sandals,Footwear,3707,4647,55.00,Kansas,M,Green,Spring,4,0,Store Pickup,No,No,17,Cash,Bi-Weekly,2024-03-01
3708,35,Female,3708,Gloves,Accessories,3708,4648,79.00,Illinois,M,Gold,Fall,3.4,0,2-Day Shipping,No,No,19,Venmo,Weekly,2024-10-01
3709,40,Female,3709,Hoodie,Clothing,3709,4649,96.00,South Carolina,M,Red,Fall,4.9,0,Express,No,No,41,PayPal,Monthly,2024-09-10
3710,31,Female,3710,Socks,Clothing,3710,4651,43.00,Utah,M,Silver,Fall,3.6,0,Free Shipping,No,No,27,PayPal,Quarterly,2024-09-19
3711,60,Female,3711,Jewelry,Accessories,3711,4652,40.00,Hawaii,M,Yellow,Summer,3.6,0,2-Day Shipping,No,No,32,Bank Transfer,Fortnightly,2024-06-06
3712,69,Female,3712,Hat,Accessories,3712,4653,62.00,Texas,XL,Peach,Fall,3.2,0,Free Shipping,No,No,33,Cash,Annually,2024-11-21
3713,51,Female,3713,Blouse,Clothing,3713,4654,72.00,Oregon,M,Turquoise,Spring,3.7,0,2-Day Shipping,No,No,24,PayPal,Quarterly,2024-05-04
3714,49,Female,3714,Shoes,Footwear,3714,4655,87.00,Arizona,M,Peach,Spring,2.6,0,Express,No,No,31,Debit Card,Every 3 Months,2024-03-01
3715,18,Female,3715,Hat,Accessories,3715,4657,31.00,New York,S,Peach,Winter,3.9,0,Express,No,No,35,Credit Card,Weekly,2024-01-23
3716,63,Female,3716,Sunglasses,Accessories,3716,4658,34.00,Nebraska,S,Orange,Fall,3.4,0,Free Shipping,No,No,2,Bank Transfer,Monthly,2024-09-10
3717,57,Female,3717,Shirt,Clothing,3717,4659,53.00,Vermont,M,Charcoal,Fall,3.4,0,Next Day Air,No,No,42,Debit Card,Every 3 Months,2024-11-12
3718,45,Female,3718,T-shirt,Clothing,3718,4660,85.00,Maryland,XL,White,Summer,4.2,0,Express,No,No,47,Bank Transfer,Every 3 Months,2024-07-16
3719,36,Female,3719,Pants,Clothing,3719,4661,50.00,Tennessee,L,Turquoise,Fall,2.9,0,Standard,No,No,44,Bank Transfer,Bi-Weekly,2024-11-08
3720,20,Female,3720,Pants,Clothing,3720,4663,91.00,Pennsylvania,M,Red,Summer,4.1,0,Free Shipping,No,No,8,Bank Transfer,Every 3 Months,2024-08-19
3721,21,Female,3721,Hat,Accessories,3721,4664,56.00,South Carolina,M,Peach,Fall,3.6,0,Free Shipping,No,No,13,Credit Card,Quarterly,2024-09-12
3722,62,Female,3722,Coat,Outerwear,3722,4665,60.00,Connecticut,L,Pink,Fall,4,0,Next Day Air,No,No,10,Cash,Annually,2024-10-01
3723,23,Female,3723,Jacket,Outerwear,3723,4666,34.00,Kentucky,XL,Yellow,Fall,4,0,Standard,No,No,1,Credit Card,Fortnightly,2024-11-19
3724,26,Female,3724,Sandals,Footwear,3724,4667,30.00,Rhode Island,M,Beige,Spring,3.6,0,Free Shipping,No,No,1,Debit Card,Monthly,2024-03-05
3725,30,Female,3725,Gloves,Accessories,3725,4669,71.00,Colorado,L,Green,Winter,3.1,0,Express,No,No,18,Bank Transfer,Annually,2024-12-22
3726,18,Female,3726,Dress,Clothing,3726,4670,100.00,Oklahoma,S,Turquoise,Winter,4.4,0,Next Day Air,No,No,2,PayPal,Annually,2024-01-09
3727,47,Female,3727,Belt,Accessories,3727,4671,85.00,Idaho,XL,Orange,Fall,4.3,0,Next Day Air,No,No,36,Debit Card,Every 3 Months,2024-10-11
3728,41,Female,3728,Socks,Clothing,3728,4672,83.00,Maine,M,Gold,Summer,3.5,0,Next Day Air,No,No,17,Debit Card,Bi-Weekly,2024-08-04
3729,62,Female,3729,Jacket,Outerwear,3729,4673,31.00,Vermont,L,Red,Winter,3,0,Standard,No,No,1,Debit Card,Annually,2024-02-09
3730,28,Female,3730,Boots,Footwear,3730,4675,82.00,Rhode Island,M,Teal,Spring,4.7,0,2-Day Shipping,No,No,50,Cash,Quarterly,2024-05-25
3731,46,Female,3731,Shirt,Clothing,3731,4676,79.00,Florida,M,Teal,Summer,2.5,0,2-Day Shipping,No,No,3,Credit Card,Bi-Weekly,2024-07-19
3732,54,Female,3732,Hat,Accessories,3732,4677,62.00,West Virginia,M,Lavender,Spring,3.1,0,2-Day Shipping,No,No,45,PayPal,Quarterly,2024-05-04
3733,36,Female,3733,Shoes,Footwear,3733,4678,92.00,Indiana,L,Pink,Spring,3.3,0,Free Shipping,No,No,28,PayPal,Annually,2024-03-14
3734,25,Female,3734,Socks,Clothing,3734,4679,58.00,Illinois,M,Maroon,Fall,4.7,0,Next Day Air,No,No,6,Debit Card,Every 3 Months,2024-10-06
3735,38,Female,3735,Hoodie,Clothing,3735,4681,88.00,California,M,Beige,Spring,3.4,0,Next Day Air,No,No,33,Debit Card,Every 3 Months,2024-04-09
3736,38,Female,3736,Sandals,Footwear,3736,4682,44.00,Massachusetts,L,Orange,Spring,3.1,0,2-Day Shipping,No,No,29,PayPal,Annually,2024-04-23
3737,42,Female,3737,Jeans,Clothing,3737,4683,56.00,Idaho,M,Red,Spring,4.6,0,Store Pickup,No,No,2,PayPal,Every 3 Months,2024-03-16
3738,19,Female,3738,Jewelry,Accessories,3738,4684,23.00,Kentucky,S,Maroon,Winter,4.9,0,Free Shipping,No,No,43,PayPal,Bi-Weekly,2024-02-22
3739,34,Female,3739,Shorts,Clothing,3739,4685,45.00,Delaware,M,Brown,Spring,2.7,0,Free Shipping,No,No,48,Cash,Fortnightly,2024-04-07
3740,38,Female,3740,Sunglasses,Accessories,3740,4687,31.00,Idaho,M,Olive,Fall,4.2,0,Free Shipping,No,No,43,Credit Card,Weekly,2024-10-18
3741,42,Female,3741,Pants,Clothing,3741,4688,96.00,Virginia,M,Silver,Summer,2.6,0,Store Pickup,No,No,26,Debit Card,Bi-Weekly,2024-06-23
3742,58,Female,3742,Shirt,Clothing,3742,4689,96.00,Arizona,M,Purple,Spring,3.2,0,2-Day Shipping,No,No,26,Debit Card,Bi-Weekly,2024-03-17
3743,56,Female,3743,Shirt,Clothing,3743,4690,80.00,Maryland,M,Gray,Fall,4.4,0,Standard,No,No,50,Credit Card,Bi-Weekly,2024-09-24
3744,62,Female,3744,Pants,Clothing,3744,4691,28.00,Idaho,L,Cyan,Fall,3.6,0,Free Shipping,No,No,36,Debit Card,Quarterly,2024-10-09
3745,24,Female,3745,Hoodie,Clothing,3745,4693,51.00,New Jersey,M,Gray,Summer,2.7,0,Next Day Air,No,No,26,Bank Transfer,Fortnightly,2024-08-09
3746,60,Female,3746,Socks,Clothing,3746,4694,41.00,Washington,L,Gold,Spring,4.3,0,Express,No,No,2,Debit Card,Monthly,2024-04-01
3747,53,Female,3747,Coat,Outerwear,3747,4695,99.00,Idaho,XL,Cyan,Summer,2.6,0,Next Day Air,No,No,49,PayPal,Monthly,2024-06-03
3748,26,Female,3748,Sweater,Clothing,3748,4696,53.00,Rhode Island,L,Olive,Spring,4.3,0,Store Pickup,No,No,32,Bank Transfer,Bi-Weekly,2024-03-26
3749,34,Female,3749,Backpack,Accessories,3749,4697,25.00,Delaware,M,Violet,Fall,3.9,0,2-Day Shipping,No,No,3,Venmo,Annually,2024-11-28
3750,24,Female,3750,Blouse,Clothing,3750,4699,95.00,Alaska,L,Yellow,Winter,2.9,0,2-Day Shipping,No,No,38,Venmo,Every 3 Months,2024-01-21
3751,42,Female,3751,Hoodie,Clothing,3751,4700,88.00,Arizona,M,Gold,Fall,3.1,0,Free Shipping,No,No,5,PayPal,Monthly,2024-10-24
3752,36,Female,3752,Jewelry,Accessories,3752,4701,97.00,Alabama,S,Silver,Fall,4.2,0,Free Shipping,No,No,8,Credit Card,Every 3 Months,2024-10-08
3753,24,Female,3753,Coat,Outerwear,3753,4702,81.00,Washington,L,Pink,Winter,4.1,0,2-Day Shipping,No,No,43,Venmo,Weekly,2024-12-16
3754,39,Female,3754,Sunglasses,Accessories,3754,4703,26.00,Louisiana,S,Turquoise,Winter,4.2,0,Next Day Air,No,No,22,Bank Transfer,Fortnightly,2024-01-25
3755,46,Female,3755,Shoes,Footwear,3755,4705,41.00,Nebraska,M,Turquoise,Summer,4.4,0,Express,No,No,10,Cash,Every 3 Months,2024-07-14
3756,64,Female,3756,Skirt,Clothing,3756,4706,93.00,Pennsylvania,M,Peach,Fall,3.4,0,Free Shipping,No,No,26,Credit Card,Monthly,2024-10-13
3757,64,Female,3757,Skirt,Clothing,3757,4707,69.00,South Carolina,L,Teal,Spring,4.8,0,Express,No,No,42,Debit Card,Bi-Weekly,2024-03-10
3758,61,Female,3758,Skirt,Clothing,3758,4708,44.00,California,L,Red,Fall,4.5,0,2-Day Shipping,No,No,33,Cash,Weekly,2024-11-01
3759,61,Female,3759,Sandals,Footwear,3759,4709,54.00,Indiana,S,Black,Spring,2.7,0,Store Pickup,No,No,23,Bank Transfer,Quarterly,2024-04-21
3760,44,Female,3760,Sneakers,Footwear,3760,4711,61.00,Missouri,M,Pink,Spring,3.5,0,Store Pickup,No,No,30,Venmo,Quarterly,2024-04-24
3761,65,Female,3761,Socks,Clothing,3761,4712,80.00,Connecticut,M,Peach,Fall,3.1,0,Next Day Air,No,No,36,PayPal,Weekly,2024-10-01
3762,60,Female,3762,Backpack,Accessories,3762,4713,30.00,Nevada,M,Green,Summer,2.8,0,Next Day Air,No,No,3,Venmo,Every 3 Months,2024-08-05
3763,65,Female,3763,Shorts,Clothing,3763,4714,94.00,New York,L,Green,Fall,2.9,0,Store Pickup,No,No,13,PayPal,Annually,2024-10-28
3764,27,Female,3764,Shirt,Clothing,3764,4715,24.00,Oklahoma,XL,Red,Winter,4.5,0,Standard,No,No,38,Cash,Every 3 Months,2024-02-16
3765,36,Female,3765,Socks,Clothing,3765,4717,21.00,South Dakota,M,Maroon,Fall,3.5,0,Next Day Air,No,No,19,Venmo,Monthly,2024-09-01
3766,22,Female,3766,Jewelry,Accessories,3766,4718,52.00,Missouri,M,Green,Summer,4.3,0,Standard,No,No,14,Bank Transfer,Bi-Weekly,2024-08-04
3767,62,Female,3767,Handbag,Accessories,3767,4719,59.00,Texas,M,Black,Fall,4.9,0,Next Day Air,No,No,43,Debit Card,Annually,2024-09-21
3768,59,Female,3768,Shorts,Clothing,3768,4720,51.00,New York,XL,Black,Summer,3.1,0,Free Shipping,No,No,10,Bank Transfer,Fortnightly,2024-07-23
3769,50,Female,3769,Sweater,Clothing,3769,4721,35.00,Vermont,M,Yellow,Winter,4,0,Free Shipping,No,No,34,Bank Transfer,Quarterly,2024-12-04
3770,51,Female,3770,Gloves,Accessories,3770,4723,87.00,Arizona,L,Green,Summer,3.6,0,Standard,No,No,31,Venmo,Annually,2024-08-18
3771,23,Female,3771,Pants,Clothing,3771,4724,42.00,Montana,L,Black,Summer,4,0,Store Pickup,No,No,34,Bank Transfer,Weekly,2024-08-20
3772,21,Female,3772,T-shirt,Clothing,3772,4725,86.00,Oklahoma,M,Red,Winter,2.6,0,Express,No,No,28,Venmo,Bi-Weekly,2024-12-08
3773,44,Female,3773,Pants,Clothing,3773,4726,26.00,New Hampshire,L,Yellow,Fall,3.1,0,Next Day Air,No,No,35,Cash,Annually,2024-09-12
3774,25,Female,3774,Sweater,Clothing,3774,4727,60.00,Wisconsin,M,Violet,Summer,3.5,0,Store Pickup,No,No,41,Cash,Quarterly,2024-06-16
3775,57,Female,3775,Gloves,Accessories,3775,4729,83.00,Alaska,S,Cyan,Winter,3.9,0,Standard,No,No,48,PayPal,Fortnightly,2024-12-17
3776,41,Female,3776,Belt,Accessories,3776,4730,63.00,South Dakota,S,Pink,Spring,2.7,0,2-Day Shipping,No,No,45,Cash,Quarterly,2024-04-11
3777,19,Female,3777,Sneakers,Footwear,3777,4731,25.00,Alaska,L,Olive,Spring,4.1,0,Standard,No,No,10,Credit Card,Fortnightly,2024-03-01
3778,43,Female,3778,Shorts,Clothing,3778,4732,65.00,Utah,M,Maroon,Fall,4.3,0,Express,No,No,9,Cash,Weekly,2024-10-10
3779,25,Female,3779,Sneakers,Footwear,3779,4733,60.00,South Dakota,M,Cyan,Fall,2.9,0,Free Shipping,No,No,30,Debit Card,Annually,2024-10-10
3780,60,Female,3780,Jeans,Clothing,3780,4735,75.00,California,XL,Lavender,Spring,4,0,Express,No,No,45,PayPal,Annually,2024-03-09
3781,54,Female,3781,Sneakers,Footwear,3781,4736,57.00,Mississippi,L,Yellow,Fall,4.1,0,Free Shipping,No,No,41,Venmo,Quarterly,2024-09-26
3782,52,Female,3782,Boots,Footwear,3782,4737,99.00,Tennessee,M,Pink,Winter,3.7,0,Standard,No,No,40,PayPal,Fortnightly,2024-12-04
3783,40,Female,3783,Jacket,Outerwear,3783,4738,45.00,Alabama,L,Orange,Spring,2.8,0,Free Shipping,No,No,42,PayPal,Fortnightly,2024-04-09
3784,39,Female,3784,Gloves,Accessories,3784,4739,66.00,Maine,XL,Orange,Summer,3.2,0,Free Shipping,No,No,17,Debit Card,Fortnightly,2024-06-06
3785,54,Female,3785,Socks,Clothing,3785,4741,53.00,Virginia,M,Violet,Winter,4.5,0,Next Day Air,No,No,4,Venmo,Annually,2024-01-25
3786,64,Female,3786,Jeans,Clothing,3786,4742,94.00,New Hampshire,L,Lavender,Winter,3.8,0,Standard,No,No,6,Cash,Monthly,2024-01-22
3787,31,Female,3787,Boots,Footwear,3787,4743,47.00,Tennessee,L,Yellow,Fall,3.6,0,2-Day Shipping,No,No,22,Venmo,Weekly,2024-10-28
3788,37,Female,3788,Blouse,Clothing,3788,4744,80.00,New York,M,Pink,Fall,3.6,0,2-Day Shipping,No,No,46,PayPal,Every 3 Months,2024-10-08
3789,43,Female,3789,Hat,Accessories,3789,4745,65.00,Kansas,XL,Teal,Spring,3.2,0,Next Day Air,No,No,27,Debit Card,Monthly,2024-05-23
3790,56,Female,3790,Shirt,Clothing,3790,4747,75.00,North Dakota,M,Magenta,Summer,3.8,0,Express,No,No,18,Bank Transfer,Every 3 Months,2024-07-08
3791,27,Female,3791,Handbag,Accessories,3791,4748,45.00,Alaska,XL,Beige,Summer,4.4,0,Standard,No,No,31,Credit Card,Weekly,2024-06-03
3792,40,Female,3792,Sunglasses,Accessories,3792,4749,51.00,Texas,M,Gray,Spring,3.7,0,Store Pickup,No,No,1,Venmo,Weekly,2024-04-22
3793,43,Female,3793,Scarf,Accessories,3793,4750,58.00,Massachusetts,S,Turquoise,Summer,2.6,0,Express,No,No,2,PayPal,Fortnightly,2024-07-28
3794,62,Female,3794,Sunglasses,Accessories,3794,4751,20.00,Delaware,M,Pink,Fall,4,0,Standard,No,No,46,Bank Transfer,Annually,2024-11-10
3795,44,Female,3795,Scarf,Accessories,3795,4753,82.00,South Dakota,M,Violet,Summer,3.6,0,2-Day Shipping,No,No,27,Venmo,Weekly,2024-08-05
3796,45,Female,3796,Gloves,Accessories,3796,4754,92.00,Arkansas,M,Charcoal,Spring,2.5,0,Express,No,No,3,Cash,Weekly,2024-03-15
3797,40,Female,3797,Shorts,Clothing,3797,4755,81.00,Utah,M,Lavender,Fall,3.2,0,Free Shipping,No,No,47,Bank Transfer,Quarterly,2024-11-28
3798,68,Female,3798,Sunglasses,Accessories,3798,4756,44.00,California,M,Gray,Summer,2.5,0,Next Day Air,No,No,20,Cash,Quarterly,2024-07-20
3799,63,Female,3799,Jewelry,Accessories,3799,4757,72.00,Rhode Island,S,Brown,Winter,3.2,0,Next Day Air,No,No,23,Credit Card,Annually,2024-12-09
3800,60,Female,3800,Jacket,Outerwear,3800,4759,26.00,Oklahoma,L,Violet,Winter,2.6,0,Store Pickup,No,No,13,Credit Card,Monthly,2024-01-17
3801,19,Female,3801,Sweater,Clothing,3801,4760,26.00,Vermont,M,Turquoise,Fall,4.8,0,Next Day Air,No,No,12,Venmo,Bi-Weekly,2024-09-18
3802,26,Female,3802,Blouse,Clothing,3802,4761,84.00,Kentucky,M,Peach,Spring,5,0,Store Pickup,No,No,36,PayPal,Fortnightly,2024-05-17
3803,70,Female,3803,Scarf,Accessories,3803,4762,72.00,Illinois,S,Turquoise,Spring,3.2,0,2-Day Shipping,No,No,1,Bank Transfer,Monthly,2024-05-16
3804,48,Female,3804,Handbag,Accessories,3804,4763,55.00,Connecticut,M,Violet,Spring,3.6,0,Standard,No,No,14,Debit Card,Weekly,2024-03-24
3805,37,Female,3805,Hat,Accessories,3805,4765,77.00,Florida,M,Olive,Fall,2.7,0,2-Day Shipping,No,No,45,Cash,Annually,2024-10-17
3806,48,Female,3806,Scarf,Accessories,3806,4766,57.00,New Jersey,M,Green,Fall,3.1,0,Standard,No,No,31,Credit Card,Quarterly,2024-09-26
3807,18,Female,3807,Boots,Footwear,3807,4767,71.00,Missouri,M,Teal,Spring,3,0,Standard,No,No,41,PayPal,Weekly,2024-03-03
3808,38,Female,3808,Blouse,Clothing,3808,4768,39.00,Michigan,L,Peach,Spring,2.9,0,Next Day Air,No,No,36,PayPal,Annually,2024-05-19
3809,33,Female,3809,Socks,Clothing,3809,4769,28.00,Washington,M,Pink,Winter,4.7,0,Express,No,No,6,Debit Card,Bi-Weekly,2024-02-16
3810,57,Female,3810,Shoes,Footwear,3810,4771,33.00,New York,S,Maroon,Winter,3.7,0,Standard,No,No,28,Credit Card,Annually,2024-01-19
3811,46,Female,3811,Skirt,Clothing,3811,4772,79.00,Wisconsin,L,Peach,Fall,3.9,0,Free Shipping,No,No,29,Venmo,Monthly,2024-11-23
3812,46,Female,3812,Belt,Accessories,3812,4773,30.00,Idaho,M,Maroon,Winter,4,0,Standard,No,No,14,Cash,Monthly,2024-12-01
3813,50,Female,3813,Skirt,Clothing,3813,4774,75.00,Michigan,M,Pink,Spring,2.8,0,Next Day Air,No,No,7,Bank Transfer,Every 3 Months,2024-05-11
3814,61,Female,3814,Pants,Clothing,3814,4775,89.00,Georgia,M,Orange,Summer,4.1,0,Express,No,No,31,Venmo,Bi-Weekly,2024-07-05
3815,45,Female,3815,Dress,Clothing,3815,4777,95.00,Michigan,M,Orange,Winter,4.2,0,Free Shipping,No,No,26,Bank Transfer,Every 3 Months,2024-12-07
3816,32,Female,3816,Hat,Accessories,3816,4778,44.00,Maine,M,Brown,Fall,4.3,0,Express,No,No,12,Venmo,Fortnightly,2024-10-14
3817,29,Female,3817,Coat,Outerwear,3817,4779,86.00,Maryland,S,Silver,Summer,4.3,0,Store Pickup,No,No,45,Credit Card,Fortnightly,2024-08-20
3818,66,Female,3818,Scarf,Accessories,3818,4780,91.00,Missouri,M,Magenta,Fall,2.6,0,Express,No,No,40,PayPal,Annually,2024-11-14
3819,70,Female,3819,Sneakers,Footwear,3819,4781,41.00,Oregon,XL,Indigo,Winter,3.8,0,Free Shipping,No,No,42,Cash,Monthly,2024-12-20
3820,36,Female,3820,Pants,Clothing,3820,4783,99.00,Arkansas,S,Gold,Spring,2.9,0,Express,No,No,45,Cash,Quarterly,2024-03-05
3821,34,Female,3821,Belt,Accessories,3821,4784,65.00,New Hampshire,M,Purple,Winter,5,0,Standard,No,No,34,Debit Card,Quarterly,2024-02-11
3822,20,Female,3822,Sneakers,Footwear,3822,4785,48.00,Oregon,M,Gold,Summer,4.6,0,Free Shipping,No,No,34,Credit Card,Every 3 Months,2024-06-04
3823,70,Female,3823,Hat,Accessories,3823,4786,41.00,Kansas,S,Gold,Spring,3.2,0,Free Shipping,No,No,17,PayPal,Every 3 Months,2024-03-26
3824,50,Female,3824,Shirt,Clothing,3824,4787,42.00,California,M,Gold,Summer,3,0,Standard,No,No,27,Bank Transfer,Weekly,2024-07-06
3825,54,Female,3825,Shorts,Clothing,3825,4789,26.00,Georgia,M,Olive,Summer,4,0,Free Shipping,No,No,31,Credit Card,Quarterly,2024-07-07
3826,49,Female,3826,Shorts,Clothing,3826,4790,35.00,Hawaii,L,Green,Fall,4.1,0,Express,No,No,47,Debit Card,Fortnightly,2024-11-11
3827,50,Female,3827,Jacket,Outerwear,3827,4791,31.00,Montana,M,Gray,Summer,4,0,Express,No,No,25,Bank Transfer,Annually,2024-07-17
3828,62,Female,3828,Jewelry,Accessories,3828,4792,73.00,Montana,M,Red,Summer,4.1,0,Standard,No,No,47,Cash,Fortnightly,2024-08-25
3829,42,Female,3829,Blouse,Clothing,3829,4793,82.00,Mississippi,M,Charcoal,Spring,3.4,0,Free Shipping,No,No,8,Cash,Weekly,2024-05-22
3830,69,Female,3830,Pants,Clothing,3830,4795,32.00,Washington,M,Indigo,Spring,2.9,0,Free Shipping,No,No,32,Debit Card,Fortnightly,2024-04-07
3831,22,Female,3831,Hat,Accessories,3831,4796,27.00,Pennsylvania,M,Indigo,Summer,3,0,2-Day Shipping,No,No,33,Bank Transfer,Every 3 Months,2024-07-20
3832,36,Female,3832,Backpack,Accessories,3832,4797,86.00,Nevada,L,Silver,Spring,4,0,Next Day Air,No,No,16,Debit Card,Every 3 Months,2024-03-12
3833,64,Female,3833,Boots,Footwear,3833,4798,38.00,Kansas,XL,Purple,Winter,4.8,0,2-Day Shipping,No,No,27,Cash,Weekly,2024-01-18
3834,44,Female,3834,Jacket,Outerwear,3834,4799,93.00,Arizona,L,Gray,Summer,4.6,0,Free Shipping,No,No,17,PayPal,Every 3 Months,2024-06-06
3835,43,Female,3835,Hoodie,Clothing,3835,4801,59.00,Tennessee,M,Magenta,Winter,4.1,0,2-Day Shipping,No,No,17,Cash,Quarterly,2024-02-23
3836,58,Female,3836,Sandals,Footwear,3836,4802,58.00,Pennsylvania,L,Silver,Winter,2.6,0,Express,No,No,28,PayPal,Bi-Weekly,2024-12-06
3837,62,Female,3837,Skirt,Clothing,3837,4803,84.00,Alaska,M,Violet,Spring,2.5,0,Free Shipping,No,No,38,PayPal,Fortnightly,2024-03-08
3838,45,Female,3838,Hoodie,Clothing,3838,4804,100.00,New Mexico,M,Green,Spring,4.8,0,Free Shipping,No,No,33,Bank Transfer,Fortnightly,2024-04-20
3839,47,Female,3839,Dress,Clothing,3839,4805,25.00,Rhode Island,L,Green,Summer,4.2,0,Express,No,No,24,Venmo,Every 3 Months,2024-08-16
3840,66,Female,3840,Sandals,Footwear,3840,4807,29.00,Connecticut,M,Peach,Spring,3.9,0,Free Shipping,No,No,14,Venmo,Quarterly,2024-03-15
3841,30,Female,3841,Jeans,Clothing,3841,4808,42.00,Idaho,M,Turquoise,Spring,3.7,0,Express,No,No,5,Venmo,Fortnightly,2024-03-16
3842,68,Female,3842,Jeans,Clothing,3842,4809,57.00,Mississippi,L,Pink,Fall,4.2,0,2-Day Shipping,No,No,8,Bank Transfer,Monthly,2024-10-25
3843,35,Female,3843,Jacket,Outerwear,3843,4810,84.00,Colorado,L,Lavender,Winter,4.2,0,Next Day Air,No,No,42,Debit Card,Monthly,2024-01-12
3844,64,Female,3844,Hat,Accessories,3844,4811,71.00,Georgia,L,Silver,Winter,4,0,Free Shipping,No,No,48,Venmo,Every 3 Months,2024-12-11
3845,30,Female,3845,Shorts,Clothing,3845,4813,87.00,Montana,S,Cyan,Fall,5,0,Next Day Air,No,No,40,Venmo,Quarterly,2024-09-06
3846,58,Female,3846,Sweater,Clothing,3846,4814,52.00,California,M,Green,Winter,4.9,0,Standard,No,No,46,Venmo,Annually,2024-12-13
3847,57,Female,3847,Blouse,Clothing,3847,4815,58.00,Pennsylvania,L,Orange,Summer,4,0,Express,No,No,40,PayPal,Every 3 Months,2024-07-06
3848,60,Female,3848,Sweater,Clothing,3848,4816,34.00,Delaware,S,Blue,Fall,3.2,0,2-Day Shipping,No,No,31,PayPal,Fortnightly,2024-11-18
3849,22,Female,3849,Jewelry,Accessories,3849,4817,60.00,New Hampshire,M,Magenta,Winter,3,0,Next Day Air,No,No,39,Cash,Every 3 Months,2024-01-14
3850,46,Female,3850,Hoodie,Clothing,3850,4819,68.00,Florida,S,Cyan,Winter,2.6,0,Express,No,No,36,PayPal,Fortnightly,2024-12-17
3851,27,Female,3851,Jewelry,Accessories,3851,4820,74.00,Mississippi,L,Indigo,Summer,4.4,0,2-Day Shipping,No,No,25,Debit Card,Every 3 Months,2024-08-18
3852,50,Female,3852,Scarf,Accessories,3852,4821,83.00,Montana,M,Pink,Summer,3.9,0,Free Shipping,No,No,24,Debit Card,Annually,2024-07-19
3853,65,Female,3853,Hat,Accessories,3853,4822,79.00,Mississippi,M,Peach,Fall,4,0,2-Day Shipping,No,No,19,PayPal,Weekly,2024-11-15
3854,61,Female,3854,Sunglasses,Accessories,3854,4823,76.00,Tennessee,M,Lavender,Fall,4,0,Store Pickup,No,No,49,Debit Card,Bi-Weekly,2024-10-28
3855,57,Female,3855,T-shirt,Clothing,3855,4825,20.00,Florida,M,Black,Spring,4.2,0,Free Shipping,No,No,4,Venmo,Annually,2024-03-16
3856,40,Female,3856,Shirt,Clothing,3856,4826,61.00,Illinois,XL,Lavender,Summer,4.4,0,Next Day Air,No,No,36,Cash,Quarterly,2024-08-05
3857,39,Female,3857,Sandals,Footwear,3857,4827,78.00,Virginia,S,Brown,Summer,2.5,0,Free Shipping,No,No,8,Debit Card,Quarterly,2024-07-09
3858,42,Female,3858,Hat,Accessories,3858,4828,21.00,Texas,S,Yellow,Summer,3.1,0,Store Pickup,No,No,29,Credit Card,Every 3 Months,2024-08-11
3859,30,Female,3859,T-shirt,Clothing,3859,4829,77.00,Missouri,M,Olive,Winter,3.5,0,Store Pickup,No,No,26,Credit Card,Quarterly,2024-01-17
3860,65,Female,3860,Shorts,Clothing,3860,4831,88.00,Mississippi,S,Blue,Fall,3,0,2-Day Shipping,No,No,47,Bank Transfer,Bi-Weekly,2024-10-19
3861,57,Female,3861,Sunglasses,Accessories,3861,4832,64.00,Pennsylvania,M,Turquoise,Summer,4.4,0,Next Day Air,No,No,44,Cash,Annually,2024-08-15
3862,64,Female,3862,Jacket,Outerwear,3862,4833,57.00,Wyoming,M,Yellow,Spring,4.9,0,Standard,No,No,49,Credit Card,Monthly,2024-04-08
3863,56,Female,3863,Shirt,Clothing,3863,4834,49.00,Idaho,L,Turquoise,Winter,2.8,0,Next Day Air,No,No,9,Venmo,Monthly,2024-01-16
3864,40,Female,3864,Scarf,Accessories,3864,4835,35.00,New Hampshire,M,Orange,Summer,3.3,0,Free Shipping,No,No,28,Cash,Fortnightly,2024-08-02
3865,55,Female,3865,T-shirt,Clothing,3865,4837,99.00,Wyoming,S,Blue,Winter,4.9,0,Express,No,No,1,Debit Card,Fortnightly,2024-12-28
3866,25,Female,3866,Shorts,Clothing,3866,4838,42.00,Nebraska,M,Olive,Spring,4.2,0,Store Pickup,No,No,28,Cash,Every 3 Months,2024-05-27
3867,58,Female,3867,Hat,Accessories,3867,4839,32.00,Alaska,M,Beige,Winter,3.3,0,2-Day Shipping,No,No,33,Credit Card,Fortnightly,2024-01-18
3868,46,Female,3868,Jacket,Outerwear,3868,4840,21.00,Maryland,L,Lavender,Summer,2.7,0,Standard,No,No,28,Credit Card,Monthly,2024-08-09
3869,18,Female,3869,Dress,Clothing,3869,4841,29.00,Maryland,XL,Magenta,Winter,3.3,0,2-Day Shipping,No,No,9,Cash,Annually,2024-01-22
3870,26,Female,3870,Coat,Outerwear,3870,4843,64.00,Arizona,L,Cyan,Spring,3.8,0,Free Shipping,No,No,28,Bank Transfer,Annually,2024-05-14
3871,61,Female,3871,Sandals,Footwear,3871,4844,46.00,Ohio,L,Lavender,Fall,3.2,0,Next Day Air,No,No,19,Cash,Every 3 Months,2024-10-28
3872,55,Female,3872,T-shirt,Clothing,3872,4845,97.00,Minnesota,M,Black,Fall,4.1,0,2-Day Shipping,No,No,20,Bank Transfer,Every 3 Months,2024-09-26
3873,41,Female,3873,Jacket,Outerwear,3873,4846,94.00,New Hampshire,M,Green,Spring,4.3,0,Standard,No,No,3,Cash,Monthly,2024-04-28
3874,42,Female,3874,Sandals,Footwear,3874,4847,43.00,Louisiana,L,Silver,Summer,4,0,Standard,No,No,22,Credit Card,Weekly,2024-06-03
3875,70,Female,3875,Sweater,Clothing,3875,4849,54.00,Nevada,XL,Beige,Summer,3.9,0,2-Day Shipping,No,No,33,Credit Card,Bi-Weekly,2024-08-10
3876,63,Female,3876,Hat,Accessories,3876,4850,51.00,New Hampshire,M,Pink,Winter,3.3,0,2-Day Shipping,No,No,21,Credit Card,Annually,2024-01-19
3877,60,Female,3877,Shoes,Footwear,3877,4851,85.00,Wisconsin,S,Cyan,Fall,2.6,0,2-Day Shipping,No,No,7,Cash,Annually,2024-11-25
3878,28,Female,3878,Hoodie,Clothing,3878,4852,96.00,Nevada,M,Olive,Spring,4.2,0,Next Day Air,No,No,46,Debit Card,Monthly,2024-04-22
3879,60,Female,3879,Hat,Accessories,3879,4853,42.00,South Carolina,M,Pink,Summer,3.4,0,2-Day Shipping,No,No,24,Credit Card,Annually,2024-07-02
3880,26,Female,3880,Skirt,Clothing,3880,4855,63.00,Florida,L,Maroon,Winter,4.1,0,Free Shipping,No,No,6,Debit Card,Quarterly,2024-01-08
3881,42,Female,3881,Shirt,Clothing,3881,4856,20.00,Massachusetts,M,Red,Winter,3.9,0,Free Shipping,No,No,40,PayPal,Monthly,2024-02-21
3882,56,Female,3882,Scarf,Accessories,3882,4857,25.00,Georgia,L,Silver,Spring,2.8,0,2-Day Shipping,No,No,17,Debit Card,Weekly,2024-03-06
3883,35,Female,3883,Pants,Clothing,3883,4858,95.00,North Dakota,L,Blue,Fall,2.6,0,Free Shipping,No,No,24,Cash,Fortnightly,2024-09-22
3884,34,Female,3884,Hat,Accessories,3884,4859,38.00,North Dakota,XL,Purple,Fall,4,0,Next Day Air,No,No,22,Cash,Fortnightly,2024-09-02
3885,47,Female,3885,Sandals,Footwear,3885,4861,29.00,Maryland,M,Brown,Fall,4.9,0,Express,No,No,3,PayPal,Weekly,2024-09-13
3886,49,Female,3886,Socks,Clothing,3886,4862,64.00,New Mexico,L,Purple,Winter,3.2,0,Free Shipping,No,No,39,Cash,Quarterly,2024-02-27
3887,37,Female,3887,Jewelry,Accessories,3887,4863,92.00,Iowa,S,Brown,Summer,3.9,0,Express,No,No,40,Debit Card,Quarterly,2024-06-25
3888,40,Female,3888,Shirt,Clothing,3888,4864,34.00,Kansas,M,Charcoal,Spring,2.7,0,Express,No,No,1,Credit Card,Quarterly,2024-03-28
3889,45,Female,3889,Sneakers,Footwear,3889,4865,69.00,Virginia,M,Violet,Spring,3.4,0,Standard,No,No,14,Venmo,Bi-Weekly,2024-03-06
3890,57,Female,3890,Dress,Clothing,3890,4867,65.00,Alaska,S,Yellow,Spring,3.5,0,Express,No,No,49,Bank Transfer,Annually,2024-04-14
3891,35,Female,3891,Shirt,Clothing,3891,4868,81.00,Nebraska,XL,Green,Winter,2.6,0,Standard,No,No,33,Debit Card,Annually,2024-01-11
3892,36,Female,3892,Dress,Clothing,3892,4869,30.00,Colorado,L,Peach,Winter,4.7,0,Free Shipping,No,No,6,Bank Transfer,Quarterly,2024-12-21
3893,35,Female,3893,Jewelry,Accessories,3893,4870,86.00,Michigan,L,Indigo,Summer,3.5,0,Standard,No,No,5,PayPal,Fortnightly,2024-07-13
3894,21,Female,3894,Hat,Accessories,3894,4871,64.00,Massachusetts,L,White,Fall,3.3,0,Store Pickup,No,No,29,Bank Transfer,Bi-Weekly,2024-10-26
3895,66,Female,3895,Skirt,Clothing,3895,4873,78.00,Connecticut,L,White,Spring,3.9,0,2-Day Shipping,No,No,44,Credit Card,Every 3 Months,2024-03-16
3896,40,Female,3896,Hoodie,Clothing,3896,4874,28.00,Virginia,L,Turquoise,Summer,4.2,0,2-Day Shipping,No,No,32,Venmo,Weekly,2024-07-18
3897,52,Female,3897,Backpack,Accessories,3897,4875,49.00,Iowa,L,White,Spring,4.5,0,Store Pickup,No,No,41,Bank Transfer,Bi-Weekly,2024-03-26
3898,46,Female,3898,Belt,Accessories,3898,4876,33.00,New Jersey,L,Green,Spring,2.9,0,Standard,No,No,24,Venmo,Quarterly,2024-04-08
3899,44,Female,3899,Shoes,Footwear,3899,4877,77.00,Minnesota,S,Brown,Summer,3.8,0,Express,No,No,24,Venmo,Weekly,2024-06-26
3900,52,Female,3900,Handbag,Accessories,3900,4879,81.00,California,M,Beige,Spring,3.1,0,Store Pickup,No,No,33,Venmo,Quarterly,2024-05-24
