customer_id,customer_age,customer_gender,product_id,product_item ,product_category,purchase_id,purchase_amount,customer_location,product_size,product_colour,product_season,product_rating,customer_subscription,purchase_shipping type,purchase_discount,purchase_promocode,customer_purchase count,purchase_payment type,customer_purchase frequency,purchase_date
1,55,Male,1,Blouse,Clothing,200,$53.00,Kentucky,L,Gray,Winter,3.1,Yes,Express,Yes,Yes,14,Venmo,Fortnightly,2024-02-16
2,19,Male,2,Sweater,Clothing,201,$64.00,Maine,L,Maroon,Winter,3.1,Yes,Express,Yes,Yes,2,Cash,Fortnightly,2025-02-11
3,50,Male,3,Jeans,Clothing,202,$73.00,Massachusetts,S,Maroon,Spring,3.1,Yes,Free Shipping,Yes,Yes,23,Credit Card,Weekly,2025-03-17
4,21,Male,4,Sandals,Footwear,203,$90.00,Rhode Island,M,Maroon,Spring,3.5,Yes,Next Day Air,Yes,Yes,49,PayPal,Weekly,2025-05-20
5,45,Male,5,Blouse,Clothing,205,$49.00,Oregon,M,Turquoise,Spring,2.7,Yes,Free Shipping,Yes,Yes,31,PayPal,Annually,2025-04-06
6,46,Male,6,Sneakers,Footwear,206,$20.00,Wyoming,M,White,Summer,2.9,Yes,Standard,Yes,Yes,14,Venmo,Weekly,2025-06-16
7,63,Male,7,Shirt,Clothing,207,$85.00,Montana,M,Gray,Fall,3.2,Yes,Free Shipping,Yes,Yes,49,Cash,Quarterly,2025-10-26
8,27,Male,8,Shorts,Clothing,208,$34.00,Louisiana,L,Charcoal,Winter,3.2,Yes,Free Shipping,Yes,Yes,19,Credit Card,Weekly,2025-02-17
9,26,Male,9,Coat,Outerwear,209,$97.00,West Virginia,L,Silver,Summer,2.6,Yes,Express,Yes,Yes,8,Venmo,Annually,2025-08-27
10,57,Male,10,Handbag,Accessories,211,$31.00,Missouri,M,Pink,Spring,4.8,Yes,2-Day Shipping,Yes,Yes,4,Cash,Quarterly,2025-05-28
11,53,Male,11,Shoes,Footwear,212,$34.00,Arkansas,L,Purple,Fall,4.1,Yes,Store Pickup,Yes,Yes,26,Bank Transfer,Bi-Weekly,2025-10-05
12,30,Male,12,Shorts,Clothing,213,$68.00,Hawaii,S,Olive,Winter,4.9,Yes,Store Pickup,Yes,Yes,10,Bank Transfer,Fortnightly,2025-01-20
13,61,Male,13,Coat,Outerwear,214,$72.00,Delaware,M,Gold,Winter,4.5,Yes,Express,Yes,Yes,37,Venmo,Fortnightly,2025-02-17
14,65,Male,14,Dress,Clothing,215,$51.00,New Hampshire,M,Violet,Spring,4.7,Yes,Express,Yes,Yes,31,PayPal,Weekly,2025-03-06
15,64,Male,15,Coat,Outerwear,217,$53.00,New York,L,Teal,Winter,4.7,Yes,Free Shipping,Yes,Yes,34,Debit Card,Weekly,2025-01-24
16,64,Male,16,Skirt,Clothing,218,$81.00,Rhode Island,M,Teal,Winter,2.8,Yes,Store Pickup,Yes,Yes,8,PayPal,Monthly,2025-02-22
17,25,Male,17,Sunglasses,Accessories,219,$36.00,Alabama,S,Gray,Spring,4.1,Yes,Next Day Air,Yes,Yes,44,Debit Card,Bi-Weekly,2025-05-18
18,53,Male,18,Dress,Clothing,220,$38.00,Mississippi,XL,Lavender,Winter,4.7,Yes,2-Day Shipping,Yes,Yes,36,Venmo,Quarterly,2025-02-24
19,52,Male,19,Sweater,Clothing,221,$48.00,Montana,S,Black,Summer,4.6,Yes,Free Shipping,Yes,Yes,17,Cash,Weekly,2025-06-23
20,66,Male,20,Pants,Clothing,223,$90.00,Rhode Island,M,Green,Summer,3.3,Yes,Standard,Yes,Yes,46,Debit Card,Bi-Weekly,2025-06-09
21,21,Male,21,Pants,Clothing,224,$51.00,Louisiana,M,Black,Winter,2.8,Yes,Express,Yes,Yes,50,Cash,Every 3 Months,2025-12-15
22,31,Male,22,Pants,Clothing,225,$62.00,North Carolina,M,Charcoal,Winter,4.1,Yes,Store Pickup,Yes,Yes,22,Debit Card,Quarterly,2025-01-17
23,56,Male,23,Pants,Clothing,226,$37.00,California,M,Peach,Summer,3.2,Yes,Store Pickup,Yes,Yes,32,Debit Card,Annually,2025-08-23
24,31,Male,24,Pants,Clothing,227,$88.00,Oklahoma,XL,White,Winter,4.4,Yes,Express,Yes,Yes,40,Credit Card,Weekly,2025-12-01
25,18,Male,25,Jacket,Outerwear,229,$22.00,Florida,M,Green,Fall,2.9,Yes,Store Pickup,Yes,Yes,16,Debit Card,Weekly,2025-10-14
26,18,Male,26,Hoodie,Clothing,230,$25.00,Texas,M,Silver,Summer,3.6,Yes,Express,Yes,Yes,14,PayPal,Annually,2025-06-22
27,38,Male,27,Jewelry,Accessories,231,$20.00,Nevada,M,Red,Spring,3.6,Yes,Next Day Air,Yes,Yes,13,Credit Card,Annually,2025-04-06
28,56,Male,28,Shorts,Clothing,232,$56.00,Kentucky,L,Cyan,Summer,5,Yes,Next Day Air,Yes,Yes,7,Bank Transfer,Every 3 Months,2025-08-17
29,54,Male,29,Handbag,Accessories,233,$94.00,North Carolina,M,Gray,Fall,4.4,Yes,Free Shipping,Yes,Yes,41,PayPal,Every 3 Months,2025-11-13
30,31,Male,30,Dress,Clothing,235,$48.00,Wyoming,S,Black,Fall,4.1,Yes,Store Pickup,Yes,Yes,14,Credit Card,Weekly,2025-09-09
31,57,Male,31,Jewelry,Accessories,236,$31.00,North Carolina,L,Black,Winter,4.7,Yes,Standard,Yes,Yes,16,Credit Card,Monthly,2025-01-08
32,33,Male,32,Dress,Clothing,237,$79.00,West Virginia,L,Brown,Winter,4.7,Yes,Store Pickup,Yes,Yes,45,Venmo,Monthly,2025-01-23
33,36,Male,33,Jacket,Outerwear,238,$67.00,Kansas,M,Silver,Summer,4.9,Yes,Free Shipping,Yes,Yes,37,Venmo,Annually,2025-06-11
34,54,Male,34,Pants,Clothing,239,$38.00,Colorado,L,Green,Summer,3.3,Yes,Store Pickup,Yes,Yes,45,Cash,Quarterly,2025-07-01
35,36,Male,35,T-shirt,Clothing,241,$91.00,North Dakota,L,Violet,Spring,4.6,Yes,2-Day Shipping,Yes,Yes,38,PayPal,Quarterly,2025-05-11
36,54,Male,36,Blouse,Clothing,242,$33.00,Massachusetts,M,Cyan,Summer,4,Yes,2-Day Shipping,Yes,Yes,48,Credit Card,Bi-Weekly,2025-06-20
37,35,Male,37,T-shirt,Clothing,243,$69.00,Illinois,M,Maroon,Winter,4.6,Yes,Free Shipping,Yes,Yes,44,PayPal,Fortnightly,2025-12-05
38,35,Male,38,Jeans,Clothing,244,$45.00,Indiana,S,Cyan,Summer,2.8,Yes,Store Pickup,Yes,Yes,10,PayPal,Weekly,2025-08-15
39,29,Male,39,Dress,Clothing,245,$37.00,Florida,M,Red,Winter,3.7,Yes,2-Day Shipping,Yes,Yes,44,Venmo,Every 3 Months,2025-02-10
40,70,Male,40,Pants,Clothing,247,$60.00,Arizona,S,Turquoise,Summer,4.2,Yes,Express,Yes,Yes,18,Credit Card,Monthly,2025-07-24
41,69,Male,41,Handbag,Accessories,248,$76.00,Louisiana,L,Beige,Winter,4.6,Yes,Next Day Air,Yes,Yes,31,Debit Card,Quarterly,2025-02-23
42,67,Male,42,Scarf,Accessories,249,$39.00,Alaska,M,Orange,Spring,4.5,Yes,Standard,Yes,Yes,40,Venmo,Annually,2025-03-20
43,20,Male,43,Coat,Outerwear,250,$100.00,Tennessee,M,Beige,Spring,4.1,Yes,Free Shipping,Yes,Yes,15,PayPal,Annually,2025-05-15
44,25,Male,44,Scarf,Accessories,251,$69.00,Ohio,L,Lavender,Fall,3.7,Yes,Store Pickup,Yes,Yes,19,PayPal,Fortnightly,2025-09-23
45,39,Male,45,Hat,Accessories,253,$53.00,Kentucky,S,Silver,Summer,4.6,Yes,Free Shipping,Yes,Yes,45,PayPal,Weekly,2025-06-26
46,50,Male,46,Socks,Clothing,254,$21.00,Tennessee,XL,Indigo,Fall,2.9,Yes,2-Day Shipping,Yes,Yes,25,PayPal,Annually,2025-09-14
47,57,Male,47,Shirt,Clothing,255,$43.00,California,L,White,Summer,2.9,Yes,Store Pickup,Yes,Yes,45,Cash,Quarterly,2025-07-28
48,55,Male,48,Jewelry,Accessories,256,$54.00,Montana,M,Charcoal,Winter,4.5,Yes,Free Shipping,Yes,Yes,36,Cash,Weekly,2025-12-06
49,42,Male,49,Shirt,Clothing,257,$55.00,Nevada,M,Orange,Summer,2.7,Yes,Store Pickup,Yes,Yes,38,Cash,Monthly,2025-06-24
50,68,Male,50,Hoodie,Clothing,259,$30.00,New Jersey,S,Indigo,Spring,4.6,Yes,Next Day Air,Yes,Yes,34,Debit Card,Bi-Weekly,2025-03-19
51,49,Male,51,Blouse,Clothing,260,$28.00,Maryland,M,Red,Spring,3.7,Yes,Store Pickup,Yes,Yes,39,Debit Card,Bi-Weekly,2025-03-16
52,59,Male,52,Skirt,Clothing,261,$59.00,Vermont,XL,Gray,Winter,4.7,Yes,2-Day Shipping,Yes,Yes,7,Credit Card,Quarterly,2025-02-17
53,42,Male,53,T-shirt,Clothing,262,$20.00,Alaska,M,Green,Summer,2.6,Yes,Free Shipping,Yes,Yes,26,Credit Card,Weekly,2025-06-07
54,29,Male,54,Skirt,Clothing,263,$24.00,Mississippi,S,Peach,Winter,3.9,Yes,Next Day Air,Yes,Yes,35,Credit Card,Weekly,2025-01-21
55,47,Male,55,Coat,Outerwear,265,$94.00,New Mexico,M,Brown,Summer,4.2,Yes,Next Day Air,Yes,Yes,35,Debit Card,Bi-Weekly,2025-07-22
56,40,Male,56,Jacket,Outerwear,266,$28.00,South Carolina,M,Lavender,Winter,3,Yes,2-Day Shipping,Yes,Yes,49,Credit Card,Annually,2025-02-22
57,41,Male,57,Backpack,Accessories,267,$73.00,Mississippi,XL,Brown,Summer,4.7,Yes,Store Pickup,Yes,Yes,46,Credit Card,Weekly,2025-06-07
58,21,Male,58,Coat,Outerwear,268,$64.00,West Virginia,M,White,Summer,4.4,Yes,Store Pickup,Yes,Yes,17,Debit Card,Fortnightly,2025-07-20
59,69,Male,59,Hoodie,Clothing,269,$54.00,Missouri,M,Charcoal,Summer,4.2,Yes,Free Shipping,Yes,Yes,29,Venmo,Monthly,2025-08-10
60,63,Male,60,Belt,Accessories,271,$79.00,Louisiana,L,Yellow,Spring,4.6,Yes,Standard,Yes,Yes,4,Debit Card,Weekly,2025-05-28
61,50,Male,61,Sweater,Clothing,272,$37.00,Idaho,L,Brown,Summer,4,Yes,Express,Yes,Yes,17,Cash,Weekly,2025-07-28
62,55,Male,62,Scarf,Accessories,273,$68.00,Texas,M,Orange,Winter,4.7,Yes,Store Pickup,Yes,Yes,21,Credit Card,Every 3 Months,2025-02-26
63,30,Male,63,Sneakers,Footwear,274,$21.00,Mississippi,S,Magenta,Spring,3.8,Yes,Free Shipping,Yes,Yes,31,Credit Card,Fortnightly,2025-05-13
64,33,Male,64,Sunglasses,Accessories,275,$79.00,Arizona,L,Lavender,Winter,2.7,Yes,2-Day Shipping,Yes,Yes,43,Credit Card,Weekly,2025-01-08
65,65,Male,65,Boots,Footwear,277,$83.00,Alabama,S,Green,Fall,4.8,Yes,Standard,Yes,Yes,18,Debit Card,Fortnightly,2025-11-01
66,65,Male,66,Backpack,Accessories,278,$36.00,New Jersey,M,Purple,Spring,4.8,Yes,2-Day Shipping,Yes,Yes,44,Venmo,Every 3 Months,2025-05-21
67,31,Male,67,Blouse,Clothing,279,$94.00,Pennsylvania,S,Magenta,Winter,4.7,Yes,2-Day Shipping,Yes,Yes,3,Venmo,Every 3 Months,2025-01-17
68,45,Male,68,Coat,Outerwear,280,$33.00,Connecticut,L,Gray,Winter,4.4,Yes,Store Pickup,Yes,Yes,49,Debit Card,Monthly,2025-02-28
69,57,Male,69,Handbag,Accessories,281,$46.00,Utah,L,Silver,Summer,3.9,Yes,Next Day Air,Yes,Yes,21,Cash,Every 3 Months,2025-08-11
70,48,Male,70,Belt,Accessories,283,$70.00,Tennessee,S,Cyan,Summer,4.4,Yes,Express,Yes,Yes,5,Cash,Weekly,2025-06-04
71,22,Male,71,Belt,Accessories,284,$29.00,Alabama,M,Magenta,Fall,4.2,Yes,Express,Yes,Yes,32,Debit Card,Every 3 Months,2025-10-16
72,36,Male,72,Dress,Clothing,285,$48.00,Virginia,L,Gold,Summer,2.9,Yes,Express,Yes,Yes,34,Bank Transfer,Annually,2025-07-10
73,18,Male,73,Dress,Clothing,286,$26.00,Georgia,M,Olive,Winter,2.9,Yes,Store Pickup,Yes,Yes,21,Bank Transfer,Every 3 Months,2025-02-22
74,48,Male,74,Pants,Clothing,287,$85.00,Hawaii,M,Teal,Spring,2.7,Yes,Free Shipping,Yes,Yes,43,Bank Transfer,Bi-Weekly,2025-04-23
75,49,Male,75,Gloves,Accessories,289,$58.00,Indiana,L,Violet,Spring,4.5,Yes,Express,Yes,Yes,3,Cash,Monthly,2025-05-03
76,64,Male,76,Scarf,Accessories,290,$85.00,Utah,M,Blue,Summer,2.7,Yes,Free Shipping,Yes,Yes,21,Credit Card,Annually,2025-06-06
77,50,Male,77,Hat,Accessories,291,$43.00,Delaware,S,Teal,Summer,4.2,Yes,Free Shipping,Yes,Yes,32,Venmo,Monthly,2025-08-06
78,22,Male,78,Dress,Clothing,292,$53.00,Delaware,L,Gold,Summer,3.3,Yes,Next Day Air,Yes,Yes,36,Debit Card,Fortnightly,2025-06-12
79,50,Male,79,Skirt,Clothing,293,$91.00,Nebraska,M,Maroon,Spring,4.7,Yes,Free Shipping,Yes,Yes,50,Venmo,Fortnightly,2025-04-23
80,38,Male,80,Jacket,Outerwear,295,$96.00,Iowa,M,Olive,Winter,2.6,Yes,2-Day Shipping,Yes,Yes,43,Bank Transfer,Every 3 Months,2025-12-03
81,19,Male,81,Sandals,Footwear,296,$72.00,New York,XL,Blue,Summer,3.3,Yes,Store Pickup,Yes,Yes,24,Credit Card,Every 3 Months,2025-07-01
82,67,Male,82,Shoes,Footwear,297,$96.00,Virginia,L,Maroon,Summer,2.6,Yes,Express,Yes,Yes,36,Credit Card,Every 3 Months,2025-08-14
83,19,Male,83,Pants,Clothing,298,$28.00,Georgia,S,Olive,Spring,4,Yes,2-Day Shipping,Yes,Yes,21,Credit Card,Every 3 Months,2025-03-16
84,36,Male,84,Dress,Clothing,299,$40.00,Texas,M,Turquoise,Summer,4.1,Yes,Standard,Yes,Yes,34,Bank Transfer,Weekly,2025-08-02
85,52,Male,85,Coat,Outerwear,301,$32.00,Arizona,S,Peach,Spring,4.4,Yes,Standard,Yes,Yes,42,Bank Transfer,Every 3 Months,2025-03-15
86,53,Male,86,Sunglasses,Accessories,302,$95.00,New Mexico,M,Charcoal,Winter,4.5,Yes,Next Day Air,Yes,Yes,2,Debit Card,Bi-Weekly,2025-12-23
87,24,Male,87,Hoodie,Clothing,303,$41.00,Nevada,L,Pink,Spring,3.7,Yes,2-Day Shipping,Yes,Yes,47,Cash,Bi-Weekly,2025-04-17
88,52,Male,88,Shoes,Footwear,304,$53.00,Ohio,M,Green,Fall,3.7,Yes,2-Day Shipping,Yes,Yes,44,Debit Card,Fortnightly,2025-09-01
89,33,Male,89,T-shirt,Clothing,305,$47.00,Wyoming,M,Orange,Fall,3.5,Yes,Free Shipping,Yes,Yes,35,Credit Card,Monthly,2025-10-24
90,47,Male,90,Jacket,Outerwear,307,$83.00,California,XL,Pink,Fall,3.6,Yes,Next Day Air,Yes,Yes,15,Cash,Quarterly,2025-10-06
91,25,Male,91,Hat,Accessories,308,$48.00,South Carolina,L,Violet,Summer,2.9,Yes,Express,Yes,Yes,29,Credit Card,Monthly,2025-07-23
92,44,Male,92,Scarf,Accessories,309,$99.00,South Carolina,S,Green,Winter,4.6,Yes,Standard,Yes,Yes,18,Credit Card,Every 3 Months,2025-01-14
93,61,Male,93,Jacket,Outerwear,310,$87.00,Texas,M,Olive,Winter,4.4,Yes,2-Day Shipping,Yes,Yes,13,Venmo,Every 3 Months,2025-12-14
94,37,Male,94,Sweater,Clothing,311,$62.00,Florida,M,Purple,Fall,4.5,Yes,Standard,Yes,Yes,46,Credit Card,Weekly,2025-11-18
95,58,Male,95,Skirt,Clothing,313,$76.00,Nevada,S,Silver,Spring,4.6,Yes,Free Shipping,Yes,Yes,28,Credit Card,Weekly,2025-04-12
96,37,Male,96,Sneakers,Footwear,314,$100.00,Missouri,L,Pink,Fall,3.8,Yes,Free Shipping,Yes,Yes,48,PayPal,Monthly,2025-10-03
97,32,Male,97,Gloves,Accessories,315,$73.00,Delaware,S,Gold,Spring,3.6,Yes,Express,Yes,Yes,43,Venmo,Every 3 Months,2025-05-26
98,21,Male,98,Shoes,Footwear,316,$92.00,Virginia,M,Teal,Winter,4.8,Yes,Store Pickup,Yes,Yes,37,Cash,Annually,2025-02-04
99,20,Male,99,Jeans,Clothing,317,$67.00,New York,XL,Teal,Spring,2.6,Yes,Next Day Air,Yes,Yes,20,Bank Transfer,Annually,2025-05-23
100,26,Male,100,Hoodie,Clothing,319,$40.00,Missouri,XL,Indigo,Summer,3.7,Yes,Express,Yes,Yes,33,Debit Card,Quarterly,2025-07-23
101,62,Male,101,Sunglasses,Accessories,320,$98.00,South Dakota,M,Maroon,Fall,2.7,Yes,Express,Yes,Yes,31,Cash,Fortnightly,2025-11-27
102,27,Male,102,Coat,Outerwear,321,$85.00,North Dakota,XL,White,Spring,4.6,Yes,Express,Yes,Yes,50,Credit Card,Bi-Weekly,2025-05-06
103,51,Male,103,Socks,Clothing,322,$67.00,Oklahoma,L,Violet,Winter,4.8,Yes,Next Day Air,Yes,Yes,35,Credit Card,Quarterly,2025-02-23
104,54,Male,104,Boots,Footwear,323,$89.00,West Virginia,L,Red,Winter,4,Yes,Next Day Air,Yes,Yes,22,Venmo,Bi-Weekly,2025-02-17
105,55,Male,105,Sunglasses,Accessories,325,$24.00,New Hampshire,L,Pink,Spring,4.4,Yes,2-Day Shipping,Yes,Yes,1,PayPal,Monthly,2025-05-03
106,69,Male,106,Backpack,Accessories,326,$96.00,New York,M,Charcoal,Fall,3.6,Yes,Next Day Air,Yes,Yes,4,Bank Transfer,Annually,2025-10-03
107,64,Male,107,Jacket,Outerwear,327,$35.00,Minnesota,L,White,Summer,3.7,Yes,Standard,Yes,Yes,31,Credit Card,Monthly,2025-06-21
108,28,Male,108,Sneakers,Footwear,328,$67.00,Maryland,L,Olive,Winter,3.1,Yes,Next Day Air,Yes,Yes,46,PayPal,Fortnightly,2025-01-10
109,70,Male,109,Socks,Clothing,329,$79.00,Montana,L,Purple,Spring,3.4,Yes,Next Day Air,Yes,Yes,32,Bank Transfer,Bi-Weekly,2025-03-22
110,58,Male,110,T-shirt,Clothing,331,$85.00,Alabama,M,Violet,Spring,2.6,Yes,Next Day Air,Yes,Yes,43,Bank Transfer,Fortnightly,2025-04-14
111,56,Male,111,Backpack,Accessories,332,$26.00,New York,M,Black,Summer,4,Yes,Standard,Yes,Yes,26,Venmo,Fortnightly,2025-08-10
112,26,Male,112,Belt,Accessories,333,$75.00,Massachusetts,L,Purple,Summer,5,Yes,Free Shipping,Yes,Yes,9,Credit Card,Annually,2025-07-04
113,37,Male,113,Gloves,Accessories,334,$65.00,Florida,M,Red,Spring,4.3,Yes,Free Shipping,Yes,Yes,28,PayPal,Bi-Weekly,2025-05-13
114,44,Male,114,Hat,Accessories,335,$54.00,New Jersey,L,Maroon,Winter,3.1,Yes,Next Day Air,Yes,Yes,20,PayPal,Quarterly,2025-12-07
115,70,Male,115,Coat,Outerwear,337,$95.00,Massachusetts,S,Blue,Summer,3.7,Yes,Store Pickup,Yes,Yes,9,Cash,Weekly,2025-07-01
116,53,Male,116,Skirt,Clothing,338,$94.00,Wyoming,M,Gray,Spring,3.8,Yes,Standard,Yes,Yes,48,Debit Card,Every 3 Months,2025-04-01
117,55,Male,117,Shoes,Footwear,339,$86.00,Virginia,S,Blue,Spring,3.4,Yes,Free Shipping,Yes,Yes,12,Venmo,Annually,2025-04-27
118,50,Male,118,Sandals,Footwear,340,$32.00,South Dakota,L,Yellow,Summer,4.6,Yes,Express,Yes,Yes,29,Cash,Fortnightly,2025-06-23
119,50,Male,119,Sweater,Clothing,341,$45.00,Kentucky,L,Orange,Fall,4.8,Yes,2-Day Shipping,Yes,Yes,27,Cash,Bi-Weekly,2025-11-27
120,38,Male,120,Coat,Outerwear,343,$76.00,Wyoming,M,Orange,Fall,4.3,Yes,Express,Yes,Yes,44,Cash,Annually,2025-09-25
121,64,Male,121,Hat,Accessories,344,$84.00,West Virginia,L,Red,Summer,4,Yes,Express,Yes,Yes,32,Bank Transfer,Annually,2025-06-14
122,19,Male,122,Shorts,Clothing,345,$72.00,Virginia,M,Olive,Winter,4.2,Yes,Standard,Yes,Yes,11,Cash,Fortnightly,2025-01-20
123,40,Male,123,Backpack,Accessories,346,$40.00,Washington,L,Brown,Spring,4.8,Yes,2-Day Shipping,Yes,Yes,44,Cash,Fortnightly,2025-04-17
124,57,Male,124,Sweater,Clothing,347,$89.00,Louisiana,L,Brown,Fall,3.1,Yes,Free Shipping,Yes,Yes,46,Cash,Weekly,2025-10-10
125,44,Male,125,Sweater,Clothing,349,$86.00,Nevada,M,Gray,Spring,3.1,Yes,Next Day Air,Yes,Yes,50,PayPal,Annually,2025-04-21
126,49,Male,126,Shorts,Clothing,350,$54.00,California,M,Indigo,Winter,3.6,Yes,Next Day Air,Yes,Yes,45,Venmo,Every 3 Months,2025-02-27
127,43,Male,127,Shorts,Clothing,351,$36.00,Mississippi,L,Pink,Spring,3.9,Yes,Store Pickup,Yes,Yes,48,Cash,Every 3 Months,2025-05-19
128,24,Male,128,Sweater,Clothing,352,$89.00,Mississippi,M,Gray,Winter,4.8,Yes,Next Day Air,Yes,Yes,26,Credit Card,Weekly,2025-12-11
129,20,Male,129,Scarf,Accessories,353,$32.00,California,M,Gold,Spring,4.7,Yes,Standard,Yes,Yes,21,Credit Card,Fortnightly,2025-05-11
130,24,Male,130,Dress,Clothing,355,$67.00,Pennsylvania,XL,Olive,Summer,4.2,Yes,2-Day Shipping,Yes,Yes,49,PayPal,Bi-Weekly,2025-08-12
131,44,Male,131,Scarf,Accessories,356,$39.00,Kentucky,L,Violet,Fall,3.7,Yes,Next Day Air,Yes,Yes,13,PayPal,Fortnightly,2025-11-25
132,28,Male,132,Skirt,Clothing,357,$29.00,Maine,L,Indigo,Summer,3.9,Yes,Standard,Yes,Yes,46,Credit Card,Weekly,2025-07-10
133,30,Male,133,Backpack,Accessories,358,$58.00,New Mexico,M,Orange,Fall,4.7,Yes,2-Day Shipping,Yes,Yes,42,PayPal,Weekly,2025-09-18
134,52,Male,134,Sweater,Clothing,359,$65.00,Montana,M,Violet,Winter,2.5,Yes,Next Day Air,Yes,Yes,25,Venmo,Annually,2025-01-11
135,43,Male,135,Hat,Accessories,361,$94.00,Texas,L,Gray,Fall,4.9,Yes,Store Pickup,Yes,Yes,25,Cash,Monthly,2025-10-10
136,43,Male,136,Sandals,Footwear,362,$81.00,Kansas,M,Purple,Fall,4.1,Yes,Express,Yes,Yes,12,PayPal,Quarterly,2025-11-15
137,39,Male,137,Blouse,Clothing,363,$86.00,South Carolina,M,White,Winter,3.3,Yes,Free Shipping,Yes,Yes,4,Debit Card,Quarterly,2025-02-11
138,68,Male,138,Sneakers,Footwear,364,$43.00,Colorado,M,Turquoise,Spring,4.7,Yes,Free Shipping,Yes,Yes,38,PayPal,Weekly,2025-03-02
139,68,Male,139,Skirt,Clothing,365,$29.00,Georgia,M,Maroon,Winter,4.4,Yes,Store Pickup,Yes,Yes,42,Bank Transfer,Weekly,2025-02-25
140,49,Male,140,Coat,Outerwear,367,$95.00,Florida,M,White,Fall,3.8,Yes,Store Pickup,Yes,Yes,30,Venmo,Annually,2025-10-03
141,63,Male,141,Shirt,Clothing,368,$28.00,North Carolina,L,Yellow,Fall,3.9,Yes,2-Day Shipping,Yes,Yes,50,Credit Card,Weekly,2025-09-04
142,56,Male,142,Gloves,Accessories,369,$46.00,Virginia,M,Turquoise,Fall,4.9,Yes,Free Shipping,Yes,Yes,45,PayPal,Weekly,2025-10-03
143,37,Male,143,Jacket,Outerwear,370,$58.00,Nebraska,L,Violet,Fall,3.1,Yes,Free Shipping,Yes,Yes,33,Credit Card,Fortnightly,2025-11-22
144,30,Male,144,Coat,Outerwear,371,$48.00,Missouri,M,Beige,Fall,2.7,Yes,Store Pickup,Yes,Yes,25,PayPal,Quarterly,2025-10-19
145,19,Male,145,Shoes,Footwear,373,$43.00,New Jersey,M,Silver,Fall,3.2,Yes,Express,Yes,Yes,25,Cash,Monthly,2025-09-06
146,24,Male,146,Jewelry,Accessories,374,$95.00,Missouri,M,Teal,Fall,4.5,Yes,Standard,Yes,Yes,44,Debit Card,Quarterly,2025-11-14
147,52,Male,147,Skirt,Clothing,375,$30.00,Colorado,S,Black,Fall,4,Yes,Standard,Yes,Yes,21,Venmo,Fortnightly,2025-11-11
148,63,Male,148,Shoes,Footwear,376,$64.00,Idaho,M,Purple,Summer,3.5,Yes,2-Day Shipping,Yes,Yes,31,Bank Transfer,Fortnightly,2025-08-24
149,37,Male,149,Gloves,Accessories,377,$90.00,Wyoming,M,Gray,Fall,2.6,Yes,Store Pickup,Yes,Yes,47,Debit Card,Annually,2025-09-24
150,38,Male,150,Pants,Clothing,379,$76.00,Delaware,M,White,Summer,3.2,Yes,Free Shipping,Yes,Yes,14,PayPal,Monthly,2025-08-12
151,35,Male,151,Boots,Footwear,380,$96.00,California,L,Cyan,Fall,4.9,Yes,Standard,Yes,Yes,17,Debit Card,Every 3 Months,2025-09-26
152,28,Male,152,Sunglasses,Accessories,381,$47.00,North Dakota,L,Turquoise,Fall,4.5,Yes,Next Day Air,Yes,Yes,3,Venmo,Annually,2025-11-08
153,30,Male,153,Shirt,Clothing,382,$85.00,South Carolina,S,Brown,Summer,4.3,Yes,Express,Yes,Yes,42,Venmo,Annually,2025-06-02
154,69,Male,154,Hoodie,Clothing,383,$55.00,North Carolina,M,Maroon,Winter,3.2,Yes,Standard,Yes,Yes,22,Debit Card,Annually,2025-01-21
155,41,Male,155,Dress,Clothing,385,$98.00,Oklahoma,M,Charcoal,Fall,3.6,Yes,Next Day Air,Yes,Yes,21,Venmo,Quarterly,2025-10-18
156,63,Male,156,Socks,Clothing,386,$77.00,Maine,S,Olive,Spring,4.3,Yes,Free Shipping,Yes,Yes,21,Bank Transfer,Quarterly,2025-05-08
157,35,Male,157,Shorts,Clothing,387,$26.00,Missouri,M,Lavender,Fall,4,Yes,Standard,Yes,Yes,40,Debit Card,Annually,2025-10-05
158,36,Male,158,Hat,Accessories,388,$68.00,Vermont,S,Yellow,Fall,3,Yes,Next Day Air,Yes,Yes,1,Bank Transfer,Fortnightly,2025-11-24
159,25,Male,159,Shirt,Clothing,389,$73.00,Connecticut,XL,Teal,Fall,4.1,Yes,Standard,Yes,Yes,50,Bank Transfer,Monthly,2025-09-02
160,58,Male,160,Gloves,Accessories,391,$27.00,New Hampshire,M,Charcoal,Fall,3.8,Yes,Store Pickup,Yes,Yes,39,Bank Transfer,Every 3 Months,2025-11-22
161,27,Male,161,Gloves,Accessories,392,$23.00,Texas,M,Orange,Summer,4.6,Yes,Free Shipping,Yes,Yes,34,Venmo,Monthly,2025-07-02
162,65,Male,162,Backpack,Accessories,393,$49.00,North Dakota,M,Olive,Fall,3,Yes,Express,Yes,Yes,29,Venmo,Fortnightly,2025-11-10
163,54,Male,163,Sunglasses,Accessories,394,$74.00,California,M,Turquoise,Summer,3,Yes,Store Pickup,Yes,Yes,31,PayPal,Bi-Weekly,2025-07-25
164,54,Male,164,Skirt,Clothing,395,$67.00,Virginia,M,Purple,Summer,3.4,Yes,Standard,Yes,Yes,8,Debit Card,Weekly,2025-06-20
165,59,Male,165,Handbag,Accessories,397,$65.00,Delaware,S,Purple,Spring,2.6,Yes,Free Shipping,Yes,Yes,5,Credit Card,Fortnightly,2025-03-09
166,42,Male,166,Handbag,Accessories,398,$60.00,Kentucky,S,Yellow,Winter,2.8,Yes,Store Pickup,Yes,Yes,7,Cash,Monthly,2025-02-02
167,46,Male,167,Sneakers,Footwear,399,$31.00,Delaware,XL,Indigo,Fall,4,Yes,Store Pickup,Yes,Yes,30,Cash,Monthly,2025-09-01
168,33,Male,168,Gloves,Accessories,400,$27.00,Arkansas,M,Green,Fall,4,Yes,Express,Yes,Yes,14,Credit Card,Every 3 Months,2025-11-09
169,34,Male,169,Shoes,Footwear,401,$80.00,Louisiana,M,Magenta,Summer,3,Yes,Express,Yes,Yes,5,Cash,Fortnightly,2025-06-22
170,27,Male,170,Jacket,Outerwear,403,$30.00,Nevada,S,Gold,Summer,3.3,Yes,Standard,Yes,Yes,3,PayPal,Every 3 Months,2025-07-17
171,52,Male,171,Shirt,Clothing,404,$25.00,Wyoming,M,Maroon,Fall,2.6,Yes,Store Pickup,Yes,Yes,46,Venmo,Bi-Weekly,2025-10-21
172,29,Male,172,Shorts,Clothing,405,$35.00,Virginia,M,Blue,Summer,3.6,Yes,Store Pickup,Yes,Yes,4,Credit Card,Weekly,2025-07-09
173,54,Male,173,Jewelry,Accessories,406,$67.00,Nebraska,M,Violet,Summer,3.9,Yes,Next Day Air,Yes,Yes,42,Credit Card,Bi-Weekly,2025-08-02
174,25,Male,174,Hat,Accessories,407,$46.00,Hawaii,M,Turquoise,Fall,3.4,Yes,Standard,Yes,Yes,30,Cash,Annually,2025-09-27
175,41,Male,175,Shoes,Footwear,409,$35.00,Vermont,L,Brown,Winter,3.5,Yes,Express,Yes,Yes,37,Venmo,Annually,2025-12-09
176,53,Male,176,Coat,Outerwear,410,$86.00,Oklahoma,L,Violet,Fall,2.8,Yes,Next Day Air,Yes,Yes,2,Bank Transfer,Annually,2025-10-18
177,53,Male,177,Backpack,Accessories,411,$81.00,New Hampshire,L,Black,Spring,2.7,Yes,Next Day Air,Yes,Yes,30,Credit Card,Quarterly,2025-05-27
178,21,Male,178,Hoodie,Clothing,412,$42.00,Kansas,L,Magenta,Fall,3.7,Yes,Next Day Air,Yes,Yes,47,Bank Transfer,Monthly,2025-10-09
179,61,Male,179,Skirt,Clothing,413,$43.00,Idaho,L,Lavender,Fall,4.3,Yes,2-Day Shipping,Yes,Yes,21,PayPal,Quarterly,2025-10-10
180,64,Male,180,Boots,Footwear,415,$31.00,Illinois,M,Violet,Fall,4.9,Yes,Store Pickup,Yes,Yes,9,Bank Transfer,Fortnightly,2025-11-11
181,51,Male,181,Sandals,Footwear,416,$81.00,South Dakota,L,Green,Fall,3.3,Yes,Store Pickup,Yes,Yes,12,Debit Card,Fortnightly,2025-10-01
182,32,Male,182,Pants,Clothing,417,$61.00,Massachusetts,M,Beige,Summer,4.7,Yes,Next Day Air,Yes,Yes,4,Bank Transfer,Weekly,2025-07-01
183,38,Male,183,Gloves,Accessories,418,$96.00,Alabama,XL,Purple,Summer,2.8,Yes,Store Pickup,Yes,Yes,10,Debit Card,Annually,2025-07-09
184,58,Male,184,Skirt,Clothing,419,$29.00,Ohio,XL,Beige,Spring,3.6,Yes,2-Day Shipping,Yes,Yes,26,Credit Card,Weekly,2025-03-07
185,32,Male,185,Sneakers,Footwear,421,$33.00,Hawaii,L,Cyan,Spring,3,Yes,Express,Yes,Yes,40,Cash,Fortnightly,2025-03-21
186,46,Male,186,T-shirt,Clothing,422,$32.00,Wisconsin,XL,Silver,Summer,4.5,Yes,Store Pickup,Yes,Yes,34,Bank Transfer,Fortnightly,2025-08-25
187,39,Male,187,Backpack,Accessories,423,$56.00,Minnesota,S,Lavender,Summer,2.9,Yes,Standard,Yes,Yes,31,Debit Card,Annually,2025-06-02
188,19,Male,188,Shoes,Footwear,424,$94.00,Georgia,S,Purple,Spring,3.3,Yes,Store Pickup,Yes,Yes,1,Bank Transfer,Bi-Weekly,2025-04-15
189,50,Male,189,Hoodie,Clothing,425,$53.00,Arkansas,M,Pink,Spring,3.1,Yes,Express,Yes,Yes,5,Bank Transfer,Bi-Weekly,2025-04-25
190,36,Male,190,Blouse,Clothing,427,$82.00,West Virginia,M,Maroon,Fall,4.4,Yes,Next Day Air,Yes,Yes,4,Credit Card,Weekly,2025-10-19
191,65,Male,191,Coat,Outerwear,428,$70.00,Indiana,XL,Beige,Fall,3,Yes,Free Shipping,Yes,Yes,48,Venmo,Quarterly,2025-10-07
192,64,Male,192,Hat,Accessories,429,$76.00,Utah,M,Gray,Fall,3.9,Yes,Free Shipping,Yes,Yes,29,Cash,Every 3 Months,2025-11-28
193,46,Male,193,Shoes,Footwear,430,$29.00,Nebraska,L,Turquoise,Summer,2.9,Yes,Express,Yes,Yes,12,PayPal,Bi-Weekly,2025-08-28
194,36,Male,194,Belt,Accessories,431,$100.00,North Dakota,S,Silver,Fall,3,Yes,Standard,Yes,Yes,29,Venmo,Annually,2025-09-23
195,51,Male,195,Backpack,Accessories,433,$94.00,Missouri,M,Olive,Spring,3.1,Yes,Express,Yes,Yes,15,Debit Card,Quarterly,2025-04-10
196,51,Male,196,Jacket,Outerwear,434,$25.00,New York,M,Magenta,Fall,4.3,Yes,Free Shipping,Yes,Yes,34,Credit Card,Monthly,2025-09-18
197,38,Male,197,Boots,Footwear,435,$88.00,Washington,M,Lavender,Summer,3.9,Yes,Next Day Air,Yes,Yes,41,Credit Card,Fortnightly,2025-07-05
198,59,Male,198,Scarf,Accessories,436,$78.00,South Carolina,M,Black,Fall,3.2,Yes,2-Day Shipping,Yes,Yes,41,Credit Card,Monthly,2025-09-18
199,57,Male,199,Jewelry,Accessories,437,$45.00,Utah,M,Turquoise,Winter,4.8,Yes,Standard,Yes,Yes,39,Credit Card,Fortnightly,2025-12-24
200,54,Male,200,Hat,Accessories,439,$73.00,Idaho,XL,Green,Summer,3.8,Yes,Express,Yes,Yes,32,Cash,Weekly,2025-06-27
201,25,Male,201,Dress,Clothing,440,$61.00,Pennsylvania,S,Teal,Summer,3.3,Yes,Next Day Air,Yes,Yes,29,Venmo,Monthly,2025-07-02
202,69,Male,202,Blouse,Clothing,441,$22.00,Missouri,S,Beige,Fall,4.3,Yes,Free Shipping,Yes,Yes,15,Bank Transfer,Annually,2025-11-21
203,57,Male,203,Hat,Accessories,442,$38.00,Nebraska,L,Magenta,Spring,2.7,Yes,Express,Yes,Yes,33,Venmo,Annually,2025-04-20
204,70,Male,204,Scarf,Accessories,443,$38.00,Indiana,S,Yellow,Fall,3.2,Yes,Next Day Air,Yes,Yes,18,Bank Transfer,Weekly,2025-11-08
205,24,Male,205,Sneakers,Footwear,445,$100.00,Arizona,M,Yellow,Fall,4,Yes,Store Pickup,Yes,Yes,35,Cash,Bi-Weekly,2025-11-20
206,67,Male,206,Shirt,Clothing,446,$64.00,Hawaii,M,Silver,Winter,3,Yes,Standard,Yes,Yes,25,PayPal,Weekly,2025-02-16
207,24,Male,207,T-shirt,Clothing,447,$55.00,Wisconsin,L,Silver,Summer,4.2,Yes,Free Shipping,Yes,Yes,6,Venmo,Fortnightly,2025-08-21
208,62,Male,208,Gloves,Accessories,448,$91.00,Rhode Island,M,Silver,Summer,2.9,Yes,Express,Yes,Yes,17,Bank Transfer,Bi-Weekly,2025-08-16
209,57,Male,209,Skirt,Clothing,449,$38.00,Wisconsin,M,Gold,Spring,4.1,Yes,Store Pickup,Yes,Yes,17,Credit Card,Monthly,2025-05-23
210,55,Male,210,Sandals,Footwear,451,$97.00,Minnesota,S,Olive,Winter,3.2,Yes,Store Pickup,Yes,Yes,44,Cash,Every 3 Months,2025-12-09
211,45,Male,211,Jacket,Outerwear,452,$22.00,Vermont,L,Teal,Fall,3,Yes,2-Day Shipping,Yes,Yes,6,PayPal,Fortnightly,2025-11-24
212,69,Male,212,Skirt,Clothing,453,$92.00,South Dakota,L,Maroon,Fall,4.2,Yes,2-Day Shipping,Yes,Yes,45,Debit Card,Fortnightly,2025-10-24
213,67,Male,213,Handbag,Accessories,454,$84.00,Virginia,L,Blue,Fall,4.2,Yes,Express,Yes,Yes,7,Debit Card,Annually,2025-09-23
214,30,Male,214,Handbag,Accessories,455,$93.00,Nevada,L,Peach,Fall,4.4,Yes,Store Pickup,Yes,Yes,11,Debit Card,Every 3 Months,2025-11-26
215,24,Male,215,Jacket,Outerwear,457,$50.00,Hawaii,L,Blue,Summer,4.2,Yes,Next Day Air,Yes,Yes,41,Cash,Every 3 Months,2025-08-03
216,62,Male,216,Scarf,Accessories,458,$64.00,New Jersey,S,Orange,Spring,2.8,Yes,2-Day Shipping,Yes,Yes,24,PayPal,Bi-Weekly,2025-04-03
217,43,Male,217,Shorts,Clothing,459,$61.00,Massachusetts,L,Yellow,Spring,3.7,Yes,Free Shipping,Yes,Yes,21,Venmo,Weekly,2025-05-26
218,35,Male,218,Sunglasses,Accessories,460,$48.00,Oklahoma,M,Purple,Winter,3.5,Yes,Next Day Air,Yes,Yes,24,Bank Transfer,Annually,2025-01-27
219,28,Male,219,T-shirt,Clothing,461,$45.00,California,S,Magenta,Spring,2.9,Yes,Store Pickup,Yes,Yes,8,Credit Card,Quarterly,2025-04-06
220,32,Male,220,Belt,Accessories,463,$88.00,Nevada,M,Cyan,Spring,3,Yes,Free Shipping,Yes,Yes,12,Cash,Fortnightly,2025-03-27
221,39,Male,221,Sneakers,Footwear,464,$57.00,Arizona,S,Indigo,Spring,3.7,Yes,Express,Yes,Yes,48,Debit Card,Fortnightly,2025-05-07
222,28,Male,222,Hat,Accessories,465,$68.00,North Carolina,XL,Magenta,Summer,4.4,Yes,Store Pickup,Yes,Yes,6,Bank Transfer,Quarterly,2025-07-18
223,47,Male,223,Gloves,Accessories,466,$94.00,New York,XL,Gray,Spring,4.5,Yes,2-Day Shipping,Yes,Yes,14,PayPal,Fortnightly,2025-03-04
224,20,Male,224,Pants,Clothing,467,$41.00,Wyoming,M,Turquoise,Spring,4.8,Yes,Free Shipping,Yes,Yes,34,PayPal,Annually,2025-05-16
225,63,Male,225,Socks,Clothing,469,$83.00,South Dakota,S,Beige,Summer,2.9,Yes,Free Shipping,Yes,Yes,12,Cash,Every 3 Months,2025-08-18
226,25,Male,226,Jacket,Outerwear,470,$22.00,Arkansas,M,Olive,Spring,3.2,Yes,Next Day Air,Yes,Yes,11,Bank Transfer,Annually,2025-04-08
227,29,Male,227,Shoes,Footwear,471,$74.00,Texas,L,Violet,Spring,3.3,Yes,Free Shipping,Yes,Yes,5,PayPal,Monthly,2025-03-07
228,50,Male,228,Jeans,Clothing,472,$90.00,Rhode Island,M,Turquoise,Winter,4.2,Yes,Standard,Yes,Yes,25,Venmo,Fortnightly,2025-01-26
229,18,Male,229,Socks,Clothing,473,$79.00,New Hampshire,M,White,Spring,2.9,Yes,Store Pickup,Yes,Yes,11,Credit Card,Annually,2025-03-02
230,70,Male,230,Sandals,Footwear,475,$28.00,Ohio,S,Silver,Spring,4.6,Yes,Next Day Air,Yes,Yes,27,PayPal,Every 3 Months,2025-03-01
231,66,Male,231,Scarf,Accessories,476,$88.00,Utah,L,Olive,Fall,4.1,Yes,Standard,Yes,Yes,43,Credit Card,Annually,2025-10-13
232,28,Male,232,Blouse,Clothing,477,$26.00,Tennessee,M,Blue,Spring,3.1,Yes,2-Day Shipping,Yes,Yes,18,Debit Card,Every 3 Months,2025-04-17
233,54,Male,233,Jewelry,Accessories,478,$27.00,Hawaii,L,Purple,Winter,4.2,Yes,Express,Yes,Yes,32,Bank Transfer,Bi-Weekly,2025-01-13
234,19,Male,234,Sweater,Clothing,479,$83.00,Arizona,XL,Yellow,Fall,4.5,Yes,Next Day Air,Yes,Yes,27,Bank Transfer,Every 3 Months,2025-09-10
235,20,Male,235,Gloves,Accessories,481,$39.00,South Dakota,S,Silver,Summer,3.7,Yes,Next Day Air,Yes,Yes,24,Credit Card,Weekly,2025-08-09
236,43,Male,236,Sunglasses,Accessories,482,$89.00,New Jersey,M,Cyan,Winter,3.7,Yes,Free Shipping,Yes,Yes,31,Debit Card,Quarterly,2025-01-01
237,38,Male,237,Coat,Outerwear,483,$68.00,North Dakota,L,Green,Winter,3.4,Yes,Next Day Air,Yes,Yes,39,PayPal,Fortnightly,2025-01-27
238,50,Male,238,Dress,Clothing,484,$90.00,Iowa,M,Beige,Summer,3,Yes,Store Pickup,Yes,Yes,36,Debit Card,Fortnightly,2025-07-14
239,64,Male,239,Skirt,Clothing,485,$34.00,Ohio,M,Peach,Fall,4.2,Yes,Free Shipping,Yes,Yes,5,Cash,Annually,2025-11-06
240,49,Male,240,Pants,Clothing,487,$51.00,Vermont,L,Yellow,Summer,2.9,Yes,Express,Yes,Yes,47,Credit Card,Bi-Weekly,2025-08-19
241,47,Male,241,Sweater,Clothing,488,$45.00,Montana,XL,Turquoise,Winter,3.5,Yes,Free Shipping,Yes,Yes,29,Bank Transfer,Fortnightly,2025-01-22
242,36,Male,242,Hoodie,Clothing,489,$88.00,Delaware,M,Peach,Winter,4.1,Yes,Free Shipping,Yes,Yes,43,Venmo,Bi-Weekly,2025-01-17
243,55,Male,243,Coat,Outerwear,490,$85.00,New York,L,Gray,Summer,4.3,Yes,Store Pickup,Yes,Yes,40,Debit Card,Every 3 Months,2025-06-27
244,25,Male,244,Jewelry,Accessories,491,$100.00,Kentucky,M,Olive,Winter,2.8,Yes,2-Day Shipping,Yes,Yes,4,Debit Card,Monthly,2025-01-05
245,53,Male,245,Belt,Accessories,493,$42.00,Oregon,S,Indigo,Spring,4.9,Yes,2-Day Shipping,Yes,Yes,39,PayPal,Weekly,2025-05-27
246,49,Male,246,Sandals,Footwear,494,$53.00,Rhode Island,L,Charcoal,Summer,3.3,Yes,Next Day Air,Yes,Yes,45,Venmo,Fortnightly,2025-07-12
247,35,Male,247,Sunglasses,Accessories,495,$86.00,Nevada,XL,Beige,Spring,3.2,Yes,Express,Yes,Yes,20,Venmo,Bi-Weekly,2025-03-27
248,29,Male,248,Sweater,Clothing,496,$66.00,Montana,XL,Brown,Spring,4.4,Yes,Standard,Yes,Yes,14,Debit Card,Weekly,2025-04-18
249,47,Male,249,Belt,Accessories,497,$100.00,Pennsylvania,M,Blue,Winter,4.8,Yes,Express,Yes,Yes,33,PayPal,Weekly,2025-02-11
250,53,Male,250,Handbag,Accessories,499,$47.00,Alaska,S,Teal,Fall,4.2,Yes,Standard,Yes,Yes,18,Credit Card,Annually,2025-09-04
251,33,Male,251,Skirt,Clothing,500,$25.00,Mississippi,L,Black,Fall,4,Yes,Express,Yes,Yes,9,Bank Transfer,Weekly,2025-11-10
252,21,Male,252,Handbag,Accessories,501,$51.00,Wyoming,XL,Gold,Winter,2.5,Yes,Standard,Yes,Yes,34,PayPal,Annually,2025-02-22
253,32,Male,253,Shorts,Clothing,502,$41.00,Delaware,M,Violet,Summer,3.9,Yes,Free Shipping,Yes,Yes,33,Venmo,Fortnightly,2025-06-14
254,52,Male,254,Boots,Footwear,503,$73.00,Oklahoma,L,Cyan,Winter,4.9,Yes,2-Day Shipping,Yes,Yes,15,Bank Transfer,Bi-Weekly,2025-01-25
255,67,Male,255,Sunglasses,Accessories,505,$42.00,Indiana,M,White,Winter,3.5,Yes,Store Pickup,Yes,Yes,4,PayPal,Bi-Weekly,2025-12-06
256,43,Male,256,Scarf,Accessories,506,$20.00,Maryland,M,Charcoal,Spring,4.2,Yes,Free Shipping,Yes,Yes,25,Debit Card,Annually,2025-03-11
257,58,Male,257,Jewelry,Accessories,507,$30.00,South Dakota,XL,Violet,Spring,4.7,Yes,Express,Yes,Yes,20,Credit Card,Every 3 Months,2025-03-04
258,20,Male,258,Handbag,Accessories,508,$53.00,West Virginia,M,Red,Summer,4.5,Yes,Express,Yes,Yes,5,Credit Card,Quarterly,2025-06-16
259,61,Male,259,Gloves,Accessories,509,$74.00,Alabama,S,Lavender,Spring,2.8,Yes,Express,Yes,Yes,16,Cash,Quarterly,2025-05-01
260,32,Male,260,Jeans,Clothing,511,$57.00,Louisiana,M,Gold,Fall,2.9,Yes,Standard,Yes,Yes,13,Debit Card,Annually,2025-10-23
261,38,Male,261,Hat,Accessories,512,$57.00,Montana,S,Red,Winter,3.2,Yes,2-Day Shipping,Yes,Yes,11,Credit Card,Every 3 Months,2025-02-25
262,21,Male,262,Jeans,Clothing,513,$77.00,California,L,Magenta,Winter,4.9,Yes,Standard,Yes,Yes,21,Credit Card,Annually,2025-02-22
263,37,Male,263,Pants,Clothing,514,$40.00,Hawaii,M,Teal,Summer,3.7,Yes,Next Day Air,Yes,Yes,6,Debit Card,Annually,2025-07-22
264,27,Male,264,Shorts,Clothing,515,$46.00,Iowa,M,Purple,Summer,4.3,Yes,Store Pickup,Yes,Yes,29,Venmo,Monthly,2025-08-04
265,36,Male,265,Pants,Clothing,517,$78.00,Colorado,S,Charcoal,Fall,3.9,Yes,Store Pickup,Yes,Yes,15,Cash,Annually,2025-09-26
266,32,Male,266,Backpack,Accessories,518,$59.00,Michigan,M,Gray,Spring,3.2,Yes,2-Day Shipping,Yes,Yes,17,Bank Transfer,Bi-Weekly,2025-05-02
267,51,Male,267,Jewelry,Accessories,519,$75.00,Louisiana,L,White,Summer,3.1,Yes,Express,Yes,Yes,32,Credit Card,Weekly,2025-07-06
268,64,Male,268,Sweater,Clothing,520,$54.00,Maryland,M,Olive,Spring,3.9,Yes,2-Day Shipping,Yes,Yes,42,Venmo,Annually,2025-04-14
269,68,Male,269,Shoes,Footwear,521,$42.00,Georgia,M,Charcoal,Spring,2.6,Yes,Store Pickup,Yes,Yes,21,Cash,Monthly,2025-05-22
270,68,Male,270,Blouse,Clothing,523,$44.00,Georgia,M,Charcoal,Winter,3.3,Yes,Next Day Air,Yes,Yes,9,Cash,Bi-Weekly,2025-02-11
271,33,Male,271,Jeans,Clothing,524,$52.00,North Dakota,XL,Orange,Fall,4.6,Yes,Free Shipping,Yes,Yes,16,Bank Transfer,Annually,2025-09-19
272,65,Male,272,Sunglasses,Accessories,525,$69.00,Maryland,XL,Yellow,Summer,4.6,Yes,Express,Yes,Yes,42,Credit Card,Fortnightly,2025-06-12
273,48,Male,273,Jewelry,Accessories,526,$26.00,Oregon,M,Beige,Summer,4.4,Yes,2-Day Shipping,Yes,Yes,37,Debit Card,Bi-Weekly,2025-08-17
274,69,Male,274,Coat,Outerwear,527,$33.00,North Dakota,S,Silver,Spring,4.2,Yes,Express,Yes,Yes,32,Debit Card,Quarterly,2025-04-01
275,59,Male,275,Jewelry,Accessories,529,$32.00,Maryland,M,Indigo,Spring,3,Yes,Express,Yes,Yes,28,Cash,Bi-Weekly,2025-05-16
276,48,Male,276,Backpack,Accessories,530,$85.00,Virginia,XL,Lavender,Winter,4,Yes,Express,Yes,Yes,13,Credit Card,Weekly,2025-12-11
277,25,Male,277,Skirt,Clothing,531,$30.00,South Dakota,XL,Turquoise,Fall,3.5,Yes,Express,Yes,Yes,11,Bank Transfer,Fortnightly,2025-09-15
278,29,Male,278,Shirt,Clothing,532,$29.00,Georgia,M,Green,Winter,3,Yes,Store Pickup,Yes,Yes,36,Bank Transfer,Bi-Weekly,2025-02-14
279,57,Male,279,Sweater,Clothing,533,$95.00,Hawaii,M,Orange,Spring,3.7,Yes,Express,Yes,Yes,23,Debit Card,Annually,2025-05-28
280,23,Male,280,Sneakers,Footwear,535,$69.00,Arkansas,L,Turquoise,Summer,4,Yes,Standard,Yes,Yes,37,Bank Transfer,Monthly,2025-07-03
281,45,Male,281,Sandals,Footwear,536,$69.00,Montana,S,Cyan,Fall,4.2,Yes,2-Day Shipping,Yes,Yes,21,Cash,Bi-Weekly,2025-10-01
282,38,Male,282,Belt,Accessories,537,$61.00,Oklahoma,XL,Charcoal,Spring,2.5,Yes,Standard,Yes,Yes,22,Debit Card,Bi-Weekly,2025-04-03
283,21,Male,283,Skirt,Clothing,538,$94.00,Minnesota,M,Teal,Summer,3,Yes,2-Day Shipping,Yes,Yes,9,Cash,Monthly,2025-06-03
284,32,Male,284,Sweater,Clothing,539,$30.00,Montana,S,Maroon,Fall,3.2,Yes,Next Day Air,Yes,Yes,16,Venmo,Annually,2025-09-07
285,63,Male,285,Skirt,Clothing,541,$45.00,Ohio,M,Red,Summer,3.5,Yes,Standard,Yes,Yes,4,PayPal,Quarterly,2025-08-14
286,29,Male,286,Handbag,Accessories,542,$39.00,Kentucky,XL,Yellow,Summer,4.8,Yes,Express,Yes,Yes,3,Debit Card,Bi-Weekly,2025-06-18
287,27,Male,287,Jewelry,Accessories,543,$51.00,Nebraska,L,Gray,Summer,2.6,Yes,Store Pickup,Yes,Yes,6,Debit Card,Annually,2025-06-04
288,56,Male,288,Scarf,Accessories,544,$37.00,Delaware,L,Blue,Spring,3.4,Yes,2-Day Shipping,Yes,Yes,18,Venmo,Fortnightly,2025-03-19
289,30,Male,289,T-shirt,Clothing,545,$62.00,North Carolina,M,Lavender,Winter,3.7,Yes,2-Day Shipping,Yes,Yes,34,Venmo,Bi-Weekly,2025-02-10
290,49,Male,290,Coat,Outerwear,547,$85.00,New York,M,Yellow,Fall,4.5,Yes,2-Day Shipping,Yes,Yes,26,Credit Card,Monthly,2025-09-07
291,58,Male,291,T-shirt,Clothing,548,$33.00,Colorado,M,Indigo,Winter,3.7,Yes,Standard,Yes,Yes,50,PayPal,Weekly,2025-01-11
292,57,Male,292,Dress,Clothing,549,$26.00,Delaware,XL,Violet,Fall,3.3,Yes,Next Day Air,Yes,Yes,40,Bank Transfer,Monthly,2025-10-14
293,60,Male,293,Shoes,Footwear,550,$99.00,Utah,M,Green,Spring,4.7,Yes,Free Shipping,Yes,Yes,24,Cash,Quarterly,2025-05-19
294,69,Male,294,Handbag,Accessories,551,$39.00,Connecticut,M,White,Spring,2.7,Yes,Express,Yes,Yes,33,PayPal,Annually,2025-04-01
295,70,Male,295,Skirt,Clothing,553,$20.00,New Jersey,M,Gold,Spring,4.6,Yes,Store Pickup,Yes,Yes,19,Credit Card,Every 3 Months,2025-05-23
296,53,Male,296,Sunglasses,Accessories,554,$42.00,West Virginia,M,Indigo,Winter,2.7,Yes,Store Pickup,Yes,Yes,24,Credit Card,Quarterly,2025-12-17
297,25,Male,297,Sandals,Footwear,555,$74.00,Indiana,S,Lavender,Spring,4.8,Yes,2-Day Shipping,Yes,Yes,19,Credit Card,Weekly,2025-04-12
298,48,Male,298,Shoes,Footwear,556,$26.00,Delaware,XL,Purple,Summer,4.4,Yes,Standard,Yes,Yes,4,Credit Card,Bi-Weekly,2025-07-14
299,69,Male,299,T-shirt,Clothing,557,$53.00,Maryland,M,Lavender,Winter,4,Yes,Standard,Yes,Yes,11,Venmo,Every 3 Months,2025-02-14
300,25,Male,300,Sneakers,Footwear,559,$80.00,Pennsylvania,M,Maroon,Summer,3.2,Yes,Next Day Air,Yes,Yes,28,PayPal,Fortnightly,2025-08-15
301,29,Male,301,Hat,Accessories,560,$98.00,Iowa,M,Teal,Spring,4.4,Yes,Store Pickup,Yes,Yes,24,PayPal,Weekly,2025-04-07
302,46,Male,302,Skirt,Clothing,561,$95.00,Pennsylvania,M,Green,Spring,3.8,Yes,Standard,Yes,Yes,25,Credit Card,Every 3 Months,2025-04-07
303,37,Male,303,Sweater,Clothing,562,$44.00,Delaware,L,Olive,Summer,3.6,Yes,Express,Yes,Yes,27,Bank Transfer,Every 3 Months,2025-08-02
304,20,Male,304,Sandals,Footwear,563,$60.00,Oregon,M,Turquoise,Summer,3.3,Yes,Next Day Air,Yes,Yes,49,Venmo,Weekly,2025-06-17
305,40,Male,305,Dress,Clothing,565,$84.00,Oregon,M,Green,Winter,3.4,Yes,Next Day Air,Yes,Yes,45,Credit Card,Bi-Weekly,2025-12-21
306,60,Male,306,Sweater,Clothing,566,$59.00,Utah,M,Teal,Fall,3.5,Yes,2-Day Shipping,Yes,Yes,26,PayPal,Annually,2025-11-26
307,26,Male,307,Jacket,Outerwear,567,$49.00,North Dakota,S,White,Summer,3.6,Yes,Express,Yes,Yes,4,Cash,Annually,2025-08-07
308,29,Male,308,Gloves,Accessories,568,$32.00,Florida,M,Orange,Winter,3.2,Yes,Free Shipping,Yes,Yes,3,Credit Card,Every 3 Months,2025-12-23
309,66,Male,309,Handbag,Accessories,569,$29.00,Maryland,M,Beige,Fall,3.7,Yes,Standard,Yes,Yes,45,Venmo,Bi-Weekly,2025-09-09
310,66,Male,310,Dress,Clothing,571,$22.00,Minnesota,M,Yellow,Spring,4.5,Yes,Standard,Yes,Yes,21,Cash,Fortnightly,2025-04-13
311,56,Male,311,Pants,Clothing,572,$85.00,Montana,M,Charcoal,Winter,4.6,Yes,Standard,Yes,Yes,50,Cash,Fortnightly,2025-01-28
312,69,Male,312,Jeans,Clothing,573,$52.00,Rhode Island,L,Silver,Winter,4.1,Yes,Store Pickup,Yes,Yes,19,Bank Transfer,Monthly,2025-02-08
313,38,Male,313,Pants,Clothing,574,$89.00,Massachusetts,L,Green,Spring,3.4,Yes,Next Day Air,Yes,Yes,6,PayPal,Annually,2025-04-07
314,42,Male,314,Dress,Clothing,575,$77.00,Vermont,M,Pink,Spring,3.7,Yes,Express,Yes,Yes,50,Credit Card,Every 3 Months,2025-04-27
315,30,Male,315,Pants,Clothing,577,$24.00,New Jersey,M,Purple,Summer,3.3,Yes,Store Pickup,Yes,Yes,17,Debit Card,Every 3 Months,2025-07-19
316,66,Male,316,Jewelry,Accessories,578,$24.00,Wisconsin,XL,Orange,Spring,4.5,Yes,Express,Yes,Yes,24,Debit Card,Annually,2025-04-12
317,36,Male,317,Handbag,Accessories,579,$22.00,California,M,Charcoal,Fall,3.3,Yes,Free Shipping,Yes,Yes,46,Venmo,Monthly,2025-09-08
318,58,Male,318,Sweater,Clothing,580,$82.00,West Virginia,L,Teal,Fall,4.3,Yes,Standard,Yes,Yes,42,Cash,Every 3 Months,2025-11-09
319,45,Male,319,Backpack,Accessories,581,$67.00,South Dakota,M,Beige,Winter,2.5,Yes,Standard,Yes,Yes,10,Cash,Annually,2025-01-20
320,47,Male,320,Shorts,Clothing,583,$74.00,Maine,XL,White,Spring,2.6,Yes,Standard,Yes,Yes,1,Cash,Every 3 Months,2025-03-03
321,66,Male,321,Jewelry,Accessories,584,$72.00,Kansas,L,White,Summer,4.9,Yes,Standard,Yes,Yes,28,Debit Card,Quarterly,2025-06-04
322,41,Male,322,Sneakers,Footwear,585,$36.00,Vermont,L,Orange,Summer,4.7,Yes,Free Shipping,Yes,Yes,48,Debit Card,Quarterly,2025-07-17
323,41,Male,323,Belt,Accessories,586,$95.00,Tennessee,S,Cyan,Winter,3,Yes,Standard,Yes,Yes,47,Credit Card,Monthly,2025-02-05
324,66,Male,324,Hoodie,Clothing,587,$78.00,Tennessee,M,Orange,Winter,3.5,Yes,Next Day Air,Yes,Yes,29,PayPal,Bi-Weekly,2025-02-22
325,37,Male,325,Shirt,Clothing,589,$82.00,Wyoming,M,Olive,Summer,4.8,Yes,Standard,Yes,Yes,37,Venmo,Quarterly,2025-07-23
326,70,Male,326,Pants,Clothing,590,$70.00,Vermont,M,Charcoal,Winter,4.3,Yes,Free Shipping,Yes,Yes,38,Debit Card,Annually,2025-12-06
327,62,Male,327,Scarf,Accessories,591,$41.00,New Jersey,M,White,Fall,3.2,Yes,Store Pickup,Yes,Yes,48,Bank Transfer,Weekly,2025-09-03
328,61,Male,328,Coat,Outerwear,592,$42.00,Iowa,M,Teal,Summer,3.1,Yes,Free Shipping,Yes,Yes,36,PayPal,Weekly,2025-08-06
329,48,Male,329,Coat,Outerwear,593,$50.00,Florida,M,Yellow,Fall,2.8,Yes,Free Shipping,Yes,Yes,9,Credit Card,Weekly,2025-10-25
330,70,Male,330,Socks,Clothing,595,$31.00,Nevada,S,White,Summer,2.9,Yes,2-Day Shipping,Yes,Yes,34,Bank Transfer,Monthly,2025-08-12
331,46,Male,331,Sweater,Clothing,596,$51.00,North Dakota,M,Beige,Winter,3.7,Yes,Express,Yes,Yes,43,Venmo,Bi-Weekly,2025-01-10
332,31,Male,332,Shirt,Clothing,597,$98.00,Florida,L,Beige,Fall,3.3,Yes,Store Pickup,Yes,Yes,46,PayPal,Quarterly,2025-11-26
333,19,Male,333,Shirt,Clothing,598,$86.00,New York,M,Maroon,Winter,2.8,Yes,2-Day Shipping,Yes,Yes,5,Credit Card,Monthly,2025-02-22
334,39,Male,334,Sweater,Clothing,599,$64.00,Alaska,M,Teal,Winter,4.5,Yes,Standard,Yes,Yes,15,Bank Transfer,Bi-Weekly,2025-01-20
335,41,Male,335,Blouse,Clothing,601,$46.00,Kansas,M,Lavender,Fall,2.6,Yes,Next Day Air,Yes,Yes,30,Credit Card,Annually,2025-09-14
336,20,Male,336,Sweater,Clothing,602,$85.00,Oregon,L,Maroon,Spring,3.7,Yes,Standard,Yes,Yes,44,Venmo,Every 3 Months,2025-03-23
337,36,Male,337,Hat,Accessories,603,$81.00,Rhode Island,S,Orange,Fall,4.4,Yes,Express,Yes,Yes,16,PayPal,Annually,2025-11-21
338,32,Male,338,Sweater,Clothing,604,$59.00,New Mexico,M,Cyan,Winter,4.3,Yes,2-Day Shipping,Yes,Yes,16,Bank Transfer,Annually,2025-01-27
339,69,Male,339,Hoodie,Clothing,605,$79.00,Massachusetts,M,Silver,Winter,3.5,Yes,Express,Yes,Yes,16,Cash,Weekly,2025-02-09
340,40,Male,340,Shorts,Clothing,607,$33.00,Pennsylvania,M,Teal,Spring,3.8,Yes,2-Day Shipping,Yes,Yes,21,Credit Card,Every 3 Months,2025-05-05
341,40,Male,341,Shorts,Clothing,608,$47.00,New Jersey,L,Blue,Summer,3.5,Yes,Express,Yes,Yes,39,Venmo,Every 3 Months,2025-06-26
342,20,Male,342,Hat,Accessories,609,$20.00,Utah,S,Blue,Summer,4.6,Yes,Store Pickup,Yes,Yes,40,Debit Card,Bi-Weekly,2025-06-27
343,64,Male,343,Coat,Outerwear,610,$36.00,Kentucky,M,Olive,Spring,2.6,Yes,Next Day Air,Yes,Yes,48,Credit Card,Every 3 Months,2025-03-20
344,27,Male,344,Sandals,Footwear,611,$39.00,Nebraska,M,Purple,Summer,4.4,Yes,Next Day Air,Yes,Yes,26,Venmo,Monthly,2025-08-12
345,24,Male,345,Skirt,Clothing,613,$71.00,Virginia,M,Charcoal,Winter,4,Yes,Standard,Yes,Yes,46,Debit Card,Monthly,2025-02-24
346,48,Male,346,Shoes,Footwear,614,$59.00,Wyoming,S,Olive,Winter,4.4,Yes,Next Day Air,Yes,Yes,27,Bank Transfer,Annually,2025-01-08
347,49,Male,347,Jeans,Clothing,615,$50.00,New Mexico,L,Violet,Spring,4.7,Yes,Next Day Air,Yes,Yes,5,Cash,Weekly,2025-03-27
348,36,Male,348,Sandals,Footwear,616,$41.00,Oregon,L,Red,Fall,3.9,Yes,Store Pickup,Yes,Yes,43,PayPal,Fortnightly,2025-10-03
349,56,Male,349,Blouse,Clothing,617,$59.00,South Carolina,M,Beige,Fall,2.7,Yes,Free Shipping,Yes,Yes,17,PayPal,Fortnightly,2025-11-16
350,37,Male,350,Hat,Accessories,619,$87.00,Arizona,M,Green,Winter,3.7,Yes,2-Day Shipping,Yes,Yes,3,Bank Transfer,Bi-Weekly,2025-12-05
351,42,Male,351,Sweater,Clothing,620,$68.00,Kentucky,M,Violet,Spring,2.6,Yes,2-Day Shipping,Yes,Yes,47,Bank Transfer,Fortnightly,2025-05-18
352,28,Male,352,Skirt,Clothing,621,$90.00,New York,M,Teal,Winter,3.9,Yes,Standard,Yes,Yes,24,Debit Card,Bi-Weekly,2025-01-05
353,27,Male,353,Jeans,Clothing,622,$71.00,Texas,XL,Yellow,Fall,4.9,Yes,Next Day Air,Yes,Yes,12,Cash,Every 3 Months,2025-11-08
354,63,Male,354,Sneakers,Footwear,623,$64.00,Missouri,L,Yellow,Fall,4.1,Yes,Store Pickup,Yes,Yes,35,Debit Card,Monthly,2025-09-19
355,58,Male,355,Jewelry,Accessories,625,$76.00,Pennsylvania,S,Olive,Fall,3,Yes,Free Shipping,Yes,Yes,42,Venmo,Weekly,2025-09-06
356,37,Male,356,Jewelry,Accessories,626,$42.00,Oregon,XL,Magenta,Fall,4.1,Yes,2-Day Shipping,Yes,Yes,1,PayPal,Every 3 Months,2025-09-12
357,56,Male,357,Pants,Clothing,627,$80.00,Nevada,L,Black,Spring,3.8,Yes,Standard,Yes,Yes,27,Cash,Weekly,2025-04-20
358,18,Male,358,Belt,Accessories,628,$56.00,Arkansas,M,Olive,Spring,4,Yes,Standard,Yes,Yes,16,Credit Card,Bi-Weekly,2025-03-24
359,48,Male,359,Hat,Accessories,629,$25.00,Minnesota,XL,Magenta,Summer,3.6,Yes,Express,Yes,Yes,36,Credit Card,Every 3 Months,2025-07-17
360,31,Male,360,Sneakers,Footwear,631,$74.00,Georgia,M,Olive,Winter,3,Yes,Store Pickup,Yes,Yes,30,Credit Card,Every 3 Months,2025-12-09
361,51,Male,361,Pants,Clothing,632,$30.00,Rhode Island,M,Teal,Summer,3,Yes,Standard,Yes,Yes,18,Debit Card,Fortnightly,2025-07-08
362,65,Male,362,T-shirt,Clothing,633,$96.00,Nevada,M,White,Spring,2.6,Yes,Free Shipping,Yes,Yes,45,Cash,Annually,2025-05-05
363,53,Male,363,Sneakers,Footwear,634,$64.00,Texas,M,Charcoal,Fall,3.4,Yes,Free Shipping,Yes,Yes,1,Venmo,Fortnightly,2025-11-02
364,55,Male,364,Shorts,Clothing,635,$88.00,Florida,L,Yellow,Winter,3.1,Yes,Free Shipping,Yes,Yes,42,Bank Transfer,Fortnightly,2025-12-11
365,62,Male,365,Shoes,Footwear,637,$88.00,North Dakota,L,Charcoal,Summer,3,Yes,Free Shipping,Yes,Yes,7,Venmo,Every 3 Months,2025-08-24
366,55,Male,366,Gloves,Accessories,638,$88.00,West Virginia,XL,Gray,Summer,3.7,Yes,Standard,Yes,Yes,50,PayPal,Quarterly,2025-08-04
367,64,Male,367,Socks,Clothing,639,$36.00,Nebraska,M,Turquoise,Spring,3.5,Yes,Store Pickup,Yes,Yes,37,Venmo,Fortnightly,2025-05-07
368,52,Male,368,Dress,Clothing,640,$40.00,Tennessee,XL,Cyan,Spring,2.8,Yes,Store Pickup,Yes,Yes,18,Bank Transfer,Monthly,2025-03-12
369,24,Male,369,Handbag,Accessories,641,$39.00,Oklahoma,M,Charcoal,Spring,4.5,Yes,Standard,Yes,Yes,29,Cash,Monthly,2025-03-21
370,38,Male,370,Belt,Accessories,643,$40.00,Wisconsin,M,Silver,Summer,3.3,Yes,Store Pickup,Yes,Yes,45,PayPal,Quarterly,2025-06-08
371,59,Male,371,Scarf,Accessories,644,$34.00,Oregon,M,Olive,Winter,3.4,Yes,Express,Yes,Yes,13,PayPal,Weekly,2025-01-12
372,27,Male,372,Sneakers,Footwear,645,$83.00,North Carolina,S,Pink,Winter,3.2,Yes,2-Day Shipping,Yes,Yes,47,PayPal,Monthly,2025-02-07
373,24,Male,373,Sweater,Clothing,646,$85.00,Pennsylvania,L,Orange,Summer,3.7,Yes,Standard,Yes,Yes,7,Debit Card,Weekly,2025-06-09
374,23,Male,374,Coat,Outerwear,647,$27.00,North Dakota,L,White,Summer,4.6,Yes,Express,Yes,Yes,11,Venmo,Bi-Weekly,2025-07-20
375,69,Male,375,Jewelry,Accessories,649,$78.00,Ohio,S,Purple,Spring,5,Yes,Store Pickup,Yes,Yes,39,Bank Transfer,Monthly,2025-04-01
376,59,Male,376,Sunglasses,Accessories,650,$32.00,Oklahoma,M,Olive,Summer,4.4,Yes,Standard,Yes,Yes,6,Debit Card,Quarterly,2025-08-02
377,51,Male,377,Shoes,Footwear,651,$51.00,South Carolina,S,Gray,Fall,4.9,Yes,Express,Yes,Yes,2,Venmo,Bi-Weekly,2025-09-09
378,63,Male,378,Scarf,Accessories,652,$32.00,Maine,M,Silver,Spring,4.1,Yes,Standard,Yes,Yes,39,Credit Card,Every 3 Months,2025-03-04
379,54,Male,379,Dress,Clothing,653,$62.00,Nevada,L,Orange,Winter,4.9,Yes,Next Day Air,Yes,Yes,23,Credit Card,Monthly,2025-01-27
380,32,Male,380,T-shirt,Clothing,655,$29.00,Montana,S,Magenta,Fall,4.7,Yes,2-Day Shipping,Yes,Yes,46,Debit Card,Bi-Weekly,2025-11-06
381,39,Male,381,Backpack,Accessories,656,$69.00,New Hampshire,XL,Beige,Fall,3,Yes,Store Pickup,Yes,Yes,19,Bank Transfer,Weekly,2025-09-24
382,66,Male,382,Jewelry,Accessories,657,$25.00,Maine,L,Lavender,Winter,3.4,Yes,Store Pickup,Yes,Yes,3,Credit Card,Every 3 Months,2025-02-07
383,28,Male,383,Jeans,Clothing,658,$76.00,California,M,Peach,Winter,3.2,Yes,Store Pickup,Yes,Yes,47,PayPal,Quarterly,2025-02-10
384,50,Male,384,Sunglasses,Accessories,659,$77.00,West Virginia,S,Magenta,Fall,2.9,Yes,Standard,Yes,Yes,6,PayPal,Quarterly,2025-11-02
385,70,Male,385,Sweater,Clothing,661,$33.00,California,M,Beige,Fall,4.5,Yes,2-Day Shipping,Yes,Yes,6,Venmo,Annually,2025-10-24
386,67,Male,386,Shorts,Clothing,662,$93.00,West Virginia,S,Yellow,Fall,2.7,Yes,Next Day Air,Yes,Yes,12,Credit Card,Bi-Weekly,2025-10-08
387,64,Male,387,Jewelry,Accessories,663,$39.00,Louisiana,L,Brown,Spring,3.4,Yes,Express,Yes,Yes,40,PayPal,Quarterly,2025-03-15
388,45,Male,388,Coat,Outerwear,664,$93.00,Georgia,L,Silver,Summer,4.6,Yes,Store Pickup,Yes,Yes,38,PayPal,Fortnightly,2025-08-19
389,22,Male,389,Handbag,Accessories,665,$82.00,Washington,M,Orange,Summer,2.7,Yes,Store Pickup,Yes,Yes,10,PayPal,Quarterly,2025-08-20
390,27,Male,390,Boots,Footwear,667,$42.00,Virginia,L,Purple,Spring,4.2,Yes,Standard,Yes,Yes,28,Bank Transfer,Monthly,2025-04-21
391,25,Male,391,Gloves,Accessories,668,$71.00,Indiana,M,Indigo,Winter,3.2,Yes,2-Day Shipping,Yes,Yes,19,PayPal,Annually,2025-02-10
392,37,Male,392,Sweater,Clothing,669,$86.00,Minnesota,L,Gray,Spring,4.8,Yes,Standard,Yes,Yes,25,Cash,Fortnightly,2025-03-10
393,26,Male,393,T-shirt,Clothing,670,$82.00,Idaho,XL,Black,Spring,3.3,Yes,Next Day Air,Yes,Yes,38,Credit Card,Annually,2025-03-27
394,33,Male,394,Shoes,Footwear,671,$65.00,Vermont,L,Maroon,Fall,4.2,Yes,Standard,Yes,Yes,6,PayPal,Fortnightly,2025-10-01
395,43,Male,395,Scarf,Accessories,673,$29.00,North Dakota,M,Beige,Spring,4.8,Yes,Store Pickup,Yes,Yes,7,Debit Card,Bi-Weekly,2025-03-28
396,37,Male,396,Sneakers,Footwear,674,$65.00,Rhode Island,L,Brown,Winter,4.9,Yes,Store Pickup,Yes,Yes,2,PayPal,Annually,2025-01-21
397,46,Male,397,Dress,Clothing,675,$88.00,South Carolina,S,Black,Fall,3.9,Yes,Standard,Yes,Yes,24,Bank Transfer,Annually,2025-09-09
398,22,Male,398,Belt,Accessories,676,$46.00,Mississippi,M,Indigo,Fall,3,Yes,Free Shipping,Yes,Yes,26,Cash,Annually,2025-09-26
399,20,Male,399,Boots,Footwear,677,$67.00,Montana,S,Silver,Winter,4.6,Yes,Free Shipping,Yes,Yes,25,Debit Card,Every 3 Months,2025-02-07
400,60,Male,400,Scarf,Accessories,679,$35.00,Idaho,L,Blue,Fall,3.5,Yes,2-Day Shipping,Yes,Yes,10,Debit Card,Monthly,2025-10-20
401,39,Male,401,Boots,Footwear,680,$66.00,Utah,M,Green,Winter,4.8,Yes,Free Shipping,Yes,Yes,14,PayPal,Fortnightly,2025-02-22
402,43,Male,402,T-shirt,Clothing,681,$91.00,Oklahoma,L,Orange,Fall,4.8,Yes,Standard,Yes,Yes,21,Cash,Quarterly,2025-11-03
403,31,Male,403,Backpack,Accessories,682,$78.00,California,L,Cyan,Fall,3,Yes,Express,Yes,Yes,26,PayPal,Monthly,2025-10-03
404,19,Male,404,Sneakers,Footwear,683,$45.00,Nevada,M,Orange,Winter,4.5,Yes,Next Day Air,Yes,Yes,12,Bank Transfer,Annually,2025-01-15
405,35,Male,405,T-shirt,Clothing,685,$93.00,Delaware,M,Indigo,Spring,4.8,Yes,Store Pickup,Yes,Yes,11,Credit Card,Monthly,2025-04-11
406,41,Male,406,Jeans,Clothing,686,$74.00,South Carolina,S,Silver,Summer,3.8,Yes,Standard,Yes,Yes,15,Cash,Annually,2025-08-02
407,52,Male,407,Gloves,Accessories,687,$55.00,Maryland,M,Peach,Spring,4.6,Yes,Express,Yes,Yes,13,Cash,Monthly,2025-03-13
408,45,Male,408,Hoodie,Clothing,688,$76.00,North Carolina,XL,Teal,Spring,3.1,Yes,Next Day Air,Yes,Yes,5,Credit Card,Bi-Weekly,2025-05-24
409,34,Male,409,Sneakers,Footwear,689,$66.00,Alabama,L,White,Spring,3.4,Yes,Express,Yes,Yes,36,Cash,Fortnightly,2025-05-12
410,35,Male,410,Shorts,Clothing,691,$51.00,Minnesota,M,Brown,Winter,3.3,Yes,2-Day Shipping,Yes,Yes,32,Bank Transfer,Monthly,2025-01-19
411,29,Male,411,Sweater,Clothing,692,$26.00,Virginia,L,Lavender,Spring,4.8,Yes,2-Day Shipping,Yes,Yes,1,Credit Card,Quarterly,2025-04-18
412,59,Male,412,Jeans,Clothing,693,$29.00,Michigan,M,Indigo,Summer,2.8,Yes,Express,Yes,Yes,15,PayPal,Annually,2025-07-08
413,24,Male,413,Jacket,Outerwear,694,$74.00,Maine,M,Yellow,Summer,3.1,Yes,Store Pickup,Yes,Yes,3,Bank Transfer,Weekly,2025-08-19
414,70,Male,414,Jewelry,Accessories,695,$99.00,Nevada,S,White,Summer,4.6,Yes,Free Shipping,Yes,Yes,48,Cash,Monthly,2025-08-16
415,29,Male,415,Backpack,Accessories,697,$88.00,Wyoming,L,Violet,Winter,2.6,Yes,Store Pickup,Yes,Yes,30,Debit Card,Weekly,2025-12-17
416,67,Male,416,Coat,Outerwear,698,$31.00,Connecticut,M,Lavender,Winter,2.6,Yes,Express,Yes,Yes,40,Bank Transfer,Monthly,2025-02-05
417,36,Male,417,Belt,Accessories,699,$55.00,Oregon,L,Olive,Spring,3.8,Yes,Free Shipping,Yes,Yes,24,Bank Transfer,Fortnightly,2025-03-17
418,23,Male,418,Sandals,Footwear,700,$81.00,Mississippi,L,Beige,Fall,4.5,Yes,Free Shipping,Yes,Yes,48,Debit Card,Quarterly,2025-11-18
419,18,Male,419,Sweater,Clothing,701,$73.00,Illinois,L,Purple,Spring,3,Yes,Standard,Yes,Yes,27,Venmo,Bi-Weekly,2025-04-07
420,53,Male,420,Shorts,Clothing,703,$91.00,Utah,S,Teal,Winter,3.5,Yes,Free Shipping,Yes,Yes,14,Credit Card,Every 3 Months,2025-02-23
421,32,Male,421,Socks,Clothing,704,$54.00,North Carolina,S,Peach,Spring,3.8,Yes,Free Shipping,Yes,Yes,18,Debit Card,Bi-Weekly,2025-05-02
422,38,Male,422,Shirt,Clothing,705,$40.00,Kentucky,M,Violet,Winter,3.5,Yes,Standard,Yes,Yes,48,Cash,Bi-Weekly,2025-12-07
423,47,Male,423,Pants,Clothing,706,$59.00,Minnesota,M,Purple,Fall,3.1,Yes,Store Pickup,Yes,Yes,32,Debit Card,Annually,2025-09-21
424,46,Male,424,Scarf,Accessories,707,$26.00,New York,L,Teal,Spring,3,Yes,Store Pickup,Yes,Yes,21,Credit Card,Bi-Weekly,2025-05-27
425,66,Male,425,Sweater,Clothing,709,$23.00,Illinois,M,Gold,Winter,4.3,Yes,Standard,Yes,Yes,42,PayPal,Fortnightly,2025-12-12
426,40,Male,426,Jeans,Clothing,710,$87.00,North Dakota,S,Teal,Winter,3.3,Yes,Store Pickup,Yes,Yes,4,Credit Card,Quarterly,2025-02-23
427,43,Male,427,Pants,Clothing,711,$71.00,Louisiana,M,Violet,Winter,4.7,Yes,Express,Yes,Yes,19,Credit Card,Quarterly,2025-12-08
428,58,Male,428,Backpack,Accessories,712,$91.00,Illinois,L,Black,Winter,4.5,Yes,Store Pickup,Yes,Yes,6,Credit Card,Quarterly,2025-02-25
429,21,Male,429,Coat,Outerwear,713,$64.00,Wyoming,XL,Gold,Winter,2.9,Yes,Free Shipping,Yes,Yes,2,Debit Card,Fortnightly,2025-12-21
430,42,Male,430,Sandals,Footwear,715,$94.00,Washington,M,Gold,Winter,4.1,Yes,2-Day Shipping,Yes,Yes,21,Cash,Fortnightly,2025-12-18
431,24,Male,431,Shirt,Clothing,716,$40.00,Texas,M,Brown,Summer,3.5,Yes,Store Pickup,Yes,Yes,40,Debit Card,Annually,2025-08-03
432,43,Male,432,Hat,Accessories,717,$76.00,New Hampshire,L,Cyan,Winter,3.4,Yes,Store Pickup,Yes,Yes,33,Cash,Fortnightly,2025-12-18
433,47,Male,433,Shirt,Clothing,718,$86.00,Indiana,S,Indigo,Fall,3.3,Yes,Free Shipping,Yes,Yes,26,Venmo,Weekly,2025-10-15
434,49,Male,434,Skirt,Clothing,719,$92.00,Alabama,M,Orange,Fall,3.2,Yes,Store Pickup,Yes,Yes,23,Credit Card,Fortnightly,2025-09-11
435,50,Male,435,Shoes,Footwear,721,$52.00,Oklahoma,L,Pink,Spring,4,Yes,Store Pickup,Yes,Yes,39,PayPal,Every 3 Months,2025-05-21
436,51,Male,436,Coat,Outerwear,722,$28.00,Montana,XL,Olive,Winter,3.6,Yes,Next Day Air,Yes,Yes,42,Bank Transfer,Monthly,2025-02-02
437,40,Male,437,Pants,Clothing,723,$46.00,Tennessee,L,Cyan,Summer,4.6,Yes,Free Shipping,Yes,Yes,41,Bank Transfer,Weekly,2025-06-15
438,45,Male,438,Jewelry,Accessories,724,$50.00,New Mexico,M,Peach,Summer,2.6,Yes,Next Day Air,Yes,Yes,41,PayPal,Annually,2025-08-26
439,52,Male,439,Belt,Accessories,725,$23.00,Iowa,M,Turquoise,Winter,4.3,Yes,Express,Yes,Yes,12,Credit Card,Fortnightly,2025-12-12
440,62,Male,440,Jacket,Outerwear,727,$50.00,Idaho,M,Turquoise,Summer,3.4,Yes,Free Shipping,Yes,Yes,31,Cash,Monthly,2025-08-28
441,20,Male,441,Shirt,Clothing,728,$89.00,Oklahoma,XL,Maroon,Winter,3.5,Yes,Store Pickup,Yes,Yes,34,Debit Card,Fortnightly,2025-12-24
442,43,Male,442,Hoodie,Clothing,729,$81.00,Florida,M,Maroon,Winter,4.2,Yes,Standard,Yes,Yes,32,Credit Card,Annually,2025-01-17
443,29,Male,443,Sunglasses,Accessories,730,$69.00,Michigan,M,Olive,Fall,3.5,Yes,Store Pickup,Yes,Yes,31,Credit Card,Quarterly,2025-11-18
444,22,Male,444,Sunglasses,Accessories,731,$67.00,Hawaii,M,Magenta,Summer,3.6,Yes,Free Shipping,Yes,Yes,24,PayPal,Annually,2025-07-26
445,48,Male,445,Dress,Clothing,733,$20.00,California,M,Red,Summer,4.3,Yes,Store Pickup,Yes,Yes,31,Debit Card,Annually,2025-08-08
446,42,Male,446,Boots,Footwear,734,$29.00,Iowa,M,Olive,Fall,4.9,Yes,Standard,Yes,Yes,18,Venmo,Annually,2025-10-13
447,19,Male,447,Shirt,Clothing,735,$74.00,West Virginia,M,Silver,Summer,4.1,Yes,Store Pickup,Yes,Yes,15,Venmo,Monthly,2025-07-08
448,60,Male,448,Shorts,Clothing,736,$82.00,Washington,S,Turquoise,Spring,3.6,Yes,Standard,Yes,Yes,7,Bank Transfer,Every 3 Months,2025-05-01
449,32,Male,449,Gloves,Accessories,737,$23.00,Missouri,M,Yellow,Summer,3.4,Yes,Next Day Air,Yes,Yes,35,Bank Transfer,Fortnightly,2025-08-13
450,26,Male,450,Jewelry,Accessories,739,$45.00,New York,L,Peach,Summer,2.9,Yes,2-Day Shipping,Yes,Yes,35,Bank Transfer,Monthly,2025-07-06
451,25,Male,451,Boots,Footwear,740,$21.00,Connecticut,L,Beige,Summer,2.7,Yes,Store Pickup,Yes,Yes,19,Credit Card,Monthly,2025-07-24
452,66,Male,452,Jewelry,Accessories,741,$31.00,Virginia,M,Pink,Summer,4.3,Yes,Express,Yes,Yes,26,Credit Card,Fortnightly,2025-08-01
453,45,Male,453,Pants,Clothing,742,$45.00,Missouri,M,Violet,Summer,3.3,Yes,Express,Yes,Yes,39,PayPal,Fortnightly,2025-08-06
454,54,Male,454,Jewelry,Accessories,743,$56.00,Nebraska,XL,Peach,Winter,2.8,Yes,Next Day Air,Yes,Yes,22,Credit Card,Weekly,2025-02-11
455,37,Male,455,Jacket,Outerwear,745,$97.00,New Jersey,S,Gold,Summer,3.2,Yes,Next Day Air,Yes,Yes,14,Cash,Bi-Weekly,2025-08-24
456,54,Male,456,Blouse,Clothing,746,$100.00,Utah,XL,Gold,Fall,3.6,Yes,Store Pickup,Yes,Yes,50,Debit Card,Fortnightly,2025-11-28
457,50,Male,457,Blouse,Clothing,747,$96.00,North Carolina,S,Indigo,Fall,4,Yes,2-Day Shipping,Yes,Yes,33,Credit Card,Quarterly,2025-10-09
458,25,Male,458,Gloves,Accessories,748,$99.00,Rhode Island,M,Blue,Spring,4.9,Yes,Next Day Air,Yes,Yes,48,Debit Card,Every 3 Months,2025-05-27
459,47,Male,459,Shorts,Clothing,749,$91.00,Arkansas,L,Black,Winter,4,Yes,2-Day Shipping,Yes,Yes,48,PayPal,Monthly,2025-02-03
460,63,Male,460,Hat,Accessories,751,$30.00,Maryland,L,Black,Winter,3.8,Yes,Standard,Yes,Yes,27,PayPal,Fortnightly,2025-02-25
461,64,Male,461,Shoes,Footwear,752,$65.00,South Carolina,L,Teal,Summer,3.7,Yes,Store Pickup,Yes,Yes,27,Bank Transfer,Weekly,2025-06-04
462,18,Male,462,Boots,Footwear,753,$93.00,Ohio,M,Yellow,Winter,3.9,Yes,Express,Yes,Yes,20,Venmo,Weekly,2025-02-20
463,59,Male,463,Jacket,Outerwear,754,$81.00,Illinois,M,White,Fall,3.3,Yes,Express,Yes,Yes,48,Venmo,Every 3 Months,2025-11-21
464,37,Male,464,Jewelry,Accessories,755,$81.00,Georgia,S,Orange,Summer,2.7,Yes,Standard,Yes,Yes,29,Venmo,Weekly,2025-07-08
465,23,Male,465,Sunglasses,Accessories,757,$52.00,Alabama,M,Silver,Winter,4.7,Yes,Next Day Air,Yes,Yes,45,PayPal,Monthly,2025-02-05
466,54,Male,466,Skirt,Clothing,758,$88.00,Oklahoma,M,Pink,Summer,2.8,Yes,Next Day Air,Yes,Yes,25,Cash,Quarterly,2025-07-07
467,38,Male,467,Jeans,Clothing,759,$24.00,Vermont,L,Turquoise,Winter,4.6,Yes,Free Shipping,Yes,Yes,25,PayPal,Weekly,2025-02-26
468,19,Male,468,Backpack,Accessories,760,$51.00,Nebraska,S,Orange,Spring,4.5,Yes,2-Day Shipping,Yes,Yes,37,Debit Card,Every 3 Months,2025-03-20
469,34,Male,469,Backpack,Accessories,761,$38.00,Georgia,S,Peach,Fall,5,Yes,Free Shipping,Yes,Yes,16,Cash,Quarterly,2025-09-15
470,21,Male,470,Shorts,Clothing,763,$46.00,Alabama,L,Pink,Fall,4.1,Yes,2-Day Shipping,Yes,Yes,30,Debit Card,Bi-Weekly,2025-09-04
471,50,Male,471,Dress,Clothing,764,$63.00,Minnesota,L,Teal,Summer,4.6,Yes,Express,Yes,Yes,6,Cash,Every 3 Months,2025-07-18
472,55,Male,472,Scarf,Accessories,765,$72.00,Missouri,XL,White,Winter,4.9,Yes,2-Day Shipping,Yes,Yes,36,Bank Transfer,Quarterly,2025-01-10
473,20,Male,473,Jeans,Clothing,766,$39.00,Georgia,L,Gray,Winter,3.9,Yes,Free Shipping,Yes,Yes,3,Bank Transfer,Quarterly,2025-12-09
474,34,Male,474,Coat,Outerwear,767,$42.00,West Virginia,L,Olive,Spring,3.9,Yes,Store Pickup,Yes,Yes,29,PayPal,Every 3 Months,2025-04-12
475,62,Male,475,Sweater,Clothing,769,$76.00,Arkansas,XL,Maroon,Summer,2.6,Yes,2-Day Shipping,Yes,Yes,15,Cash,Quarterly,2025-06-19
476,21,Male,476,Sneakers,Footwear,770,$66.00,Ohio,L,Magenta,Summer,2.7,Yes,Free Shipping,Yes,Yes,18,Debit Card,Annually,2025-07-28
477,21,Male,477,Scarf,Accessories,771,$90.00,Connecticut,M,Magenta,Spring,3.5,Yes,Free Shipping,Yes,Yes,2,Debit Card,Fortnightly,2025-04-20
478,42,Male,478,Sweater,Clothing,772,$56.00,North Dakota,M,Green,Summer,3.7,Yes,Free Shipping,Yes,Yes,49,Debit Card,Weekly,2025-07-16
479,35,Male,479,Jewelry,Accessories,773,$43.00,Kansas,XL,Turquoise,Winter,3.2,Yes,Free Shipping,Yes,Yes,48,Venmo,Annually,2025-02-06
480,39,Male,480,Handbag,Accessories,775,$84.00,Iowa,L,Yellow,Winter,3.3,Yes,Store Pickup,Yes,Yes,43,Venmo,Monthly,2025-02-24
481,68,Male,481,Hoodie,Clothing,776,$88.00,Vermont,M,Gray,Summer,4.8,Yes,Standard,Yes,Yes,30,Debit Card,Bi-Weekly,2025-06-04
482,46,Male,482,Hat,Accessories,777,$88.00,Wisconsin,L,Peach,Fall,3.2,Yes,2-Day Shipping,Yes,Yes,10,PayPal,Fortnightly,2025-09-19
483,41,Male,483,Belt,Accessories,778,$42.00,Connecticut,M,Yellow,Winter,2.5,Yes,2-Day Shipping,Yes,Yes,11,Venmo,Annually,2025-01-23
484,23,Male,484,Hoodie,Clothing,779,$73.00,Oklahoma,M,White,Fall,3.9,Yes,Store Pickup,Yes,Yes,12,Debit Card,Weekly,2025-11-19
485,68,Male,485,Hat,Accessories,781,$73.00,Missouri,L,Lavender,Summer,4.7,Yes,Free Shipping,Yes,Yes,28,Bank Transfer,Quarterly,2025-08-24
486,48,Male,486,Shoes,Footwear,782,$44.00,Tennessee,S,Blue,Spring,2.6,Yes,Next Day Air,Yes,Yes,36,Debit Card,Fortnightly,2025-03-14
487,38,Male,487,Sandals,Footwear,783,$63.00,New Mexico,M,Charcoal,Fall,2.8,Yes,Store Pickup,Yes,Yes,37,Venmo,Every 3 Months,2025-11-15
488,41,Male,488,Jacket,Outerwear,784,$68.00,Iowa,L,Red,Winter,4.4,Yes,Store Pickup,Yes,Yes,22,Credit Card,Quarterly,2025-01-18
489,58,Male,489,Sweater,Clothing,785,$29.00,Maine,L,Olive,Spring,4.6,Yes,Standard,Yes,Yes,32,Venmo,Weekly,2025-04-19
490,49,Male,490,Socks,Clothing,787,$85.00,South Dakota,M,Green,Summer,3.2,Yes,Standard,Yes,Yes,40,PayPal,Annually,2025-08-13
491,57,Male,491,Sneakers,Footwear,788,$42.00,Colorado,M,Silver,Winter,4.2,Yes,2-Day Shipping,Yes,Yes,47,Cash,Monthly,2025-12-22
492,49,Male,492,Coat,Outerwear,789,$69.00,Vermont,M,Silver,Summer,3.7,Yes,2-Day Shipping,Yes,Yes,24,Credit Card,Bi-Weekly,2025-08-27
493,50,Male,493,Shirt,Clothing,790,$62.00,Michigan,M,Black,Fall,3.9,Yes,Standard,Yes,Yes,11,Debit Card,Weekly,2025-09-11
494,28,Male,494,Backpack,Accessories,791,$48.00,Nevada,XL,Red,Summer,4.7,Yes,Store Pickup,Yes,Yes,19,Cash,Bi-Weekly,2025-07-20
495,38,Male,495,Boots,Footwear,793,$68.00,Indiana,M,Indigo,Winter,4.5,Yes,Express,Yes,Yes,42,Debit Card,Weekly,2025-01-21
496,33,Male,496,Handbag,Accessories,794,$36.00,Michigan,XL,Cyan,Fall,3.3,Yes,Free Shipping,Yes,Yes,6,Debit Card,Fortnightly,2025-11-16
497,30,Male,497,Dress,Clothing,795,$63.00,California,S,Maroon,Fall,3.3,Yes,Express,Yes,Yes,31,Venmo,Fortnightly,2025-09-09
498,43,Male,498,Sneakers,Footwear,796,$39.00,Oklahoma,S,Silver,Winter,4.6,Yes,Free Shipping,Yes,Yes,31,Cash,Weekly,2025-01-04
499,43,Male,499,Boots,Footwear,797,$78.00,Iowa,M,Lavender,Spring,3.6,Yes,Free Shipping,Yes,Yes,27,Bank Transfer,Monthly,2025-03-18
500,36,Male,500,Shoes,Footwear,799,$99.00,Rhode Island,L,Silver,Winter,4.8,Yes,Express,Yes,Yes,24,PayPal,Monthly,2025-12-08
501,36,Male,501,T-shirt,Clothing,800,$31.00,Washington,L,Purple,Fall,4.8,Yes,Next Day Air,Yes,Yes,35,Venmo,Every 3 Months,2025-09-09
502,64,Male,502,Boots,Footwear,801,$45.00,Florida,M,Cyan,Spring,2.9,Yes,Next Day Air,Yes,Yes,21,Venmo,Annually,2025-03-22
503,59,Male,503,Pants,Clothing,802,$30.00,South Carolina,S,Cyan,Fall,2.8,Yes,Express,Yes,Yes,8,PayPal,Fortnightly,2025-09-17
504,55,Male,504,Shoes,Footwear,803,$24.00,West Virginia,M,Lavender,Summer,3.2,Yes,Next Day Air,Yes,Yes,26,Bank Transfer,Quarterly,2025-08-20
505,42,Male,505,Shoes,Footwear,805,$22.00,Missouri,M,Maroon,Winter,3.9,Yes,Free Shipping,Yes,Yes,26,PayPal,Annually,2025-12-13
506,61,Male,506,T-shirt,Clothing,806,$63.00,Maine,L,Gray,Spring,4.3,Yes,Express,Yes,Yes,9,Cash,Bi-Weekly,2025-05-20
507,28,Male,507,Scarf,Accessories,807,$40.00,Georgia,M,Olive,Fall,2.7,Yes,2-Day Shipping,Yes,Yes,48,Debit Card,Annually,2025-10-15
508,65,Male,508,Shorts,Clothing,808,$20.00,Maine,M,Magenta,Spring,5,Yes,Store Pickup,Yes,Yes,33,Debit Card,Fortnightly,2025-03-14
509,27,Male,509,Jewelry,Accessories,809,$20.00,Illinois,S,Yellow,Winter,3.7,Yes,Store Pickup,Yes,Yes,31,PayPal,Quarterly,2025-12-05
510,41,Male,510,T-shirt,Clothing,811,$80.00,Delaware,L,Cyan,Summer,3.9,Yes,Free Shipping,Yes,Yes,17,Debit Card,Weekly,2025-08-25
511,21,Male,511,Shirt,Clothing,812,$87.00,West Virginia,M,Teal,Fall,3.9,Yes,2-Day Shipping,Yes,Yes,22,Venmo,Annually,2025-09-12
512,61,Male,512,Shirt,Clothing,813,$46.00,Hawaii,L,Yellow,Fall,3.1,Yes,Free Shipping,Yes,Yes,8,PayPal,Annually,2025-11-05
513,19,Male,513,Gloves,Accessories,814,$49.00,New York,L,Peach,Winter,3.3,Yes,Next Day Air,Yes,Yes,2,Bank Transfer,Monthly,2025-12-14
514,22,Male,514,Scarf,Accessories,815,$65.00,New Mexico,M,Peach,Fall,3.6,Yes,Store Pickup,Yes,Yes,45,Venmo,Annually,2025-11-06
515,64,Male,515,Skirt,Clothing,817,$62.00,Indiana,S,Olive,Winter,4.3,Yes,Standard,Yes,Yes,47,PayPal,Quarterly,2025-02-23
516,28,Male,516,Hat,Accessories,818,$67.00,Kentucky,L,Charcoal,Spring,4.5,Yes,Next Day Air,Yes,Yes,7,Cash,Monthly,2025-04-21
517,34,Male,517,Hoodie,Clothing,819,$41.00,West Virginia,L,Indigo,Fall,2.8,Yes,2-Day Shipping,Yes,Yes,19,Debit Card,Bi-Weekly,2025-09-15
518,61,Male,518,Boots,Footwear,820,$49.00,North Dakota,L,Silver,Fall,2.7,Yes,Free Shipping,Yes,Yes,44,Cash,Every 3 Months,2025-11-20
519,24,Male,519,Blouse,Clothing,821,$100.00,Oregon,M,Beige,Fall,2.9,Yes,Next Day Air,Yes,Yes,16,Venmo,Every 3 Months,2025-09-16
520,19,Male,520,Belt,Accessories,823,$54.00,Minnesota,L,Blue,Summer,4.4,Yes,2-Day Shipping,Yes,Yes,17,Bank Transfer,Quarterly,2025-07-21
521,51,Male,521,Sunglasses,Accessories,824,$84.00,South Carolina,M,White,Spring,3.9,Yes,Free Shipping,Yes,Yes,20,Debit Card,Quarterly,2025-05-08
522,36,Male,522,Shorts,Clothing,825,$41.00,Vermont,L,Gold,Winter,3.5,Yes,Standard,Yes,Yes,50,Bank Transfer,Annually,2025-12-01
523,65,Male,523,Gloves,Accessories,826,$88.00,Minnesota,M,Blue,Spring,2.5,Yes,Store Pickup,Yes,Yes,37,Cash,Quarterly,2025-05-05
524,46,Male,524,Sandals,Footwear,827,$40.00,Delaware,M,Orange,Spring,4.9,Yes,Express,Yes,Yes,5,PayPal,Quarterly,2025-05-11
525,59,Male,525,Shirt,Clothing,829,$39.00,Pennsylvania,M,Gold,Summer,4.8,Yes,Free Shipping,Yes,Yes,44,PayPal,Annually,2025-07-09
526,51,Male,526,Coat,Outerwear,830,$37.00,Iowa,M,Cyan,Spring,3.2,Yes,Next Day Air,Yes,Yes,41,Debit Card,Monthly,2025-04-19
527,51,Male,527,Pants,Clothing,831,$52.00,New Jersey,S,Red,Winter,4.9,Yes,Standard,Yes,Yes,19,Cash,Monthly,2025-02-08
528,21,Male,528,T-shirt,Clothing,832,$23.00,South Carolina,L,Yellow,Winter,4.3,Yes,Next Day Air,Yes,Yes,47,Bank Transfer,Every 3 Months,2025-01-11
529,34,Male,529,Sneakers,Footwear,833,$88.00,Maryland,S,Beige,Winter,3.2,Yes,Express,Yes,Yes,40,Cash,Annually,2025-12-02
530,32,Male,530,Shorts,Clothing,835,$84.00,California,M,Orange,Fall,3.7,Yes,Standard,Yes,Yes,6,Credit Card,Monthly,2025-11-21
531,48,Male,531,Coat,Outerwear,836,$37.00,Montana,XL,Magenta,Winter,3.2,Yes,Store Pickup,Yes,Yes,25,Credit Card,Bi-Weekly,2025-12-07
532,50,Male,532,Sandals,Footwear,837,$51.00,Vermont,L,Purple,Fall,3.4,Yes,Next Day Air,Yes,Yes,42,Cash,Weekly,2025-10-27
533,26,Male,533,Pants,Clothing,838,$76.00,Texas,L,Black,Winter,4.1,Yes,Express,Yes,Yes,35,Bank Transfer,Every 3 Months,2025-01-26
534,57,Male,534,Sandals,Footwear,839,$60.00,North Carolina,L,Pink,Spring,4.5,Yes,Next Day Air,Yes,Yes,17,Debit Card,Weekly,2025-04-12
535,65,Male,535,Gloves,Accessories,841,$72.00,Florida,L,Pink,Fall,4.5,Yes,Next Day Air,Yes,Yes,4,PayPal,Quarterly,2025-11-08
536,56,Male,536,T-shirt,Clothing,842,$45.00,West Virginia,L,Maroon,Spring,3.2,Yes,Free Shipping,Yes,Yes,24,Bank Transfer,Weekly,2025-05-06
537,44,Male,537,Jacket,Outerwear,843,$84.00,Illinois,S,Maroon,Fall,4.4,Yes,Store Pickup,Yes,Yes,16,Debit Card,Every 3 Months,2025-10-20
538,50,Male,538,Blouse,Clothing,844,$49.00,Virginia,S,Turquoise,Summer,3,Yes,Store Pickup,Yes,Yes,14,Debit Card,Annually,2025-07-01
539,27,Male,539,Socks,Clothing,845,$22.00,Virginia,XL,Green,Spring,3.2,Yes,Free Shipping,Yes,Yes,43,Cash,Weekly,2025-03-26
540,49,Male,540,Coat,Outerwear,847,$48.00,Wyoming,M,Violet,Winter,4,Yes,Store Pickup,Yes,Yes,49,Debit Card,Weekly,2025-02-07
541,49,Male,541,Dress,Clothing,848,$37.00,South Carolina,M,Lavender,Spring,3.1,Yes,Next Day Air,Yes,Yes,33,Cash,Every 3 Months,2025-05-19
542,52,Male,542,Jacket,Outerwear,849,$27.00,Connecticut,L,Gray,Fall,2.8,Yes,Next Day Air,Yes,Yes,45,Cash,Bi-Weekly,2025-09-11
543,27,Male,543,Boots,Footwear,850,$79.00,Illinois,XL,Teal,Spring,4.6,Yes,Next Day Air,Yes,Yes,35,Cash,Bi-Weekly,2025-05-25
544,53,Male,544,Skirt,Clothing,851,$98.00,Alabama,S,Red,Spring,4.3,Yes,Express,Yes,Yes,11,Credit Card,Monthly,2025-04-11
545,34,Male,545,Sandals,Footwear,853,$64.00,Washington,S,Yellow,Summer,3.3,Yes,Standard,Yes,Yes,30,Bank Transfer,Every 3 Months,2025-08-02
546,33,Male,546,Coat,Outerwear,854,$32.00,Alabama,L,Magenta,Summer,3.5,Yes,2-Day Shipping,Yes,Yes,48,Debit Card,Annually,2025-07-24
547,62,Male,547,Hoodie,Clothing,855,$74.00,New Mexico,M,Brown,Winter,3.4,Yes,Free Shipping,Yes,Yes,45,Venmo,Bi-Weekly,2025-02-25
548,38,Male,548,Jacket,Outerwear,856,$50.00,Nevada,M,Blue,Winter,2.8,Yes,Free Shipping,Yes,Yes,26,Venmo,Weekly,2025-12-07
549,36,Male,549,Backpack,Accessories,857,$64.00,Nebraska,M,Black,Winter,4.6,Yes,Store Pickup,Yes,Yes,41,Debit Card,Every 3 Months,2025-02-28
550,31,Male,550,Backpack,Accessories,859,$29.00,Arizona,S,Olive,Fall,3.6,Yes,Express,Yes,Yes,37,Venmo,Bi-Weekly,2025-09-06
551,62,Male,551,Belt,Accessories,860,$62.00,Georgia,M,Olive,Summer,3.3,Yes,Store Pickup,Yes,Yes,12,PayPal,Weekly,2025-07-09
552,29,Male,552,Coat,Outerwear,861,$78.00,Idaho,XL,Green,Fall,3.1,Yes,2-Day Shipping,Yes,Yes,27,Cash,Bi-Weekly,2025-10-02
553,24,Male,553,T-shirt,Clothing,862,$94.00,Missouri,M,Peach,Fall,3.5,Yes,Express,Yes,Yes,18,Bank Transfer,Weekly,2025-11-22
554,63,Male,554,Sunglasses,Accessories,863,$59.00,Florida,M,White,Winter,3.2,Yes,Express,Yes,Yes,15,Credit Card,Quarterly,2025-02-17
555,56,Male,555,Sneakers,Footwear,865,$47.00,Minnesota,M,Red,Summer,3,Yes,Express,Yes,Yes,34,Bank Transfer,Weekly,2025-08-28
556,63,Male,556,Gloves,Accessories,866,$57.00,Maine,M,White,Fall,4.8,Yes,Express,Yes,Yes,37,Venmo,Annually,2025-10-24
557,40,Male,557,Coat,Outerwear,867,$90.00,Montana,L,Indigo,Winter,5,Yes,Store Pickup,Yes,Yes,21,Cash,Fortnightly,2025-02-20
558,18,Male,558,Shirt,Clothing,868,$60.00,Alaska,M,White,Spring,2.9,Yes,Free Shipping,Yes,Yes,31,Debit Card,Weekly,2025-03-10
559,50,Male,559,Sneakers,Footwear,869,$77.00,Iowa,L,Teal,Fall,3.2,Yes,Express,Yes,Yes,43,Debit Card,Every 3 Months,2025-10-12
560,66,Male,560,Scarf,Accessories,871,$41.00,Arizona,M,Indigo,Fall,2.9,Yes,Store Pickup,Yes,Yes,22,Bank Transfer,Monthly,2025-10-11
561,25,Male,561,Jewelry,Accessories,872,$48.00,Louisiana,L,Red,Fall,3.3,Yes,Free Shipping,Yes,Yes,12,Debit Card,Annually,2025-09-12
562,65,Male,562,Jacket,Outerwear,873,$65.00,Alabama,M,Blue,Fall,2.6,Yes,Next Day Air,Yes,Yes,25,PayPal,Fortnightly,2025-09-01
563,53,Male,563,Jeans,Clothing,874,$62.00,Missouri,M,Blue,Summer,3.5,Yes,Standard,Yes,Yes,40,Debit Card,Annually,2025-08-21
564,61,Male,564,Shoes,Footwear,875,$99.00,Idaho,M,Black,Fall,4.4,Yes,Standard,Yes,Yes,16,Debit Card,Quarterly,2025-09-23
565,67,Male,565,Hoodie,Clothing,877,$58.00,Florida,M,Olive,Winter,3.4,Yes,Next Day Air,Yes,Yes,30,Bank Transfer,Weekly,2025-02-23
566,59,Male,566,Backpack,Accessories,878,$43.00,Idaho,L,Lavender,Fall,4.2,Yes,Store Pickup,Yes,Yes,10,Venmo,Weekly,2025-09-08
567,55,Male,567,Sneakers,Footwear,879,$93.00,Alabama,M,Indigo,Spring,3.6,Yes,Store Pickup,Yes,Yes,1,Debit Card,Fortnightly,2025-05-22
568,21,Male,568,Blouse,Clothing,880,$50.00,New Hampshire,S,Red,Winter,3,Yes,Next Day Air,Yes,Yes,24,Venmo,Fortnightly,2025-01-05
569,44,Male,569,Pants,Clothing,881,$88.00,Utah,L,Red,Summer,4,Yes,Free Shipping,Yes,Yes,36,PayPal,Monthly,2025-06-19
570,65,Male,570,Skirt,Clothing,883,$33.00,Alabama,M,Pink,Fall,4.4,Yes,Express,Yes,Yes,46,Credit Card,Every 3 Months,2025-10-22
571,65,Male,571,T-shirt,Clothing,884,$99.00,Iowa,XL,Purple,Fall,4.1,Yes,Standard,Yes,Yes,20,Cash,Annually,2025-10-19
572,54,Male,572,Jacket,Outerwear,885,$76.00,Kentucky,XL,Cyan,Spring,3.6,Yes,Free Shipping,Yes,Yes,37,Venmo,Weekly,2025-03-26
573,56,Male,573,Scarf,Accessories,886,$97.00,South Carolina,XL,Cyan,Summer,4.6,Yes,Next Day Air,Yes,Yes,26,Bank Transfer,Annually,2025-07-20
574,58,Male,574,Pants,Clothing,887,$68.00,California,M,Charcoal,Summer,3.2,Yes,2-Day Shipping,Yes,Yes,23,Credit Card,Bi-Weekly,2025-07-17
575,54,Male,575,Sneakers,Footwear,889,$79.00,Maine,L,Red,Fall,4.8,Yes,Free Shipping,Yes,Yes,20,Bank Transfer,Bi-Weekly,2025-10-23
576,58,Male,576,Jeans,Clothing,890,$86.00,Nebraska,M,Peach,Fall,4.8,Yes,Express,Yes,Yes,38,PayPal,Monthly,2025-09-13
577,48,Male,577,Hat,Accessories,891,$68.00,Washington,M,Black,Winter,5,Yes,2-Day Shipping,Yes,Yes,5,Credit Card,Every 3 Months,2025-01-02
578,19,Male,578,Skirt,Clothing,892,$52.00,Alabama,M,Black,Fall,3.7,Yes,Store Pickup,Yes,Yes,41,Venmo,Annually,2025-10-16
579,69,Male,579,Sandals,Footwear,893,$90.00,Maine,M,Purple,Fall,4.6,Yes,Next Day Air,Yes,Yes,22,Credit Card,Fortnightly,2025-09-10
580,58,Male,580,Sandals,Footwear,895,$41.00,California,M,Violet,Winter,3.7,Yes,Free Shipping,Yes,Yes,48,Credit Card,Annually,2025-02-05
581,49,Male,581,Sweater,Clothing,896,$80.00,Iowa,M,Orange,Spring,4.1,Yes,Free Shipping,Yes,Yes,10,PayPal,Weekly,2025-05-13
582,32,Male,582,Sweater,Clothing,897,$100.00,Iowa,XL,Charcoal,Winter,2.7,Yes,Store Pickup,Yes,Yes,12,Bank Transfer,Every 3 Months,2025-12-06
583,40,Male,583,Jacket,Outerwear,898,$77.00,Colorado,L,Turquoise,Spring,4.9,Yes,Store Pickup,Yes,Yes,2,Bank Transfer,Quarterly,2025-03-05
584,25,Male,584,Shorts,Clothing,899,$78.00,California,L,Yellow,Spring,4,Yes,Store Pickup,Yes,Yes,38,PayPal,Monthly,2025-03-17
585,70,Male,585,Socks,Clothing,901,$94.00,Indiana,M,White,Spring,4.7,Yes,Free Shipping,Yes,Yes,20,Debit Card,Monthly,2025-04-15
586,69,Male,586,Socks,Clothing,902,$23.00,South Carolina,M,Gray,Fall,2.8,Yes,Next Day Air,Yes,Yes,5,Cash,Every 3 Months,2025-10-16
587,45,Male,587,Hoodie,Clothing,903,$20.00,Wisconsin,S,Blue,Winter,4.9,Yes,2-Day Shipping,Yes,Yes,9,Venmo,Annually,2025-01-13
588,29,Male,588,Socks,Clothing,904,$86.00,Washington,S,Maroon,Fall,4.2,Yes,Express,Yes,Yes,48,Debit Card,Every 3 Months,2025-10-25
589,47,Male,589,Boots,Footwear,905,$60.00,South Dakota,M,Violet,Fall,3,Yes,Standard,Yes,Yes,9,Debit Card,Quarterly,2025-11-13
590,28,Male,590,Shirt,Clothing,907,$70.00,Minnesota,M,Orange,Fall,3.4,Yes,2-Day Shipping,Yes,Yes,40,PayPal,Annually,2025-11-12
591,64,Male,591,Belt,Accessories,908,$39.00,Alaska,S,Turquoise,Fall,4.6,Yes,Standard,Yes,Yes,30,Venmo,Fortnightly,2025-11-22
592,47,Male,592,Backpack,Accessories,909,$37.00,Kentucky,L,Olive,Fall,4.2,Yes,Store Pickup,Yes,Yes,6,Debit Card,Bi-Weekly,2025-11-05
593,60,Male,593,Boots,Footwear,910,$29.00,North Dakota,M,Brown,Fall,3.2,Yes,Free Shipping,Yes,Yes,42,Venmo,Every 3 Months,2025-11-04
594,67,Male,594,Coat,Outerwear,911,$35.00,Alaska,S,Green,Winter,4.4,Yes,Store Pickup,Yes,Yes,9,PayPal,Every 3 Months,2025-01-28
595,35,Male,595,Hoodie,Clothing,913,$83.00,Oklahoma,S,Brown,Winter,2.5,Yes,Next Day Air,Yes,Yes,6,Debit Card,Monthly,2025-01-16
596,30,Male,596,Shoes,Footwear,914,$77.00,Delaware,M,Silver,Summer,3.6,Yes,Next Day Air,Yes,Yes,47,PayPal,Quarterly,2025-08-06
597,23,Male,597,Shoes,Footwear,915,$37.00,Montana,XL,White,Summer,4.5,Yes,Store Pickup,Yes,Yes,36,Venmo,Annually,2025-07-24
598,70,Male,598,Jewelry,Accessories,916,$69.00,Alaska,L,Gold,Summer,3.4,Yes,Standard,Yes,Yes,19,Bank Transfer,Fortnightly,2025-07-20
599,21,Male,599,Dress,Clothing,917,$66.00,California,L,Green,Winter,3.2,Yes,2-Day Shipping,Yes,Yes,30,Cash,Every 3 Months,2025-12-06
600,51,Male,600,Boots,Footwear,919,$26.00,Massachusetts,L,Teal,Spring,4.2,Yes,Standard,Yes,Yes,27,Debit Card,Every 3 Months,2025-04-14
601,22,Male,601,Hat,Accessories,920,$63.00,South Carolina,M,Charcoal,Spring,5,Yes,2-Day Shipping,Yes,Yes,25,Venmo,Monthly,2025-03-07
602,32,Male,602,Backpack,Accessories,921,$38.00,West Virginia,M,Maroon,Summer,4.7,Yes,Store Pickup,Yes,Yes,5,Cash,Fortnightly,2025-06-01
603,37,Male,603,Shoes,Footwear,922,$58.00,Oregon,L,Lavender,Summer,4.2,Yes,Next Day Air,Yes,Yes,10,Cash,Every 3 Months,2025-06-12
604,31,Male,604,Handbag,Accessories,923,$46.00,Massachusetts,L,Green,Winter,3.4,Yes,2-Day Shipping,Yes,Yes,26,PayPal,Every 3 Months,2025-02-17
605,44,Male,605,Sunglasses,Accessories,925,$92.00,West Virginia,S,Pink,Fall,4.4,Yes,Store Pickup,Yes,Yes,11,Credit Card,Every 3 Months,2025-09-06
606,40,Male,606,Hat,Accessories,926,$32.00,California,XL,Charcoal,Winter,4.2,Yes,Standard,Yes,Yes,17,Bank Transfer,Weekly,2025-12-01
607,27,Male,607,Scarf,Accessories,927,$90.00,Colorado,M,Blue,Spring,4.5,Yes,Standard,Yes,Yes,44,PayPal,Monthly,2025-04-26
608,47,Male,608,Hoodie,Clothing,928,$23.00,Indiana,L,Purple,Fall,2.8,Yes,Next Day Air,Yes,Yes,44,Cash,Monthly,2025-11-05
609,41,Male,609,Backpack,Accessories,929,$25.00,Delaware,S,Gold,Fall,3.3,Yes,Next Day Air,Yes,Yes,21,Venmo,Every 3 Months,2025-09-06
610,51,Male,610,Sweater,Clothing,931,$54.00,Ohio,L,Purple,Fall,4.6,Yes,Next Day Air,Yes,Yes,49,Credit Card,Fortnightly,2025-09-09
611,53,Male,611,Shorts,Clothing,932,$72.00,Oklahoma,M,Charcoal,Summer,2.5,Yes,Free Shipping,Yes,Yes,27,Bank Transfer,Every 3 Months,2025-08-26
612,43,Male,612,Scarf,Accessories,933,$33.00,California,M,Black,Winter,4.7,Yes,Store Pickup,Yes,Yes,19,Cash,Monthly,2025-01-22
613,67,Male,613,Hat,Accessories,934,$43.00,New Hampshire,L,Lavender,Fall,4.6,Yes,Express,Yes,Yes,33,Credit Card,Quarterly,2025-10-05
614,61,Male,614,Coat,Outerwear,935,$51.00,Pennsylvania,L,Lavender,Fall,2.6,Yes,Standard,Yes,Yes,46,Cash,Bi-Weekly,2025-11-15
615,68,Male,615,Jewelry,Accessories,937,$85.00,Idaho,M,Lavender,Winter,4,Yes,Standard,Yes,Yes,21,Credit Card,Bi-Weekly,2025-12-19
616,67,Male,616,Sandals,Footwear,938,$100.00,Maryland,L,Olive,Summer,2.6,Yes,Next Day Air,Yes,Yes,23,Venmo,Annually,2025-08-05
617,29,Male,617,Gloves,Accessories,939,$72.00,Pennsylvania,L,Teal,Spring,4.6,Yes,Free Shipping,Yes,Yes,38,Credit Card,Every 3 Months,2025-05-21
618,50,Male,618,Backpack,Accessories,940,$57.00,Colorado,M,Maroon,Fall,2.6,Yes,Standard,Yes,Yes,2,Bank Transfer,Quarterly,2025-09-11
619,61,Male,619,Jacket,Outerwear,941,$94.00,Indiana,L,Cyan,Spring,4,Yes,Express,Yes,Yes,21,Debit Card,Bi-Weekly,2025-04-19
620,19,Male,620,Backpack,Accessories,943,$34.00,Nebraska,M,Charcoal,Summer,4.6,Yes,Store Pickup,Yes,Yes,1,Debit Card,Every 3 Months,2025-08-20
621,33,Male,621,Backpack,Accessories,944,$89.00,Rhode Island,M,Black,Fall,3.7,Yes,2-Day Shipping,Yes,Yes,10,Venmo,Every 3 Months,2025-10-03
622,51,Male,622,Sunglasses,Accessories,945,$27.00,Kansas,S,Red,Fall,4.4,Yes,Store Pickup,Yes,Yes,45,Credit Card,Weekly,2025-09-27
623,69,Male,623,Socks,Clothing,946,$63.00,Georgia,S,Peach,Spring,4,Yes,Next Day Air,Yes,Yes,44,Bank Transfer,Fortnightly,2025-05-10
624,19,Male,624,Shoes,Footwear,947,$70.00,Nevada,M,White,Fall,4.7,Yes,Standard,Yes,Yes,48,PayPal,Bi-Weekly,2025-09-25
625,55,Male,625,Pants,Clothing,949,$87.00,South Carolina,XL,Pink,Fall,3.4,Yes,Express,Yes,Yes,21,PayPal,Annually,2025-11-26
626,49,Male,626,Jewelry,Accessories,950,$79.00,Delaware,M,Red,Fall,4,Yes,Next Day Air,Yes,Yes,1,Venmo,Weekly,2025-11-18
627,31,Male,627,Sunglasses,Accessories,951,$79.00,New Hampshire,M,Indigo,Spring,3.9,Yes,Standard,Yes,Yes,10,Venmo,Annually,2025-03-14
628,42,Male,628,Sandals,Footwear,952,$44.00,Oregon,L,Black,Winter,4.1,Yes,Express,Yes,Yes,24,PayPal,Monthly,2025-02-09
629,69,Male,629,Sweater,Clothing,953,$85.00,Massachusetts,M,White,Fall,3.7,Yes,2-Day Shipping,Yes,Yes,29,Credit Card,Monthly,2025-11-15
630,26,Male,630,Shoes,Footwear,955,$90.00,Vermont,L,Beige,Spring,4.7,Yes,Standard,Yes,Yes,11,Debit Card,Annually,2025-04-17
631,41,Male,631,Jewelry,Accessories,956,$94.00,Mississippi,S,Silver,Fall,4.3,Yes,2-Day Shipping,Yes,Yes,33,Debit Card,Annually,2025-10-06
632,55,Male,632,Boots,Footwear,957,$68.00,Washington,S,Violet,Summer,4.1,Yes,Store Pickup,Yes,Yes,27,Cash,Fortnightly,2025-06-18
633,35,Male,633,Backpack,Accessories,958,$51.00,Wyoming,M,Red,Winter,3.9,Yes,Next Day Air,Yes,Yes,19,Venmo,Fortnightly,2025-02-14
634,66,Male,634,Sandals,Footwear,959,$33.00,Minnesota,M,Orange,Spring,2.9,Yes,Express,Yes,Yes,50,Debit Card,Quarterly,2025-05-25
635,36,Male,635,Sneakers,Footwear,961,$60.00,Ohio,M,Teal,Summer,3.9,Yes,Standard,Yes,Yes,46,PayPal,Weekly,2025-06-02
636,27,Male,636,Hoodie,Clothing,962,$59.00,South Carolina,M,Brown,Fall,4.3,Yes,2-Day Shipping,Yes,Yes,28,Cash,Quarterly,2025-09-10
637,41,Male,637,Handbag,Accessories,963,$30.00,Wisconsin,M,Indigo,Summer,2.8,Yes,Store Pickup,Yes,Yes,14,Bank Transfer,Every 3 Months,2025-07-25
638,21,Male,638,Sweater,Clothing,964,$20.00,Tennessee,M,Cyan,Winter,3.4,Yes,2-Day Shipping,Yes,Yes,46,Cash,Fortnightly,2025-02-13
639,53,Male,639,Sandals,Footwear,965,$20.00,Maryland,S,Blue,Summer,2.7,Yes,Express,Yes,Yes,41,PayPal,Monthly,2025-08-06
640,54,Male,640,Dress,Clothing,967,$24.00,Mississippi,L,Olive,Spring,4,Yes,2-Day Shipping,Yes,Yes,50,Credit Card,Annually,2025-05-25
641,53,Male,641,Skirt,Clothing,968,$88.00,Minnesota,M,Gray,Summer,4.4,Yes,Store Pickup,Yes,Yes,28,Debit Card,Fortnightly,2025-07-03
642,47,Male,642,Blouse,Clothing,969,$78.00,Alaska,M,Red,Winter,3.9,Yes,2-Day Shipping,Yes,Yes,23,Credit Card,Every 3 Months,2025-01-23
643,64,Male,643,Skirt,Clothing,970,$25.00,Arkansas,L,Red,Spring,2.8,Yes,2-Day Shipping,Yes,Yes,14,Debit Card,Bi-Weekly,2025-05-25
644,18,Male,644,Sweater,Clothing,971,$57.00,Oregon,XL,Green,Winter,3.2,Yes,Next Day Air,Yes,Yes,10,Bank Transfer,Every 3 Months,2025-02-11
645,68,Male,645,Backpack,Accessories,973,$93.00,Louisiana,S,Blue,Summer,4.3,Yes,Next Day Air,Yes,Yes,37,Cash,Weekly,2025-07-05
646,62,Male,646,Hoodie,Clothing,974,$42.00,Oklahoma,S,Purple,Summer,4.2,Yes,Express,Yes,Yes,15,Venmo,Bi-Weekly,2025-07-01
647,51,Male,647,Boots,Footwear,975,$54.00,Indiana,XL,Pink,Spring,4.9,Yes,Standard,Yes,Yes,19,Venmo,Bi-Weekly,2025-05-15
648,54,Male,648,Blouse,Clothing,976,$70.00,Mississippi,XL,Charcoal,Summer,3.7,Yes,Express,Yes,Yes,23,Credit Card,Fortnightly,2025-06-19
649,22,Male,649,Hoodie,Clothing,977,$31.00,Michigan,M,Brown,Winter,4.1,Yes,Store Pickup,Yes,Yes,35,Credit Card,Weekly,2025-01-22
650,53,Male,650,Pants,Clothing,979,$93.00,Delaware,L,Orange,Spring,4.2,Yes,Store Pickup,Yes,Yes,33,PayPal,Every 3 Months,2025-05-27
651,34,Male,651,Gloves,Accessories,980,$40.00,Florida,M,Magenta,Spring,3.9,Yes,Next Day Air,Yes,Yes,12,Bank Transfer,Annually,2025-04-25
652,32,Male,652,Hat,Accessories,981,$32.00,Arkansas,L,Yellow,Summer,2.9,Yes,Next Day Air,Yes,Yes,41,Venmo,Fortnightly,2025-07-24
653,64,Male,653,Sunglasses,Accessories,982,$27.00,Minnesota,M,Beige,Winter,3.1,Yes,Free Shipping,Yes,Yes,27,Venmo,Weekly,2025-01-13
654,20,Male,654,Scarf,Accessories,983,$68.00,North Dakota,M,Olive,Winter,3.6,Yes,2-Day Shipping,Yes,Yes,45,Cash,Fortnightly,2025-02-04
655,24,Male,655,Handbag,Accessories,985,$59.00,California,L,Gray,Summer,4.4,Yes,2-Day Shipping,Yes,Yes,23,Venmo,Annually,2025-08-28
656,20,Male,656,Handbag,Accessories,986,$36.00,Mississippi,S,Purple,Fall,3.1,Yes,Free Shipping,Yes,Yes,19,Venmo,Monthly,2025-11-14
657,42,Male,657,Jeans,Clothing,987,$23.00,Pennsylvania,M,Beige,Summer,3.9,Yes,Standard,Yes,Yes,6,PayPal,Quarterly,2025-07-19
658,48,Male,658,Jacket,Outerwear,988,$80.00,Arizona,M,White,Winter,4.3,Yes,Free Shipping,Yes,Yes,6,PayPal,Quarterly,2025-01-28
659,62,Male,659,Backpack,Accessories,989,$37.00,Louisiana,S,White,Fall,4.9,Yes,Store Pickup,Yes,Yes,20,Venmo,Weekly,2025-10-17
660,62,Male,660,Shorts,Clothing,991,$52.00,Virginia,S,Gold,Spring,3.6,Yes,2-Day Shipping,Yes,Yes,8,Cash,Weekly,2025-03-16
661,50,Male,661,Coat,Outerwear,992,$79.00,Montana,M,Olive,Fall,5,Yes,2-Day Shipping,Yes,Yes,39,Credit Card,Quarterly,2025-11-07
662,57,Male,662,Shirt,Clothing,993,$68.00,Iowa,XL,Green,Fall,4.1,Yes,Store Pickup,Yes,Yes,39,Credit Card,Quarterly,2025-10-13
663,24,Male,663,Gloves,Accessories,994,$98.00,Illinois,L,Magenta,Fall,2.8,Yes,Express,Yes,Yes,39,Venmo,Bi-Weekly,2025-10-23
664,59,Male,664,Dress,Clothing,995,$83.00,Alaska,M,Charcoal,Fall,4.7,Yes,Express,Yes,Yes,23,Credit Card,Monthly,2025-11-03
665,63,Male,665,Pants,Clothing,997,$83.00,Colorado,M,Indigo,Winter,4.4,Yes,Express,Yes,Yes,41,PayPal,Bi-Weekly,2025-02-21
666,41,Male,666,Pants,Clothing,998,$55.00,New Mexico,M,Peach,Spring,4.9,Yes,2-Day Shipping,Yes,Yes,50,Credit Card,Annually,2025-03-01
667,35,Male,667,Hoodie,Clothing,999,$26.00,Colorado,L,Turquoise,Winter,3.1,Yes,Free Shipping,Yes,Yes,30,Debit Card,Quarterly,2025-12-21
668,34,Male,668,Sunglasses,Accessories,"1,000",$76.00,Arizona,S,Blue,Winter,2.6,Yes,Standard,Yes,Yes,32,Bank Transfer,Quarterly,2025-12-12
669,49,Male,669,T-shirt,Clothing,"1,001",$85.00,Hawaii,S,Turquoise,Fall,2.9,Yes,Express,Yes,Yes,35,Bank Transfer,Monthly,2025-11-21
670,43,Male,670,Jacket,Outerwear,"1,003",$89.00,Illinois,M,Gray,Spring,3.3,Yes,Free Shipping,Yes,Yes,45,Venmo,Bi-Weekly,2025-05-21
671,63,Male,671,Sweater,Clothing,"1,004",$41.00,Louisiana,XL,Purple,Spring,4.8,Yes,Next Day Air,Yes,Yes,37,Cash,Bi-Weekly,2025-05-07
672,38,Male,672,Jacket,Outerwear,"1,005",$30.00,Iowa,L,Black,Winter,4.7,Yes,Express,Yes,Yes,45,Cash,Weekly,2025-12-10
673,59,Male,673,Socks,Clothing,"1,006",$53.00,Washington,M,Peach,Winter,3.3,Yes,2-Day Shipping,Yes,Yes,29,Cash,Quarterly,2025-12-03
674,35,Male,674,Shirt,Clothing,"1,007",$66.00,Oklahoma,M,Indigo,Spring,4.2,Yes,Free Shipping,Yes,Yes,27,Venmo,Bi-Weekly,2025-05-27
675,48,Male,675,Jewelry,Accessories,"1,009",$33.00,Washington,XL,Beige,Winter,4.7,Yes,Store Pickup,Yes,Yes,36,Bank Transfer,Annually,2025-02-17
676,64,Male,676,Sunglasses,Accessories,"1,010",$86.00,Arkansas,M,Yellow,Spring,2.6,Yes,2-Day Shipping,Yes,Yes,9,Cash,Annually,2025-05-09
677,28,Male,677,Pants,Clothing,"1,011",$60.00,Connecticut,M,Peach,Winter,2.9,Yes,2-Day Shipping,Yes,Yes,38,Venmo,Bi-Weekly,2025-12-14
678,60,Male,678,Socks,Clothing,"1,012",$62.00,Washington,S,Turquoise,Summer,2.7,Yes,Express,Yes,Yes,41,PayPal,Annually,2025-07-16
679,27,Male,679,Blouse,Clothing,"1,013",$74.00,Maine,M,Teal,Fall,3.3,Yes,Store Pickup,Yes,Yes,25,Debit Card,Every 3 Months,2025-11-02
680,56,Male,680,Sandals,Footwear,"1,015",$95.00,Michigan,M,Turquoise,Fall,3.4,Yes,Express,Yes,Yes,37,Venmo,Fortnightly,2025-11-07
681,58,Male,681,Sneakers,Footwear,"1,016",$25.00,Tennessee,M,Magenta,Spring,4.2,Yes,Express,Yes,Yes,3,PayPal,Annually,2025-05-08
682,30,Male,682,Shirt,Clothing,"1,017",$59.00,Louisiana,XL,Purple,Winter,3.8,Yes,2-Day Shipping,Yes,Yes,24,Credit Card,Every 3 Months,2025-02-22
683,23,Male,683,Jacket,Outerwear,"1,018",$29.00,Missouri,M,Brown,Summer,4,Yes,Standard,Yes,Yes,49,Credit Card,Bi-Weekly,2025-06-10
684,33,Male,684,Sandals,Footwear,"1,019",$36.00,Michigan,S,Violet,Winter,2.7,Yes,Free Shipping,Yes,Yes,3,Bank Transfer,Monthly,2025-01-04
685,63,Male,685,Hat,Accessories,"1,021",$82.00,Alabama,M,Yellow,Summer,4.7,Yes,Express,Yes,Yes,42,Debit Card,Monthly,2025-08-13
686,70,Male,686,Blouse,Clothing,"1,022",$71.00,Massachusetts,XL,Magenta,Winter,3.5,Yes,Standard,Yes,Yes,32,Cash,Fortnightly,2025-12-16
687,70,Male,687,Sweater,Clothing,"1,023",$35.00,Indiana,L,Beige,Fall,3,Yes,2-Day Shipping,Yes,Yes,33,Venmo,Fortnightly,2025-09-22
688,19,Male,688,Gloves,Accessories,"1,024",$38.00,West Virginia,XL,Turquoise,Winter,3.3,Yes,Free Shipping,Yes,Yes,46,Bank Transfer,Quarterly,2025-12-08
689,25,Male,689,Scarf,Accessories,"1,025",$59.00,Michigan,S,Peach,Summer,4.7,Yes,Store Pickup,Yes,Yes,44,Venmo,Monthly,2025-06-23
690,19,Male,690,Hoodie,Clothing,"1,027",$91.00,Pennsylvania,M,Orange,Summer,4.7,Yes,Express,Yes,Yes,35,Credit Card,Every 3 Months,2025-07-28
691,25,Male,691,Shorts,Clothing,"1,028",$68.00,Alaska,XL,Red,Spring,4.8,Yes,Standard,Yes,Yes,45,Bank Transfer,Weekly,2025-05-23
692,60,Male,692,Backpack,Accessories,"1,029",$21.00,Massachusetts,L,Silver,Summer,2.9,Yes,Standard,Yes,Yes,37,PayPal,Bi-Weekly,2025-08-02
693,35,Male,693,Sunglasses,Accessories,"1,030",$95.00,North Dakota,M,Cyan,Spring,4,Yes,2-Day Shipping,Yes,Yes,40,Debit Card,Every 3 Months,2025-04-21
694,46,Male,694,Shorts,Clothing,"1,031",$52.00,Vermont,L,Turquoise,Spring,3.1,Yes,Free Shipping,Yes,Yes,30,Cash,Every 3 Months,2025-03-12
695,41,Male,695,Dress,Clothing,"1,033",$21.00,Kentucky,S,Charcoal,Fall,3.5,Yes,2-Day Shipping,Yes,Yes,38,Venmo,Every 3 Months,2025-09-23
696,30,Male,696,Shorts,Clothing,"1,034",$67.00,Nevada,XL,Peach,Summer,3.7,Yes,Next Day Air,Yes,Yes,15,Debit Card,Every 3 Months,2025-06-10
697,44,Male,697,Belt,Accessories,"1,035",$42.00,Utah,L,Green,Fall,2.8,Yes,Standard,Yes,Yes,49,Cash,Monthly,2025-11-24
698,61,Male,698,Scarf,Accessories,"1,036",$63.00,North Dakota,XL,Brown,Summer,4.6,Yes,Free Shipping,Yes,Yes,40,Debit Card,Quarterly,2025-08-18
699,55,Male,699,Boots,Footwear,"1,037",$41.00,Iowa,M,Yellow,Winter,3.8,Yes,Standard,Yes,Yes,40,Debit Card,Weekly,2025-01-09
700,50,Male,700,Handbag,Accessories,"1,039",$46.00,Connecticut,M,Charcoal,Fall,2.6,Yes,2-Day Shipping,Yes,Yes,5,PayPal,Weekly,2025-10-21
701,57,Male,701,Pants,Clothing,"1,040",$79.00,Wisconsin,L,Olive,Winter,4.1,Yes,Standard,Yes,Yes,5,PayPal,Monthly,2025-02-22
702,51,Male,702,Boots,Footwear,"1,041",$90.00,Idaho,L,Red,Fall,3.3,Yes,Next Day Air,Yes,Yes,5,Debit Card,Every 3 Months,2025-09-16
703,18,Male,703,Shirt,Clothing,"1,042",$71.00,Montana,M,White,Winter,3.4,Yes,Store Pickup,Yes,Yes,1,Cash,Weekly,2025-01-04
704,63,Male,704,Dress,Clothing,"1,043",$87.00,Connecticut,L,Pink,Summer,3,Yes,Standard,Yes,Yes,21,Venmo,Weekly,2025-07-25
705,34,Male,705,Hoodie,Clothing,"1,045",$66.00,Idaho,S,Black,Spring,3.2,Yes,Express,Yes,Yes,18,PayPal,Annually,2025-05-27
706,25,Male,706,Pants,Clothing,"1,046",$90.00,Arkansas,XL,Indigo,Summer,4.5,Yes,Free Shipping,Yes,Yes,49,Cash,Quarterly,2025-08-01
707,46,Male,707,Jeans,Clothing,"1,047",$47.00,Iowa,L,Turquoise,Summer,4.8,Yes,Express,Yes,Yes,27,Debit Card,Weekly,2025-06-08
708,59,Male,708,Shirt,Clothing,"1,048",$38.00,Louisiana,L,Purple,Spring,3.7,Yes,Next Day Air,Yes,Yes,21,Venmo,Annually,2025-03-28
709,37,Male,709,Backpack,Accessories,"1,049",$50.00,Kentucky,L,Beige,Summer,3.4,Yes,Store Pickup,Yes,Yes,19,Cash,Fortnightly,2025-06-28
710,49,Male,710,Jacket,Outerwear,"1,051",$79.00,Massachusetts,L,Charcoal,Summer,4.6,Yes,Standard,Yes,Yes,23,Debit Card,Monthly,2025-07-15
711,22,Male,711,Scarf,Accessories,"1,052",$91.00,Virginia,L,Turquoise,Spring,4.1,Yes,Standard,Yes,Yes,26,PayPal,Fortnightly,2025-05-11
712,64,Male,712,Boots,Footwear,"1,053",$60.00,New Hampshire,M,Maroon,Spring,3.5,Yes,2-Day Shipping,Yes,Yes,13,Bank Transfer,Bi-Weekly,2025-03-20
713,42,Male,713,Blouse,Clothing,"1,054",$81.00,New Hampshire,XL,Black,Summer,3.8,Yes,Next Day Air,Yes,Yes,36,Bank Transfer,Quarterly,2025-06-19
714,37,Male,714,Hoodie,Clothing,"1,055",$90.00,Oregon,M,Lavender,Summer,2.6,Yes,Express,Yes,Yes,39,Bank Transfer,Bi-Weekly,2025-08-19
715,26,Male,715,Jacket,Outerwear,"1,057",$70.00,South Dakota,M,Magenta,Fall,4.4,Yes,Store Pickup,Yes,Yes,40,Debit Card,Fortnightly,2025-09-27
716,33,Male,716,Jeans,Clothing,"1,058",$63.00,Delaware,L,Green,Spring,2.6,Yes,Express,Yes,Yes,37,Debit Card,Quarterly,2025-05-04
717,30,Male,717,Jewelry,Accessories,"1,059",$29.00,Missouri,M,Olive,Spring,3.6,Yes,Express,Yes,Yes,9,Venmo,Bi-Weekly,2025-04-01
718,21,Male,718,Socks,Clothing,"1,060",$90.00,Alaska,L,Green,Spring,4.2,Yes,Express,Yes,Yes,7,Venmo,Every 3 Months,2025-04-24
719,22,Male,719,Shirt,Clothing,"1,061",$22.00,Florida,M,Peach,Summer,4.6,Yes,Standard,Yes,Yes,25,Bank Transfer,Annually,2025-07-21
720,63,Male,720,Shorts,Clothing,"1,063",$22.00,Mississippi,L,Turquoise,Summer,3.3,Yes,Next Day Air,Yes,Yes,42,Venmo,Bi-Weekly,2025-06-07
721,33,Male,721,Jewelry,Accessories,"1,064",$62.00,New Mexico,L,Orange,Fall,3.4,Yes,Free Shipping,Yes,Yes,19,Debit Card,Weekly,2025-10-10
722,43,Male,722,Blouse,Clothing,"1,065",$57.00,California,L,Silver,Summer,4.4,Yes,Next Day Air,Yes,Yes,41,Debit Card,Every 3 Months,2025-07-03
723,27,Male,723,Sweater,Clothing,"1,066",$32.00,Wyoming,S,Blue,Summer,4.3,Yes,Store Pickup,Yes,Yes,50,Cash,Bi-Weekly,2025-08-10
724,35,Male,724,Jewelry,Accessories,"1,067",$53.00,Missouri,L,Cyan,Fall,3.5,Yes,Express,Yes,Yes,43,PayPal,Monthly,2025-10-19
725,37,Male,725,T-shirt,Clothing,"1,069",$79.00,New Hampshire,XL,Green,Fall,4.7,Yes,Store Pickup,Yes,Yes,36,Venmo,Every 3 Months,2025-11-24
726,61,Male,726,Hat,Accessories,"1,070",$61.00,Texas,L,Silver,Winter,3.1,Yes,Standard,Yes,Yes,33,Debit Card,Fortnightly,2025-12-28
727,32,Male,727,Shorts,Clothing,"1,071",$78.00,North Dakota,L,Yellow,Summer,3.6,Yes,Next Day Air,Yes,Yes,20,Bank Transfer,Every 3 Months,2025-07-19
728,62,Male,728,Sweater,Clothing,"1,072",$97.00,Arkansas,S,Gray,Winter,4.8,Yes,Next Day Air,Yes,Yes,37,Venmo,Every 3 Months,2025-02-02
729,29,Male,729,Jeans,Clothing,"1,073",$78.00,Nebraska,M,Pink,Winter,3.7,Yes,Next Day Air,Yes,Yes,12,PayPal,Every 3 Months,2025-02-27
730,41,Male,730,Sunglasses,Accessories,"1,075",$56.00,Minnesota,L,Beige,Summer,3.2,Yes,Express,Yes,Yes,46,PayPal,Every 3 Months,2025-08-09
731,48,Male,731,Boots,Footwear,"1,076",$25.00,Massachusetts,M,Indigo,Summer,3.9,Yes,Standard,Yes,Yes,28,Venmo,Fortnightly,2025-06-09
732,43,Male,732,Coat,Outerwear,"1,077",$28.00,Arkansas,M,Red,Spring,3.5,Yes,Free Shipping,Yes,Yes,30,PayPal,Fortnightly,2025-03-09
733,34,Male,733,Shirt,Clothing,"1,078",$57.00,New Hampshire,L,Blue,Spring,2.8,Yes,Express,Yes,Yes,28,Cash,Bi-Weekly,2025-04-16
734,45,Male,734,Dress,Clothing,"1,079",$36.00,Rhode Island,L,Cyan,Fall,2.7,Yes,2-Day Shipping,Yes,Yes,20,Debit Card,Bi-Weekly,2025-11-26
735,65,Male,735,Shirt,Clothing,"1,081",$69.00,New Jersey,S,Violet,Winter,3.1,Yes,Express,Yes,Yes,39,Bank Transfer,Every 3 Months,2025-01-21
736,61,Male,736,Sunglasses,Accessories,"1,082",$48.00,Montana,M,Orange,Fall,3.6,Yes,2-Day Shipping,Yes,Yes,48,Cash,Bi-Weekly,2025-10-21
737,18,Male,737,Dress,Clothing,"1,083",$58.00,Colorado,L,Maroon,Spring,2.9,Yes,2-Day Shipping,Yes,Yes,32,Credit Card,Every 3 Months,2025-03-03
738,47,Male,738,Sunglasses,Accessories,"1,084",$24.00,Nebraska,M,Teal,Spring,3.6,Yes,Store Pickup,Yes,Yes,28,PayPal,Annually,2025-03-11
739,56,Male,739,Sunglasses,Accessories,"1,085",$31.00,Minnesota,L,Orange,Winter,3.5,Yes,2-Day Shipping,Yes,Yes,27,Venmo,Quarterly,2025-01-26
740,64,Male,740,Shorts,Clothing,"1,087",$29.00,Minnesota,S,Purple,Summer,3.5,Yes,Free Shipping,Yes,Yes,26,Venmo,Bi-Weekly,2025-06-02
741,26,Male,741,Jeans,Clothing,"1,088",$69.00,South Dakota,M,Orange,Summer,2.8,Yes,Next Day Air,Yes,Yes,22,Credit Card,Fortnightly,2025-07-13
742,22,Male,742,T-shirt,Clothing,"1,089",$79.00,West Virginia,XL,Yellow,Summer,4.7,Yes,Free Shipping,Yes,Yes,23,Bank Transfer,Every 3 Months,2025-07-22
743,64,Male,743,Pants,Clothing,"1,090",$39.00,Nevada,M,Charcoal,Summer,3.1,Yes,Express,Yes,Yes,21,Debit Card,Quarterly,2025-06-03
744,21,Male,744,Sunglasses,Accessories,"1,091",$84.00,North Carolina,L,Gray,Fall,4.9,Yes,Free Shipping,Yes,Yes,36,Cash,Weekly,2025-09-15
745,67,Male,745,Boots,Footwear,"1,093",$66.00,Illinois,S,Charcoal,Spring,4.1,Yes,Next Day Air,Yes,Yes,42,Debit Card,Bi-Weekly,2025-03-13
746,46,Male,746,T-shirt,Clothing,"1,094",$92.00,Michigan,L,Orange,Fall,4.7,Yes,Standard,Yes,Yes,4,Venmo,Monthly,2025-11-22
747,40,Male,747,Sandals,Footwear,"1,095",$45.00,Michigan,M,Red,Winter,2.5,Yes,Free Shipping,Yes,Yes,47,Credit Card,Annually,2025-02-01
748,51,Male,748,Shorts,Clothing,"1,096",$74.00,Oklahoma,L,Gold,Spring,4.4,Yes,Next Day Air,Yes,Yes,13,Bank Transfer,Weekly,2025-05-08
749,35,Male,749,Hat,Accessories,"1,097",$39.00,South Dakota,L,Brown,Fall,3.9,Yes,Free Shipping,Yes,Yes,8,Bank Transfer,Quarterly,2025-11-15
750,56,Male,750,Scarf,Accessories,"1,099",$71.00,Oklahoma,M,Olive,Winter,3.7,Yes,Standard,Yes,Yes,11,Debit Card,Quarterly,2025-01-14
751,25,Male,751,T-shirt,Clothing,"1,100",$95.00,Maryland,L,Violet,Fall,3.4,Yes,Free Shipping,Yes,Yes,5,Venmo,Annually,2025-10-26
752,65,Male,752,Gloves,Accessories,"1,101",$72.00,Ohio,L,Indigo,Fall,4.8,Yes,Free Shipping,Yes,Yes,1,Credit Card,Monthly,2025-09-05
753,39,Male,753,Scarf,Accessories,"1,102",$85.00,Ohio,L,Yellow,Fall,4.2,Yes,2-Day Shipping,Yes,Yes,17,PayPal,Every 3 Months,2025-10-20
754,47,Male,754,Boots,Footwear,"1,103",$54.00,Massachusetts,M,Teal,Fall,3.4,Yes,Store Pickup,Yes,Yes,27,Venmo,Quarterly,2025-09-12
755,36,Male,755,Gloves,Accessories,"1,105",$41.00,North Carolina,L,Pink,Spring,2.9,Yes,Store Pickup,Yes,Yes,3,Debit Card,Quarterly,2025-03-05
756,66,Male,756,Coat,Outerwear,"1,106",$24.00,Florida,M,Violet,Spring,3.3,Yes,Free Shipping,Yes,Yes,22,PayPal,Weekly,2025-04-26
757,62,Male,757,Belt,Accessories,"1,107",$99.00,Montana,S,Orange,Summer,4.8,Yes,Standard,Yes,Yes,24,Cash,Fortnightly,2025-06-07
758,41,Male,758,Hoodie,Clothing,"1,108",$32.00,Minnesota,M,Red,Fall,3.8,Yes,Store Pickup,Yes,Yes,18,Debit Card,Quarterly,2025-10-28
759,66,Male,759,Shoes,Footwear,"1,109",$71.00,Massachusetts,L,Peach,Summer,4.6,Yes,2-Day Shipping,Yes,Yes,39,Bank Transfer,Every 3 Months,2025-06-11
760,51,Male,760,Dress,Clothing,"1,111",$49.00,Rhode Island,XL,Green,Winter,2.6,Yes,Next Day Air,Yes,Yes,25,Credit Card,Fortnightly,2025-02-01
761,33,Male,761,Gloves,Accessories,"1,112",$50.00,Minnesota,XL,Violet,Fall,3.4,Yes,Free Shipping,Yes,Yes,6,Cash,Annually,2025-10-19
762,57,Male,762,Jewelry,Accessories,"1,113",$91.00,Nevada,L,Yellow,Fall,4.2,Yes,Express,Yes,Yes,26,Bank Transfer,Weekly,2025-09-22
763,45,Male,763,Belt,Accessories,"1,114",$46.00,New Mexico,M,Pink,Fall,3.9,Yes,Standard,Yes,Yes,43,Debit Card,Fortnightly,2025-09-15
764,61,Male,764,Sweater,Clothing,"1,115",$50.00,North Carolina,M,Brown,Spring,2.9,Yes,2-Day Shipping,Yes,Yes,6,Credit Card,Monthly,2025-04-22
765,55,Male,765,Skirt,Clothing,"1,117",$39.00,Virginia,XL,Silver,Fall,4.2,Yes,Free Shipping,Yes,Yes,6,Debit Card,Quarterly,2025-11-16
766,54,Male,766,Sneakers,Footwear,"1,118",$99.00,Alaska,M,Pink,Summer,3,Yes,Store Pickup,Yes,Yes,13,Cash,Quarterly,2025-07-16
767,57,Male,767,Gloves,Accessories,"1,119",$48.00,Nevada,M,Cyan,Winter,3.6,Yes,Next Day Air,Yes,Yes,13,PayPal,Monthly,2025-02-24
768,27,Male,768,Coat,Outerwear,"1,120",$77.00,Pennsylvania,M,Brown,Fall,2.5,Yes,Next Day Air,Yes,Yes,11,Cash,Annually,2025-10-17
769,64,Male,769,Backpack,Accessories,"1,121",$95.00,Illinois,XL,Red,Spring,2.6,Yes,Express,Yes,Yes,45,Venmo,Weekly,2025-04-07
770,52,Male,770,Socks,Clothing,"1,123",$100.00,Delaware,M,Silver,Spring,4.3,Yes,Store Pickup,Yes,Yes,8,PayPal,Monthly,2025-03-08
771,19,Male,771,Sneakers,Footwear,"1,124",$54.00,Vermont,M,Gray,Spring,3.3,Yes,Express,Yes,Yes,8,Credit Card,Annually,2025-04-21
772,22,Male,772,Sweater,Clothing,"1,125",$68.00,Hawaii,L,Cyan,Fall,2.6,Yes,Next Day Air,Yes,Yes,34,Bank Transfer,Fortnightly,2025-11-15
773,18,Male,773,Jeans,Clothing,"1,126",$22.00,Illinois,L,Teal,Fall,3.6,Yes,Free Shipping,Yes,Yes,40,Debit Card,Bi-Weekly,2025-09-18
774,29,Male,774,Hat,Accessories,"1,127",$84.00,California,L,Indigo,Winter,2.6,Yes,Express,Yes,Yes,14,Debit Card,Bi-Weekly,2025-01-05
775,42,Male,775,Hat,Accessories,"1,129",$46.00,Nevada,M,Yellow,Summer,3.5,Yes,Standard,Yes,Yes,11,Credit Card,Quarterly,2025-07-20
776,49,Male,776,Handbag,Accessories,"1,130",$53.00,Kentucky,S,Gold,Winter,3,Yes,Store Pickup,Yes,Yes,8,PayPal,Monthly,2025-12-18
777,49,Male,777,Shirt,Clothing,"1,131",$60.00,Alabama,M,Maroon,Spring,5,Yes,Standard,Yes,Yes,8,Venmo,Every 3 Months,2025-04-07
778,55,Male,778,Socks,Clothing,"1,132",$32.00,Wyoming,XL,Silver,Spring,2.5,Yes,Express,Yes,Yes,37,Venmo,Weekly,2025-03-16
779,29,Male,779,Socks,Clothing,"1,133",$50.00,Massachusetts,M,Yellow,Summer,2.9,Yes,Store Pickup,Yes,Yes,23,Debit Card,Annually,2025-07-25
780,60,Male,780,Dress,Clothing,"1,135",$94.00,Utah,M,Blue,Spring,4.6,Yes,Express,Yes,Yes,38,Cash,Annually,2025-04-10
781,34,Male,781,Shoes,Footwear,"1,136",$26.00,New York,M,Turquoise,Spring,3.6,Yes,Free Shipping,Yes,Yes,38,Cash,Quarterly,2025-04-09
782,30,Male,782,Scarf,Accessories,"1,137",$44.00,Vermont,L,Indigo,Winter,3,Yes,Store Pickup,Yes,Yes,12,Credit Card,Fortnightly,2025-02-06
783,28,Male,783,Hoodie,Clothing,"1,138",$57.00,Hawaii,M,Green,Summer,4.5,Yes,Standard,Yes,Yes,15,Cash,Weekly,2025-07-03
784,63,Male,784,T-shirt,Clothing,"1,139",$65.00,Louisiana,L,Purple,Winter,4.5,Yes,Next Day Air,Yes,Yes,38,PayPal,Fortnightly,2025-01-22
785,31,Male,785,Jeans,Clothing,"1,141",$72.00,Alabama,M,Peach,Winter,3.2,Yes,Store Pickup,Yes,Yes,41,Bank Transfer,Every 3 Months,2025-12-24
786,46,Male,786,Shorts,Clothing,"1,142",$62.00,Louisiana,S,Purple,Spring,4,Yes,Next Day Air,Yes,Yes,37,PayPal,Fortnightly,2025-04-21
787,70,Male,787,Hat,Accessories,"1,143",$21.00,Indiana,S,Teal,Winter,4.8,Yes,Express,Yes,Yes,16,Bank Transfer,Every 3 Months,2025-01-12
788,53,Male,788,Handbag,Accessories,"1,144",$85.00,Michigan,S,Green,Spring,3.7,Yes,Free Shipping,Yes,Yes,25,Venmo,Weekly,2025-04-17
789,50,Male,789,Pants,Clothing,"1,145",$51.00,Rhode Island,XL,Yellow,Summer,3.8,Yes,Store Pickup,Yes,Yes,18,Bank Transfer,Quarterly,2025-06-13
790,33,Male,790,Handbag,Accessories,"1,147",$84.00,Idaho,S,Purple,Fall,2.7,Yes,Standard,Yes,Yes,4,Credit Card,Bi-Weekly,2025-10-12
791,22,Male,791,Sweater,Clothing,"1,148",$37.00,Louisiana,M,Indigo,Summer,4.9,Yes,Store Pickup,Yes,Yes,12,Bank Transfer,Quarterly,2025-07-10
792,50,Male,792,Scarf,Accessories,"1,149",$44.00,North Carolina,S,Magenta,Summer,3.1,Yes,2-Day Shipping,Yes,Yes,35,PayPal,Fortnightly,2025-08-08
793,34,Male,793,Sneakers,Footwear,"1,150",$45.00,New Jersey,M,Violet,Spring,4.2,Yes,Next Day Air,Yes,Yes,45,Venmo,Weekly,2025-04-12
794,24,Male,794,Pants,Clothing,"1,151",$35.00,Alabama,L,Maroon,Summer,3.8,Yes,Free Shipping,Yes,Yes,16,Credit Card,Monthly,2025-07-13
795,69,Male,795,Backpack,Accessories,"1,153",$50.00,Kentucky,XL,Yellow,Winter,4.2,Yes,Store Pickup,Yes,Yes,10,Debit Card,Fortnightly,2025-12-08
796,39,Male,796,Sandals,Footwear,"1,154",$26.00,New York,M,Beige,Summer,4.6,Yes,Store Pickup,Yes,Yes,34,Venmo,Annually,2025-07-18
797,42,Male,797,Socks,Clothing,"1,155",$78.00,Arizona,XL,Black,Fall,4,Yes,2-Day Shipping,Yes,Yes,43,Credit Card,Annually,2025-09-28
798,42,Male,798,Coat,Outerwear,"1,156",$82.00,Maryland,M,Violet,Fall,4,Yes,2-Day Shipping,Yes,Yes,38,Debit Card,Weekly,2025-09-27
799,29,Male,799,Socks,Clothing,"1,157",$39.00,Alaska,M,Violet,Spring,3.8,Yes,2-Day Shipping,Yes,Yes,48,PayPal,Every 3 Months,2025-03-18
800,55,Male,800,Belt,Accessories,"1,159",$55.00,Nevada,L,Brown,Summer,3.3,Yes,Free Shipping,Yes,Yes,31,PayPal,Annually,2025-08-12
801,32,Male,801,Socks,Clothing,"1,160",$20.00,Utah,S,Gold,Summer,2.6,Yes,Free Shipping,Yes,Yes,20,Cash,Every 3 Months,2025-08-22
802,25,Male,802,Belt,Accessories,"1,161",$29.00,New Mexico,L,Blue,Fall,4.9,Yes,Express,Yes,Yes,12,Credit Card,Fortnightly,2025-11-08
803,38,Male,803,Pants,Clothing,"1,162",$41.00,Delaware,M,Teal,Winter,3.5,Yes,Next Day Air,Yes,Yes,2,Bank Transfer,Weekly,2025-12-07
804,32,Male,804,Shorts,Clothing,"1,163",$38.00,Connecticut,L,Silver,Winter,2.8,Yes,Express,Yes,Yes,30,Venmo,Every 3 Months,2025-02-18
805,43,Male,805,Boots,Footwear,"1,165",$47.00,Mississippi,M,Maroon,Summer,2.6,Yes,Store Pickup,Yes,Yes,28,Venmo,Quarterly,2025-06-11
806,41,Male,806,Dress,Clothing,"1,166",$30.00,Connecticut,L,White,Summer,3.7,Yes,Next Day Air,Yes,Yes,40,Debit Card,Monthly,2025-08-08
807,56,Male,807,Jeans,Clothing,"1,167",$56.00,Florida,L,Charcoal,Summer,2.7,Yes,Standard,Yes,Yes,46,PayPal,Quarterly,2025-08-17
808,27,Male,808,T-shirt,Clothing,"1,168",$89.00,New York,S,Brown,Winter,3.3,Yes,Express,Yes,Yes,15,Credit Card,Weekly,2025-12-15
809,46,Male,809,Shoes,Footwear,"1,169",$96.00,Wisconsin,L,Lavender,Fall,4.6,Yes,Next Day Air,Yes,Yes,38,Cash,Every 3 Months,2025-10-13
810,48,Male,810,Boots,Footwear,"1,171",$81.00,South Carolina,M,Violet,Fall,4.9,Yes,Next Day Air,Yes,Yes,30,PayPal,Bi-Weekly,2025-09-01
811,52,Male,811,Scarf,Accessories,"1,172",$83.00,South Dakota,S,Lavender,Fall,4.9,Yes,Store Pickup,Yes,Yes,32,Debit Card,Bi-Weekly,2025-09-06
812,18,Male,812,Sneakers,Footwear,"1,173",$35.00,Illinois,M,Green,Winter,2.7,Yes,Free Shipping,Yes,Yes,36,Venmo,Quarterly,2025-02-28
813,64,Male,813,Boots,Footwear,"1,174",$56.00,Alaska,M,Olive,Summer,3.2,Yes,Standard,Yes,Yes,32,Credit Card,Weekly,2025-06-18
814,54,Male,814,Handbag,Accessories,"1,175",$45.00,Montana,S,Olive,Summer,2.9,Yes,Store Pickup,Yes,Yes,14,Debit Card,Annually,2025-07-16
815,31,Male,815,Shirt,Clothing,"1,177",$62.00,Minnesota,M,Pink,Winter,3.8,Yes,Express,Yes,Yes,8,PayPal,Monthly,2025-02-13
816,30,Male,816,Hat,Accessories,"1,178",$84.00,West Virginia,L,Teal,Spring,3,Yes,Next Day Air,Yes,Yes,27,Venmo,Bi-Weekly,2025-05-11
817,26,Male,817,Sweater,Clothing,"1,179",$24.00,Illinois,L,Cyan,Summer,3.9,Yes,Store Pickup,Yes,Yes,24,Debit Card,Monthly,2025-06-07
818,25,Male,818,Handbag,Accessories,"1,180",$21.00,Nevada,S,Gray,Spring,4.7,Yes,Store Pickup,Yes,Yes,30,PayPal,Fortnightly,2025-03-12
819,59,Male,819,Shirt,Clothing,"1,181",$91.00,Idaho,M,Peach,Winter,4.9,Yes,Store Pickup,Yes,Yes,34,Debit Card,Monthly,2025-02-24
820,55,Male,820,Sunglasses,Accessories,"1,183",$36.00,Colorado,S,Teal,Winter,4.8,Yes,Next Day Air,Yes,Yes,28,Debit Card,Quarterly,2025-12-16
821,56,Male,821,Sneakers,Footwear,"1,184",$39.00,Louisiana,M,Turquoise,Spring,2.5,Yes,2-Day Shipping,Yes,Yes,27,Debit Card,Monthly,2025-03-27
822,62,Male,822,Hoodie,Clothing,"1,185",$39.00,Vermont,M,Green,Spring,3.9,Yes,Standard,Yes,Yes,31,Credit Card,Bi-Weekly,2025-05-13
823,35,Male,823,Shirt,Clothing,"1,186",$59.00,Mississippi,L,Magenta,Winter,3.4,Yes,Standard,Yes,Yes,23,Bank Transfer,Annually,2025-02-05
824,51,Male,824,Sunglasses,Accessories,"1,187",$27.00,Georgia,M,Green,Winter,2.5,Yes,Free Shipping,Yes,Yes,11,Credit Card,Quarterly,2025-12-03
825,61,Male,825,Blouse,Clothing,"1,189",$94.00,Georgia,M,White,Spring,3,Yes,Store Pickup,Yes,Yes,48,Cash,Quarterly,2025-03-28
826,27,Male,826,Belt,Accessories,"1,190",$94.00,Nebraska,XL,Brown,Fall,3.6,Yes,Next Day Air,Yes,Yes,17,Cash,Monthly,2025-10-08
827,54,Male,827,Dress,Clothing,"1,191",$94.00,Massachusetts,M,Purple,Winter,3.6,Yes,Standard,Yes,Yes,36,PayPal,Weekly,2025-01-28
828,31,Male,828,Shoes,Footwear,"1,192",$51.00,Colorado,S,Green,Fall,4.1,Yes,Free Shipping,Yes,Yes,33,Bank Transfer,Fortnightly,2025-11-10
829,24,Male,829,Socks,Clothing,"1,193",$62.00,Nevada,M,Peach,Fall,3.7,Yes,2-Day Shipping,Yes,Yes,27,PayPal,Bi-Weekly,2025-09-02
830,42,Male,830,Socks,Clothing,"1,195",$57.00,Idaho,S,Silver,Spring,3.1,Yes,2-Day Shipping,Yes,Yes,14,Credit Card,Fortnightly,2025-03-22
831,41,Male,831,Shorts,Clothing,"1,196",$76.00,Wyoming,M,Maroon,Fall,4.2,Yes,Express,Yes,Yes,5,Credit Card,Annually,2025-10-24
832,66,Male,832,Gloves,Accessories,"1,197",$63.00,Washington,M,Red,Summer,4.3,Yes,Express,Yes,Yes,47,Cash,Every 3 Months,2025-07-27
833,58,Male,833,Jacket,Outerwear,"1,198",$80.00,California,L,Blue,Fall,2.5,Yes,Express,Yes,Yes,28,Cash,Bi-Weekly,2025-10-08
834,43,Male,834,Handbag,Accessories,"1,199",$68.00,Oklahoma,M,Purple,Fall,3.5,Yes,Standard,Yes,Yes,11,Credit Card,Annually,2025-11-18
835,52,Male,835,Backpack,Accessories,"1,201",$89.00,Nevada,M,Indigo,Summer,3.1,Yes,Free Shipping,Yes,Yes,18,Credit Card,Weekly,2025-06-28
836,35,Male,836,Boots,Footwear,"1,202",$26.00,Maryland,L,Indigo,Summer,2.5,Yes,Next Day Air,Yes,Yes,21,Debit Card,Weekly,2025-06-11
837,23,Male,837,Gloves,Accessories,"1,203",$90.00,West Virginia,L,Violet,Winter,3.9,Yes,Store Pickup,Yes,Yes,22,Cash,Bi-Weekly,2025-12-18
838,25,Male,838,Hoodie,Clothing,"1,204",$28.00,Illinois,L,Brown,Spring,4.9,Yes,Express,Yes,Yes,33,Cash,Every 3 Months,2025-05-13
839,33,Male,839,Coat,Outerwear,"1,205",$29.00,Kentucky,M,Gray,Spring,4.3,Yes,Express,Yes,Yes,49,Credit Card,Annually,2025-05-06
840,48,Male,840,Shirt,Clothing,"1,207",$31.00,Illinois,L,Teal,Spring,2.6,Yes,Free Shipping,Yes,Yes,10,Debit Card,Every 3 Months,2025-04-11
841,42,Male,841,Shirt,Clothing,"1,208",$24.00,Alabama,L,Teal,Summer,4.2,Yes,2-Day Shipping,Yes,Yes,18,PayPal,Weekly,2025-07-20
842,55,Male,842,Sweater,Clothing,"1,209",$88.00,Texas,M,Beige,Summer,2.6,Yes,Store Pickup,Yes,Yes,28,PayPal,Fortnightly,2025-07-10
843,59,Male,843,Shirt,Clothing,"1,210",$87.00,Missouri,M,Violet,Spring,3.6,Yes,Express,Yes,Yes,25,PayPal,Weekly,2025-05-08
844,65,Male,844,Hoodie,Clothing,"1,211",$80.00,Pennsylvania,S,Beige,Summer,3.2,Yes,Express,Yes,Yes,6,PayPal,Weekly,2025-07-18
845,59,Male,845,Sandals,Footwear,"1,213",$48.00,Missouri,L,Purple,Winter,4.4,Yes,Express,Yes,Yes,44,Venmo,Bi-Weekly,2025-02-23
846,31,Male,846,Belt,Accessories,"1,214",$21.00,Michigan,XL,Charcoal,Winter,3.7,Yes,Standard,Yes,Yes,30,Venmo,Monthly,2025-02-05
847,49,Male,847,Boots,Footwear,"1,215",$72.00,Kentucky,M,Pink,Spring,3.7,Yes,Express,Yes,Yes,42,Debit Card,Quarterly,2025-04-27
848,53,Male,848,Hoodie,Clothing,"1,216",$44.00,New Jersey,L,Blue,Fall,4.1,Yes,Standard,Yes,Yes,30,PayPal,Monthly,2025-10-24
849,48,Male,849,Sandals,Footwear,"1,217",$73.00,Delaware,M,Lavender,Fall,3.6,Yes,Store Pickup,Yes,Yes,33,Credit Card,Bi-Weekly,2025-11-14
850,23,Male,850,Jeans,Clothing,"1,219",$61.00,Missouri,S,Charcoal,Spring,4.3,Yes,Express,Yes,Yes,24,PayPal,Quarterly,2025-05-20
851,68,Male,851,Shoes,Footwear,"1,220",$20.00,Connecticut,L,Turquoise,Winter,2.6,Yes,Store Pickup,Yes,Yes,13,Venmo,Monthly,2025-12-27
852,35,Male,852,Sandals,Footwear,"1,221",$86.00,Massachusetts,M,Red,Summer,2.9,Yes,Express,Yes,Yes,19,Debit Card,Monthly,2025-06-13
853,34,Male,853,Dress,Clothing,"1,222",$60.00,Florida,L,Yellow,Spring,4.2,Yes,Next Day Air,Yes,Yes,23,Debit Card,Every 3 Months,2025-03-28
854,62,Male,854,Hat,Accessories,"1,223",$43.00,Delaware,L,Orange,Winter,4,Yes,Free Shipping,Yes,Yes,35,Cash,Monthly,2025-02-18
855,21,Male,855,Pants,Clothing,"1,225",$44.00,California,L,Blue,Spring,4.3,Yes,Free Shipping,Yes,Yes,22,Venmo,Monthly,2025-04-05
856,70,Male,856,Socks,Clothing,"1,226",$76.00,Oregon,L,Gold,Spring,3,Yes,2-Day Shipping,Yes,Yes,14,Credit Card,Quarterly,2025-03-28
857,55,Male,857,Shirt,Clothing,"1,227",$33.00,Alaska,M,Gold,Summer,3.5,Yes,Express,Yes,Yes,47,Debit Card,Fortnightly,2025-08-03
858,43,Male,858,Shorts,Clothing,"1,228",$60.00,Missouri,L,Cyan,Fall,3,Yes,Standard,Yes,Yes,50,Debit Card,Every 3 Months,2025-11-14
859,19,Male,859,Jacket,Outerwear,"1,229",$26.00,Oklahoma,L,Olive,Fall,3.1,Yes,Free Shipping,Yes,Yes,33,PayPal,Weekly,2025-11-11
860,47,Male,860,Hoodie,Clothing,"1,231",$73.00,Wisconsin,M,Teal,Winter,4,Yes,Next Day Air,Yes,Yes,7,Debit Card,Monthly,2025-12-06
861,26,Male,861,Shoes,Footwear,"1,232",$87.00,South Carolina,M,Maroon,Spring,4.1,Yes,Standard,Yes,Yes,3,Cash,Monthly,2025-03-14
862,46,Male,862,Skirt,Clothing,"1,233",$100.00,Virginia,XL,Green,Spring,3.3,Yes,2-Day Shipping,Yes,Yes,35,Credit Card,Every 3 Months,2025-05-14
863,19,Male,863,Coat,Outerwear,"1,234",$84.00,Arkansas,M,Charcoal,Winter,4.9,Yes,Standard,Yes,Yes,13,PayPal,Fortnightly,2025-01-10
864,49,Male,864,Sneakers,Footwear,"1,235",$41.00,Vermont,M,Cyan,Summer,3.9,Yes,Standard,Yes,Yes,42,PayPal,Fortnightly,2025-07-01
865,51,Male,865,Jeans,Clothing,"1,237",$59.00,Kentucky,S,Charcoal,Winter,3.9,Yes,Next Day Air,Yes,Yes,5,PayPal,Annually,2025-12-06
866,64,Male,866,Blouse,Clothing,"1,238",$26.00,Colorado,L,Charcoal,Winter,4.8,Yes,Store Pickup,Yes,Yes,23,Venmo,Annually,2025-01-06
867,67,Male,867,Sunglasses,Accessories,"1,239",$69.00,New Mexico,M,Lavender,Summer,2.7,Yes,Free Shipping,Yes,Yes,11,PayPal,Bi-Weekly,2025-07-09
868,37,Male,868,Jacket,Outerwear,"1,240",$20.00,Colorado,M,Turquoise,Spring,3.1,Yes,Free Shipping,Yes,Yes,23,Bank Transfer,Fortnightly,2025-05-16
869,40,Male,869,Dress,Clothing,"1,241",$83.00,North Carolina,M,Green,Summer,3.2,Yes,Next Day Air,Yes,Yes,2,Credit Card,Every 3 Months,2025-07-16
870,38,Male,870,Hat,Accessories,"1,243",$54.00,New Hampshire,M,Silver,Spring,2.7,Yes,2-Day Shipping,Yes,Yes,33,PayPal,Weekly,2025-03-25
871,66,Male,871,Hoodie,Clothing,"1,244",$66.00,West Virginia,M,Blue,Fall,2.5,Yes,Standard,Yes,Yes,6,Bank Transfer,Bi-Weekly,2025-10-06
872,47,Male,872,Handbag,Accessories,"1,245",$42.00,Hawaii,M,Charcoal,Spring,2.6,Yes,Next Day Air,Yes,Yes,45,Debit Card,Quarterly,2025-05-02
873,56,Male,873,Jeans,Clothing,"1,246",$33.00,North Dakota,M,Pink,Spring,2.9,Yes,Standard,Yes,Yes,25,Cash,Quarterly,2025-04-09
874,51,Male,874,Boots,Footwear,"1,247",$77.00,Mississippi,M,Pink,Summer,4.2,Yes,Free Shipping,Yes,Yes,24,Venmo,Quarterly,2025-06-24
875,25,Male,875,Jacket,Outerwear,"1,249",$65.00,Maine,M,Magenta,Fall,4.4,Yes,Free Shipping,Yes,Yes,10,Venmo,Every 3 Months,2025-09-02
876,37,Male,876,Sandals,Footwear,"1,250",$39.00,North Dakota,L,Gray,Summer,4.1,Yes,Free Shipping,Yes,Yes,7,Bank Transfer,Every 3 Months,2025-08-02
877,41,Male,877,Belt,Accessories,"1,251",$51.00,Nebraska,L,Gray,Summer,3.8,Yes,2-Day Shipping,Yes,Yes,1,Debit Card,Weekly,2025-07-19
878,64,Male,878,Handbag,Accessories,"1,252",$65.00,Nebraska,M,Orange,Winter,4.9,Yes,Next Day Air,Yes,Yes,45,Venmo,Every 3 Months,2025-02-13
879,23,Male,879,Sunglasses,Accessories,"1,253",$89.00,Tennessee,S,Black,Summer,4.9,Yes,Express,Yes,Yes,37,Debit Card,Weekly,2025-07-12
880,62,Male,880,Skirt,Clothing,"1,255",$76.00,Wyoming,S,Lavender,Spring,4.1,Yes,Free Shipping,Yes,Yes,14,PayPal,Quarterly,2025-03-19
881,39,Male,881,Backpack,Accessories,"1,256",$75.00,Nevada,L,Red,Spring,3.1,Yes,Express,Yes,Yes,25,Debit Card,Monthly,2025-05-08
882,52,Male,882,Sandals,Footwear,"1,257",$61.00,South Carolina,M,Silver,Summer,2.7,Yes,Next Day Air,Yes,Yes,18,Venmo,Annually,2025-07-21
883,50,Male,883,Boots,Footwear,"1,258",$35.00,Virginia,M,Cyan,Fall,3.8,Yes,Next Day Air,Yes,Yes,37,Cash,Every 3 Months,2025-11-18
884,28,Male,884,Sneakers,Footwear,"1,259",$37.00,Pennsylvania,S,Gold,Fall,4.3,Yes,Free Shipping,Yes,Yes,30,Bank Transfer,Monthly,2025-11-21
885,67,Male,885,Skirt,Clothing,"1,261",$91.00,Hawaii,L,Yellow,Winter,4.1,Yes,Express,Yes,Yes,34,Bank Transfer,Weekly,2025-02-25
886,41,Male,886,Dress,Clothing,"1,262",$99.00,Ohio,L,Purple,Fall,4.4,Yes,Free Shipping,Yes,Yes,49,Debit Card,Every 3 Months,2025-10-16
887,19,Male,887,Shorts,Clothing,"1,263",$54.00,Utah,S,Brown,Summer,3.6,Yes,Express,Yes,Yes,48,Bank Transfer,Monthly,2025-06-21
888,70,Male,888,Handbag,Accessories,"1,264",$47.00,Minnesota,L,Turquoise,Winter,3.3,Yes,2-Day Shipping,Yes,Yes,33,PayPal,Fortnightly,2025-12-25
889,49,Male,889,Scarf,Accessories,"1,265",$77.00,New Hampshire,S,Gold,Spring,3.6,Yes,Express,Yes,Yes,44,Cash,Annually,2025-04-17
890,59,Male,890,Belt,Accessories,"1,267",$84.00,Arizona,S,Olive,Fall,2.8,Yes,Free Shipping,Yes,Yes,50,Venmo,Weekly,2025-10-07
891,52,Male,891,Gloves,Accessories,"1,268",$51.00,New York,S,Purple,Spring,4.3,Yes,2-Day Shipping,Yes,Yes,47,Credit Card,Monthly,2025-05-04
892,20,Male,892,Skirt,Clothing,"1,269",$26.00,Pennsylvania,S,Lavender,Summer,3.9,Yes,Store Pickup,Yes,Yes,24,PayPal,Every 3 Months,2025-08-17
893,31,Male,893,Shorts,Clothing,"1,270",$64.00,New Mexico,L,Gray,Summer,2.7,Yes,Free Shipping,Yes,Yes,43,Debit Card,Monthly,2025-06-22
894,33,Male,894,Backpack,Accessories,"1,271",$51.00,Nebraska,M,Red,Spring,4.7,Yes,Express,Yes,Yes,14,Venmo,Monthly,2025-04-09
895,44,Male,895,Hoodie,Clothing,"1,273",$60.00,Wyoming,L,Purple,Spring,3.8,Yes,Free Shipping,Yes,Yes,3,Debit Card,Quarterly,2025-03-22
896,40,Male,896,Hat,Accessories,"1,274",$69.00,Mississippi,XL,Olive,Spring,4.7,Yes,Next Day Air,Yes,Yes,33,Debit Card,Quarterly,2025-03-28
897,69,Male,897,Jewelry,Accessories,"1,275",$29.00,Arkansas,M,Lavender,Spring,4.7,Yes,Express,Yes,Yes,38,Cash,Fortnightly,2025-05-11
898,29,Male,898,Shirt,Clothing,"1,276",$91.00,Illinois,M,Gray,Spring,3.4,Yes,Express,Yes,Yes,46,Venmo,Weekly,2025-05-20
899,54,Male,899,Belt,Accessories,"1,277",$70.00,Nevada,L,Red,Spring,3.5,Yes,2-Day Shipping,Yes,Yes,19,Bank Transfer,Every 3 Months,2025-03-21
900,65,Male,900,Sweater,Clothing,"1,279",$58.00,Rhode Island,M,Peach,Summer,4,Yes,Standard,Yes,Yes,20,PayPal,Annually,2025-07-16
901,54,Male,901,Hat,Accessories,"1,280",$98.00,West Virginia,L,Gray,Fall,3.3,Yes,Free Shipping,Yes,Yes,42,Bank Transfer,Quarterly,2025-11-09
902,60,Male,902,Scarf,Accessories,"1,281",$68.00,Missouri,L,Violet,Summer,4.7,Yes,2-Day Shipping,Yes,Yes,34,Cash,Monthly,2025-06-13
903,43,Male,903,Hat,Accessories,"1,282",$44.00,Kentucky,M,Beige,Summer,2.8,Yes,Next Day Air,Yes,Yes,5,Cash,Monthly,2025-08-01
904,44,Male,904,Jacket,Outerwear,"1,283",$45.00,Washington,M,Blue,Winter,3.3,Yes,Express,Yes,Yes,3,PayPal,Quarterly,2025-02-04
905,69,Male,905,T-shirt,Clothing,"1,285",$99.00,Alaska,L,Magenta,Spring,2.9,Yes,Free Shipping,Yes,Yes,46,PayPal,Every 3 Months,2025-04-22
906,46,Male,906,Dress,Clothing,"1,286",$68.00,Mississippi,S,Cyan,Spring,2.8,Yes,Standard,Yes,Yes,16,Venmo,Annually,2025-03-01
907,41,Male,907,Pants,Clothing,"1,287",$56.00,South Carolina,M,Red,Spring,4.2,Yes,Standard,Yes,Yes,21,Debit Card,Bi-Weekly,2025-05-08
908,32,Male,908,Sweater,Clothing,"1,288",$43.00,Missouri,L,Cyan,Winter,4.4,Yes,Express,Yes,Yes,34,Credit Card,Bi-Weekly,2025-02-10
909,26,Male,909,Sunglasses,Accessories,"1,289",$99.00,New Jersey,M,Turquoise,Winter,3.6,Yes,Free Shipping,Yes,Yes,9,PayPal,Every 3 Months,2025-12-20
910,61,Male,910,Belt,Accessories,"1,291",$56.00,Louisiana,L,Silver,Fall,2.7,Yes,Express,Yes,Yes,36,PayPal,Weekly,2025-11-21
911,49,Male,911,Hoodie,Clothing,"1,292",$25.00,South Carolina,S,Pink,Spring,3.4,Yes,Express,Yes,Yes,22,Credit Card,Monthly,2025-04-08
912,53,Male,912,Pants,Clothing,"1,293",$74.00,Vermont,M,Black,Winter,2.8,Yes,2-Day Shipping,Yes,Yes,2,Bank Transfer,Quarterly,2025-01-01
913,24,Male,913,Hoodie,Clothing,"1,294",$56.00,Arkansas,M,Green,Winter,3.4,Yes,Next Day Air,Yes,Yes,32,Bank Transfer,Monthly,2025-02-11
914,37,Male,914,Sneakers,Footwear,"1,295",$47.00,Utah,M,Yellow,Fall,2.6,Yes,Next Day Air,Yes,Yes,29,Cash,Every 3 Months,2025-10-18
915,43,Male,915,Dress,Clothing,"1,297",$67.00,Washington,L,Purple,Summer,4.1,Yes,Standard,Yes,Yes,27,Venmo,Every 3 Months,2025-07-14
916,31,Male,916,Dress,Clothing,"1,298",$22.00,Rhode Island,L,Purple,Winter,2.9,Yes,Store Pickup,Yes,Yes,33,Credit Card,Fortnightly,2025-01-02
917,49,Male,917,Jeans,Clothing,"1,299",$34.00,Illinois,S,Blue,Spring,2.7,Yes,Standard,Yes,Yes,16,Venmo,Monthly,2025-04-20
918,69,Male,918,Sweater,Clothing,"1,300",$64.00,Missouri,M,Maroon,Spring,3.7,Yes,Standard,Yes,Yes,11,Bank Transfer,Quarterly,2025-05-10
919,65,Male,919,Shorts,Clothing,"1,301",$42.00,North Carolina,M,Orange,Spring,4.3,Yes,2-Day Shipping,Yes,Yes,11,Cash,Fortnightly,2025-05-17
920,41,Male,920,Shirt,Clothing,"1,303",$82.00,Massachusetts,L,Green,Winter,2.6,Yes,2-Day Shipping,Yes,Yes,17,Debit Card,Bi-Weekly,2025-01-26
921,37,Male,921,Belt,Accessories,"1,304",$81.00,Arkansas,XL,Gold,Summer,4.3,Yes,Free Shipping,Yes,Yes,37,Cash,Weekly,2025-07-22
922,70,Male,922,Coat,Outerwear,"1,305",$24.00,South Dakota,L,Silver,Summer,4.1,Yes,Express,Yes,Yes,18,PayPal,Weekly,2025-08-09
923,63,Male,923,Sneakers,Footwear,"1,306",$60.00,Georgia,M,Cyan,Fall,4.2,Yes,Standard,Yes,Yes,13,Credit Card,Monthly,2025-10-12
924,55,Male,924,Shirt,Clothing,"1,307",$24.00,Arkansas,M,Silver,Spring,4.2,Yes,2-Day Shipping,Yes,Yes,7,PayPal,Weekly,2025-05-20
925,52,Male,925,Socks,Clothing,"1,309",$78.00,Kansas,XL,Beige,Winter,3.1,Yes,Standard,Yes,Yes,37,Cash,Quarterly,2025-01-17
926,22,Male,926,Jeans,Clothing,"1,310",$88.00,Arizona,L,Teal,Winter,4.9,Yes,Express,Yes,Yes,8,Cash,Monthly,2025-12-07
927,54,Male,927,Jeans,Clothing,"1,311",$63.00,Massachusetts,XL,Green,Spring,4.4,Yes,Express,Yes,Yes,11,Cash,Bi-Weekly,2025-05-13
928,28,Male,928,Sneakers,Footwear,"1,312",$78.00,New Mexico,L,Black,Summer,4.4,Yes,Standard,Yes,Yes,8,Venmo,Bi-Weekly,2025-06-08
929,67,Male,929,Dress,Clothing,"1,313",$37.00,Arkansas,XL,Yellow,Winter,3.4,Yes,Store Pickup,Yes,Yes,31,Cash,Every 3 Months,2025-02-20
930,59,Male,930,Boots,Footwear,"1,315",$94.00,Nebraska,M,White,Fall,4.5,Yes,2-Day Shipping,Yes,Yes,26,Debit Card,Fortnightly,2025-11-13
931,26,Male,931,T-shirt,Clothing,"1,316",$78.00,Hawaii,L,Green,Fall,4.5,Yes,Store Pickup,Yes,Yes,20,Credit Card,Bi-Weekly,2025-10-10
932,24,Male,932,Coat,Outerwear,"1,317",$36.00,Nebraska,M,Silver,Winter,4.1,Yes,Standard,Yes,Yes,24,Bank Transfer,Fortnightly,2025-12-04
933,62,Male,933,Skirt,Clothing,"1,318",$24.00,Indiana,L,Blue,Winter,3.2,Yes,Standard,Yes,Yes,45,Debit Card,Bi-Weekly,2025-02-09
934,70,Male,934,Sneakers,Footwear,"1,319",$84.00,Colorado,M,Magenta,Spring,2.7,Yes,Store Pickup,Yes,Yes,33,Debit Card,Monthly,2025-05-20
935,45,Male,935,Jeans,Clothing,"1,321",$47.00,Oregon,S,Yellow,Spring,3.7,Yes,Express,Yes,Yes,21,Bank Transfer,Monthly,2025-03-16
936,58,Male,936,Hoodie,Clothing,"1,322",$51.00,Ohio,L,White,Fall,2.6,Yes,Store Pickup,Yes,Yes,2,Bank Transfer,Fortnightly,2025-09-27
937,31,Male,937,Shoes,Footwear,"1,323",$84.00,Maine,M,Pink,Summer,2.7,Yes,Free Shipping,Yes,Yes,28,Cash,Weekly,2025-08-03
938,32,Male,938,Shorts,Clothing,"1,324",$24.00,Iowa,M,Magenta,Summer,2.7,Yes,Express,Yes,Yes,18,Venmo,Quarterly,2025-08-24
939,36,Male,939,Blouse,Clothing,"1,325",$97.00,Wisconsin,S,Teal,Fall,4.8,Yes,Free Shipping,Yes,Yes,21,Debit Card,Fortnightly,2025-11-27
940,25,Male,940,T-shirt,Clothing,"1,327",$89.00,New York,L,Indigo,Winter,4.8,Yes,Next Day Air,Yes,Yes,24,Credit Card,Monthly,2025-02-02
941,48,Male,941,Belt,Accessories,"1,328",$44.00,Colorado,S,Maroon,Spring,2.6,Yes,Store Pickup,Yes,Yes,15,PayPal,Every 3 Months,2025-04-02
942,39,Male,942,Handbag,Accessories,"1,329",$35.00,Illinois,L,Black,Winter,4.5,Yes,2-Day Shipping,Yes,Yes,38,PayPal,Every 3 Months,2025-02-17
943,26,Male,943,Dress,Clothing,"1,330",$91.00,Arizona,M,Cyan,Winter,3.2,Yes,Express,Yes,Yes,38,PayPal,Bi-Weekly,2025-02-06
944,32,Male,944,Hat,Accessories,"1,331",$63.00,Oklahoma,L,Cyan,Winter,3.8,Yes,Next Day Air,Yes,Yes,13,Venmo,Fortnightly,2025-02-15
945,54,Male,945,Belt,Accessories,"1,333",$97.00,Indiana,S,Gray,Spring,4.8,Yes,Express,Yes,Yes,39,Cash,Bi-Weekly,2025-05-18
946,38,Male,946,Boots,Footwear,"1,334",$38.00,Minnesota,M,Violet,Summer,4.1,Yes,Store Pickup,Yes,Yes,8,Venmo,Every 3 Months,2025-08-19
947,46,Male,947,Coat,Outerwear,"1,335",$24.00,Pennsylvania,XL,Blue,Spring,2.8,Yes,Next Day Air,Yes,Yes,4,PayPal,Quarterly,2025-03-04
948,57,Male,948,Blouse,Clothing,"1,336",$32.00,Indiana,M,Charcoal,Winter,3.9,Yes,Store Pickup,Yes,Yes,6,Cash,Every 3 Months,2025-02-14
949,49,Male,949,Hat,Accessories,"1,337",$90.00,Alabama,L,Olive,Summer,4.9,Yes,Express,Yes,Yes,11,Venmo,Every 3 Months,2025-06-23
950,33,Male,950,Jeans,Clothing,"1,339",$36.00,Montana,M,Olive,Summer,3.4,Yes,Standard,Yes,Yes,49,Venmo,Monthly,2025-07-05
951,54,Male,951,Backpack,Accessories,"1,340",$37.00,New Mexico,XL,Turquoise,Winter,4.1,Yes,Free Shipping,Yes,Yes,30,PayPal,Quarterly,2025-01-10
952,47,Male,952,Dress,Clothing,"1,341",$51.00,Alaska,M,Cyan,Summer,2.9,Yes,Express,Yes,Yes,34,Bank Transfer,Monthly,2025-06-12
953,36,Male,953,Hat,Accessories,"1,342",$71.00,Idaho,S,Red,Fall,3.1,Yes,2-Day Shipping,Yes,Yes,28,PayPal,Monthly,2025-11-02
954,68,Male,954,Sunglasses,Accessories,"1,343",$50.00,Utah,S,Cyan,Spring,3.6,Yes,2-Day Shipping,Yes,Yes,36,Venmo,Quarterly,2025-03-25
955,60,Male,955,Hat,Accessories,"1,345",$74.00,Louisiana,S,Turquoise,Fall,3.5,Yes,Standard,Yes,Yes,18,Credit Card,Every 3 Months,2025-11-01
956,55,Male,956,Dress,Clothing,"1,346",$75.00,Mississippi,L,Lavender,Summer,3.4,Yes,Free Shipping,Yes,Yes,4,PayPal,Monthly,2025-08-20
957,29,Male,957,Shirt,Clothing,"1,347",$99.00,Mississippi,XL,Cyan,Spring,2.9,Yes,2-Day Shipping,Yes,Yes,42,Debit Card,Quarterly,2025-04-01
958,38,Male,958,Scarf,Accessories,"1,348",$23.00,Indiana,XL,Violet,Spring,4.7,Yes,Store Pickup,Yes,Yes,11,Cash,Quarterly,2025-03-26
959,70,Male,959,Sneakers,Footwear,"1,349",$53.00,Washington,XL,Beige,Winter,4.4,Yes,Free Shipping,Yes,Yes,31,Credit Card,Bi-Weekly,2025-01-20
960,36,Male,960,Skirt,Clothing,"1,351",$99.00,Nevada,M,Cyan,Spring,2.6,Yes,Standard,Yes,Yes,12,Cash,Fortnightly,2025-04-05
961,18,Male,961,Jewelry,Accessories,"1,352",$48.00,Louisiana,XL,Indigo,Spring,4.4,Yes,Standard,Yes,Yes,20,Venmo,Quarterly,2025-05-17
962,62,Male,962,Boots,Footwear,"1,353",$72.00,Pennsylvania,L,Olive,Fall,3.7,Yes,Next Day Air,Yes,Yes,37,Debit Card,Quarterly,2025-09-14
963,29,Male,963,Sunglasses,Accessories,"1,354",$64.00,Michigan,L,Green,Spring,4.4,Yes,Standard,Yes,Yes,26,Debit Card,Fortnightly,2025-03-05
964,21,Male,964,Boots,Footwear,"1,355",$63.00,South Carolina,L,Green,Spring,2.5,Yes,2-Day Shipping,Yes,Yes,14,Credit Card,Weekly,2025-03-09
965,42,Male,965,Sandals,Footwear,"1,357",$51.00,Arizona,M,Beige,Spring,2.6,Yes,Next Day Air,Yes,Yes,12,Venmo,Bi-Weekly,2025-04-06
966,43,Male,966,Boots,Footwear,"1,358",$55.00,Delaware,L,Black,Spring,5,Yes,Store Pickup,Yes,Yes,10,Credit Card,Annually,2025-04-02
967,58,Male,967,Dress,Clothing,"1,359",$55.00,Kentucky,M,Brown,Spring,4.9,Yes,Express,Yes,Yes,19,Cash,Annually,2025-05-20
968,27,Male,968,Hoodie,Clothing,"1,360",$26.00,Georgia,S,Silver,Summer,3.7,Yes,Store Pickup,Yes,Yes,4,Cash,Weekly,2025-06-27
969,57,Male,969,Shorts,Clothing,"1,361",$67.00,North Carolina,L,Gray,Summer,3.1,Yes,Next Day Air,Yes,Yes,48,Bank Transfer,Quarterly,2025-08-16
970,40,Male,970,Coat,Outerwear,"1,363",$31.00,California,S,Pink,Fall,3.2,Yes,Express,Yes,Yes,37,PayPal,Monthly,2025-10-20
971,45,Male,971,Jeans,Clothing,"1,364",$66.00,California,S,Maroon,Winter,4.4,Yes,Free Shipping,Yes,Yes,4,Cash,Monthly,2025-12-05
972,47,Male,972,Sunglasses,Accessories,"1,365",$67.00,Indiana,M,Cyan,Summer,4.3,Yes,Next Day Air,Yes,Yes,15,Credit Card,Weekly,2025-08-15
973,61,Male,973,Sneakers,Footwear,"1,366",$61.00,Colorado,L,Gold,Winter,3,Yes,Standard,Yes,Yes,33,Credit Card,Weekly,2025-02-15
974,60,Male,974,Jacket,Outerwear,"1,367",$75.00,Colorado,M,Teal,Fall,3.5,Yes,2-Day Shipping,Yes,Yes,30,Bank Transfer,Quarterly,2025-09-19
975,69,Male,975,Skirt,Clothing,"1,369",$90.00,North Carolina,M,Beige,Spring,3.6,Yes,2-Day Shipping,Yes,Yes,23,Bank Transfer,Monthly,2025-03-23
976,58,Male,976,Sweater,Clothing,"1,370",$40.00,Washington,M,Olive,Summer,3.8,Yes,2-Day Shipping,Yes,Yes,2,Bank Transfer,Weekly,2025-07-02
977,34,Male,977,T-shirt,Clothing,"1,371",$90.00,Florida,M,Gray,Fall,3.6,Yes,Express,Yes,Yes,50,Credit Card,Every 3 Months,2025-10-20
978,20,Male,978,Belt,Accessories,"1,372",$20.00,Washington,M,Black,Spring,4.6,Yes,Express,Yes,Yes,34,Cash,Bi-Weekly,2025-03-03
979,56,Male,979,Gloves,Accessories,"1,373",$40.00,Colorado,M,Turquoise,Summer,2.5,Yes,Standard,Yes,Yes,33,Credit Card,Weekly,2025-07-06
980,64,Male,980,Hat,Accessories,"1,375",$33.00,New Hampshire,S,Brown,Fall,3.5,Yes,Store Pickup,Yes,Yes,34,Debit Card,Monthly,2025-09-05
981,56,Male,981,Boots,Footwear,"1,376",$98.00,Maryland,S,Magenta,Spring,4,Yes,Free Shipping,Yes,Yes,39,PayPal,Every 3 Months,2025-05-08
982,27,Male,982,Belt,Accessories,"1,377",$42.00,Maryland,M,Silver,Spring,3.5,Yes,Next Day Air,Yes,Yes,47,Credit Card,Quarterly,2025-05-08
983,35,Male,983,Coat,Outerwear,"1,378",$62.00,Texas,S,Red,Summer,3.2,Yes,Standard,Yes,Yes,37,PayPal,Monthly,2025-06-24
984,24,Male,984,Hat,Accessories,"1,379",$45.00,New Mexico,L,Indigo,Winter,3.5,Yes,Free Shipping,Yes,Yes,40,Venmo,Bi-Weekly,2025-02-12
985,26,Male,985,Shoes,Footwear,"1,381",$78.00,Utah,M,Green,Summer,3.4,Yes,Free Shipping,Yes,Yes,8,Credit Card,Bi-Weekly,2025-06-25
986,32,Male,986,Handbag,Accessories,"1,382",$80.00,West Virginia,M,Gray,Fall,5,Yes,Express,Yes,Yes,12,Bank Transfer,Annually,2025-09-28
987,54,Male,987,Scarf,Accessories,"1,383",$96.00,Connecticut,S,Peach,Spring,4.5,Yes,Store Pickup,Yes,Yes,36,Bank Transfer,Monthly,2025-05-28
988,62,Male,988,Handbag,Accessories,"1,384",$47.00,West Virginia,M,Charcoal,Summer,2.8,Yes,Express,Yes,Yes,48,PayPal,Weekly,2025-08-28
989,50,Male,989,Pants,Clothing,"1,385",$84.00,Ohio,M,Orange,Winter,4.9,Yes,2-Day Shipping,Yes,Yes,47,PayPal,Fortnightly,2025-01-12
990,70,Male,990,Shoes,Footwear,"1,387",$31.00,Texas,M,Beige,Spring,3.1,Yes,Store Pickup,Yes,Yes,2,Bank Transfer,Monthly,2025-03-11
991,48,Male,991,Sunglasses,Accessories,"1,388",$63.00,Washington,S,Yellow,Spring,4.8,Yes,Store Pickup,Yes,Yes,24,Cash,Weekly,2025-03-25
992,20,Male,992,Shorts,Clothing,"1,389",$97.00,Wisconsin,XL,White,Spring,2.7,Yes,Standard,Yes,Yes,40,Bank Transfer,Bi-Weekly,2025-03-03
993,46,Male,993,Jacket,Outerwear,"1,390",$99.00,Louisiana,M,Gray,Winter,4.6,Yes,Express,Yes,Yes,50,Debit Card,Weekly,2025-01-26
994,51,Male,994,Sandals,Footwear,"1,391",$90.00,Iowa,M,Peach,Winter,4.4,Yes,Store Pickup,Yes,Yes,25,Cash,Weekly,2025-12-28
995,53,Male,995,Shoes,Footwear,"1,393",$68.00,New York,L,Violet,Fall,3.2,Yes,Express,Yes,Yes,20,Debit Card,Monthly,2025-11-13
996,44,Male,996,Jewelry,Accessories,"1,394",$80.00,Idaho,M,Magenta,Spring,3,Yes,2-Day Shipping,Yes,Yes,10,Venmo,Weekly,2025-05-18
997,29,Male,997,Sandals,Footwear,"1,395",$91.00,Delaware,L,Maroon,Summer,4.9,Yes,Standard,Yes,Yes,32,Bank Transfer,Quarterly,2025-07-23
998,64,Male,998,Pants,Clothing,"1,396",$30.00,Kentucky,M,Cyan,Spring,3.6,Yes,Express,Yes,Yes,31,Cash,Fortnightly,2025-04-21
999,51,Male,999,Shoes,Footwear,"1,397",$90.00,Connecticut,M,White,Spring,3.8,Yes,Next Day Air,Yes,Yes,48,Bank Transfer,Bi-Weekly,2025-03-01
1000,50,Male,1000,Socks,Clothing,"1,399",$28.00,New Mexico,L,Brown,Spring,2.9,Yes,Standard,Yes,Yes,23,Debit Card,Monthly,2025-04-08
1001,43,Male,1001,Socks,Clothing,"1,400",$46.00,Georgia,M,Red,Winter,3.9,Yes,Express,Yes,Yes,1,Bank Transfer,Bi-Weekly,2025-01-12
1002,61,Male,1002,Dress,Clothing,"1,401",$60.00,Washington,M,Orange,Fall,3.6,Yes,Standard,Yes,Yes,4,Debit Card,Fortnightly,2025-11-12
1003,55,Male,1003,Shoes,Footwear,"1,402",$59.00,North Dakota,M,White,Spring,3.5,Yes,Store Pickup,Yes,Yes,3,Bank Transfer,Bi-Weekly,2025-03-20
1004,56,Male,1004,Hat,Accessories,"1,403",$68.00,Ohio,M,Green,Fall,4,Yes,Store Pickup,Yes,Yes,3,Cash,Bi-Weekly,2025-11-06
1005,33,Male,1005,Backpack,Accessories,"1,405",$79.00,Tennessee,M,Black,Summer,4.8,Yes,2-Day Shipping,Yes,Yes,44,Cash,Annually,2025-06-20
1006,43,Male,1006,Backpack,Accessories,"1,406",$94.00,New York,M,Gold,Winter,3.9,Yes,Store Pickup,Yes,Yes,5,Debit Card,Bi-Weekly,2025-01-15
1007,21,Male,1007,Pants,Clothing,"1,407",$83.00,Michigan,S,Lavender,Summer,4.5,Yes,Next Day Air,Yes,Yes,50,Venmo,Quarterly,2025-07-23
1008,58,Male,1008,Gloves,Accessories,"1,408",$62.00,Georgia,XL,Turquoise,Spring,4.8,Yes,Standard,Yes,Yes,2,Credit Card,Annually,2025-03-25
1009,41,Male,1009,Scarf,Accessories,"1,409",$85.00,New Mexico,M,Pink,Spring,2.6,Yes,Store Pickup,Yes,Yes,29,PayPal,Annually,2025-04-04
1010,39,Male,1010,Hoodie,Clothing,"1,411",$30.00,Louisiana,M,Silver,Summer,3.1,Yes,Express,Yes,Yes,11,Venmo,Annually,2025-06-13
1011,54,Male,1011,Jeans,Clothing,"1,412",$24.00,South Dakota,XL,Gray,Spring,4.7,Yes,2-Day Shipping,Yes,Yes,37,Credit Card,Fortnightly,2025-04-25
1012,43,Male,1012,Backpack,Accessories,"1,413",$25.00,Montana,L,Indigo,Spring,2.9,Yes,Next Day Air,Yes,Yes,32,Debit Card,Fortnightly,2025-03-25
1013,28,Male,1013,Sandals,Footwear,"1,414",$37.00,New Mexico,L,Teal,Summer,3.8,Yes,Express,Yes,Yes,27,Credit Card,Annually,2025-06-06
1014,59,Male,1014,Belt,Accessories,"1,415",$69.00,South Carolina,XL,Green,Summer,3.8,Yes,2-Day Shipping,Yes,Yes,31,Venmo,Bi-Weekly,2025-08-23
1015,28,Male,1015,Shoes,Footwear,"1,417",$97.00,Ohio,M,Violet,Summer,3,Yes,Standard,Yes,Yes,36,Debit Card,Fortnightly,2025-08-28
1016,68,Male,1016,Gloves,Accessories,"1,418",$24.00,North Carolina,M,Cyan,Summer,4.1,Yes,Standard,Yes,Yes,34,Cash,Weekly,2025-06-26
1017,20,Male,1017,Belt,Accessories,"1,419",$30.00,Idaho,XL,Blue,Summer,3.4,Yes,Express,Yes,Yes,15,Bank Transfer,Every 3 Months,2025-08-06
1018,21,Male,1018,Jacket,Outerwear,"1,420",$53.00,Oklahoma,L,Orange,Fall,2.5,Yes,Express,Yes,Yes,14,Credit Card,Annually,2025-11-27
1019,50,Male,1019,Dress,Clothing,"1,421",$70.00,Georgia,XL,Charcoal,Spring,4.9,Yes,Next Day Air,Yes,Yes,46,Cash,Weekly,2025-05-14
1020,32,Male,1020,Shirt,Clothing,"1,423",$76.00,Kentucky,S,Beige,Winter,2.8,Yes,Standard,Yes,Yes,33,Venmo,Bi-Weekly,2025-01-03
1021,24,Male,1021,Scarf,Accessories,"1,424",$95.00,Delaware,M,Black,Fall,4.5,Yes,Express,Yes,Yes,41,Debit Card,Annually,2025-10-25
1022,55,Male,1022,Coat,Outerwear,"1,425",$51.00,Massachusetts,S,Lavender,Winter,4.9,Yes,2-Day Shipping,Yes,Yes,39,PayPal,Weekly,2025-01-15
1023,61,Male,1023,Handbag,Accessories,"1,426",$41.00,Nebraska,M,Lavender,Winter,4.9,Yes,Store Pickup,Yes,Yes,7,Cash,Annually,2025-02-21
1024,61,Male,1024,Sunglasses,Accessories,"1,427",$71.00,Maine,S,Turquoise,Winter,3.5,Yes,Free Shipping,Yes,Yes,29,Bank Transfer,Every 3 Months,2025-12-11
1025,28,Male,1025,T-shirt,Clothing,"1,429",$66.00,Pennsylvania,M,Purple,Summer,3.5,Yes,Free Shipping,Yes,Yes,18,Venmo,Quarterly,2025-07-27
1026,60,Male,1026,Shirt,Clothing,"1,430",$84.00,Nebraska,M,Olive,Winter,4.9,Yes,Free Shipping,Yes,Yes,15,Credit Card,Annually,2025-01-19
1027,49,Male,1027,Handbag,Accessories,"1,431",$95.00,Virginia,L,Turquoise,Winter,3,Yes,Express,Yes,Yes,39,PayPal,Bi-Weekly,2025-12-07
1028,33,Male,1028,Jewelry,Accessories,"1,432",$90.00,Ohio,L,Teal,Summer,2.8,Yes,Next Day Air,Yes,Yes,11,Cash,Monthly,2025-06-23
1029,45,Male,1029,Hoodie,Clothing,"1,433",$36.00,Nebraska,S,Lavender,Summer,3.7,Yes,Standard,Yes,Yes,4,Cash,Fortnightly,2025-08-13
1030,29,Male,1030,Gloves,Accessories,"1,435",$22.00,Ohio,M,Purple,Spring,3.6,Yes,2-Day Shipping,Yes,Yes,33,Venmo,Bi-Weekly,2025-04-27
1031,58,Male,1031,Coat,Outerwear,"1,436",$89.00,Kentucky,L,Blue,Winter,3.3,Yes,Next Day Air,Yes,Yes,37,Debit Card,Quarterly,2025-01-11
1032,22,Male,1032,Sandals,Footwear,"1,437",$50.00,Tennessee,M,Teal,Spring,3.4,Yes,Free Shipping,Yes,Yes,32,Cash,Quarterly,2025-03-07
1033,55,Male,1033,Boots,Footwear,"1,438",$36.00,Maine,M,Lavender,Fall,4,Yes,Free Shipping,Yes,Yes,44,Credit Card,Quarterly,2025-09-09
1034,19,Male,1034,Pants,Clothing,"1,439",$52.00,Montana,S,Silver,Spring,4.6,Yes,Free Shipping,Yes,Yes,41,Bank Transfer,Quarterly,2025-05-15
1035,68,Male,1035,Socks,Clothing,"1,441",$29.00,Maryland,M,Olive,Fall,4.2,Yes,Next Day Air,Yes,Yes,44,Bank Transfer,Weekly,2025-10-07
1036,61,Male,1036,Blouse,Clothing,"1,442",$89.00,Georgia,M,Brown,Fall,2.8,Yes,Express,Yes,Yes,32,Venmo,Annually,2025-10-04
1037,68,Male,1037,Handbag,Accessories,"1,443",$47.00,Hawaii,M,Yellow,Fall,3.7,Yes,2-Day Shipping,Yes,Yes,13,Bank Transfer,Monthly,2025-09-08
1038,52,Male,1038,Jewelry,Accessories,"1,444",$25.00,Rhode Island,XL,Brown,Spring,3.4,Yes,Standard,Yes,Yes,48,Debit Card,Quarterly,2025-05-11
1039,41,Male,1039,Pants,Clothing,"1,445",$74.00,Nebraska,XL,Cyan,Fall,3,Yes,Express,Yes,Yes,3,Bank Transfer,Weekly,2025-10-25
1040,29,Male,1040,Belt,Accessories,"1,447",$46.00,Michigan,M,Magenta,Fall,4.8,Yes,Standard,Yes,Yes,39,Venmo,Monthly,2025-09-12
1041,68,Male,1041,Jeans,Clothing,"1,448",$22.00,North Carolina,S,Magenta,Fall,4,Yes,Next Day Air,Yes,Yes,7,Cash,Fortnightly,2025-10-15
1042,36,Male,1042,Shirt,Clothing,"1,449",$25.00,Minnesota,M,Orange,Summer,4.9,Yes,Next Day Air,Yes,Yes,11,Cash,Fortnightly,2025-08-27
1043,55,Male,1043,Belt,Accessories,"1,450",$80.00,Maryland,M,Maroon,Spring,4.9,Yes,Next Day Air,Yes,Yes,47,Credit Card,Weekly,2025-03-03
1044,28,Male,1044,Jeans,Clothing,"1,451",$76.00,Hawaii,M,Green,Spring,3.3,Yes,2-Day Shipping,Yes,Yes,28,Debit Card,Fortnightly,2025-03-19
1045,39,Male,1045,Jeans,Clothing,"1,453",$30.00,Oregon,L,Teal,Summer,4.4,Yes,Next Day Air,Yes,Yes,17,Bank Transfer,Every 3 Months,2025-08-11
1046,54,Male,1046,Sweater,Clothing,"1,454",$79.00,New Mexico,L,Black,Fall,3.5,Yes,2-Day Shipping,Yes,Yes,11,PayPal,Bi-Weekly,2025-09-12
1047,40,Male,1047,Sneakers,Footwear,"1,455",$22.00,Illinois,M,Magenta,Winter,4.2,Yes,Standard,Yes,Yes,12,Venmo,Annually,2025-01-08
1048,31,Male,1048,Socks,Clothing,"1,456",$36.00,Utah,S,Olive,Fall,4.2,Yes,Standard,Yes,Yes,7,Credit Card,Fortnightly,2025-11-11
1049,30,Male,1049,Socks,Clothing,"1,457",$77.00,Maine,L,Yellow,Fall,2.7,Yes,Standard,Yes,Yes,19,Venmo,Fortnightly,2025-11-14
1050,45,Male,1050,Sunglasses,Accessories,"1,459",$33.00,Virginia,S,Purple,Fall,2.8,Yes,Store Pickup,Yes,Yes,24,Cash,Quarterly,2025-09-17
1051,48,Male,1051,Sneakers,Footwear,"1,460",$64.00,Florida,M,Beige,Winter,3.8,Yes,Next Day Air,Yes,Yes,19,Venmo,Monthly,2025-02-03
1052,45,Male,1052,Socks,Clothing,"1,461",$53.00,Ohio,M,Indigo,Fall,2.6,Yes,Free Shipping,Yes,Yes,39,PayPal,Annually,2025-09-25
1053,60,Male,1053,Shoes,Footwear,"1,462",$36.00,Virginia,XL,Pink,Fall,3,Yes,2-Day Shipping,Yes,Yes,1,Credit Card,Fortnightly,2025-09-12
1054,59,Male,1054,Blouse,Clothing,"1,463",$70.00,Kansas,M,Blue,Spring,3.3,No,2-Day Shipping,Yes,Yes,10,Debit Card,Bi-Weekly,2025-03-12
1055,18,Male,1055,Shorts,Clothing,"1,465",$96.00,Arkansas,L,Cyan,Winter,4.9,No,Express,Yes,Yes,48,PayPal,Quarterly,2025-01-12
1056,70,Male,1056,Jacket,Outerwear,"1,466",$27.00,Massachusetts,M,Orange,Spring,3.3,No,Next Day Air,Yes,Yes,24,Debit Card,Annually,2025-05-20
1057,20,Male,1057,Sweater,Clothing,"1,467",$64.00,Idaho,L,Black,Winter,2.9,No,2-Day Shipping,Yes,Yes,42,Venmo,Fortnightly,2025-02-24
1058,65,Male,1058,Jacket,Outerwear,"1,468",$23.00,Wisconsin,S,Maroon,Spring,4.4,No,2-Day Shipping,Yes,Yes,20,Credit Card,Weekly,2025-03-09
1059,29,Male,1059,Scarf,Accessories,"1,469",$33.00,New Mexico,L,Violet,Summer,3.1,No,Next Day Air,Yes,Yes,49,Bank Transfer,Every 3 Months,2025-08-24
1060,22,Male,1060,Jacket,Outerwear,"1,471",$34.00,North Carolina,M,Beige,Winter,2.5,No,Standard,Yes,Yes,25,Debit Card,Monthly,2025-12-18
1061,27,Male,1061,Sweater,Clothing,"1,472",$35.00,Iowa,S,Gray,Summer,2.6,No,Next Day Air,Yes,Yes,21,Debit Card,Every 3 Months,2025-07-04
1062,36,Male,1062,Coat,Outerwear,"1,473",$62.00,Idaho,M,Gray,Summer,4.4,No,Free Shipping,Yes,Yes,12,Venmo,Every 3 Months,2025-07-03
1063,59,Male,1063,Boots,Footwear,"1,474",$75.00,Ohio,M,Brown,Fall,2.6,No,Next Day Air,Yes,Yes,21,Debit Card,Every 3 Months,2025-11-02
1064,62,Male,1064,Hoodie,Clothing,"1,475",$29.00,Alabama,S,Indigo,Summer,3.3,No,Free Shipping,Yes,Yes,35,Cash,Monthly,2025-07-02
1065,34,Male,1065,Hat,Accessories,"1,477",$28.00,Wyoming,M,Violet,Spring,3.5,No,Express,Yes,Yes,42,Credit Card,Every 3 Months,2025-05-17
1066,59,Male,1066,T-shirt,Clothing,"1,478",$20.00,Alabama,XL,Blue,Spring,4.1,No,Store Pickup,Yes,Yes,3,PayPal,Every 3 Months,2025-04-14
1067,49,Male,1067,Coat,Outerwear,"1,479",$96.00,Mississippi,M,Red,Winter,4,No,Store Pickup,Yes,Yes,11,PayPal,Bi-Weekly,2025-12-03
1068,18,Male,1068,Dress,Clothing,"1,480",$43.00,Pennsylvania,S,Peach,Summer,2.7,No,2-Day Shipping,Yes,Yes,22,PayPal,Quarterly,2025-06-13
1069,55,Male,1069,Shirt,Clothing,"1,481",$94.00,Wyoming,M,Olive,Fall,2.5,No,Standard,Yes,Yes,47,Credit Card,Weekly,2025-09-19
1070,38,Male,1070,Skirt,Clothing,"1,483",$81.00,Maryland,XL,White,Fall,4.3,No,Next Day Air,Yes,Yes,33,Venmo,Every 3 Months,2025-11-05
1071,50,Male,1071,Jewelry,Accessories,"1,484",$75.00,North Carolina,M,Magenta,Summer,3.3,No,Free Shipping,Yes,Yes,50,Debit Card,Weekly,2025-06-09
1072,61,Male,1072,Hat,Accessories,"1,485",$81.00,Pennsylvania,M,Beige,Summer,2.6,No,Express,Yes,Yes,46,Credit Card,Monthly,2025-08-17
1073,48,Male,1073,Shorts,Clothing,"1,486",$92.00,Idaho,L,Gold,Fall,3.5,No,Express,Yes,Yes,34,Debit Card,Fortnightly,2025-10-07
1074,22,Male,1074,Scarf,Accessories,"1,487",$96.00,California,XL,Purple,Spring,4,No,Store Pickup,Yes,Yes,33,Credit Card,Monthly,2025-03-08
1075,48,Male,1075,Jewelry,Accessories,"1,489",$71.00,Tennessee,S,White,Fall,2.6,No,Standard,Yes,Yes,45,Bank Transfer,Fortnightly,2025-10-24
1076,57,Male,1076,Sunglasses,Accessories,"1,490",$50.00,Missouri,L,Indigo,Summer,4.9,No,Next Day Air,Yes,Yes,32,Debit Card,Bi-Weekly,2025-07-04
1077,33,Male,1077,Coat,Outerwear,"1,491",$72.00,North Dakota,L,Charcoal,Spring,2.9,No,Standard,Yes,Yes,47,Venmo,Bi-Weekly,2025-03-16
1078,58,Male,1078,Jacket,Outerwear,"1,492",$28.00,West Virginia,M,Pink,Winter,3.7,No,Standard,Yes,Yes,5,PayPal,Quarterly,2025-02-01
1079,37,Male,1079,Sweater,Clothing,"1,493",$59.00,Arizona,M,Silver,Fall,4.4,No,Express,Yes,Yes,49,Credit Card,Fortnightly,2025-09-11
1080,18,Male,1080,Coat,Outerwear,"1,495",$33.00,Oklahoma,S,Blue,Summer,4.4,No,Free Shipping,Yes,Yes,48,Bank Transfer,Monthly,2025-07-14
1081,65,Male,1081,Scarf,Accessories,"1,496",$59.00,Pennsylvania,L,Blue,Fall,3.8,No,Express,Yes,Yes,22,Cash,Every 3 Months,2025-11-11
1082,62,Male,1082,Belt,Accessories,"1,497",$30.00,Idaho,XL,Brown,Spring,4.5,No,Standard,Yes,Yes,45,Credit Card,Annually,2025-04-17
1083,54,Male,1083,Hat,Accessories,"1,498",$85.00,South Carolina,XL,Cyan,Winter,2.6,No,Next Day Air,Yes,Yes,30,Venmo,Quarterly,2025-12-25
1084,35,Male,1084,Backpack,Accessories,"1,499",$97.00,Washington,L,Teal,Summer,3.3,No,Store Pickup,Yes,Yes,43,Cash,Weekly,2025-07-20
1085,34,Male,1085,T-shirt,Clothing,"1,501",$36.00,Arkansas,S,Purple,Fall,4.1,No,Next Day Air,Yes,Yes,48,Cash,Quarterly,2025-11-17
1086,25,Male,1086,Jewelry,Accessories,"1,502",$85.00,Utah,M,Turquoise,Winter,3,No,Store Pickup,Yes,Yes,23,Venmo,Fortnightly,2025-01-09
1087,53,Male,1087,Sunglasses,Accessories,"1,503",$62.00,Alaska,M,Olive,Winter,3,No,Free Shipping,Yes,Yes,27,PayPal,Bi-Weekly,2025-12-08
1088,45,Male,1088,Jeans,Clothing,"1,504",$71.00,West Virginia,S,White,Winter,3.4,No,Next Day Air,Yes,Yes,7,Bank Transfer,Monthly,2025-12-18
1089,49,Male,1089,Pants,Clothing,"1,505",$21.00,Louisiana,M,Turquoise,Winter,2.7,No,Free Shipping,Yes,Yes,2,PayPal,Weekly,2025-01-07
1090,40,Male,1090,Backpack,Accessories,"1,507",$61.00,Arizona,M,Silver,Spring,3.8,No,Next Day Air,Yes,Yes,33,PayPal,Bi-Weekly,2025-04-24
1091,38,Male,1091,Scarf,Accessories,"1,508",$58.00,Connecticut,M,Violet,Spring,4.2,No,Store Pickup,Yes,Yes,27,Cash,Fortnightly,2025-03-23
1092,44,Male,1092,Sweater,Clothing,"1,509",$80.00,North Carolina,L,Lavender,Spring,4.7,No,Store Pickup,Yes,Yes,6,Credit Card,Fortnightly,2025-04-25
1093,68,Male,1093,Jewelry,Accessories,"1,510",$50.00,South Dakota,L,Magenta,Spring,4.1,No,2-Day Shipping,Yes,Yes,20,Venmo,Quarterly,2025-04-23
1094,60,Male,1094,Sneakers,Footwear,"1,511",$48.00,Delaware,S,Indigo,Winter,4.2,No,2-Day Shipping,Yes,Yes,46,Venmo,Every 3 Months,2025-01-03
1095,25,Male,1095,Jewelry,Accessories,"1,513",$40.00,Connecticut,M,Black,Winter,4.8,No,Next Day Air,Yes,Yes,25,Cash,Quarterly,2025-12-11
1096,19,Male,1096,Coat,Outerwear,"1,514",$34.00,Tennessee,S,Peach,Summer,3,No,Free Shipping,Yes,Yes,30,Bank Transfer,Quarterly,2025-08-07
1097,57,Male,1097,Coat,Outerwear,"1,515",$46.00,New Hampshire,S,Beige,Fall,2.6,No,Standard,Yes,Yes,48,Credit Card,Annually,2025-10-28
1098,58,Male,1098,Sunglasses,Accessories,"1,516",$27.00,Vermont,M,Black,Summer,3.2,No,Store Pickup,Yes,Yes,47,Bank Transfer,Weekly,2025-06-09
1099,49,Male,1099,Handbag,Accessories,"1,517",$98.00,Idaho,S,Turquoise,Spring,3.6,No,Next Day Air,Yes,Yes,27,Credit Card,Weekly,2025-05-11
1100,19,Male,1100,Sweater,Clothing,"1,519",$73.00,North Carolina,M,Peach,Fall,2.6,No,Next Day Air,Yes,Yes,45,Bank Transfer,Fortnightly,2025-09-08
1101,50,Male,1101,Pants,Clothing,"1,520",$28.00,Nevada,L,Gold,Spring,4.4,No,Express,Yes,Yes,2,Credit Card,Weekly,2025-04-23
1102,30,Male,1102,Gloves,Accessories,"1,521",$76.00,Delaware,XL,Silver,Fall,3,No,Free Shipping,Yes,Yes,39,Cash,Fortnightly,2025-11-13
1103,52,Male,1103,Sweater,Clothing,"1,522",$83.00,Texas,M,Peach,Fall,2.9,No,Express,Yes,Yes,24,Cash,Fortnightly,2025-09-21
1104,35,Male,1104,Hoodie,Clothing,"1,523",$23.00,Tennessee,S,Charcoal,Spring,4.3,No,Free Shipping,Yes,Yes,8,Debit Card,Bi-Weekly,2025-04-12
1105,35,Male,1105,Hat,Accessories,"1,525",$28.00,Delaware,M,Beige,Fall,3.1,No,Express,Yes,Yes,8,Bank Transfer,Quarterly,2025-09-28
1106,33,Male,1106,T-shirt,Clothing,"1,526",$83.00,Massachusetts,S,Olive,Spring,3,No,Next Day Air,Yes,Yes,6,Venmo,Every 3 Months,2025-05-21
1107,52,Male,1107,Skirt,Clothing,"1,527",$96.00,Minnesota,L,Violet,Winter,3.6,No,Store Pickup,Yes,Yes,12,Venmo,Fortnightly,2025-01-13
1108,69,Male,1108,Sneakers,Footwear,"1,528",$62.00,Texas,M,Peach,Fall,2.8,No,Store Pickup,Yes,Yes,26,Bank Transfer,Weekly,2025-10-05
1109,27,Male,1109,Shorts,Clothing,"1,529",$25.00,Nebraska,M,Teal,Fall,2.8,No,Standard,Yes,Yes,50,Cash,Fortnightly,2025-11-27
1110,66,Male,1110,Hoodie,Clothing,"1,531",$97.00,Oklahoma,L,Violet,Winter,4.9,No,Next Day Air,Yes,Yes,2,Venmo,Weekly,2025-02-26
1111,28,Male,1111,Hoodie,Clothing,"1,532",$61.00,Texas,L,Cyan,Fall,3,No,Standard,Yes,Yes,31,Cash,Bi-Weekly,2025-09-05
1112,22,Male,1112,Shoes,Footwear,"1,533",$66.00,New York,S,Olive,Summer,4.1,No,Next Day Air,Yes,Yes,4,Credit Card,Bi-Weekly,2025-07-18
1113,69,Male,1113,Hoodie,Clothing,"1,534",$67.00,Washington,XL,Pink,Spring,4.6,No,Free Shipping,Yes,Yes,32,PayPal,Quarterly,2025-03-24
1114,28,Male,1114,Sunglasses,Accessories,"1,535",$80.00,Maryland,M,Purple,Summer,4.8,No,Next Day Air,Yes,Yes,11,PayPal,Bi-Weekly,2025-06-11
1115,55,Male,1115,Skirt,Clothing,"1,537",$25.00,New Hampshire,L,Violet,Fall,2.6,No,Next Day Air,Yes,Yes,47,Bank Transfer,Every 3 Months,2025-09-10
1116,30,Male,1116,Hat,Accessories,"1,538",$58.00,New York,S,Peach,Fall,4,No,2-Day Shipping,Yes,Yes,37,Cash,Weekly,2025-11-07
1117,67,Male,1117,Backpack,Accessories,"1,539",$96.00,Hawaii,M,Charcoal,Winter,4.2,No,Express,Yes,Yes,39,PayPal,Fortnightly,2025-12-23
1118,25,Male,1118,Sunglasses,Accessories,"1,540",$77.00,California,L,Lavender,Spring,4.5,No,Store Pickup,Yes,Yes,24,Credit Card,Monthly,2025-04-24
1119,49,Male,1119,Belt,Accessories,"1,541",$65.00,Indiana,M,Purple,Summer,4.9,No,Standard,Yes,Yes,11,PayPal,Every 3 Months,2025-07-07
1120,34,Male,1120,Jewelry,Accessories,"1,543",$36.00,Louisiana,M,Indigo,Spring,3.1,No,Standard,Yes,Yes,36,Credit Card,Weekly,2025-04-15
1121,22,Male,1121,Sneakers,Footwear,"1,544",$84.00,Pennsylvania,M,Magenta,Winter,4,No,Next Day Air,Yes,Yes,40,Debit Card,Monthly,2025-12-05
1122,63,Male,1122,T-shirt,Clothing,"1,545",$58.00,Florida,XL,Peach,Fall,3.2,No,Express,Yes,Yes,25,Cash,Quarterly,2025-10-25
1123,70,Male,1123,Handbag,Accessories,"1,546",$62.00,North Carolina,S,Charcoal,Spring,4.3,No,2-Day Shipping,Yes,Yes,12,Credit Card,Annually,2025-03-21
1124,36,Male,1124,Hat,Accessories,"1,547",$67.00,Massachusetts,S,Purple,Fall,2.5,No,Store Pickup,Yes,Yes,38,Cash,Monthly,2025-10-02
1125,42,Male,1125,Sweater,Clothing,"1,549",$20.00,Iowa,M,Orange,Spring,4.9,No,Express,Yes,Yes,40,Cash,Quarterly,2025-05-14
1126,27,Male,1126,Sandals,Footwear,"1,550",$90.00,North Dakota,M,Lavender,Summer,2.7,No,2-Day Shipping,Yes,Yes,10,Bank Transfer,Weekly,2025-08-27
1127,23,Male,1127,Scarf,Accessories,"1,551",$58.00,Iowa,L,Beige,Winter,3.4,No,Standard,Yes,Yes,47,Venmo,Fortnightly,2025-02-04
1128,50,Male,1128,Shirt,Clothing,"1,552",$53.00,Delaware,XL,Maroon,Spring,4.8,No,Store Pickup,Yes,Yes,22,Debit Card,Monthly,2025-03-15
1129,56,Male,1129,Gloves,Accessories,"1,553",$30.00,New York,L,Charcoal,Winter,4.7,No,Next Day Air,Yes,Yes,35,Debit Card,Monthly,2025-12-05
1130,37,Male,1130,Hoodie,Clothing,"1,555",$65.00,New Hampshire,XL,White,Winter,4.7,No,Express,Yes,Yes,46,Venmo,Fortnightly,2025-12-17
1131,67,Male,1131,Jewelry,Accessories,"1,556",$41.00,Kentucky,M,Lavender,Summer,3.9,No,Standard,Yes,Yes,30,PayPal,Bi-Weekly,2025-08-14
1132,67,Male,1132,Shirt,Clothing,"1,557",$73.00,Illinois,M,Black,Spring,3.7,No,Express,Yes,Yes,20,Bank Transfer,Monthly,2025-03-02
1133,50,Male,1133,Hoodie,Clothing,"1,558",$98.00,North Carolina,S,Teal,Spring,4.3,No,Store Pickup,Yes,Yes,25,Cash,Fortnightly,2025-03-14
1134,36,Male,1134,Shoes,Footwear,"1,559",$36.00,Connecticut,XL,Magenta,Winter,4.1,No,2-Day Shipping,Yes,Yes,29,Cash,Weekly,2025-12-26
1135,62,Male,1135,T-shirt,Clothing,"1,561",$81.00,Wisconsin,M,Brown,Summer,4.6,No,Express,Yes,Yes,2,Venmo,Every 3 Months,2025-07-24
1136,65,Male,1136,Skirt,Clothing,"1,562",$90.00,Massachusetts,L,Peach,Winter,3.6,No,2-Day Shipping,Yes,Yes,32,Bank Transfer,Quarterly,2025-12-13
1137,23,Male,1137,Handbag,Accessories,"1,563",$83.00,Illinois,S,Cyan,Summer,4.8,No,Free Shipping,Yes,Yes,37,Cash,Monthly,2025-06-17
1138,46,Male,1138,Shirt,Clothing,"1,564",$91.00,New Mexico,XL,Pink,Winter,2.8,No,2-Day Shipping,Yes,Yes,16,Bank Transfer,Every 3 Months,2025-02-21
1139,18,Male,1139,Pants,Clothing,"1,565",$36.00,Iowa,M,Purple,Summer,4.7,No,Express,Yes,Yes,32,Venmo,Fortnightly,2025-08-26
1140,58,Male,1140,Coat,Outerwear,"1,567",$53.00,Alabama,L,Purple,Spring,3.9,No,Standard,Yes,Yes,42,Debit Card,Bi-Weekly,2025-04-04
1141,31,Male,1141,Jeans,Clothing,"1,568",$39.00,Maryland,M,White,Winter,2.6,No,Store Pickup,Yes,Yes,6,Credit Card,Every 3 Months,2025-12-14
1142,39,Male,1142,Gloves,Accessories,"1,569",$33.00,Ohio,S,Silver,Winter,4.7,No,Next Day Air,Yes,Yes,23,PayPal,Fortnightly,2025-12-13
1143,69,Male,1143,T-shirt,Clothing,"1,570",$76.00,Ohio,L,Green,Spring,3.5,No,Store Pickup,Yes,Yes,27,Venmo,Bi-Weekly,2025-04-03
1144,68,Male,1144,Boots,Footwear,"1,571",$23.00,Nevada,L,Teal,Winter,4.4,No,Standard,Yes,Yes,43,PayPal,Quarterly,2025-01-24
1145,41,Male,1145,Jeans,Clothing,"1,573",$54.00,South Carolina,S,Indigo,Fall,4.4,No,2-Day Shipping,Yes,Yes,25,Bank Transfer,Fortnightly,2025-09-06
1146,31,Male,1146,Sneakers,Footwear,"1,574",$89.00,Nevada,L,Pink,Summer,3,No,Express,Yes,Yes,30,Cash,Every 3 Months,2025-07-27
1147,48,Male,1147,Sneakers,Footwear,"1,575",$38.00,Wisconsin,M,Indigo,Summer,4.2,No,Standard,Yes,Yes,7,Bank Transfer,Every 3 Months,2025-08-16
1148,59,Male,1148,Hat,Accessories,"1,576",$36.00,Tennessee,XL,Red,Winter,4.3,No,Next Day Air,Yes,Yes,17,Debit Card,Annually,2025-01-20
1149,34,Male,1149,Pants,Clothing,"1,577",$66.00,Florida,M,Violet,Spring,2.6,No,Store Pickup,Yes,Yes,10,PayPal,Fortnightly,2025-05-03
1150,21,Male,1150,Jewelry,Accessories,"1,579",$42.00,Georgia,L,Cyan,Spring,3.3,No,Store Pickup,Yes,Yes,40,Venmo,Annually,2025-03-18
1151,29,Male,1151,Jewelry,Accessories,"1,580",$36.00,Kentucky,S,Red,Winter,2.7,No,Next Day Air,Yes,Yes,50,Venmo,Bi-Weekly,2025-01-19
1152,41,Male,1152,Blouse,Clothing,"1,581",$86.00,Ohio,M,Gray,Spring,4.2,No,Express,Yes,Yes,24,Credit Card,Weekly,2025-03-19
1153,62,Male,1153,Handbag,Accessories,"1,582",$49.00,Connecticut,M,Gold,Fall,4,No,Standard,Yes,Yes,8,PayPal,Every 3 Months,2025-10-08
1154,27,Male,1154,Shirt,Clothing,"1,583",$41.00,Idaho,M,Pink,Summer,4,No,Free Shipping,Yes,Yes,6,Bank Transfer,Quarterly,2025-07-19
1155,49,Male,1155,Dress,Clothing,"1,585",$82.00,Georgia,L,Cyan,Spring,2.9,No,2-Day Shipping,Yes,Yes,44,Credit Card,Bi-Weekly,2025-04-07
1156,67,Male,1156,T-shirt,Clothing,"1,586",$53.00,Tennessee,S,Red,Fall,2.6,No,Express,Yes,Yes,47,PayPal,Quarterly,2025-11-04
1157,20,Male,1157,Shoes,Footwear,"1,587",$21.00,Hawaii,M,Gold,Summer,4.8,No,Express,Yes,Yes,6,Venmo,Every 3 Months,2025-06-26
1158,37,Male,1158,Belt,Accessories,"1,588",$66.00,Maryland,M,Charcoal,Fall,4.4,No,Standard,Yes,Yes,11,Cash,Quarterly,2025-10-19
1159,69,Male,1159,Belt,Accessories,"1,589",$89.00,Nevada,L,Orange,Summer,4,No,2-Day Shipping,Yes,Yes,41,Bank Transfer,Annually,2025-08-12
1160,66,Male,1160,Handbag,Accessories,"1,591",$55.00,New Hampshire,L,Blue,Fall,3.6,No,2-Day Shipping,Yes,Yes,46,Venmo,Every 3 Months,2025-11-08
1161,37,Male,1161,Scarf,Accessories,"1,592",$42.00,North Dakota,S,Blue,Summer,3.2,No,Next Day Air,Yes,Yes,9,Venmo,Bi-Weekly,2025-06-26
1162,63,Male,1162,Shorts,Clothing,"1,593",$52.00,Oklahoma,S,Orange,Fall,3.1,No,2-Day Shipping,Yes,Yes,37,PayPal,Monthly,2025-11-02
1163,47,Male,1163,Sandals,Footwear,"1,594",$92.00,North Carolina,M,Blue,Winter,4.2,No,Express,Yes,Yes,13,PayPal,Weekly,2025-12-10
1164,26,Male,1164,Pants,Clothing,"1,595",$56.00,Tennessee,L,White,Summer,3,No,2-Day Shipping,Yes,Yes,24,Debit Card,Monthly,2025-08-28
1165,68,Male,1165,Dress,Clothing,"1,597",$96.00,Montana,M,Green,Winter,4.2,No,Standard,Yes,Yes,47,PayPal,Quarterly,2025-12-20
1166,51,Male,1166,T-shirt,Clothing,"1,598",$64.00,Wisconsin,M,Silver,Winter,2.9,No,Next Day Air,Yes,Yes,21,Venmo,Every 3 Months,2025-01-21
1167,48,Male,1167,Dress,Clothing,"1,599",$48.00,Connecticut,S,Lavender,Winter,3.7,No,Store Pickup,Yes,Yes,22,Venmo,Fortnightly,2025-02-10
1168,60,Male,1168,Socks,Clothing,"1,600",$83.00,New Jersey,XL,Beige,Summer,3.6,No,Free Shipping,Yes,Yes,16,PayPal,Quarterly,2025-06-14
1169,68,Male,1169,Scarf,Accessories,"1,601",$91.00,Mississippi,L,Violet,Summer,3.6,No,Standard,Yes,Yes,37,Debit Card,Fortnightly,2025-06-20
1170,25,Male,1170,Backpack,Accessories,"1,603",$94.00,Wyoming,S,Gray,Fall,4.5,No,2-Day Shipping,Yes,Yes,3,Cash,Annually,2025-09-15
1171,57,Male,1171,Skirt,Clothing,"1,604",$62.00,Illinois,S,Red,Spring,3.2,No,Express,Yes,Yes,33,Cash,Bi-Weekly,2025-04-15
1172,41,Male,1172,Socks,Clothing,"1,605",$55.00,Louisiana,M,Lavender,Spring,3.9,No,Next Day Air,Yes,Yes,15,Debit Card,Annually,2025-05-05
1173,59,Male,1173,Coat,Outerwear,"1,606",$68.00,Oregon,L,Peach,Spring,4.6,No,Store Pickup,Yes,Yes,42,Bank Transfer,Bi-Weekly,2025-05-01
1174,44,Male,1174,Jewelry,Accessories,"1,607",$76.00,South Dakota,M,Indigo,Winter,2.5,No,Express,Yes,Yes,42,Cash,Bi-Weekly,2025-02-07
1175,42,Male,1175,Backpack,Accessories,"1,609",$31.00,Michigan,M,Black,Winter,4.3,No,Express,Yes,Yes,19,Bank Transfer,Bi-Weekly,2025-02-05
1176,35,Male,1176,Belt,Accessories,"1,610",$81.00,New Jersey,M,Beige,Spring,4.1,No,Store Pickup,Yes,Yes,26,PayPal,Quarterly,2025-03-20
1177,36,Male,1177,Dress,Clothing,"1,611",$83.00,Oregon,M,Red,Winter,4.6,No,Free Shipping,Yes,Yes,39,PayPal,Quarterly,2025-12-16
1178,54,Male,1178,Skirt,Clothing,"1,612",$21.00,Iowa,M,Black,Spring,4.8,No,Standard,Yes,Yes,24,Debit Card,Monthly,2025-05-17
1179,37,Male,1179,Dress,Clothing,"1,613",$22.00,South Carolina,M,Teal,Spring,4.9,No,Express,Yes,Yes,23,Debit Card,Annually,2025-05-11
1180,20,Male,1180,T-shirt,Clothing,"1,615",$33.00,Indiana,M,Blue,Summer,2.8,No,Free Shipping,Yes,Yes,44,Bank Transfer,Annually,2025-06-11
1181,23,Male,1181,Skirt,Clothing,"1,616",$23.00,Oregon,S,Beige,Spring,4.9,No,Standard,Yes,Yes,34,Cash,Monthly,2025-04-01
1182,61,Male,1182,Shorts,Clothing,"1,617",$96.00,New York,L,Teal,Summer,3.5,No,Free Shipping,Yes,Yes,43,Bank Transfer,Quarterly,2025-07-19
1183,37,Male,1183,Jewelry,Accessories,"1,618",$21.00,New Mexico,M,Maroon,Spring,3.8,No,Express,Yes,Yes,45,PayPal,Quarterly,2025-04-27
1184,23,Male,1184,Pants,Clothing,"1,619",$39.00,Louisiana,M,Yellow,Spring,4.5,No,2-Day Shipping,Yes,Yes,4,Credit Card,Weekly,2025-04-12
1185,63,Male,1185,Belt,Accessories,"1,621",$73.00,South Carolina,S,Indigo,Fall,3.4,No,Express,Yes,Yes,19,Credit Card,Annually,2025-10-05
1186,47,Male,1186,Jeans,Clothing,"1,622",$64.00,Maine,M,Magenta,Spring,3.9,No,Standard,Yes,Yes,29,Credit Card,Monthly,2025-05-04
1187,63,Male,1187,Jeans,Clothing,"1,623",$68.00,Indiana,M,Beige,Summer,4.1,No,2-Day Shipping,Yes,Yes,27,Credit Card,Annually,2025-08-18
1188,56,Male,1188,Hat,Accessories,"1,624",$89.00,Iowa,L,Maroon,Fall,3,No,Express,Yes,Yes,37,Credit Card,Every 3 Months,2025-09-21
1189,68,Male,1189,Blouse,Clothing,"1,625",$29.00,Mississippi,M,Magenta,Summer,3.3,No,Next Day Air,Yes,Yes,11,Credit Card,Weekly,2025-06-19
1190,64,Male,1190,Shirt,Clothing,"1,627",$97.00,Arkansas,XL,Teal,Summer,4.9,No,Free Shipping,Yes,Yes,28,Debit Card,Annually,2025-06-13
1191,62,Male,1191,Shirt,Clothing,"1,628",$45.00,South Carolina,M,Orange,Winter,4.3,No,Next Day Air,Yes,Yes,31,Credit Card,Weekly,2025-01-13
1192,34,Male,1192,T-shirt,Clothing,"1,629",$70.00,Indiana,L,Charcoal,Winter,4.1,No,Free Shipping,Yes,Yes,50,Venmo,Quarterly,2025-01-13
1193,49,Male,1193,Coat,Outerwear,"1,630",$56.00,Florida,M,Turquoise,Summer,4,No,2-Day Shipping,Yes,Yes,42,Venmo,Quarterly,2025-06-01
1194,40,Male,1194,Jacket,Outerwear,"1,631",$55.00,Alaska,L,Pink,Fall,5,No,2-Day Shipping,Yes,Yes,18,Credit Card,Fortnightly,2025-09-03
1195,50,Male,1195,Hoodie,Clothing,"1,633",$46.00,New York,S,Teal,Winter,3.1,No,2-Day Shipping,Yes,Yes,6,Credit Card,Fortnightly,2025-01-11
1196,25,Male,1196,Scarf,Accessories,"1,634",$95.00,Texas,M,White,Winter,4,No,2-Day Shipping,Yes,Yes,33,Venmo,Monthly,2025-02-28
1197,30,Male,1197,Belt,Accessories,"1,635",$88.00,North Dakota,M,Maroon,Winter,3.2,No,2-Day Shipping,Yes,Yes,13,Bank Transfer,Bi-Weekly,2025-12-27
1198,54,Male,1198,Sneakers,Footwear,"1,636",$92.00,Vermont,L,Violet,Fall,3.9,No,Standard,Yes,Yes,26,PayPal,Annually,2025-11-26
1199,40,Male,1199,Socks,Clothing,"1,637",$49.00,New Jersey,M,Brown,Summer,3.9,No,2-Day Shipping,Yes,Yes,17,Cash,Annually,2025-06-01
1200,49,Male,1200,Sandals,Footwear,"1,639",$89.00,Maryland,M,Indigo,Fall,4.5,No,Free Shipping,Yes,Yes,3,Debit Card,Weekly,2025-09-17
1201,27,Male,1201,Coat,Outerwear,"1,640",$22.00,Connecticut,XL,Black,Winter,4.4,No,Store Pickup,Yes,Yes,7,PayPal,Weekly,2025-01-04
1202,27,Male,1202,Shoes,Footwear,"1,641",$61.00,Illinois,XL,Black,Summer,3.1,No,2-Day Shipping,Yes,Yes,46,Venmo,Fortnightly,2025-07-23
1203,48,Male,1203,Scarf,Accessories,"1,642",$29.00,Maryland,S,Olive,Spring,2.9,No,Standard,Yes,Yes,14,Venmo,Every 3 Months,2025-05-09
1204,40,Male,1204,Sneakers,Footwear,"1,643",$82.00,Minnesota,M,Orange,Winter,3.7,No,Free Shipping,Yes,Yes,23,Bank Transfer,Annually,2025-12-04
1205,67,Male,1205,Belt,Accessories,"1,645",$94.00,Florida,M,Pink,Spring,3.2,No,2-Day Shipping,Yes,Yes,20,Credit Card,Every 3 Months,2025-04-19
1206,52,Male,1206,Handbag,Accessories,"1,646",$99.00,California,M,Olive,Spring,3.5,No,Standard,Yes,Yes,38,Bank Transfer,Fortnightly,2025-03-15
1207,22,Male,1207,Handbag,Accessories,"1,647",$59.00,Mississippi,S,Cyan,Fall,3,No,Free Shipping,Yes,Yes,16,Venmo,Every 3 Months,2025-09-10
1208,62,Male,1208,Boots,Footwear,"1,648",$90.00,Washington,M,White,Summer,4.1,No,Next Day Air,Yes,Yes,48,Credit Card,Every 3 Months,2025-07-25
1209,20,Male,1209,Boots,Footwear,"1,649",$100.00,Wisconsin,S,Red,Winter,2.9,No,2-Day Shipping,Yes,Yes,8,Debit Card,Annually,2025-02-17
1210,41,Male,1210,Pants,Clothing,"1,651",$62.00,Pennsylvania,M,Blue,Winter,3.8,No,Next Day Air,Yes,Yes,16,Bank Transfer,Monthly,2025-12-05
1211,34,Male,1211,Sunglasses,Accessories,"1,652",$78.00,Missouri,M,Olive,Fall,4.1,No,Next Day Air,Yes,Yes,5,Cash,Quarterly,2025-09-08
1212,23,Male,1212,Hoodie,Clothing,"1,653",$94.00,Oklahoma,M,Green,Spring,4.6,No,Store Pickup,Yes,Yes,14,Venmo,Every 3 Months,2025-05-20
1213,32,Male,1213,Shoes,Footwear,"1,654",$74.00,Pennsylvania,M,Yellow,Summer,2.5,No,Free Shipping,Yes,Yes,18,Credit Card,Weekly,2025-08-18
1214,68,Male,1214,Handbag,Accessories,"1,655",$52.00,Kentucky,XL,Black,Spring,3.7,No,Express,Yes,Yes,14,Debit Card,Every 3 Months,2025-04-21
1215,30,Male,1215,Jacket,Outerwear,"1,657",$81.00,Vermont,M,Blue,Fall,3.8,No,Free Shipping,Yes,Yes,5,Cash,Every 3 Months,2025-11-17
1216,66,Male,1216,Blouse,Clothing,"1,658",$20.00,Oregon,L,Pink,Winter,2.6,No,2-Day Shipping,Yes,Yes,15,Credit Card,Every 3 Months,2025-02-19
1217,62,Male,1217,Pants,Clothing,"1,659",$32.00,Utah,XL,Lavender,Summer,3.7,No,Free Shipping,Yes,Yes,3,Venmo,Every 3 Months,2025-08-08
1218,50,Male,1218,Boots,Footwear,"1,660",$63.00,Nebraska,XL,Cyan,Fall,2.6,No,Free Shipping,Yes,Yes,12,Cash,Every 3 Months,2025-11-24
1219,55,Male,1219,Boots,Footwear,"1,661",$79.00,Pennsylvania,M,Cyan,Spring,3.1,No,Store Pickup,Yes,Yes,43,Cash,Every 3 Months,2025-03-10
1220,19,Male,1220,Sweater,Clothing,"1,663",$23.00,Vermont,M,Gold,Winter,2.5,No,Next Day Air,Yes,Yes,35,Credit Card,Bi-Weekly,2025-01-11
1221,67,Male,1221,Gloves,Accessories,"1,664",$64.00,Kentucky,M,Green,Winter,4.9,No,Express,Yes,Yes,36,Bank Transfer,Quarterly,2025-12-05
1222,18,Male,1222,Socks,Clothing,"1,665",$69.00,Iowa,M,Red,Winter,4.5,No,Standard,Yes,Yes,3,Cash,Quarterly,2025-12-07
1223,58,Male,1223,Jeans,Clothing,"1,666",$69.00,Indiana,L,Magenta,Fall,3.4,No,Store Pickup,Yes,Yes,27,Bank Transfer,Annually,2025-10-27
1224,69,Male,1224,Pants,Clothing,"1,667",$24.00,Kansas,L,Red,Winter,3.9,No,Free Shipping,Yes,Yes,21,Bank Transfer,Weekly,2025-12-10
1225,62,Male,1225,Shorts,Clothing,"1,669",$50.00,Illinois,M,Yellow,Summer,3.7,No,Store Pickup,Yes,Yes,18,Venmo,Weekly,2025-08-17
1226,28,Male,1226,Gloves,Accessories,"1,670",$97.00,North Carolina,S,Turquoise,Fall,2.6,No,Free Shipping,Yes,Yes,16,Debit Card,Weekly,2025-11-12
1227,53,Male,1227,Sandals,Footwear,"1,671",$91.00,Ohio,S,Cyan,Fall,3.4,No,Store Pickup,Yes,Yes,18,Venmo,Bi-Weekly,2025-10-25
1228,27,Male,1228,Blouse,Clothing,"1,672",$37.00,Illinois,L,Yellow,Spring,4.9,No,Store Pickup,Yes,Yes,19,Bank Transfer,Bi-Weekly,2025-04-19
1229,55,Male,1229,Jacket,Outerwear,"1,673",$55.00,Indiana,S,Yellow,Winter,3.9,No,Express,Yes,Yes,1,Cash,Annually,2025-01-23
1230,34,Male,1230,Jewelry,Accessories,"1,675",$52.00,Kansas,XL,Maroon,Winter,3.6,No,Express,Yes,Yes,39,Bank Transfer,Annually,2025-01-25
1231,25,Male,1231,Hat,Accessories,"1,676",$80.00,Illinois,L,Brown,Spring,4.6,No,Standard,Yes,Yes,49,Venmo,Monthly,2025-03-13
1232,66,Male,1232,Socks,Clothing,"1,677",$79.00,Pennsylvania,M,Gold,Spring,4,No,2-Day Shipping,Yes,Yes,43,Credit Card,Fortnightly,2025-04-02
1233,57,Male,1233,Handbag,Accessories,"1,678",$23.00,New York,M,Charcoal,Summer,3.6,No,Free Shipping,Yes,Yes,31,Debit Card,Every 3 Months,2025-08-01
1234,46,Male,1234,Pants,Clothing,"1,679",$73.00,Utah,L,Beige,Winter,3.5,No,Next Day Air,Yes,Yes,40,Venmo,Every 3 Months,2025-02-07
1235,38,Male,1235,Gloves,Accessories,"1,681",$99.00,New Jersey,M,Indigo,Fall,4.1,No,Store Pickup,Yes,Yes,2,Bank Transfer,Bi-Weekly,2025-10-28
1236,23,Male,1236,Sweater,Clothing,"1,682",$22.00,Idaho,M,Red,Spring,3,No,Store Pickup,Yes,Yes,46,PayPal,Every 3 Months,2025-05-12
1237,42,Male,1237,Hat,Accessories,"1,683",$68.00,New Mexico,M,White,Summer,4.4,No,Store Pickup,Yes,Yes,35,Debit Card,Every 3 Months,2025-07-25
1238,25,Male,1238,Dress,Clothing,"1,684",$92.00,Michigan,S,Charcoal,Spring,4.4,No,2-Day Shipping,Yes,Yes,42,Credit Card,Quarterly,2025-03-09
1239,55,Male,1239,Pants,Clothing,"1,685",$77.00,Wyoming,M,Violet,Winter,3.7,No,Express,Yes,Yes,3,Venmo,Fortnightly,2025-12-07
1240,62,Male,1240,Coat,Outerwear,"1,687",$37.00,New Jersey,XL,Magenta,Spring,4.8,No,Standard,Yes,Yes,32,Debit Card,Every 3 Months,2025-03-13
1241,41,Male,1241,Scarf,Accessories,"1,688",$79.00,New Jersey,L,White,Winter,2.9,No,Store Pickup,Yes,Yes,48,Debit Card,Annually,2025-12-15
1242,58,Male,1242,Hoodie,Clothing,"1,689",$51.00,Hawaii,XL,Pink,Winter,3.1,No,Express,Yes,Yes,34,Credit Card,Weekly,2025-12-07
1243,56,Male,1243,Socks,Clothing,"1,690",$27.00,Nevada,M,Lavender,Summer,4,No,Next Day Air,Yes,Yes,15,Bank Transfer,Quarterly,2025-07-27
1244,25,Male,1244,Blouse,Clothing,"1,691",$23.00,New Hampshire,S,Pink,Spring,3,No,Store Pickup,Yes,Yes,22,Debit Card,Annually,2025-04-08
1245,70,Male,1245,Socks,Clothing,"1,693",$76.00,Indiana,S,Silver,Summer,3.9,No,2-Day Shipping,Yes,Yes,2,Cash,Monthly,2025-07-22
1246,42,Male,1246,Dress,Clothing,"1,694",$31.00,New York,M,Violet,Fall,3.4,No,Standard,Yes,Yes,30,Bank Transfer,Weekly,2025-09-13
1247,27,Male,1247,Hoodie,Clothing,"1,695",$60.00,Louisiana,M,Charcoal,Winter,2.7,No,Standard,Yes,Yes,27,Cash,Monthly,2025-02-09
1248,65,Male,1248,T-shirt,Clothing,"1,696",$99.00,Virginia,M,Charcoal,Spring,3.5,No,Express,Yes,Yes,18,Venmo,Bi-Weekly,2025-05-14
1249,62,Male,1249,Hat,Accessories,"1,697",$37.00,Wisconsin,XL,Red,Winter,3,No,Free Shipping,Yes,Yes,8,Credit Card,Annually,2025-02-02
1250,62,Male,1250,Boots,Footwear,"1,699",$50.00,Oregon,M,Peach,Winter,4.5,No,Express,Yes,Yes,48,Venmo,Fortnightly,2025-02-14
1251,52,Male,1251,Jeans,Clothing,"1,700",$26.00,New Hampshire,XL,Purple,Winter,4.1,No,Free Shipping,Yes,Yes,24,Cash,Monthly,2025-12-02
1252,56,Male,1252,Shorts,Clothing,"1,701",$86.00,Indiana,XL,Orange,Spring,5,No,Next Day Air,Yes,Yes,43,Credit Card,Monthly,2025-04-07
1253,28,Male,1253,Sandals,Footwear,"1,702",$41.00,Massachusetts,L,Magenta,Fall,4,No,Standard,Yes,Yes,8,Cash,Quarterly,2025-09-16
1254,39,Male,1254,Sandals,Footwear,"1,703",$23.00,Montana,XL,Red,Winter,4.9,No,Express,Yes,Yes,49,PayPal,Annually,2025-02-16
1255,54,Male,1255,Sneakers,Footwear,"1,705",$56.00,California,XL,Black,Spring,3.3,No,2-Day Shipping,Yes,Yes,2,Credit Card,Bi-Weekly,2025-04-11
1256,30,Male,1256,Hat,Accessories,"1,706",$68.00,Indiana,M,Peach,Fall,4.1,No,Standard,Yes,Yes,38,Cash,Fortnightly,2025-10-20
1257,45,Male,1257,Coat,Outerwear,"1,707",$48.00,West Virginia,S,Olive,Winter,3.6,No,Express,Yes,Yes,4,Cash,Fortnightly,2025-01-25
1258,68,Male,1258,Dress,Clothing,"1,708",$67.00,Minnesota,L,Gold,Spring,3,No,Free Shipping,Yes,Yes,31,Cash,Every 3 Months,2025-05-28
1259,47,Male,1259,Boots,Footwear,"1,709",$87.00,Ohio,XL,Gold,Spring,4.1,No,2-Day Shipping,Yes,Yes,34,Debit Card,Every 3 Months,2025-04-13
1260,68,Male,1260,Skirt,Clothing,"1,711",$64.00,Minnesota,M,Turquoise,Fall,3.9,No,Standard,Yes,Yes,45,Credit Card,Monthly,2025-11-11
1261,63,Male,1261,Shirt,Clothing,"1,712",$93.00,Virginia,XL,Green,Spring,4.1,No,Store Pickup,Yes,Yes,30,Debit Card,Quarterly,2025-04-09
1262,20,Male,1262,Shirt,Clothing,"1,713",$29.00,Connecticut,L,Maroon,Summer,2.8,No,Next Day Air,Yes,Yes,2,Credit Card,Fortnightly,2025-07-25
1263,29,Male,1263,Boots,Footwear,"1,714",$62.00,Tennessee,L,Brown,Winter,4.8,No,Store Pickup,Yes,Yes,44,Venmo,Monthly,2025-12-28
1264,41,Male,1264,Hoodie,Clothing,"1,715",$70.00,Delaware,L,Brown,Winter,4.6,No,2-Day Shipping,Yes,Yes,1,Credit Card,Bi-Weekly,2025-01-14
1265,52,Male,1265,Sweater,Clothing,"1,717",$92.00,Vermont,S,Blue,Winter,2.5,No,Next Day Air,Yes,Yes,1,Venmo,Bi-Weekly,2025-01-10
1266,32,Male,1266,Shirt,Clothing,"1,718",$79.00,Louisiana,M,Lavender,Spring,2.7,No,Next Day Air,Yes,Yes,27,Bank Transfer,Weekly,2025-05-04
1267,20,Male,1267,Blouse,Clothing,"1,719",$31.00,North Dakota,M,Peach,Fall,4,No,Standard,Yes,Yes,14,Debit Card,Every 3 Months,2025-10-17
1268,47,Male,1268,T-shirt,Clothing,"1,720",$83.00,Oregon,S,Gray,Spring,2.7,No,Standard,Yes,Yes,41,Cash,Weekly,2025-04-12
1269,23,Male,1269,Jacket,Outerwear,"1,721",$88.00,Idaho,XL,Charcoal,Winter,2.9,No,Next Day Air,Yes,Yes,25,Debit Card,Bi-Weekly,2025-12-04
1270,43,Male,1270,Jewelry,Accessories,"1,723",$53.00,Vermont,M,Lavender,Spring,3,No,Standard,Yes,Yes,47,PayPal,Quarterly,2025-04-20
1271,67,Male,1271,Hoodie,Clothing,"1,724",$98.00,West Virginia,M,Green,Fall,3.3,No,Standard,Yes,Yes,20,Cash,Annually,2025-11-14
1272,70,Male,1272,Jewelry,Accessories,"1,725",$57.00,Kentucky,S,Gray,Spring,4.3,No,Store Pickup,Yes,Yes,42,PayPal,Annually,2025-04-01
1273,35,Male,1273,Sandals,Footwear,"1,726",$80.00,Wisconsin,M,Orange,Winter,4.4,No,Express,Yes,Yes,16,Bank Transfer,Monthly,2025-12-09
1274,41,Male,1274,Jeans,Clothing,"1,727",$29.00,Mississippi,L,Silver,Spring,4.1,No,Next Day Air,Yes,Yes,32,Credit Card,Every 3 Months,2025-04-16
1275,54,Male,1275,Hat,Accessories,"1,729",$73.00,Missouri,M,Olive,Spring,3.1,No,2-Day Shipping,Yes,Yes,37,PayPal,Quarterly,2025-03-25
1276,55,Male,1276,Sweater,Clothing,"1,730",$32.00,Arkansas,S,Turquoise,Fall,4.5,No,Standard,Yes,Yes,1,PayPal,Monthly,2025-11-20
1277,51,Male,1277,Boots,Footwear,"1,731",$68.00,Wyoming,L,Turquoise,Spring,4.8,No,Next Day Air,Yes,Yes,37,Bank Transfer,Weekly,2025-05-14
1278,19,Male,1278,Blouse,Clothing,"1,732",$97.00,Rhode Island,L,Green,Spring,5,No,Express,Yes,Yes,5,Venmo,Quarterly,2025-05-25
1279,28,Male,1279,Shorts,Clothing,"1,733",$98.00,Utah,M,Violet,Fall,2.8,No,Next Day Air,Yes,Yes,31,Venmo,Fortnightly,2025-10-03
1280,63,Male,1280,Hoodie,Clothing,"1,735",$56.00,Maryland,L,Charcoal,Fall,3.7,No,Express,Yes,Yes,18,Debit Card,Annually,2025-09-22
1281,30,Male,1281,Pants,Clothing,"1,736",$78.00,Georgia,L,White,Winter,4.4,No,2-Day Shipping,Yes,Yes,39,Venmo,Every 3 Months,2025-12-11
1282,29,Male,1282,Belt,Accessories,"1,737",$81.00,New Jersey,M,Olive,Spring,4.5,No,Store Pickup,Yes,Yes,8,Venmo,Bi-Weekly,2025-04-26
1283,24,Male,1283,Shirt,Clothing,"1,738",$68.00,New Hampshire,L,Violet,Winter,3,No,Free Shipping,Yes,Yes,20,Venmo,Monthly,2025-01-22
1284,69,Male,1284,Shirt,Clothing,"1,739",$94.00,Oregon,M,Violet,Winter,3.9,No,2-Day Shipping,Yes,Yes,23,Debit Card,Every 3 Months,2025-12-14
1285,65,Male,1285,Dress,Clothing,"1,741",$93.00,Arkansas,M,Black,Spring,3.9,No,Express,Yes,Yes,38,PayPal,Fortnightly,2025-03-09
1286,64,Male,1286,Gloves,Accessories,"1,742",$99.00,North Carolina,M,Charcoal,Fall,3.5,No,Next Day Air,Yes,Yes,45,Bank Transfer,Fortnightly,2025-09-01
1287,40,Male,1287,Gloves,Accessories,"1,743",$49.00,West Virginia,L,Yellow,Winter,4.9,No,Next Day Air,Yes,Yes,44,Debit Card,Fortnightly,2025-02-16
1288,24,Male,1288,Jeans,Clothing,"1,744",$28.00,Utah,XL,Blue,Winter,3.4,No,Standard,Yes,Yes,20,PayPal,Monthly,2025-02-11
1289,66,Male,1289,Belt,Accessories,"1,745",$93.00,South Dakota,XL,Charcoal,Winter,4.1,No,Standard,Yes,Yes,34,PayPal,Bi-Weekly,2025-02-23
1290,35,Male,1290,Jacket,Outerwear,"1,747",$24.00,New Hampshire,M,Red,Fall,2.9,No,Next Day Air,Yes,Yes,10,PayPal,Weekly,2025-09-20
1291,67,Male,1291,Skirt,Clothing,"1,748",$35.00,Maryland,M,Indigo,Spring,3.4,No,Free Shipping,Yes,Yes,3,PayPal,Annually,2025-04-06
1292,69,Male,1292,Sandals,Footwear,"1,749",$68.00,South Dakota,S,Beige,Spring,3.2,No,2-Day Shipping,Yes,Yes,23,Debit Card,Fortnightly,2025-03-16
1293,26,Male,1293,Belt,Accessories,"1,750",$61.00,Kentucky,M,Maroon,Summer,3.9,No,Free Shipping,Yes,Yes,42,Bank Transfer,Annually,2025-06-20
1294,23,Male,1294,Sweater,Clothing,"1,751",$74.00,Florida,XL,Yellow,Fall,4.1,No,Standard,Yes,Yes,30,Debit Card,Annually,2025-11-03
1295,27,Male,1295,Shirt,Clothing,"1,753",$64.00,Texas,M,Silver,Summer,4.5,No,Standard,Yes,Yes,21,Cash,Every 3 Months,2025-08-06
1296,30,Male,1296,Sneakers,Footwear,"1,754",$60.00,New Mexico,M,Olive,Fall,2.8,No,Standard,Yes,Yes,50,PayPal,Weekly,2025-10-20
1297,48,Male,1297,Jeans,Clothing,"1,755",$29.00,South Dakota,S,Teal,Spring,2.8,No,Express,Yes,Yes,16,Cash,Bi-Weekly,2025-04-26
1298,44,Male,1298,Sandals,Footwear,"1,756",$85.00,New Jersey,M,Silver,Summer,4.6,No,Standard,Yes,Yes,32,Venmo,Annually,2025-08-28
1299,29,Male,1299,Pants,Clothing,"1,757",$81.00,Indiana,S,Indigo,Summer,3,No,Free Shipping,Yes,Yes,14,Bank Transfer,Fortnightly,2025-07-19
1300,29,Male,1300,Belt,Accessories,"1,759",$23.00,Louisiana,L,Teal,Fall,3.6,No,2-Day Shipping,Yes,Yes,42,Venmo,Bi-Weekly,2025-10-17
1301,67,Male,1301,T-shirt,Clothing,"1,760",$100.00,West Virginia,M,Charcoal,Spring,4.5,No,Next Day Air,Yes,Yes,47,Credit Card,Every 3 Months,2025-03-09
1302,42,Male,1302,Shirt,Clothing,"1,761",$54.00,Maine,M,Orange,Fall,5,No,Express,Yes,Yes,21,Debit Card,Weekly,2025-11-21
1303,23,Male,1303,Sneakers,Footwear,"1,762",$25.00,Idaho,M,Gold,Fall,2.9,No,Next Day Air,Yes,Yes,37,Credit Card,Monthly,2025-09-25
1304,34,Male,1304,Blouse,Clothing,"1,763",$32.00,New York,L,Silver,Summer,3.1,No,Next Day Air,Yes,Yes,10,Credit Card,Annually,2025-07-17
1305,64,Male,1305,Backpack,Accessories,"1,765",$63.00,Montana,S,Orange,Spring,4,No,2-Day Shipping,Yes,Yes,18,PayPal,Every 3 Months,2025-05-22
1306,31,Male,1306,Pants,Clothing,"1,766",$56.00,Mississippi,XL,Peach,Spring,4.5,No,Express,Yes,Yes,2,PayPal,Every 3 Months,2025-03-16
1307,54,Male,1307,Sweater,Clothing,"1,767",$33.00,Alaska,L,Brown,Winter,4.5,No,Next Day Air,Yes,Yes,40,PayPal,Annually,2025-02-20
1308,23,Male,1308,Coat,Outerwear,"1,768",$32.00,Missouri,L,Black,Summer,3.1,No,Express,Yes,Yes,43,PayPal,Annually,2025-07-20
1309,59,Male,1309,Dress,Clothing,"1,769",$38.00,Rhode Island,L,Red,Summer,4.4,No,Next Day Air,Yes,Yes,14,Credit Card,Every 3 Months,2025-07-16
1310,32,Male,1310,Blouse,Clothing,"1,771",$21.00,Hawaii,L,Lavender,Summer,4.7,No,Store Pickup,Yes,Yes,41,Cash,Quarterly,2025-07-25
1311,43,Male,1311,Hoodie,Clothing,"1,772",$59.00,South Carolina,L,Brown,Winter,3.1,No,Store Pickup,Yes,Yes,38,Credit Card,Every 3 Months,2025-02-27
1312,32,Male,1312,Shoes,Footwear,"1,773",$87.00,Tennessee,M,Maroon,Fall,4.2,No,Express,Yes,Yes,12,Venmo,Annually,2025-11-08
1313,66,Male,1313,T-shirt,Clothing,"1,774",$79.00,Missouri,M,Violet,Winter,3,No,Store Pickup,Yes,Yes,19,Bank Transfer,Monthly,2025-01-05
1314,70,Male,1314,Shoes,Footwear,"1,775",$28.00,Missouri,M,Lavender,Summer,2.6,No,Free Shipping,Yes,Yes,23,Credit Card,Bi-Weekly,2025-06-16
1315,42,Male,1315,Boots,Footwear,"1,777",$67.00,Missouri,S,Magenta,Summer,3.4,No,Free Shipping,Yes,Yes,49,Debit Card,Annually,2025-08-18
1316,56,Male,1316,Shorts,Clothing,"1,778",$75.00,Mississippi,L,Green,Spring,4.2,No,2-Day Shipping,Yes,Yes,29,Debit Card,Quarterly,2025-04-28
1317,28,Male,1317,Belt,Accessories,"1,779",$32.00,Arkansas,S,Lavender,Spring,4.6,No,Standard,Yes,Yes,14,Debit Card,Bi-Weekly,2025-05-09
1318,28,Male,1318,Pants,Clothing,"1,780",$43.00,Kentucky,M,Green,Spring,2.8,No,Free Shipping,Yes,Yes,19,Cash,Monthly,2025-05-15
1319,52,Male,1319,Shorts,Clothing,"1,781",$93.00,Connecticut,M,Maroon,Spring,2.7,No,Express,Yes,Yes,19,Credit Card,Bi-Weekly,2025-04-17
1320,65,Male,1320,Sunglasses,Accessories,"1,783",$24.00,Oklahoma,M,Magenta,Spring,4,No,Standard,Yes,Yes,48,Bank Transfer,Weekly,2025-04-05
1321,56,Male,1321,Hat,Accessories,"1,784",$31.00,California,XL,Teal,Fall,3.1,No,Free Shipping,Yes,Yes,19,Debit Card,Annually,2025-09-19
1322,59,Male,1322,T-shirt,Clothing,"1,785",$84.00,Missouri,L,Orange,Winter,3.7,No,Express,Yes,Yes,45,Bank Transfer,Every 3 Months,2025-12-14
1323,23,Male,1323,Pants,Clothing,"1,786",$74.00,Washington,M,Violet,Winter,4,No,Next Day Air,Yes,Yes,17,Bank Transfer,Quarterly,2025-12-25
1324,58,Male,1324,Shorts,Clothing,"1,787",$62.00,New York,M,Yellow,Spring,4.6,No,Standard,Yes,Yes,15,Debit Card,Every 3 Months,2025-03-15
1325,39,Male,1325,Jewelry,Accessories,"1,789",$77.00,Indiana,S,Orange,Summer,3.8,No,Free Shipping,Yes,Yes,11,Credit Card,Fortnightly,2025-08-16
1326,28,Male,1326,Backpack,Accessories,"1,790",$73.00,Oregon,L,Gold,Summer,3.5,No,Express,Yes,Yes,1,Cash,Monthly,2025-06-16
1327,40,Male,1327,Shoes,Footwear,"1,791",$50.00,Texas,M,Indigo,Spring,4.6,No,Free Shipping,Yes,Yes,17,Cash,Monthly,2025-03-06
1328,52,Male,1328,Coat,Outerwear,"1,792",$40.00,Florida,M,Turquoise,Winter,2.8,No,Standard,Yes,Yes,37,Cash,Weekly,2025-12-17
1329,37,Male,1329,Sweater,Clothing,"1,793",$97.00,Rhode Island,M,Orange,Winter,3.7,No,Standard,Yes,Yes,40,Bank Transfer,Weekly,2025-12-03
1330,70,Male,1330,Gloves,Accessories,"1,795",$63.00,Texas,M,Indigo,Fall,3.3,No,Express,Yes,Yes,50,PayPal,Every 3 Months,2025-10-27
1331,30,Male,1331,Handbag,Accessories,"1,796",$65.00,Vermont,M,Charcoal,Fall,2.9,No,Standard,Yes,Yes,20,PayPal,Bi-Weekly,2025-10-22
1332,38,Male,1332,Socks,Clothing,"1,797",$91.00,Maryland,M,Lavender,Spring,3.2,No,Standard,Yes,Yes,8,PayPal,Bi-Weekly,2025-03-26
1333,66,Male,1333,Hoodie,Clothing,"1,798",$60.00,Alaska,S,Gold,Spring,4.3,No,Store Pickup,Yes,Yes,16,Bank Transfer,Quarterly,2025-04-02
1334,29,Male,1334,Pants,Clothing,"1,799",$69.00,Idaho,M,Lavender,Winter,2.7,No,Next Day Air,Yes,Yes,9,Bank Transfer,Quarterly,2025-01-13
1335,46,Male,1335,Coat,Outerwear,"1,801",$52.00,West Virginia,S,White,Spring,4.2,No,Store Pickup,Yes,Yes,12,Venmo,Monthly,2025-05-19
1336,56,Male,1336,Boots,Footwear,"1,802",$49.00,Nevada,M,Lavender,Fall,4.8,No,2-Day Shipping,Yes,Yes,26,Credit Card,Weekly,2025-10-25
1337,23,Male,1337,Sneakers,Footwear,"1,803",$85.00,Oregon,M,Charcoal,Spring,4.8,No,Store Pickup,Yes,Yes,44,Debit Card,Fortnightly,2025-04-19
1338,37,Male,1338,Sweater,Clothing,"1,804",$86.00,Tennessee,L,Silver,Spring,3.4,No,Express,Yes,Yes,19,Credit Card,Bi-Weekly,2025-05-22
1339,56,Male,1339,Handbag,Accessories,"1,805",$51.00,Alabama,S,Yellow,Winter,2.6,No,Standard,Yes,Yes,43,PayPal,Fortnightly,2025-02-10
1340,36,Male,1340,Belt,Accessories,"1,807",$56.00,Indiana,L,Olive,Winter,5,No,Next Day Air,Yes,Yes,5,Bank Transfer,Every 3 Months,2025-12-05
1341,40,Male,1341,Belt,Accessories,"1,808",$72.00,Idaho,M,Peach,Fall,4.4,No,Next Day Air,Yes,Yes,5,Debit Card,Every 3 Months,2025-10-05
1342,26,Male,1342,Hoodie,Clothing,"1,809",$27.00,Rhode Island,XL,Yellow,Fall,2.9,No,Standard,Yes,Yes,31,Bank Transfer,Quarterly,2025-09-11
1343,57,Male,1343,Sunglasses,Accessories,"1,810",$43.00,Arizona,XL,Yellow,Summer,3.4,No,2-Day Shipping,Yes,Yes,11,Bank Transfer,Monthly,2025-06-27
1344,68,Male,1344,Sneakers,Footwear,"1,811",$56.00,Florida,M,Indigo,Spring,3.4,No,Standard,Yes,Yes,34,Bank Transfer,Monthly,2025-05-11
1345,56,Male,1345,T-shirt,Clothing,"1,813",$37.00,New York,S,Violet,Fall,4.9,No,Next Day Air,Yes,Yes,14,Cash,Annually,2025-11-25
1346,40,Male,1346,Dress,Clothing,"1,814",$21.00,Nebraska,M,White,Fall,3.6,No,Standard,Yes,Yes,42,Venmo,Weekly,2025-11-24
1347,44,Male,1347,Hoodie,Clothing,"1,815",$91.00,Mississippi,L,White,Winter,3,No,Free Shipping,Yes,Yes,15,Venmo,Bi-Weekly,2025-02-27
1348,44,Male,1348,Sweater,Clothing,"1,816",$95.00,Vermont,M,Cyan,Summer,3.9,No,2-Day Shipping,Yes,Yes,47,Bank Transfer,Monthly,2025-08-24
1349,19,Male,1349,Belt,Accessories,"1,817",$54.00,Nebraska,XL,Purple,Spring,3.2,No,Standard,Yes,Yes,23,Credit Card,Fortnightly,2025-04-11
1350,21,Male,1350,Socks,Clothing,"1,819",$36.00,South Carolina,XL,Black,Spring,3.2,No,Next Day Air,Yes,Yes,23,Cash,Bi-Weekly,2025-04-10
1351,31,Male,1351,Sunglasses,Accessories,"1,820",$71.00,Delaware,M,Orange,Fall,4.3,No,Next Day Air,Yes,Yes,1,Cash,Every 3 Months,2025-09-18
1352,30,Male,1352,Coat,Outerwear,"1,821",$31.00,Vermont,L,Maroon,Summer,2.8,No,2-Day Shipping,Yes,Yes,28,Bank Transfer,Quarterly,2025-06-05
1353,65,Male,1353,Hat,Accessories,"1,822",$89.00,Indiana,XL,Orange,Spring,4.5,No,Next Day Air,Yes,Yes,37,Credit Card,Bi-Weekly,2025-03-20
1354,39,Male,1354,Pants,Clothing,"1,823",$83.00,Oregon,M,Teal,Winter,4.1,No,Next Day Air,Yes,Yes,4,Cash,Every 3 Months,2025-12-10
1355,64,Male,1355,Backpack,Accessories,"1,825",$42.00,Maryland,M,Gray,Spring,3.6,No,2-Day Shipping,Yes,Yes,21,Bank Transfer,Quarterly,2025-03-21
1356,59,Male,1356,Shorts,Clothing,"1,826",$91.00,Florida,M,Blue,Summer,3,No,2-Day Shipping,Yes,Yes,50,PayPal,Bi-Weekly,2025-07-26
1357,49,Male,1357,Jacket,Outerwear,"1,827",$61.00,Indiana,M,Cyan,Spring,4,No,Free Shipping,Yes,Yes,34,Bank Transfer,Annually,2025-03-23
1358,24,Male,1358,Backpack,Accessories,"1,828",$66.00,Texas,S,Red,Summer,3.5,No,Next Day Air,Yes,Yes,20,Cash,Quarterly,2025-07-15
1359,19,Male,1359,Scarf,Accessories,"1,829",$22.00,Nebraska,XL,Pink,Spring,2.5,No,Store Pickup,Yes,Yes,25,Venmo,Every 3 Months,2025-05-22
1360,27,Male,1360,Hoodie,Clothing,"1,831",$68.00,North Carolina,S,Cyan,Winter,4.3,No,Store Pickup,Yes,Yes,26,Bank Transfer,Fortnightly,2025-12-26
1361,56,Male,1361,Skirt,Clothing,"1,832",$43.00,Alabama,L,Black,Fall,2.8,No,Express,Yes,Yes,4,Bank Transfer,Annually,2025-09-07
1362,49,Male,1362,Dress,Clothing,"1,833",$32.00,Alabama,M,Beige,Fall,3.7,No,Next Day Air,Yes,Yes,39,Debit Card,Monthly,2025-11-20
1363,41,Male,1363,Coat,Outerwear,"1,834",$46.00,Colorado,M,Gray,Fall,4.3,No,Express,Yes,Yes,29,Cash,Weekly,2025-09-11
1364,36,Male,1364,Blouse,Clothing,"1,835",$90.00,Wisconsin,L,Red,Summer,4,No,Express,Yes,Yes,47,PayPal,Quarterly,2025-06-05
1365,68,Male,1365,Hat,Accessories,"1,837",$75.00,Delaware,L,Yellow,Fall,4.7,No,Express,Yes,Yes,5,Cash,Every 3 Months,2025-09-19
1366,28,Male,1366,Handbag,Accessories,"1,838",$69.00,Indiana,M,Magenta,Winter,4.5,No,Store Pickup,Yes,Yes,18,Bank Transfer,Fortnightly,2025-01-02
1367,45,Male,1367,Belt,Accessories,"1,839",$40.00,Iowa,M,Magenta,Fall,3.1,No,Free Shipping,Yes,Yes,10,Credit Card,Fortnightly,2025-10-24
1368,60,Male,1368,Belt,Accessories,"1,840",$63.00,Iowa,S,Black,Fall,3.8,No,Express,Yes,Yes,25,Cash,Quarterly,2025-10-13
1369,21,Male,1369,Shirt,Clothing,"1,841",$36.00,Wisconsin,L,Orange,Summer,4.9,No,Express,Yes,Yes,2,Cash,Weekly,2025-07-02
1370,32,Male,1370,Shoes,Footwear,"1,843",$75.00,Iowa,M,Green,Winter,3.2,No,Standard,Yes,Yes,48,Venmo,Fortnightly,2025-01-15
1371,27,Male,1371,Scarf,Accessories,"1,844",$67.00,Montana,L,Peach,Summer,2.9,No,2-Day Shipping,Yes,Yes,41,Bank Transfer,Every 3 Months,2025-07-20
1372,40,Male,1372,Pants,Clothing,"1,845",$64.00,Mississippi,M,Charcoal,Spring,2.8,No,Store Pickup,Yes,Yes,42,Credit Card,Monthly,2025-04-21
1373,64,Male,1373,Blouse,Clothing,"1,846",$61.00,Michigan,M,Gray,Fall,4,No,2-Day Shipping,Yes,Yes,44,PayPal,Bi-Weekly,2025-10-05
1374,18,Male,1374,Gloves,Accessories,"1,847",$40.00,Virginia,L,Turquoise,Winter,2.6,No,Store Pickup,Yes,Yes,6,Cash,Quarterly,2025-01-16
1375,22,Male,1375,Handbag,Accessories,"1,849",$97.00,New York,M,Red,Fall,2.7,No,Free Shipping,Yes,Yes,5,Bank Transfer,Quarterly,2025-10-25
1376,42,Male,1376,Sneakers,Footwear,"1,850",$31.00,Maine,L,Brown,Spring,4.1,No,2-Day Shipping,Yes,Yes,8,Credit Card,Annually,2025-05-02
1377,57,Male,1377,Sandals,Footwear,"1,851",$65.00,New Jersey,L,Pink,Spring,5,No,Free Shipping,Yes,Yes,24,PayPal,Annually,2025-03-23
1378,33,Male,1378,Sunglasses,Accessories,"1,852",$54.00,Maryland,L,Olive,Spring,3,No,Next Day Air,Yes,Yes,42,Venmo,Monthly,2025-05-12
1379,37,Male,1379,Jacket,Outerwear,"1,853",$49.00,Kentucky,XL,Lavender,Fall,3.6,No,Free Shipping,Yes,Yes,24,Venmo,Weekly,2025-11-26
1380,21,Male,1380,T-shirt,Clothing,"1,855",$64.00,Minnesota,L,Purple,Fall,2.8,No,2-Day Shipping,Yes,Yes,38,Venmo,Bi-Weekly,2025-11-07
1381,51,Male,1381,Sneakers,Footwear,"1,856",$35.00,Massachusetts,S,Beige,Winter,4.6,No,Standard,Yes,Yes,41,Cash,Fortnightly,2025-01-01
1382,30,Male,1382,Shoes,Footwear,"1,857",$86.00,Illinois,L,Green,Winter,2.9,No,Standard,Yes,Yes,48,Venmo,Quarterly,2025-01-16
1383,68,Male,1383,Jacket,Outerwear,"1,858",$55.00,Michigan,L,Brown,Winter,4.8,No,Express,Yes,Yes,16,Bank Transfer,Quarterly,2025-02-07
1384,36,Male,1384,Scarf,Accessories,"1,859",$58.00,Wisconsin,M,Beige,Spring,3.3,No,Express,Yes,Yes,4,Venmo,Monthly,2025-04-13
1385,46,Male,1385,Sneakers,Footwear,"1,861",$96.00,Alaska,M,Beige,Fall,4.6,No,Standard,Yes,Yes,8,Bank Transfer,Weekly,2025-11-12
1386,41,Male,1386,Jewelry,Accessories,"1,862",$64.00,Mississippi,M,Indigo,Fall,2.6,No,Store Pickup,Yes,Yes,1,Bank Transfer,Bi-Weekly,2025-09-10
1387,68,Male,1387,Jacket,Outerwear,"1,863",$56.00,Oregon,M,Silver,Fall,4,No,Next Day Air,Yes,Yes,4,Debit Card,Quarterly,2025-09-23
1388,21,Male,1388,Blouse,Clothing,"1,864",$85.00,Maryland,M,Gold,Winter,3.8,No,Standard,Yes,Yes,20,Credit Card,Monthly,2025-02-23
1389,62,Male,1389,Dress,Clothing,"1,865",$23.00,Arkansas,M,Lavender,Spring,3.9,No,Express,Yes,Yes,40,Cash,Quarterly,2025-03-11
1390,59,Male,1390,Scarf,Accessories,"1,867",$72.00,Illinois,L,Orange,Fall,2.6,No,Store Pickup,Yes,Yes,8,Debit Card,Fortnightly,2025-09-08
1391,25,Male,1391,Hat,Accessories,"1,868",$38.00,Arkansas,M,Maroon,Summer,4.3,No,Standard,Yes,Yes,42,Debit Card,Weekly,2025-06-19
1392,53,Male,1392,Blouse,Clothing,"1,869",$29.00,Mississippi,S,White,Winter,3.6,No,Express,Yes,Yes,38,Credit Card,Annually,2025-02-25
1393,31,Male,1393,Gloves,Accessories,"1,870",$46.00,Arkansas,M,Yellow,Spring,4.2,No,Express,Yes,Yes,34,Venmo,Every 3 Months,2025-04-25
1394,46,Male,1394,Gloves,Accessories,"1,871",$58.00,Idaho,L,Yellow,Spring,3.9,No,Express,Yes,Yes,14,PayPal,Fortnightly,2025-04-18
1395,26,Male,1395,Coat,Outerwear,"1,873",$43.00,Iowa,L,Magenta,Fall,4.7,No,Next Day Air,Yes,Yes,39,Cash,Weekly,2025-11-04
1396,47,Male,1396,Scarf,Accessories,"1,874",$32.00,West Virginia,L,Turquoise,Spring,2.8,No,Next Day Air,Yes,Yes,40,PayPal,Bi-Weekly,2025-04-27
1397,37,Male,1397,Pants,Clothing,"1,875",$30.00,Wisconsin,XL,Lavender,Winter,3,No,Next Day Air,Yes,Yes,49,Debit Card,Monthly,2025-01-07
1398,55,Male,1398,Sunglasses,Accessories,"1,876",$67.00,Massachusetts,S,Magenta,Summer,4.7,No,Store Pickup,Yes,Yes,33,PayPal,Annually,2025-08-05
1399,30,Male,1399,Dress,Clothing,"1,877",$45.00,Texas,M,Cyan,Summer,2.5,No,Free Shipping,Yes,Yes,25,Credit Card,Weekly,2025-07-14
1400,19,Male,1400,Hat,Accessories,"1,879",$81.00,Nebraska,M,Olive,Winter,3.1,No,Store Pickup,Yes,Yes,48,Venmo,Annually,2025-02-01
1401,36,Male,1401,Backpack,Accessories,"1,880",$23.00,Nevada,M,Red,Fall,3.6,No,Next Day Air,Yes,Yes,22,Credit Card,Every 3 Months,2025-11-20
1402,23,Male,1402,Sandals,Footwear,"1,881",$59.00,Indiana,M,Blue,Fall,3.5,No,2-Day Shipping,Yes,Yes,1,PayPal,Weekly,2025-11-03
1403,62,Male,1403,Sunglasses,Accessories,"1,882",$21.00,North Dakota,L,White,Summer,3.1,No,Express,Yes,Yes,47,PayPal,Monthly,2025-08-13
1404,26,Male,1404,Backpack,Accessories,"1,883",$20.00,Georgia,M,Peach,Spring,3.6,No,Store Pickup,Yes,Yes,20,Credit Card,Bi-Weekly,2025-03-22
1405,36,Male,1405,Jewelry,Accessories,"1,885",$28.00,New Mexico,M,Charcoal,Winter,3.5,No,Next Day Air,Yes,Yes,10,Debit Card,Weekly,2025-12-20
1406,33,Male,1406,Socks,Clothing,"1,886",$100.00,New Hampshire,M,Peach,Winter,2.7,No,Store Pickup,Yes,Yes,39,Credit Card,Monthly,2025-01-07
1407,32,Male,1407,Shirt,Clothing,"1,887",$46.00,Washington,L,Turquoise,Spring,3.6,No,Express,Yes,Yes,15,Debit Card,Monthly,2025-05-01
1408,56,Male,1408,Handbag,Accessories,"1,888",$61.00,Nevada,XL,Charcoal,Spring,4.5,No,Express,Yes,Yes,11,Credit Card,Annually,2025-04-08
1409,58,Male,1409,Blouse,Clothing,"1,889",$58.00,Maine,M,Yellow,Winter,4.1,No,Free Shipping,Yes,Yes,38,Venmo,Weekly,2025-12-07
1410,34,Male,1410,Backpack,Accessories,"1,891",$50.00,Idaho,M,Blue,Spring,4.2,No,Standard,Yes,Yes,41,Cash,Fortnightly,2025-05-14
1411,61,Male,1411,Hat,Accessories,"1,892",$93.00,Tennessee,M,Purple,Summer,4,No,Store Pickup,Yes,Yes,18,Debit Card,Annually,2025-07-09
1412,48,Male,1412,Skirt,Clothing,"1,893",$24.00,Louisiana,L,Green,Summer,2.8,No,Store Pickup,Yes,Yes,13,Venmo,Quarterly,2025-08-28
1413,25,Male,1413,Shorts,Clothing,"1,894",$100.00,Michigan,M,Charcoal,Summer,2.6,No,2-Day Shipping,Yes,Yes,43,Venmo,Annually,2025-06-05
1414,51,Male,1414,Blouse,Clothing,"1,895",$79.00,New Hampshire,S,Indigo,Fall,2.7,No,Store Pickup,Yes,Yes,12,Bank Transfer,Quarterly,2025-09-11
1415,29,Male,1415,Socks,Clothing,"1,897",$51.00,Minnesota,M,Black,Summer,4.5,No,Store Pickup,Yes,Yes,3,Credit Card,Bi-Weekly,2025-07-02
1416,54,Male,1416,Belt,Accessories,"1,898",$90.00,Illinois,M,Blue,Winter,3.7,No,Free Shipping,Yes,Yes,12,Credit Card,Every 3 Months,2025-12-22
1417,48,Male,1417,Boots,Footwear,"1,899",$56.00,Idaho,L,Silver,Summer,3.4,No,Free Shipping,Yes,Yes,46,Cash,Quarterly,2025-07-16
1418,62,Male,1418,Shorts,Clothing,"1,900",$25.00,Montana,S,Brown,Spring,4.6,No,Standard,Yes,Yes,21,Debit Card,Fortnightly,2025-04-08
1419,18,Male,1419,Shirt,Clothing,"1,901",$75.00,Alabama,M,Violet,Summer,4.1,No,2-Day Shipping,Yes,Yes,23,Venmo,Every 3 Months,2025-08-20
1420,43,Male,1420,Handbag,Accessories,"1,903",$75.00,Montana,M,Orange,Summer,2.6,No,Free Shipping,Yes,Yes,4,Debit Card,Quarterly,2025-08-23
1421,22,Male,1421,Jeans,Clothing,"1,904",$53.00,California,XL,Gray,Summer,4.6,No,Store Pickup,Yes,Yes,45,PayPal,Every 3 Months,2025-06-27
1422,68,Male,1422,Dress,Clothing,"1,905",$100.00,Pennsylvania,S,Gold,Spring,3,No,Standard,Yes,Yes,24,Bank Transfer,Fortnightly,2025-05-08
1423,44,Male,1423,Dress,Clothing,"1,906",$27.00,Texas,L,Charcoal,Fall,3.4,No,Free Shipping,Yes,Yes,3,PayPal,Bi-Weekly,2025-11-08
1424,51,Male,1424,Sandals,Footwear,"1,907",$60.00,Michigan,S,Black,Fall,3.5,No,Free Shipping,Yes,Yes,12,Venmo,Every 3 Months,2025-10-06
1425,66,Male,1425,Jacket,Outerwear,"1,909",$23.00,Connecticut,S,Indigo,Fall,3.5,No,Standard,Yes,Yes,34,Bank Transfer,Every 3 Months,2025-09-23
1426,59,Male,1426,Coat,Outerwear,"1,910",$40.00,Wyoming,S,White,Winter,3.7,No,Next Day Air,Yes,Yes,39,Credit Card,Annually,2025-12-06
1427,60,Male,1427,Pants,Clothing,"1,911",$38.00,Michigan,M,Yellow,Summer,4.8,No,Free Shipping,Yes,Yes,35,PayPal,Every 3 Months,2025-06-26
1428,31,Male,1428,Backpack,Accessories,"1,912",$90.00,South Dakota,S,Orange,Summer,4.9,No,Store Pickup,Yes,Yes,8,Credit Card,Annually,2025-06-13
1429,20,Male,1429,Blouse,Clothing,"1,913",$97.00,North Dakota,S,Green,Summer,4.9,No,Express,Yes,Yes,42,PayPal,Quarterly,2025-08-28
1430,24,Male,1430,Skirt,Clothing,"1,915",$38.00,Maryland,L,Gold,Fall,4.7,No,Standard,Yes,Yes,6,Credit Card,Every 3 Months,2025-09-22
1431,48,Male,1431,Sandals,Footwear,"1,916",$30.00,Michigan,S,Orange,Summer,4.9,No,Free Shipping,Yes,Yes,3,Credit Card,Fortnightly,2025-07-23
1432,39,Male,1432,Pants,Clothing,"1,917",$88.00,South Dakota,M,Cyan,Fall,2.9,No,Express,Yes,Yes,29,Venmo,Quarterly,2025-11-19
1433,34,Male,1433,Hat,Accessories,"1,918",$33.00,Florida,L,Black,Winter,4.4,No,Express,Yes,Yes,32,Debit Card,Quarterly,2025-02-26
1434,70,Male,1434,Hoodie,Clothing,"1,919",$60.00,Minnesota,L,Yellow,Winter,3.2,No,Next Day Air,Yes,Yes,45,Debit Card,Weekly,2025-12-10
1435,59,Male,1435,Sweater,Clothing,"1,921",$64.00,New York,L,Maroon,Summer,4.6,No,Free Shipping,Yes,Yes,21,Debit Card,Bi-Weekly,2025-06-04
1436,45,Male,1436,Scarf,Accessories,"1,922",$95.00,Oregon,XL,Black,Fall,4,No,Standard,Yes,Yes,41,Cash,Weekly,2025-11-03
1437,35,Male,1437,Sneakers,Footwear,"1,923",$83.00,Minnesota,M,Gray,Winter,3.7,No,Free Shipping,Yes,Yes,23,PayPal,Fortnightly,2025-01-11
1438,69,Male,1438,Boots,Footwear,"1,924",$97.00,Montana,XL,Orange,Winter,4.2,No,Free Shipping,Yes,Yes,14,Cash,Annually,2025-02-02
1439,58,Male,1439,Coat,Outerwear,"1,925",$38.00,Washington,M,Cyan,Spring,2.9,No,Standard,Yes,Yes,24,Debit Card,Monthly,2025-04-28
1440,25,Male,1440,Boots,Footwear,"1,927",$48.00,New Mexico,M,Magenta,Summer,4.8,No,Next Day Air,Yes,Yes,25,Cash,Fortnightly,2025-06-24
1441,27,Male,1441,Sandals,Footwear,"1,928",$76.00,Arizona,M,Pink,Spring,4.4,No,Standard,Yes,Yes,13,Venmo,Monthly,2025-03-20
1442,34,Male,1442,Pants,Clothing,"1,929",$25.00,Nebraska,S,Turquoise,Summer,3.4,No,Free Shipping,Yes,Yes,3,Venmo,Every 3 Months,2025-06-03
1443,53,Male,1443,Hoodie,Clothing,"1,930",$92.00,Idaho,S,Violet,Spring,2.8,No,2-Day Shipping,Yes,Yes,42,Credit Card,Annually,2025-05-24
1444,58,Male,1444,Sandals,Footwear,"1,931",$47.00,Idaho,L,Teal,Fall,4.2,No,Next Day Air,Yes,Yes,2,Cash,Monthly,2025-09-05
1445,32,Male,1445,Sweater,Clothing,"1,933",$36.00,Vermont,L,Pink,Fall,3.8,No,Express,Yes,Yes,26,Cash,Quarterly,2025-10-11
1446,64,Male,1446,Belt,Accessories,"1,934",$51.00,Arkansas,M,Gold,Fall,3.1,No,2-Day Shipping,Yes,Yes,24,Credit Card,Annually,2025-09-28
1447,63,Male,1447,Jeans,Clothing,"1,935",$35.00,Wyoming,XL,Red,Summer,3.2,No,Express,Yes,Yes,6,Credit Card,Quarterly,2025-06-14
1448,23,Male,1448,Hoodie,Clothing,"1,936",$57.00,New Mexico,S,Beige,Summer,3,No,Next Day Air,Yes,Yes,25,PayPal,Monthly,2025-07-06
1449,64,Male,1449,Boots,Footwear,"1,937",$95.00,West Virginia,M,Black,Summer,3.6,No,Free Shipping,Yes,Yes,11,Credit Card,Every 3 Months,2025-06-20
1450,18,Male,1450,Socks,Clothing,"1,939",$41.00,New York,L,Lavender,Winter,2.5,No,Store Pickup,Yes,Yes,20,Cash,Every 3 Months,2025-01-15
1451,25,Male,1451,Dress,Clothing,"1,940",$44.00,Illinois,S,Teal,Winter,3.4,No,Free Shipping,Yes,Yes,25,Cash,Quarterly,2025-02-20
1452,54,Male,1452,Jacket,Outerwear,"1,941",$34.00,Utah,M,Maroon,Fall,2.5,No,Next Day Air,Yes,Yes,35,PayPal,Quarterly,2025-11-13
1453,60,Male,1453,Jacket,Outerwear,"1,942",$25.00,Colorado,L,Blue,Spring,4.7,No,2-Day Shipping,Yes,Yes,11,Bank Transfer,Quarterly,2025-04-19
1454,36,Male,1454,Boots,Footwear,"1,943",$93.00,Virginia,S,Teal,Winter,3.2,No,2-Day Shipping,Yes,Yes,41,Bank Transfer,Fortnightly,2025-01-16
1455,66,Male,1455,Sneakers,Footwear,"1,945",$50.00,Georgia,L,Maroon,Winter,2.9,No,Free Shipping,Yes,Yes,17,Credit Card,Annually,2025-02-17
1456,60,Male,1456,Pants,Clothing,"1,946",$79.00,Alabama,L,Silver,Fall,4.9,No,Express,Yes,Yes,1,PayPal,Every 3 Months,2025-10-03
1457,59,Male,1457,Coat,Outerwear,"1,947",$100.00,Montana,S,Olive,Spring,2.7,No,Store Pickup,Yes,Yes,30,PayPal,Every 3 Months,2025-05-16
1458,58,Male,1458,Shirt,Clothing,"1,948",$57.00,Pennsylvania,S,Gray,Spring,4.7,No,Express,Yes,Yes,47,Venmo,Fortnightly,2025-04-11
1459,35,Male,1459,Sweater,Clothing,"1,949",$28.00,Missouri,M,Peach,Spring,2.9,No,2-Day Shipping,Yes,Yes,34,Venmo,Weekly,2025-04-19
1460,20,Male,1460,Shoes,Footwear,"1,951",$35.00,Maine,L,Yellow,Winter,4.8,No,Express,Yes,Yes,18,Venmo,Fortnightly,2025-12-23
1461,70,Male,1461,Boots,Footwear,"1,952",$85.00,Pennsylvania,L,Violet,Fall,4.6,No,Standard,Yes,Yes,33,Venmo,Bi-Weekly,2025-11-11
1462,54,Male,1462,Sunglasses,Accessories,"1,953",$95.00,Oregon,S,Red,Summer,5,No,2-Day Shipping,Yes,Yes,42,Venmo,Quarterly,2025-08-18
1463,38,Male,1463,Sneakers,Footwear,"1,954",$90.00,Utah,S,Charcoal,Summer,4.8,No,2-Day Shipping,Yes,Yes,2,Venmo,Quarterly,2025-06-04
1464,54,Male,1464,Jewelry,Accessories,"1,955",$49.00,Oklahoma,M,Beige,Summer,4.9,No,Store Pickup,Yes,Yes,1,Bank Transfer,Monthly,2025-08-18
1465,33,Male,1465,Belt,Accessories,"1,957",$92.00,Montana,M,Peach,Winter,4.6,No,2-Day Shipping,Yes,Yes,23,Bank Transfer,Quarterly,2025-01-04
1466,46,Male,1466,Gloves,Accessories,"1,958",$72.00,Nebraska,XL,Violet,Winter,3.9,No,Store Pickup,Yes,Yes,42,Cash,Bi-Weekly,2025-02-12
1467,58,Male,1467,Shorts,Clothing,"1,959",$71.00,Alabama,M,Green,Summer,4.5,No,Store Pickup,Yes,Yes,3,PayPal,Annually,2025-07-26
1468,30,Male,1468,Jewelry,Accessories,"1,960",$27.00,Ohio,XL,Olive,Winter,4.7,No,Store Pickup,Yes,Yes,16,Debit Card,Fortnightly,2025-02-05
1469,42,Male,1469,Gloves,Accessories,"1,961",$39.00,Arkansas,S,Silver,Fall,3.9,No,Express,Yes,Yes,46,Cash,Fortnightly,2025-11-22
1470,28,Male,1470,Jewelry,Accessories,"1,963",$98.00,Mississippi,M,Purple,Winter,4.4,No,Standard,Yes,Yes,31,PayPal,Every 3 Months,2025-01-25
1471,43,Male,1471,Sandals,Footwear,"1,964",$27.00,California,M,Silver,Spring,3.9,No,Next Day Air,Yes,Yes,15,Cash,Every 3 Months,2025-03-22
1472,31,Male,1472,Jewelry,Accessories,"1,965",$71.00,Alaska,S,Gray,Spring,2.8,No,2-Day Shipping,Yes,Yes,48,Venmo,Every 3 Months,2025-05-20
1473,39,Male,1473,Hat,Accessories,"1,966",$24.00,Indiana,L,Turquoise,Spring,3.5,No,Store Pickup,Yes,Yes,11,Cash,Weekly,2025-05-11
1474,69,Male,1474,Shorts,Clothing,"1,967",$63.00,Wisconsin,M,Violet,Fall,4.3,No,Express,Yes,Yes,20,Credit Card,Every 3 Months,2025-09-06
1475,31,Male,1475,Sweater,Clothing,"1,969",$72.00,New Jersey,S,Pink,Fall,3.9,No,Next Day Air,Yes,Yes,6,Credit Card,Monthly,2025-11-28
1476,44,Male,1476,Blouse,Clothing,"1,970",$61.00,Rhode Island,M,Teal,Spring,4,No,Express,Yes,Yes,24,Cash,Monthly,2025-03-09
1477,39,Male,1477,Hat,Accessories,"1,971",$56.00,Wyoming,M,Magenta,Fall,4.1,No,Next Day Air,Yes,Yes,18,Credit Card,Monthly,2025-11-28
1478,24,Male,1478,Belt,Accessories,"1,972",$32.00,Oregon,XL,Silver,Summer,4.3,No,Standard,Yes,Yes,1,PayPal,Every 3 Months,2025-07-26
1479,28,Male,1479,Gloves,Accessories,"1,973",$23.00,Washington,M,Blue,Summer,4.2,No,Free Shipping,Yes,Yes,13,Venmo,Bi-Weekly,2025-08-12
1480,48,Male,1480,Coat,Outerwear,"1,975",$100.00,Washington,L,Black,Spring,4,No,Standard,Yes,Yes,2,Bank Transfer,Weekly,2025-05-18
1481,39,Male,1481,Jewelry,Accessories,"1,976",$74.00,New Hampshire,M,Gold,Fall,3.6,No,Express,Yes,Yes,26,Cash,Quarterly,2025-11-08
1482,64,Male,1482,Skirt,Clothing,"1,977",$33.00,Maryland,S,Gray,Spring,3.3,No,Standard,Yes,Yes,31,PayPal,Quarterly,2025-04-16
1483,28,Male,1483,Gloves,Accessories,"1,978",$67.00,Wisconsin,S,Magenta,Spring,4.1,No,2-Day Shipping,Yes,Yes,43,Bank Transfer,Weekly,2025-04-12
1484,39,Male,1484,Jewelry,Accessories,"1,979",$61.00,Massachusetts,S,Yellow,Summer,4.7,No,Next Day Air,Yes,Yes,12,Debit Card,Bi-Weekly,2025-07-15
1485,49,Male,1485,Shorts,Clothing,"1,981",$46.00,Nebraska,M,Teal,Summer,4.4,No,Store Pickup,Yes,Yes,22,Venmo,Every 3 Months,2025-06-24
1486,22,Male,1486,Gloves,Accessories,"1,982",$56.00,Nebraska,L,Red,Spring,3.4,No,Standard,Yes,Yes,3,Cash,Fortnightly,2025-03-20
1487,25,Male,1487,Sneakers,Footwear,"1,983",$73.00,Idaho,S,Yellow,Spring,5,No,Free Shipping,Yes,Yes,23,Venmo,Every 3 Months,2025-05-04
1488,40,Male,1488,Skirt,Clothing,"1,984",$44.00,Arizona,L,Black,Summer,4.6,No,Store Pickup,Yes,Yes,26,PayPal,Annually,2025-07-28
1489,23,Male,1489,Hat,Accessories,"1,985",$44.00,Hawaii,L,Pink,Winter,4,No,Standard,Yes,Yes,37,Credit Card,Weekly,2025-12-03
1490,24,Male,1490,Jewelry,Accessories,"1,987",$26.00,Missouri,XL,Magenta,Summer,4.1,No,Next Day Air,Yes,Yes,42,Venmo,Quarterly,2025-06-27
1491,66,Male,1491,Sneakers,Footwear,"1,988",$52.00,Louisiana,L,Olive,Spring,4.9,No,Express,Yes,Yes,15,Venmo,Bi-Weekly,2025-05-24
1492,27,Male,1492,Shirt,Clothing,"1,989",$54.00,Arkansas,S,Black,Summer,2.7,No,Free Shipping,Yes,Yes,10,Bank Transfer,Quarterly,2025-08-08
1493,62,Male,1493,Jacket,Outerwear,"1,990",$38.00,North Carolina,M,Maroon,Summer,4.5,No,Free Shipping,Yes,Yes,3,Venmo,Quarterly,2025-06-28
1494,70,Male,1494,Belt,Accessories,"1,991",$44.00,North Dakota,S,Gold,Fall,2.7,No,Standard,Yes,Yes,44,Credit Card,Quarterly,2025-10-05
1495,43,Male,1495,T-shirt,Clothing,"1,993",$76.00,Montana,M,Gray,Spring,3,No,Next Day Air,Yes,Yes,23,Bank Transfer,Fortnightly,2025-05-22
1496,45,Male,1496,Jewelry,Accessories,"1,994",$23.00,Rhode Island,M,Brown,Winter,4.5,No,Next Day Air,Yes,Yes,6,PayPal,Weekly,2025-12-16
1497,63,Male,1497,T-shirt,Clothing,"1,995",$98.00,Idaho,M,Purple,Winter,5,No,Standard,Yes,Yes,9,Venmo,Bi-Weekly,2025-01-05
1498,69,Male,1498,Jacket,Outerwear,"1,996",$33.00,Michigan,S,Magenta,Spring,3.8,No,2-Day Shipping,Yes,Yes,16,Debit Card,Every 3 Months,2025-05-07
1499,59,Male,1499,Sweater,Clothing,"1,997",$32.00,Illinois,M,Teal,Summer,3.1,No,Standard,Yes,Yes,46,Venmo,Fortnightly,2025-07-04
1500,19,Male,1500,Boots,Footwear,"1,999",$85.00,Georgia,S,Olive,Fall,3.4,No,Free Shipping,Yes,Yes,24,Credit Card,Every 3 Months,2025-10-09
1501,63,Male,1501,Jeans,Clothing,"2,000",$69.00,Alabama,L,Maroon,Summer,4.8,No,Next Day Air,Yes,Yes,22,Debit Card,Monthly,2025-08-25
1502,37,Male,1502,Jeans,Clothing,"2,001",$55.00,Alaska,XL,Silver,Spring,2.7,No,Standard,Yes,Yes,13,Debit Card,Every 3 Months,2025-05-06
1503,37,Male,1503,Pants,Clothing,"2,002",$66.00,Massachusetts,M,Black,Summer,3.2,No,Store Pickup,Yes,Yes,20,Cash,Fortnightly,2025-08-23
1504,50,Male,1504,Jacket,Outerwear,"2,003",$30.00,Michigan,M,Maroon,Fall,3.9,No,2-Day Shipping,Yes,Yes,46,Cash,Quarterly,2025-11-15
1505,60,Male,1505,Jacket,Outerwear,"2,005",$80.00,Alaska,M,Teal,Winter,4.2,No,Next Day Air,Yes,Yes,10,Bank Transfer,Monthly,2025-01-11
1506,46,Male,1506,Belt,Accessories,"2,006",$20.00,North Dakota,M,Teal,Summer,3,No,Express,Yes,Yes,39,Cash,Monthly,2025-07-02
1507,35,Male,1507,Shirt,Clothing,"2,007",$30.00,South Carolina,L,Beige,Fall,3,No,2-Day Shipping,Yes,Yes,44,PayPal,Quarterly,2025-09-05
1508,66,Male,1508,Dress,Clothing,"2,008",$86.00,Pennsylvania,S,Maroon,Winter,3.7,No,2-Day Shipping,Yes,Yes,7,Venmo,Annually,2025-01-19
1509,35,Male,1509,Blouse,Clothing,"2,009",$84.00,Colorado,L,Beige,Spring,4.4,No,Store Pickup,Yes,Yes,3,Cash,Every 3 Months,2025-05-03
1510,20,Male,1510,Dress,Clothing,"2,011",$54.00,New Hampshire,XL,White,Summer,4.6,No,Free Shipping,Yes,Yes,44,Debit Card,Annually,2025-08-09
1511,55,Male,1511,Blouse,Clothing,"2,012",$30.00,Maryland,XL,Gray,Fall,3,No,Free Shipping,Yes,Yes,31,Venmo,Annually,2025-10-27
1512,34,Male,1512,Dress,Clothing,"2,013",$91.00,Georgia,M,Violet,Winter,3.6,No,Express,Yes,Yes,48,Credit Card,Weekly,2025-01-22
1513,60,Male,1513,Sneakers,Footwear,"2,014",$23.00,Wisconsin,L,Silver,Winter,3.9,No,Standard,Yes,Yes,18,PayPal,Bi-Weekly,2025-02-12
1514,22,Male,1514,Socks,Clothing,"2,015",$35.00,Texas,M,Red,Spring,4.1,No,Free Shipping,Yes,Yes,27,Cash,Monthly,2025-05-01
1515,26,Male,1515,Shoes,Footwear,"2,017",$90.00,Utah,L,Brown,Winter,3.9,No,2-Day Shipping,Yes,Yes,1,Venmo,Weekly,2025-01-02
1516,39,Male,1516,Jeans,Clothing,"2,018",$93.00,Indiana,S,Turquoise,Fall,3.9,No,2-Day Shipping,Yes,Yes,34,Cash,Weekly,2025-09-07
1517,20,Male,1517,Jeans,Clothing,"2,019",$68.00,Nevada,L,Indigo,Winter,4.5,No,Express,Yes,Yes,5,Bank Transfer,Bi-Weekly,2025-12-03
1518,57,Male,1518,Gloves,Accessories,"2,020",$41.00,New Hampshire,M,Violet,Spring,3.4,No,Standard,Yes,Yes,12,Cash,Quarterly,2025-03-07
1519,68,Male,1519,Belt,Accessories,"2,021",$73.00,New York,M,Yellow,Winter,4.1,No,Next Day Air,Yes,Yes,14,Venmo,Fortnightly,2025-01-25
1520,50,Male,1520,Sunglasses,Accessories,"2,023",$73.00,Texas,L,Cyan,Fall,4.9,No,Next Day Air,Yes,Yes,40,PayPal,Weekly,2025-10-03
1521,21,Male,1521,Hat,Accessories,"2,024",$66.00,Iowa,M,Brown,Summer,4.4,No,2-Day Shipping,Yes,Yes,39,Cash,Quarterly,2025-06-14
1522,29,Male,1522,Backpack,Accessories,"2,025",$59.00,Washington,M,White,Summer,2.7,No,2-Day Shipping,Yes,Yes,50,Bank Transfer,Weekly,2025-07-03
1523,38,Male,1523,Shorts,Clothing,"2,026",$72.00,Tennessee,L,Yellow,Spring,4.8,No,Free Shipping,Yes,Yes,5,Debit Card,Monthly,2025-05-27
1524,54,Male,1524,Socks,Clothing,"2,027",$88.00,Georgia,M,White,Summer,3.3,No,2-Day Shipping,Yes,Yes,35,Debit Card,Annually,2025-07-03
1525,22,Male,1525,Socks,Clothing,"2,029",$76.00,Massachusetts,L,Pink,Summer,4.4,No,Free Shipping,Yes,Yes,6,Cash,Bi-Weekly,2025-07-25
1526,29,Male,1526,Belt,Accessories,"2,030",$31.00,Oregon,M,Indigo,Winter,4.6,No,2-Day Shipping,Yes,Yes,22,Cash,Fortnightly,2025-01-04
1527,41,Male,1527,Jacket,Outerwear,"2,031",$22.00,Oklahoma,L,White,Summer,3.1,No,Next Day Air,Yes,Yes,27,PayPal,Monthly,2025-08-03
1528,26,Male,1528,Hat,Accessories,"2,032",$75.00,Wisconsin,L,Red,Fall,4.5,No,2-Day Shipping,Yes,Yes,33,Debit Card,Fortnightly,2025-10-22
1529,69,Male,1529,T-shirt,Clothing,"2,033",$75.00,Oregon,S,Red,Spring,4,No,Store Pickup,Yes,Yes,47,Venmo,Bi-Weekly,2025-03-18
1530,20,Male,1530,Backpack,Accessories,"2,035",$63.00,Georgia,M,Lavender,Winter,3.1,No,Free Shipping,Yes,Yes,48,Credit Card,Bi-Weekly,2025-12-09
1531,59,Male,1531,Coat,Outerwear,"2,036",$21.00,New Mexico,M,Teal,Spring,3.9,No,Next Day Air,Yes,Yes,22,Bank Transfer,Quarterly,2025-05-17
1532,63,Male,1532,Backpack,Accessories,"2,037",$83.00,Mississippi,S,Violet,Spring,4.5,No,Next Day Air,Yes,Yes,8,PayPal,Bi-Weekly,2025-03-01
1533,68,Male,1533,Jacket,Outerwear,"2,038",$46.00,Wisconsin,S,Silver,Winter,4.4,No,Next Day Air,Yes,Yes,5,PayPal,Every 3 Months,2025-01-20
1534,50,Male,1534,Shoes,Footwear,"2,039",$59.00,New Hampshire,M,Gold,Summer,3.6,No,2-Day Shipping,Yes,Yes,16,Bank Transfer,Quarterly,2025-07-21
1535,55,Male,1535,Blouse,Clothing,"2,041",$66.00,Wyoming,M,Green,Summer,3.4,No,Free Shipping,Yes,Yes,26,Venmo,Fortnightly,2025-07-15
1536,36,Male,1536,Sandals,Footwear,"2,042",$74.00,West Virginia,S,Turquoise,Fall,4,No,2-Day Shipping,Yes,Yes,8,Venmo,Monthly,2025-11-25
1537,18,Male,1537,Sunglasses,Accessories,"2,043",$82.00,Michigan,M,Indigo,Summer,2.6,No,Store Pickup,Yes,Yes,17,Cash,Quarterly,2025-06-09
1538,68,Male,1538,Shoes,Footwear,"2,044",$89.00,Alaska,L,Black,Spring,3.2,No,Next Day Air,Yes,Yes,50,Venmo,Annually,2025-04-03
1539,56,Male,1539,Dress,Clothing,"2,045",$65.00,Illinois,L,Charcoal,Fall,3.2,No,Standard,Yes,Yes,22,Venmo,Bi-Weekly,2025-10-20
1540,32,Male,1540,Belt,Accessories,"2,047",$55.00,Hawaii,M,Turquoise,Spring,5,No,2-Day Shipping,Yes,Yes,19,Cash,Every 3 Months,2025-04-04
1541,28,Male,1541,Shorts,Clothing,"2,048",$95.00,Colorado,M,Red,Winter,2.9,No,Next Day Air,Yes,Yes,14,Bank Transfer,Monthly,2025-12-19
1542,24,Male,1542,Handbag,Accessories,"2,049",$77.00,Illinois,S,Indigo,Winter,2.9,No,Store Pickup,Yes,Yes,35,Cash,Bi-Weekly,2025-02-01
1543,59,Male,1543,Blouse,Clothing,"2,050",$44.00,Hawaii,M,Maroon,Winter,3.5,No,Next Day Air,Yes,Yes,43,PayPal,Weekly,2025-02-09
1544,56,Male,1544,Jeans,Clothing,"2,051",$89.00,Wisconsin,M,Indigo,Fall,4,No,Standard,Yes,Yes,24,Venmo,Annually,2025-11-06
1545,30,Male,1545,Jewelry,Accessories,"2,053",$24.00,Arkansas,M,Maroon,Spring,3.9,No,Standard,Yes,Yes,17,Debit Card,Bi-Weekly,2025-04-27
1546,48,Male,1546,Belt,Accessories,"2,054",$43.00,Delaware,M,Black,Winter,4.9,No,Store Pickup,Yes,Yes,49,Bank Transfer,Annually,2025-01-08
1547,60,Male,1547,Sneakers,Footwear,"2,055",$51.00,Oregon,XL,Purple,Summer,3.8,No,Express,Yes,Yes,17,Bank Transfer,Annually,2025-08-25
1548,46,Male,1548,Hat,Accessories,"2,056",$46.00,South Carolina,L,Teal,Summer,3.5,No,Standard,Yes,Yes,40,Cash,Quarterly,2025-06-07
1549,69,Male,1549,Dress,Clothing,"2,057",$32.00,Maryland,M,Silver,Summer,3.7,No,Store Pickup,Yes,Yes,43,Bank Transfer,Weekly,2025-07-01
1550,19,Male,1550,Sneakers,Footwear,"2,059",$55.00,Kansas,M,Black,Spring,2.9,No,2-Day Shipping,Yes,Yes,19,Debit Card,Every 3 Months,2025-04-05
1551,66,Male,1551,Sunglasses,Accessories,"2,060",$26.00,Arkansas,S,Black,Summer,2.8,No,Free Shipping,Yes,Yes,40,Bank Transfer,Quarterly,2025-07-18
1552,64,Male,1552,Handbag,Accessories,"2,061",$29.00,Minnesota,M,Olive,Summer,3.7,No,2-Day Shipping,Yes,Yes,13,Credit Card,Monthly,2025-06-01
1553,54,Male,1553,Blouse,Clothing,"2,062",$49.00,New Mexico,L,Purple,Spring,3,No,Express,Yes,Yes,20,Credit Card,Monthly,2025-05-26
1554,27,Male,1554,Blouse,Clothing,"2,063",$45.00,Delaware,M,Indigo,Spring,4.8,No,Free Shipping,Yes,Yes,21,Debit Card,Quarterly,2025-05-03
1555,64,Male,1555,Shorts,Clothing,"2,065",$48.00,Utah,S,Lavender,Winter,2.7,No,Standard,Yes,Yes,18,Cash,Bi-Weekly,2025-02-10
1556,43,Male,1556,Shorts,Clothing,"2,066",$47.00,Ohio,S,Cyan,Winter,4.5,No,Free Shipping,Yes,Yes,44,Cash,Quarterly,2025-02-23
1557,43,Male,1557,Hoodie,Clothing,"2,067",$57.00,Alabama,M,Gold,Fall,2.7,No,Standard,Yes,Yes,26,Credit Card,Quarterly,2025-10-06
1558,27,Male,1558,Backpack,Accessories,"2,068",$34.00,South Dakota,L,Magenta,Fall,3.5,No,Next Day Air,Yes,Yes,34,PayPal,Quarterly,2025-11-01
1559,35,Male,1559,Sunglasses,Accessories,"2,069",$75.00,New Mexico,XL,Teal,Fall,3.5,No,Express,Yes,Yes,24,Credit Card,Every 3 Months,2025-10-14
1560,43,Male,1560,Scarf,Accessories,"2,071",$94.00,Oregon,L,Beige,Fall,4.5,No,Store Pickup,Yes,Yes,23,PayPal,Fortnightly,2025-09-20
1561,57,Male,1561,Hat,Accessories,"2,072",$84.00,Oregon,M,Teal,Winter,3.8,No,Free Shipping,Yes,Yes,3,Debit Card,Weekly,2025-12-10
1562,50,Male,1562,Scarf,Accessories,"2,073",$38.00,Mississippi,M,Indigo,Summer,3.8,No,Standard,Yes,Yes,2,Bank Transfer,Quarterly,2025-08-06
1563,37,Male,1563,Scarf,Accessories,"2,074",$75.00,Alabama,M,Purple,Winter,3.2,No,Next Day Air,Yes,Yes,23,Venmo,Bi-Weekly,2025-12-23
1564,68,Male,1564,Pants,Clothing,"2,075",$44.00,Kansas,M,Teal,Fall,4.3,No,Next Day Air,Yes,Yes,8,Cash,Weekly,2025-09-06
1565,22,Male,1565,Backpack,Accessories,"2,077",$33.00,California,XL,Turquoise,Summer,4.5,No,Next Day Air,Yes,Yes,30,Debit Card,Every 3 Months,2025-08-14
1566,58,Male,1566,Sunglasses,Accessories,"2,078",$93.00,Idaho,L,Peach,Fall,4.2,No,Free Shipping,Yes,Yes,48,PayPal,Annually,2025-11-15
1567,48,Male,1567,Sneakers,Footwear,"2,079",$99.00,Wyoming,S,Green,Winter,3,No,Free Shipping,Yes,Yes,21,Cash,Bi-Weekly,2025-01-14
1568,30,Male,1568,Backpack,Accessories,"2,080",$33.00,Minnesota,M,Turquoise,Spring,4.1,No,Standard,Yes,Yes,9,Cash,Monthly,2025-05-13
1569,51,Male,1569,Sneakers,Footwear,"2,081",$76.00,Washington,L,Yellow,Spring,4.6,No,Store Pickup,Yes,Yes,8,Debit Card,Monthly,2025-04-18
1570,20,Male,1570,Skirt,Clothing,"2,083",$63.00,Hawaii,M,Orange,Summer,2.9,No,Standard,Yes,Yes,29,Debit Card,Weekly,2025-08-01
1571,30,Male,1571,Pants,Clothing,"2,084",$41.00,Missouri,L,Brown,Winter,4.8,No,Next Day Air,Yes,Yes,3,Bank Transfer,Every 3 Months,2025-01-13
1572,28,Male,1572,Jewelry,Accessories,"2,085",$88.00,Colorado,L,Silver,Winter,4.5,No,Next Day Air,Yes,Yes,11,Bank Transfer,Fortnightly,2025-01-11
1573,37,Male,1573,Skirt,Clothing,"2,086",$92.00,Washington,L,White,Summer,3.4,No,2-Day Shipping,Yes,Yes,16,Debit Card,Monthly,2025-08-20
1574,36,Male,1574,T-shirt,Clothing,"2,087",$31.00,North Dakota,L,Indigo,Summer,4.3,No,2-Day Shipping,Yes,Yes,25,Debit Card,Weekly,2025-07-21
1575,18,Male,1575,Skirt,Clothing,"2,089",$25.00,Minnesota,S,Magenta,Spring,4.2,No,Free Shipping,Yes,Yes,32,PayPal,Bi-Weekly,2025-04-17
1576,52,Male,1576,Shirt,Clothing,"2,090",$28.00,California,M,Turquoise,Spring,3.6,No,Next Day Air,Yes,Yes,28,Cash,Fortnightly,2025-04-19
1577,56,Male,1577,Dress,Clothing,"2,091",$75.00,Michigan,M,White,Spring,3.7,No,2-Day Shipping,Yes,Yes,36,PayPal,Monthly,2025-05-14
1578,68,Male,1578,Boots,Footwear,"2,092",$34.00,Delaware,S,Olive,Spring,4,No,Standard,Yes,Yes,7,Venmo,Fortnightly,2025-05-03
1579,62,Male,1579,Pants,Clothing,"2,093",$97.00,California,S,Maroon,Winter,4.9,No,2-Day Shipping,Yes,Yes,2,PayPal,Quarterly,2025-12-15
1580,35,Male,1580,Jacket,Outerwear,"2,095",$80.00,Oklahoma,M,Violet,Summer,3.1,No,Free Shipping,Yes,Yes,6,Bank Transfer,Monthly,2025-07-11
1581,65,Male,1581,Sneakers,Footwear,"2,096",$71.00,North Dakota,L,Cyan,Summer,3.7,No,Standard,Yes,Yes,30,Cash,Annually,2025-07-15
1582,69,Male,1582,Jewelry,Accessories,"2,097",$77.00,Ohio,L,Teal,Fall,4.2,No,Free Shipping,Yes,Yes,46,Cash,Quarterly,2025-09-03
1583,28,Male,1583,Belt,Accessories,"2,098",$41.00,Hawaii,L,Red,Spring,2.5,No,Next Day Air,Yes,Yes,39,Cash,Monthly,2025-05-18
1584,37,Male,1584,Scarf,Accessories,"2,099",$92.00,Maryland,XL,Yellow,Summer,4.3,No,Next Day Air,Yes,Yes,8,Venmo,Annually,2025-08-24
1585,41,Male,1585,Blouse,Clothing,"2,101",$95.00,Hawaii,S,Silver,Spring,3.1,No,Store Pickup,Yes,Yes,46,Credit Card,Quarterly,2025-04-02
1586,37,Male,1586,Sweater,Clothing,"2,102",$25.00,Alabama,M,Charcoal,Fall,3,No,Next Day Air,Yes,Yes,40,Debit Card,Fortnightly,2025-11-01
1587,25,Male,1587,Boots,Footwear,"2,103",$77.00,Oklahoma,M,Purple,Fall,4,No,Express,Yes,Yes,21,Bank Transfer,Weekly,2025-11-14
1588,41,Male,1588,Socks,Clothing,"2,104",$99.00,Alabama,M,Beige,Summer,3.5,No,Free Shipping,Yes,Yes,33,Credit Card,Fortnightly,2025-06-17
1589,48,Male,1589,Belt,Accessories,"2,105",$24.00,Vermont,L,Cyan,Winter,3.2,No,Next Day Air,Yes,Yes,3,Venmo,Monthly,2025-01-26
1590,42,Male,1590,Sneakers,Footwear,"2,107",$72.00,Ohio,M,Silver,Summer,2.7,No,Store Pickup,Yes,Yes,48,Cash,Weekly,2025-08-10
1591,54,Male,1591,Jeans,Clothing,"2,108",$80.00,Wisconsin,S,Pink,Winter,3,No,Free Shipping,Yes,Yes,8,PayPal,Annually,2025-01-02
1592,18,Male,1592,Skirt,Clothing,"2,109",$100.00,South Dakota,L,Gold,Winter,2.9,No,Next Day Air,Yes,Yes,24,PayPal,Annually,2025-12-09
1593,56,Male,1593,Shoes,Footwear,"2,110",$83.00,Iowa,M,Cyan,Summer,3.3,No,Free Shipping,Yes,Yes,10,Bank Transfer,Every 3 Months,2025-06-12
1594,61,Male,1594,Dress,Clothing,"2,111",$95.00,Maryland,M,Black,Spring,4.9,No,2-Day Shipping,Yes,Yes,25,Bank Transfer,Monthly,2025-03-13
1595,40,Male,1595,Handbag,Accessories,"2,113",$41.00,Colorado,XL,Charcoal,Summer,3.7,No,Store Pickup,Yes,Yes,3,Cash,Fortnightly,2025-06-19
1596,34,Male,1596,Backpack,Accessories,"2,114",$35.00,Wisconsin,S,Magenta,Spring,3.5,No,Standard,Yes,Yes,45,Debit Card,Fortnightly,2025-04-01
1597,42,Male,1597,Jewelry,Accessories,"2,115",$30.00,Mississippi,S,Pink,Fall,4.7,No,Store Pickup,Yes,Yes,15,Debit Card,Monthly,2025-10-12
1598,43,Male,1598,Hat,Accessories,"2,116",$21.00,Mississippi,XL,Maroon,Winter,2.6,No,Store Pickup,Yes,Yes,34,Bank Transfer,Quarterly,2025-01-12
1599,47,Male,1599,Jewelry,Accessories,"2,117",$85.00,California,M,Teal,Fall,4.1,No,Express,Yes,Yes,21,Venmo,Bi-Weekly,2025-11-22
1600,48,Male,1600,Shirt,Clothing,"2,119",$54.00,Delaware,M,Orange,Winter,2.8,No,2-Day Shipping,Yes,Yes,22,Debit Card,Bi-Weekly,2025-12-27
1601,20,Male,1601,Boots,Footwear,"2,120",$26.00,Montana,S,Yellow,Spring,4.7,No,Next Day Air,Yes,Yes,24,PayPal,Weekly,2025-03-04
1602,65,Male,1602,Shirt,Clothing,"2,121",$59.00,Indiana,XL,Red,Spring,2.9,No,Store Pickup,Yes,Yes,33,Credit Card,Monthly,2025-05-28
1603,54,Male,1603,Sunglasses,Accessories,"2,122",$48.00,West Virginia,S,Charcoal,Winter,2.8,No,Free Shipping,Yes,Yes,13,Venmo,Fortnightly,2025-01-20
1604,23,Male,1604,Shorts,Clothing,"2,123",$98.00,Iowa,L,Black,Summer,4.3,No,Next Day Air,Yes,Yes,17,Debit Card,Bi-Weekly,2025-06-15
1605,18,Male,1605,Sweater,Clothing,"2,125",$92.00,Maine,M,White,Summer,4.8,No,2-Day Shipping,Yes,Yes,25,Credit Card,Every 3 Months,2025-06-01
1606,70,Male,1606,Belt,Accessories,"2,126",$46.00,Connecticut,M,Lavender,Winter,3.4,No,Next Day Air,Yes,Yes,15,Credit Card,Bi-Weekly,2025-12-03
1607,55,Male,1607,T-shirt,Clothing,"2,127",$21.00,Kansas,S,White,Spring,4.3,No,Standard,Yes,Yes,4,PayPal,Fortnightly,2025-05-12
1608,49,Male,1608,Shorts,Clothing,"2,128",$72.00,Vermont,S,Gray,Fall,2.7,No,Free Shipping,Yes,Yes,43,Debit Card,Quarterly,2025-11-23
1609,26,Male,1609,Sandals,Footwear,"2,129",$58.00,Nebraska,XL,Cyan,Fall,4.6,No,Next Day Air,Yes,Yes,12,Bank Transfer,Bi-Weekly,2025-09-25
1610,33,Male,1610,Shirt,Clothing,"2,131",$93.00,Nevada,S,Brown,Fall,4.1,No,Standard,Yes,Yes,3,Venmo,Monthly,2025-09-28
1611,20,Male,1611,Socks,Clothing,"2,132",$31.00,Tennessee,L,Purple,Spring,3.4,No,2-Day Shipping,Yes,Yes,1,PayPal,Annually,2025-04-23
1612,41,Male,1612,Pants,Clothing,"2,133",$26.00,Arkansas,L,Yellow,Winter,4.5,No,Next Day Air,Yes,Yes,6,Debit Card,Monthly,2025-02-03
1613,18,Male,1613,Skirt,Clothing,"2,134",$68.00,Wisconsin,M,Indigo,Summer,4.4,No,Standard,Yes,Yes,26,Venmo,Monthly,2025-07-28
1614,26,Male,1614,Jewelry,Accessories,"2,135",$31.00,Illinois,S,Black,Summer,4,No,Next Day Air,Yes,Yes,6,Credit Card,Fortnightly,2025-06-06
1615,30,Male,1615,T-shirt,Clothing,"2,137",$41.00,Kansas,S,Gray,Summer,3.4,No,Free Shipping,Yes,Yes,22,Cash,Bi-Weekly,2025-07-06
1616,64,Male,1616,Jewelry,Accessories,"2,138",$62.00,New York,M,Indigo,Fall,3.2,No,Standard,Yes,Yes,45,Cash,Bi-Weekly,2025-11-05
1617,26,Male,1617,Hat,Accessories,"2,139",$41.00,Colorado,M,Green,Spring,3.4,No,Standard,Yes,Yes,50,Cash,Quarterly,2025-05-15
1618,43,Male,1618,Blouse,Clothing,"2,140",$64.00,Wisconsin,M,Peach,Winter,4.3,No,Standard,Yes,Yes,50,Credit Card,Fortnightly,2025-02-19
1619,63,Male,1619,Sandals,Footwear,"2,141",$72.00,Michigan,L,Purple,Summer,5,No,Standard,Yes,Yes,39,Debit Card,Quarterly,2025-06-04
1620,57,Male,1620,Handbag,Accessories,"2,143",$78.00,Hawaii,L,Beige,Winter,3.5,No,Store Pickup,Yes,Yes,50,Venmo,Bi-Weekly,2025-02-11
1621,25,Male,1621,Hat,Accessories,"2,144",$47.00,Virginia,M,Charcoal,Winter,3.1,No,2-Day Shipping,Yes,Yes,27,PayPal,Every 3 Months,2025-02-22
1622,68,Male,1622,Scarf,Accessories,"2,145",$46.00,Ohio,L,Gray,Summer,3.9,No,2-Day Shipping,Yes,Yes,38,Debit Card,Fortnightly,2025-06-10
1623,31,Male,1623,Shorts,Clothing,"2,146",$43.00,Missouri,S,Brown,Winter,4,No,Store Pickup,Yes,Yes,37,Bank Transfer,Every 3 Months,2025-12-27
1624,64,Male,1624,Backpack,Accessories,"2,147",$58.00,Indiana,M,Cyan,Summer,3.5,No,Next Day Air,Yes,Yes,50,Debit Card,Annually,2025-08-04
1625,38,Male,1625,Sweater,Clothing,"2,149",$32.00,Florida,M,White,Winter,3.6,No,Free Shipping,Yes,Yes,40,PayPal,Every 3 Months,2025-02-03
1626,34,Male,1626,Skirt,Clothing,"2,150",$45.00,Minnesota,L,Beige,Winter,3,No,Next Day Air,Yes,Yes,3,PayPal,Bi-Weekly,2025-02-01
1627,32,Male,1627,Sneakers,Footwear,"2,151",$35.00,Nevada,L,Orange,Summer,2.6,No,Next Day Air,Yes,Yes,45,Credit Card,Bi-Weekly,2025-07-22
1628,69,Male,1628,Sunglasses,Accessories,"2,152",$21.00,Maine,M,Olive,Winter,2.9,No,Next Day Air,Yes,Yes,8,Credit Card,Annually,2025-02-06
1629,45,Male,1629,Dress,Clothing,"2,153",$64.00,Massachusetts,S,Teal,Winter,3.1,No,Next Day Air,Yes,Yes,7,Cash,Monthly,2025-12-05
1630,35,Male,1630,Blouse,Clothing,"2,155",$88.00,North Dakota,S,Silver,Spring,3.3,No,Next Day Air,Yes,Yes,13,Venmo,Quarterly,2025-05-01
1631,63,Male,1631,Shoes,Footwear,"2,156",$48.00,New Jersey,M,Gold,Summer,2.9,No,Store Pickup,Yes,Yes,29,Venmo,Every 3 Months,2025-08-05
1632,65,Male,1632,Sweater,Clothing,"2,157",$36.00,Indiana,L,Violet,Summer,3.9,No,2-Day Shipping,Yes,Yes,7,Bank Transfer,Fortnightly,2025-08-17
1633,35,Male,1633,Gloves,Accessories,"2,158",$28.00,Oregon,S,White,Summer,4.7,No,2-Day Shipping,Yes,Yes,50,Debit Card,Every 3 Months,2025-07-02
1634,54,Male,1634,Socks,Clothing,"2,159",$80.00,North Dakota,M,Peach,Spring,4.4,No,2-Day Shipping,Yes,Yes,33,Debit Card,Bi-Weekly,2025-03-19
1635,28,Male,1635,Coat,Outerwear,"2,161",$23.00,South Carolina,S,Orange,Summer,3.6,No,Store Pickup,Yes,Yes,30,Cash,Every 3 Months,2025-06-14
1636,68,Male,1636,Sunglasses,Accessories,"2,162",$24.00,North Carolina,L,Violet,Summer,3.2,No,Standard,Yes,Yes,40,Cash,Annually,2025-07-07
1637,58,Male,1637,Boots,Footwear,"2,163",$22.00,North Dakota,L,Green,Fall,4,No,Free Shipping,Yes,Yes,49,Cash,Fortnightly,2025-11-03
1638,35,Male,1638,Dress,Clothing,"2,164",$21.00,Massachusetts,M,Peach,Spring,3.5,No,Next Day Air,Yes,Yes,32,Venmo,Fortnightly,2025-03-19
1639,68,Male,1639,Jacket,Outerwear,"2,165",$51.00,Tennessee,M,Black,Spring,4.6,No,Free Shipping,Yes,Yes,18,Venmo,Weekly,2025-05-27
1640,41,Male,1640,Gloves,Accessories,"2,167",$65.00,Missouri,L,Blue,Summer,3.3,No,Free Shipping,Yes,Yes,50,PayPal,Annually,2025-06-22
1641,65,Male,1641,Scarf,Accessories,"2,168",$51.00,Tennessee,S,Magenta,Spring,4,No,2-Day Shipping,Yes,Yes,13,PayPal,Weekly,2025-03-15
1642,50,Male,1642,Hoodie,Clothing,"2,169",$32.00,Colorado,L,Violet,Summer,3.4,No,Free Shipping,Yes,Yes,1,Bank Transfer,Every 3 Months,2025-06-03
1643,18,Male,1643,Coat,Outerwear,"2,170",$70.00,Mississippi,M,Beige,Spring,4.2,No,Store Pickup,Yes,Yes,16,PayPal,Fortnightly,2025-03-27
1644,38,Male,1644,Scarf,Accessories,"2,171",$77.00,Ohio,L,Pink,Summer,3.9,No,2-Day Shipping,Yes,Yes,6,PayPal,Monthly,2025-06-04
1645,68,Male,1645,Coat,Outerwear,"2,173",$90.00,North Carolina,S,Beige,Summer,3.9,No,Next Day Air,Yes,Yes,21,Debit Card,Monthly,2025-07-28
1646,53,Male,1646,Scarf,Accessories,"2,174",$36.00,Ohio,L,Green,Summer,2.8,No,Standard,Yes,Yes,36,Venmo,Every 3 Months,2025-08-28
1647,58,Male,1647,Handbag,Accessories,"2,175",$77.00,Nebraska,S,Silver,Summer,3.7,No,Standard,Yes,Yes,20,Bank Transfer,Every 3 Months,2025-06-04
1648,34,Male,1648,Boots,Footwear,"2,176",$78.00,Hawaii,M,Purple,Summer,4.9,No,Store Pickup,Yes,Yes,8,Debit Card,Quarterly,2025-07-17
1649,36,Male,1649,Pants,Clothing,"2,177",$69.00,Oklahoma,M,Gray,Summer,2.6,No,Express,Yes,Yes,22,Credit Card,Monthly,2025-08-06
1650,58,Male,1650,T-shirt,Clothing,"2,179",$63.00,Wisconsin,M,White,Summer,4.9,No,Free Shipping,Yes,Yes,3,Credit Card,Quarterly,2025-08-28
1651,60,Male,1651,Scarf,Accessories,"2,180",$36.00,Arkansas,M,Silver,Winter,3.4,No,Next Day Air,Yes,Yes,46,Credit Card,Fortnightly,2025-01-16
1652,59,Male,1652,Coat,Outerwear,"2,181",$80.00,Texas,M,Blue,Winter,3.9,No,Standard,Yes,Yes,42,Debit Card,Monthly,2025-12-27
1653,65,Male,1653,Sweater,Clothing,"2,182",$35.00,New Mexico,M,Orange,Summer,4,No,Next Day Air,Yes,Yes,1,Bank Transfer,Fortnightly,2025-06-21
1654,31,Male,1654,Belt,Accessories,"2,183",$93.00,Colorado,L,Silver,Winter,3,No,2-Day Shipping,Yes,Yes,29,Debit Card,Bi-Weekly,2025-02-27
1655,43,Male,1655,Belt,Accessories,"2,185",$25.00,Indiana,L,Gray,Spring,2.6,No,Store Pickup,Yes,Yes,14,Credit Card,Quarterly,2025-04-03
1656,37,Male,1656,Sweater,Clothing,"2,186",$81.00,Arizona,L,Gold,Spring,3.2,No,Next Day Air,Yes,Yes,4,PayPal,Monthly,2025-04-23
1657,21,Male,1657,Blouse,Clothing,"2,187",$42.00,Indiana,L,Brown,Spring,2.6,No,2-Day Shipping,Yes,Yes,41,PayPal,Every 3 Months,2025-05-24
1658,69,Male,1658,Skirt,Clothing,"2,188",$36.00,Indiana,L,Turquoise,Spring,3.2,No,Store Pickup,Yes,Yes,4,Debit Card,Bi-Weekly,2025-03-18
1659,32,Male,1659,Jewelry,Accessories,"2,189",$66.00,Alaska,S,Pink,Spring,4.1,No,Store Pickup,Yes,Yes,47,Cash,Weekly,2025-03-20
1660,53,Male,1660,Gloves,Accessories,"2,191",$37.00,Utah,M,Black,Fall,3.9,No,Next Day Air,Yes,Yes,44,Venmo,Annually,2025-11-03
1661,59,Male,1661,T-shirt,Clothing,"2,192",$45.00,Louisiana,L,Yellow,Winter,4.1,No,Standard,Yes,Yes,37,Venmo,Monthly,2025-12-12
1662,64,Male,1662,Gloves,Accessories,"2,193",$86.00,Iowa,S,Beige,Summer,2.7,No,2-Day Shipping,Yes,Yes,21,Debit Card,Quarterly,2025-06-28
1663,63,Male,1663,Sunglasses,Accessories,"2,194",$24.00,New Mexico,M,Olive,Winter,4.6,No,Free Shipping,Yes,Yes,46,Debit Card,Fortnightly,2025-12-21
1664,43,Male,1664,Shirt,Clothing,"2,195",$22.00,Maine,XL,Gold,Summer,3.5,No,Standard,Yes,Yes,1,Cash,Bi-Weekly,2025-06-17
1665,19,Male,1665,Handbag,Accessories,"2,197",$53.00,Minnesota,M,Purple,Spring,5,No,Next Day Air,Yes,Yes,35,PayPal,Weekly,2025-05-17
1666,40,Male,1666,Jacket,Outerwear,"2,198",$41.00,New Mexico,L,Pink,Fall,3.4,No,Next Day Air,Yes,Yes,49,Venmo,Monthly,2025-09-24
1667,51,Male,1667,Skirt,Clothing,"2,199",$64.00,Arkansas,M,Blue,Summer,3.1,No,Store Pickup,Yes,Yes,47,PayPal,Annually,2025-07-14
1668,51,Male,1668,Handbag,Accessories,"2,200",$40.00,Oklahoma,L,Brown,Winter,3.4,No,2-Day Shipping,Yes,Yes,24,Bank Transfer,Every 3 Months,2025-02-15
1669,66,Male,1669,Blouse,Clothing,"2,201",$33.00,Utah,L,Charcoal,Summer,4,No,Standard,Yes,Yes,28,Debit Card,Fortnightly,2025-06-28
1670,42,Male,1670,T-shirt,Clothing,"2,203",$59.00,Wisconsin,L,Maroon,Winter,2.7,No,Store Pickup,Yes,Yes,22,Bank Transfer,Quarterly,2025-02-09
1671,22,Male,1671,Pants,Clothing,"2,204",$73.00,Utah,L,Cyan,Fall,3.6,No,Free Shipping,Yes,Yes,20,Cash,Weekly,2025-09-21
1672,31,Male,1672,Hoodie,Clothing,"2,205",$22.00,Utah,M,Olive,Winter,4,No,Free Shipping,Yes,Yes,25,Bank Transfer,Weekly,2025-12-15
1673,18,Male,1673,Boots,Footwear,"2,206",$73.00,South Carolina,L,Gold,Fall,3.8,No,Free Shipping,Yes,Yes,15,Venmo,Quarterly,2025-10-23
1674,21,Male,1674,Blouse,Clothing,"2,207",$62.00,Hawaii,M,Violet,Fall,3.4,No,Next Day Air,Yes,Yes,49,Venmo,Bi-Weekly,2025-09-16
1675,35,Male,1675,Coat,Outerwear,"2,209",$56.00,Alaska,M,Peach,Winter,3.2,No,Free Shipping,Yes,Yes,10,Debit Card,Fortnightly,2025-02-26
1676,35,Male,1676,Pants,Clothing,"2,210",$90.00,Colorado,M,Beige,Spring,4.7,No,Next Day Air,Yes,Yes,21,Credit Card,Annually,2025-04-09
1677,27,Male,1677,Sunglasses,Accessories,"2,211",$44.00,West Virginia,M,Cyan,Winter,3.1,No,Next Day Air,Yes,Yes,34,Bank Transfer,Weekly,2025-02-12
1678,65,Male,1678,Jeans,Clothing,"2,212",$35.00,Oregon,L,Silver,Summer,3.3,No,Next Day Air,No,No,41,Debit Card,Weekly,2025-08-19
1679,41,Male,1679,Pants,Clothing,"2,213",$71.00,Ohio,S,Magenta,Summer,4.8,No,2-Day Shipping,No,No,30,Venmo,Fortnightly,2025-07-15
1680,60,Male,1680,Dress,Clothing,"2,215",$52.00,Massachusetts,S,Black,Fall,4.5,No,Next Day Air,No,No,24,Debit Card,Bi-Weekly,2025-11-20
1681,61,Male,1681,Shoes,Footwear,"2,216",$37.00,Louisiana,M,Olive,Summer,3.4,No,Store Pickup,No,No,6,Credit Card,Annually,2025-06-19
1682,24,Male,1682,Sneakers,Footwear,"2,217",$95.00,Virginia,L,Green,Winter,3.7,No,2-Day Shipping,No,No,14,Credit Card,Bi-Weekly,2025-01-15
1683,65,Male,1683,Socks,Clothing,"2,218",$97.00,New York,M,Yellow,Fall,4.9,No,2-Day Shipping,No,No,37,Credit Card,Bi-Weekly,2025-09-20
1684,23,Male,1684,Coat,Outerwear,"2,219",$57.00,Arkansas,S,Lavender,Spring,3.5,No,Next Day Air,No,No,37,Venmo,Quarterly,2025-03-06
1685,30,Male,1685,Shirt,Clothing,"2,221",$93.00,New Mexico,M,Indigo,Spring,4.6,No,Standard,No,No,28,PayPal,Weekly,2025-03-12
1686,33,Male,1686,Blouse,Clothing,"2,222",$48.00,Minnesota,M,Pink,Winter,4.6,No,Standard,No,No,43,PayPal,Bi-Weekly,2025-01-28
1687,22,Male,1687,Gloves,Accessories,"2,223",$75.00,Illinois,L,Red,Fall,4.2,No,Store Pickup,No,No,25,Cash,Annually,2025-09-13
1688,67,Male,1688,Skirt,Clothing,"2,224",$70.00,Georgia,S,Magenta,Winter,3.7,No,Free Shipping,No,No,4,PayPal,Annually,2025-01-20
1689,28,Male,1689,Handbag,Accessories,"2,225",$26.00,Mississippi,S,Peach,Winter,3,No,Next Day Air,No,No,13,Venmo,Fortnightly,2025-02-23
1690,32,Male,1690,Shirt,Clothing,"2,227",$73.00,North Carolina,L,Turquoise,Winter,4.6,No,Store Pickup,No,No,32,Bank Transfer,Monthly,2025-12-08
1691,40,Male,1691,Coat,Outerwear,"2,228",$30.00,Nevada,M,Black,Summer,3.2,No,Free Shipping,No,No,1,Cash,Annually,2025-07-07
1692,64,Male,1692,Shoes,Footwear,"2,229",$61.00,Connecticut,L,Blue,Summer,3.5,No,Next Day Air,No,No,4,Cash,Annually,2025-08-03
1693,56,Male,1693,Handbag,Accessories,"2,230",$75.00,Utah,M,Beige,Winter,2.6,No,Standard,No,No,33,Cash,Bi-Weekly,2025-01-05
1694,63,Male,1694,Jacket,Outerwear,"2,231",$88.00,Tennessee,XL,Olive,Fall,4.9,No,Standard,No,No,45,Bank Transfer,Fortnightly,2025-09-04
1695,20,Male,1695,Shirt,Clothing,"2,233",$67.00,Mississippi,M,Turquoise,Summer,2.7,No,Express,No,No,20,Debit Card,Fortnightly,2025-07-02
1696,54,Male,1696,Hat,Accessories,"2,234",$95.00,Nebraska,S,Yellow,Fall,4.7,No,2-Day Shipping,No,No,1,PayPal,Fortnightly,2025-09-13
1697,31,Male,1697,Sunglasses,Accessories,"2,235",$69.00,West Virginia,S,Turquoise,Spring,4,No,Free Shipping,No,No,7,Credit Card,Bi-Weekly,2025-05-08
1698,36,Male,1698,Shirt,Clothing,"2,236",$87.00,South Carolina,L,Lavender,Fall,3.5,No,Next Day Air,No,No,48,Credit Card,Every 3 Months,2025-11-04
1699,25,Male,1699,Belt,Accessories,"2,237",$41.00,Iowa,XL,Turquoise,Winter,4.8,No,Standard,No,No,46,Bank Transfer,Quarterly,2025-12-27
1700,20,Male,1700,Sweater,Clothing,"2,239",$67.00,North Dakota,L,Teal,Spring,4,No,Free Shipping,No,No,34,Debit Card,Annually,2025-03-18
1701,62,Male,1701,Hoodie,Clothing,"2,240",$70.00,West Virginia,L,Black,Fall,4.1,No,Express,No,No,36,Bank Transfer,Monthly,2025-11-22
1702,69,Male,1702,Handbag,Accessories,"2,241",$41.00,Mississippi,XL,Blue,Winter,3.8,No,Next Day Air,No,No,44,Debit Card,Every 3 Months,2025-12-02
1703,54,Male,1703,Jeans,Clothing,"2,242",$83.00,Alabama,XL,Yellow,Summer,5,No,Express,No,No,48,Bank Transfer,Weekly,2025-08-27
1704,39,Male,1704,Backpack,Accessories,"2,243",$22.00,California,M,Black,Spring,4,No,Next Day Air,No,No,12,Bank Transfer,Annually,2025-05-26
1705,56,Male,1705,Sneakers,Footwear,"2,245",$20.00,Idaho,M,Lavender,Summer,3.9,No,Store Pickup,No,No,19,Cash,Every 3 Months,2025-06-22
1706,39,Male,1706,Jewelry,Accessories,"2,246",$29.00,South Dakota,L,Cyan,Summer,3.4,No,2-Day Shipping,No,No,49,Venmo,Bi-Weekly,2025-06-16
1707,37,Male,1707,Sunglasses,Accessories,"2,247",$87.00,North Dakota,M,Brown,Spring,3,No,Standard,No,No,25,Venmo,Fortnightly,2025-03-27
1708,25,Male,1708,Shorts,Clothing,"2,248",$81.00,Nevada,L,Maroon,Fall,4.9,No,2-Day Shipping,No,No,25,Cash,Bi-Weekly,2025-11-03
1709,35,Male,1709,Boots,Footwear,"2,249",$58.00,Florida,L,Cyan,Spring,3.2,No,Express,No,No,1,Credit Card,Quarterly,2025-04-06
1710,45,Male,1710,Skirt,Clothing,"2,251",$83.00,Indiana,M,Pink,Winter,3.8,No,Standard,No,No,19,Bank Transfer,Annually,2025-01-09
1711,19,Male,1711,Pants,Clothing,"2,252",$59.00,Arkansas,XL,Orange,Fall,3.8,No,Store Pickup,No,No,7,Credit Card,Quarterly,2025-09-09
1712,21,Male,1712,T-shirt,Clothing,"2,253",$93.00,North Carolina,M,Lavender,Spring,4.7,No,Express,No,No,19,Credit Card,Monthly,2025-03-19
1713,65,Male,1713,T-shirt,Clothing,"2,254",$87.00,Illinois,S,Beige,Fall,3.8,No,2-Day Shipping,No,No,9,Cash,Fortnightly,2025-11-11
1714,49,Male,1714,Jacket,Outerwear,"2,255",$22.00,Missouri,M,Pink,Winter,4.6,No,Free Shipping,No,No,37,PayPal,Quarterly,2025-02-11
1715,30,Male,1715,Jeans,Clothing,"2,257",$71.00,South Dakota,S,Charcoal,Summer,4.4,No,Standard,No,No,15,Cash,Monthly,2025-08-03
1716,23,Male,1716,Dress,Clothing,"2,258",$69.00,Idaho,XL,Gray,Spring,3.4,No,2-Day Shipping,No,No,30,PayPal,Bi-Weekly,2025-03-08
1717,69,Male,1717,Blouse,Clothing,"2,259",$47.00,Connecticut,M,Cyan,Winter,4.7,No,Standard,No,No,30,Cash,Every 3 Months,2025-12-04
1718,29,Male,1718,Hoodie,Clothing,"2,260",$50.00,Hawaii,L,Orange,Summer,2.9,No,Express,No,No,16,Debit Card,Bi-Weekly,2025-06-16
1719,54,Male,1719,T-shirt,Clothing,"2,261",$96.00,Maryland,L,Pink,Winter,3.4,No,2-Day Shipping,No,No,14,PayPal,Every 3 Months,2025-12-11
1720,45,Male,1720,Sweater,Clothing,"2,263",$39.00,Maryland,M,White,Winter,3.2,No,Free Shipping,No,No,8,Venmo,Quarterly,2025-01-28
1721,25,Male,1721,Shorts,Clothing,"2,264",$84.00,Massachusetts,S,Beige,Winter,2.8,No,Express,No,No,40,Debit Card,Bi-Weekly,2025-01-24
1722,34,Male,1722,Jewelry,Accessories,"2,265",$28.00,Delaware,S,Magenta,Spring,4.3,No,Free Shipping,No,No,24,Credit Card,Monthly,2025-05-01
1723,46,Male,1723,T-shirt,Clothing,"2,266",$51.00,Massachusetts,L,Violet,Summer,3.3,No,Standard,No,No,14,Cash,Fortnightly,2025-07-16
1724,70,Male,1724,Scarf,Accessories,"2,267",$20.00,New York,XL,Gold,Spring,3.3,No,Standard,No,No,39,PayPal,Annually,2025-04-16
1725,42,Male,1725,Shoes,Footwear,"2,269",$72.00,Delaware,S,Teal,Winter,3.3,No,Free Shipping,No,No,21,PayPal,Weekly,2025-12-10
1726,45,Male,1726,Sunglasses,Accessories,"2,270",$33.00,Massachusetts,M,Indigo,Spring,3,No,Next Day Air,No,No,32,Venmo,Quarterly,2025-04-20
1727,57,Male,1727,Coat,Outerwear,"2,271",$28.00,Indiana,S,Olive,Summer,2.8,No,Express,No,No,45,Debit Card,Weekly,2025-06-04
1728,49,Male,1728,Blouse,Clothing,"2,272",$53.00,Virginia,S,Violet,Spring,4,No,Express,No,No,19,PayPal,Monthly,2025-05-17
1729,23,Male,1729,Jeans,Clothing,"2,273",$48.00,Wyoming,L,Black,Fall,4.3,No,Express,No,No,1,Debit Card,Every 3 Months,2025-10-25
1730,47,Male,1730,Shorts,Clothing,"2,275",$21.00,Illinois,M,Brown,Winter,3.8,No,Store Pickup,No,No,12,Venmo,Fortnightly,2025-01-19
1731,23,Male,1731,Shirt,Clothing,"2,276",$22.00,Alabama,S,Silver,Fall,4.2,No,Free Shipping,No,No,26,Credit Card,Weekly,2025-09-03
1732,21,Male,1732,Backpack,Accessories,"2,277",$87.00,Idaho,M,Gray,Fall,3.1,No,Next Day Air,No,No,12,Cash,Monthly,2025-11-01
1733,45,Male,1733,Belt,Accessories,"2,278",$50.00,Rhode Island,S,Charcoal,Winter,2.6,No,Free Shipping,No,No,36,Cash,Every 3 Months,2025-12-23
1734,67,Male,1734,Blouse,Clothing,"2,279",$85.00,New York,L,Black,Summer,3.4,No,Express,No,No,22,Credit Card,Annually,2025-08-02
1735,31,Male,1735,Jeans,Clothing,"2,281",$98.00,Missouri,L,Brown,Spring,3.1,No,Next Day Air,No,No,16,PayPal,Quarterly,2025-03-20
1736,58,Male,1736,Dress,Clothing,"2,282",$34.00,Texas,M,Purple,Winter,3.6,No,Express,No,No,31,Venmo,Annually,2025-12-01
1737,57,Male,1737,Shorts,Clothing,"2,283",$61.00,Tennessee,M,Purple,Summer,2.6,No,2-Day Shipping,No,No,43,Cash,Quarterly,2025-06-18
1738,42,Male,1738,Jewelry,Accessories,"2,284",$98.00,Ohio,L,Gray,Summer,4.2,No,Store Pickup,No,No,50,Venmo,Bi-Weekly,2025-07-08
1739,60,Male,1739,Handbag,Accessories,"2,285",$61.00,Tennessee,M,Green,Spring,2.9,No,2-Day Shipping,No,No,37,Credit Card,Weekly,2025-03-09
1740,21,Male,1740,Jewelry,Accessories,"2,287",$98.00,Minnesota,L,Silver,Winter,4.2,No,Express,No,No,23,Cash,Weekly,2025-12-12
1741,69,Male,1741,Pants,Clothing,"2,288",$21.00,Wisconsin,L,Charcoal,Fall,3.3,No,Next Day Air,No,No,10,Bank Transfer,Every 3 Months,2025-10-28
1742,41,Male,1742,Pants,Clothing,"2,289",$51.00,Delaware,XL,Teal,Winter,3.6,No,Next Day Air,No,No,20,Bank Transfer,Monthly,2025-01-10
1743,51,Male,1743,Sandals,Footwear,"2,290",$80.00,Kansas,XL,White,Spring,4.3,No,Express,No,No,18,Venmo,Every 3 Months,2025-03-23
1744,23,Male,1744,Skirt,Clothing,"2,291",$72.00,Missouri,XL,Brown,Winter,3.3,No,Standard,No,No,3,Bank Transfer,Weekly,2025-02-05
1745,57,Male,1745,Sunglasses,Accessories,"2,293",$63.00,Michigan,L,Teal,Winter,3,No,Standard,No,No,23,PayPal,Weekly,2025-01-20
1746,40,Male,1746,Skirt,Clothing,"2,294",$27.00,West Virginia,L,Red,Winter,3.6,No,Store Pickup,No,No,27,Cash,Weekly,2025-01-02
1747,65,Male,1747,Handbag,Accessories,"2,295",$44.00,Alabama,L,Brown,Summer,3.1,No,Store Pickup,No,No,44,Bank Transfer,Fortnightly,2025-06-11
1748,61,Male,1748,Coat,Outerwear,"2,296",$23.00,New Hampshire,M,Yellow,Winter,2.9,No,Express,No,No,41,Venmo,Quarterly,2025-12-11
1749,34,Male,1749,Skirt,Clothing,"2,297",$93.00,Montana,L,Teal,Winter,3.9,No,2-Day Shipping,No,No,41,Bank Transfer,Annually,2025-02-25
1750,43,Male,1750,Hoodie,Clothing,"2,299",$70.00,Wyoming,L,Pink,Fall,3.2,No,2-Day Shipping,No,No,36,Debit Card,Every 3 Months,2025-11-12
1751,31,Male,1751,Sunglasses,Accessories,"2,300",$85.00,Missouri,M,White,Fall,3.1,No,Express,No,No,38,Venmo,Every 3 Months,2025-11-05
1752,57,Male,1752,Sweater,Clothing,"2,301",$40.00,Ohio,M,Silver,Winter,3.2,No,2-Day Shipping,No,No,34,Cash,Annually,2025-12-17
1753,34,Male,1753,Boots,Footwear,"2,302",$29.00,South Dakota,L,Blue,Winter,3.3,No,Store Pickup,No,No,14,Venmo,Quarterly,2025-12-08
1754,25,Male,1754,Skirt,Clothing,"2,303",$27.00,Colorado,L,Black,Fall,4.8,No,Next Day Air,No,No,23,Credit Card,Fortnightly,2025-11-06
1755,66,Male,1755,Dress,Clothing,"2,305",$93.00,Massachusetts,S,Beige,Fall,3.8,No,2-Day Shipping,No,No,18,Credit Card,Fortnightly,2025-11-06
1756,56,Male,1756,Belt,Accessories,"2,306",$20.00,Delaware,XL,Charcoal,Spring,4.6,No,Next Day Air,No,No,45,Cash,Monthly,2025-04-13
1757,49,Male,1757,Jewelry,Accessories,"2,307",$55.00,New Hampshire,S,Cyan,Fall,2.8,No,Free Shipping,No,No,14,Bank Transfer,Weekly,2025-10-24
1758,19,Male,1758,Dress,Clothing,"2,308",$94.00,Michigan,L,Yellow,Fall,3.6,No,Standard,No,No,48,Debit Card,Annually,2025-11-26
1759,27,Male,1759,Hat,Accessories,"2,309",$56.00,Pennsylvania,M,Silver,Winter,4.3,No,Free Shipping,No,No,17,Venmo,Bi-Weekly,2025-01-18
1760,68,Male,1760,Sweater,Clothing,"2,311",$58.00,Louisiana,L,Green,Spring,4,No,Next Day Air,No,No,1,PayPal,Weekly,2025-03-14
1761,20,Male,1761,Skirt,Clothing,"2,312",$44.00,Minnesota,XL,Peach,Spring,3.5,No,Standard,No,No,39,PayPal,Weekly,2025-03-14
1762,21,Male,1762,Hoodie,Clothing,"2,313",$95.00,Hawaii,S,Green,Fall,4.9,No,2-Day Shipping,No,No,24,Cash,Weekly,2025-10-05
1763,36,Male,1763,Sandals,Footwear,"2,314",$42.00,Idaho,M,Brown,Summer,3.1,No,Express,No,No,41,Bank Transfer,Fortnightly,2025-07-23
1764,37,Male,1764,Jewelry,Accessories,"2,315",$93.00,Vermont,M,Lavender,Winter,3.9,No,Store Pickup,No,No,28,PayPal,Annually,2025-12-26
1765,61,Male,1765,Dress,Clothing,"2,317",$56.00,Delaware,M,Charcoal,Summer,3,No,Store Pickup,No,No,34,Venmo,Quarterly,2025-08-25
1766,68,Male,1766,Hoodie,Clothing,"2,318",$88.00,New Mexico,M,Orange,Spring,4.1,No,2-Day Shipping,No,No,41,Venmo,Quarterly,2025-03-15
1767,60,Male,1767,Sweater,Clothing,"2,319",$54.00,Alaska,S,Cyan,Winter,4.3,No,2-Day Shipping,No,No,27,Cash,Bi-Weekly,2025-02-15
1768,69,Male,1768,Jewelry,Accessories,"2,320",$89.00,Minnesota,L,Lavender,Fall,3.8,No,2-Day Shipping,No,No,46,Debit Card,Fortnightly,2025-09-28
1769,25,Male,1769,Sandals,Footwear,"2,321",$45.00,Nebraska,M,Indigo,Summer,3.9,No,2-Day Shipping,No,No,2,PayPal,Every 3 Months,2025-06-22
1770,32,Male,1770,Socks,Clothing,"2,323",$75.00,Alaska,L,Brown,Winter,4.3,No,Free Shipping,No,No,45,Cash,Monthly,2025-12-12
1771,53,Male,1771,Backpack,Accessories,"2,324",$22.00,Michigan,M,Pink,Fall,4.3,No,Express,No,No,34,Bank Transfer,Weekly,2025-09-04
1772,46,Male,1772,Shirt,Clothing,"2,325",$82.00,Indiana,XL,Turquoise,Fall,4.7,No,Store Pickup,No,No,9,Credit Card,Annually,2025-09-28
1773,58,Male,1773,Shoes,Footwear,"2,326",$34.00,Hawaii,M,Gold,Summer,3.1,No,2-Day Shipping,No,No,1,Bank Transfer,Annually,2025-06-10
1774,21,Male,1774,Coat,Outerwear,"2,327",$92.00,West Virginia,M,Blue,Summer,2.7,No,Free Shipping,No,No,17,PayPal,Annually,2025-06-09
1775,46,Male,1775,Sweater,Clothing,"2,329",$78.00,New York,M,Lavender,Spring,3.7,No,Express,No,No,6,PayPal,Weekly,2025-04-17
1776,18,Male,1776,Jacket,Outerwear,"2,330",$47.00,Iowa,M,Violet,Spring,3.3,No,2-Day Shipping,No,No,12,Cash,Bi-Weekly,2025-03-04
1777,56,Male,1777,Jacket,Outerwear,"2,331",$64.00,Arizona,L,Cyan,Summer,3.4,No,Free Shipping,No,No,10,Venmo,Every 3 Months,2025-06-17
1778,18,Male,1778,Sneakers,Footwear,"2,332",$44.00,Minnesota,L,Purple,Winter,4.7,No,Free Shipping,No,No,4,Cash,Fortnightly,2025-12-02
1779,49,Male,1779,Belt,Accessories,"2,333",$94.00,Texas,M,Red,Winter,4.9,No,Store Pickup,No,No,8,Debit Card,Bi-Weekly,2025-02-02
1780,29,Male,1780,Scarf,Accessories,"2,335",$62.00,Virginia,M,Charcoal,Winter,4.3,No,Free Shipping,No,No,41,Venmo,Weekly,2025-02-11
1781,67,Male,1781,Jewelry,Accessories,"2,336",$81.00,North Dakota,S,Gray,Summer,4.2,No,Next Day Air,No,No,49,Credit Card,Weekly,2025-06-04
1782,31,Male,1782,T-shirt,Clothing,"2,337",$33.00,Iowa,M,Pink,Fall,3.7,No,Express,No,No,49,Bank Transfer,Quarterly,2025-10-16
1783,52,Male,1783,Pants,Clothing,"2,338",$88.00,Utah,M,Lavender,Fall,2.7,No,Next Day Air,No,No,40,Bank Transfer,Fortnightly,2025-09-04
1784,42,Male,1784,Handbag,Accessories,"2,339",$49.00,Ohio,L,Lavender,Winter,3.3,No,Free Shipping,No,No,30,Credit Card,Monthly,2025-02-24
1785,32,Male,1785,Backpack,Accessories,"2,341",$31.00,Louisiana,L,Yellow,Summer,4.8,No,Standard,No,No,4,Debit Card,Quarterly,2025-07-19
1786,47,Male,1786,Gloves,Accessories,"2,342",$29.00,Iowa,S,Peach,Fall,4.1,No,Next Day Air,No,No,22,Venmo,Monthly,2025-09-27
1787,45,Male,1787,Jacket,Outerwear,"2,343",$34.00,Maryland,M,Brown,Spring,4.6,No,2-Day Shipping,No,No,22,Venmo,Monthly,2025-05-21
1788,20,Male,1788,Sweater,Clothing,"2,344",$38.00,Montana,L,Gold,Fall,4.9,No,2-Day Shipping,No,No,10,Bank Transfer,Quarterly,2025-10-05
1789,66,Male,1789,Blouse,Clothing,"2,345",$41.00,Illinois,L,Pink,Summer,3.1,No,Store Pickup,No,No,23,Cash,Bi-Weekly,2025-06-05
1790,52,Male,1790,Blouse,Clothing,"2,347",$34.00,Arizona,L,Peach,Spring,3,No,2-Day Shipping,No,No,43,Debit Card,Quarterly,2025-04-08
1791,50,Male,1791,Gloves,Accessories,"2,348",$26.00,North Carolina,S,Violet,Summer,3.7,No,Store Pickup,No,No,31,PayPal,Bi-Weekly,2025-08-28
1792,62,Male,1792,Jeans,Clothing,"2,349",$98.00,Montana,S,Purple,Winter,4,No,Store Pickup,No,No,38,Cash,Annually,2025-02-07
1793,38,Male,1793,Sneakers,Footwear,"2,350",$59.00,Iowa,M,Peach,Fall,3,No,Express,No,No,22,Debit Card,Every 3 Months,2025-09-01
1794,65,Male,1794,Hat,Accessories,"2,351",$92.00,Iowa,S,White,Fall,3.8,No,Store Pickup,No,No,45,Cash,Every 3 Months,2025-10-13
1795,60,Male,1795,Backpack,Accessories,"2,353",$40.00,Ohio,L,Indigo,Spring,3.7,No,Express,No,No,21,Debit Card,Fortnightly,2025-04-28
1796,68,Male,1796,Jeans,Clothing,"2,354",$20.00,Wisconsin,S,Violet,Fall,4,No,2-Day Shipping,No,No,9,Debit Card,Fortnightly,2025-11-27
1797,62,Male,1797,Skirt,Clothing,"2,355",$35.00,South Carolina,S,Brown,Spring,3.1,No,Store Pickup,No,No,34,Venmo,Weekly,2025-04-01
1798,62,Male,1798,Belt,Accessories,"2,356",$35.00,Oregon,L,Maroon,Spring,3.9,No,2-Day Shipping,No,No,26,Venmo,Weekly,2025-03-28
1799,40,Male,1799,Dress,Clothing,"2,357",$82.00,North Dakota,L,Magenta,Winter,3.7,No,Express,No,No,1,Cash,Weekly,2025-12-05
1800,32,Male,1800,Hoodie,Clothing,"2,359",$48.00,California,M,Charcoal,Fall,3.9,No,Express,No,No,47,Venmo,Weekly,2025-10-13
1801,22,Male,1801,Coat,Outerwear,"2,360",$58.00,Mississippi,XL,Indigo,Winter,2.7,No,Express,No,No,30,Credit Card,Weekly,2025-02-13
1802,33,Male,1802,Sweater,Clothing,"2,361",$57.00,New Jersey,M,Turquoise,Spring,3.9,No,Express,No,No,48,Debit Card,Fortnightly,2025-05-26
1803,57,Male,1803,Shorts,Clothing,"2,362",$96.00,Rhode Island,L,Turquoise,Winter,2.6,No,Store Pickup,No,No,31,Venmo,Bi-Weekly,2025-12-16
1804,60,Male,1804,Sneakers,Footwear,"2,363",$97.00,New Hampshire,S,Gray,Summer,3.5,No,Free Shipping,No,No,33,Venmo,Fortnightly,2025-06-24
1805,30,Male,1805,Sweater,Clothing,"2,365",$42.00,Louisiana,L,Peach,Winter,4.4,No,Next Day Air,No,No,39,Credit Card,Weekly,2025-12-28
1806,41,Male,1806,T-shirt,Clothing,"2,366",$62.00,Arizona,L,Gold,Spring,4.9,No,Store Pickup,No,No,46,Debit Card,Weekly,2025-03-01
1807,58,Male,1807,Handbag,Accessories,"2,367",$67.00,Rhode Island,M,Green,Fall,3.9,No,Standard,No,No,24,Venmo,Annually,2025-09-19
1808,34,Male,1808,Sneakers,Footwear,"2,368",$46.00,Vermont,L,Gold,Summer,3.5,No,Standard,No,No,37,Venmo,Fortnightly,2025-06-08
1809,67,Male,1809,Jacket,Outerwear,"2,369",$71.00,Tennessee,M,Lavender,Spring,4.3,No,Next Day Air,No,No,7,Debit Card,Monthly,2025-03-11
1810,58,Male,1810,Backpack,Accessories,"2,371",$99.00,Alaska,S,Blue,Fall,3.4,No,Free Shipping,No,No,6,Debit Card,Fortnightly,2025-11-06
1811,41,Male,1811,Jeans,Clothing,"2,372",$28.00,Maryland,M,Magenta,Fall,2.7,No,Standard,No,No,16,Cash,Bi-Weekly,2025-09-01
1812,42,Male,1812,Belt,Accessories,"2,373",$77.00,Wisconsin,L,Blue,Summer,3.6,No,Standard,No,No,33,Bank Transfer,Annually,2025-08-04
1813,50,Male,1813,Boots,Footwear,"2,374",$63.00,Nevada,S,Blue,Summer,4.9,No,Express,No,No,18,PayPal,Bi-Weekly,2025-06-05
1814,40,Male,1814,Shorts,Clothing,"2,375",$62.00,Illinois,M,Olive,Spring,3.5,No,Free Shipping,No,No,24,PayPal,Weekly,2025-03-28
1815,32,Male,1815,Jeans,Clothing,"2,377",$92.00,Montana,M,White,Summer,3.8,No,Free Shipping,No,No,24,Cash,Quarterly,2025-07-24
1816,51,Male,1816,Shoes,Footwear,"2,378",$72.00,New Mexico,L,White,Winter,4.5,No,2-Day Shipping,No,No,48,Credit Card,Every 3 Months,2025-01-21
1817,26,Male,1817,Hat,Accessories,"2,379",$79.00,Virginia,M,Purple,Summer,4,No,Express,No,No,4,Cash,Weekly,2025-08-26
1818,32,Male,1818,T-shirt,Clothing,"2,380",$27.00,Delaware,M,White,Summer,4.7,No,Free Shipping,No,No,20,Cash,Weekly,2025-06-26
1819,58,Male,1819,Sunglasses,Accessories,"2,381",$39.00,North Carolina,M,White,Fall,3.8,No,Express,No,No,47,Debit Card,Every 3 Months,2025-10-10
1820,51,Male,1820,Socks,Clothing,"2,383",$86.00,Nevada,S,Peach,Spring,4.5,No,Next Day Air,No,No,50,Cash,Quarterly,2025-03-03
1821,19,Male,1821,Shirt,Clothing,"2,384",$94.00,Washington,XL,Gold,Fall,5,No,Express,No,No,31,PayPal,Monthly,2025-10-01
1822,57,Male,1822,Shorts,Clothing,"2,385",$53.00,Maine,M,Teal,Spring,2.8,No,Express,No,No,29,PayPal,Quarterly,2025-05-26
1823,66,Male,1823,Shirt,Clothing,"2,386",$85.00,Connecticut,S,Cyan,Summer,4.4,No,Standard,No,No,4,Cash,Annually,2025-08-09
1824,62,Male,1824,Socks,Clothing,"2,387",$50.00,Louisiana,L,Pink,Fall,4.7,No,Free Shipping,No,No,40,Bank Transfer,Bi-Weekly,2025-10-08
1825,58,Male,1825,Pants,Clothing,"2,389",$47.00,Illinois,XL,Magenta,Winter,3.8,No,Express,No,No,31,Cash,Monthly,2025-02-01
1826,23,Male,1826,Boots,Footwear,"2,390",$75.00,South Dakota,M,Pink,Winter,4.9,No,Next Day Air,No,No,41,Credit Card,Weekly,2025-02-27
1827,45,Male,1827,T-shirt,Clothing,"2,391",$60.00,Indiana,M,Turquoise,Winter,4.2,No,Express,No,No,44,Debit Card,Annually,2025-02-24
1828,20,Male,1828,T-shirt,Clothing,"2,392",$36.00,Vermont,S,Pink,Spring,4.9,No,2-Day Shipping,No,No,31,Bank Transfer,Weekly,2025-04-15
1829,33,Male,1829,Coat,Outerwear,"2,393",$80.00,New Hampshire,L,Gray,Spring,3.9,No,Express,No,No,45,Cash,Every 3 Months,2025-03-05
1830,30,Male,1830,Hat,Accessories,"2,395",$96.00,Oregon,M,White,Spring,4.9,No,2-Day Shipping,No,No,50,Credit Card,Quarterly,2025-04-04
1831,50,Male,1831,Sunglasses,Accessories,"2,396",$80.00,Kansas,M,Blue,Winter,4.8,No,Express,No,No,7,Venmo,Annually,2025-02-27
1832,62,Male,1832,Blouse,Clothing,"2,397",$71.00,Maine,M,Cyan,Summer,3.3,No,Free Shipping,No,No,5,Bank Transfer,Every 3 Months,2025-08-07
1833,69,Male,1833,Jewelry,Accessories,"2,398",$29.00,Louisiana,M,Blue,Fall,4.6,No,Free Shipping,No,No,48,Cash,Monthly,2025-09-28
1834,34,Male,1834,Jewelry,Accessories,"2,399",$53.00,Louisiana,M,Yellow,Spring,4.5,No,2-Day Shipping,No,No,19,PayPal,Fortnightly,2025-03-24
1835,49,Male,1835,Skirt,Clothing,"2,401",$35.00,Indiana,M,Charcoal,Summer,4.1,No,2-Day Shipping,No,No,39,Venmo,Fortnightly,2025-07-04
1836,65,Male,1836,Scarf,Accessories,"2,402",$75.00,Kentucky,M,Lavender,Fall,3.2,No,2-Day Shipping,No,No,45,Credit Card,Quarterly,2025-10-11
1837,66,Male,1837,Pants,Clothing,"2,403",$52.00,South Carolina,M,Teal,Fall,4.2,No,2-Day Shipping,No,No,35,Credit Card,Monthly,2025-09-24
1838,41,Male,1838,Hat,Accessories,"2,404",$77.00,Montana,M,Beige,Winter,4.8,No,Free Shipping,No,No,8,Venmo,Monthly,2025-02-04
1839,37,Male,1839,Gloves,Accessories,"2,405",$24.00,Vermont,L,Blue,Fall,4.1,No,Next Day Air,No,No,11,Credit Card,Quarterly,2025-11-21
1840,32,Male,1840,Shirt,Clothing,"2,407",$78.00,Mississippi,XL,Purple,Winter,3.7,No,Store Pickup,No,No,32,Cash,Annually,2025-12-13
1841,42,Male,1841,Sandals,Footwear,"2,408",$98.00,Wyoming,M,Gold,Winter,2.6,No,Store Pickup,No,No,46,Bank Transfer,Every 3 Months,2025-01-14
1842,31,Male,1842,Socks,Clothing,"2,409",$57.00,Vermont,L,Blue,Winter,3,No,Standard,No,No,7,PayPal,Every 3 Months,2025-12-03
1843,61,Male,1843,Handbag,Accessories,"2,410",$78.00,Alabama,M,Black,Summer,4.4,No,Express,No,No,1,Debit Card,Annually,2025-06-03
1844,36,Male,1844,Jacket,Outerwear,"2,411",$76.00,Kentucky,M,Charcoal,Fall,4.7,No,Next Day Air,No,No,32,Credit Card,Monthly,2025-11-22
1845,60,Male,1845,Shorts,Clothing,"2,413",$26.00,South Dakota,M,Purple,Spring,2.7,No,2-Day Shipping,No,No,31,Credit Card,Annually,2025-04-07
1846,51,Male,1846,Sandals,Footwear,"2,414",$78.00,Delaware,M,Orange,Winter,2.8,No,2-Day Shipping,No,No,39,Bank Transfer,Quarterly,2025-02-08
1847,68,Male,1847,Scarf,Accessories,"2,415",$53.00,Wisconsin,M,Yellow,Summer,2.9,No,Standard,No,No,9,Venmo,Quarterly,2025-07-17
1848,46,Male,1848,Sandals,Footwear,"2,416",$100.00,Arizona,XL,Cyan,Summer,4.4,No,Free Shipping,No,No,49,Credit Card,Weekly,2025-07-04
1849,19,Male,1849,Jeans,Clothing,"2,417",$73.00,Maine,XL,Yellow,Winter,2.7,No,Express,No,No,34,Cash,Every 3 Months,2025-02-16
1850,30,Male,1850,Skirt,Clothing,"2,419",$40.00,New Mexico,M,Maroon,Winter,4.5,No,Store Pickup,No,No,35,Bank Transfer,Monthly,2025-02-21
1851,51,Male,1851,Gloves,Accessories,"2,420",$76.00,Wyoming,S,Black,Winter,2.8,No,Store Pickup,No,No,50,Debit Card,Weekly,2025-01-15
1852,28,Male,1852,Skirt,Clothing,"2,421",$80.00,Delaware,S,Lavender,Fall,3.1,No,Free Shipping,No,No,4,Bank Transfer,Fortnightly,2025-10-26
1853,41,Male,1853,Sweater,Clothing,"2,422",$80.00,Pennsylvania,XL,Violet,Winter,3.8,No,Store Pickup,No,No,32,Cash,Weekly,2025-02-04
1854,29,Male,1854,Blouse,Clothing,"2,423",$67.00,North Dakota,XL,Olive,Spring,2.9,No,Express,No,No,11,PayPal,Fortnightly,2025-05-23
1855,25,Male,1855,Sweater,Clothing,"2,425",$61.00,Kentucky,M,Teal,Spring,3.8,No,Express,No,No,49,Credit Card,Annually,2025-05-06
1856,60,Male,1856,Shirt,Clothing,"2,426",$76.00,Rhode Island,XL,Teal,Spring,4.7,No,Standard,No,No,9,Cash,Annually,2025-04-20
1857,63,Male,1857,Jewelry,Accessories,"2,427",$55.00,Arizona,XL,Beige,Summer,3.2,No,Free Shipping,No,No,30,PayPal,Bi-Weekly,2025-06-28
1858,51,Male,1858,T-shirt,Clothing,"2,428",$85.00,Colorado,L,Maroon,Summer,4,No,Next Day Air,No,No,33,Cash,Monthly,2025-08-27
1859,22,Male,1859,Scarf,Accessories,"2,429",$69.00,Maine,S,Peach,Spring,4.9,No,2-Day Shipping,No,No,8,Debit Card,Annually,2025-03-06
1860,54,Male,1860,Belt,Accessories,"2,431",$26.00,New Jersey,L,Beige,Summer,3.7,No,Store Pickup,No,No,29,Debit Card,Fortnightly,2025-06-13
1861,18,Male,1861,T-shirt,Clothing,"2,432",$64.00,Kansas,M,Silver,Summer,4.8,No,Next Day Air,No,No,4,Credit Card,Monthly,2025-07-15
1862,29,Male,1862,Sneakers,Footwear,"2,433",$60.00,South Dakota,S,Peach,Fall,3.6,No,Standard,No,No,19,Debit Card,Monthly,2025-09-15
1863,59,Male,1863,Gloves,Accessories,"2,434",$36.00,New Hampshire,M,Turquoise,Winter,4.6,No,Express,No,No,10,PayPal,Fortnightly,2025-02-20
1864,25,Male,1864,Sandals,Footwear,"2,435",$21.00,Connecticut,L,Orange,Spring,4.3,No,2-Day Shipping,No,No,39,Debit Card,Monthly,2025-05-07
1865,19,Male,1865,Backpack,Accessories,"2,437",$72.00,Wyoming,S,Cyan,Fall,3.2,No,2-Day Shipping,No,No,21,Venmo,Quarterly,2025-11-28
1866,56,Male,1866,Pants,Clothing,"2,438",$62.00,Missouri,S,Silver,Summer,3.8,No,Store Pickup,No,No,12,Bank Transfer,Monthly,2025-06-02
1867,31,Male,1867,T-shirt,Clothing,"2,439",$44.00,Alaska,XL,Gold,Winter,4.2,No,Standard,No,No,9,Credit Card,Fortnightly,2025-12-12
1868,45,Male,1868,Skirt,Clothing,"2,440",$52.00,Delaware,M,Brown,Fall,3.4,No,2-Day Shipping,No,No,20,Venmo,Quarterly,2025-09-15
1869,23,Male,1869,Gloves,Accessories,"2,441",$58.00,Indiana,M,Silver,Spring,4.7,No,Next Day Air,No,No,44,Cash,Fortnightly,2025-04-19
1870,18,Male,1870,Blouse,Clothing,"2,443",$77.00,West Virginia,S,Beige,Spring,3.9,No,2-Day Shipping,No,No,16,Debit Card,Every 3 Months,2025-03-01
1871,43,Male,1871,Blouse,Clothing,"2,444",$99.00,Wyoming,L,Violet,Spring,4.3,No,Store Pickup,No,No,27,Debit Card,Fortnightly,2025-05-14
1872,56,Male,1872,Jeans,Clothing,"2,445",$96.00,Illinois,XL,Violet,Fall,2.7,No,Standard,No,No,14,Cash,Every 3 Months,2025-11-04
1873,43,Male,1873,T-shirt,Clothing,"2,446",$64.00,Alaska,M,Lavender,Summer,4.6,No,Standard,No,No,24,Credit Card,Monthly,2025-08-24
1874,64,Male,1874,Sweater,Clothing,"2,447",$44.00,Wisconsin,XL,Red,Fall,2.9,No,Express,No,No,49,Bank Transfer,Weekly,2025-10-08
1875,67,Male,1875,Pants,Clothing,"2,449",$33.00,Indiana,L,Purple,Fall,3.6,No,Free Shipping,No,No,14,Cash,Weekly,2025-09-19
1876,63,Male,1876,Boots,Footwear,"2,450",$71.00,Tennessee,M,Brown,Winter,3.9,No,Next Day Air,No,No,6,Credit Card,Quarterly,2025-01-04
1877,54,Male,1877,Skirt,Clothing,"2,451",$36.00,Illinois,M,Gray,Fall,2.6,No,Standard,No,No,20,Venmo,Quarterly,2025-11-19
1878,69,Male,1878,Gloves,Accessories,"2,452",$62.00,Pennsylvania,L,Pink,Fall,3.6,No,Express,No,No,3,Credit Card,Annually,2025-11-11
1879,34,Male,1879,Socks,Clothing,"2,453",$29.00,Oklahoma,L,Magenta,Summer,3.4,No,Store Pickup,No,No,5,Credit Card,Monthly,2025-06-11
1880,56,Male,1880,T-shirt,Clothing,"2,455",$33.00,Tennessee,L,Charcoal,Spring,3.5,No,Express,No,No,46,Cash,Bi-Weekly,2025-03-14
1881,34,Male,1881,Blouse,Clothing,"2,456",$33.00,New Jersey,L,Yellow,Fall,3.1,No,2-Day Shipping,No,No,8,Debit Card,Monthly,2025-10-06
1882,58,Male,1882,Blouse,Clothing,"2,457",$41.00,New Jersey,M,Red,Winter,4.3,No,Standard,No,No,13,Cash,Bi-Weekly,2025-02-19
1883,44,Male,1883,Scarf,Accessories,"2,458",$54.00,Tennessee,L,Blue,Winter,5,No,Store Pickup,No,No,25,Bank Transfer,Quarterly,2025-12-17
1884,25,Male,1884,Backpack,Accessories,"2,459",$58.00,Georgia,M,Cyan,Spring,4.9,No,Store Pickup,No,No,39,Debit Card,Fortnightly,2025-05-12
1885,27,Male,1885,Shorts,Clothing,"2,461",$30.00,Arizona,S,Pink,Summer,4.3,No,Next Day Air,No,No,15,Bank Transfer,Bi-Weekly,2025-06-06
1886,26,Male,1886,Jewelry,Accessories,"2,462",$53.00,Nevada,S,Maroon,Winter,4.4,No,Standard,No,No,35,Cash,Monthly,2025-01-25
1887,18,Male,1887,Gloves,Accessories,"2,463",$91.00,Arkansas,L,Beige,Spring,4.4,No,Next Day Air,No,No,46,Cash,Bi-Weekly,2025-03-28
1888,64,Male,1888,Hoodie,Clothing,"2,464",$44.00,North Dakota,XL,Gold,Fall,3.5,No,Express,No,No,3,PayPal,Monthly,2025-09-05
1889,62,Male,1889,Hoodie,Clothing,"2,465",$89.00,South Dakota,XL,Turquoise,Winter,3.4,No,Free Shipping,No,No,48,Credit Card,Weekly,2025-02-22
1890,59,Male,1890,Skirt,Clothing,"2,467",$57.00,North Carolina,L,Peach,Spring,2.5,No,Next Day Air,No,No,27,Bank Transfer,Weekly,2025-04-27
1891,36,Male,1891,Sunglasses,Accessories,"2,468",$57.00,Hawaii,M,Lavender,Spring,3.4,No,Store Pickup,No,No,5,Credit Card,Weekly,2025-04-20
1892,69,Male,1892,Jewelry,Accessories,"2,469",$74.00,New Hampshire,M,Gray,Summer,2.6,No,Next Day Air,No,No,48,Debit Card,Quarterly,2025-08-11
1893,39,Male,1893,Jacket,Outerwear,"2,470",$30.00,California,M,Blue,Fall,4.6,No,2-Day Shipping,No,No,12,Venmo,Weekly,2025-11-03
1894,28,Male,1894,Dress,Clothing,"2,471",$20.00,Delaware,L,Red,Summer,3.7,No,Express,No,No,10,PayPal,Fortnightly,2025-06-15
1895,42,Male,1895,Hoodie,Clothing,"2,473",$90.00,Arizona,M,Purple,Fall,2.5,No,Free Shipping,No,No,48,Debit Card,Bi-Weekly,2025-09-18
1896,31,Male,1896,Jeans,Clothing,"2,474",$61.00,Washington,L,Indigo,Fall,4.5,No,Express,No,No,3,Debit Card,Monthly,2025-09-04
1897,57,Male,1897,Sandals,Footwear,"2,475",$51.00,Nevada,M,Gold,Fall,2.9,No,Standard,No,No,19,Venmo,Monthly,2025-10-23
1898,53,Male,1898,Sunglasses,Accessories,"2,476",$97.00,Alaska,L,Teal,Winter,2.9,No,Free Shipping,No,No,11,Debit Card,Fortnightly,2025-01-04
1899,59,Male,1899,Pants,Clothing,"2,477",$97.00,Texas,L,Magenta,Fall,3.5,No,Next Day Air,No,No,25,Venmo,Monthly,2025-10-13
1900,32,Male,1900,Shorts,Clothing,"2,479",$40.00,New York,L,Maroon,Winter,4.2,No,Store Pickup,No,No,42,PayPal,Weekly,2025-02-16
1901,65,Male,1901,Jewelry,Accessories,"2,480",$85.00,Iowa,S,Blue,Summer,3.3,No,Free Shipping,No,No,34,Cash,Quarterly,2025-06-20
1902,56,Male,1902,Socks,Clothing,"2,481",$76.00,Arizona,S,Beige,Winter,3.9,No,Store Pickup,No,No,50,Cash,Quarterly,2025-01-13
1903,31,Male,1903,Sandals,Footwear,"2,482",$22.00,New Mexico,S,Olive,Spring,5,No,Store Pickup,No,No,21,Venmo,Monthly,2025-04-27
1904,59,Male,1904,Pants,Clothing,"2,483",$63.00,North Carolina,M,Gold,Summer,3.3,No,Standard,No,No,37,Bank Transfer,Weekly,2025-07-14
1905,22,Male,1905,T-shirt,Clothing,"2,485",$71.00,Nevada,S,Silver,Spring,4.2,No,Free Shipping,No,No,46,Cash,Monthly,2025-03-22
1906,47,Male,1906,Boots,Footwear,"2,486",$35.00,Idaho,M,Teal,Summer,4.9,No,2-Day Shipping,No,No,14,Bank Transfer,Fortnightly,2025-07-26
1907,23,Male,1907,Backpack,Accessories,"2,487",$30.00,Vermont,M,Green,Spring,4.6,No,2-Day Shipping,No,No,24,PayPal,Fortnightly,2025-04-03
1908,69,Male,1908,Skirt,Clothing,"2,488",$74.00,New Mexico,L,Orange,Fall,4.8,No,Store Pickup,No,No,36,Credit Card,Every 3 Months,2025-11-05
1909,18,Male,1909,Scarf,Accessories,"2,489",$71.00,Georgia,XL,Charcoal,Winter,2.7,No,Next Day Air,No,No,19,Debit Card,Bi-Weekly,2025-01-03
1910,50,Male,1910,Sweater,Clothing,"2,491",$84.00,Kentucky,S,Black,Spring,4.3,No,Store Pickup,No,No,12,Credit Card,Monthly,2025-05-21
1911,29,Male,1911,Sandals,Footwear,"2,492",$38.00,New York,S,Yellow,Fall,3.8,No,Express,No,No,13,Debit Card,Quarterly,2025-10-18
1912,65,Male,1912,Jewelry,Accessories,"2,493",$81.00,Arizona,M,Gray,Spring,4.9,No,Express,No,No,32,Debit Card,Bi-Weekly,2025-05-12
1913,29,Male,1913,Sweater,Clothing,"2,494",$56.00,Colorado,S,Charcoal,Winter,3.4,No,2-Day Shipping,No,No,5,Credit Card,Bi-Weekly,2025-02-01
1914,49,Male,1914,Skirt,Clothing,"2,495",$48.00,Kentucky,M,Peach,Winter,3.6,No,Express,No,No,29,Cash,Annually,2025-01-09
1915,28,Male,1915,Shorts,Clothing,"2,497",$97.00,Alaska,L,Green,Fall,3.4,No,Standard,No,No,40,Credit Card,Fortnightly,2025-11-16
1916,51,Male,1916,Backpack,Accessories,"2,498",$74.00,Alabama,M,Magenta,Fall,4.7,No,2-Day Shipping,No,No,44,Cash,Weekly,2025-09-05
1917,26,Male,1917,Hoodie,Clothing,"2,499",$50.00,Connecticut,S,Beige,Winter,3,No,Next Day Air,No,No,3,Debit Card,Bi-Weekly,2025-01-08
1918,38,Male,1918,Skirt,Clothing,"2,500",$71.00,Hawaii,L,Black,Winter,3.4,No,Free Shipping,No,No,35,PayPal,Bi-Weekly,2025-12-25
1919,35,Male,1919,Skirt,Clothing,"2,501",$33.00,Idaho,S,Purple,Summer,4.6,No,Standard,No,No,33,Debit Card,Monthly,2025-08-21
1920,34,Male,1920,Backpack,Accessories,"2,503",$56.00,Virginia,M,Olive,Summer,3.1,No,Express,No,No,20,PayPal,Bi-Weekly,2025-07-10
1921,51,Male,1921,Blouse,Clothing,"2,504",$84.00,Connecticut,M,Purple,Spring,2.8,No,Standard,No,No,40,Cash,Every 3 Months,2025-05-08
1922,47,Male,1922,Shirt,Clothing,"2,505",$36.00,Michigan,M,Green,Fall,3.5,No,Store Pickup,No,No,13,Venmo,Annually,2025-10-08
1923,18,Male,1923,Gloves,Accessories,"2,506",$63.00,Kentucky,S,Peach,Summer,4.6,No,Standard,No,No,9,PayPal,Monthly,2025-08-08
1924,64,Male,1924,Sandals,Footwear,"2,507",$36.00,Nebraska,XL,Blue,Summer,4.3,No,Standard,No,No,7,Cash,Annually,2025-08-06
1925,30,Male,1925,Jacket,Outerwear,"2,509",$63.00,Michigan,M,Gray,Fall,4.8,No,Free Shipping,No,No,42,PayPal,Quarterly,2025-11-02
1926,59,Male,1926,Sneakers,Footwear,"2,510",$32.00,Utah,L,Black,Winter,2.9,No,Express,No,No,44,Credit Card,Fortnightly,2025-01-22
1927,66,Male,1927,Backpack,Accessories,"2,511",$93.00,New Mexico,M,Silver,Spring,3,No,Express,No,No,6,PayPal,Annually,2025-05-03
1928,40,Male,1928,Pants,Clothing,"2,512",$29.00,Florida,M,Pink,Summer,2.9,No,Standard,No,No,8,Cash,Every 3 Months,2025-06-24
1929,25,Male,1929,Sunglasses,Accessories,"2,513",$92.00,Mississippi,S,Lavender,Summer,3.7,No,Standard,No,No,10,PayPal,Weekly,2025-08-13
1930,59,Male,1930,Jeans,Clothing,"2,515",$33.00,Hawaii,L,Brown,Fall,4.7,No,Standard,No,No,46,Venmo,Quarterly,2025-10-20
1931,66,Male,1931,Pants,Clothing,"2,516",$52.00,North Carolina,L,Turquoise,Spring,3.5,No,Store Pickup,No,No,26,Cash,Weekly,2025-03-15
1932,54,Male,1932,Jewelry,Accessories,"2,517",$42.00,Illinois,S,Olive,Spring,2.7,No,Store Pickup,No,No,6,Debit Card,Every 3 Months,2025-05-01
1933,42,Male,1933,Hoodie,Clothing,"2,518",$36.00,Maryland,M,White,Spring,5,No,Free Shipping,No,No,47,Credit Card,Every 3 Months,2025-05-07
1934,48,Male,1934,Sandals,Footwear,"2,519",$67.00,Montana,L,Violet,Summer,4.1,No,Next Day Air,No,No,28,Venmo,Annually,2025-08-01
1935,34,Male,1935,Jacket,Outerwear,"2,521",$43.00,Michigan,L,Gold,Winter,2.7,No,Free Shipping,No,No,23,Bank Transfer,Annually,2025-02-24
1936,19,Male,1936,Blouse,Clothing,"2,522",$68.00,North Carolina,XL,Violet,Spring,4.8,No,Free Shipping,No,No,45,Cash,Fortnightly,2025-04-24
1937,70,Male,1937,Jewelry,Accessories,"2,523",$60.00,Minnesota,S,Teal,Summer,4.3,No,2-Day Shipping,No,No,44,PayPal,Every 3 Months,2025-07-06
1938,43,Male,1938,Socks,Clothing,"2,524",$53.00,Delaware,M,Olive,Summer,4.5,No,2-Day Shipping,No,No,11,Bank Transfer,Monthly,2025-07-08
1939,46,Male,1939,Jeans,Clothing,"2,525",$23.00,Kentucky,L,Blue,Spring,3.8,No,Standard,No,No,39,Debit Card,Bi-Weekly,2025-03-21
1940,66,Male,1940,Gloves,Accessories,"2,527",$57.00,Ohio,L,Magenta,Winter,3.7,No,Store Pickup,No,No,20,PayPal,Every 3 Months,2025-12-18
1941,50,Male,1941,Hat,Accessories,"2,528",$89.00,Alaska,L,Gray,Fall,3.9,No,2-Day Shipping,No,No,48,PayPal,Fortnightly,2025-11-02
1942,55,Male,1942,Shoes,Footwear,"2,529",$99.00,Vermont,XL,Peach,Winter,3.3,No,Standard,No,No,46,Credit Card,Quarterly,2025-02-10
1943,63,Male,1943,Pants,Clothing,"2,530",$28.00,Alabama,M,Cyan,Fall,3.4,No,Express,No,No,22,PayPal,Monthly,2025-09-28
1944,32,Male,1944,Socks,Clothing,"2,531",$53.00,Wisconsin,L,Violet,Summer,3.8,No,Next Day Air,No,No,45,Cash,Annually,2025-07-09
1945,30,Male,1945,Hoodie,Clothing,"2,533",$45.00,Arkansas,M,Gold,Winter,2.7,No,Free Shipping,No,No,49,Cash,Every 3 Months,2025-01-05
1946,35,Male,1946,Hoodie,Clothing,"2,534",$38.00,Georgia,M,Gold,Winter,2.9,No,2-Day Shipping,No,No,9,Credit Card,Every 3 Months,2025-02-02
1947,59,Male,1947,Pants,Clothing,"2,535",$49.00,Louisiana,M,White,Summer,4.5,No,Standard,No,No,41,Credit Card,Quarterly,2025-08-13
1948,59,Male,1948,Shirt,Clothing,"2,536",$32.00,New York,M,Gray,Summer,2.6,No,Store Pickup,No,No,2,PayPal,Monthly,2025-08-04
1949,54,Male,1949,T-shirt,Clothing,"2,537",$37.00,Connecticut,L,Brown,Winter,3.1,No,Next Day Air,No,No,39,PayPal,Bi-Weekly,2025-02-08
1950,63,Male,1950,Dress,Clothing,"2,539",$80.00,Nebraska,L,Gray,Winter,4.7,No,Store Pickup,No,No,12,PayPal,Quarterly,2025-02-02
1951,43,Male,1951,Backpack,Accessories,"2,540",$78.00,Arkansas,L,Blue,Summer,4.6,No,Free Shipping,No,No,26,PayPal,Every 3 Months,2025-08-02
1952,33,Male,1952,Gloves,Accessories,"2,541",$53.00,Connecticut,L,Gold,Summer,2.7,No,Next Day Air,No,No,32,Bank Transfer,Bi-Weekly,2025-08-08
1953,57,Male,1953,Shoes,Footwear,"2,542",$82.00,Maryland,L,Yellow,Summer,4.6,No,2-Day Shipping,No,No,50,Cash,Bi-Weekly,2025-08-03
1954,25,Male,1954,Skirt,Clothing,"2,543",$33.00,Colorado,XL,Green,Spring,4.8,No,Standard,No,No,3,PayPal,Fortnightly,2025-05-15
1955,26,Male,1955,Gloves,Accessories,"2,545",$77.00,Colorado,M,Pink,Winter,4.2,No,Free Shipping,No,No,3,Venmo,Quarterly,2025-12-18
1956,50,Male,1956,Hoodie,Clothing,"2,546",$56.00,Maine,M,Pink,Winter,4.9,No,Express,No,No,37,Cash,Monthly,2025-12-17
1957,70,Male,1957,Socks,Clothing,"2,547",$37.00,Oklahoma,M,Pink,Winter,4.9,No,Express,No,No,20,Credit Card,Fortnightly,2025-02-08
1958,68,Male,1958,Gloves,Accessories,"2,548",$54.00,South Carolina,M,Cyan,Spring,4.5,No,Store Pickup,No,No,26,Cash,Bi-Weekly,2025-04-16
1959,39,Male,1959,Shorts,Clothing,"2,549",$67.00,Nevada,M,Gray,Winter,2.7,No,Store Pickup,No,No,47,Cash,Quarterly,2025-01-08
1960,46,Male,1960,Shoes,Footwear,"2,551",$90.00,Colorado,M,White,Fall,3.1,No,Store Pickup,No,No,7,Credit Card,Every 3 Months,2025-11-17
1961,57,Male,1961,Jeans,Clothing,"2,552",$72.00,Massachusetts,L,Red,Summer,3.3,No,2-Day Shipping,No,No,40,Credit Card,Annually,2025-08-20
1962,47,Male,1962,Boots,Footwear,"2,553",$59.00,Nevada,L,Black,Summer,2.6,No,Free Shipping,No,No,45,Debit Card,Quarterly,2025-08-01
1963,40,Male,1963,Hat,Accessories,"2,554",$45.00,Iowa,M,Silver,Fall,4.4,No,Standard,No,No,20,PayPal,Fortnightly,2025-10-16
1964,52,Male,1964,Shorts,Clothing,"2,555",$30.00,Michigan,L,Pink,Spring,3.9,No,Standard,No,No,11,Credit Card,Weekly,2025-04-03
1965,40,Male,1965,Pants,Clothing,"2,557",$51.00,West Virginia,S,Cyan,Summer,4.6,No,Express,No,No,50,Debit Card,Monthly,2025-07-18
1966,67,Male,1966,Sweater,Clothing,"2,558",$90.00,Indiana,M,White,Fall,4.9,No,Express,No,No,25,Debit Card,Quarterly,2025-10-10
1967,67,Male,1967,Jacket,Outerwear,"2,559",$95.00,Indiana,XL,Purple,Winter,3.7,No,Express,No,No,5,Credit Card,Fortnightly,2025-12-19
1968,37,Male,1968,Dress,Clothing,"2,560",$81.00,Georgia,L,Yellow,Fall,3.7,No,Standard,No,No,4,Venmo,Annually,2025-11-21
1969,67,Male,1969,Shirt,Clothing,"2,561",$70.00,Minnesota,S,Blue,Spring,4.2,No,Standard,No,No,25,Credit Card,Weekly,2025-05-24
1970,64,Male,1970,Dress,Clothing,"2,563",$32.00,Louisiana,S,Cyan,Winter,3.5,No,Next Day Air,No,No,11,Bank Transfer,Fortnightly,2025-01-08
1971,28,Male,1971,Belt,Accessories,"2,564",$94.00,Maryland,M,Indigo,Spring,2.9,No,Next Day Air,No,No,4,Credit Card,Bi-Weekly,2025-04-09
1972,54,Male,1972,Hat,Accessories,"2,565",$29.00,Pennsylvania,XL,Indigo,Spring,3.4,No,Next Day Air,No,No,1,Venmo,Monthly,2025-04-24
1973,54,Male,1973,Backpack,Accessories,"2,566",$31.00,Louisiana,M,Silver,Summer,3.3,No,Express,No,No,48,PayPal,Every 3 Months,2025-08-01
1974,24,Male,1974,Skirt,Clothing,"2,567",$20.00,Maryland,XL,Red,Fall,4.5,No,Standard,No,No,9,Venmo,Every 3 Months,2025-10-14
1975,27,Male,1975,Gloves,Accessories,"2,569",$44.00,Tennessee,M,Peach,Winter,4.6,No,2-Day Shipping,No,No,2,PayPal,Fortnightly,2025-01-15
1976,53,Male,1976,Jacket,Outerwear,"2,570",$77.00,Illinois,L,Turquoise,Fall,2.9,No,Express,No,No,4,Cash,Quarterly,2025-11-28
1977,32,Male,1977,Handbag,Accessories,"2,571",$51.00,Wyoming,M,Pink,Spring,3.2,No,Next Day Air,No,No,43,PayPal,Fortnightly,2025-05-14
1978,24,Male,1978,Sandals,Footwear,"2,572",$49.00,Florida,M,Teal,Summer,2.6,No,Free Shipping,No,No,32,Bank Transfer,Annually,2025-08-23
1979,45,Male,1979,Sunglasses,Accessories,"2,573",$78.00,Massachusetts,L,Magenta,Spring,3.8,No,Store Pickup,No,No,1,Cash,Quarterly,2025-05-11
1980,49,Male,1980,Jeans,Clothing,"2,575",$98.00,Tennessee,L,Blue,Spring,2.8,No,Store Pickup,No,No,38,Debit Card,Fortnightly,2025-05-07
1981,51,Male,1981,Sandals,Footwear,"2,576",$94.00,Iowa,M,Green,Winter,4.4,No,Store Pickup,No,No,25,PayPal,Fortnightly,2025-02-20
1982,69,Male,1982,Shoes,Footwear,"2,577",$91.00,Michigan,L,Violet,Summer,4.7,No,Express,No,No,42,PayPal,Quarterly,2025-06-16
1983,41,Male,1983,Sunglasses,Accessories,"2,578",$77.00,Kansas,M,Turquoise,Summer,2.7,No,2-Day Shipping,No,No,32,PayPal,Monthly,2025-08-24
1984,59,Male,1984,Scarf,Accessories,"2,579",$97.00,Georgia,M,Pink,Summer,2.6,No,Next Day Air,No,No,21,Debit Card,Quarterly,2025-07-25
1985,26,Male,1985,Skirt,Clothing,"2,581",$58.00,West Virginia,M,Black,Summer,3.4,No,2-Day Shipping,No,No,26,PayPal,Fortnightly,2025-06-02
1986,23,Male,1986,Gloves,Accessories,"2,582",$97.00,Tennessee,M,Gold,Spring,3.9,No,2-Day Shipping,No,No,6,Credit Card,Fortnightly,2025-03-22
1987,62,Male,1987,Coat,Outerwear,"2,583",$48.00,Arkansas,L,Green,Summer,3.4,No,2-Day Shipping,No,No,14,Venmo,Quarterly,2025-06-02
1988,69,Male,1988,Belt,Accessories,"2,584",$23.00,Vermont,XL,White,Summer,3.4,No,Express,No,No,4,Cash,Quarterly,2025-08-06
1989,46,Male,1989,Pants,Clothing,"2,585",$79.00,Virginia,M,Gold,Winter,3.9,No,Free Shipping,No,No,26,Bank Transfer,Weekly,2025-12-07
1990,35,Male,1990,Jewelry,Accessories,"2,587",$42.00,Maryland,S,Charcoal,Spring,4,No,Express,No,No,39,PayPal,Bi-Weekly,2025-04-08
1991,32,Male,1991,Backpack,Accessories,"2,588",$95.00,Connecticut,L,White,Spring,3.4,No,2-Day Shipping,No,No,15,PayPal,Annually,2025-03-13
1992,46,Male,1992,Sneakers,Footwear,"2,589",$29.00,Missouri,M,Brown,Summer,3.7,No,Next Day Air,No,No,1,Venmo,Every 3 Months,2025-06-06
1993,33,Male,1993,Hoodie,Clothing,"2,590",$98.00,New Jersey,L,Gold,Winter,4.9,No,2-Day Shipping,No,No,28,Venmo,Monthly,2025-12-15
1994,32,Male,1994,Blouse,Clothing,"2,591",$96.00,Arkansas,S,Purple,Spring,5,No,Express,No,No,17,Cash,Weekly,2025-05-26
1995,33,Male,1995,Sunglasses,Accessories,"2,593",$66.00,Nevada,M,Brown,Fall,2.9,No,Next Day Air,No,No,24,Credit Card,Weekly,2025-09-12
1996,67,Male,1996,Boots,Footwear,"2,594",$80.00,Missouri,S,Teal,Spring,3,No,Standard,No,No,29,Debit Card,Quarterly,2025-05-04
1997,67,Male,1997,Sneakers,Footwear,"2,595",$27.00,South Dakota,L,Indigo,Summer,3.3,No,Next Day Air,No,No,18,Cash,Every 3 Months,2025-08-18
1998,42,Male,1998,Backpack,Accessories,"2,596",$25.00,Connecticut,M,Purple,Fall,4.7,No,Express,No,No,10,Debit Card,Bi-Weekly,2025-10-10
1999,20,Male,1999,Pants,Clothing,"2,597",$45.00,Vermont,M,Orange,Fall,3.4,No,2-Day Shipping,No,No,19,Cash,Quarterly,2025-10-27
2000,39,Male,2000,Socks,Clothing,"2,599",$89.00,Tennessee,L,Indigo,Winter,4.6,No,2-Day Shipping,No,No,26,Debit Card,Monthly,2025-12-16
2001,26,Male,2001,Belt,Accessories,"2,600",$27.00,California,M,Lavender,Winter,3.6,No,2-Day Shipping,No,No,25,Cash,Bi-Weekly,2025-12-19
2002,51,Male,2002,Sunglasses,Accessories,"2,601",$90.00,Wyoming,S,Purple,Winter,2.6,No,Free Shipping,No,No,2,Debit Card,Fortnightly,2025-12-23
2003,31,Male,2003,Shirt,Clothing,"2,602",$65.00,New York,M,Red,Summer,2.7,No,Express,No,No,19,PayPal,Every 3 Months,2025-06-18
2004,68,Male,2004,Sneakers,Footwear,"2,603",$72.00,Maine,S,Blue,Spring,3.1,No,Express,No,No,32,Cash,Quarterly,2025-05-01
2005,44,Male,2005,Shoes,Footwear,"2,605",$70.00,Georgia,L,Blue,Fall,3.2,No,2-Day Shipping,No,No,13,Cash,Bi-Weekly,2025-10-05
2006,18,Male,2006,Sandals,Footwear,"2,606",$82.00,Tennessee,M,Cyan,Winter,3.4,No,Store Pickup,No,No,30,PayPal,Fortnightly,2025-02-24
2007,58,Male,2007,Scarf,Accessories,"2,607",$97.00,New Mexico,S,Pink,Fall,4.4,No,Express,No,No,2,Credit Card,Annually,2025-09-09
2008,26,Male,2008,Shirt,Clothing,"2,608",$25.00,Virginia,M,Silver,Summer,3.2,No,2-Day Shipping,No,No,8,PayPal,Quarterly,2025-07-05
2009,57,Male,2009,Skirt,Clothing,"2,609",$48.00,Florida,M,Gray,Spring,2.5,No,Free Shipping,No,No,27,PayPal,Every 3 Months,2025-03-02
2010,37,Male,2010,Boots,Footwear,"2,611",$99.00,Alabama,M,Indigo,Summer,3.8,No,Next Day Air,No,No,26,Venmo,Bi-Weekly,2025-07-02
2011,24,Male,2011,Sweater,Clothing,"2,612",$21.00,Texas,M,Maroon,Summer,4.4,No,2-Day Shipping,No,No,3,Debit Card,Bi-Weekly,2025-08-18
2012,57,Male,2012,Sandals,Footwear,"2,613",$94.00,West Virginia,M,Beige,Spring,3.7,No,Express,No,No,4,Bank Transfer,Monthly,2025-04-06
2013,48,Male,2013,Jeans,Clothing,"2,614",$53.00,Nevada,L,Green,Fall,3.2,No,Store Pickup,No,No,5,Cash,Fortnightly,2025-11-22
2014,39,Male,2014,Backpack,Accessories,"2,615",$70.00,Virginia,M,Peach,Winter,4.9,No,Standard,No,No,25,Debit Card,Quarterly,2025-12-23
2015,51,Male,2015,Skirt,Clothing,"2,617",$26.00,Wisconsin,L,Black,Summer,3.9,No,Standard,No,No,47,PayPal,Bi-Weekly,2025-07-06
2016,57,Male,2016,Belt,Accessories,"2,618",$82.00,Virginia,S,Pink,Summer,4.5,No,Next Day Air,No,No,8,Credit Card,Fortnightly,2025-07-16
2017,53,Male,2017,Shoes,Footwear,"2,619",$47.00,Maine,S,Violet,Winter,3.4,No,Standard,No,No,20,Debit Card,Fortnightly,2025-02-04
2018,70,Male,2018,Socks,Clothing,"2,620",$32.00,Massachusetts,S,Green,Winter,4.1,No,Next Day Air,No,No,42,Bank Transfer,Every 3 Months,2025-01-05
2019,60,Male,2019,Backpack,Accessories,"2,621",$97.00,Arkansas,S,Gold,Fall,4.5,No,Store Pickup,No,No,20,Bank Transfer,Weekly,2025-11-28
2020,31,Male,2020,Shirt,Clothing,"2,623",$68.00,Idaho,S,Red,Winter,4.7,No,Store Pickup,No,No,23,Cash,Fortnightly,2025-12-08
2021,41,Male,2021,Sweater,Clothing,"2,624",$23.00,Pennsylvania,M,Beige,Winter,4.8,No,Next Day Air,No,No,26,Cash,Quarterly,2025-02-26
2022,62,Male,2022,Handbag,Accessories,"2,625",$33.00,Maine,M,Green,Winter,4.4,No,Standard,No,No,48,Venmo,Quarterly,2025-01-13
2023,59,Male,2023,Jewelry,Accessories,"2,626",$38.00,Alabama,S,Black,Winter,4,No,Store Pickup,No,No,16,Cash,Bi-Weekly,2025-01-04
2024,46,Male,2024,Socks,Clothing,"2,627",$68.00,Idaho,S,Teal,Winter,4.1,No,Store Pickup,No,No,28,Cash,Bi-Weekly,2025-02-08
2025,62,Male,2025,Socks,Clothing,"2,629",$23.00,Arkansas,L,Silver,Fall,3.7,No,Express,No,No,39,PayPal,Weekly,2025-09-03
2026,42,Male,2026,Shirt,Clothing,"2,630",$29.00,Delaware,M,Turquoise,Summer,3,No,Express,No,No,43,Debit Card,Fortnightly,2025-08-17
2027,37,Male,2027,Scarf,Accessories,"2,631",$35.00,Maine,M,Orange,Winter,3.6,No,Express,No,No,45,Bank Transfer,Every 3 Months,2025-01-27
2028,50,Male,2028,Shoes,Footwear,"2,632",$73.00,Nebraska,S,Gold,Fall,4.8,No,Standard,No,No,50,Credit Card,Every 3 Months,2025-09-23
2029,29,Male,2029,Shoes,Footwear,"2,633",$84.00,Ohio,XL,Purple,Fall,3.7,No,2-Day Shipping,No,No,10,Venmo,Bi-Weekly,2025-11-03
2030,25,Male,2030,Scarf,Accessories,"2,635",$23.00,Montana,M,Pink,Spring,4.6,No,Next Day Air,No,No,40,PayPal,Quarterly,2025-04-20
2031,66,Male,2031,Sunglasses,Accessories,"2,636",$67.00,New Mexico,S,Green,Summer,2.8,No,Standard,No,No,38,Credit Card,Monthly,2025-07-17
2032,21,Male,2032,Socks,Clothing,"2,637",$51.00,North Carolina,L,Charcoal,Spring,4,No,Standard,No,No,2,Credit Card,Monthly,2025-05-22
2033,46,Male,2033,Blouse,Clothing,"2,638",$36.00,South Carolina,M,Maroon,Winter,4.2,No,Next Day Air,No,No,13,Cash,Annually,2025-02-13
2034,57,Male,2034,Jeans,Clothing,"2,639",$55.00,Illinois,L,Olive,Summer,3.6,No,Express,No,No,33,Venmo,Annually,2025-06-01
2035,61,Male,2035,Shorts,Clothing,"2,641",$30.00,Alabama,M,Peach,Spring,2.9,No,Store Pickup,No,No,27,PayPal,Monthly,2025-03-21
2036,53,Male,2036,T-shirt,Clothing,"2,642",$70.00,Oklahoma,S,Yellow,Summer,4.1,No,Express,No,No,43,Bank Transfer,Weekly,2025-06-15
2037,37,Male,2037,Blouse,Clothing,"2,643",$63.00,Minnesota,S,Lavender,Winter,3.1,No,Next Day Air,No,No,46,Cash,Weekly,2025-01-24
2038,39,Male,2038,Belt,Accessories,"2,644",$87.00,Illinois,S,Green,Summer,4.3,No,Express,No,No,7,Venmo,Bi-Weekly,2025-06-08
2039,53,Male,2039,Blouse,Clothing,"2,645",$70.00,Arkansas,L,Orange,Spring,4.4,No,Next Day Air,No,No,35,Credit Card,Fortnightly,2025-03-19
2040,35,Male,2040,T-shirt,Clothing,"2,647",$51.00,Minnesota,M,Olive,Spring,3.1,No,Next Day Air,No,No,31,Debit Card,Bi-Weekly,2025-04-16
2041,69,Male,2041,Jewelry,Accessories,"2,648",$25.00,South Carolina,XL,Gray,Spring,2.9,No,Free Shipping,No,No,42,Venmo,Quarterly,2025-04-08
2042,66,Male,2042,Jacket,Outerwear,"2,649",$32.00,New York,S,Lavender,Winter,3.2,No,Next Day Air,No,No,14,PayPal,Bi-Weekly,2025-12-10
2043,19,Male,2043,Shoes,Footwear,"2,650",$52.00,Alabama,M,Red,Spring,4,No,2-Day Shipping,No,No,35,Venmo,Monthly,2025-05-17
2044,47,Male,2044,Gloves,Accessories,"2,651",$33.00,New York,M,Charcoal,Summer,2.7,No,Standard,No,No,49,PayPal,Weekly,2025-06-16
2045,49,Male,2045,Jeans,Clothing,"2,653",$68.00,Missouri,L,Orange,Spring,3,No,Free Shipping,No,No,17,PayPal,Fortnightly,2025-05-04
2046,31,Male,2046,Jewelry,Accessories,"2,654",$20.00,Georgia,M,Red,Fall,4.4,No,Express,No,No,26,PayPal,Quarterly,2025-10-08
2047,39,Male,2047,Pants,Clothing,"2,655",$32.00,Oklahoma,M,Maroon,Winter,2.8,No,Free Shipping,No,No,30,Cash,Every 3 Months,2025-12-20
2048,58,Male,2048,Jewelry,Accessories,"2,656",$82.00,Connecticut,M,Silver,Summer,3.1,No,Store Pickup,No,No,32,Cash,Annually,2025-08-09
2049,45,Male,2049,Sneakers,Footwear,"2,657",$64.00,Michigan,XL,Pink,Winter,3.9,No,Express,No,No,35,Bank Transfer,Quarterly,2025-01-18
2050,68,Male,2050,Boots,Footwear,"2,659",$24.00,Rhode Island,L,Blue,Fall,2.7,No,Standard,No,No,15,Venmo,Annually,2025-10-01
2051,35,Male,2051,Hat,Accessories,"2,660",$96.00,Mississippi,M,Teal,Summer,3.4,No,Store Pickup,No,No,10,Debit Card,Annually,2025-07-28
2052,65,Male,2052,T-shirt,Clothing,"2,661",$94.00,Massachusetts,L,Black,Spring,3.8,No,Free Shipping,No,No,14,Credit Card,Monthly,2025-05-18
2053,45,Male,2053,Backpack,Accessories,"2,662",$48.00,New Hampshire,M,Gray,Winter,3.7,No,2-Day Shipping,No,No,30,Bank Transfer,Annually,2025-01-02
2054,19,Male,2054,Sunglasses,Accessories,"2,663",$60.00,Wyoming,S,Purple,Spring,4.5,No,2-Day Shipping,No,No,16,Credit Card,Fortnightly,2025-04-02
2055,65,Male,2055,Sweater,Clothing,"2,665",$56.00,New Jersey,XL,Gold,Spring,2.9,No,Express,No,No,14,PayPal,Annually,2025-04-23
2056,28,Male,2056,Handbag,Accessories,"2,666",$33.00,Texas,M,Silver,Fall,3.4,No,2-Day Shipping,No,No,28,Bank Transfer,Weekly,2025-09-09
2057,55,Male,2057,Backpack,Accessories,"2,667",$46.00,Minnesota,L,Blue,Spring,4.4,No,2-Day Shipping,No,No,29,PayPal,Monthly,2025-05-14
2058,66,Male,2058,Socks,Clothing,"2,668",$37.00,South Dakota,L,Yellow,Spring,4.2,No,Standard,No,No,5,PayPal,Every 3 Months,2025-04-06
2059,29,Male,2059,Shirt,Clothing,"2,669",$98.00,Washington,M,Brown,Winter,3.3,No,Store Pickup,No,No,17,Bank Transfer,Quarterly,2025-02-25
2060,56,Male,2060,Shorts,Clothing,"2,671",$50.00,California,XL,Beige,Spring,3.7,No,Express,No,No,50,PayPal,Weekly,2025-04-20
2061,21,Male,2061,Belt,Accessories,"2,672",$63.00,Wisconsin,M,Blue,Fall,3.2,No,Next Day Air,No,No,23,Bank Transfer,Quarterly,2025-09-15
2062,32,Male,2062,Sweater,Clothing,"2,673",$70.00,Michigan,S,Magenta,Summer,2.6,No,Store Pickup,No,No,22,Debit Card,Annually,2025-08-11
2063,54,Male,2063,Coat,Outerwear,"2,674",$63.00,South Carolina,L,Silver,Fall,2.8,No,Standard,No,No,15,Cash,Quarterly,2025-10-25
2064,61,Male,2064,Shorts,Clothing,"2,675",$86.00,Indiana,M,Cyan,Fall,2.9,No,Standard,No,No,32,Cash,Monthly,2025-11-22
2065,31,Male,2065,Shoes,Footwear,"2,677",$99.00,Arkansas,M,Green,Summer,4,No,2-Day Shipping,No,No,5,Bank Transfer,Monthly,2025-08-08
2066,27,Male,2066,Sneakers,Footwear,"2,678",$40.00,Oregon,M,Blue,Spring,2.9,No,Free Shipping,No,No,6,Bank Transfer,Bi-Weekly,2025-03-18
2067,64,Male,2067,Sneakers,Footwear,"2,679",$92.00,Illinois,M,Olive,Fall,4.7,No,Store Pickup,No,No,44,Debit Card,Fortnightly,2025-10-10
2068,60,Male,2068,Pants,Clothing,"2,680",$21.00,Maryland,XL,Beige,Fall,3.1,No,2-Day Shipping,No,No,23,Cash,Fortnightly,2025-09-22
2069,70,Male,2069,Jewelry,Accessories,"2,681",$81.00,Vermont,XL,Black,Summer,3.9,No,Store Pickup,No,No,44,Venmo,Monthly,2025-06-16
2070,36,Male,2070,T-shirt,Clothing,"2,683",$82.00,Texas,M,Indigo,Fall,3.4,No,Free Shipping,No,No,3,Debit Card,Quarterly,2025-11-13
2071,56,Male,2071,Jewelry,Accessories,"2,684",$88.00,Nebraska,XL,Red,Spring,3.1,No,Express,No,No,14,Cash,Monthly,2025-04-16
2072,69,Male,2072,Jacket,Outerwear,"2,685",$100.00,South Carolina,S,Yellow,Fall,4.8,No,Store Pickup,No,No,37,PayPal,Quarterly,2025-11-19
2073,39,Male,2073,Backpack,Accessories,"2,686",$66.00,Massachusetts,M,Beige,Winter,3.9,No,Next Day Air,No,No,22,Bank Transfer,Weekly,2025-02-18
2074,38,Male,2074,Belt,Accessories,"2,687",$25.00,Texas,S,Green,Winter,3.5,No,Next Day Air,No,No,2,PayPal,Every 3 Months,2025-02-08
2075,36,Male,2075,Scarf,Accessories,"2,689",$53.00,Florida,M,White,Summer,3.1,No,Free Shipping,No,No,44,Debit Card,Fortnightly,2025-08-08
2076,46,Male,2076,Sweater,Clothing,"2,690",$28.00,South Carolina,S,Turquoise,Fall,4.7,No,Express,No,No,49,Debit Card,Monthly,2025-11-18
2077,59,Male,2077,Gloves,Accessories,"2,691",$23.00,Florida,S,Indigo,Fall,4.6,No,Free Shipping,No,No,22,Debit Card,Bi-Weekly,2025-10-21
2078,64,Male,2078,Scarf,Accessories,"2,692",$34.00,Nebraska,L,Orange,Fall,3.3,No,Free Shipping,No,No,26,Bank Transfer,Annually,2025-11-23
2079,49,Male,2079,Dress,Clothing,"2,693",$42.00,Hawaii,M,Blue,Spring,3.2,No,Next Day Air,No,No,40,Debit Card,Weekly,2025-03-05
2080,32,Male,2080,Jeans,Clothing,"2,695",$24.00,Montana,L,Violet,Summer,3.1,No,Next Day Air,No,No,16,PayPal,Quarterly,2025-08-17
2081,29,Male,2081,Sunglasses,Accessories,"2,696",$47.00,South Dakota,S,Gray,Fall,3.5,No,Free Shipping,No,No,17,Debit Card,Bi-Weekly,2025-11-24
2082,24,Male,2082,Coat,Outerwear,"2,697",$78.00,Alabama,S,Cyan,Spring,4.3,No,Standard,No,No,48,Bank Transfer,Bi-Weekly,2025-03-09
2083,41,Male,2083,Jeans,Clothing,"2,698",$89.00,Arkansas,M,Yellow,Summer,2.9,No,Free Shipping,No,No,28,Venmo,Every 3 Months,2025-06-18
2084,41,Male,2084,Scarf,Accessories,"2,699",$59.00,Mississippi,L,Orange,Fall,2.7,No,Store Pickup,No,No,26,Credit Card,Fortnightly,2025-11-25
2085,32,Male,2085,Blouse,Clothing,"2,701",$94.00,Vermont,S,Brown,Summer,4,No,Standard,No,No,43,Bank Transfer,Quarterly,2025-07-11
2086,69,Male,2086,Jeans,Clothing,"2,702",$49.00,New York,M,Teal,Fall,4.6,No,Free Shipping,No,No,38,Debit Card,Weekly,2025-09-15
2087,65,Male,2087,Dress,Clothing,"2,703",$89.00,North Dakota,L,Beige,Summer,4.7,No,2-Day Shipping,No,No,36,Cash,Every 3 Months,2025-06-27
2088,54,Male,2088,Hat,Accessories,"2,704",$91.00,Wisconsin,M,Blue,Summer,4.7,No,Standard,No,No,1,Credit Card,Weekly,2025-07-25
2089,39,Male,2089,Sandals,Footwear,"2,705",$89.00,California,L,Orange,Spring,4,No,Standard,No,No,49,Debit Card,Annually,2025-04-07
2090,37,Male,2090,Jacket,Outerwear,"2,707",$57.00,Maryland,L,Gold,Spring,3.6,No,Free Shipping,No,No,41,Credit Card,Every 3 Months,2025-05-15
2091,51,Male,2091,Socks,Clothing,"2,708",$71.00,Massachusetts,S,Teal,Winter,3.4,No,Free Shipping,No,No,21,Debit Card,Monthly,2025-12-16
2092,26,Male,2092,Jeans,Clothing,"2,709",$97.00,Washington,XL,Beige,Fall,3,No,Next Day Air,No,No,24,Bank Transfer,Quarterly,2025-09-06
2093,42,Male,2093,Sandals,Footwear,"2,710",$45.00,Minnesota,M,Silver,Fall,2.6,No,Next Day Air,No,No,27,Bank Transfer,Weekly,2025-11-14
2094,21,Male,2094,Dress,Clothing,"2,711",$91.00,Washington,M,Maroon,Spring,4.2,No,Store Pickup,No,No,4,Debit Card,Annually,2025-05-25
2095,53,Male,2095,Socks,Clothing,"2,713",$25.00,South Carolina,M,Indigo,Spring,3.4,No,Standard,No,No,19,Venmo,Annually,2025-04-08
2096,36,Male,2096,Hoodie,Clothing,"2,714",$63.00,New Mexico,M,Gray,Fall,4,No,Store Pickup,No,No,1,Bank Transfer,Fortnightly,2025-10-21
2097,21,Male,2097,Dress,Clothing,"2,715",$52.00,North Carolina,L,Blue,Summer,4.7,No,Free Shipping,No,No,27,Debit Card,Annually,2025-08-09
2098,33,Male,2098,Sneakers,Footwear,"2,716",$43.00,Iowa,S,Cyan,Winter,3.9,No,Next Day Air,No,No,5,Credit Card,Weekly,2025-01-25
2099,49,Male,2099,T-shirt,Clothing,"2,717",$28.00,Louisiana,M,White,Summer,3.3,No,2-Day Shipping,No,No,20,Venmo,Quarterly,2025-08-20
2100,31,Male,2100,T-shirt,Clothing,"2,719",$78.00,Oklahoma,L,Green,Summer,2.9,No,Express,No,No,50,PayPal,Annually,2025-07-21
2101,68,Male,2101,Sweater,Clothing,"2,720",$31.00,Michigan,M,Silver,Spring,4.4,No,Free Shipping,No,No,36,Cash,Fortnightly,2025-05-12
2102,49,Male,2102,Shirt,Clothing,"2,721",$23.00,Oregon,M,Blue,Winter,3.6,No,Next Day Air,No,No,12,Bank Transfer,Bi-Weekly,2025-02-25
2103,23,Male,2103,Hat,Accessories,"2,722",$25.00,Idaho,M,Brown,Spring,4.5,No,Store Pickup,No,No,23,Cash,Monthly,2025-04-09
2104,30,Male,2104,Pants,Clothing,"2,723",$86.00,Indiana,S,Red,Summer,3.7,No,Store Pickup,No,No,21,Venmo,Weekly,2025-06-07
2105,53,Male,2105,Shoes,Footwear,"2,725",$88.00,New Mexico,M,Gold,Spring,2.8,No,Free Shipping,No,No,47,Venmo,Weekly,2025-04-18
2106,65,Male,2106,Gloves,Accessories,"2,726",$35.00,South Carolina,M,Silver,Spring,4.5,No,Free Shipping,No,No,38,Venmo,Bi-Weekly,2025-04-25
2107,60,Male,2107,Jewelry,Accessories,"2,727",$34.00,Vermont,M,Gray,Fall,4.4,No,Standard,No,No,40,Credit Card,Every 3 Months,2025-10-21
2108,46,Male,2108,Pants,Clothing,"2,728",$75.00,Delaware,M,Black,Winter,3.3,No,Standard,No,No,35,PayPal,Quarterly,2025-01-11
2109,54,Male,2109,Hoodie,Clothing,"2,729",$46.00,North Dakota,XL,Beige,Winter,4.2,No,Express,No,No,4,Credit Card,Quarterly,2025-12-10
2110,59,Male,2110,Jewelry,Accessories,"2,731",$31.00,California,L,Peach,Fall,2.7,No,Free Shipping,No,No,28,Venmo,Every 3 Months,2025-11-25
2111,52,Male,2111,Socks,Clothing,"2,732",$93.00,Montana,L,Cyan,Spring,3.9,No,Store Pickup,No,No,36,Debit Card,Every 3 Months,2025-03-27
2112,41,Male,2112,Sunglasses,Accessories,"2,733",$85.00,Missouri,XL,Pink,Spring,2.6,No,Free Shipping,No,No,15,Bank Transfer,Annually,2025-04-02
2113,43,Male,2113,Belt,Accessories,"2,734",$68.00,Tennessee,M,Lavender,Fall,4.5,No,2-Day Shipping,No,No,7,Cash,Fortnightly,2025-10-28
2114,63,Male,2114,Dress,Clothing,"2,735",$40.00,Virginia,M,Brown,Spring,2.7,No,Store Pickup,No,No,29,PayPal,Every 3 Months,2025-05-19
2115,37,Male,2115,Shirt,Clothing,"2,737",$51.00,Vermont,M,Magenta,Winter,2.9,No,Standard,No,No,12,Debit Card,Annually,2025-02-06
2116,44,Male,2116,Scarf,Accessories,"2,738",$85.00,Rhode Island,M,Violet,Winter,3.4,No,Store Pickup,No,No,16,Bank Transfer,Bi-Weekly,2025-01-15
2117,67,Male,2117,Jacket,Outerwear,"2,739",$23.00,Kansas,M,Teal,Summer,2.9,No,Express,No,No,50,Debit Card,Bi-Weekly,2025-07-26
2118,27,Male,2118,Dress,Clothing,"2,740",$28.00,Colorado,L,Brown,Summer,3.8,No,Free Shipping,No,No,11,Debit Card,Annually,2025-07-06
2119,60,Male,2119,Socks,Clothing,"2,741",$44.00,Georgia,M,Olive,Fall,4.2,No,2-Day Shipping,No,No,28,Debit Card,Quarterly,2025-11-26
2120,58,Male,2120,Jewelry,Accessories,"2,743",$57.00,Nebraska,M,Indigo,Spring,3.5,No,Store Pickup,No,No,36,Venmo,Bi-Weekly,2025-04-19
2121,53,Male,2121,Scarf,Accessories,"2,744",$98.00,Missouri,S,Red,Fall,3.1,No,Next Day Air,No,No,38,PayPal,Quarterly,2025-10-19
2122,43,Male,2122,Backpack,Accessories,"2,745",$68.00,Alaska,M,Olive,Winter,3.5,No,2-Day Shipping,No,No,32,Bank Transfer,Monthly,2025-01-08
2123,32,Male,2123,Jacket,Outerwear,"2,746",$36.00,Virginia,L,Teal,Fall,4,No,Express,No,No,42,Debit Card,Weekly,2025-11-09
2124,54,Male,2124,Coat,Outerwear,"2,747",$71.00,Nebraska,L,Cyan,Spring,3.7,No,Express,No,No,22,Debit Card,Bi-Weekly,2025-05-11
2125,47,Male,2125,Skirt,Clothing,"2,749",$60.00,Rhode Island,M,Teal,Fall,4.2,No,Next Day Air,No,No,22,Venmo,Quarterly,2025-10-06
2126,57,Male,2126,Coat,Outerwear,"2,750",$87.00,New Hampshire,M,Beige,Fall,4.8,No,Store Pickup,No,No,31,PayPal,Quarterly,2025-11-28
2127,63,Male,2127,Shoes,Footwear,"2,751",$38.00,Alabama,XL,Magenta,Winter,4.1,No,Express,No,No,28,Credit Card,Monthly,2025-12-11
2128,70,Male,2128,Boots,Footwear,"2,752",$45.00,North Carolina,M,Indigo,Spring,4.5,No,2-Day Shipping,No,No,40,Debit Card,Weekly,2025-04-18
2129,62,Male,2129,Coat,Outerwear,"2,753",$47.00,New Mexico,L,Cyan,Fall,2.7,No,2-Day Shipping,No,No,21,PayPal,Weekly,2025-11-09
2130,40,Male,2130,Skirt,Clothing,"2,755",$57.00,Minnesota,L,Orange,Fall,2.8,No,Store Pickup,No,No,12,PayPal,Every 3 Months,2025-09-17
2131,25,Male,2131,Backpack,Accessories,"2,756",$68.00,Arizona,L,Violet,Summer,3.7,No,Free Shipping,No,No,33,Credit Card,Annually,2025-07-16
2132,19,Male,2132,Shorts,Clothing,"2,757",$52.00,Montana,M,Red,Fall,3.6,No,Express,No,No,9,Bank Transfer,Fortnightly,2025-09-20
2133,25,Male,2133,Skirt,Clothing,"2,758",$87.00,Vermont,M,Magenta,Fall,4.7,No,2-Day Shipping,No,No,15,Debit Card,Weekly,2025-11-18
2134,21,Male,2134,Hat,Accessories,"2,759",$34.00,Maine,M,Olive,Summer,3.8,No,Standard,No,No,13,Bank Transfer,Annually,2025-06-01
2135,55,Male,2135,Sandals,Footwear,"2,761",$41.00,Virginia,XL,Maroon,Winter,2.9,No,Standard,No,No,35,Credit Card,Fortnightly,2025-01-25
2136,34,Male,2136,Sunglasses,Accessories,"2,762",$94.00,California,S,Yellow,Winter,4.6,No,Next Day Air,No,No,1,Debit Card,Every 3 Months,2025-01-25
2137,47,Male,2137,Sunglasses,Accessories,"2,763",$93.00,New York,M,Red,Summer,2.8,No,Standard,No,No,25,Bank Transfer,Fortnightly,2025-08-05
2138,27,Male,2138,Socks,Clothing,"2,764",$51.00,Indiana,XL,Purple,Winter,4.6,No,2-Day Shipping,No,No,20,Credit Card,Every 3 Months,2025-02-10
2139,67,Male,2139,Sweater,Clothing,"2,765",$42.00,Mississippi,M,Teal,Fall,2.8,No,Next Day Air,No,No,36,Venmo,Quarterly,2025-09-07
2140,40,Male,2140,Boots,Footwear,"2,767",$95.00,New York,M,Red,Winter,3,No,Free Shipping,No,No,33,Cash,Weekly,2025-12-26
2141,53,Male,2141,Handbag,Accessories,"2,768",$90.00,New Mexico,M,Brown,Fall,3.7,No,Standard,No,No,36,Cash,Fortnightly,2025-10-24
2142,24,Male,2142,Dress,Clothing,"2,769",$98.00,Kentucky,M,Peach,Winter,4.1,No,2-Day Shipping,No,No,32,PayPal,Annually,2025-02-27
2143,47,Male,2143,Hat,Accessories,"2,770",$39.00,North Dakota,M,Maroon,Winter,4.3,No,Next Day Air,No,No,21,Venmo,Quarterly,2025-12-20
2144,53,Male,2144,Sandals,Footwear,"2,771",$66.00,Arkansas,L,Red,Fall,3.8,No,Next Day Air,No,No,48,Venmo,Bi-Weekly,2025-10-17
2145,47,Male,2145,Shoes,Footwear,"2,773",$23.00,Maryland,L,Orange,Winter,3.7,No,Free Shipping,No,No,25,PayPal,Quarterly,2025-01-16
2146,38,Male,2146,Skirt,Clothing,"2,774",$73.00,Connecticut,S,White,Winter,4.8,No,Standard,No,No,32,PayPal,Annually,2025-02-15
2147,48,Male,2147,Sunglasses,Accessories,"2,775",$23.00,Utah,XL,White,Summer,4.6,No,Standard,No,No,45,PayPal,Every 3 Months,2025-06-18
2148,47,Male,2148,Skirt,Clothing,"2,776",$43.00,Missouri,S,Charcoal,Fall,4.8,No,Standard,No,No,4,Cash,Fortnightly,2025-10-10
2149,19,Male,2149,T-shirt,Clothing,"2,777",$45.00,Nebraska,XL,Turquoise,Winter,4.6,No,2-Day Shipping,No,No,19,PayPal,Bi-Weekly,2025-12-08
2150,38,Male,2150,Sandals,Footwear,"2,779",$21.00,Hawaii,L,Orange,Winter,4,No,Standard,No,No,1,Bank Transfer,Weekly,2025-01-07
2151,57,Male,2151,Shirt,Clothing,"2,780",$40.00,Illinois,M,Orange,Spring,2.6,No,2-Day Shipping,No,No,12,Cash,Weekly,2025-04-21
2152,70,Male,2152,Jeans,Clothing,"2,781",$58.00,Vermont,L,Brown,Fall,2.6,No,2-Day Shipping,No,No,18,Venmo,Monthly,2025-11-15
2153,38,Male,2153,Shorts,Clothing,"2,782",$48.00,New Jersey,L,Magenta,Summer,4.5,No,Next Day Air,No,No,43,Bank Transfer,Bi-Weekly,2025-08-05
2154,35,Male,2154,Shirt,Clothing,"2,783",$94.00,Kentucky,M,Violet,Fall,4.2,No,Free Shipping,No,No,31,PayPal,Annually,2025-11-07
2155,46,Male,2155,Scarf,Accessories,"2,785",$74.00,Wyoming,M,Violet,Spring,3.4,No,Store Pickup,No,No,33,Cash,Every 3 Months,2025-04-05
2156,32,Male,2156,Handbag,Accessories,"2,786",$51.00,Hawaii,L,Yellow,Fall,3.7,No,Store Pickup,No,No,46,PayPal,Monthly,2025-11-07
2157,38,Male,2157,Skirt,Clothing,"2,787",$83.00,Missouri,M,Maroon,Winter,3.6,No,Next Day Air,No,No,41,Debit Card,Bi-Weekly,2025-01-20
2158,41,Male,2158,Handbag,Accessories,"2,788",$68.00,Mississippi,L,Turquoise,Winter,4,No,Next Day Air,No,No,41,Venmo,Fortnightly,2025-12-06
2159,19,Male,2159,Gloves,Accessories,"2,789",$84.00,Massachusetts,XL,Olive,Spring,4.6,No,Standard,No,No,9,Bank Transfer,Fortnightly,2025-03-24
2160,18,Male,2160,Shirt,Clothing,"2,791",$58.00,Louisiana,M,Peach,Fall,3,No,Free Shipping,No,No,34,Cash,Annually,2025-11-24
2161,45,Male,2161,Blouse,Clothing,"2,792",$92.00,West Virginia,L,Charcoal,Winter,3.3,No,Express,No,No,21,PayPal,Annually,2025-01-04
2162,23,Male,2162,Dress,Clothing,"2,793",$69.00,Washington,S,Peach,Summer,3.8,No,Express,No,No,5,Debit Card,Fortnightly,2025-07-20
2163,60,Male,2163,Shorts,Clothing,"2,794",$48.00,Oregon,S,Black,Summer,2.7,No,Free Shipping,No,No,32,PayPal,Weekly,2025-06-01
2164,52,Male,2164,Shoes,Footwear,"2,795",$60.00,New York,L,Gray,Spring,4.5,No,Express,No,No,44,Bank Transfer,Monthly,2025-05-12
2165,42,Male,2165,Sandals,Footwear,"2,797",$20.00,Iowa,S,Olive,Winter,4.8,No,Next Day Air,No,No,46,PayPal,Bi-Weekly,2025-02-23
2166,29,Male,2166,Pants,Clothing,"2,798",$55.00,Idaho,M,Turquoise,Summer,4.2,No,Express,No,No,42,Credit Card,Every 3 Months,2025-07-18
2167,31,Male,2167,Jacket,Outerwear,"2,799",$88.00,New Jersey,S,Purple,Spring,3.5,No,Express,No,No,50,Credit Card,Bi-Weekly,2025-05-14
2168,30,Male,2168,Skirt,Clothing,"2,800",$48.00,Ohio,L,Green,Winter,4.9,No,Standard,No,No,33,Venmo,Fortnightly,2025-02-15
2169,23,Male,2169,Handbag,Accessories,"2,801",$74.00,Connecticut,M,Beige,Spring,4.1,No,Next Day Air,No,No,32,Cash,Quarterly,2025-03-16
2170,31,Male,2170,Coat,Outerwear,"2,803",$42.00,Florida,M,Brown,Fall,2.9,No,Next Day Air,No,No,32,Bank Transfer,Bi-Weekly,2025-11-09
2171,40,Male,2171,Sweater,Clothing,"2,804",$32.00,South Carolina,M,Turquoise,Fall,4,No,Next Day Air,No,No,37,Venmo,Every 3 Months,2025-11-07
2172,39,Male,2172,Shorts,Clothing,"2,805",$98.00,Missouri,M,Yellow,Summer,4.6,No,Store Pickup,No,No,9,Cash,Fortnightly,2025-08-05
2173,28,Male,2173,Skirt,Clothing,"2,806",$89.00,Rhode Island,S,Lavender,Fall,2.8,No,Store Pickup,No,No,6,PayPal,Fortnightly,2025-09-17
2174,23,Male,2174,Gloves,Accessories,"2,807",$97.00,Delaware,S,Cyan,Summer,5,No,2-Day Shipping,No,No,36,Venmo,Quarterly,2025-08-12
2175,42,Male,2175,Backpack,Accessories,"2,809",$49.00,Colorado,S,Olive,Spring,2.9,No,Store Pickup,No,No,1,Cash,Annually,2025-03-12
2176,68,Male,2176,Dress,Clothing,"2,810",$50.00,Nebraska,M,Silver,Spring,3.3,No,Free Shipping,No,No,48,Credit Card,Fortnightly,2025-03-25
2177,24,Male,2177,Belt,Accessories,"2,811",$91.00,Vermont,S,Red,Winter,3.4,No,2-Day Shipping,No,No,44,Debit Card,Quarterly,2025-02-12
2178,24,Male,2178,Gloves,Accessories,"2,812",$93.00,Montana,XL,Green,Winter,3,No,Express,No,No,9,PayPal,Bi-Weekly,2025-01-01
2179,21,Male,2179,Jewelry,Accessories,"2,813",$98.00,Florida,M,Gold,Summer,4.7,No,Standard,No,No,32,Venmo,Annually,2025-07-01
2180,49,Male,2180,Socks,Clothing,"2,815",$82.00,Delaware,L,Lavender,Fall,2.9,No,Next Day Air,No,No,14,PayPal,Monthly,2025-10-08
2181,41,Male,2181,Coat,Outerwear,"2,816",$37.00,Connecticut,M,Yellow,Summer,4.1,No,Store Pickup,No,No,43,Cash,Quarterly,2025-07-03
2182,22,Male,2182,Handbag,Accessories,"2,817",$63.00,Hawaii,M,Black,Fall,3.2,No,Free Shipping,No,No,32,Bank Transfer,Bi-Weekly,2025-09-03
2183,42,Male,2183,Blouse,Clothing,"2,818",$99.00,New Mexico,M,Maroon,Winter,2.7,No,Store Pickup,No,No,26,Venmo,Bi-Weekly,2025-01-28
2184,30,Male,2184,Shorts,Clothing,"2,819",$37.00,Kansas,M,Maroon,Spring,4.7,No,Store Pickup,No,No,2,Cash,Monthly,2025-04-04
2185,38,Male,2185,Shoes,Footwear,"2,821",$34.00,Nevada,S,Gold,Spring,3.2,No,Free Shipping,No,No,16,PayPal,Every 3 Months,2025-05-01
2186,40,Male,2186,Shorts,Clothing,"2,822",$32.00,North Carolina,M,Violet,Winter,2.5,No,Express,No,No,50,Debit Card,Every 3 Months,2025-01-12
2187,55,Male,2187,Sandals,Footwear,"2,823",$23.00,New Mexico,XL,Teal,Winter,4.3,No,Next Day Air,No,No,6,PayPal,Every 3 Months,2025-01-11
2188,37,Male,2188,Blouse,Clothing,"2,824",$78.00,Idaho,M,Violet,Spring,4.4,No,Free Shipping,No,No,20,PayPal,Annually,2025-03-11
2189,41,Male,2189,Coat,Outerwear,"2,825",$54.00,California,M,Brown,Winter,4.7,No,Next Day Air,No,No,9,Credit Card,Weekly,2025-12-02
2190,38,Male,2190,Blouse,Clothing,"2,827",$94.00,Wisconsin,XL,Brown,Fall,4,No,Express,No,No,47,Credit Card,Bi-Weekly,2025-09-16
2191,42,Male,2191,Belt,Accessories,"2,828",$75.00,Alaska,S,Maroon,Spring,4.6,No,Express,No,No,33,Credit Card,Annually,2025-04-04
2192,26,Male,2192,Blouse,Clothing,"2,829",$69.00,Pennsylvania,S,Maroon,Summer,3.8,No,Next Day Air,No,No,46,Cash,Bi-Weekly,2025-07-24
2193,41,Male,2193,Scarf,Accessories,"2,830",$35.00,Virginia,L,Yellow,Winter,3.2,No,Next Day Air,No,No,9,Credit Card,Monthly,2025-02-16
2194,27,Male,2194,Shirt,Clothing,"2,831",$78.00,California,L,Turquoise,Spring,5,No,Express,No,No,8,PayPal,Monthly,2025-05-13
2195,61,Male,2195,Socks,Clothing,"2,833",$29.00,Kentucky,M,Silver,Summer,3.5,No,Standard,No,No,48,Bank Transfer,Quarterly,2025-07-08
2196,58,Male,2196,Jeans,Clothing,"2,834",$62.00,New York,M,Brown,Fall,3.7,No,Next Day Air,No,No,2,Cash,Monthly,2025-10-23
2197,25,Male,2197,Dress,Clothing,"2,835",$58.00,Vermont,M,Gray,Spring,4.8,No,Next Day Air,No,No,31,PayPal,Weekly,2025-04-08
2198,33,Male,2198,Boots,Footwear,"2,836",$88.00,Pennsylvania,M,Indigo,Summer,3.7,No,2-Day Shipping,No,No,40,Venmo,Monthly,2025-07-14
2199,57,Male,2199,Scarf,Accessories,"2,837",$80.00,New York,L,Turquoise,Summer,3.5,No,Free Shipping,No,No,35,Venmo,Monthly,2025-06-12
2200,39,Male,2200,Scarf,Accessories,"2,839",$47.00,North Carolina,M,Maroon,Summer,4.9,No,Store Pickup,No,No,40,Debit Card,Monthly,2025-06-05
2201,60,Male,2201,Gloves,Accessories,"2,840",$51.00,Wyoming,L,Charcoal,Summer,4.7,No,Next Day Air,No,No,27,Debit Card,Every 3 Months,2025-07-22
2202,39,Male,2202,Pants,Clothing,"2,841",$25.00,Ohio,L,Peach,Spring,4.9,No,2-Day Shipping,No,No,10,Venmo,Annually,2025-04-07
2203,42,Male,2203,Dress,Clothing,"2,842",$36.00,Alabama,M,Red,Summer,4.3,No,Next Day Air,No,No,23,Credit Card,Weekly,2025-07-08
2204,53,Male,2204,Dress,Clothing,"2,843",$79.00,Rhode Island,M,Indigo,Winter,3.1,No,Free Shipping,No,No,32,Cash,Quarterly,2025-12-18
2205,20,Male,2205,Jeans,Clothing,"2,845",$41.00,Oregon,S,Lavender,Winter,3.4,No,2-Day Shipping,No,No,6,Debit Card,Monthly,2025-12-16
2206,46,Male,2206,Sweater,Clothing,"2,846",$68.00,North Dakota,XL,Red,Fall,2.7,No,Express,No,No,27,PayPal,Weekly,2025-09-24
2207,46,Male,2207,Sandals,Footwear,"2,847",$51.00,Illinois,L,Green,Spring,2.6,No,Store Pickup,No,No,25,Bank Transfer,Fortnightly,2025-05-10
2208,69,Male,2208,Handbag,Accessories,"2,848",$38.00,New Mexico,M,Gray,Fall,2.9,No,Next Day Air,No,No,11,Credit Card,Annually,2025-09-16
2209,28,Male,2209,Scarf,Accessories,"2,849",$46.00,Colorado,XL,Violet,Summer,2.7,No,2-Day Shipping,No,No,23,PayPal,Monthly,2025-06-04
2210,42,Male,2210,Sandals,Footwear,"2,851",$20.00,Utah,XL,Beige,Summer,4.5,No,2-Day Shipping,No,No,44,Bank Transfer,Quarterly,2025-06-24
2211,30,Male,2211,Sunglasses,Accessories,"2,852",$25.00,Virginia,M,Orange,Summer,3.1,No,Store Pickup,No,No,35,PayPal,Fortnightly,2025-08-02
2212,50,Male,2212,Sweater,Clothing,"2,853",$89.00,Maine,L,Purple,Winter,3.2,No,Free Shipping,No,No,45,Debit Card,Every 3 Months,2025-12-10
2213,59,Male,2213,Pants,Clothing,"2,854",$77.00,Nebraska,M,Brown,Winter,3.3,No,Next Day Air,No,No,22,Bank Transfer,Quarterly,2025-02-08
2214,54,Male,2214,Hat,Accessories,"2,855",$94.00,Hawaii,M,Maroon,Fall,2.9,No,Express,No,No,18,Debit Card,Quarterly,2025-11-12
2215,50,Male,2215,Belt,Accessories,"2,857",$100.00,Idaho,L,Gold,Fall,4.1,No,Standard,No,No,20,Debit Card,Weekly,2025-11-27
2216,25,Male,2216,Sandals,Footwear,"2,858",$96.00,West Virginia,M,Indigo,Winter,2.7,No,Express,No,No,28,Credit Card,Fortnightly,2025-01-04
2217,41,Male,2217,Pants,Clothing,"2,859",$36.00,Vermont,XL,Silver,Winter,4,No,Store Pickup,No,No,15,Venmo,Bi-Weekly,2025-01-18
2218,35,Male,2218,Jewelry,Accessories,"2,860",$27.00,Indiana,XL,Red,Fall,2.6,No,Store Pickup,No,No,42,Bank Transfer,Fortnightly,2025-11-26
2219,67,Male,2219,Sunglasses,Accessories,"2,861",$67.00,Idaho,M,Magenta,Winter,3.5,No,Store Pickup,No,No,20,Debit Card,Quarterly,2025-01-19
2220,33,Male,2220,Blouse,Clothing,"2,863",$91.00,Minnesota,S,Purple,Fall,2.8,No,Store Pickup,No,No,16,Bank Transfer,Fortnightly,2025-10-04
2221,19,Male,2221,Belt,Accessories,"2,864",$62.00,Wyoming,XL,Beige,Fall,4.5,No,Store Pickup,No,No,47,Cash,Annually,2025-10-08
2222,25,Male,2222,Shorts,Clothing,"2,865",$88.00,Kansas,XL,White,Fall,3,No,Free Shipping,No,No,34,Credit Card,Annually,2025-09-17
2223,32,Male,2223,Pants,Clothing,"2,866",$66.00,Georgia,M,Teal,Summer,4.4,No,Store Pickup,No,No,30,Credit Card,Weekly,2025-08-03
2224,30,Male,2224,Sandals,Footwear,"2,867",$65.00,Kansas,M,Gray,Fall,4.7,No,Next Day Air,No,No,5,PayPal,Quarterly,2025-09-06
2225,18,Male,2225,Gloves,Accessories,"2,869",$25.00,Nebraska,L,Charcoal,Winter,4.3,No,Standard,No,No,38,Cash,Quarterly,2025-01-10
2226,38,Male,2226,Belt,Accessories,"2,870",$64.00,Washington,S,Olive,Spring,4.8,No,Free Shipping,No,No,18,Credit Card,Annually,2025-04-20
2227,22,Male,2227,Shirt,Clothing,"2,871",$72.00,Missouri,L,Blue,Spring,4.8,No,Store Pickup,No,No,28,Cash,Annually,2025-05-23
2228,40,Male,2228,Scarf,Accessories,"2,872",$74.00,Washington,S,Gray,Summer,4.4,No,Next Day Air,No,No,42,Credit Card,Fortnightly,2025-07-14
2229,54,Male,2229,Gloves,Accessories,"2,873",$50.00,Kansas,M,Green,Fall,3.7,No,Free Shipping,No,No,5,Credit Card,Weekly,2025-10-13
2230,70,Male,2230,Pants,Clothing,"2,875",$97.00,Minnesota,M,Silver,Fall,3.9,No,Express,No,No,50,Venmo,Monthly,2025-10-04
2231,52,Male,2231,Sneakers,Footwear,"2,876",$36.00,Colorado,S,Teal,Spring,3.8,No,Express,No,No,33,Venmo,Fortnightly,2025-05-15
2232,34,Male,2232,Jacket,Outerwear,"2,877",$49.00,Utah,M,Beige,Fall,4.1,No,Store Pickup,No,No,1,Credit Card,Weekly,2025-11-22
2233,65,Male,2233,Shoes,Footwear,"2,878",$64.00,North Carolina,L,Lavender,Spring,4,No,Store Pickup,No,No,14,Cash,Fortnightly,2025-04-05
2234,38,Male,2234,Blouse,Clothing,"2,879",$31.00,Florida,XL,Gray,Summer,4.5,No,Express,No,No,48,Credit Card,Monthly,2025-06-08
2235,35,Male,2235,Boots,Footwear,"2,881",$66.00,New Hampshire,S,Yellow,Winter,4,No,Express,No,No,26,Cash,Weekly,2025-01-18
2236,40,Male,2236,Socks,Clothing,"2,882",$82.00,Illinois,M,Gray,Spring,4.5,No,2-Day Shipping,No,No,44,Credit Card,Annually,2025-05-24
2237,23,Male,2237,T-shirt,Clothing,"2,883",$88.00,Louisiana,M,Yellow,Winter,2.7,No,Standard,No,No,18,Debit Card,Fortnightly,2025-02-13
2238,45,Male,2238,Sandals,Footwear,"2,884",$34.00,Alabama,S,Black,Summer,3.8,No,Next Day Air,No,No,31,Venmo,Every 3 Months,2025-06-12
2239,40,Male,2239,Sneakers,Footwear,"2,885",$84.00,Florida,L,Beige,Winter,3.8,No,Standard,No,No,18,Debit Card,Weekly,2025-01-04
2240,42,Male,2240,Jewelry,Accessories,"2,887",$96.00,Alabama,L,Indigo,Summer,3.8,No,2-Day Shipping,No,No,41,Credit Card,Every 3 Months,2025-07-27
2241,57,Male,2241,Sandals,Footwear,"2,888",$71.00,California,L,Green,Winter,4.3,No,Next Day Air,No,No,18,Debit Card,Every 3 Months,2025-01-15
2242,18,Male,2242,Jacket,Outerwear,"2,889",$77.00,Maryland,M,Purple,Summer,3.5,No,Free Shipping,No,No,3,Bank Transfer,Bi-Weekly,2025-08-05
2243,18,Male,2243,Skirt,Clothing,"2,890",$66.00,Nevada,M,Orange,Spring,3.8,No,Next Day Air,No,No,5,Credit Card,Bi-Weekly,2025-04-21
2244,56,Male,2244,Shirt,Clothing,"2,891",$21.00,Massachusetts,M,Teal,Winter,3.7,No,2-Day Shipping,No,No,13,Debit Card,Annually,2025-12-22
2245,35,Male,2245,Shorts,Clothing,"2,893",$37.00,South Carolina,M,Gold,Summer,4.8,No,2-Day Shipping,No,No,22,PayPal,Annually,2025-07-03
2246,49,Male,2246,Socks,Clothing,"2,894",$90.00,Delaware,L,Gray,Fall,4.9,No,Free Shipping,No,No,45,PayPal,Fortnightly,2025-10-06
2247,49,Male,2247,Jacket,Outerwear,"2,895",$96.00,Hawaii,M,Cyan,Fall,4.3,No,Store Pickup,No,No,39,PayPal,Every 3 Months,2025-09-05
2248,34,Male,2248,Jewelry,Accessories,"2,896",$37.00,Florida,L,Teal,Summer,4.4,No,Next Day Air,No,No,18,Venmo,Annually,2025-08-11
2249,63,Male,2249,T-shirt,Clothing,"2,897",$66.00,Rhode Island,M,Violet,Winter,3.4,No,Free Shipping,No,No,19,PayPal,Fortnightly,2025-01-01
2250,42,Male,2250,Gloves,Accessories,"2,899",$45.00,Wyoming,XL,Indigo,Spring,4.3,No,Next Day Air,No,No,29,Debit Card,Weekly,2025-05-19
2251,41,Male,2251,Shoes,Footwear,"2,900",$89.00,Colorado,L,Pink,Summer,4.6,No,Store Pickup,No,No,19,Credit Card,Weekly,2025-06-09
2252,26,Male,2252,Shoes,Footwear,"2,901",$94.00,Virginia,L,Gold,Fall,3.8,No,Free Shipping,No,No,22,Debit Card,Monthly,2025-11-22
2253,48,Male,2253,Shoes,Footwear,"2,902",$96.00,Nebraska,S,Maroon,Summer,3.9,No,Express,No,No,21,Bank Transfer,Annually,2025-08-16
2254,62,Male,2254,Hoodie,Clothing,"2,903",$31.00,Oklahoma,M,Brown,Spring,2.6,No,Store Pickup,No,No,22,PayPal,Monthly,2025-05-06
2255,24,Male,2255,Belt,Accessories,"2,905",$79.00,North Dakota,M,Gold,Winter,4.2,No,Store Pickup,No,No,44,PayPal,Every 3 Months,2025-02-08
2256,48,Male,2256,Coat,Outerwear,"2,906",$39.00,Michigan,L,Teal,Spring,4.6,No,Store Pickup,No,No,42,Bank Transfer,Quarterly,2025-04-13
2257,31,Male,2257,Blouse,Clothing,"2,907",$22.00,California,M,Turquoise,Fall,5,No,Standard,No,No,33,Credit Card,Quarterly,2025-10-18
2258,41,Male,2258,Skirt,Clothing,"2,908",$32.00,Tennessee,L,Olive,Fall,4.2,No,Standard,No,No,6,Bank Transfer,Annually,2025-09-03
2259,24,Male,2259,T-shirt,Clothing,"2,909",$71.00,Ohio,L,Cyan,Winter,4.3,No,Store Pickup,No,No,44,Credit Card,Every 3 Months,2025-01-24
2260,60,Male,2260,Jeans,Clothing,"2,911",$96.00,Florida,XL,Beige,Spring,3.3,No,Free Shipping,No,No,24,Cash,Annually,2025-05-05
2261,38,Male,2261,Scarf,Accessories,"2,912",$82.00,Missouri,M,Blue,Fall,4.9,No,Express,No,No,16,PayPal,Quarterly,2025-10-22
2262,58,Male,2262,Backpack,Accessories,"2,913",$76.00,South Carolina,L,Gold,Spring,4.4,No,Standard,No,No,12,Bank Transfer,Fortnightly,2025-04-08
2263,53,Male,2263,Backpack,Accessories,"2,914",$22.00,Arizona,M,Green,Winter,3.1,No,2-Day Shipping,No,No,50,PayPal,Monthly,2025-02-09
2264,44,Male,2264,Scarf,Accessories,"2,915",$40.00,Indiana,XL,Green,Winter,3.5,No,Store Pickup,No,No,42,Cash,Quarterly,2025-12-16
2265,51,Male,2265,Hat,Accessories,"2,917",$92.00,North Dakota,M,Turquoise,Summer,3.9,No,2-Day Shipping,No,No,50,PayPal,Monthly,2025-08-12
2266,36,Male,2266,Coat,Outerwear,"2,918",$94.00,Montana,XL,Yellow,Fall,3.9,No,Store Pickup,No,No,10,PayPal,Quarterly,2025-10-03
2267,20,Male,2267,Dress,Clothing,"2,919",$44.00,Missouri,M,Yellow,Fall,4.3,No,Store Pickup,No,No,32,Debit Card,Weekly,2025-10-22
2268,32,Male,2268,Gloves,Accessories,"2,920",$49.00,Kentucky,S,Blue,Spring,3.8,No,Express,No,No,37,Venmo,Weekly,2025-04-08
2269,66,Male,2269,Sweater,Clothing,"2,921",$26.00,Georgia,L,Charcoal,Spring,2.7,No,2-Day Shipping,No,No,15,Bank Transfer,Monthly,2025-04-06
2270,49,Male,2270,Skirt,Clothing,"2,923",$38.00,Kentucky,M,Yellow,Fall,4.4,No,Store Pickup,No,No,27,Credit Card,Annually,2025-09-18
2271,27,Male,2271,Blouse,Clothing,"2,924",$72.00,Georgia,L,Purple,Spring,3.5,No,Express,No,No,7,Venmo,Weekly,2025-04-14
2272,29,Male,2272,Dress,Clothing,"2,925",$99.00,Alaska,M,Green,Summer,3.4,No,Free Shipping,No,No,49,PayPal,Quarterly,2025-07-07
2273,29,Male,2273,Jacket,Outerwear,"2,926",$38.00,Maine,L,Charcoal,Spring,4,No,Standard,No,No,44,PayPal,Monthly,2025-05-03
2274,55,Male,2274,Coat,Outerwear,"2,927",$96.00,New Mexico,L,Silver,Winter,4.8,No,Express,No,No,13,PayPal,Bi-Weekly,2025-01-23
2275,57,Male,2275,Dress,Clothing,"2,929",$27.00,New York,L,Turquoise,Spring,4.5,No,Next Day Air,No,No,38,PayPal,Fortnightly,2025-04-28
2276,29,Male,2276,Shorts,Clothing,"2,930",$24.00,Oklahoma,M,Gray,Winter,4.4,No,Standard,No,No,10,Debit Card,Weekly,2025-12-01
2277,31,Male,2277,Jeans,Clothing,"2,931",$82.00,Wyoming,L,Red,Summer,4.1,No,2-Day Shipping,No,No,25,Debit Card,Weekly,2025-08-02
2278,25,Male,2278,Hat,Accessories,"2,932",$56.00,Alabama,M,Beige,Summer,4.6,No,Next Day Air,No,No,18,Credit Card,Quarterly,2025-07-08
2279,61,Male,2279,Gloves,Accessories,"2,933",$25.00,Maryland,M,Maroon,Fall,3.8,No,Store Pickup,No,No,6,Cash,Every 3 Months,2025-10-02
2280,53,Male,2280,Sneakers,Footwear,"2,935",$67.00,West Virginia,L,Indigo,Spring,2.9,No,Free Shipping,No,No,35,Bank Transfer,Quarterly,2025-05-04
2281,22,Male,2281,Shoes,Footwear,"2,936",$21.00,Kentucky,M,Red,Summer,2.8,No,Standard,No,No,31,Credit Card,Fortnightly,2025-07-08
2282,28,Male,2282,Hoodie,Clothing,"2,937",$27.00,Kansas,XL,Maroon,Summer,3,No,Store Pickup,No,No,41,Bank Transfer,Annually,2025-07-01
2283,18,Male,2283,Sneakers,Footwear,"2,938",$97.00,Idaho,S,Red,Fall,4.2,No,2-Day Shipping,No,No,8,Credit Card,Annually,2025-10-24
2284,44,Male,2284,Handbag,Accessories,"2,939",$45.00,Ohio,S,Black,Winter,4.1,No,Free Shipping,No,No,34,Credit Card,Fortnightly,2025-12-17
2285,32,Male,2285,Blouse,Clothing,"2,941",$63.00,Iowa,XL,Black,Fall,4.1,No,Express,No,No,20,Venmo,Annually,2025-10-07
2286,34,Male,2286,Belt,Accessories,"2,942",$100.00,Michigan,L,Pink,Summer,4.6,No,2-Day Shipping,No,No,38,PayPal,Every 3 Months,2025-06-17
2287,67,Male,2287,Socks,Clothing,"2,943",$38.00,South Dakota,L,Blue,Spring,2.5,No,Store Pickup,No,No,35,Venmo,Quarterly,2025-04-05
2288,66,Male,2288,Blouse,Clothing,"2,944",$45.00,Nebraska,L,Green,Summer,3,No,Store Pickup,No,No,6,Debit Card,Annually,2025-06-17
2289,28,Male,2289,Jewelry,Accessories,"2,945",$91.00,California,M,Orange,Fall,3.8,No,Next Day Air,No,No,50,PayPal,Weekly,2025-10-25
2290,70,Male,2290,Shorts,Clothing,"2,947",$82.00,Nevada,M,Orange,Fall,4.1,No,Free Shipping,No,No,47,Venmo,Weekly,2025-10-20
2291,37,Male,2291,Boots,Footwear,"2,948",$48.00,Kansas,L,Magenta,Winter,3.3,No,Standard,No,No,23,PayPal,Quarterly,2025-02-28
2292,28,Male,2292,Coat,Outerwear,"2,949",$30.00,Ohio,M,Indigo,Spring,5,No,2-Day Shipping,No,No,13,Credit Card,Quarterly,2025-05-04
2293,43,Male,2293,T-shirt,Clothing,"2,950",$34.00,Vermont,S,Beige,Spring,3.8,No,Next Day Air,No,No,31,Debit Card,Monthly,2025-05-15
2294,37,Male,2294,Sweater,Clothing,"2,951",$68.00,Georgia,L,Green,Fall,3.3,No,Express,No,No,16,Debit Card,Every 3 Months,2025-11-07
2295,54,Male,2295,Sunglasses,Accessories,"2,953",$95.00,Maryland,M,Red,Winter,5,No,Express,No,No,40,Debit Card,Annually,2025-12-27
2296,50,Male,2296,Hat,Accessories,"2,954",$22.00,Connecticut,L,Beige,Spring,2.9,No,2-Day Shipping,No,No,45,PayPal,Quarterly,2025-03-27
2297,46,Male,2297,Gloves,Accessories,"2,955",$88.00,Washington,M,Green,Fall,2.5,No,Next Day Air,No,No,50,Venmo,Every 3 Months,2025-09-13
2298,60,Male,2298,Socks,Clothing,"2,956",$83.00,California,M,Orange,Summer,4.7,No,Standard,No,No,1,Bank Transfer,Quarterly,2025-07-13
2299,40,Male,2299,Handbag,Accessories,"2,957",$87.00,Montana,L,Cyan,Spring,2.9,No,2-Day Shipping,No,No,10,Cash,Every 3 Months,2025-04-19
2300,64,Male,2300,Coat,Outerwear,"2,959",$57.00,Idaho,M,Violet,Summer,3.7,No,Store Pickup,No,No,48,Credit Card,Every 3 Months,2025-06-09
2301,18,Male,2301,Coat,Outerwear,"2,960",$88.00,Pennsylvania,XL,Lavender,Summer,4.4,No,2-Day Shipping,No,No,38,Credit Card,Monthly,2025-07-06
2302,37,Male,2302,Pants,Clothing,"2,961",$20.00,Maine,L,Turquoise,Winter,2.9,No,Next Day Air,No,No,21,Debit Card,Annually,2025-01-24
2303,36,Male,2303,Belt,Accessories,"2,962",$39.00,Montana,L,Pink,Summer,3.6,No,Store Pickup,No,No,38,Venmo,Monthly,2025-06-06
2304,51,Male,2304,Sunglasses,Accessories,"2,963",$71.00,New Jersey,S,Beige,Spring,4.8,No,2-Day Shipping,No,No,31,Credit Card,Fortnightly,2025-03-10
2305,26,Male,2305,Hoodie,Clothing,"2,965",$73.00,Louisiana,L,Silver,Winter,4.7,No,Free Shipping,No,No,9,Debit Card,Fortnightly,2025-01-10
2306,68,Male,2306,Handbag,Accessories,"2,966",$63.00,Maine,M,Gold,Summer,2.6,No,Free Shipping,No,No,47,Cash,Weekly,2025-08-10
2307,27,Male,2307,Gloves,Accessories,"2,967",$78.00,Florida,L,Silver,Winter,3.4,No,Standard,No,No,8,Cash,Bi-Weekly,2025-01-26
2308,28,Male,2308,Skirt,Clothing,"2,968",$96.00,Missouri,L,Green,Fall,3.5,No,Next Day Air,No,No,30,Debit Card,Annually,2025-11-13
2309,49,Male,2309,Sunglasses,Accessories,"2,969",$81.00,North Dakota,M,Teal,Winter,3.4,No,2-Day Shipping,No,No,22,Bank Transfer,Quarterly,2025-01-24
2310,70,Male,2310,Dress,Clothing,"2,971",$95.00,Connecticut,S,Gold,Fall,5,No,2-Day Shipping,No,No,3,Bank Transfer,Quarterly,2025-10-25
2311,30,Male,2311,Gloves,Accessories,"2,972",$68.00,Virginia,M,Cyan,Spring,4.6,No,Standard,No,No,15,PayPal,Monthly,2025-05-22
2312,27,Male,2312,Sneakers,Footwear,"2,973",$28.00,Montana,L,Gold,Spring,4.8,No,2-Day Shipping,No,No,10,Bank Transfer,Every 3 Months,2025-03-08
2313,19,Male,2313,T-shirt,Clothing,"2,974",$30.00,Vermont,L,Violet,Summer,3.7,No,Free Shipping,No,No,19,Cash,Every 3 Months,2025-06-05
2314,64,Male,2314,Dress,Clothing,"2,975",$31.00,Georgia,M,Black,Summer,4.7,No,Next Day Air,No,No,36,Bank Transfer,Fortnightly,2025-06-19
2315,42,Male,2315,Handbag,Accessories,"2,977",$95.00,Virginia,XL,Brown,Winter,4.4,No,Express,No,No,12,Bank Transfer,Every 3 Months,2025-02-28
2316,69,Male,2316,Socks,Clothing,"2,978",$79.00,Vermont,M,Indigo,Winter,3.5,No,2-Day Shipping,No,No,49,Debit Card,Quarterly,2025-01-19
2317,28,Male,2317,Sneakers,Footwear,"2,979",$39.00,Montana,L,Yellow,Winter,3.8,No,Standard,No,No,7,Debit Card,Annually,2025-12-09
2318,47,Male,2318,Jacket,Outerwear,"2,980",$34.00,New Jersey,M,Purple,Summer,4.7,No,Next Day Air,No,No,28,Bank Transfer,Monthly,2025-08-19
2319,69,Male,2319,Hoodie,Clothing,"2,981",$28.00,Wyoming,L,White,Spring,3.1,No,Store Pickup,No,No,30,Credit Card,Annually,2025-04-06
2320,56,Male,2320,Sandals,Footwear,"2,983",$38.00,Maine,XL,Turquoise,Winter,5,No,Free Shipping,No,No,29,PayPal,Monthly,2025-12-28
2321,28,Male,2321,Shoes,Footwear,"2,984",$55.00,New Mexico,M,Olive,Spring,3.7,No,Free Shipping,No,No,9,Debit Card,Every 3 Months,2025-04-26
2322,50,Male,2322,Sandals,Footwear,"2,985",$31.00,Colorado,M,Beige,Winter,3,No,Next Day Air,No,No,27,Debit Card,Fortnightly,2025-01-12
2323,39,Male,2323,Coat,Outerwear,"2,986",$84.00,Connecticut,S,Lavender,Spring,4.5,No,Store Pickup,No,No,21,Venmo,Fortnightly,2025-03-02
2324,35,Male,2324,Gloves,Accessories,"2,987",$93.00,Maryland,L,White,Winter,4.7,No,Express,No,No,36,Credit Card,Monthly,2025-02-04
2325,59,Male,2325,Coat,Outerwear,"2,989",$28.00,Oregon,L,Brown,Winter,3.5,No,Free Shipping,No,No,19,Debit Card,Annually,2025-12-05
2326,44,Male,2326,Boots,Footwear,"2,990",$55.00,New York,M,Charcoal,Summer,4.4,No,2-Day Shipping,No,No,47,Cash,Weekly,2025-06-28
2327,66,Male,2327,Skirt,Clothing,"2,991",$63.00,Oklahoma,L,Maroon,Winter,2.6,No,Standard,No,No,38,Bank Transfer,Annually,2025-01-10
2328,20,Male,2328,Skirt,Clothing,"2,992",$94.00,Alabama,M,Red,Winter,4.2,No,2-Day Shipping,No,No,22,Venmo,Bi-Weekly,2025-01-07
2329,45,Male,2329,Pants,Clothing,"2,993",$36.00,North Dakota,M,Maroon,Fall,2.6,No,Express,No,No,29,Venmo,Bi-Weekly,2025-10-28
2330,49,Male,2330,Hat,Accessories,"2,995",$97.00,Nebraska,S,Teal,Spring,4.8,No,Free Shipping,No,No,42,Bank Transfer,Annually,2025-05-09
2331,60,Male,2331,Backpack,Accessories,"2,996",$63.00,Arizona,L,Orange,Summer,2.9,No,Store Pickup,No,No,47,PayPal,Every 3 Months,2025-08-28
2332,61,Male,2332,Scarf,Accessories,"2,997",$77.00,Illinois,S,Olive,Spring,4.3,No,2-Day Shipping,No,No,10,Credit Card,Bi-Weekly,2025-05-06
2333,36,Male,2333,Scarf,Accessories,"2,998",$53.00,South Carolina,XL,Olive,Fall,2.6,No,Store Pickup,No,No,10,Venmo,Monthly,2025-09-28
2334,33,Male,2334,Shirt,Clothing,"2,999",$77.00,Kansas,M,Beige,Spring,3.8,No,Next Day Air,No,No,1,PayPal,Every 3 Months,2025-05-24
2335,49,Male,2335,Boots,Footwear,"3,001",$79.00,Kansas,L,Green,Summer,4.2,No,Standard,No,No,7,Credit Card,Monthly,2025-06-17
2336,31,Male,2336,Coat,Outerwear,"3,002",$37.00,Idaho,M,Black,Summer,3.9,No,Store Pickup,No,No,10,Venmo,Fortnightly,2025-06-01
2337,19,Male,2337,Belt,Accessories,"3,003",$94.00,California,M,Green,Winter,3.1,No,Free Shipping,No,No,11,Credit Card,Weekly,2025-12-16
2338,39,Male,2338,Boots,Footwear,"3,004",$76.00,North Dakota,S,Violet,Fall,3.6,No,Store Pickup,No,No,5,Cash,Annually,2025-09-28
2339,66,Male,2339,Sneakers,Footwear,"3,005",$68.00,Georgia,S,Silver,Fall,4,No,Express,No,No,21,PayPal,Quarterly,2025-11-08
2340,25,Male,2340,Shirt,Clothing,"3,007",$65.00,Illinois,L,Maroon,Spring,3.4,No,Next Day Air,No,No,24,Bank Transfer,Quarterly,2025-03-10
2341,63,Male,2341,Blouse,Clothing,"3,008",$24.00,Delaware,M,Cyan,Summer,2.6,No,Standard,No,No,37,Credit Card,Fortnightly,2025-06-12
2342,56,Male,2342,Jacket,Outerwear,"3,009",$31.00,Connecticut,L,Teal,Summer,4.5,No,Express,No,No,22,Venmo,Every 3 Months,2025-06-21
2343,20,Male,2343,Skirt,Clothing,"3,010",$89.00,Tennessee,M,Olive,Fall,4.9,No,Standard,No,No,16,Debit Card,Fortnightly,2025-09-10
2344,58,Male,2344,Socks,Clothing,"3,011",$49.00,Maryland,M,Red,Summer,4.4,No,2-Day Shipping,No,No,44,PayPal,Monthly,2025-08-06
2345,34,Male,2345,Sandals,Footwear,"3,013",$92.00,Rhode Island,XL,Lavender,Fall,3.5,No,Express,No,No,14,Venmo,Bi-Weekly,2025-10-24
2346,28,Male,2346,T-shirt,Clothing,"3,014",$32.00,New York,S,Orange,Winter,3.3,No,Express,No,No,23,Bank Transfer,Every 3 Months,2025-01-02
2347,22,Male,2347,Jacket,Outerwear,"3,015",$67.00,New Mexico,L,Brown,Winter,3.1,No,Standard,No,No,46,Debit Card,Fortnightly,2025-02-16
2348,37,Male,2348,Belt,Accessories,"3,016",$64.00,California,S,Gray,Fall,4.2,No,Express,No,No,46,Cash,Every 3 Months,2025-11-16
2349,54,Male,2349,Shoes,Footwear,"3,017",$84.00,Maine,M,Orange,Spring,4.9,No,Next Day Air,No,No,16,PayPal,Every 3 Months,2025-03-19
2350,65,Male,2350,Blouse,Clothing,"3,019",$34.00,New York,M,Orange,Fall,3.9,No,Standard,No,No,40,Credit Card,Every 3 Months,2025-10-24
2351,57,Male,2351,Shoes,Footwear,"3,020",$26.00,Hawaii,M,Turquoise,Winter,4.2,No,Free Shipping,No,No,21,Cash,Annually,2025-01-20
2352,38,Male,2352,Sweater,Clothing,"3,021",$50.00,New Hampshire,S,Cyan,Fall,4.9,No,Store Pickup,No,No,25,PayPal,Bi-Weekly,2025-11-21
2353,70,Male,2353,Boots,Footwear,"3,022",$46.00,Nebraska,M,Yellow,Fall,2.8,No,Store Pickup,No,No,25,Bank Transfer,Quarterly,2025-09-24
2354,56,Male,2354,Handbag,Accessories,"3,023",$71.00,Montana,M,White,Fall,4.1,No,Standard,No,No,25,Debit Card,Every 3 Months,2025-09-11
2355,56,Male,2355,Blouse,Clothing,"3,025",$78.00,Wisconsin,M,Blue,Summer,4.8,No,Next Day Air,No,No,27,Venmo,Monthly,2025-07-19
2356,22,Male,2356,Skirt,Clothing,"3,026",$35.00,Tennessee,S,Purple,Winter,4.1,No,Next Day Air,No,No,12,Cash,Monthly,2025-02-07
2357,57,Male,2357,Backpack,Accessories,"3,027",$58.00,Montana,M,Gray,Summer,3,No,Free Shipping,No,No,27,Debit Card,Quarterly,2025-07-15
2358,53,Male,2358,Shirt,Clothing,"3,028",$67.00,Michigan,L,Cyan,Fall,4.2,No,2-Day Shipping,No,No,40,Credit Card,Bi-Weekly,2025-10-18
2359,53,Male,2359,Sweater,Clothing,"3,029",$93.00,Texas,L,Pink,Spring,3.8,No,Standard,No,No,38,Credit Card,Quarterly,2025-04-02
2360,19,Male,2360,Scarf,Accessories,"3,031",$81.00,Pennsylvania,S,Gold,Spring,3.3,No,2-Day Shipping,No,No,44,Bank Transfer,Every 3 Months,2025-03-13
2361,49,Male,2361,Handbag,Accessories,"3,032",$80.00,New York,L,Silver,Fall,4.7,No,2-Day Shipping,No,No,27,Venmo,Every 3 Months,2025-11-09
2362,44,Male,2362,Scarf,Accessories,"3,033",$64.00,Alabama,M,Gray,Spring,4.3,No,2-Day Shipping,No,No,30,Credit Card,Every 3 Months,2025-04-15
2363,27,Male,2363,Jeans,Clothing,"3,034",$41.00,Virginia,M,Brown,Fall,2.7,No,Standard,No,No,24,Credit Card,Monthly,2025-09-25
2364,60,Male,2364,Socks,Clothing,"3,035",$79.00,Pennsylvania,XL,Pink,Winter,4.2,No,Express,No,No,38,Cash,Bi-Weekly,2025-12-18
2365,62,Male,2365,Sunglasses,Accessories,"3,037",$60.00,Mississippi,L,Maroon,Winter,4.2,No,Free Shipping,No,No,4,PayPal,Quarterly,2025-12-15
2366,52,Male,2366,Sneakers,Footwear,"3,038",$91.00,Wyoming,S,Peach,Winter,2.5,No,Next Day Air,No,No,32,Venmo,Monthly,2025-12-06
2367,30,Male,2367,Shoes,Footwear,"3,039",$66.00,New Mexico,L,Brown,Winter,3.6,No,Express,No,No,32,Credit Card,Fortnightly,2025-12-08
2368,66,Male,2368,Socks,Clothing,"3,040",$85.00,North Dakota,L,Green,Winter,3.4,No,Standard,No,No,28,Bank Transfer,Bi-Weekly,2025-02-03
2369,29,Male,2369,Sunglasses,Accessories,"3,041",$38.00,New Jersey,M,Lavender,Summer,3.3,No,Standard,No,No,6,Debit Card,Every 3 Months,2025-08-02
2370,24,Male,2370,Sweater,Clothing,"3,043",$23.00,Vermont,M,Cyan,Winter,4.6,No,Standard,No,No,24,PayPal,Monthly,2025-02-05
2371,51,Male,2371,Shoes,Footwear,"3,044",$71.00,Alaska,M,Black,Spring,3.9,No,Store Pickup,No,No,38,Venmo,Weekly,2025-05-03
2372,67,Male,2372,Socks,Clothing,"3,045",$25.00,Indiana,M,Charcoal,Winter,3.7,No,Next Day Air,No,No,28,Debit Card,Annually,2025-02-20
2373,50,Male,2373,Boots,Footwear,"3,046",$39.00,Alabama,XL,Silver,Spring,3.1,No,Express,No,No,9,PayPal,Fortnightly,2025-04-13
2374,37,Male,2374,Hoodie,Clothing,"3,047",$20.00,Michigan,M,Gray,Spring,4.9,No,Express,No,No,21,Debit Card,Every 3 Months,2025-05-06
2375,69,Male,2375,Gloves,Accessories,"3,049",$73.00,Washington,L,Peach,Winter,4.7,No,Standard,No,No,31,Debit Card,Monthly,2025-12-28
2376,60,Male,2376,Backpack,Accessories,"3,050",$63.00,Virginia,L,Peach,Fall,2.9,No,Next Day Air,No,No,18,Credit Card,Quarterly,2025-11-20
2377,21,Male,2377,Gloves,Accessories,"3,051",$94.00,Tennessee,XL,Cyan,Spring,4.1,No,Express,No,No,5,Cash,Weekly,2025-03-17
2378,44,Male,2378,Blouse,Clothing,"3,052",$94.00,South Dakota,L,Magenta,Fall,4,No,Next Day Air,No,No,22,Cash,Annually,2025-11-17
2379,26,Male,2379,Scarf,Accessories,"3,053",$71.00,New Hampshire,L,Teal,Summer,2.7,No,Store Pickup,No,No,37,PayPal,Bi-Weekly,2025-06-15
2380,40,Male,2380,Hat,Accessories,"3,055",$77.00,South Dakota,M,Peach,Spring,4,No,2-Day Shipping,No,No,22,Debit Card,Monthly,2025-05-25
2381,41,Male,2381,Scarf,Accessories,"3,056",$66.00,Pennsylvania,M,Black,Fall,2.5,No,Next Day Air,No,No,36,PayPal,Fortnightly,2025-10-04
2382,62,Male,2382,Sandals,Footwear,"3,057",$23.00,Wisconsin,M,Teal,Summer,4.5,No,Free Shipping,No,No,23,PayPal,Annually,2025-08-18
2383,39,Male,2383,Sweater,Clothing,"3,058",$60.00,California,M,Turquoise,Spring,3.9,No,Express,No,No,44,Debit Card,Weekly,2025-05-03
2384,53,Male,2384,Backpack,Accessories,"3,059",$72.00,Rhode Island,L,Gold,Spring,4.9,No,2-Day Shipping,No,No,25,Bank Transfer,Annually,2025-05-14
2385,24,Male,2385,Blouse,Clothing,"3,061",$35.00,Alabama,L,Green,Winter,3.3,No,2-Day Shipping,No,No,40,PayPal,Quarterly,2025-01-06
2386,41,Male,2386,Scarf,Accessories,"3,062",$31.00,Oklahoma,M,Brown,Fall,3.8,No,Express,No,No,12,PayPal,Weekly,2025-11-03
2387,19,Male,2387,Socks,Clothing,"3,063",$33.00,Illinois,L,Blue,Summer,2.9,No,Standard,No,No,14,Venmo,Monthly,2025-06-23
2388,36,Male,2388,Hat,Accessories,"3,064",$95.00,Tennessee,M,Gold,Summer,4,No,2-Day Shipping,No,No,14,Debit Card,Monthly,2025-07-02
2389,21,Male,2389,Dress,Clothing,"3,065",$68.00,Alabama,M,Peach,Fall,4.1,No,Store Pickup,No,No,10,Debit Card,Annually,2025-10-25
2390,25,Male,2390,Coat,Outerwear,"3,067",$87.00,Kansas,M,Violet,Spring,3.1,No,Store Pickup,No,No,17,Bank Transfer,Every 3 Months,2025-03-06
2391,65,Male,2391,Shirt,Clothing,"3,068",$64.00,Arizona,XL,Yellow,Winter,4.6,No,Express,No,No,24,Debit Card,Fortnightly,2025-12-18
2392,42,Male,2392,Shirt,Clothing,"3,069",$74.00,Michigan,M,Black,Winter,4.6,No,Next Day Air,No,No,31,Bank Transfer,Quarterly,2025-01-27
2393,40,Male,2393,Jeans,Clothing,"3,070",$62.00,Missouri,L,Silver,Spring,2.6,No,2-Day Shipping,No,No,36,Cash,Annually,2025-05-21
2394,58,Male,2394,Socks,Clothing,"3,071",$97.00,Louisiana,M,Brown,Winter,5,No,2-Day Shipping,No,No,38,PayPal,Every 3 Months,2025-12-19
2395,40,Male,2395,Sandals,Footwear,"3,073",$47.00,Connecticut,L,Peach,Fall,2.9,No,2-Day Shipping,No,No,23,Debit Card,Fortnightly,2025-09-09
2396,62,Male,2396,Blouse,Clothing,"3,074",$83.00,Connecticut,M,Cyan,Winter,3.5,No,2-Day Shipping,No,No,47,PayPal,Bi-Weekly,2025-12-23
2397,38,Male,2397,Shirt,Clothing,"3,075",$82.00,Oregon,M,Olive,Spring,3.7,No,2-Day Shipping,No,No,20,Venmo,Weekly,2025-03-28
2398,37,Male,2398,Sunglasses,Accessories,"3,076",$26.00,West Virginia,L,Black,Fall,2.9,No,Store Pickup,No,No,41,Venmo,Monthly,2025-11-22
2399,65,Male,2399,Jacket,Outerwear,"3,077",$81.00,Florida,M,Orange,Winter,4.3,No,Free Shipping,No,No,44,Bank Transfer,Fortnightly,2025-12-14
2400,55,Male,2400,Dress,Clothing,"3,079",$44.00,New Hampshire,L,Beige,Spring,3.2,No,Store Pickup,No,No,31,Cash,Monthly,2025-04-08
2401,43,Male,2401,Sunglasses,Accessories,"3,080",$88.00,Oregon,M,Peach,Winter,4.2,No,Next Day Air,No,No,11,Credit Card,Bi-Weekly,2025-01-11
2402,43,Male,2402,Boots,Footwear,"3,081",$76.00,Oregon,M,Pink,Winter,4.2,No,Standard,No,No,25,PayPal,Bi-Weekly,2025-02-14
2403,45,Male,2403,Scarf,Accessories,"3,082",$89.00,Utah,M,Brown,Winter,3.8,No,Free Shipping,No,No,31,Cash,Weekly,2025-02-19
2404,64,Male,2404,Shorts,Clothing,"3,083",$22.00,Missouri,M,Magenta,Fall,4.4,No,Standard,No,No,40,Debit Card,Weekly,2025-11-27
2405,28,Male,2405,Shorts,Clothing,"3,085",$33.00,West Virginia,L,Cyan,Winter,3.1,No,2-Day Shipping,No,No,23,Credit Card,Bi-Weekly,2025-12-05
2406,69,Male,2406,Jeans,Clothing,"3,086",$97.00,California,XL,Silver,Fall,5,No,Standard,No,No,5,Debit Card,Quarterly,2025-11-12
2407,54,Male,2407,Scarf,Accessories,"3,087",$57.00,California,M,Indigo,Winter,4.7,No,Standard,No,No,26,PayPal,Weekly,2025-02-12
2408,52,Male,2408,Shorts,Clothing,"3,088",$38.00,Illinois,M,Beige,Summer,3,No,Express,No,No,11,Credit Card,Bi-Weekly,2025-07-18
2409,23,Male,2409,Sneakers,Footwear,"3,089",$55.00,Hawaii,XL,Black,Fall,4.2,No,Next Day Air,No,No,44,Debit Card,Every 3 Months,2025-09-25
2410,26,Male,2410,Jewelry,Accessories,"3,091",$37.00,Washington,L,Yellow,Spring,3,No,Store Pickup,No,No,47,Cash,Every 3 Months,2025-04-27
2411,48,Male,2411,Shoes,Footwear,"3,092",$43.00,Wisconsin,M,Maroon,Summer,3.7,No,Free Shipping,No,No,46,PayPal,Monthly,2025-06-26
2412,49,Male,2412,Hoodie,Clothing,"3,093",$96.00,Virginia,M,Cyan,Summer,2.7,No,Free Shipping,No,No,35,Cash,Every 3 Months,2025-08-15
2413,53,Male,2413,Jacket,Outerwear,"3,094",$51.00,Oregon,M,Pink,Winter,4.3,No,2-Day Shipping,No,No,8,Bank Transfer,Bi-Weekly,2025-02-27
2414,69,Male,2414,Shorts,Clothing,"3,095",$95.00,Pennsylvania,XL,Violet,Fall,2.7,No,2-Day Shipping,No,No,30,Bank Transfer,Weekly,2025-09-28
2415,26,Male,2415,Socks,Clothing,"3,097",$26.00,Virginia,M,Lavender,Summer,3.7,No,Next Day Air,No,No,14,Credit Card,Bi-Weekly,2025-07-12
2416,21,Male,2416,Coat,Outerwear,"3,098",$34.00,Hawaii,XL,Lavender,Fall,4.3,No,Standard,No,No,30,Bank Transfer,Weekly,2025-10-27
2417,59,Male,2417,Sandals,Footwear,"3,099",$83.00,Nebraska,S,Black,Summer,4,No,Next Day Air,No,No,26,Credit Card,Every 3 Months,2025-07-27
2418,21,Male,2418,Backpack,Accessories,"3,100",$24.00,Alaska,M,Olive,Fall,3.3,No,Standard,No,No,32,Venmo,Fortnightly,2025-10-28
2419,22,Male,2419,Pants,Clothing,"3,101",$69.00,Michigan,S,Indigo,Fall,4,No,Next Day Air,No,No,47,Cash,Every 3 Months,2025-10-07
2420,26,Male,2420,Sweater,Clothing,"3,103",$40.00,North Carolina,M,Blue,Fall,2.7,No,Next Day Air,No,No,11,Credit Card,Every 3 Months,2025-11-15
2421,41,Male,2421,Jacket,Outerwear,"3,104",$87.00,North Carolina,S,Green,Winter,4.2,No,Free Shipping,No,No,28,PayPal,Annually,2025-01-11
2422,37,Male,2422,Sneakers,Footwear,"3,105",$46.00,Minnesota,L,Pink,Spring,4.6,No,Standard,No,No,2,Debit Card,Every 3 Months,2025-04-16
2423,30,Male,2423,Jewelry,Accessories,"3,106",$82.00,Georgia,M,Peach,Winter,4.8,No,Store Pickup,No,No,45,Credit Card,Weekly,2025-02-17
2424,49,Male,2424,Backpack,Accessories,"3,107",$81.00,West Virginia,M,Purple,Summer,2.8,No,Free Shipping,No,No,7,Credit Card,Every 3 Months,2025-06-08
2425,49,Male,2425,Jewelry,Accessories,"3,109",$57.00,Delaware,M,Peach,Winter,4.5,No,Next Day Air,No,No,28,Bank Transfer,Bi-Weekly,2025-02-07
2426,58,Male,2426,Shoes,Footwear,"3,110",$49.00,North Dakota,S,Olive,Summer,3,No,2-Day Shipping,No,No,34,Bank Transfer,Quarterly,2025-07-05
2427,70,Male,2427,Jacket,Outerwear,"3,111",$42.00,Florida,M,Olive,Fall,4.6,No,Free Shipping,No,No,26,Debit Card,Every 3 Months,2025-09-02
2428,27,Male,2428,Jacket,Outerwear,"3,112",$26.00,Oregon,M,Purple,Spring,3.3,No,Standard,No,No,45,Cash,Quarterly,2025-05-22
2429,65,Male,2429,T-shirt,Clothing,"3,113",$38.00,Idaho,M,Violet,Spring,4.4,No,Next Day Air,No,No,34,Debit Card,Annually,2025-05-28
2430,57,Male,2430,Sneakers,Footwear,"3,115",$57.00,Virginia,XL,Maroon,Summer,4.4,No,Standard,No,No,47,Credit Card,Fortnightly,2025-06-14
2431,20,Male,2431,Jacket,Outerwear,"3,116",$100.00,North Dakota,XL,White,Summer,4.3,No,Express,No,No,42,Cash,Quarterly,2025-07-23
2432,34,Male,2432,Hoodie,Clothing,"3,117",$73.00,Alabama,S,Olive,Fall,3.4,No,Express,No,No,27,Bank Transfer,Every 3 Months,2025-09-16
2433,59,Male,2433,Jacket,Outerwear,"3,118",$66.00,Hawaii,M,Peach,Winter,2.8,No,Store Pickup,No,No,43,Venmo,Monthly,2025-02-08
2434,54,Male,2434,T-shirt,Clothing,"3,119",$73.00,Oregon,M,Blue,Spring,3.4,No,Standard,No,No,16,Cash,Bi-Weekly,2025-04-14
2435,36,Male,2435,Gloves,Accessories,"3,121",$45.00,Utah,M,Brown,Spring,5,No,Store Pickup,No,No,40,Credit Card,Monthly,2025-04-28
2436,21,Male,2436,Sneakers,Footwear,"3,122",$27.00,Hawaii,S,Black,Fall,4.5,No,Free Shipping,No,No,29,Cash,Bi-Weekly,2025-09-03
2437,52,Male,2437,T-shirt,Clothing,"3,123",$24.00,Connecticut,M,Yellow,Fall,2.7,No,Store Pickup,No,No,38,Credit Card,Quarterly,2025-10-10
2438,43,Male,2438,Sneakers,Footwear,"3,124",$59.00,Wyoming,XL,Magenta,Winter,3.4,No,Store Pickup,No,No,34,Credit Card,Weekly,2025-01-25
2439,32,Male,2439,Jeans,Clothing,"3,125",$20.00,Delaware,S,Cyan,Winter,3.4,No,Express,No,No,30,Venmo,Weekly,2025-02-08
2440,55,Male,2440,Handbag,Accessories,"3,127",$44.00,Arkansas,M,Maroon,Summer,2.8,No,Standard,No,No,45,Bank Transfer,Annually,2025-07-09
2441,31,Male,2441,Socks,Clothing,"3,128",$90.00,Indiana,M,Red,Spring,4.7,No,Standard,No,No,47,Bank Transfer,Annually,2025-03-14
2442,45,Male,2442,Jewelry,Accessories,"3,129",$36.00,California,M,Black,Fall,4.7,No,Free Shipping,No,No,5,Credit Card,Monthly,2025-10-10
2443,53,Male,2443,Blouse,Clothing,"3,130",$95.00,Wyoming,L,Violet,Winter,4.7,No,Free Shipping,No,No,50,Debit Card,Bi-Weekly,2025-02-12
2444,24,Male,2444,Backpack,Accessories,"3,131",$30.00,South Dakota,M,Green,Spring,3.4,No,2-Day Shipping,No,No,24,Bank Transfer,Bi-Weekly,2025-04-13
2445,47,Male,2445,Scarf,Accessories,"3,133",$65.00,West Virginia,S,Gold,Fall,3.7,No,Express,No,No,15,Debit Card,Bi-Weekly,2025-11-07
2446,63,Male,2446,Scarf,Accessories,"3,134",$96.00,Tennessee,M,Brown,Summer,4.1,No,Store Pickup,No,No,50,Cash,Weekly,2025-07-25
2447,38,Male,2447,Shirt,Clothing,"3,135",$65.00,Alaska,L,Peach,Spring,2.9,No,2-Day Shipping,No,No,7,Credit Card,Monthly,2025-04-27
2448,59,Male,2448,Pants,Clothing,"3,136",$47.00,South Dakota,L,Peach,Fall,3.2,No,Store Pickup,No,No,10,Venmo,Fortnightly,2025-10-18
2449,54,Male,2449,Hat,Accessories,"3,137",$25.00,Tennessee,S,Violet,Fall,3,No,Free Shipping,No,No,38,PayPal,Bi-Weekly,2025-09-27
2450,26,Male,2450,Coat,Outerwear,"3,139",$56.00,Alabama,S,Violet,Fall,4.1,No,Express,No,No,31,Venmo,Fortnightly,2025-10-08
2451,68,Male,2451,T-shirt,Clothing,"3,140",$76.00,North Carolina,M,Magenta,Fall,4.5,No,Standard,No,No,7,Venmo,Quarterly,2025-10-04
2452,41,Male,2452,Socks,Clothing,"3,141",$60.00,Oklahoma,M,Purple,Fall,3.4,No,Store Pickup,No,No,27,Venmo,Monthly,2025-09-15
2453,68,Male,2453,Shirt,Clothing,"3,142",$67.00,New York,L,Purple,Winter,4.1,No,Express,No,No,45,Bank Transfer,Every 3 Months,2025-01-09
2454,21,Male,2454,Sweater,Clothing,"3,143",$95.00,Iowa,XL,Cyan,Spring,4.6,No,Store Pickup,No,No,13,Cash,Annually,2025-04-25
2455,32,Male,2455,Gloves,Accessories,"3,145",$72.00,Alaska,M,Magenta,Winter,4.6,No,Express,No,No,33,Venmo,Annually,2025-01-12
2456,20,Male,2456,Belt,Accessories,"3,146",$98.00,Alaska,L,Lavender,Spring,3.4,No,Express,No,No,25,Cash,Every 3 Months,2025-05-03
2457,59,Male,2457,Jeans,Clothing,"3,147",$83.00,Nebraska,M,Green,Winter,3.3,No,2-Day Shipping,No,No,5,PayPal,Monthly,2025-02-21
2458,53,Male,2458,Handbag,Accessories,"3,148",$37.00,Delaware,M,Maroon,Fall,3.6,No,2-Day Shipping,No,No,23,Cash,Quarterly,2025-09-05
2459,66,Male,2459,T-shirt,Clothing,"3,149",$85.00,Texas,L,Turquoise,Fall,4.6,No,Free Shipping,No,No,17,Bank Transfer,Weekly,2025-11-10
2460,47,Male,2460,Socks,Clothing,"3,151",$36.00,Missouri,L,Violet,Fall,4.3,No,2-Day Shipping,No,No,14,Cash,Weekly,2025-10-02
2461,58,Male,2461,Jeans,Clothing,"3,152",$36.00,Maine,S,Lavender,Winter,4,No,Store Pickup,No,No,28,Credit Card,Annually,2025-01-13
2462,28,Male,2462,Scarf,Accessories,"3,153",$86.00,Pennsylvania,L,Red,Summer,4.8,No,Next Day Air,No,No,19,Credit Card,Weekly,2025-06-27
2463,68,Male,2463,Pants,Clothing,"3,154",$99.00,Missouri,XL,Orange,Spring,4.3,No,Standard,No,No,31,Bank Transfer,Bi-Weekly,2025-03-10
2464,60,Male,2464,Blouse,Clothing,"3,155",$21.00,Mississippi,XL,Indigo,Summer,3.3,No,Standard,No,No,25,Cash,Bi-Weekly,2025-07-11
2465,47,Male,2465,Jacket,Outerwear,"3,157",$84.00,Hawaii,L,Teal,Winter,2.8,No,Express,No,No,4,Cash,Bi-Weekly,2025-01-01
2466,18,Male,2466,Sandals,Footwear,"3,158",$63.00,Texas,M,Brown,Spring,4.4,No,Free Shipping,No,No,20,Bank Transfer,Weekly,2025-03-28
2467,32,Male,2467,Shorts,Clothing,"3,159",$84.00,South Dakota,S,Pink,Summer,3.7,No,Express,No,No,37,Cash,Annually,2025-06-21
2468,27,Male,2468,Shorts,Clothing,"3,160",$72.00,New Jersey,M,Lavender,Spring,3.6,No,Express,No,No,28,Credit Card,Annually,2025-03-21
2469,65,Male,2469,Skirt,Clothing,"3,161",$21.00,Connecticut,L,Cyan,Winter,3.7,No,2-Day Shipping,No,No,6,Venmo,Weekly,2025-01-04
2470,68,Male,2470,Sandals,Footwear,"3,163",$92.00,Maryland,M,Yellow,Fall,5,No,Standard,No,No,27,PayPal,Annually,2025-09-02
2471,55,Male,2471,Blouse,Clothing,"3,164",$72.00,Arizona,XL,Pink,Fall,2.7,No,Next Day Air,No,No,29,Credit Card,Fortnightly,2025-10-27
2472,30,Male,2472,Sandals,Footwear,"3,165",$83.00,Oklahoma,M,Gray,Spring,4.3,No,Store Pickup,No,No,1,Cash,Annually,2025-03-04
2473,24,Male,2473,Shirt,Clothing,"3,166",$73.00,Utah,M,Peach,Summer,4.1,No,Standard,No,No,31,Credit Card,Annually,2025-08-03
2474,57,Male,2474,Socks,Clothing,"3,167",$98.00,Arkansas,M,Red,Winter,2.6,No,Next Day Air,No,No,28,Cash,Quarterly,2025-02-01
2475,23,Male,2475,T-shirt,Clothing,"3,169",$76.00,North Carolina,M,Olive,Fall,3.2,No,Store Pickup,No,No,19,Bank Transfer,Quarterly,2025-10-14
2476,69,Male,2476,Dress,Clothing,"3,170",$43.00,California,S,Lavender,Summer,3.5,No,Next Day Air,No,No,36,Venmo,Monthly,2025-08-12
2477,60,Male,2477,Hat,Accessories,"3,171",$60.00,Colorado,M,Turquoise,Summer,3.7,No,Next Day Air,No,No,28,Cash,Monthly,2025-07-07
2478,25,Male,2478,Gloves,Accessories,"3,172",$40.00,California,L,Turquoise,Spring,3.8,No,2-Day Shipping,No,No,29,PayPal,Weekly,2025-03-02
2479,18,Male,2479,Socks,Clothing,"3,173",$93.00,Vermont,S,Maroon,Winter,4.8,No,2-Day Shipping,No,No,9,Bank Transfer,Every 3 Months,2025-12-10
2480,37,Male,2480,Dress,Clothing,"3,175",$98.00,Kansas,S,Olive,Fall,4.2,No,Standard,No,No,26,Credit Card,Every 3 Months,2025-11-07
2481,61,Male,2481,Socks,Clothing,"3,176",$91.00,Ohio,XL,Maroon,Summer,2.9,No,Next Day Air,No,No,7,Credit Card,Fortnightly,2025-07-19
2482,41,Male,2482,Belt,Accessories,"3,177",$92.00,New Jersey,XL,Cyan,Fall,2.9,No,Free Shipping,No,No,35,Debit Card,Weekly,2025-11-03
2483,69,Male,2483,Handbag,Accessories,"3,178",$87.00,Arizona,S,Peach,Winter,4.8,No,Next Day Air,No,No,46,Credit Card,Every 3 Months,2025-01-07
2484,32,Male,2484,Skirt,Clothing,"3,179",$96.00,Arizona,S,Teal,Fall,2.9,No,Standard,No,No,8,Debit Card,Monthly,2025-10-16
2485,60,Male,2485,Hoodie,Clothing,"3,181",$97.00,New Hampshire,M,Green,Summer,4.8,No,2-Day Shipping,No,No,50,Cash,Every 3 Months,2025-06-19
2486,43,Male,2486,Blouse,Clothing,"3,182",$55.00,Louisiana,M,Beige,Spring,4.6,No,2-Day Shipping,No,No,37,Bank Transfer,Annually,2025-05-23
2487,61,Male,2487,Jeans,Clothing,"3,183",$58.00,Texas,L,Magenta,Spring,4.4,No,Store Pickup,No,No,6,Credit Card,Fortnightly,2025-03-12
2488,57,Male,2488,Boots,Footwear,"3,184",$21.00,Montana,L,Violet,Spring,3,No,Next Day Air,No,No,16,PayPal,Bi-Weekly,2025-05-05
2489,56,Male,2489,Handbag,Accessories,"3,185",$82.00,New Hampshire,XL,Charcoal,Summer,4.4,No,Express,No,No,30,PayPal,Monthly,2025-06-01
2490,66,Male,2490,Coat,Outerwear,"3,187",$34.00,South Dakota,M,Green,Winter,3.9,No,Express,No,No,50,Venmo,Quarterly,2025-12-11
2491,52,Male,2491,Blouse,Clothing,"3,188",$78.00,Montana,M,Gray,Spring,4,No,Free Shipping,No,No,5,Cash,Every 3 Months,2025-05-16
2492,63,Male,2492,Handbag,Accessories,"3,189",$47.00,North Carolina,M,Magenta,Spring,2.5,No,Express,No,No,15,Bank Transfer,Monthly,2025-05-25
2493,50,Male,2493,Sunglasses,Accessories,"3,190",$96.00,South Dakota,S,Silver,Summer,4.1,No,Next Day Air,No,No,34,Bank Transfer,Bi-Weekly,2025-07-27
2494,21,Male,2494,Socks,Clothing,"3,191",$23.00,Maine,S,Beige,Fall,4.8,No,2-Day Shipping,No,No,6,Venmo,Every 3 Months,2025-10-28
2495,42,Male,2495,Shoes,Footwear,"3,193",$27.00,Oklahoma,S,Peach,Winter,2.6,No,Store Pickup,No,No,26,Debit Card,Annually,2025-12-11
2496,40,Male,2496,Backpack,Accessories,"3,194",$37.00,Nebraska,XL,Orange,Spring,3.1,No,Free Shipping,No,No,34,Credit Card,Every 3 Months,2025-05-16
2497,67,Male,2497,Scarf,Accessories,"3,195",$79.00,Illinois,S,Yellow,Summer,3.2,No,Store Pickup,No,No,37,Credit Card,Weekly,2025-08-09
2498,35,Male,2498,Backpack,Accessories,"3,196",$40.00,Colorado,M,Violet,Summer,4.2,No,Standard,No,No,28,Bank Transfer,Annually,2025-07-13
2499,18,Male,2499,Coat,Outerwear,"3,197",$39.00,Massachusetts,S,Green,Fall,2.6,No,Next Day Air,No,No,38,Cash,Fortnightly,2025-09-07
2500,52,Male,2500,Hoodie,Clothing,"3,199",$73.00,Louisiana,L,Pink,Summer,3.1,No,Next Day Air,No,No,2,Cash,Quarterly,2025-07-18
2501,59,Male,2501,Gloves,Accessories,"3,200",$84.00,Massachusetts,M,Violet,Fall,2.9,No,Store Pickup,No,No,32,Cash,Bi-Weekly,2025-11-21
2502,49,Male,2502,Shorts,Clothing,"3,201",$94.00,West Virginia,M,Violet,Fall,4.6,No,Free Shipping,No,No,30,Venmo,Bi-Weekly,2025-11-10
2503,46,Male,2503,Skirt,Clothing,"3,202",$47.00,Idaho,L,Pink,Spring,4.1,No,Standard,No,No,17,PayPal,Every 3 Months,2025-04-22
2504,69,Male,2504,Boots,Footwear,"3,203",$77.00,Ohio,M,Violet,Summer,2.5,No,Store Pickup,No,No,5,Debit Card,Bi-Weekly,2025-07-18
2505,56,Male,2505,Shorts,Clothing,"3,205",$94.00,Rhode Island,M,Turquoise,Winter,4,No,Store Pickup,No,No,31,Cash,Bi-Weekly,2025-02-07
2506,27,Male,2506,Handbag,Accessories,"3,206",$75.00,Illinois,M,Cyan,Summer,3.5,No,Express,No,No,43,PayPal,Quarterly,2025-07-25
2507,57,Male,2507,Dress,Clothing,"3,207",$82.00,New York,XL,Orange,Spring,4.4,No,Free Shipping,No,No,19,Venmo,Annually,2025-04-15
2508,58,Male,2508,Shoes,Footwear,"3,208",$36.00,Louisiana,M,Cyan,Fall,2.9,No,Store Pickup,No,No,32,Credit Card,Every 3 Months,2025-11-18
2509,23,Male,2509,Sneakers,Footwear,"3,209",$90.00,California,XL,Indigo,Spring,3.1,No,2-Day Shipping,No,No,5,Debit Card,Bi-Weekly,2025-03-16
2510,19,Male,2510,Socks,Clothing,"3,211",$48.00,Washington,M,Black,Spring,4.4,No,Free Shipping,No,No,9,Bank Transfer,Quarterly,2025-03-06
2511,40,Male,2511,Jacket,Outerwear,"3,212",$42.00,South Dakota,L,Purple,Winter,4.4,No,Standard,No,No,48,Credit Card,Weekly,2025-02-17
2512,54,Male,2512,Backpack,Accessories,"3,213",$33.00,Idaho,M,Cyan,Summer,2.7,No,Store Pickup,No,No,1,PayPal,Quarterly,2025-06-23
2513,50,Male,2513,Socks,Clothing,"3,214",$63.00,North Dakota,M,Green,Summer,4.9,No,Free Shipping,No,No,20,Credit Card,Monthly,2025-06-08
2514,69,Male,2514,Handbag,Accessories,"3,215",$53.00,Washington,L,Teal,Winter,3.5,No,2-Day Shipping,No,No,42,Cash,Annually,2025-02-01
2515,42,Male,2515,Hat,Accessories,"3,217",$37.00,Alaska,L,Teal,Spring,4.8,No,Free Shipping,No,No,45,PayPal,Bi-Weekly,2025-04-23
2516,37,Male,2516,Blouse,Clothing,"3,218",$92.00,Kansas,M,Magenta,Summer,4.2,No,2-Day Shipping,No,No,41,Cash,Monthly,2025-07-28
2517,46,Male,2517,Shorts,Clothing,"3,219",$73.00,Utah,XL,Brown,Spring,4.6,No,Standard,No,No,36,Debit Card,Quarterly,2025-04-14
2518,64,Male,2518,Shirt,Clothing,"3,220",$38.00,Wyoming,L,Orange,Spring,2.9,No,Standard,No,No,10,Venmo,Annually,2025-05-07
2519,20,Male,2519,Boots,Footwear,"3,221",$51.00,Maine,XL,Blue,Fall,4,No,Store Pickup,No,No,31,Venmo,Annually,2025-09-15
2520,40,Male,2520,Jacket,Outerwear,"3,223",$90.00,Michigan,L,Magenta,Spring,4.9,No,Standard,No,No,21,Credit Card,Quarterly,2025-03-11
2521,64,Male,2521,Jacket,Outerwear,"3,224",$56.00,Illinois,L,Magenta,Summer,3.1,No,Next Day Air,No,No,16,Cash,Every 3 Months,2025-06-16
2522,29,Male,2522,Handbag,Accessories,"3,225",$33.00,Minnesota,M,Magenta,Fall,4.4,No,Standard,No,No,18,PayPal,Every 3 Months,2025-09-05
2523,20,Male,2523,Belt,Accessories,"3,226",$53.00,Massachusetts,S,Olive,Winter,2.5,No,2-Day Shipping,No,No,20,Debit Card,Weekly,2025-12-13
2524,43,Male,2524,Handbag,Accessories,"3,227",$24.00,New Jersey,S,Cyan,Spring,3.4,No,Express,No,No,21,Bank Transfer,Annually,2025-03-07
2525,60,Male,2525,Coat,Outerwear,"3,229",$59.00,Kansas,M,Purple,Spring,3.7,No,Express,No,No,23,Credit Card,Quarterly,2025-04-23
2526,39,Male,2526,Sweater,Clothing,"3,230",$72.00,Kentucky,M,Purple,Winter,4.2,No,Standard,No,No,20,PayPal,Weekly,2025-12-06
2527,47,Male,2527,Shorts,Clothing,"3,231",$28.00,Rhode Island,S,Peach,Spring,3.4,No,Express,No,No,30,PayPal,Bi-Weekly,2025-05-11
2528,19,Male,2528,Pants,Clothing,"3,232",$36.00,Illinois,M,Gold,Fall,3.6,No,Express,No,No,33,Bank Transfer,Every 3 Months,2025-09-27
2529,52,Male,2529,Jewelry,Accessories,"3,233",$47.00,Alabama,S,Peach,Fall,4.7,No,2-Day Shipping,No,No,31,Debit Card,Monthly,2025-11-05
2530,34,Male,2530,Gloves,Accessories,"3,235",$62.00,Tennessee,M,Magenta,Spring,4.7,No,Next Day Air,No,No,48,Bank Transfer,Monthly,2025-05-23
2531,25,Male,2531,Skirt,Clothing,"3,236",$98.00,Massachusetts,S,Cyan,Spring,3.6,No,Free Shipping,No,No,28,Debit Card,Weekly,2025-03-23
2532,43,Male,2532,Sandals,Footwear,"3,237",$28.00,Texas,M,Violet,Summer,4.6,No,Free Shipping,No,No,7,Cash,Every 3 Months,2025-08-22
2533,55,Male,2533,Socks,Clothing,"3,238",$86.00,Nebraska,S,Charcoal,Summer,2.6,No,Next Day Air,No,No,4,Debit Card,Weekly,2025-06-01
2534,66,Male,2534,Jewelry,Accessories,"3,239",$46.00,Pennsylvania,S,Blue,Summer,3.1,No,Standard,No,No,49,Cash,Bi-Weekly,2025-07-27
2535,41,Male,2535,Sunglasses,Accessories,"3,241",$42.00,Virginia,XL,Red,Fall,3.2,No,Free Shipping,No,No,22,Cash,Weekly,2025-09-15
2536,47,Male,2536,Coat,Outerwear,"3,242",$80.00,Vermont,S,Purple,Winter,3.9,No,Express,No,No,39,Bank Transfer,Fortnightly,2025-01-02
2537,51,Male,2537,Belt,Accessories,"3,243",$39.00,Oklahoma,L,Gray,Spring,4.9,No,Express,No,No,45,PayPal,Every 3 Months,2025-03-25
2538,44,Male,2538,Coat,Outerwear,"3,244",$49.00,Maine,M,Purple,Summer,4.1,No,2-Day Shipping,No,No,30,PayPal,Fortnightly,2025-06-12
2539,18,Male,2539,Scarf,Accessories,"3,245",$32.00,New Jersey,M,Silver,Summer,4.2,No,Next Day Air,No,No,33,Credit Card,Bi-Weekly,2025-07-11
2540,33,Male,2540,Sandals,Footwear,"3,247",$73.00,Massachusetts,M,Purple,Fall,4.1,No,Next Day Air,No,No,24,Cash,Bi-Weekly,2025-11-26
2541,24,Male,2541,Belt,Accessories,"3,248",$42.00,New Jersey,M,Charcoal,Summer,3.9,No,Free Shipping,No,No,11,Debit Card,Quarterly,2025-06-25
2542,33,Male,2542,Scarf,Accessories,"3,249",$58.00,Washington,M,Silver,Spring,2.7,No,Next Day Air,No,No,13,Venmo,Every 3 Months,2025-05-26
2543,61,Male,2543,Jewelry,Accessories,"3,250",$22.00,Arkansas,M,White,Winter,3.7,No,Express,No,No,27,PayPal,Annually,2025-12-15
2544,27,Male,2544,Scarf,Accessories,"3,251",$56.00,West Virginia,L,Peach,Spring,2.7,No,Next Day Air,No,No,30,PayPal,Bi-Weekly,2025-05-09
2545,46,Male,2545,Pants,Clothing,"3,253",$70.00,Delaware,M,Red,Spring,2.5,No,Next Day Air,No,No,39,Venmo,Quarterly,2025-04-07
2546,38,Male,2546,Shoes,Footwear,"3,254",$50.00,Texas,L,Olive,Spring,3.9,No,Free Shipping,No,No,10,Debit Card,Annually,2025-04-03
2547,63,Male,2547,Boots,Footwear,"3,255",$21.00,Texas,L,Gray,Summer,3,No,Express,No,No,4,Credit Card,Quarterly,2025-08-12
2548,47,Male,2548,Jacket,Outerwear,"3,256",$97.00,Mississippi,M,Beige,Summer,3.2,No,2-Day Shipping,No,No,16,Cash,Weekly,2025-06-05
2549,42,Male,2549,Backpack,Accessories,"3,257",$63.00,Texas,L,Pink,Winter,3.8,No,Standard,No,No,34,Credit Card,Monthly,2025-01-17
2550,41,Male,2550,Jacket,Outerwear,"3,259",$60.00,Virginia,M,Red,Fall,2.7,No,Standard,No,No,11,Debit Card,Every 3 Months,2025-09-07
2551,53,Male,2551,Boots,Footwear,"3,260",$52.00,New Hampshire,XL,Peach,Fall,3,No,Store Pickup,No,No,30,Debit Card,Fortnightly,2025-11-11
2552,29,Male,2552,Shoes,Footwear,"3,261",$32.00,Minnesota,M,Maroon,Winter,4.1,No,Next Day Air,No,No,40,Debit Card,Annually,2025-02-22
2553,61,Male,2553,Belt,Accessories,"3,262",$48.00,Maryland,XL,Purple,Spring,3.2,No,2-Day Shipping,No,No,13,Credit Card,Annually,2025-05-13
2554,69,Male,2554,Jewelry,Accessories,"3,263",$25.00,Vermont,M,Maroon,Summer,4.5,No,Store Pickup,No,No,28,Venmo,Every 3 Months,2025-06-04
2555,51,Male,2555,Jewelry,Accessories,"3,265",$68.00,Kansas,M,Gray,Summer,4.3,No,Store Pickup,No,No,49,Debit Card,Bi-Weekly,2025-07-23
2556,24,Male,2556,Pants,Clothing,"3,266",$74.00,Idaho,M,Gray,Fall,3.5,No,Standard,No,No,23,Credit Card,Weekly,2025-09-26
2557,24,Male,2557,T-shirt,Clothing,"3,267",$88.00,Montana,XL,Magenta,Fall,3.1,No,Standard,No,No,4,Bank Transfer,Quarterly,2025-11-18
2558,70,Male,2558,Shorts,Clothing,"3,268",$23.00,Oklahoma,L,Cyan,Spring,3.9,No,Standard,No,No,17,PayPal,Fortnightly,2025-04-28
2559,49,Male,2559,Hoodie,Clothing,"3,269",$32.00,California,M,Silver,Fall,2.7,No,Express,No,No,24,PayPal,Fortnightly,2025-10-21
2560,48,Male,2560,Belt,Accessories,"3,271",$71.00,Mississippi,S,Green,Winter,4,No,Free Shipping,No,No,21,Debit Card,Every 3 Months,2025-02-13
2561,58,Male,2561,Boots,Footwear,"3,272",$62.00,California,M,Violet,Spring,2.7,No,Next Day Air,No,No,17,Debit Card,Bi-Weekly,2025-03-14
2562,32,Male,2562,Hoodie,Clothing,"3,273",$20.00,New York,L,Magenta,Spring,2.7,No,Free Shipping,No,No,22,Debit Card,Quarterly,2025-05-12
2563,57,Male,2563,Shorts,Clothing,"3,274",$62.00,Arizona,XL,Yellow,Spring,4.7,No,Standard,No,No,27,Cash,Fortnightly,2025-03-17
2564,69,Male,2564,Backpack,Accessories,"3,275",$81.00,Massachusetts,XL,Gray,Winter,4.5,No,Standard,No,No,1,Venmo,Every 3 Months,2025-02-20
2565,42,Male,2565,Scarf,Accessories,"3,277",$90.00,Kentucky,L,Indigo,Winter,3,No,2-Day Shipping,No,No,27,Bank Transfer,Weekly,2025-12-11
2566,30,Male,2566,Socks,Clothing,"3,278",$43.00,Vermont,S,Indigo,Fall,3.6,No,Store Pickup,No,No,8,Venmo,Quarterly,2025-09-14
2567,35,Male,2567,Handbag,Accessories,"3,279",$38.00,Missouri,S,Yellow,Fall,3.3,No,Standard,No,No,43,PayPal,Quarterly,2025-10-24
2568,19,Male,2568,Sunglasses,Accessories,"3,280",$25.00,Michigan,XL,Gold,Spring,4.3,No,Store Pickup,No,No,24,Cash,Fortnightly,2025-03-02
2569,52,Male,2569,T-shirt,Clothing,"3,281",$98.00,Texas,XL,Green,Winter,4.3,No,Express,No,No,29,PayPal,Fortnightly,2025-12-25
2570,42,Male,2570,Dress,Clothing,"3,283",$75.00,New York,M,Charcoal,Spring,4.8,No,Free Shipping,No,No,10,Bank Transfer,Bi-Weekly,2025-05-23
2571,36,Male,2571,Sneakers,Footwear,"3,284",$27.00,New Mexico,XL,Olive,Spring,4,No,Store Pickup,No,No,12,PayPal,Fortnightly,2025-05-26
2572,45,Male,2572,Sunglasses,Accessories,"3,285",$27.00,Mississippi,L,Black,Winter,3.5,No,Standard,No,No,48,Cash,Fortnightly,2025-01-26
2573,54,Male,2573,Blouse,Clothing,"3,286",$42.00,Washington,M,Silver,Fall,3.9,No,Next Day Air,No,No,40,Bank Transfer,Quarterly,2025-09-05
2574,54,Male,2574,T-shirt,Clothing,"3,287",$90.00,New Mexico,M,Red,Summer,4.4,No,Store Pickup,No,No,1,Bank Transfer,Annually,2025-08-12
2575,27,Male,2575,Hat,Accessories,"3,289",$63.00,Florida,M,Brown,Summer,4.6,No,2-Day Shipping,No,No,26,Credit Card,Fortnightly,2025-07-03
2576,53,Male,2576,Shorts,Clothing,"3,290",$96.00,Minnesota,M,Silver,Fall,4,No,Express,No,No,9,PayPal,Annually,2025-09-27
2577,20,Male,2577,Hoodie,Clothing,"3,291",$40.00,New Hampshire,M,Silver,Winter,4.2,No,Free Shipping,No,No,19,Debit Card,Quarterly,2025-02-02
2578,52,Male,2578,Socks,Clothing,"3,292",$39.00,Minnesota,L,Black,Fall,4.5,No,Next Day Air,No,No,37,Bank Transfer,Monthly,2025-09-20
2579,54,Male,2579,Sunglasses,Accessories,"3,293",$48.00,Vermont,M,Purple,Fall,3.9,No,Free Shipping,No,No,3,Cash,Quarterly,2025-09-11
2580,65,Male,2580,Blouse,Clothing,"3,295",$20.00,Minnesota,M,Purple,Summer,3.7,No,Express,No,No,40,Venmo,Weekly,2025-06-12
2581,43,Male,2581,Jeans,Clothing,"3,296",$29.00,Massachusetts,S,Turquoise,Summer,3.6,No,Store Pickup,No,No,13,Bank Transfer,Quarterly,2025-06-24
2582,57,Male,2582,Dress,Clothing,"3,297",$81.00,Wyoming,M,Gold,Winter,4.7,No,Express,No,No,48,Credit Card,Monthly,2025-01-09
2583,19,Male,2583,Dress,Clothing,"3,298",$98.00,South Dakota,S,Indigo,Fall,3.6,No,2-Day Shipping,No,No,4,Venmo,Every 3 Months,2025-10-05
2584,69,Male,2584,Jeans,Clothing,"3,299",$93.00,Oklahoma,M,Lavender,Fall,2.5,No,Next Day Air,No,No,9,Cash,Weekly,2025-10-03
2585,26,Male,2585,Socks,Clothing,"3,301",$30.00,Florida,L,Blue,Summer,2.9,No,Store Pickup,No,No,26,Bank Transfer,Bi-Weekly,2025-07-19
2586,57,Male,2586,Sunglasses,Accessories,"3,302",$37.00,Wisconsin,L,Maroon,Fall,4.4,No,Free Shipping,No,No,19,Debit Card,Weekly,2025-10-01
2587,20,Male,2587,Coat,Outerwear,"3,303",$28.00,Maine,L,Yellow,Winter,4.6,No,Express,No,No,1,Credit Card,Every 3 Months,2025-01-07
2588,55,Male,2588,Scarf,Accessories,"3,304",$29.00,Connecticut,M,Purple,Winter,3.7,No,Express,No,No,29,PayPal,Every 3 Months,2025-12-06
2589,44,Male,2589,Backpack,Accessories,"3,305",$49.00,Delaware,M,Peach,Summer,3.2,No,Free Shipping,No,No,38,Venmo,Bi-Weekly,2025-08-24
2590,52,Male,2590,Pants,Clothing,"3,307",$53.00,North Dakota,M,Silver,Winter,4.9,No,2-Day Shipping,No,No,31,PayPal,Annually,2025-02-03
2591,57,Male,2591,Gloves,Accessories,"3,308",$66.00,California,M,Turquoise,Summer,5,No,Free Shipping,No,No,35,Venmo,Annually,2025-07-25
2592,40,Male,2592,Jacket,Outerwear,"3,309",$61.00,New Mexico,S,Olive,Spring,3.3,No,Express,No,No,40,Cash,Quarterly,2025-05-11
2593,23,Male,2593,Shorts,Clothing,"3,310",$23.00,Iowa,XL,Peach,Summer,4.4,No,Store Pickup,No,No,13,Venmo,Quarterly,2025-08-09
2594,36,Male,2594,Pants,Clothing,"3,311",$36.00,Colorado,S,Indigo,Fall,4.7,No,Store Pickup,No,No,9,Bank Transfer,Every 3 Months,2025-10-13
2595,59,Male,2595,Skirt,Clothing,"3,313",$81.00,Montana,L,Indigo,Fall,3.6,No,Free Shipping,No,No,25,Cash,Every 3 Months,2025-11-17
2596,29,Male,2596,Blouse,Clothing,"3,314",$56.00,Iowa,XL,Maroon,Summer,3.2,No,Free Shipping,No,No,3,Bank Transfer,Bi-Weekly,2025-08-17
2597,63,Male,2597,Shirt,Clothing,"3,315",$78.00,Louisiana,L,Black,Spring,3,No,Next Day Air,No,No,35,Credit Card,Monthly,2025-03-10
2598,60,Male,2598,Jewelry,Accessories,"3,316",$25.00,Alabama,XL,Teal,Summer,4.4,No,Store Pickup,No,No,13,Venmo,Bi-Weekly,2025-08-01
2599,64,Male,2599,Backpack,Accessories,"3,317",$86.00,Nevada,XL,Olive,Fall,3.3,No,Express,No,No,31,Debit Card,Annually,2025-09-21
2600,63,Male,2600,Jewelry,Accessories,"3,319",$99.00,Vermont,M,Gold,Winter,3.4,No,Express,No,No,48,Credit Card,Monthly,2025-02-17
2601,21,Male,2601,Belt,Accessories,"3,320",$83.00,New York,M,Gray,Fall,3.9,No,Express,No,No,6,Bank Transfer,Bi-Weekly,2025-10-08
2602,61,Male,2602,Dress,Clothing,"3,321",$33.00,Mississippi,L,Orange,Winter,2.9,No,Store Pickup,No,No,43,Cash,Monthly,2025-02-16
2603,65,Male,2603,Coat,Outerwear,"3,322",$44.00,South Carolina,M,Black,Fall,2.9,No,Free Shipping,No,No,1,Venmo,Quarterly,2025-10-13
2604,69,Male,2604,Dress,Clothing,"3,323",$58.00,Washington,M,Teal,Spring,2.7,No,2-Day Shipping,No,No,8,Cash,Annually,2025-04-22
2605,47,Male,2605,Sweater,Clothing,"3,325",$54.00,Colorado,M,Beige,Spring,3.4,No,Store Pickup,No,No,6,Debit Card,Weekly,2025-03-16
2606,41,Male,2606,Hoodie,Clothing,"3,326",$93.00,Nevada,M,White,Spring,3.7,No,2-Day Shipping,No,No,32,Venmo,Fortnightly,2025-05-06
2607,68,Male,2607,Shoes,Footwear,"3,327",$98.00,Nevada,L,Turquoise,Spring,4.7,No,Standard,No,No,46,Bank Transfer,Bi-Weekly,2025-03-07
2608,41,Male,2608,Shoes,Footwear,"3,328",$36.00,Oklahoma,XL,Teal,Spring,3.1,No,Express,No,No,38,PayPal,Every 3 Months,2025-05-03
2609,42,Male,2609,Jacket,Outerwear,"3,329",$68.00,Mississippi,L,Orange,Fall,4.2,No,2-Day Shipping,No,No,48,Credit Card,Fortnightly,2025-09-27
2610,66,Male,2610,Backpack,Accessories,"3,331",$95.00,Arkansas,M,Black,Summer,3,No,Store Pickup,No,No,18,Debit Card,Bi-Weekly,2025-08-10
2611,66,Male,2611,Jeans,Clothing,"3,332",$93.00,West Virginia,M,Violet,Spring,3.1,No,Express,No,No,25,Cash,Quarterly,2025-05-27
2612,33,Male,2612,Jacket,Outerwear,"3,333",$99.00,Michigan,L,Maroon,Fall,4.2,No,2-Day Shipping,No,No,4,Cash,Fortnightly,2025-10-13
2613,55,Male,2613,Sunglasses,Accessories,"3,334",$22.00,Louisiana,M,Turquoise,Winter,3.8,No,Next Day Air,No,No,27,Venmo,Quarterly,2025-02-09
2614,58,Male,2614,Gloves,Accessories,"3,335",$88.00,South Dakota,M,Gold,Fall,2.9,No,Express,No,No,14,Bank Transfer,Monthly,2025-11-26
2615,18,Male,2615,Jacket,Outerwear,"3,337",$65.00,North Dakota,M,Turquoise,Spring,4.2,No,Express,No,No,36,Bank Transfer,Fortnightly,2025-04-12
2616,49,Male,2616,T-shirt,Clothing,"3,338",$62.00,Arizona,M,Maroon,Fall,3.1,No,2-Day Shipping,No,No,6,Debit Card,Quarterly,2025-10-23
2617,61,Male,2617,Sandals,Footwear,"3,339",$55.00,Georgia,XL,Purple,Spring,3.6,No,Express,No,No,46,Cash,Annually,2025-04-27
2618,31,Male,2618,Shorts,Clothing,"3,340",$97.00,Idaho,S,Maroon,Spring,4.8,No,Standard,No,No,29,Bank Transfer,Annually,2025-04-18
2619,70,Male,2619,Handbag,Accessories,"3,341",$77.00,Louisiana,L,Brown,Fall,4.1,No,Express,No,No,12,Venmo,Monthly,2025-10-20
2620,68,Male,2620,Pants,Clothing,"3,343",$40.00,Connecticut,L,Indigo,Winter,3.9,No,Free Shipping,No,No,47,Credit Card,Weekly,2025-02-25
2621,27,Male,2621,Blouse,Clothing,"3,344",$23.00,Ohio,S,Lavender,Winter,3,No,Standard,No,No,28,Debit Card,Annually,2025-02-17
2622,48,Male,2622,Shoes,Footwear,"3,345",$46.00,Maine,M,Beige,Winter,3,No,Express,No,No,21,Bank Transfer,Annually,2025-02-09
2623,63,Male,2623,Backpack,Accessories,"3,346",$75.00,New Hampshire,M,Yellow,Spring,4.9,No,2-Day Shipping,No,No,15,Credit Card,Annually,2025-03-04
2624,49,Male,2624,Shoes,Footwear,"3,347",$76.00,Massachusetts,M,Gold,Fall,4.8,No,Next Day Air,No,No,38,Cash,Annually,2025-11-21
2625,19,Male,2625,Dress,Clothing,"3,349",$59.00,South Dakota,M,Indigo,Summer,3.3,No,Standard,No,No,19,Credit Card,Annually,2025-08-26
2626,30,Male,2626,Skirt,Clothing,"3,350",$51.00,Colorado,L,Cyan,Summer,2.7,No,Standard,No,No,31,Credit Card,Weekly,2025-07-25
2627,50,Male,2627,Jacket,Outerwear,"3,351",$46.00,Rhode Island,XL,Silver,Fall,4.2,No,Express,No,No,30,Credit Card,Every 3 Months,2025-11-20
2628,66,Male,2628,Shirt,Clothing,"3,352",$26.00,Missouri,L,Silver,Fall,3.6,No,Next Day Air,No,No,40,Bank Transfer,Quarterly,2025-09-05
2629,25,Male,2629,Hoodie,Clothing,"3,353",$51.00,Wyoming,M,Silver,Summer,3.8,No,Next Day Air,No,No,42,Credit Card,Bi-Weekly,2025-07-24
2630,61,Male,2630,Scarf,Accessories,"3,355",$44.00,New Hampshire,M,Peach,Winter,3.8,No,Free Shipping,No,No,25,Venmo,Annually,2025-12-25
2631,29,Male,2631,Skirt,Clothing,"3,356",$82.00,Maine,S,Pink,Spring,4.2,No,Free Shipping,No,No,20,Cash,Quarterly,2025-04-18
2632,53,Male,2632,Skirt,Clothing,"3,357",$44.00,Connecticut,S,Violet,Summer,2.7,No,Express,No,No,3,Cash,Weekly,2025-07-05
2633,24,Male,2633,Scarf,Accessories,"3,358",$27.00,Alaska,M,Black,Fall,5,No,Next Day Air,No,No,14,Cash,Annually,2025-09-24
2634,51,Male,2634,Sunglasses,Accessories,"3,359",$90.00,Alaska,M,Purple,Fall,4.7,No,Next Day Air,No,No,32,Credit Card,Fortnightly,2025-11-13
2635,26,Male,2635,Sandals,Footwear,"3,361",$58.00,North Carolina,S,Black,Summer,3.2,No,Store Pickup,No,No,20,PayPal,Every 3 Months,2025-06-10
2636,59,Male,2636,Hoodie,Clothing,"3,362",$80.00,Colorado,XL,Peach,Spring,2.9,No,2-Day Shipping,No,No,34,PayPal,Fortnightly,2025-03-13
2637,41,Male,2637,Jacket,Outerwear,"3,363",$40.00,Utah,S,Magenta,Winter,4.2,No,Store Pickup,No,No,6,Venmo,Annually,2025-01-07
2638,20,Male,2638,Pants,Clothing,"3,364",$23.00,Alabama,M,Magenta,Spring,3.7,No,Store Pickup,No,No,2,PayPal,Annually,2025-05-20
2639,22,Male,2639,Shirt,Clothing,"3,365",$34.00,Hawaii,S,Black,Spring,4.2,No,Store Pickup,No,No,35,Credit Card,Annually,2025-04-16
2640,18,Male,2640,Blouse,Clothing,"3,367",$35.00,New Hampshire,XL,Pink,Winter,2.6,No,Free Shipping,No,No,33,Debit Card,Quarterly,2025-01-16
2641,30,Male,2641,Skirt,Clothing,"3,368",$75.00,Indiana,L,Olive,Summer,4,No,Store Pickup,No,No,45,Venmo,Bi-Weekly,2025-08-08
2642,25,Male,2642,Sunglasses,Accessories,"3,369",$60.00,Vermont,XL,Olive,Winter,2.7,No,Next Day Air,No,No,20,Bank Transfer,Every 3 Months,2025-01-05
2643,39,Male,2643,Belt,Accessories,"3,370",$87.00,Iowa,L,Peach,Summer,4,No,Store Pickup,No,No,48,Bank Transfer,Annually,2025-07-01
2644,49,Male,2644,Gloves,Accessories,"3,371",$41.00,Maryland,S,Silver,Spring,2.9,No,Next Day Air,No,No,37,Cash,Monthly,2025-03-26
2645,25,Male,2645,Pants,Clothing,"3,373",$83.00,New Mexico,M,Turquoise,Spring,3.3,No,Standard,No,No,4,Bank Transfer,Every 3 Months,2025-03-02
2646,23,Male,2646,Scarf,Accessories,"3,374",$81.00,Louisiana,L,Olive,Spring,4,No,Store Pickup,No,No,24,Bank Transfer,Bi-Weekly,2025-04-02
2647,33,Male,2647,T-shirt,Clothing,"3,375",$56.00,New Mexico,S,Lavender,Summer,3.9,No,Next Day Air,No,No,4,Debit Card,Every 3 Months,2025-08-24
2648,60,Male,2648,Shoes,Footwear,"3,376",$58.00,South Carolina,M,Red,Summer,3.3,No,2-Day Shipping,No,No,25,Debit Card,Annually,2025-07-18
2649,51,Male,2649,Pants,Clothing,"3,377",$84.00,Illinois,M,Gray,Spring,3.9,No,Next Day Air,No,No,14,PayPal,Bi-Weekly,2025-03-19
2650,23,Male,2650,Gloves,Accessories,"3,379",$21.00,Minnesota,M,Magenta,Fall,3.9,No,Store Pickup,No,No,14,Bank Transfer,Fortnightly,2025-09-16
2651,20,Male,2651,Socks,Clothing,"3,380",$35.00,Oregon,L,Maroon,Summer,4.2,No,Standard,No,No,46,Credit Card,Every 3 Months,2025-08-18
2652,51,Male,2652,Sneakers,Footwear,"3,381",$43.00,Tennessee,M,Cyan,Summer,4.6,No,Store Pickup,No,No,27,PayPal,Quarterly,2025-07-01
2653,23,Female,2653,Shorts,Clothing,"3,382",$20.00,Maryland,L,Cyan,Summer,3.3,No,2-Day Shipping,No,No,46,Credit Card,Monthly,2025-07-28
2654,67,Female,2654,Blouse,Clothing,"3,383",$36.00,Wisconsin,L,Lavender,Fall,4.8,No,Express,No,No,24,Venmo,Every 3 Months,2025-10-21
2655,23,Female,2655,Coat,Outerwear,"3,385",$70.00,Idaho,S,Pink,Fall,4.1,No,Next Day Air,No,No,4,PayPal,Annually,2025-09-03
2656,26,Female,2656,Sunglasses,Accessories,"3,386",$83.00,Wyoming,M,Gray,Summer,3.4,No,Standard,No,No,2,Credit Card,Fortnightly,2025-07-07
2657,52,Female,2657,Shorts,Clothing,"3,387",$76.00,Indiana,L,Yellow,Winter,3.6,No,Express,No,No,29,Bank Transfer,Fortnightly,2025-02-21
2658,52,Female,2658,Dress,Clothing,"3,388",$81.00,Texas,M,Pink,Summer,2.7,No,Express,No,No,7,Credit Card,Fortnightly,2025-06-17
2659,52,Female,2659,Handbag,Accessories,"3,389",$47.00,Ohio,XL,Indigo,Summer,3.2,No,Next Day Air,No,No,39,PayPal,Monthly,2025-07-03
2660,35,Female,2660,Boots,Footwear,"3,391",$35.00,Kansas,L,Gray,Summer,4.4,No,2-Day Shipping,No,No,46,Credit Card,Fortnightly,2025-08-04
2661,24,Female,2661,Pants,Clothing,"3,392",$85.00,South Carolina,L,Yellow,Spring,4.9,No,Express,No,No,44,Venmo,Annually,2025-05-11
2662,43,Female,2662,Boots,Footwear,"3,393",$96.00,Michigan,XL,Olive,Fall,4.8,No,Express,No,No,20,Bank Transfer,Annually,2025-11-14
2663,25,Female,2663,Skirt,Clothing,"3,394",$98.00,Nebraska,M,Cyan,Summer,2.8,No,2-Day Shipping,No,No,44,PayPal,Fortnightly,2025-08-14
2664,46,Female,2664,Sneakers,Footwear,"3,395",$52.00,Wisconsin,L,Silver,Fall,2.9,No,Free Shipping,No,No,23,Bank Transfer,Annually,2025-10-18
2665,22,Female,2665,Jewelry,Accessories,"3,397",$84.00,Illinois,L,Silver,Winter,3.2,No,Store Pickup,No,No,37,PayPal,Weekly,2025-01-11
2666,70,Female,2666,T-shirt,Clothing,"3,398",$71.00,Louisiana,L,Red,Winter,3.5,No,Store Pickup,No,No,4,Venmo,Weekly,2025-02-12
2667,49,Female,2667,Sandals,Footwear,"3,399",$95.00,Ohio,S,Brown,Winter,4.1,No,Store Pickup,No,No,14,Venmo,Fortnightly,2025-12-17
2668,48,Female,2668,Boots,Footwear,"3,400",$47.00,Maryland,M,Orange,Summer,4.1,No,Free Shipping,No,No,31,Cash,Fortnightly,2025-07-17
2669,59,Female,2669,Coat,Outerwear,"3,401",$75.00,Texas,M,Black,Summer,4.8,No,Next Day Air,No,No,9,PayPal,Quarterly,2025-07-07
2670,39,Female,2670,Belt,Accessories,"3,403",$28.00,Illinois,L,Teal,Spring,2.8,No,Free Shipping,No,No,31,Credit Card,Weekly,2025-04-09
2671,30,Female,2671,Sunglasses,Accessories,"3,404",$44.00,Pennsylvania,M,Yellow,Fall,4.7,No,Express,No,No,26,Bank Transfer,Bi-Weekly,2025-11-28
2672,37,Female,2672,Sandals,Footwear,"3,405",$64.00,Alabama,XL,Gray,Winter,4.8,No,2-Day Shipping,No,No,41,PayPal,Every 3 Months,2025-01-13
2673,56,Female,2673,Boots,Footwear,"3,406",$28.00,West Virginia,M,Maroon,Spring,2.9,No,Standard,No,No,13,Cash,Annually,2025-03-24
2674,67,Female,2674,Hoodie,Clothing,"3,407",$21.00,Nevada,M,Olive,Summer,2.6,No,2-Day Shipping,No,No,4,Cash,Monthly,2025-06-26
2675,40,Female,2675,Hat,Accessories,"3,409",$41.00,Florida,S,Charcoal,Fall,3.3,No,Express,No,No,15,Cash,Every 3 Months,2025-10-19
2676,24,Female,2676,Shorts,Clothing,"3,410",$38.00,Virginia,M,Peach,Winter,3.4,No,Free Shipping,No,No,38,Cash,Bi-Weekly,2025-02-12
2677,43,Female,2677,Backpack,Accessories,"3,411",$77.00,Kentucky,M,Maroon,Spring,3.6,No,Free Shipping,No,No,3,Cash,Fortnightly,2025-03-05
2678,45,Female,2678,Shorts,Clothing,"3,412",$43.00,Connecticut,L,Olive,Spring,3.8,No,Next Day Air,No,No,6,PayPal,Every 3 Months,2025-04-11
2679,33,Female,2679,Belt,Accessories,"3,413",$91.00,Montana,M,Magenta,Spring,3.4,No,2-Day Shipping,No,No,34,Credit Card,Bi-Weekly,2025-04-13
2680,53,Female,2680,Shorts,Clothing,"3,415",$68.00,Montana,S,Yellow,Spring,3.8,No,Express,No,No,7,Debit Card,Quarterly,2025-05-04
2681,44,Female,2681,Socks,Clothing,"3,416",$37.00,Nebraska,L,Indigo,Fall,3.3,No,Next Day Air,No,No,21,Venmo,Annually,2025-09-04
2682,23,Female,2682,Shoes,Footwear,"3,417",$23.00,Massachusetts,L,Olive,Summer,4.8,No,Standard,No,No,17,Debit Card,Monthly,2025-08-06
2683,59,Female,2683,Sneakers,Footwear,"3,418",$65.00,North Carolina,L,Maroon,Winter,3.9,No,2-Day Shipping,No,No,5,Venmo,Every 3 Months,2025-12-09
2684,68,Female,2684,Backpack,Accessories,"3,419",$30.00,Montana,M,Indigo,Summer,4.2,No,Next Day Air,No,No,21,Cash,Fortnightly,2025-06-13
2685,46,Female,2685,Dress,Clothing,"3,421",$45.00,Washington,M,Gray,Summer,4.7,No,Free Shipping,No,No,42,Credit Card,Bi-Weekly,2025-08-16
2686,56,Female,2686,Boots,Footwear,"3,422",$25.00,Virginia,M,Gray,Winter,2.7,No,Express,No,No,49,Credit Card,Quarterly,2025-12-01
2687,40,Female,2687,Socks,Clothing,"3,423",$72.00,Georgia,M,Black,Winter,3.8,No,2-Day Shipping,No,No,33,Cash,Fortnightly,2025-02-10
2688,61,Female,2688,Dress,Clothing,"3,424",$75.00,Delaware,M,White,Fall,3.6,No,2-Day Shipping,No,No,12,Debit Card,Bi-Weekly,2025-10-22
2689,53,Female,2689,Handbag,Accessories,"3,425",$63.00,West Virginia,XL,Turquoise,Spring,2.9,No,2-Day Shipping,No,No,18,Credit Card,Every 3 Months,2025-04-08
2690,29,Female,2690,Blouse,Clothing,"3,427",$35.00,Wyoming,M,Orange,Fall,3.9,No,Standard,No,No,47,PayPal,Quarterly,2025-10-15
2691,44,Female,2691,Belt,Accessories,"3,428",$32.00,New Mexico,L,Yellow,Summer,4.7,No,Free Shipping,No,No,18,Bank Transfer,Weekly,2025-08-20
2692,43,Female,2692,Pants,Clothing,"3,429",$25.00,Nebraska,L,Blue,Winter,3.3,No,2-Day Shipping,No,No,48,Cash,Monthly,2025-12-07
2693,40,Female,2693,Sneakers,Footwear,"3,430",$90.00,Washington,XL,Violet,Spring,4.2,No,Free Shipping,No,No,18,Debit Card,Every 3 Months,2025-05-07
2694,55,Female,2694,Boots,Footwear,"3,431",$70.00,Hawaii,L,Lavender,Summer,2.6,No,Standard,No,No,46,Cash,Quarterly,2025-06-20
2695,66,Female,2695,Sunglasses,Accessories,"3,433",$27.00,Louisiana,M,Olive,Spring,4.9,No,Express,No,No,34,Credit Card,Every 3 Months,2025-04-11
2696,50,Female,2696,Hat,Accessories,"3,434",$92.00,Tennessee,M,Orange,Fall,3.6,No,Standard,No,No,10,PayPal,Bi-Weekly,2025-11-21
2697,57,Female,2697,Coat,Outerwear,"3,435",$20.00,South Dakota,M,White,Spring,4.7,No,Free Shipping,No,No,12,Debit Card,Monthly,2025-04-16
2698,42,Female,2698,Jacket,Outerwear,"3,436",$52.00,Delaware,L,Red,Winter,3.2,No,Standard,No,No,36,Bank Transfer,Quarterly,2025-01-12
2699,55,Female,2699,Hoodie,Clothing,"3,437",$57.00,Virginia,M,Magenta,Summer,3.6,No,Store Pickup,No,No,34,Venmo,Quarterly,2025-06-04
2700,25,Female,2700,Boots,Footwear,"3,439",$96.00,Utah,M,Violet,Fall,3.6,No,2-Day Shipping,No,No,49,Debit Card,Annually,2025-10-23
2701,22,Female,2701,T-shirt,Clothing,"3,440",$68.00,California,XL,Olive,Winter,3.2,No,Standard,No,No,36,Cash,Weekly,2025-01-11
2702,49,Female,2702,Sweater,Clothing,"3,441",$30.00,Idaho,L,Silver,Summer,2.8,No,Store Pickup,No,No,18,Bank Transfer,Fortnightly,2025-07-03
2703,70,Female,2703,Shoes,Footwear,"3,442",$37.00,Texas,L,Gray,Fall,4,No,Next Day Air,No,No,39,Debit Card,Fortnightly,2025-11-02
2704,56,Female,2704,Scarf,Accessories,"3,443",$42.00,Tennessee,XL,Olive,Winter,4.4,No,Free Shipping,No,No,34,PayPal,Weekly,2025-12-07
2705,52,Female,2705,Dress,Clothing,"3,445",$54.00,Tennessee,L,Beige,Spring,3.4,No,Next Day Air,No,No,35,Debit Card,Weekly,2025-03-06
2706,65,Female,2706,Jacket,Outerwear,"3,446",$81.00,Washington,S,Turquoise,Spring,5,No,Store Pickup,No,No,1,Credit Card,Bi-Weekly,2025-04-28
2707,24,Female,2707,Shoes,Footwear,"3,447",$40.00,Alabama,S,Blue,Spring,3.1,No,Express,No,No,48,Debit Card,Quarterly,2025-04-08
2708,32,Female,2708,Backpack,Accessories,"3,448",$88.00,Nebraska,M,Pink,Fall,4.2,No,Standard,No,No,19,Cash,Weekly,2025-10-27
2709,57,Female,2709,Dress,Clothing,"3,449",$94.00,Alabama,M,Teal,Summer,3.3,No,Store Pickup,No,No,44,Debit Card,Weekly,2025-07-10
2710,35,Female,2710,Shirt,Clothing,"3,451",$54.00,Illinois,S,Cyan,Winter,2.9,No,Standard,No,No,9,Credit Card,Bi-Weekly,2025-02-22
2711,69,Female,2711,Jacket,Outerwear,"3,452",$51.00,Wisconsin,L,Purple,Summer,4.7,No,Standard,No,No,3,Bank Transfer,Fortnightly,2025-07-19
2712,30,Female,2712,Sunglasses,Accessories,"3,453",$22.00,Nebraska,L,Red,Spring,4,No,Standard,No,No,50,Venmo,Monthly,2025-05-10
2713,37,Female,2713,Jacket,Outerwear,"3,454",$95.00,North Dakota,L,Brown,Fall,4.6,No,Standard,No,No,7,Debit Card,Quarterly,2025-10-03
2714,19,Female,2714,Coat,Outerwear,"3,455",$57.00,Mississippi,M,Magenta,Fall,3.8,No,2-Day Shipping,No,No,20,Debit Card,Annually,2025-09-09
2715,53,Female,2715,Sweater,Clothing,"3,457",$45.00,Iowa,S,Olive,Winter,3.6,No,Store Pickup,No,No,16,Credit Card,Bi-Weekly,2025-01-26
2716,25,Female,2716,Sneakers,Footwear,"3,458",$92.00,Mississippi,XL,Pink,Winter,4.1,No,Express,No,No,29,PayPal,Fortnightly,2025-12-04
2717,47,Female,2717,Shoes,Footwear,"3,459",$40.00,Colorado,L,Black,Spring,2.7,No,Store Pickup,No,No,21,Debit Card,Weekly,2025-04-22
2718,18,Female,2718,Sunglasses,Accessories,"3,460",$62.00,Nebraska,XL,Beige,Winter,4.3,No,Free Shipping,No,No,19,Credit Card,Every 3 Months,2025-12-17
2719,22,Female,2719,Shorts,Clothing,"3,461",$90.00,Virginia,M,Peach,Winter,4.9,No,Next Day Air,No,No,10,Venmo,Bi-Weekly,2025-12-15
2720,69,Female,2720,Hoodie,Clothing,"3,463",$82.00,Louisiana,S,Peach,Fall,4.2,No,Free Shipping,No,No,4,Bank Transfer,Monthly,2025-09-23
2721,55,Female,2721,Scarf,Accessories,"3,464",$52.00,Maryland,M,Peach,Spring,2.8,No,Store Pickup,No,No,45,Bank Transfer,Quarterly,2025-04-03
2722,19,Female,2722,Sandals,Footwear,"3,465",$70.00,Minnesota,S,Teal,Spring,4.9,No,Free Shipping,No,No,17,PayPal,Fortnightly,2025-03-23
2723,23,Female,2723,Hat,Accessories,"3,466",$83.00,Maine,M,Green,Spring,2.8,No,2-Day Shipping,No,No,22,PayPal,Fortnightly,2025-04-06
2724,54,Female,2724,Shoes,Footwear,"3,467",$49.00,Texas,XL,Brown,Summer,2.9,No,Store Pickup,No,No,3,PayPal,Every 3 Months,2025-06-25
2725,52,Female,2725,Sneakers,Footwear,"3,469",$91.00,Missouri,M,Brown,Spring,2.5,No,Next Day Air,No,No,11,Debit Card,Fortnightly,2025-03-16
2726,64,Female,2726,Backpack,Accessories,"3,470",$99.00,Mississippi,S,Violet,Summer,2.7,No,Free Shipping,No,No,4,Debit Card,Annually,2025-06-08
2727,33,Female,2727,Belt,Accessories,"3,471",$92.00,Michigan,L,Blue,Winter,3.3,No,Free Shipping,No,No,11,PayPal,Bi-Weekly,2025-01-17
2728,40,Female,2728,Shirt,Clothing,"3,472",$87.00,Colorado,L,Charcoal,Winter,3.7,No,2-Day Shipping,No,No,47,Credit Card,Fortnightly,2025-01-06
2729,26,Female,2729,Skirt,Clothing,"3,473",$28.00,Florida,M,Pink,Winter,4,No,Express,No,No,17,Debit Card,Weekly,2025-02-01
2730,31,Female,2730,Gloves,Accessories,"3,475",$71.00,Montana,S,Violet,Summer,4.1,No,Free Shipping,No,No,32,Credit Card,Monthly,2025-07-05
2731,23,Female,2731,Gloves,Accessories,"3,476",$32.00,Wisconsin,M,Teal,Winter,4.1,No,Store Pickup,No,No,37,Bank Transfer,Annually,2025-02-25
2732,52,Female,2732,Handbag,Accessories,"3,477",$33.00,Wisconsin,M,Red,Summer,2.5,No,2-Day Shipping,No,No,44,Bank Transfer,Quarterly,2025-08-16
2733,21,Female,2733,Socks,Clothing,"3,478",$75.00,Delaware,L,Orange,Winter,4.2,No,Store Pickup,No,No,27,Debit Card,Every 3 Months,2025-12-13
2734,31,Female,2734,Backpack,Accessories,"3,479",$83.00,North Carolina,M,Magenta,Summer,4.7,No,Express,No,No,46,PayPal,Annually,2025-08-16
2735,63,Female,2735,Jeans,Clothing,"3,481",$93.00,New York,XL,Yellow,Summer,2.7,No,2-Day Shipping,No,No,13,Cash,Bi-Weekly,2025-06-26
2736,46,Female,2736,Skirt,Clothing,"3,482",$29.00,California,M,Yellow,Spring,3,No,Express,No,No,2,PayPal,Bi-Weekly,2025-03-01
2737,44,Female,2737,Hoodie,Clothing,"3,483",$25.00,Montana,M,Pink,Spring,4.8,No,Store Pickup,No,No,45,Credit Card,Annually,2025-05-21
2738,57,Female,2738,Jewelry,Accessories,"3,484",$76.00,North Carolina,S,Indigo,Spring,4.4,No,Free Shipping,No,No,35,Cash,Every 3 Months,2025-04-11
2739,50,Female,2739,Sneakers,Footwear,"3,485",$81.00,Ohio,M,Charcoal,Summer,4.3,No,2-Day Shipping,No,No,39,Venmo,Every 3 Months,2025-06-08
2740,33,Female,2740,Shirt,Clothing,"3,487",$80.00,Alaska,XL,Blue,Winter,2.5,No,Store Pickup,No,No,39,Credit Card,Every 3 Months,2025-01-17
2741,19,Female,2741,Sunglasses,Accessories,"3,488",$70.00,Pennsylvania,M,Lavender,Summer,4.9,No,Free Shipping,No,No,34,Bank Transfer,Fortnightly,2025-07-11
2742,68,Female,2742,Dress,Clothing,"3,489",$81.00,Maine,L,Yellow,Fall,4.9,No,2-Day Shipping,No,No,41,Venmo,Monthly,2025-10-16
2743,27,Female,2743,Shoes,Footwear,"3,490",$86.00,Texas,M,Black,Spring,3.9,No,Free Shipping,No,No,47,Debit Card,Annually,2025-03-16
2744,61,Female,2744,Belt,Accessories,"3,491",$94.00,New Jersey,S,Beige,Fall,4.1,No,2-Day Shipping,No,No,17,Venmo,Quarterly,2025-09-27
2745,38,Female,2745,Shirt,Clothing,"3,493",$66.00,Wyoming,M,Silver,Winter,3.3,No,Store Pickup,No,No,40,Credit Card,Monthly,2025-01-02
2746,28,Female,2746,Boots,Footwear,"3,494",$98.00,Michigan,M,Magenta,Summer,4.1,No,Standard,No,No,44,PayPal,Bi-Weekly,2025-08-21
2747,39,Female,2747,Hoodie,Clothing,"3,495",$25.00,Ohio,M,Orange,Fall,3.7,No,Standard,No,No,21,PayPal,Every 3 Months,2025-11-14
2748,18,Female,2748,Jeans,Clothing,"3,496",$62.00,West Virginia,M,Teal,Winter,3.1,No,Free Shipping,No,No,21,Credit Card,Every 3 Months,2025-12-09
2749,24,Female,2749,Jacket,Outerwear,"3,497",$98.00,Virginia,L,Turquoise,Spring,3,No,Free Shipping,No,No,16,Venmo,Annually,2025-04-20
2750,64,Female,2750,Jacket,Outerwear,"3,499",$53.00,Vermont,M,Cyan,Spring,3.4,No,Standard,No,No,15,Bank Transfer,Annually,2025-04-10
2751,51,Female,2751,Sandals,Footwear,"3,500",$66.00,Alaska,L,Pink,Spring,2.7,No,2-Day Shipping,No,No,26,PayPal,Every 3 Months,2025-04-08
2752,27,Female,2752,Dress,Clothing,"3,501",$52.00,Minnesota,S,Indigo,Fall,3.1,No,Free Shipping,No,No,50,Venmo,Monthly,2025-09-16
2753,48,Female,2753,Sweater,Clothing,"3,502",$64.00,Colorado,S,Peach,Winter,4,No,Free Shipping,No,No,30,Venmo,Bi-Weekly,2025-12-18
2754,69,Female,2754,Gloves,Accessories,"3,503",$59.00,Rhode Island,M,Beige,Spring,3.6,No,Next Day Air,No,No,48,PayPal,Quarterly,2025-05-25
2755,59,Female,2755,Sunglasses,Accessories,"3,505",$61.00,New Jersey,L,Gold,Summer,3.6,No,Free Shipping,No,No,21,Venmo,Bi-Weekly,2025-07-21
2756,59,Female,2756,Belt,Accessories,"3,506",$97.00,Nevada,M,Indigo,Winter,3.3,No,Store Pickup,No,No,18,Credit Card,Annually,2025-12-07
2757,42,Female,2757,Hat,Accessories,"3,507",$23.00,Minnesota,L,Violet,Winter,4.1,No,Free Shipping,No,No,41,PayPal,Monthly,2025-12-14
2758,39,Female,2758,Hat,Accessories,"3,508",$98.00,Delaware,XL,Brown,Fall,4.3,No,Next Day Air,No,No,11,Venmo,Monthly,2025-09-24
2759,32,Female,2759,Blouse,Clothing,"3,509",$98.00,Illinois,M,Purple,Summer,3.2,No,Standard,No,No,8,Bank Transfer,Bi-Weekly,2025-08-24
2760,68,Female,2760,Shoes,Footwear,"3,511",$59.00,Washington,M,Turquoise,Summer,3.9,No,Free Shipping,No,No,42,Cash,Every 3 Months,2025-07-24
2761,41,Female,2761,Skirt,Clothing,"3,512",$82.00,Alaska,S,Violet,Fall,5,No,Next Day Air,No,No,41,Credit Card,Bi-Weekly,2025-09-13
2762,31,Female,2762,Sneakers,Footwear,"3,513",$82.00,Michigan,M,Purple,Fall,3.4,No,Next Day Air,No,No,3,Credit Card,Every 3 Months,2025-09-13
2763,58,Female,2763,T-shirt,Clothing,"3,514",$41.00,Georgia,M,Charcoal,Fall,3.8,No,Store Pickup,No,No,10,Debit Card,Every 3 Months,2025-09-19
2764,28,Female,2764,Handbag,Accessories,"3,515",$52.00,West Virginia,M,Green,Fall,2.9,No,2-Day Shipping,No,No,35,Venmo,Quarterly,2025-10-02
2765,63,Female,2765,Sweater,Clothing,"3,517",$41.00,Arizona,XL,White,Spring,2.6,No,Next Day Air,No,No,2,Debit Card,Weekly,2025-05-10
2766,64,Female,2766,Gloves,Accessories,"3,518",$70.00,Colorado,M,Purple,Summer,4.3,No,2-Day Shipping,No,No,24,Credit Card,Quarterly,2025-08-27
2767,66,Female,2767,Dress,Clothing,"3,519",$91.00,Tennessee,M,Cyan,Winter,2.8,No,Standard,No,No,47,Credit Card,Monthly,2025-02-07
2768,31,Female,2768,Dress,Clothing,"3,520",$95.00,Iowa,M,Green,Spring,4.5,No,Free Shipping,No,No,31,Cash,Monthly,2025-04-26
2769,55,Female,2769,Blouse,Clothing,"3,521",$25.00,Kansas,M,Beige,Spring,3.8,No,2-Day Shipping,No,No,28,PayPal,Bi-Weekly,2025-03-06
2770,32,Female,2770,Shirt,Clothing,"3,523",$89.00,Oklahoma,L,Lavender,Fall,3,No,Standard,No,No,13,Cash,Weekly,2025-10-12
2771,50,Female,2771,Boots,Footwear,"3,524",$44.00,Nebraska,S,Blue,Fall,3.3,No,Express,No,No,22,Bank Transfer,Quarterly,2025-09-25
2772,58,Female,2772,Jacket,Outerwear,"3,525",$52.00,Maryland,S,Beige,Summer,3.1,No,2-Day Shipping,No,No,12,Bank Transfer,Fortnightly,2025-08-10
2773,18,Female,2773,Backpack,Accessories,"3,526",$94.00,Pennsylvania,L,Blue,Spring,3.5,No,Store Pickup,No,No,10,Bank Transfer,Every 3 Months,2025-03-27
2774,39,Female,2774,Pants,Clothing,"3,527",$98.00,Arizona,S,Maroon,Spring,4.6,No,Express,No,No,45,Bank Transfer,Quarterly,2025-04-11
2775,56,Female,2775,Boots,Footwear,"3,529",$40.00,Oklahoma,L,Yellow,Fall,4.1,No,Standard,No,No,42,Credit Card,Quarterly,2025-09-22
2776,37,Female,2776,Socks,Clothing,"3,530",$25.00,Montana,L,Red,Fall,3.6,No,Free Shipping,No,No,16,Debit Card,Weekly,2025-10-09
2777,46,Female,2777,Scarf,Accessories,"3,531",$62.00,Wyoming,L,Green,Fall,2.9,No,Free Shipping,No,No,6,Bank Transfer,Annually,2025-10-10
2778,52,Female,2778,Blouse,Clothing,"3,532",$24.00,Idaho,M,Magenta,Fall,4.8,No,Standard,No,No,28,Credit Card,Every 3 Months,2025-11-15
2779,70,Female,2779,Belt,Accessories,"3,533",$57.00,Pennsylvania,L,Yellow,Spring,3.2,No,Standard,No,No,24,Credit Card,Bi-Weekly,2025-04-10
2780,61,Female,2780,Sunglasses,Accessories,"3,535",$66.00,Montana,L,Blue,Winter,4.3,No,Express,No,No,14,Credit Card,Fortnightly,2025-01-04
2781,33,Female,2781,Boots,Footwear,"3,536",$70.00,Ohio,M,Charcoal,Winter,4.1,No,Next Day Air,No,No,29,PayPal,Fortnightly,2025-12-04
2782,65,Female,2782,Sandals,Footwear,"3,537",$39.00,Mississippi,M,Blue,Spring,4.6,No,Standard,No,No,33,PayPal,Weekly,2025-05-12
2783,41,Female,2783,Gloves,Accessories,"3,538",$34.00,Idaho,S,Cyan,Spring,3.8,No,Free Shipping,No,No,30,PayPal,Annually,2025-05-03
2784,19,Female,2784,Skirt,Clothing,"3,539",$38.00,Virginia,M,Silver,Spring,4.5,No,Next Day Air,No,No,26,Credit Card,Quarterly,2025-04-11
2785,33,Female,2785,Skirt,Clothing,"3,541",$70.00,Idaho,M,Black,Winter,3.1,No,Express,No,No,12,PayPal,Every 3 Months,2025-02-14
2786,53,Female,2786,Blouse,Clothing,"3,542",$80.00,Louisiana,S,Green,Summer,2.9,No,Next Day Air,No,No,13,Bank Transfer,Monthly,2025-06-04
2787,54,Female,2787,Handbag,Accessories,"3,543",$51.00,Colorado,M,Violet,Spring,3.8,No,Next Day Air,No,No,41,Debit Card,Every 3 Months,2025-03-13
2788,36,Female,2788,Boots,Footwear,"3,544",$79.00,West Virginia,XL,Pink,Spring,4.1,No,Next Day Air,No,No,4,Venmo,Fortnightly,2025-05-24
2789,56,Female,2789,Boots,Footwear,"3,545",$92.00,Rhode Island,M,Olive,Summer,3.1,No,Free Shipping,No,No,2,Credit Card,Annually,2025-08-10
2790,28,Female,2790,Sweater,Clothing,"3,547",$85.00,North Carolina,L,Orange,Fall,5,No,Express,No,No,28,Credit Card,Bi-Weekly,2025-10-21
2791,34,Female,2791,Socks,Clothing,"3,548",$63.00,Maine,M,Black,Spring,4.5,No,Free Shipping,No,No,24,Debit Card,Annually,2025-05-04
2792,43,Female,2792,Gloves,Accessories,"3,549",$60.00,Iowa,M,Yellow,Fall,2.8,No,Express,No,No,14,Venmo,Fortnightly,2025-09-27
2793,54,Female,2793,Shorts,Clothing,"3,550",$44.00,Kentucky,L,Violet,Winter,3.2,No,Express,No,No,11,Credit Card,Weekly,2025-12-19
2794,37,Female,2794,Boots,Footwear,"3,551",$57.00,Massachusetts,M,Silver,Spring,3.1,No,Standard,No,No,27,Debit Card,Bi-Weekly,2025-05-19
2795,33,Female,2795,Jacket,Outerwear,"3,553",$24.00,New York,M,Gold,Fall,3.3,No,Standard,No,No,7,Cash,Fortnightly,2025-09-14
2796,33,Female,2796,Scarf,Accessories,"3,554",$35.00,Nebraska,M,Magenta,Winter,3.4,No,Store Pickup,No,No,49,PayPal,Annually,2025-12-08
2797,55,Female,2797,Jacket,Outerwear,"3,555",$73.00,Oklahoma,M,Red,Winter,3.8,No,Store Pickup,No,No,21,Cash,Annually,2025-12-10
2798,63,Female,2798,Jewelry,Accessories,"3,556",$42.00,Oklahoma,M,Green,Winter,3.5,No,Express,No,No,10,Venmo,Every 3 Months,2025-12-23
2799,52,Female,2799,Hoodie,Clothing,"3,557",$20.00,Rhode Island,XL,Red,Winter,4.8,No,Store Pickup,No,No,37,PayPal,Weekly,2025-12-21
2800,23,Female,2800,T-shirt,Clothing,"3,559",$89.00,Maine,L,Pink,Spring,3.9,No,Free Shipping,No,No,9,Bank Transfer,Every 3 Months,2025-03-10
2801,70,Female,2801,Shirt,Clothing,"3,560",$76.00,Arkansas,L,Violet,Fall,3.4,No,Free Shipping,No,No,14,Cash,Bi-Weekly,2025-10-12
2802,64,Female,2802,Shirt,Clothing,"3,561",$56.00,New Mexico,M,Indigo,Winter,2.6,No,Express,No,No,30,PayPal,Annually,2025-01-05
2803,22,Female,2803,Coat,Outerwear,"3,562",$100.00,Hawaii,L,Red,Fall,3.1,No,Store Pickup,No,No,42,Credit Card,Fortnightly,2025-09-02
2804,46,Female,2804,T-shirt,Clothing,"3,563",$44.00,Idaho,M,Violet,Winter,3.3,No,Free Shipping,No,No,31,Bank Transfer,Monthly,2025-02-16
2805,65,Female,2805,Hoodie,Clothing,"3,565",$76.00,South Carolina,M,Cyan,Spring,2.8,No,Standard,No,No,48,Bank Transfer,Every 3 Months,2025-03-20
2806,18,Female,2806,Sunglasses,Accessories,"3,566",$97.00,Nevada,S,Black,Fall,4.3,No,Standard,No,No,48,Cash,Quarterly,2025-10-07
2807,45,Female,2807,Blouse,Clothing,"3,567",$39.00,South Carolina,L,Purple,Spring,2.7,No,Standard,No,No,50,Credit Card,Annually,2025-05-27
2808,56,Female,2808,Hoodie,Clothing,"3,568",$100.00,Maryland,M,Charcoal,Spring,4.4,No,2-Day Shipping,No,No,10,Debit Card,Fortnightly,2025-05-03
2809,49,Female,2809,Skirt,Clothing,"3,569",$62.00,Tennessee,M,Beige,Spring,3.9,No,Free Shipping,No,No,45,PayPal,Every 3 Months,2025-04-06
2810,66,Female,2810,Shorts,Clothing,"3,571",$98.00,Arkansas,XL,Teal,Summer,3,No,Standard,No,No,27,Debit Card,Quarterly,2025-07-04
2811,27,Female,2811,Jeans,Clothing,"3,572",$31.00,Arizona,M,Purple,Summer,4,No,Standard,No,No,10,Debit Card,Fortnightly,2025-07-10
2812,69,Female,2812,Jacket,Outerwear,"3,573",$89.00,Ohio,M,Blue,Fall,3.7,No,Store Pickup,No,No,19,Credit Card,Quarterly,2025-10-03
2813,66,Female,2813,Hoodie,Clothing,"3,574",$91.00,North Dakota,XL,Magenta,Fall,3.8,No,Store Pickup,No,No,1,Credit Card,Every 3 Months,2025-10-03
2814,45,Female,2814,Shirt,Clothing,"3,575",$50.00,Vermont,S,Maroon,Summer,3.3,No,2-Day Shipping,No,No,39,Debit Card,Quarterly,2025-06-10
2815,31,Female,2815,T-shirt,Clothing,"3,577",$32.00,Minnesota,L,Gold,Winter,3.6,No,Standard,No,No,14,Bank Transfer,Monthly,2025-02-19
2816,33,Female,2816,Blouse,Clothing,"3,578",$67.00,Idaho,L,Black,Fall,3.9,No,Free Shipping,No,No,40,Venmo,Every 3 Months,2025-09-14
2817,43,Female,2817,Skirt,Clothing,"3,579",$28.00,Maryland,M,Black,Spring,3.5,No,Free Shipping,No,No,45,Venmo,Weekly,2025-03-28
2818,25,Female,2818,Backpack,Accessories,"3,580",$65.00,South Carolina,XL,Yellow,Winter,3.4,No,Standard,No,No,6,Venmo,Weekly,2025-02-02
2819,46,Female,2819,Shorts,Clothing,"3,581",$73.00,California,M,Turquoise,Fall,4.7,No,Next Day Air,No,No,12,Debit Card,Annually,2025-10-14
2820,67,Female,2820,Shirt,Clothing,"3,583",$27.00,Georgia,L,Lavender,Spring,3,No,Free Shipping,No,No,19,Cash,Monthly,2025-03-23
2821,26,Female,2821,Backpack,Accessories,"3,584",$89.00,Vermont,L,Yellow,Summer,3.9,No,Free Shipping,No,No,5,Cash,Bi-Weekly,2025-06-04
2822,35,Female,2822,Shoes,Footwear,"3,585",$72.00,Georgia,L,Olive,Summer,4.5,No,Standard,No,No,37,Venmo,Monthly,2025-06-09
2823,61,Female,2823,Skirt,Clothing,"3,586",$37.00,New Jersey,S,Brown,Fall,4.1,No,Standard,No,No,33,PayPal,Quarterly,2025-11-03
2824,26,Female,2824,Dress,Clothing,"3,587",$63.00,Utah,M,Olive,Summer,4.5,No,Standard,No,No,47,Debit Card,Bi-Weekly,2025-06-03
2825,39,Female,2825,Hat,Accessories,"3,589",$90.00,Utah,M,Purple,Fall,4,No,Free Shipping,No,No,49,Debit Card,Quarterly,2025-10-14
2826,69,Female,2826,Handbag,Accessories,"3,590",$62.00,North Carolina,M,Yellow,Winter,4.3,No,2-Day Shipping,No,No,28,Bank Transfer,Annually,2025-01-17
2827,32,Female,2827,Handbag,Accessories,"3,591",$43.00,Florida,L,Brown,Fall,3.6,No,Express,No,No,23,Venmo,Annually,2025-11-10
2828,20,Female,2828,Blouse,Clothing,"3,592",$96.00,Wisconsin,M,Magenta,Fall,3.1,No,Next Day Air,No,No,11,Bank Transfer,Bi-Weekly,2025-11-20
2829,25,Female,2829,Scarf,Accessories,"3,593",$83.00,Tennessee,L,Lavender,Fall,2.6,No,Standard,No,No,33,PayPal,Quarterly,2025-09-13
2830,56,Female,2830,Jewelry,Accessories,"3,595",$67.00,Arizona,XL,Teal,Fall,3.4,No,Next Day Air,No,No,47,Cash,Weekly,2025-10-27
2831,63,Female,2831,Skirt,Clothing,"3,596",$90.00,Oregon,L,Cyan,Spring,2.9,No,Store Pickup,No,No,13,Venmo,Every 3 Months,2025-04-14
2832,34,Female,2832,Hoodie,Clothing,"3,597",$53.00,Virginia,L,Pink,Winter,5,No,Express,No,No,4,Credit Card,Weekly,2025-01-11
2833,29,Female,2833,Scarf,Accessories,"3,598",$37.00,Maryland,M,Magenta,Summer,4.6,No,Standard,No,No,40,PayPal,Quarterly,2025-08-11
2834,43,Female,2834,Jeans,Clothing,"3,599",$56.00,Arkansas,M,Teal,Fall,3.3,No,Free Shipping,No,No,19,Cash,Monthly,2025-10-07
2835,39,Female,2835,Jacket,Outerwear,"3,601",$43.00,Texas,M,Indigo,Fall,2.9,No,2-Day Shipping,No,No,17,Credit Card,Weekly,2025-09-26
2836,33,Female,2836,T-shirt,Clothing,"3,602",$84.00,Vermont,S,Pink,Winter,4.9,No,Free Shipping,No,No,7,Venmo,Annually,2025-12-06
2837,51,Female,2837,Pants,Clothing,"3,603",$50.00,Wyoming,M,Charcoal,Winter,5,No,2-Day Shipping,No,No,21,Cash,Bi-Weekly,2025-01-13
2838,65,Female,2838,Shoes,Footwear,"3,604",$88.00,Alabama,M,Brown,Summer,4.5,No,Express,No,No,44,PayPal,Weekly,2025-08-24
2839,51,Female,2839,Jacket,Outerwear,"3,605",$50.00,Maine,M,Blue,Fall,3.7,No,Free Shipping,No,No,2,Bank Transfer,Weekly,2025-11-06
2840,70,Female,2840,Scarf,Accessories,"3,607",$80.00,South Dakota,L,Teal,Summer,2.8,No,Store Pickup,No,No,30,Bank Transfer,Monthly,2025-07-10
2841,40,Female,2841,T-shirt,Clothing,"3,608",$47.00,West Virginia,L,Pink,Spring,3.5,No,Store Pickup,No,No,41,Cash,Annually,2025-05-21
2842,19,Female,2842,Dress,Clothing,"3,609",$33.00,Ohio,XL,Magenta,Winter,3,No,2-Day Shipping,No,No,31,Cash,Weekly,2025-02-21
2843,28,Female,2843,Coat,Outerwear,"3,610",$100.00,Arizona,L,Green,Fall,4.3,No,Standard,No,No,48,Debit Card,Quarterly,2025-10-12
2844,51,Female,2844,Sweater,Clothing,"3,611",$26.00,Ohio,M,White,Summer,3.6,No,Store Pickup,No,No,41,Venmo,Weekly,2025-07-20
2845,32,Female,2845,Hat,Accessories,"3,613",$79.00,New Mexico,M,Indigo,Summer,4.4,No,Standard,No,No,42,Venmo,Annually,2025-08-11
2846,26,Female,2846,Backpack,Accessories,"3,614",$77.00,South Dakota,L,Lavender,Summer,4.1,No,Express,No,No,39,Debit Card,Every 3 Months,2025-08-01
2847,50,Female,2847,Socks,Clothing,"3,615",$36.00,Oklahoma,XL,Black,Fall,2.8,No,Next Day Air,No,No,15,PayPal,Bi-Weekly,2025-09-14
2848,68,Female,2848,Jewelry,Accessories,"3,616",$21.00,Connecticut,L,Charcoal,Winter,2.8,No,Free Shipping,No,No,3,PayPal,Every 3 Months,2025-01-25
2849,33,Female,2849,Boots,Footwear,"3,617",$72.00,Wisconsin,L,Gray,Fall,4.9,No,Store Pickup,No,No,28,Bank Transfer,Quarterly,2025-11-09
2850,56,Female,2850,Coat,Outerwear,"3,619",$25.00,New Hampshire,M,Gold,Spring,4.1,No,Express,No,No,27,PayPal,Bi-Weekly,2025-05-26
2851,57,Female,2851,Sweater,Clothing,"3,620",$79.00,Nebraska,M,Silver,Spring,3,No,Store Pickup,No,No,36,Debit Card,Annually,2025-05-07
2852,58,Female,2852,Blouse,Clothing,"3,621",$73.00,Nevada,L,Teal,Summer,3,No,Store Pickup,No,No,42,Debit Card,Monthly,2025-07-25
2853,40,Female,2853,Belt,Accessories,"3,622",$71.00,New York,M,Magenta,Spring,3,No,Store Pickup,No,No,30,Venmo,Weekly,2025-04-24
2854,37,Female,2854,Hat,Accessories,"3,623",$48.00,Pennsylvania,M,Magenta,Winter,3.2,No,Next Day Air,No,No,9,PayPal,Weekly,2025-01-03
2855,36,Female,2855,Sandals,Footwear,"3,625",$28.00,Delaware,M,Beige,Fall,2.7,No,Store Pickup,No,No,25,Venmo,Monthly,2025-10-23
2856,29,Female,2856,Boots,Footwear,"3,626",$95.00,Mississippi,S,Maroon,Winter,3.8,No,2-Day Shipping,No,No,33,PayPal,Quarterly,2025-01-15
2857,65,Female,2857,Jacket,Outerwear,"3,627",$48.00,Iowa,M,Indigo,Winter,3.5,No,2-Day Shipping,No,No,31,Credit Card,Monthly,2025-01-02
2858,44,Female,2858,Dress,Clothing,"3,628",$93.00,Utah,S,Maroon,Spring,3.8,No,Next Day Air,No,No,35,Debit Card,Monthly,2025-03-10
2859,34,Female,2859,Jeans,Clothing,"3,629",$87.00,Maryland,L,Teal,Summer,3.8,No,2-Day Shipping,No,No,46,Bank Transfer,Monthly,2025-07-01
2860,31,Female,2860,Shorts,Clothing,"3,631",$32.00,Utah,L,Yellow,Fall,3.4,No,Express,No,No,29,Bank Transfer,Annually,2025-11-21
2861,28,Female,2861,Shirt,Clothing,"3,632",$38.00,Rhode Island,M,Gold,Spring,2.9,No,Next Day Air,No,No,49,Bank Transfer,Weekly,2025-03-02
2862,66,Female,2862,Coat,Outerwear,"3,633",$54.00,Maryland,M,Teal,Fall,3.4,No,Free Shipping,No,No,27,Credit Card,Monthly,2025-10-14
2863,68,Female,2863,Coat,Outerwear,"3,634",$75.00,Hawaii,S,Violet,Summer,4.7,No,Store Pickup,No,No,5,Bank Transfer,Every 3 Months,2025-07-13
2864,37,Female,2864,T-shirt,Clothing,"3,635",$56.00,Connecticut,M,Yellow,Fall,3.9,No,2-Day Shipping,No,No,18,Venmo,Monthly,2025-11-18
2865,58,Female,2865,Sweater,Clothing,"3,637",$43.00,Illinois,S,Maroon,Fall,3.6,No,Store Pickup,No,No,31,Venmo,Weekly,2025-10-12
2866,28,Female,2866,Skirt,Clothing,"3,638",$97.00,California,M,Silver,Fall,3.7,No,Free Shipping,No,No,27,Cash,Fortnightly,2025-11-18
2867,54,Female,2867,Blouse,Clothing,"3,639",$75.00,Connecticut,S,Violet,Summer,3.1,No,Free Shipping,No,No,19,Cash,Annually,2025-08-20
2868,21,Female,2868,Sneakers,Footwear,"3,640",$55.00,Colorado,L,White,Summer,4.9,No,Next Day Air,No,No,33,Cash,Fortnightly,2025-08-23
2869,45,Female,2869,Backpack,Accessories,"3,641",$49.00,Colorado,M,Black,Winter,2.6,No,Next Day Air,No,No,42,PayPal,Every 3 Months,2025-01-21
2870,57,Female,2870,Socks,Clothing,"3,643",$58.00,Georgia,M,White,Summer,4.2,No,Standard,No,No,16,Bank Transfer,Weekly,2025-06-02
2871,47,Female,2871,Jewelry,Accessories,"3,644",$34.00,North Dakota,M,Blue,Winter,4.8,No,Free Shipping,No,No,49,Debit Card,Every 3 Months,2025-12-07
2872,46,Female,2872,Shorts,Clothing,"3,645",$43.00,Idaho,S,Black,Summer,2.7,No,2-Day Shipping,No,No,40,Venmo,Bi-Weekly,2025-08-15
2873,63,Female,2873,Jewelry,Accessories,"3,646",$48.00,Connecticut,L,Olive,Fall,2.6,No,Next Day Air,No,No,5,Cash,Annually,2025-09-16
2874,44,Female,2874,Sweater,Clothing,"3,647",$40.00,Montana,M,Teal,Spring,2.6,No,Free Shipping,No,No,8,Bank Transfer,Monthly,2025-04-06
2875,36,Female,2875,Shirt,Clothing,"3,649",$29.00,Colorado,L,Silver,Summer,3.1,No,Standard,No,No,2,Debit Card,Annually,2025-07-20
2876,24,Female,2876,Pants,Clothing,"3,650",$81.00,Kentucky,M,Pink,Fall,2.6,No,Free Shipping,No,No,14,Debit Card,Weekly,2025-11-10
2877,65,Female,2877,Hoodie,Clothing,"3,651",$84.00,New Mexico,M,Charcoal,Spring,3.4,No,2-Day Shipping,No,No,5,Bank Transfer,Fortnightly,2025-04-03
2878,32,Female,2878,Socks,Clothing,"3,652",$46.00,New Jersey,M,Silver,Summer,3.6,No,Standard,No,No,34,Venmo,Monthly,2025-06-12
2879,63,Female,2879,Dress,Clothing,"3,653",$86.00,California,L,Turquoise,Summer,4.3,No,Next Day Air,No,No,13,Bank Transfer,Annually,2025-07-19
2880,62,Female,2880,Blouse,Clothing,"3,655",$57.00,North Dakota,XL,Turquoise,Winter,4.9,No,Free Shipping,No,No,31,Venmo,Annually,2025-02-12
2881,19,Female,2881,Skirt,Clothing,"3,656",$61.00,Florida,L,Beige,Winter,4.8,No,Store Pickup,No,No,43,PayPal,Quarterly,2025-01-20
2882,38,Female,2882,Backpack,Accessories,"3,657",$90.00,Texas,M,Cyan,Winter,4.2,No,Free Shipping,No,No,6,Bank Transfer,Annually,2025-12-10
2883,59,Female,2883,Blouse,Clothing,"3,658",$51.00,Oklahoma,L,Gold,Winter,2.6,No,Store Pickup,No,No,23,Credit Card,Bi-Weekly,2025-12-06
2884,22,Female,2884,Socks,Clothing,"3,659",$48.00,Rhode Island,XL,Silver,Spring,3.2,No,Standard,No,No,10,PayPal,Weekly,2025-03-05
2885,55,Female,2885,Boots,Footwear,"3,661",$50.00,Arkansas,M,Purple,Summer,3.4,No,2-Day Shipping,No,No,47,Credit Card,Every 3 Months,2025-07-27
2886,29,Female,2886,Backpack,Accessories,"3,662",$82.00,Nevada,M,Yellow,Summer,3.5,No,Next Day Air,No,No,14,Credit Card,Bi-Weekly,2025-06-10
2887,42,Female,2887,Hat,Accessories,"3,663",$33.00,Utah,L,Blue,Spring,4.2,No,Free Shipping,No,No,29,PayPal,Weekly,2025-03-06
2888,23,Female,2888,Sandals,Footwear,"3,664",$28.00,Kentucky,L,Blue,Winter,2.8,No,Express,No,No,12,Cash,Bi-Weekly,2025-12-28
2889,70,Female,2889,Hoodie,Clothing,"3,665",$42.00,Wisconsin,L,Green,Spring,5,No,2-Day Shipping,No,No,25,Debit Card,Quarterly,2025-05-13
2890,64,Female,2890,Sunglasses,Accessories,"3,667",$43.00,Minnesota,M,Charcoal,Fall,3.3,No,Store Pickup,No,No,21,Venmo,Annually,2025-10-20
2891,39,Female,2891,Jeans,Clothing,"3,668",$55.00,North Dakota,M,Violet,Winter,3.7,No,Free Shipping,No,No,23,Credit Card,Monthly,2025-12-02
2892,47,Female,2892,T-shirt,Clothing,"3,669",$73.00,Ohio,XL,Black,Winter,2.5,No,Free Shipping,No,No,10,PayPal,Monthly,2025-02-07
2893,22,Female,2893,Dress,Clothing,"3,670",$39.00,Nevada,M,Teal,Spring,3.2,No,Standard,No,No,47,Credit Card,Monthly,2025-04-25
2894,69,Female,2894,Belt,Accessories,"3,671",$20.00,Kentucky,S,Orange,Spring,3.1,No,Free Shipping,No,No,44,Debit Card,Every 3 Months,2025-04-04
2895,35,Female,2895,Jewelry,Accessories,"3,673",$32.00,Kentucky,S,Brown,Spring,3.5,No,Standard,No,No,41,Venmo,Annually,2025-04-09
2896,56,Female,2896,Hoodie,Clothing,"3,674",$86.00,Montana,L,Green,Summer,4.6,No,Standard,No,No,29,Bank Transfer,Monthly,2025-07-08
2897,30,Female,2897,Blouse,Clothing,"3,675",$91.00,Delaware,M,Silver,Summer,3.3,No,Free Shipping,No,No,2,Venmo,Every 3 Months,2025-06-23
2898,43,Female,2898,Jacket,Outerwear,"3,676",$59.00,Montana,L,Violet,Fall,2.5,No,Free Shipping,No,No,2,Cash,Fortnightly,2025-10-28
2899,23,Female,2899,Sneakers,Footwear,"3,677",$33.00,New Jersey,XL,Peach,Summer,4.6,No,Express,No,No,29,Credit Card,Annually,2025-08-24
2900,50,Female,2900,Boots,Footwear,"3,679",$64.00,Nebraska,M,Gold,Spring,4.2,No,2-Day Shipping,No,No,22,Bank Transfer,Fortnightly,2025-05-21
2901,41,Female,2901,Blouse,Clothing,"3,680",$67.00,Maryland,XL,Violet,Winter,4,No,Standard,No,No,23,Cash,Bi-Weekly,2025-01-06
2902,41,Female,2902,Blouse,Clothing,"3,681",$43.00,Alabama,L,Olive,Winter,2.6,No,Free Shipping,No,No,46,Credit Card,Quarterly,2025-01-14
2903,27,Female,2903,Boots,Footwear,"3,682",$32.00,North Carolina,S,Orange,Spring,4.6,No,Standard,No,No,19,PayPal,Bi-Weekly,2025-04-04
2904,38,Female,2904,Scarf,Accessories,"3,683",$39.00,Delaware,S,Teal,Spring,3.5,No,2-Day Shipping,No,No,24,Credit Card,Every 3 Months,2025-04-21
2905,41,Female,2905,Sandals,Footwear,"3,685",$41.00,Iowa,M,Gray,Spring,4,No,2-Day Shipping,No,No,43,Venmo,Monthly,2025-03-25
2906,58,Female,2906,Sunglasses,Accessories,"3,686",$53.00,New York,L,Black,Winter,4.8,No,Standard,No,No,14,Debit Card,Fortnightly,2025-12-10
2907,58,Female,2907,Coat,Outerwear,"3,687",$27.00,Virginia,M,Indigo,Spring,3.9,No,Standard,No,No,7,Venmo,Annually,2025-04-05
2908,19,Female,2908,Sunglasses,Accessories,"3,688",$82.00,Maryland,XL,Lavender,Summer,3.7,No,Next Day Air,No,No,50,PayPal,Bi-Weekly,2025-07-23
2909,43,Female,2909,Blouse,Clothing,"3,689",$87.00,Texas,M,Beige,Winter,3.1,No,Store Pickup,No,No,15,Debit Card,Every 3 Months,2025-12-21
2910,27,Female,2910,Backpack,Accessories,"3,691",$78.00,Louisiana,M,Indigo,Winter,3,No,Next Day Air,No,No,40,Credit Card,Every 3 Months,2025-02-06
2911,32,Female,2911,Belt,Accessories,"3,692",$32.00,Mississippi,M,Blue,Summer,2.9,No,Store Pickup,No,No,41,Credit Card,Monthly,2025-07-05
2912,28,Female,2912,Socks,Clothing,"3,693",$38.00,Ohio,XL,Orange,Fall,2.9,No,Next Day Air,No,No,34,Venmo,Quarterly,2025-10-26
2913,48,Female,2913,Shoes,Footwear,"3,694",$37.00,Oregon,M,Yellow,Winter,4,No,Standard,No,No,27,Cash,Bi-Weekly,2025-02-02
2914,43,Female,2914,Coat,Outerwear,"3,695",$83.00,Wyoming,L,Cyan,Winter,3.5,No,Express,No,No,12,Cash,Every 3 Months,2025-12-02
2915,45,Female,2915,Sweater,Clothing,"3,697",$72.00,Pennsylvania,M,Yellow,Fall,3.8,No,Express,No,No,1,Debit Card,Bi-Weekly,2025-09-10
2916,26,Female,2916,Shirt,Clothing,"3,698",$30.00,Oregon,M,Cyan,Fall,4.5,No,Express,No,No,39,Debit Card,Bi-Weekly,2025-10-15
2917,62,Female,2917,Shorts,Clothing,"3,699",$66.00,Oklahoma,M,Green,Winter,2.7,No,Express,No,No,13,Credit Card,Bi-Weekly,2025-01-19
2918,58,Female,2918,Shirt,Clothing,"3,700",$45.00,Colorado,XL,White,Winter,2.9,No,Store Pickup,No,No,50,Venmo,Annually,2025-12-06
2919,19,Female,2919,Sunglasses,Accessories,"3,701",$73.00,New York,S,Black,Fall,4.9,No,Free Shipping,No,No,36,Cash,Weekly,2025-10-19
2920,64,Female,2920,Shoes,Footwear,"3,703",$67.00,Minnesota,L,Charcoal,Winter,3.8,No,Standard,No,No,31,Debit Card,Monthly,2025-02-03
2921,33,Female,2921,Sunglasses,Accessories,"3,704",$72.00,Texas,XL,Brown,Spring,4.9,No,Free Shipping,No,No,3,Debit Card,Bi-Weekly,2025-03-24
2922,20,Female,2922,Handbag,Accessories,"3,705",$24.00,Wisconsin,M,Cyan,Fall,4.6,No,Standard,No,No,11,Cash,Fortnightly,2025-09-11
2923,45,Female,2923,Sunglasses,Accessories,"3,706",$68.00,Kentucky,L,Beige,Winter,3.5,No,Express,No,No,16,PayPal,Quarterly,2025-02-05
2924,28,Female,2924,Shirt,Clothing,"3,707",$70.00,Pennsylvania,M,Magenta,Spring,4.2,No,2-Day Shipping,No,No,12,Cash,Quarterly,2025-05-26
2925,47,Female,2925,Shirt,Clothing,"3,709",$64.00,Rhode Island,L,Indigo,Winter,3.7,No,Free Shipping,No,No,37,Debit Card,Every 3 Months,2025-12-05
2926,54,Female,2926,Sweater,Clothing,"3,710",$91.00,Illinois,M,Maroon,Spring,2.8,No,Store Pickup,No,No,43,Credit Card,Every 3 Months,2025-05-04
2927,64,Female,2927,Handbag,Accessories,"3,711",$82.00,Maryland,M,Gray,Winter,4.8,No,2-Day Shipping,No,No,9,Cash,Weekly,2025-12-06
2928,45,Female,2928,Shirt,Clothing,"3,712",$24.00,Missouri,M,Black,Summer,2.7,No,Express,No,No,15,Venmo,Bi-Weekly,2025-08-27
2929,40,Female,2929,Jewelry,Accessories,"3,713",$80.00,Alabama,L,Yellow,Spring,3.6,No,Store Pickup,No,No,17,Credit Card,Weekly,2025-04-20
2930,31,Female,2930,Socks,Clothing,"3,715",$53.00,Maine,XL,White,Winter,4.5,No,Next Day Air,No,No,42,Venmo,Fortnightly,2025-12-14
2931,38,Female,2931,T-shirt,Clothing,"3,716",$50.00,Mississippi,M,Orange,Spring,4,No,Free Shipping,No,No,14,Venmo,Monthly,2025-03-05
2932,36,Female,2932,Jewelry,Accessories,"3,717",$31.00,Alabama,M,Magenta,Fall,4.5,No,2-Day Shipping,No,No,49,Credit Card,Bi-Weekly,2025-10-28
2933,65,Female,2933,Backpack,Accessories,"3,718",$88.00,Alaska,L,Black,Spring,3.9,No,Express,No,No,3,PayPal,Quarterly,2025-03-28
2934,27,Female,2934,Hat,Accessories,"3,719",$52.00,Illinois,M,Brown,Summer,3.8,No,Standard,No,No,28,Venmo,Monthly,2025-07-01
2935,38,Female,2935,Gloves,Accessories,"3,721",$22.00,Idaho,M,Orange,Fall,4.7,No,Next Day Air,No,No,41,Bank Transfer,Quarterly,2025-11-14
2936,58,Female,2936,Sneakers,Footwear,"3,722",$27.00,North Carolina,XL,Gray,Spring,4.6,No,Standard,No,No,11,Venmo,Weekly,2025-05-06
2937,31,Female,2937,Skirt,Clothing,"3,723",$34.00,Washington,M,White,Spring,3.6,No,Express,No,No,46,PayPal,Weekly,2025-04-25
2938,28,Female,2938,Handbag,Accessories,"3,724",$39.00,West Virginia,M,White,Spring,4.3,No,2-Day Shipping,No,No,15,Credit Card,Weekly,2025-05-09
2939,28,Female,2939,Sunglasses,Accessories,"3,725",$53.00,Maine,M,Violet,Fall,3,No,Standard,No,No,15,Cash,Monthly,2025-09-12
2940,32,Female,2940,Sweater,Clothing,"3,727",$46.00,Kentucky,M,Beige,Winter,4.3,No,Express,No,No,34,Venmo,Weekly,2025-12-27
2941,61,Female,2941,Handbag,Accessories,"3,728",$85.00,Massachusetts,L,Beige,Summer,4.8,No,Next Day Air,No,No,13,Cash,Monthly,2025-06-05
2942,38,Female,2942,Skirt,Clothing,"3,729",$86.00,Pennsylvania,L,Purple,Spring,3.7,No,Free Shipping,No,No,27,PayPal,Monthly,2025-03-13
2943,54,Female,2943,Socks,Clothing,"3,730",$63.00,Hawaii,M,Brown,Summer,2.6,No,Free Shipping,No,No,37,Bank Transfer,Weekly,2025-08-06
2944,29,Female,2944,Shirt,Clothing,"3,731",$44.00,Virginia,M,Orange,Spring,3.4,No,Standard,No,No,37,Credit Card,Monthly,2025-03-16
2945,50,Female,2945,Sneakers,Footwear,"3,733",$95.00,New York,XL,Cyan,Summer,3.9,No,Free Shipping,No,No,4,Venmo,Every 3 Months,2025-08-22
2946,32,Female,2946,Belt,Accessories,"3,734",$49.00,Delaware,M,Charcoal,Summer,4.8,No,Free Shipping,No,No,1,Credit Card,Every 3 Months,2025-08-20
2947,38,Female,2947,Pants,Clothing,"3,735",$77.00,Hawaii,L,Purple,Spring,2.8,No,Free Shipping,No,No,29,Bank Transfer,Quarterly,2025-05-20
2948,52,Female,2948,Jewelry,Accessories,"3,736",$63.00,Nebraska,L,Peach,Spring,4.4,No,Standard,No,No,50,Venmo,Annually,2025-03-12
2949,61,Female,2949,Pants,Clothing,"3,737",$83.00,Vermont,M,Violet,Winter,3.1,No,Standard,No,No,38,Debit Card,Bi-Weekly,2025-12-05
2950,25,Female,2950,Jewelry,Accessories,"3,739",$93.00,Iowa,M,Peach,Spring,3.8,No,Store Pickup,No,No,15,PayPal,Annually,2025-04-06
2951,22,Female,2951,Jeans,Clothing,"3,740",$91.00,Iowa,S,Maroon,Winter,4.1,No,2-Day Shipping,No,No,44,Debit Card,Every 3 Months,2025-01-05
2952,47,Female,2952,Scarf,Accessories,"3,741",$99.00,Arkansas,L,Maroon,Fall,4.6,No,Free Shipping,No,No,14,Cash,Weekly,2025-11-03
2953,50,Female,2953,Belt,Accessories,"3,742",$24.00,Alabama,M,Peach,Spring,4.9,No,Next Day Air,No,No,5,Debit Card,Monthly,2025-04-01
2954,45,Female,2954,Dress,Clothing,"3,743",$82.00,Maryland,M,Silver,Summer,4.8,No,Next Day Air,No,No,11,Credit Card,Annually,2025-07-09
2955,33,Female,2955,T-shirt,Clothing,"3,745",$28.00,South Dakota,M,Indigo,Winter,3.9,No,Express,No,No,15,Credit Card,Annually,2025-12-01
2956,42,Female,2956,Boots,Footwear,"3,746",$67.00,Vermont,M,Silver,Winter,2.6,No,Free Shipping,No,No,46,Credit Card,Annually,2025-02-28
2957,52,Female,2957,Dress,Clothing,"3,747",$88.00,Montana,M,Olive,Fall,3.7,No,Standard,No,No,30,Venmo,Monthly,2025-09-28
2958,69,Female,2958,Jewelry,Accessories,"3,748",$70.00,South Dakota,S,Gray,Fall,4.7,No,Standard,No,No,2,Cash,Annually,2025-11-26
2959,55,Female,2959,Skirt,Clothing,"3,749",$100.00,Ohio,M,Black,Summer,4.5,No,Standard,No,No,28,PayPal,Monthly,2025-06-13
2960,38,Female,2960,Handbag,Accessories,"3,751",$28.00,Texas,L,Maroon,Summer,4.7,No,Free Shipping,No,No,9,PayPal,Quarterly,2025-08-16
2961,57,Female,2961,Coat,Outerwear,"3,752",$48.00,Indiana,S,Olive,Spring,3.6,No,Standard,No,No,47,Credit Card,Weekly,2025-03-16
2962,33,Female,2962,Hoodie,Clothing,"3,753",$43.00,New Hampshire,S,Gold,Fall,2.8,No,Free Shipping,No,No,21,Debit Card,Bi-Weekly,2025-09-09
2963,57,Female,2963,Pants,Clothing,"3,754",$40.00,California,L,Pink,Fall,4,No,Express,No,No,42,Credit Card,Every 3 Months,2025-10-26
2964,52,Female,2964,Boots,Footwear,"3,755",$97.00,Maine,M,Brown,Spring,3.6,No,Free Shipping,No,No,28,Credit Card,Weekly,2025-05-25
2965,44,Female,2965,Coat,Outerwear,"3,757",$25.00,Ohio,S,White,Fall,3.8,No,2-Day Shipping,No,No,13,Venmo,Fortnightly,2025-11-25
2966,48,Female,2966,Scarf,Accessories,"3,758",$45.00,Delaware,M,Blue,Summer,4.4,No,Standard,No,No,25,PayPal,Fortnightly,2025-08-01
2967,52,Female,2967,Boots,Footwear,"3,759",$49.00,Oklahoma,L,Orange,Fall,2.8,No,Store Pickup,No,No,38,Debit Card,Every 3 Months,2025-10-17
2968,34,Female,2968,Sneakers,Footwear,"3,760",$36.00,Indiana,L,Silver,Summer,3.4,No,Free Shipping,No,No,40,Venmo,Annually,2025-06-18
2969,26,Female,2969,Sweater,Clothing,"3,761",$48.00,South Carolina,S,Gray,Fall,4.9,No,Express,No,No,25,Cash,Every 3 Months,2025-09-14
2970,36,Female,2970,Belt,Accessories,"3,763",$62.00,Vermont,S,Blue,Fall,4.3,No,Next Day Air,No,No,20,Cash,Every 3 Months,2025-09-25
2971,24,Female,2971,Jewelry,Accessories,"3,764",$74.00,Kansas,M,White,Winter,3.4,No,Free Shipping,No,No,44,Credit Card,Bi-Weekly,2025-12-12
2972,30,Female,2972,Handbag,Accessories,"3,765",$100.00,Utah,L,Yellow,Fall,3.9,No,Next Day Air,No,No,9,PayPal,Every 3 Months,2025-11-20
2973,31,Female,2973,Jacket,Outerwear,"3,766",$39.00,New York,S,Indigo,Fall,4.2,No,Free Shipping,No,No,11,Venmo,Every 3 Months,2025-09-08
2974,25,Female,2974,Boots,Footwear,"3,767",$65.00,Indiana,M,Blue,Summer,2.7,No,Store Pickup,No,No,3,Bank Transfer,Fortnightly,2025-08-01
2975,57,Female,2975,Sneakers,Footwear,"3,769",$99.00,Tennessee,XL,Peach,Summer,4.1,No,Store Pickup,No,No,34,Credit Card,Weekly,2025-07-23
2976,61,Female,2976,Scarf,Accessories,"3,770",$68.00,Georgia,XL,Lavender,Winter,4.5,No,2-Day Shipping,No,No,48,Cash,Every 3 Months,2025-02-17
2977,30,Female,2977,Coat,Outerwear,"3,771",$97.00,Nebraska,M,Silver,Summer,2.8,No,Express,No,No,28,Cash,Fortnightly,2025-06-17
2978,38,Female,2978,Shorts,Clothing,"3,772",$47.00,Washington,L,Gold,Winter,3.4,No,Standard,No,No,20,Venmo,Annually,2025-12-01
2979,53,Female,2979,Shorts,Clothing,"3,773",$56.00,Idaho,S,Cyan,Spring,3.9,No,Free Shipping,No,No,49,Bank Transfer,Fortnightly,2025-05-03
2980,31,Female,2980,Jeans,Clothing,"3,775",$91.00,Louisiana,L,Olive,Fall,2.6,No,Next Day Air,No,No,14,PayPal,Weekly,2025-09-21
2981,70,Female,2981,Gloves,Accessories,"3,776",$93.00,New Jersey,L,Teal,Fall,4.4,No,2-Day Shipping,No,No,9,Bank Transfer,Monthly,2025-09-02
2982,21,Female,2982,Pants,Clothing,"3,777",$36.00,Delaware,L,Pink,Winter,4.9,No,Standard,No,No,37,Venmo,Annually,2025-01-21
2983,33,Female,2983,Dress,Clothing,"3,778",$45.00,Wisconsin,M,Orange,Summer,3.6,No,Store Pickup,No,No,4,Credit Card,Weekly,2025-08-05
2984,60,Female,2984,Pants,Clothing,"3,779",$44.00,West Virginia,M,Charcoal,Winter,2.8,No,2-Day Shipping,No,No,1,Credit Card,Quarterly,2025-02-27
2985,45,Female,2985,Gloves,Accessories,"3,781",$32.00,Texas,L,Red,Spring,4.3,No,2-Day Shipping,No,No,36,Debit Card,Bi-Weekly,2025-05-11
2986,46,Female,2986,Belt,Accessories,"3,782",$36.00,Hawaii,S,Teal,Summer,3,No,Express,No,No,21,Cash,Bi-Weekly,2025-06-14
2987,62,Female,2987,Belt,Accessories,"3,783",$85.00,Arizona,S,Silver,Summer,3.3,No,2-Day Shipping,No,No,16,Credit Card,Monthly,2025-08-03
2988,63,Female,2988,Skirt,Clothing,"3,784",$36.00,Louisiana,L,Black,Winter,2.5,No,Store Pickup,No,No,42,Cash,Monthly,2025-02-06
2989,69,Female,2989,Socks,Clothing,"3,785",$55.00,Nevada,S,Pink,Spring,5,No,2-Day Shipping,No,No,31,Debit Card,Monthly,2025-05-24
2990,46,Female,2990,Belt,Accessories,"3,787",$20.00,Rhode Island,XL,Teal,Summer,4.3,No,2-Day Shipping,No,No,6,Credit Card,Weekly,2025-07-04
2991,69,Female,2991,Shirt,Clothing,"3,788",$91.00,Illinois,M,Teal,Fall,4.2,No,Free Shipping,No,No,24,Venmo,Monthly,2025-09-14
2992,66,Female,2992,Dress,Clothing,"3,789",$71.00,Utah,L,Green,Summer,3.9,No,Standard,No,No,7,PayPal,Bi-Weekly,2025-06-01
2993,41,Female,2993,Socks,Clothing,"3,790",$64.00,North Dakota,M,Charcoal,Spring,3.9,No,Store Pickup,No,No,25,Venmo,Weekly,2025-05-25
2994,32,Female,2994,Jacket,Outerwear,"3,791",$21.00,Kansas,L,Indigo,Spring,4.2,No,Free Shipping,No,No,18,Cash,Bi-Weekly,2025-05-12
2995,69,Female,2995,Sweater,Clothing,"3,793",$100.00,Nevada,S,White,Winter,3.5,No,Store Pickup,No,No,14,Bank Transfer,Quarterly,2025-12-16
2996,29,Female,2996,Jeans,Clothing,"3,794",$96.00,Virginia,M,Orange,Summer,2.5,No,Standard,No,No,42,Debit Card,Bi-Weekly,2025-07-04
2997,70,Female,2997,Jewelry,Accessories,"3,795",$91.00,Utah,M,White,Spring,2.9,No,Express,No,No,6,Venmo,Every 3 Months,2025-04-03
2998,41,Female,2998,Sweater,Clothing,"3,796",$40.00,Idaho,S,Yellow,Spring,2.7,No,Next Day Air,No,No,14,Venmo,Every 3 Months,2025-05-15
2999,31,Female,2999,Hoodie,Clothing,"3,797",$53.00,Alaska,M,Red,Summer,4.7,No,Express,No,No,30,Debit Card,Quarterly,2025-08-07
3000,31,Female,3000,Sunglasses,Accessories,"3,799",$48.00,New Hampshire,S,Charcoal,Winter,3.8,No,Standard,No,No,10,Cash,Monthly,2025-01-23
3001,57,Female,3001,Sandals,Footwear,"3,800",$70.00,Ohio,M,Lavender,Winter,3.7,No,Express,No,No,7,PayPal,Weekly,2025-12-23
3002,29,Female,3002,Coat,Outerwear,"3,801",$29.00,Montana,L,Charcoal,Summer,4.7,No,Express,No,No,28,Credit Card,Quarterly,2025-08-11
3003,70,Female,3003,Belt,Accessories,"3,802",$29.00,Louisiana,M,Maroon,Fall,3.6,No,Next Day Air,No,No,19,Bank Transfer,Quarterly,2025-10-20
3004,51,Female,3004,Blouse,Clothing,"3,803",$53.00,Oregon,M,Brown,Fall,2.8,No,Express,No,No,13,Credit Card,Every 3 Months,2025-10-19
3005,45,Female,3005,Skirt,Clothing,"3,805",$79.00,Arizona,M,Lavender,Winter,3.7,No,Store Pickup,No,No,23,Venmo,Fortnightly,2025-02-09
3006,18,Female,3006,Shorts,Clothing,"3,806",$65.00,Alaska,XL,Brown,Spring,3.5,No,Express,No,No,5,Venmo,Weekly,2025-05-08
3007,37,Female,3007,Dress,Clothing,"3,807",$99.00,Utah,M,Olive,Summer,3.7,No,Store Pickup,No,No,17,Venmo,Bi-Weekly,2025-07-12
3008,23,Female,3008,Sunglasses,Accessories,"3,808",$60.00,New York,L,Lavender,Winter,3,No,Next Day Air,No,No,31,Venmo,Weekly,2025-12-19
3009,39,Female,3009,Shoes,Footwear,"3,809",$86.00,New Mexico,M,Gold,Winter,4.9,No,Free Shipping,No,No,19,PayPal,Weekly,2025-01-09
3010,62,Female,3010,Belt,Accessories,"3,811",$73.00,Louisiana,M,Silver,Winter,4.6,No,Free Shipping,No,No,8,Venmo,Fortnightly,2025-12-24
3011,70,Female,3011,Belt,Accessories,"3,812",$45.00,Ohio,M,Violet,Winter,3.3,No,Free Shipping,No,No,15,Credit Card,Annually,2025-01-20
3012,20,Female,3012,Belt,Accessories,"3,813",$70.00,Nevada,S,Brown,Summer,3,No,Next Day Air,No,No,18,Credit Card,Every 3 Months,2025-07-28
3013,42,Female,3013,Belt,Accessories,"3,814",$65.00,Idaho,M,Teal,Fall,3.5,No,Standard,No,No,16,PayPal,Annually,2025-09-23
3014,41,Female,3014,Skirt,Clothing,"3,815",$55.00,Arizona,L,Peach,Summer,4.2,No,Store Pickup,No,No,13,Cash,Monthly,2025-08-28
3015,24,Female,3015,T-shirt,Clothing,"3,817",$65.00,Utah,M,Maroon,Spring,4.5,No,Express,No,No,38,PayPal,Every 3 Months,2025-03-09
3016,37,Female,3016,Scarf,Accessories,"3,818",$21.00,Wyoming,XL,Lavender,Spring,2.8,No,Express,No,No,27,Bank Transfer,Bi-Weekly,2025-04-19
3017,30,Female,3017,Blouse,Clothing,"3,819",$26.00,Indiana,L,Lavender,Summer,4.9,No,Store Pickup,No,No,31,Bank Transfer,Quarterly,2025-06-26
3018,58,Female,3018,Sunglasses,Accessories,"3,820",$71.00,Wisconsin,S,Purple,Summer,3.3,No,Next Day Air,No,No,24,Cash,Bi-Weekly,2025-07-10
3019,43,Female,3019,Boots,Footwear,"3,821",$41.00,Texas,M,Green,Summer,3,No,Free Shipping,No,No,21,Debit Card,Bi-Weekly,2025-07-23
3020,19,Female,3020,Jacket,Outerwear,"3,823",$44.00,Utah,M,Yellow,Winter,3.9,No,2-Day Shipping,No,No,15,PayPal,Annually,2025-12-09
3021,23,Female,3021,Jeans,Clothing,"3,824",$81.00,Arkansas,S,Charcoal,Fall,2.8,No,Store Pickup,No,No,48,Venmo,Every 3 Months,2025-11-28
3022,65,Female,3022,Sunglasses,Accessories,"3,825",$77.00,Pennsylvania,S,Blue,Summer,4.5,No,2-Day Shipping,No,No,47,Cash,Quarterly,2025-07-06
3023,58,Female,3023,Sandals,Footwear,"3,826",$26.00,Georgia,M,Lavender,Fall,4,No,Free Shipping,No,No,23,PayPal,Weekly,2025-10-06
3024,50,Female,3024,Backpack,Accessories,"3,827",$31.00,Indiana,M,Brown,Summer,2.9,No,Express,No,No,4,PayPal,Quarterly,2025-06-16
3025,67,Female,3025,Blouse,Clothing,"3,829",$82.00,Idaho,S,White,Spring,4,No,Free Shipping,No,No,47,Credit Card,Every 3 Months,2025-05-13
3026,40,Female,3026,Shoes,Footwear,"3,830",$60.00,Montana,XL,Green,Summer,3.4,No,Store Pickup,No,No,7,PayPal,Monthly,2025-08-24
3027,55,Female,3027,Shirt,Clothing,"3,831",$70.00,Tennessee,L,Magenta,Fall,2.5,No,Free Shipping,No,No,6,Credit Card,Annually,2025-11-27
3028,52,Female,3028,Hoodie,Clothing,"3,832",$26.00,West Virginia,XL,Peach,Winter,2.8,No,2-Day Shipping,No,No,47,Credit Card,Quarterly,2025-02-17
3029,62,Female,3029,Dress,Clothing,"3,833",$100.00,California,L,Charcoal,Summer,3,No,Free Shipping,No,No,7,PayPal,Every 3 Months,2025-07-20
3030,64,Female,3030,Dress,Clothing,"3,835",$82.00,Georgia,M,Gold,Summer,3.1,No,Free Shipping,No,No,1,Debit Card,Quarterly,2025-07-27
3031,43,Female,3031,Sneakers,Footwear,"3,836",$24.00,Maryland,XL,Purple,Spring,2.6,No,2-Day Shipping,No,No,23,Credit Card,Weekly,2025-05-22
3032,61,Female,3032,Blouse,Clothing,"3,837",$74.00,Idaho,L,Teal,Summer,4.9,No,2-Day Shipping,No,No,30,Credit Card,Monthly,2025-08-15
3033,26,Female,3033,Backpack,Accessories,"3,838",$58.00,California,XL,Green,Summer,3.5,No,Next Day Air,No,No,24,Credit Card,Quarterly,2025-08-03
3034,22,Female,3034,Sweater,Clothing,"3,839",$56.00,Alabama,L,Orange,Spring,2.6,No,Store Pickup,No,No,9,PayPal,Weekly,2025-05-26
3035,51,Female,3035,Boots,Footwear,"3,841",$37.00,Utah,L,Peach,Spring,3.5,No,2-Day Shipping,No,No,25,Credit Card,Quarterly,2025-05-18
3036,69,Female,3036,Handbag,Accessories,"3,842",$64.00,Kentucky,M,Gold,Spring,4.5,No,Free Shipping,No,No,18,Cash,Bi-Weekly,2025-04-09
3037,50,Female,3037,Hoodie,Clothing,"3,843",$58.00,Vermont,S,Violet,Spring,4.3,No,Next Day Air,No,No,7,Venmo,Fortnightly,2025-05-02
3038,51,Female,3038,Belt,Accessories,"3,844",$44.00,Iowa,L,Charcoal,Summer,4.8,No,Next Day Air,No,No,2,Cash,Annually,2025-08-25
3039,56,Female,3039,Jewelry,Accessories,"3,845",$39.00,Georgia,M,Brown,Summer,4.2,No,Free Shipping,No,No,36,Debit Card,Annually,2025-06-13
3040,59,Female,3040,Blouse,Clothing,"3,847",$48.00,Alabama,L,Blue,Spring,3.2,No,Next Day Air,No,No,31,PayPal,Bi-Weekly,2025-05-19
3041,18,Female,3041,Handbag,Accessories,"3,848",$32.00,Nebraska,M,Gold,Fall,4.1,No,Express,No,No,10,Cash,Fortnightly,2025-10-28
3042,48,Female,3042,Handbag,Accessories,"3,849",$79.00,Rhode Island,M,Orange,Winter,4,No,Express,No,No,27,PayPal,Monthly,2025-01-15
3043,53,Female,3043,Coat,Outerwear,"3,850",$27.00,South Dakota,L,Turquoise,Winter,2.9,No,Next Day Air,No,No,14,PayPal,Every 3 Months,2025-01-03
3044,45,Female,3044,Belt,Accessories,"3,851",$98.00,Illinois,S,Peach,Fall,2.6,No,Store Pickup,No,No,17,Credit Card,Monthly,2025-11-19
3045,21,Female,3045,Boots,Footwear,"3,853",$67.00,North Carolina,M,Magenta,Winter,2.7,No,Free Shipping,No,No,10,Bank Transfer,Quarterly,2025-01-01
3046,42,Female,3046,Socks,Clothing,"3,854",$37.00,Florida,L,Black,Winter,4.6,No,2-Day Shipping,No,No,4,PayPal,Bi-Weekly,2025-12-23
3047,60,Female,3047,Shoes,Footwear,"3,855",$49.00,Pennsylvania,M,White,Spring,3.2,No,Store Pickup,No,No,25,Cash,Every 3 Months,2025-05-23
3048,21,Female,3048,Sneakers,Footwear,"3,856",$74.00,Vermont,M,Violet,Fall,4.1,No,2-Day Shipping,No,No,3,PayPal,Bi-Weekly,2025-11-27
3049,69,Female,3049,Jewelry,Accessories,"3,857",$93.00,Colorado,M,Olive,Summer,3.9,No,Standard,No,No,47,Venmo,Fortnightly,2025-08-12
3050,40,Female,3050,Handbag,Accessories,"3,859",$60.00,Utah,L,Red,Summer,3,No,Next Day Air,No,No,41,Bank Transfer,Bi-Weekly,2025-06-17
3051,31,Female,3051,Coat,Outerwear,"3,860",$76.00,Kentucky,S,Green,Spring,3.6,No,Standard,No,No,28,Venmo,Every 3 Months,2025-05-26
3052,44,Female,3052,Sunglasses,Accessories,"3,861",$64.00,Wyoming,L,Gold,Summer,4.6,No,Express,No,No,49,Debit Card,Every 3 Months,2025-07-03
3053,48,Female,3053,Shoes,Footwear,"3,862",$38.00,Maine,XL,Olive,Spring,4.5,No,Store Pickup,No,No,7,Bank Transfer,Fortnightly,2025-03-21
3054,32,Female,3054,Shoes,Footwear,"3,863",$91.00,Maine,L,Brown,Winter,3.2,No,Next Day Air,No,No,22,Bank Transfer,Monthly,2025-12-14
3055,42,Female,3055,Boots,Footwear,"3,865",$70.00,New Hampshire,S,Magenta,Summer,4.9,No,2-Day Shipping,No,No,34,Venmo,Monthly,2025-06-22
3056,27,Female,3056,Sandals,Footwear,"3,866",$22.00,Kansas,M,Violet,Fall,5,No,Standard,No,No,5,Debit Card,Bi-Weekly,2025-10-14
3057,69,Female,3057,Gloves,Accessories,"3,867",$59.00,New Jersey,M,Beige,Spring,3.8,No,Standard,No,No,15,Cash,Bi-Weekly,2025-04-19
3058,67,Female,3058,Backpack,Accessories,"3,868",$22.00,North Carolina,M,Blue,Spring,3.4,No,Next Day Air,No,No,26,Bank Transfer,Weekly,2025-03-24
3059,41,Female,3059,Handbag,Accessories,"3,869",$74.00,West Virginia,S,Orange,Winter,3.8,No,Store Pickup,No,No,3,Bank Transfer,Fortnightly,2025-02-10
3060,46,Female,3060,Sweater,Clothing,"3,871",$71.00,Kentucky,L,Maroon,Spring,3.2,No,Express,No,No,42,Credit Card,Quarterly,2025-05-21
3061,47,Female,3061,Coat,Outerwear,"3,872",$80.00,California,S,Charcoal,Summer,4.7,No,Store Pickup,No,No,1,Venmo,Monthly,2025-06-14
3062,33,Female,3062,T-shirt,Clothing,"3,873",$59.00,South Dakota,L,Olive,Fall,4.5,No,Express,No,No,20,PayPal,Every 3 Months,2025-10-24
3063,51,Female,3063,Backpack,Accessories,"3,874",$96.00,California,L,Green,Fall,3.3,No,Standard,No,No,39,PayPal,Monthly,2025-09-26
3064,26,Female,3064,Sunglasses,Accessories,"3,875",$43.00,Connecticut,L,Brown,Winter,3.9,No,Store Pickup,No,No,24,Credit Card,Fortnightly,2025-02-12
3065,22,Female,3065,Belt,Accessories,"3,877",$76.00,Idaho,S,Cyan,Winter,3.6,No,Express,No,No,49,Bank Transfer,Quarterly,2025-12-08
3066,49,Female,3066,Jacket,Outerwear,"3,878",$59.00,North Dakota,M,Beige,Fall,2.8,No,Store Pickup,No,No,7,Venmo,Bi-Weekly,2025-11-22
3067,58,Female,3067,Skirt,Clothing,"3,879",$48.00,Michigan,L,Teal,Summer,4.3,No,Free Shipping,No,No,13,Venmo,Every 3 Months,2025-08-02
3068,70,Female,3068,Belt,Accessories,"3,880",$22.00,Missouri,S,Gray,Spring,3.5,No,Free Shipping,No,No,2,Cash,Weekly,2025-04-08
3069,32,Female,3069,Boots,Footwear,"3,881",$40.00,California,M,Indigo,Winter,4.2,No,Express,No,No,4,Debit Card,Weekly,2025-12-20
3070,62,Female,3070,Jeans,Clothing,"3,883",$73.00,Delaware,L,Magenta,Spring,4.6,No,Express,No,No,17,Debit Card,Quarterly,2025-04-10
3071,52,Female,3071,Shoes,Footwear,"3,884",$26.00,Alabama,XL,Red,Fall,2.6,No,Free Shipping,No,No,43,PayPal,Bi-Weekly,2025-11-13
3072,23,Female,3072,Sweater,Clothing,"3,885",$41.00,New Hampshire,L,Turquoise,Spring,3.4,No,Next Day Air,No,No,6,PayPal,Monthly,2025-04-19
3073,26,Female,3073,Jewelry,Accessories,"3,886",$98.00,New York,L,Peach,Spring,3.1,No,Standard,No,No,46,PayPal,Quarterly,2025-05-06
3074,58,Female,3074,Shirt,Clothing,"3,887",$63.00,Oregon,L,White,Winter,3.6,No,Free Shipping,No,No,7,Debit Card,Bi-Weekly,2025-01-26
3075,26,Female,3075,Boots,Footwear,"3,889",$55.00,Massachusetts,L,Maroon,Winter,4.2,No,Next Day Air,No,No,34,Debit Card,Fortnightly,2025-02-19
3076,54,Female,3076,Shorts,Clothing,"3,890",$90.00,Utah,XL,Beige,Winter,3.6,No,Standard,No,No,21,PayPal,Every 3 Months,2025-02-10
3077,66,Female,3077,Handbag,Accessories,"3,891",$46.00,New Hampshire,M,Blue,Summer,3.6,No,Express,No,No,13,Venmo,Bi-Weekly,2025-06-28
3078,60,Female,3078,Sweater,Clothing,"3,892",$88.00,Illinois,S,Red,Spring,3,No,Store Pickup,No,No,33,Debit Card,Bi-Weekly,2025-03-22
3079,32,Female,3079,Belt,Accessories,"3,893",$95.00,Alaska,M,Blue,Spring,2.5,No,2-Day Shipping,No,No,24,Bank Transfer,Bi-Weekly,2025-05-26
3080,48,Female,3080,Belt,Accessories,"3,895",$31.00,Wyoming,M,Maroon,Fall,4,No,Store Pickup,No,No,4,Bank Transfer,Annually,2025-10-11
3081,69,Female,3081,Hoodie,Clothing,"3,896",$42.00,Colorado,L,Yellow,Spring,4.1,No,Next Day Air,No,No,5,Cash,Bi-Weekly,2025-04-23
3082,64,Female,3082,Sneakers,Footwear,"3,897",$44.00,Vermont,L,Pink,Winter,4.9,No,Next Day Air,No,No,11,Credit Card,Weekly,2025-01-01
3083,56,Female,3083,T-shirt,Clothing,"3,898",$99.00,Utah,M,Maroon,Spring,4,No,Next Day Air,No,No,20,Bank Transfer,Annually,2025-03-16
3084,22,Female,3084,Pants,Clothing,"3,899",$20.00,Illinois,S,Purple,Summer,3.5,No,Store Pickup,No,No,28,PayPal,Quarterly,2025-07-20
3085,46,Female,3085,Scarf,Accessories,"3,901",$37.00,Idaho,S,Indigo,Spring,3.2,No,Store Pickup,No,No,43,PayPal,Monthly,2025-04-18
3086,24,Female,3086,Sweater,Clothing,"3,902",$50.00,Nevada,L,Gray,Winter,2.8,No,Store Pickup,No,No,10,Venmo,Every 3 Months,2025-02-23
3087,47,Female,3087,Handbag,Accessories,"3,903",$73.00,Utah,M,Lavender,Summer,3.5,No,Next Day Air,No,No,26,Venmo,Every 3 Months,2025-06-22
3088,62,Female,3088,Shirt,Clothing,"3,904",$84.00,North Carolina,M,Charcoal,Spring,3.1,No,Free Shipping,No,No,29,Bank Transfer,Monthly,2025-03-07
3089,34,Female,3089,Dress,Clothing,"3,905",$64.00,Arkansas,M,Teal,Spring,3.3,No,Store Pickup,No,No,35,Bank Transfer,Quarterly,2025-05-28
3090,50,Female,3090,Sandals,Footwear,"3,907",$21.00,North Carolina,L,Blue,Fall,4.6,No,Free Shipping,No,No,23,Cash,Bi-Weekly,2025-10-11
3091,29,Female,3091,Shirt,Clothing,"3,908",$36.00,Texas,M,Peach,Summer,4.9,No,Store Pickup,No,No,15,Bank Transfer,Quarterly,2025-07-11
3092,68,Female,3092,Dress,Clothing,"3,909",$81.00,Nevada,L,Orange,Winter,3.4,No,2-Day Shipping,No,No,46,Credit Card,Annually,2025-12-21
3093,52,Female,3093,Sunglasses,Accessories,"3,910",$54.00,Utah,L,Silver,Fall,3.5,No,Next Day Air,No,No,14,Bank Transfer,Bi-Weekly,2025-10-10
3094,29,Female,3094,Socks,Clothing,"3,911",$63.00,Pennsylvania,L,Red,Summer,4.8,No,Store Pickup,No,No,17,Cash,Every 3 Months,2025-08-24
3095,22,Female,3095,Sandals,Footwear,"3,913",$59.00,Georgia,M,Gray,Summer,2.7,No,Store Pickup,No,No,9,Cash,Weekly,2025-06-08
3096,62,Female,3096,Hat,Accessories,"3,914",$53.00,Minnesota,S,Beige,Fall,3.4,No,Standard,No,No,13,Venmo,Fortnightly,2025-11-17
3097,69,Female,3097,Shirt,Clothing,"3,915",$63.00,Kansas,L,White,Winter,3.5,No,Next Day Air,No,No,20,Bank Transfer,Monthly,2025-01-05
3098,48,Female,3098,Shoes,Footwear,"3,916",$33.00,Delaware,M,Silver,Fall,3.7,No,Free Shipping,No,No,39,Bank Transfer,Quarterly,2025-11-14
3099,66,Female,3099,Pants,Clothing,"3,917",$64.00,New Mexico,L,Cyan,Summer,3.3,No,Next Day Air,No,No,50,Bank Transfer,Quarterly,2025-06-14
3100,42,Female,3100,Shirt,Clothing,"3,919",$98.00,Michigan,S,Maroon,Fall,2.9,No,Free Shipping,No,No,21,Bank Transfer,Bi-Weekly,2025-10-07
3101,50,Female,3101,Hat,Accessories,"3,920",$85.00,Vermont,L,Purple,Winter,3.9,No,Express,No,No,3,Bank Transfer,Weekly,2025-02-21
3102,32,Female,3102,Jewelry,Accessories,"3,921",$82.00,Idaho,S,Brown,Summer,2.7,No,Express,No,No,9,PayPal,Fortnightly,2025-06-09
3103,51,Female,3103,Jacket,Outerwear,"3,922",$85.00,South Dakota,M,Green,Summer,4.3,No,Standard,No,No,29,Cash,Bi-Weekly,2025-07-09
3104,27,Female,3104,Shirt,Clothing,"3,923",$37.00,Illinois,S,Peach,Winter,3,No,2-Day Shipping,No,No,42,Bank Transfer,Weekly,2025-02-04
3105,43,Female,3105,Pants,Clothing,"3,925",$56.00,Georgia,S,Turquoise,Summer,5,No,2-Day Shipping,No,No,41,Debit Card,Fortnightly,2025-08-14
3106,48,Female,3106,Skirt,Clothing,"3,926",$33.00,Oregon,M,Olive,Fall,2.7,No,Express,No,No,17,Debit Card,Monthly,2025-11-14
3107,62,Female,3107,Sandals,Footwear,"3,927",$57.00,Alabama,M,Yellow,Winter,4.7,No,Next Day Air,No,No,20,PayPal,Annually,2025-01-08
3108,65,Female,3108,Blouse,Clothing,"3,928",$31.00,Hawaii,L,Gray,Winter,4.6,No,Standard,No,No,18,Credit Card,Bi-Weekly,2025-01-16
3109,50,Female,3109,Socks,Clothing,"3,929",$69.00,Oregon,M,Purple,Fall,3.2,No,2-Day Shipping,No,No,7,PayPal,Monthly,2025-11-17
3110,60,Female,3110,Jacket,Outerwear,"3,931",$92.00,Illinois,M,Gray,Winter,4.3,No,Free Shipping,No,No,47,Bank Transfer,Fortnightly,2025-02-24
3111,19,Female,3111,Handbag,Accessories,"3,932",$46.00,Texas,L,Lavender,Fall,4.6,No,Next Day Air,No,No,2,Bank Transfer,Bi-Weekly,2025-10-05
3112,21,Female,3112,Belt,Accessories,"3,933",$81.00,Kansas,XL,Indigo,Spring,4.9,No,Free Shipping,No,No,25,Debit Card,Quarterly,2025-03-17
3113,19,Female,3113,Blouse,Clothing,"3,934",$97.00,Texas,S,Green,Fall,3.8,No,Express,No,No,26,Venmo,Annually,2025-09-20
3114,46,Female,3114,Shirt,Clothing,"3,935",$93.00,Nebraska,L,Green,Summer,2.6,No,Express,No,No,2,Debit Card,Weekly,2025-07-14
3115,21,Female,3115,Handbag,Accessories,"3,937",$56.00,Arkansas,M,Olive,Spring,4.7,No,Store Pickup,No,No,45,Venmo,Bi-Weekly,2025-05-26
3116,26,Female,3116,Scarf,Accessories,"3,938",$53.00,South Dakota,M,Charcoal,Fall,4.1,No,Free Shipping,No,No,9,Bank Transfer,Bi-Weekly,2025-10-17
3117,50,Female,3117,Coat,Outerwear,"3,939",$66.00,Montana,L,Gray,Spring,3.7,No,Store Pickup,No,No,1,Venmo,Weekly,2025-03-04
3118,43,Female,3118,Hoodie,Clothing,"3,940",$50.00,Florida,M,Olive,Fall,3,No,Free Shipping,No,No,4,PayPal,Bi-Weekly,2025-10-11
3119,61,Female,3119,Shorts,Clothing,"3,941",$97.00,Virginia,L,Blue,Summer,4.7,No,Standard,No,No,31,Debit Card,Quarterly,2025-08-21
3120,63,Female,3120,Sandals,Footwear,"3,943",$79.00,Louisiana,XL,Silver,Winter,4.7,No,2-Day Shipping,No,No,21,Credit Card,Every 3 Months,2025-12-07
3121,46,Female,3121,Shirt,Clothing,"3,944",$76.00,Louisiana,M,Magenta,Fall,4,No,Store Pickup,No,No,32,Debit Card,Fortnightly,2025-09-07
3122,63,Female,3122,Hoodie,Clothing,"3,945",$38.00,Louisiana,L,Black,Fall,2.6,No,Standard,No,No,16,Venmo,Weekly,2025-11-12
3123,23,Female,3123,Socks,Clothing,"3,946",$45.00,Georgia,M,Pink,Fall,3,No,Express,No,No,34,Credit Card,Fortnightly,2025-09-20
3124,57,Female,3124,Handbag,Accessories,"3,947",$77.00,Iowa,XL,Red,Fall,3.3,No,Next Day Air,No,No,40,Venmo,Bi-Weekly,2025-11-02
3125,57,Female,3125,Jewelry,Accessories,"3,949",$51.00,California,M,Peach,Summer,3.4,No,Standard,No,No,4,Cash,Every 3 Months,2025-08-19
3126,33,Female,3126,Coat,Outerwear,"3,950",$26.00,Oregon,L,Lavender,Spring,4,No,Standard,No,No,3,Cash,Quarterly,2025-03-04
3127,57,Female,3127,Sunglasses,Accessories,"3,951",$76.00,Maine,L,Lavender,Winter,2.6,No,Store Pickup,No,No,28,Bank Transfer,Bi-Weekly,2025-02-18
3128,55,Female,3128,Gloves,Accessories,"3,952",$94.00,Louisiana,M,Beige,Winter,3.4,No,Free Shipping,No,No,43,Credit Card,Every 3 Months,2025-01-19
3129,65,Female,3129,Jacket,Outerwear,"3,953",$32.00,Arkansas,S,Indigo,Fall,4.4,No,Standard,No,No,20,Cash,Annually,2025-11-02
3130,60,Female,3130,Sandals,Footwear,"3,955",$20.00,Maryland,S,Cyan,Summer,4.7,No,Express,No,No,40,Venmo,Every 3 Months,2025-07-22
3131,52,Female,3131,Pants,Clothing,"3,956",$20.00,Vermont,M,Yellow,Summer,4.5,No,Store Pickup,No,No,34,Venmo,Every 3 Months,2025-08-22
3132,34,Female,3132,Jacket,Outerwear,"3,957",$59.00,North Dakota,M,Peach,Fall,2.9,No,Store Pickup,No,No,11,Bank Transfer,Every 3 Months,2025-10-05
3133,33,Female,3133,Sweater,Clothing,"3,958",$97.00,Michigan,M,Yellow,Summer,4.2,No,Express,No,No,26,Cash,Quarterly,2025-07-01
3134,58,Female,3134,T-shirt,Clothing,"3,959",$68.00,Arkansas,M,Orange,Spring,4.1,No,Next Day Air,No,No,29,Cash,Bi-Weekly,2025-03-15
3135,35,Female,3135,Boots,Footwear,"3,961",$66.00,Kentucky,L,Gray,Spring,4.4,No,Store Pickup,No,No,47,Bank Transfer,Weekly,2025-05-17
3136,68,Female,3136,Shoes,Footwear,"3,962",$85.00,Indiana,L,Yellow,Spring,4.7,No,Free Shipping,No,No,48,Venmo,Fortnightly,2025-04-26
3137,58,Female,3137,Skirt,Clothing,"3,963",$32.00,Minnesota,M,Gray,Fall,3.1,No,Next Day Air,No,No,29,Cash,Bi-Weekly,2025-10-06
3138,34,Female,3138,Coat,Outerwear,"3,964",$44.00,Louisiana,M,Turquoise,Spring,2.7,No,2-Day Shipping,No,No,14,Bank Transfer,Monthly,2025-04-25
3139,47,Female,3139,Blouse,Clothing,"3,965",$95.00,Kentucky,L,Gray,Fall,4.6,No,Next Day Air,No,No,40,Cash,Every 3 Months,2025-10-24
3140,35,Female,3140,Sunglasses,Accessories,"3,967",$85.00,Georgia,M,Olive,Winter,4.4,No,Next Day Air,No,No,4,Venmo,Weekly,2025-12-24
3141,34,Female,3141,Gloves,Accessories,"3,968",$44.00,Alaska,XL,Peach,Summer,4.6,No,Free Shipping,No,No,37,Bank Transfer,Weekly,2025-07-26
3142,36,Female,3142,Sunglasses,Accessories,"3,969",$30.00,Mississippi,S,Peach,Winter,4.9,No,Express,No,No,47,Credit Card,Bi-Weekly,2025-12-05
3143,23,Female,3143,Sneakers,Footwear,"3,970",$21.00,Kansas,L,Magenta,Winter,4,No,2-Day Shipping,No,No,1,Venmo,Quarterly,2025-02-27
3144,68,Female,3144,Hoodie,Clothing,"3,971",$22.00,Arizona,M,Purple,Summer,2.9,No,Store Pickup,No,No,26,Cash,Quarterly,2025-08-24
3145,23,Female,3145,Boots,Footwear,"3,973",$70.00,Maine,L,Beige,Spring,2.6,No,Free Shipping,No,No,12,Debit Card,Quarterly,2025-04-23
3146,57,Female,3146,Handbag,Accessories,"3,974",$29.00,Texas,XL,Purple,Spring,4.6,No,Standard,No,No,16,PayPal,Fortnightly,2025-04-05
3147,21,Female,3147,Shirt,Clothing,"3,975",$83.00,Virginia,S,Yellow,Winter,4.9,No,Free Shipping,No,No,19,PayPal,Annually,2025-01-26
3148,45,Female,3148,Sweater,Clothing,"3,976",$99.00,North Dakota,M,Pink,Winter,4.3,No,Express,No,No,21,Credit Card,Weekly,2025-01-03
3149,37,Female,3149,Shorts,Clothing,"3,977",$35.00,West Virginia,L,Purple,Fall,4.3,No,Free Shipping,No,No,15,Venmo,Weekly,2025-09-11
3150,18,Female,3150,Belt,Accessories,"3,979",$40.00,North Carolina,M,Lavender,Winter,4.6,No,Free Shipping,No,No,9,Venmo,Annually,2025-12-14
3151,55,Female,3151,Blouse,Clothing,"3,980",$25.00,Georgia,M,Peach,Spring,2.6,No,Express,No,No,7,Bank Transfer,Bi-Weekly,2025-04-22
3152,52,Female,3152,T-shirt,Clothing,"3,981",$64.00,New Mexico,L,Orange,Fall,3.1,No,2-Day Shipping,No,No,47,Bank Transfer,Quarterly,2025-10-09
3153,49,Female,3153,Belt,Accessories,"3,982",$90.00,North Carolina,M,Red,Fall,3.1,No,Store Pickup,No,No,17,PayPal,Monthly,2025-09-08
3154,56,Female,3154,Socks,Clothing,"3,983",$88.00,Alabama,L,Red,Fall,3.1,No,Next Day Air,No,No,46,Venmo,Fortnightly,2025-09-21
3155,27,Female,3155,Belt,Accessories,"3,985",$55.00,Connecticut,M,Gold,Winter,4.4,No,Standard,No,No,32,Cash,Quarterly,2025-12-09
3156,22,Female,3156,Handbag,Accessories,"3,986",$90.00,Montana,M,Brown,Fall,4.3,No,Free Shipping,No,No,34,Cash,Annually,2025-10-11
3157,18,Female,3157,Shirt,Clothing,"3,987",$50.00,Montana,M,Black,Winter,3.1,No,2-Day Shipping,No,No,18,Cash,Monthly,2025-12-17
3158,21,Female,3158,Belt,Accessories,"3,988",$34.00,Maine,L,Red,Fall,3.1,No,Store Pickup,No,No,5,Debit Card,Fortnightly,2025-11-03
3159,30,Female,3159,Jewelry,Accessories,"3,989",$77.00,Mississippi,M,Gray,Winter,4.9,No,2-Day Shipping,No,No,44,Credit Card,Monthly,2025-01-28
3160,62,Female,3160,Hat,Accessories,"3,991",$89.00,Louisiana,L,Pink,Winter,2.9,No,Store Pickup,No,No,4,Bank Transfer,Quarterly,2025-02-27
3161,28,Female,3161,Backpack,Accessories,"3,992",$87.00,Nebraska,XL,Turquoise,Fall,3.8,No,Next Day Air,No,No,37,Cash,Fortnightly,2025-11-12
3162,66,Female,3162,Dress,Clothing,"3,993",$77.00,Massachusetts,S,Charcoal,Winter,4.2,No,2-Day Shipping,No,No,43,Cash,Monthly,2025-12-05
3163,66,Female,3163,Shoes,Footwear,"3,994",$85.00,Wisconsin,L,Blue,Winter,3.9,No,Standard,No,No,28,Bank Transfer,Quarterly,2025-01-26
3164,49,Female,3164,Pants,Clothing,"3,995",$66.00,Nebraska,XL,Turquoise,Summer,2.8,No,Express,No,No,36,Cash,Monthly,2025-06-08
3165,40,Female,3165,Dress,Clothing,"3,997",$32.00,Arizona,L,Silver,Winter,2.6,No,Standard,No,No,16,Credit Card,Annually,2025-02-26
3166,49,Female,3166,Jacket,Outerwear,"3,998",$92.00,Hawaii,M,Lavender,Spring,3,No,Store Pickup,No,No,38,Bank Transfer,Every 3 Months,2025-05-19
3167,19,Female,3167,Shirt,Clothing,"3,999",$80.00,Georgia,M,Gold,Winter,2.7,No,Next Day Air,No,No,37,Bank Transfer,Fortnightly,2025-02-07
3168,24,Female,3168,Dress,Clothing,"4,000",$78.00,Oregon,M,Blue,Fall,2.8,No,2-Day Shipping,No,No,9,Cash,Bi-Weekly,2025-09-23
3169,31,Female,3169,Jeans,Clothing,"4,001",$24.00,Montana,M,Orange,Spring,2.9,No,2-Day Shipping,No,No,14,PayPal,Fortnightly,2025-03-10
3170,35,Female,3170,T-shirt,Clothing,"4,003",$59.00,Georgia,M,White,Fall,3.8,No,Free Shipping,No,No,3,Venmo,Weekly,2025-09-05
3171,65,Female,3171,Sunglasses,Accessories,"4,004",$41.00,Rhode Island,XL,Charcoal,Spring,4.4,No,Express,No,No,10,Credit Card,Fortnightly,2025-05-24
3172,68,Female,3172,Jewelry,Accessories,"4,005",$26.00,Tennessee,M,Maroon,Spring,3.1,No,Express,No,No,26,Bank Transfer,Bi-Weekly,2025-04-18
3173,57,Female,3173,Socks,Clothing,"4,006",$52.00,Missouri,M,Olive,Fall,3.7,No,Standard,No,No,30,Debit Card,Bi-Weekly,2025-11-08
3174,69,Female,3174,Skirt,Clothing,"4,007",$46.00,Washington,L,Teal,Summer,4.9,No,Next Day Air,No,No,32,PayPal,Fortnightly,2025-08-20
3175,45,Female,3175,Pants,Clothing,"4,009",$52.00,Oklahoma,L,Orange,Winter,3.8,No,Store Pickup,No,No,35,PayPal,Monthly,2025-02-05
3176,35,Female,3176,Socks,Clothing,"4,010",$42.00,Connecticut,M,Maroon,Fall,3.4,No,Store Pickup,No,No,26,Debit Card,Every 3 Months,2025-11-21
3177,36,Female,3177,Sandals,Footwear,"4,011",$37.00,Arkansas,XL,Turquoise,Spring,4.6,No,2-Day Shipping,No,No,39,Credit Card,Monthly,2025-05-19
3178,55,Female,3178,Belt,Accessories,"4,012",$52.00,Missouri,L,Beige,Fall,3.2,No,Standard,No,No,31,Credit Card,Monthly,2025-09-10
3179,66,Female,3179,Sandals,Footwear,"4,013",$34.00,Washington,L,Beige,Spring,2.7,No,Free Shipping,No,No,28,Credit Card,Annually,2025-05-18
3180,57,Female,3180,Shorts,Clothing,"4,015",$88.00,Idaho,M,Olive,Spring,4.3,No,Free Shipping,No,No,12,Debit Card,Bi-Weekly,2025-04-01
3181,18,Female,3181,Handbag,Accessories,"4,016",$88.00,Montana,L,Turquoise,Fall,3.8,No,Standard,No,No,46,PayPal,Weekly,2025-10-01
3182,31,Female,3182,Jacket,Outerwear,"4,017",$51.00,Montana,M,Charcoal,Summer,4.4,No,Free Shipping,No,No,27,PayPal,Every 3 Months,2025-06-27
3183,50,Female,3183,Sunglasses,Accessories,"4,018",$97.00,Georgia,L,Green,Fall,3.6,No,Free Shipping,No,No,4,Credit Card,Annually,2025-10-13
3184,50,Female,3184,Sneakers,Footwear,"4,019",$56.00,Mississippi,M,Green,Winter,3.5,No,Standard,No,No,14,Cash,Every 3 Months,2025-02-28
3185,61,Female,3185,Sweater,Clothing,"4,021",$53.00,Hawaii,L,Green,Spring,4.2,No,2-Day Shipping,No,No,30,Venmo,Quarterly,2025-03-10
3186,52,Female,3186,Skirt,Clothing,"4,022",$71.00,Ohio,L,Gold,Fall,4.7,No,Express,No,No,6,PayPal,Annually,2025-10-10
3187,38,Female,3187,Jewelry,Accessories,"4,023",$93.00,Virginia,S,Cyan,Winter,4.8,No,Store Pickup,No,No,43,Venmo,Annually,2025-12-23
3188,67,Female,3188,Blouse,Clothing,"4,024",$72.00,Texas,L,Indigo,Winter,3.2,No,Free Shipping,No,No,28,Debit Card,Weekly,2025-01-18
3189,42,Female,3189,Blouse,Clothing,"4,025",$59.00,Vermont,M,Lavender,Winter,3.5,No,Standard,No,No,39,Bank Transfer,Monthly,2025-12-16
3190,25,Female,3190,Boots,Footwear,"4,027",$87.00,Kansas,M,Beige,Summer,4.2,No,Store Pickup,No,No,30,PayPal,Bi-Weekly,2025-06-08
3191,41,Female,3191,Jeans,Clothing,"4,028",$78.00,California,S,Purple,Fall,3.4,No,Free Shipping,No,No,5,Credit Card,Fortnightly,2025-10-11
3192,62,Female,3192,Hoodie,Clothing,"4,029",$68.00,Mississippi,XL,Maroon,Winter,4.7,No,Store Pickup,No,No,42,Credit Card,Every 3 Months,2025-12-01
3193,19,Female,3193,Sweater,Clothing,"4,030",$76.00,Iowa,S,Maroon,Fall,3,No,Free Shipping,No,No,20,Cash,Fortnightly,2025-09-11
3194,63,Female,3194,Gloves,Accessories,"4,031",$99.00,Virginia,L,Teal,Winter,4,No,Express,No,No,35,Credit Card,Fortnightly,2025-12-05
3195,43,Female,3195,Sneakers,Footwear,"4,033",$52.00,Maryland,L,Gold,Summer,4.6,No,Standard,No,No,10,Credit Card,Bi-Weekly,2025-08-11
3196,68,Female,3196,Sunglasses,Accessories,"4,034",$58.00,Missouri,S,Red,Spring,4.9,No,Next Day Air,No,No,36,Credit Card,Quarterly,2025-04-09
3197,24,Female,3197,Belt,Accessories,"4,035",$59.00,Wisconsin,L,Maroon,Winter,2.8,No,Express,No,No,21,Debit Card,Fortnightly,2025-02-26
3198,27,Female,3198,Sweater,Clothing,"4,036",$71.00,Maine,M,Teal,Spring,3.2,No,Free Shipping,No,No,29,Credit Card,Every 3 Months,2025-05-15
3199,61,Female,3199,Gloves,Accessories,"4,037",$94.00,Pennsylvania,L,Peach,Winter,2.8,No,Free Shipping,No,No,39,Debit Card,Weekly,2025-01-19
3200,59,Female,3200,Handbag,Accessories,"4,039",$40.00,Maine,XL,Pink,Winter,4.2,No,Express,No,No,16,PayPal,Monthly,2025-01-11
3201,67,Female,3201,Socks,Clothing,"4,040",$24.00,Missouri,L,Black,Spring,4.8,No,Free Shipping,No,No,32,Credit Card,Monthly,2025-05-03
3202,46,Female,3202,Pants,Clothing,"4,041",$38.00,Vermont,S,Indigo,Fall,2.8,No,2-Day Shipping,No,No,34,Cash,Monthly,2025-10-28
3203,65,Female,3203,Scarf,Accessories,"4,042",$37.00,Wisconsin,L,Green,Fall,4.5,No,Standard,No,No,38,Venmo,Annually,2025-10-18
3204,63,Female,3204,Coat,Outerwear,"4,043",$29.00,New Jersey,L,Teal,Spring,4.1,No,Express,No,No,14,Venmo,Annually,2025-05-26
3205,57,Female,3205,Jacket,Outerwear,"4,045",$92.00,New Mexico,XL,Lavender,Fall,4.3,No,Free Shipping,No,No,23,Debit Card,Bi-Weekly,2025-09-06
3206,40,Female,3206,Hoodie,Clothing,"4,046",$24.00,Colorado,XL,Magenta,Fall,4.4,No,2-Day Shipping,No,No,50,Bank Transfer,Every 3 Months,2025-09-12
3207,36,Female,3207,Boots,Footwear,"4,047",$52.00,California,M,Brown,Winter,3,No,Free Shipping,No,No,49,PayPal,Monthly,2025-12-21
3208,67,Female,3208,Socks,Clothing,"4,048",$29.00,Arizona,XL,Beige,Summer,2.7,No,Next Day Air,No,No,14,PayPal,Annually,2025-07-27
3209,61,Female,3209,Jewelry,Accessories,"4,049",$30.00,Indiana,L,Indigo,Winter,3.3,No,2-Day Shipping,No,No,42,PayPal,Weekly,2025-12-10
3210,64,Female,3210,Shoes,Footwear,"4,051",$31.00,Arkansas,L,Peach,Fall,4.3,No,Standard,No,No,39,Debit Card,Annually,2025-11-28
3211,30,Female,3211,Socks,Clothing,"4,052",$67.00,Nevada,M,Magenta,Summer,2.9,No,Express,No,No,43,Venmo,Bi-Weekly,2025-08-21
3212,53,Female,3212,Pants,Clothing,"4,053",$65.00,Rhode Island,L,Turquoise,Winter,4.9,No,Standard,No,No,12,Cash,Monthly,2025-02-23
3213,27,Female,3213,Sneakers,Footwear,"4,054",$22.00,Wyoming,M,Indigo,Winter,3.6,No,2-Day Shipping,No,No,21,Debit Card,Weekly,2025-12-05
3214,27,Female,3214,Sunglasses,Accessories,"4,055",$56.00,Texas,M,Brown,Winter,3.3,No,Standard,No,No,33,Credit Card,Monthly,2025-01-21
3215,53,Female,3215,Skirt,Clothing,"4,057",$78.00,Washington,M,Yellow,Spring,3.1,No,Free Shipping,No,No,6,Debit Card,Annually,2025-05-09
3216,34,Female,3216,Coat,Outerwear,"4,058",$90.00,Rhode Island,M,Magenta,Summer,2.7,No,Free Shipping,No,No,10,PayPal,Every 3 Months,2025-08-16
3217,39,Female,3217,Hoodie,Clothing,"4,059",$85.00,Illinois,S,Olive,Winter,3.4,No,Next Day Air,No,No,18,Cash,Weekly,2025-02-28
3218,44,Female,3218,Sunglasses,Accessories,"4,060",$58.00,Oregon,M,Silver,Fall,3.4,No,Express,No,No,46,Venmo,Weekly,2025-11-14
3219,37,Female,3219,Skirt,Clothing,"4,061",$34.00,Florida,M,Teal,Fall,3.9,No,Express,No,No,49,PayPal,Monthly,2025-10-18
3220,57,Female,3220,Coat,Outerwear,"4,063",$40.00,Kansas,L,White,Summer,3.5,No,2-Day Shipping,No,No,39,Credit Card,Weekly,2025-07-16
3221,38,Female,3221,Handbag,Accessories,"4,064",$29.00,North Dakota,M,Blue,Fall,4.1,No,Free Shipping,No,No,16,Cash,Monthly,2025-10-21
3222,21,Female,3222,T-shirt,Clothing,"4,065",$76.00,New Hampshire,M,Yellow,Winter,3.2,No,Standard,No,No,28,Cash,Annually,2025-02-18
3223,45,Female,3223,Sunglasses,Accessories,"4,066",$84.00,Texas,S,Maroon,Fall,4.6,No,Store Pickup,No,No,22,PayPal,Quarterly,2025-09-19
3224,68,Female,3224,Shirt,Clothing,"4,067",$65.00,Montana,S,Gray,Spring,3.9,No,Standard,No,No,36,Venmo,Bi-Weekly,2025-04-21
3225,37,Female,3225,Hoodie,Clothing,"4,069",$80.00,Delaware,L,Indigo,Winter,2.7,No,Free Shipping,No,No,18,PayPal,Monthly,2025-02-28
3226,53,Female,3226,Blouse,Clothing,"4,070",$98.00,New Hampshire,M,Pink,Fall,3,No,Store Pickup,No,No,31,Credit Card,Weekly,2025-09-09
3227,57,Female,3227,Sneakers,Footwear,"4,071",$71.00,Minnesota,XL,Beige,Spring,3.3,No,Next Day Air,No,No,38,Bank Transfer,Fortnightly,2025-04-04
3228,28,Female,3228,Scarf,Accessories,"4,072",$69.00,Alaska,XL,White,Fall,2.7,No,Free Shipping,No,No,42,Debit Card,Quarterly,2025-09-01
3229,37,Female,3229,Jewelry,Accessories,"4,073",$95.00,Connecticut,M,Yellow,Spring,4.6,No,2-Day Shipping,No,No,27,PayPal,Annually,2025-04-10
3230,54,Female,3230,Pants,Clothing,"4,075",$67.00,Connecticut,M,Teal,Fall,2.7,No,Express,No,No,24,Cash,Monthly,2025-09-18
3231,49,Female,3231,Sneakers,Footwear,"4,076",$49.00,Kansas,M,Olive,Summer,2.5,No,Next Day Air,No,No,38,Debit Card,Annually,2025-08-17
3232,62,Female,3232,Shoes,Footwear,"4,077",$97.00,Nevada,M,Maroon,Winter,4.4,No,Free Shipping,No,No,9,Credit Card,Annually,2025-01-09
3233,45,Female,3233,T-shirt,Clothing,"4,078",$34.00,Massachusetts,M,White,Spring,4,No,Next Day Air,No,No,19,Bank Transfer,Monthly,2025-05-13
3234,45,Female,3234,Belt,Accessories,"4,079",$74.00,Indiana,M,Lavender,Fall,3.8,No,Express,No,No,11,Debit Card,Bi-Weekly,2025-10-18
3235,49,Female,3235,Jewelry,Accessories,"4,081",$96.00,Washington,M,Black,Winter,2.5,No,2-Day Shipping,No,No,16,Debit Card,Quarterly,2025-01-26
3236,27,Female,3236,Belt,Accessories,"4,082",$68.00,Kansas,M,Green,Summer,4,No,Free Shipping,No,No,18,Venmo,Monthly,2025-08-21
3237,63,Female,3237,Belt,Accessories,"4,083",$84.00,South Carolina,L,Olive,Fall,4.1,No,Next Day Air,No,No,8,Cash,Monthly,2025-10-12
3238,61,Female,3238,T-shirt,Clothing,"4,084",$57.00,Vermont,M,Gray,Summer,2.8,No,Express,No,No,4,Cash,Weekly,2025-08-14
3239,25,Female,3239,Sneakers,Footwear,"4,085",$84.00,Wyoming,XL,Teal,Fall,3.4,No,2-Day Shipping,No,No,37,Cash,Quarterly,2025-09-11
3240,33,Female,3240,Sunglasses,Accessories,"4,087",$32.00,Colorado,M,Charcoal,Fall,2.7,No,2-Day Shipping,No,No,30,Cash,Monthly,2025-10-20
3241,56,Female,3241,Sandals,Footwear,"4,088",$37.00,West Virginia,M,Violet,Fall,3.8,No,2-Day Shipping,No,No,37,Bank Transfer,Monthly,2025-09-15
3242,50,Female,3242,Handbag,Accessories,"4,089",$58.00,Connecticut,M,Lavender,Summer,4.4,No,Store Pickup,No,No,30,PayPal,Quarterly,2025-07-07
3243,45,Female,3243,Socks,Clothing,"4,090",$74.00,Oregon,S,Beige,Fall,2.8,No,Express,No,No,17,Venmo,Weekly,2025-11-19
3244,45,Female,3244,Hoodie,Clothing,"4,091",$99.00,Idaho,L,Black,Summer,5,No,Store Pickup,No,No,11,Bank Transfer,Every 3 Months,2025-08-09
3245,65,Female,3245,Sweater,Clothing,"4,093",$81.00,Arkansas,M,Black,Fall,4.7,No,Express,No,No,42,Credit Card,Annually,2025-09-07
3246,63,Female,3246,Pants,Clothing,"4,094",$76.00,Kansas,M,Purple,Fall,3.2,No,Next Day Air,No,No,20,Cash,Weekly,2025-09-17
3247,70,Female,3247,Sneakers,Footwear,"4,095",$98.00,Michigan,M,Magenta,Summer,2.9,No,Store Pickup,No,No,37,Cash,Monthly,2025-07-25
3248,53,Female,3248,Gloves,Accessories,"4,096",$91.00,Arkansas,M,Teal,Summer,3.7,No,Express,No,No,12,PayPal,Fortnightly,2025-07-08
3249,22,Female,3249,T-shirt,Clothing,"4,097",$79.00,Pennsylvania,S,Teal,Summer,4.2,No,Free Shipping,No,No,41,Bank Transfer,Quarterly,2025-06-15
3250,26,Female,3250,Backpack,Accessories,"4,099",$83.00,Virginia,M,Pink,Summer,3.4,No,Express,No,No,32,Credit Card,Quarterly,2025-06-23
3251,23,Female,3251,Coat,Outerwear,"4,100",$90.00,Minnesota,M,Teal,Spring,2.9,No,2-Day Shipping,No,No,15,Venmo,Weekly,2025-03-15
3252,25,Female,3252,Coat,Outerwear,"4,101",$20.00,Nevada,M,Gold,Winter,3.7,No,Standard,No,No,39,Venmo,Quarterly,2025-12-22
3253,69,Female,3253,Sandals,Footwear,"4,102",$21.00,Montana,L,Brown,Spring,2.7,No,Store Pickup,No,No,48,Credit Card,Fortnightly,2025-04-14
3254,36,Female,3254,Backpack,Accessories,"4,103",$60.00,Nebraska,M,Brown,Fall,3.2,No,2-Day Shipping,No,No,8,Venmo,Fortnightly,2025-09-17
3255,21,Female,3255,Sweater,Clothing,"4,105",$31.00,Indiana,S,Magenta,Winter,4.9,No,Store Pickup,No,No,11,Bank Transfer,Every 3 Months,2025-12-08
3256,57,Female,3256,Shorts,Clothing,"4,106",$40.00,New Jersey,M,Black,Fall,2.8,No,Next Day Air,No,No,36,Bank Transfer,Monthly,2025-10-28
3257,60,Female,3257,Sunglasses,Accessories,"4,107",$26.00,Wisconsin,L,Teal,Winter,4.7,No,Free Shipping,No,No,50,Venmo,Every 3 Months,2025-12-17
3258,44,Female,3258,Shirt,Clothing,"4,108",$98.00,Minnesota,M,Brown,Fall,3.3,No,Express,No,No,39,Venmo,Every 3 Months,2025-10-06
3259,31,Female,3259,Shoes,Footwear,"4,109",$51.00,New Jersey,M,Magenta,Spring,4.3,No,Express,No,No,11,Credit Card,Bi-Weekly,2025-05-09
3260,57,Female,3260,Hat,Accessories,"4,111",$95.00,Oklahoma,XL,Indigo,Fall,3.7,No,2-Day Shipping,No,No,5,Debit Card,Every 3 Months,2025-11-06
3261,39,Female,3261,Scarf,Accessories,"4,112",$36.00,Wisconsin,M,Violet,Summer,4.5,No,2-Day Shipping,No,No,7,Credit Card,Annually,2025-06-23
3262,48,Female,3262,Belt,Accessories,"4,113",$52.00,Rhode Island,L,Cyan,Winter,3.4,No,Store Pickup,No,No,50,Debit Card,Weekly,2025-01-14
3263,42,Female,3263,T-shirt,Clothing,"4,114",$35.00,Indiana,M,Violet,Spring,2.7,No,Standard,No,No,21,Cash,Every 3 Months,2025-05-03
3264,56,Female,3264,Shorts,Clothing,"4,115",$68.00,Vermont,S,Black,Fall,4.4,No,Express,No,No,31,Debit Card,Fortnightly,2025-09-07
3265,28,Female,3265,Pants,Clothing,"4,117",$50.00,Maine,S,Charcoal,Winter,4,No,Express,No,No,39,Cash,Bi-Weekly,2025-12-12
3266,40,Female,3266,Sunglasses,Accessories,"4,118",$100.00,Alabama,M,White,Winter,3.2,No,Express,No,No,28,Credit Card,Fortnightly,2025-02-16
3267,49,Female,3267,Coat,Outerwear,"4,119",$74.00,Alabama,S,Gray,Winter,4.2,No,Next Day Air,No,No,33,Bank Transfer,Weekly,2025-12-18
3268,37,Female,3268,Hoodie,Clothing,"4,120",$45.00,Idaho,L,Pink,Winter,3,No,Store Pickup,No,No,42,Credit Card,Quarterly,2025-02-17
3269,22,Female,3269,Dress,Clothing,"4,121",$97.00,Arkansas,M,Cyan,Fall,2.8,No,Free Shipping,No,No,5,Bank Transfer,Every 3 Months,2025-09-01
3270,27,Female,3270,Blouse,Clothing,"4,123",$60.00,Ohio,M,Blue,Winter,4.9,No,Express,No,No,25,Cash,Monthly,2025-01-08
3271,59,Female,3271,Socks,Clothing,"4,124",$25.00,Illinois,M,Indigo,Winter,4.7,No,Express,No,No,48,PayPal,Annually,2025-01-23
3272,35,Female,3272,Socks,Clothing,"4,125",$55.00,Nevada,XL,Magenta,Spring,4.4,No,Standard,No,No,30,Credit Card,Weekly,2025-05-25
3273,58,Female,3273,Shoes,Footwear,"4,126",$99.00,Texas,M,Lavender,Winter,3.1,No,Next Day Air,No,No,34,PayPal,Quarterly,2025-01-17
3274,58,Female,3274,Belt,Accessories,"4,127",$45.00,Nevada,S,Orange,Summer,2.6,No,Free Shipping,No,No,34,PayPal,Every 3 Months,2025-06-28
3275,46,Female,3275,Sweater,Clothing,"4,129",$20.00,Oklahoma,M,Cyan,Spring,3.9,No,Store Pickup,No,No,14,Cash,Fortnightly,2025-03-21
3276,43,Female,3276,Pants,Clothing,"4,130",$88.00,Alabama,XL,Green,Summer,2.6,No,2-Day Shipping,No,No,2,Debit Card,Weekly,2025-08-05
3277,39,Female,3277,Scarf,Accessories,"4,131",$99.00,South Dakota,M,White,Summer,4,No,Store Pickup,No,No,41,PayPal,Every 3 Months,2025-08-26
3278,59,Female,3278,Skirt,Clothing,"4,132",$86.00,Texas,M,Blue,Spring,4.9,No,Store Pickup,No,No,3,Credit Card,Monthly,2025-03-10
3279,59,Female,3279,Dress,Clothing,"4,133",$70.00,Montana,M,Black,Summer,3.3,No,2-Day Shipping,No,No,18,Bank Transfer,Weekly,2025-07-26
3280,59,Female,3280,Hat,Accessories,"4,135",$50.00,Wyoming,S,Red,Fall,3,No,Express,No,No,1,Debit Card,Fortnightly,2025-09-11
3281,45,Female,3281,Handbag,Accessories,"4,136",$57.00,New York,L,Red,Winter,2.7,No,Next Day Air,No,No,5,PayPal,Monthly,2025-02-17
3282,27,Female,3282,Pants,Clothing,"4,137",$69.00,Oregon,L,Gold,Winter,3.1,No,Free Shipping,No,No,41,Bank Transfer,Annually,2025-01-14
3283,24,Female,3283,T-shirt,Clothing,"4,138",$94.00,California,M,Red,Fall,4.8,No,Next Day Air,No,No,5,Credit Card,Monthly,2025-09-04
3284,47,Female,3284,Jacket,Outerwear,"4,139",$24.00,North Carolina,L,Purple,Spring,2.9,No,Express,No,No,10,Debit Card,Every 3 Months,2025-03-16
3285,70,Female,3285,Scarf,Accessories,"4,141",$79.00,Kentucky,L,White,Spring,4.5,No,2-Day Shipping,No,No,20,Venmo,Annually,2025-04-26
3286,58,Female,3286,Hat,Accessories,"4,142",$31.00,Hawaii,XL,Magenta,Fall,4.6,No,Free Shipping,No,No,11,Cash,Weekly,2025-10-27
3287,45,Female,3287,Jacket,Outerwear,"4,143",$67.00,Illinois,L,Pink,Winter,5,No,Express,No,No,4,Venmo,Fortnightly,2025-02-16
3288,24,Female,3288,Skirt,Clothing,"4,144",$63.00,West Virginia,L,Black,Spring,4.3,No,2-Day Shipping,No,No,38,Credit Card,Weekly,2025-04-14
3289,67,Female,3289,Handbag,Accessories,"4,145",$61.00,South Carolina,XL,White,Spring,4.9,No,Next Day Air,No,No,19,Credit Card,Bi-Weekly,2025-04-15
3290,31,Female,3290,Backpack,Accessories,"4,147",$50.00,Montana,M,Maroon,Summer,4,No,2-Day Shipping,No,No,16,Venmo,Every 3 Months,2025-06-01
3291,52,Female,3291,Coat,Outerwear,"4,148",$82.00,North Dakota,L,Black,Spring,3.1,No,Free Shipping,No,No,2,PayPal,Monthly,2025-05-03
3292,29,Female,3292,Belt,Accessories,"4,149",$51.00,New Mexico,L,Olive,Fall,2.6,No,2-Day Shipping,No,No,11,Cash,Monthly,2025-11-15
3293,62,Female,3293,Handbag,Accessories,"4,150",$23.00,Missouri,L,Gray,Spring,4.9,No,Standard,No,No,18,Bank Transfer,Fortnightly,2025-04-11
3294,19,Female,3294,Coat,Outerwear,"4,151",$91.00,West Virginia,M,Gold,Spring,3.5,No,2-Day Shipping,No,No,47,Credit Card,Fortnightly,2025-03-16
3295,62,Female,3295,Sweater,Clothing,"4,153",$60.00,South Carolina,S,Magenta,Spring,4.5,No,Store Pickup,No,No,15,Bank Transfer,Bi-Weekly,2025-03-08
3296,70,Female,3296,Blouse,Clothing,"4,154",$34.00,West Virginia,S,Lavender,Summer,2.8,No,Next Day Air,No,No,15,Cash,Weekly,2025-06-18
3297,20,Female,3297,Blouse,Clothing,"4,155",$23.00,Alaska,M,Green,Spring,4.2,No,Next Day Air,No,No,47,Venmo,Quarterly,2025-03-13
3298,67,Female,3298,Belt,Accessories,"4,156",$82.00,West Virginia,M,Violet,Fall,4.1,No,Free Shipping,No,No,47,PayPal,Monthly,2025-11-08
3299,65,Female,3299,Jacket,Outerwear,"4,157",$73.00,New Mexico,M,Brown,Fall,3.5,No,Express,No,No,6,Bank Transfer,Every 3 Months,2025-11-14
3300,45,Female,3300,Shorts,Clothing,"4,159",$32.00,South Dakota,L,Teal,Spring,4,No,2-Day Shipping,No,No,18,Venmo,Monthly,2025-05-03
3301,26,Female,3301,Hat,Accessories,"4,160",$80.00,Oklahoma,M,Charcoal,Spring,4,No,Express,No,No,40,Bank Transfer,Bi-Weekly,2025-03-25
3302,36,Female,3302,Pants,Clothing,"4,161",$58.00,Oklahoma,XL,Charcoal,Summer,2.5,No,Free Shipping,No,No,31,Credit Card,Fortnightly,2025-07-15
3303,36,Female,3303,Blouse,Clothing,"4,162",$82.00,Alabama,XL,Beige,Winter,4.2,No,Standard,No,No,31,Venmo,Bi-Weekly,2025-01-03
3304,20,Female,3304,Belt,Accessories,"4,163",$60.00,Mississippi,S,Turquoise,Summer,3.4,No,Next Day Air,No,No,4,Credit Card,Fortnightly,2025-06-04
3305,30,Female,3305,Handbag,Accessories,"4,165",$79.00,Mississippi,XL,Orange,Fall,4.8,No,Next Day Air,No,No,36,Bank Transfer,Every 3 Months,2025-09-18
3306,34,Female,3306,Hoodie,Clothing,"4,166",$41.00,Nebraska,L,Cyan,Summer,4.9,No,Standard,No,No,31,PayPal,Bi-Weekly,2025-07-08
3307,63,Female,3307,Jacket,Outerwear,"4,167",$39.00,Colorado,L,Orange,Summer,3.6,No,Store Pickup,No,No,6,Venmo,Fortnightly,2025-06-06
3308,18,Female,3308,Scarf,Accessories,"4,168",$36.00,Pennsylvania,S,Green,Winter,4,No,Store Pickup,No,No,1,Cash,Monthly,2025-02-15
3309,55,Female,3309,Jeans,Clothing,"4,169",$70.00,Utah,M,Pink,Fall,2.6,No,Express,No,No,29,Cash,Monthly,2025-10-10
3310,48,Female,3310,Handbag,Accessories,"4,171",$47.00,Massachusetts,M,Blue,Summer,3.1,No,Store Pickup,No,No,19,PayPal,Monthly,2025-06-06
3311,45,Female,3311,Jacket,Outerwear,"4,172",$27.00,Iowa,M,Pink,Winter,3.6,No,Free Shipping,No,No,12,PayPal,Fortnightly,2025-02-14
3312,29,Female,3312,Hat,Accessories,"4,173",$52.00,Florida,L,Blue,Summer,4,No,Express,No,No,18,Bank Transfer,Annually,2025-06-20
3313,55,Female,3313,Sneakers,Footwear,"4,174",$75.00,Louisiana,L,Black,Summer,3.9,No,Next Day Air,No,No,45,Cash,Quarterly,2025-07-16
3314,55,Female,3314,Hat,Accessories,"4,175",$30.00,Kansas,XL,Black,Fall,3.9,No,Express,No,No,45,Credit Card,Monthly,2025-10-08
3315,55,Female,3315,Socks,Clothing,"4,177",$94.00,Kansas,M,Violet,Spring,3.3,No,Standard,No,No,8,Credit Card,Quarterly,2025-03-18
3316,48,Female,3316,Scarf,Accessories,"4,178",$68.00,Kentucky,S,Gold,Summer,2.9,No,Standard,No,No,4,PayPal,Every 3 Months,2025-07-25
3317,42,Female,3317,Socks,Clothing,"4,179",$45.00,New Mexico,M,Olive,Summer,3.1,No,Free Shipping,No,No,5,Debit Card,Fortnightly,2025-07-21
3318,21,Female,3318,Hat,Accessories,"4,180",$67.00,North Carolina,XL,Pink,Summer,4.7,No,Standard,No,No,30,Cash,Quarterly,2025-07-15
3319,45,Female,3319,Jacket,Outerwear,"4,181",$46.00,North Dakota,M,Olive,Summer,3.9,No,Free Shipping,No,No,15,PayPal,Monthly,2025-08-06
3320,23,Female,3320,Shorts,Clothing,"4,183",$31.00,North Dakota,M,Indigo,Summer,4.3,No,Next Day Air,No,No,17,Credit Card,Every 3 Months,2025-06-16
3321,66,Female,3321,Blouse,Clothing,"4,184",$44.00,Illinois,XL,Silver,Fall,4.2,No,2-Day Shipping,No,No,45,Cash,Every 3 Months,2025-11-12
3322,32,Female,3322,Coat,Outerwear,"4,185",$100.00,Maine,S,Charcoal,Winter,4.3,No,Next Day Air,No,No,3,Venmo,Annually,2025-12-23
3323,52,Female,3323,Sweater,Clothing,"4,186",$92.00,Indiana,XL,Orange,Winter,4.6,No,Next Day Air,No,No,43,PayPal,Weekly,2025-02-25
3324,54,Female,3324,Handbag,Accessories,"4,187",$78.00,North Dakota,M,Yellow,Winter,3.8,No,Free Shipping,No,No,4,Credit Card,Monthly,2025-02-25
3325,37,Female,3325,T-shirt,Clothing,"4,189",$32.00,Missouri,S,Red,Fall,3.3,No,Standard,No,No,41,Venmo,Weekly,2025-10-03
3326,29,Female,3326,Sandals,Footwear,"4,190",$97.00,Alaska,M,Maroon,Fall,3.7,No,2-Day Shipping,No,No,16,Venmo,Monthly,2025-11-02
3327,47,Female,3327,Gloves,Accessories,"4,191",$95.00,North Dakota,M,Magenta,Summer,4.3,No,Standard,No,No,10,Debit Card,Annually,2025-06-06
3328,47,Female,3328,Shorts,Clothing,"4,192",$64.00,Connecticut,M,Black,Spring,4.1,No,Express,No,No,2,Debit Card,Quarterly,2025-04-12
3329,42,Female,3329,Sandals,Footwear,"4,193",$35.00,Wisconsin,M,Violet,Spring,3.2,No,Free Shipping,No,No,11,Cash,Bi-Weekly,2025-04-06
3330,34,Female,3330,Backpack,Accessories,"4,195",$54.00,New Jersey,M,Gray,Winter,3.8,No,Express,No,No,1,Debit Card,Bi-Weekly,2025-01-15
3331,38,Female,3331,Sneakers,Footwear,"4,196",$96.00,Missouri,M,Black,Spring,3.2,No,2-Day Shipping,No,No,41,Bank Transfer,Quarterly,2025-03-07
3332,55,Female,3332,Sunglasses,Accessories,"4,197",$58.00,California,M,Pink,Summer,3.5,No,Free Shipping,No,No,39,PayPal,Quarterly,2025-07-22
3333,27,Female,3333,T-shirt,Clothing,"4,198",$23.00,Washington,M,Silver,Summer,3.1,No,2-Day Shipping,No,No,1,PayPal,Bi-Weekly,2025-08-27
3334,55,Female,3334,Jeans,Clothing,"4,199",$35.00,Minnesota,M,Violet,Spring,4.2,No,Express,No,No,3,PayPal,Monthly,2025-03-02
3335,66,Female,3335,Shirt,Clothing,"4,201",$23.00,California,M,Beige,Summer,3.4,No,Free Shipping,No,No,21,Credit Card,Annually,2025-07-17
3336,44,Female,3336,Hat,Accessories,"4,202",$94.00,Texas,XL,Cyan,Winter,3.5,No,Express,No,No,48,Bank Transfer,Quarterly,2025-01-18
3337,39,Female,3337,Blouse,Clothing,"4,203",$45.00,Montana,M,Brown,Fall,4,No,Free Shipping,No,No,24,Debit Card,Annually,2025-10-20
3338,23,Female,3338,Jacket,Outerwear,"4,204",$23.00,Arizona,L,Blue,Winter,4.4,No,2-Day Shipping,No,No,45,Bank Transfer,Bi-Weekly,2025-02-27
3339,29,Female,3339,Skirt,Clothing,"4,205",$94.00,Minnesota,L,White,Winter,2.9,No,2-Day Shipping,No,No,46,Credit Card,Monthly,2025-01-23
3340,20,Female,3340,Gloves,Accessories,"4,207",$99.00,Nebraska,M,Cyan,Fall,3.6,No,Store Pickup,No,No,35,Cash,Fortnightly,2025-09-14
3341,42,Female,3341,T-shirt,Clothing,"4,208",$36.00,Virginia,XL,Maroon,Fall,4.4,No,Free Shipping,No,No,47,Credit Card,Fortnightly,2025-11-23
3342,55,Female,3342,Jacket,Outerwear,"4,209",$50.00,Connecticut,XL,Olive,Summer,4.5,No,Standard,No,No,35,Credit Card,Monthly,2025-08-11
3343,66,Female,3343,Jacket,Outerwear,"4,210",$81.00,New Jersey,M,Violet,Spring,3.8,No,Free Shipping,No,No,45,Credit Card,Weekly,2025-04-01
3344,24,Female,3344,Shorts,Clothing,"4,211",$31.00,Kentucky,XL,Green,Winter,3.6,No,2-Day Shipping,No,No,6,Cash,Bi-Weekly,2025-01-02
3345,62,Female,3345,Hat,Accessories,"4,213",$48.00,Washington,XL,Magenta,Fall,4.3,No,Free Shipping,No,No,20,Cash,Annually,2025-11-25
3346,28,Female,3346,Handbag,Accessories,"4,214",$91.00,Florida,M,Turquoise,Summer,4,No,2-Day Shipping,No,No,3,Venmo,Bi-Weekly,2025-07-24
3347,30,Female,3347,Jeans,Clothing,"4,215",$99.00,Oklahoma,M,Black,Summer,3.4,No,Express,No,No,30,Venmo,Quarterly,2025-06-07
3348,22,Female,3348,Shoes,Footwear,"4,216",$70.00,Iowa,XL,Cyan,Summer,4.4,No,Standard,No,No,28,PayPal,Bi-Weekly,2025-07-15
3349,28,Female,3349,T-shirt,Clothing,"4,217",$74.00,New Hampshire,L,Gray,Winter,2.8,No,Standard,No,No,15,Cash,Every 3 Months,2025-12-09
3350,35,Female,3350,Jewelry,Accessories,"4,219",$79.00,Georgia,M,Red,Fall,2.8,No,Store Pickup,No,No,29,PayPal,Quarterly,2025-11-28
3351,45,Female,3351,Handbag,Accessories,"4,220",$33.00,Mississippi,S,Olive,Fall,4.9,No,2-Day Shipping,No,No,15,Cash,Bi-Weekly,2025-11-07
3352,43,Female,3352,Shirt,Clothing,"4,221",$49.00,New Hampshire,L,Cyan,Spring,4.2,No,2-Day Shipping,No,No,18,Bank Transfer,Fortnightly,2025-05-07
3353,55,Female,3353,Belt,Accessories,"4,222",$96.00,Washington,M,Teal,Summer,2.9,No,Next Day Air,No,No,7,Bank Transfer,Bi-Weekly,2025-07-01
3354,31,Female,3354,Dress,Clothing,"4,223",$66.00,Ohio,L,Teal,Fall,4.6,No,Free Shipping,No,No,19,Credit Card,Every 3 Months,2025-09-17
3355,42,Female,3355,Skirt,Clothing,"4,225",$45.00,Maryland,M,Orange,Fall,2.8,No,Next Day Air,No,No,15,PayPal,Weekly,2025-10-21
3356,40,Female,3356,Blouse,Clothing,"4,226",$28.00,Delaware,M,Peach,Spring,2.6,No,Store Pickup,No,No,3,Bank Transfer,Bi-Weekly,2025-04-09
3357,39,Female,3357,Jeans,Clothing,"4,227",$48.00,Tennessee,M,Silver,Summer,3.5,No,Store Pickup,No,No,13,PayPal,Bi-Weekly,2025-07-07
3358,41,Female,3358,Hoodie,Clothing,"4,228",$67.00,Arkansas,M,Pink,Winter,3.5,No,Free Shipping,No,No,37,Credit Card,Monthly,2025-12-11
3359,56,Female,3359,T-shirt,Clothing,"4,229",$59.00,Tennessee,M,Magenta,Fall,3.4,No,2-Day Shipping,No,No,26,Cash,Annually,2025-11-25
3360,43,Female,3360,Sunglasses,Accessories,"4,231",$74.00,New Hampshire,L,Red,Fall,3.9,No,Next Day Air,No,No,29,Debit Card,Monthly,2025-09-09
3361,22,Female,3361,Jacket,Outerwear,"4,232",$81.00,Minnesota,M,Maroon,Spring,3.3,No,2-Day Shipping,No,No,47,Cash,Every 3 Months,2025-03-06
3362,47,Female,3362,Shoes,Footwear,"4,233",$26.00,Florida,M,Silver,Spring,4.1,No,Free Shipping,No,No,47,Credit Card,Bi-Weekly,2025-05-19
3363,50,Female,3363,Handbag,Accessories,"4,234",$61.00,Tennessee,M,Gray,Summer,3,No,Next Day Air,No,No,48,Venmo,Fortnightly,2025-06-26
3364,58,Female,3364,Sweater,Clothing,"4,235",$23.00,California,M,Turquoise,Winter,3,No,Next Day Air,No,No,46,Bank Transfer,Bi-Weekly,2025-02-11
3365,50,Female,3365,Scarf,Accessories,"4,237",$33.00,Oregon,M,Peach,Fall,3.2,No,Standard,No,No,7,Credit Card,Monthly,2025-09-09
3366,43,Female,3366,Skirt,Clothing,"4,238",$58.00,Tennessee,L,Teal,Fall,3.9,No,Express,No,No,45,Credit Card,Every 3 Months,2025-09-24
3367,38,Female,3367,Gloves,Accessories,"4,239",$65.00,North Carolina,M,Red,Spring,3.6,No,2-Day Shipping,No,No,47,Debit Card,Quarterly,2025-05-02
3368,44,Female,3368,T-shirt,Clothing,"4,240",$48.00,Tennessee,M,Blue,Summer,3.1,No,Store Pickup,No,No,6,Venmo,Fortnightly,2025-08-15
3369,30,Female,3369,Sandals,Footwear,"4,241",$25.00,Nebraska,M,Blue,Spring,4.8,No,Express,No,No,29,Bank Transfer,Every 3 Months,2025-03-15
3370,47,Female,3370,Sweater,Clothing,"4,243",$51.00,Maine,M,Indigo,Winter,3.8,No,2-Day Shipping,No,No,42,Cash,Monthly,2025-12-11
3371,30,Female,3371,Belt,Accessories,"4,244",$31.00,Illinois,M,Charcoal,Summer,2.8,No,Store Pickup,No,No,46,Cash,Fortnightly,2025-07-04
3372,49,Female,3372,Hoodie,Clothing,"4,245",$99.00,Colorado,S,Turquoise,Winter,4,No,Next Day Air,No,No,28,PayPal,Annually,2025-12-25
3373,56,Female,3373,Socks,Clothing,"4,246",$25.00,Pennsylvania,M,Maroon,Winter,4.6,No,Free Shipping,No,No,14,Credit Card,Every 3 Months,2025-12-06
3374,70,Female,3374,Sandals,Footwear,"4,247",$52.00,Minnesota,M,Purple,Spring,3.5,No,Store Pickup,No,No,12,Debit Card,Every 3 Months,2025-04-22
3375,22,Female,3375,Blouse,Clothing,"4,249",$47.00,Nevada,S,Lavender,Spring,3.7,No,2-Day Shipping,No,No,41,Debit Card,Annually,2025-05-09
3376,51,Female,3376,Boots,Footwear,"4,250",$98.00,Connecticut,XL,Yellow,Fall,4.9,No,Express,No,No,8,Credit Card,Annually,2025-11-14
3377,22,Female,3377,Hat,Accessories,"4,251",$46.00,Ohio,M,Green,Winter,4.1,No,Store Pickup,No,No,24,Cash,Quarterly,2025-12-18
3378,37,Female,3378,Shirt,Clothing,"4,252",$32.00,Kentucky,M,Yellow,Winter,4.6,No,Next Day Air,No,No,18,PayPal,Fortnightly,2025-01-18
3379,49,Female,3379,Shorts,Clothing,"4,253",$75.00,Minnesota,L,Gold,Fall,4.5,No,Next Day Air,No,No,6,Cash,Quarterly,2025-10-05
3380,61,Female,3380,Handbag,Accessories,"4,255",$51.00,Tennessee,L,Turquoise,Summer,5,No,Store Pickup,No,No,40,Cash,Weekly,2025-07-12
3381,41,Female,3381,Dress,Clothing,"4,256",$52.00,North Dakota,L,Blue,Summer,3.8,No,Standard,No,No,6,PayPal,Every 3 Months,2025-08-18
3382,57,Female,3382,Hat,Accessories,"4,257",$66.00,Minnesota,L,Turquoise,Winter,4.7,No,Standard,No,No,27,Credit Card,Quarterly,2025-12-09
3383,34,Female,3383,Sweater,Clothing,"4,258",$35.00,Nebraska,M,Maroon,Spring,2.8,No,Express,No,No,2,Bank Transfer,Weekly,2025-04-09
3384,27,Female,3384,Coat,Outerwear,"4,259",$43.00,Delaware,M,Pink,Fall,2.6,No,Next Day Air,No,No,39,Venmo,Bi-Weekly,2025-11-17
3385,39,Female,3385,Hoodie,Clothing,"4,261",$24.00,Minnesota,L,Maroon,Summer,3.8,No,Free Shipping,No,No,9,Venmo,Quarterly,2025-06-20
3386,62,Female,3386,Jewelry,Accessories,"4,262",$83.00,Rhode Island,M,Olive,Winter,2.8,No,Standard,No,No,16,Credit Card,Every 3 Months,2025-01-19
3387,34,Female,3387,T-shirt,Clothing,"4,263",$62.00,Michigan,M,Lavender,Fall,2.6,No,2-Day Shipping,No,No,36,Cash,Quarterly,2025-09-01
3388,53,Female,3388,Pants,Clothing,"4,264",$78.00,New Jersey,S,Pink,Spring,3.4,No,2-Day Shipping,No,No,2,Credit Card,Bi-Weekly,2025-03-22
3389,35,Female,3389,Sweater,Clothing,"4,265",$61.00,South Dakota,M,Cyan,Spring,4.5,No,Store Pickup,No,No,21,Credit Card,Weekly,2025-04-10
3390,38,Female,3390,Pants,Clothing,"4,267",$57.00,North Carolina,L,Maroon,Fall,3.8,No,Free Shipping,No,No,39,Venmo,Annually,2025-11-15
3391,32,Female,3391,Socks,Clothing,"4,268",$70.00,Oregon,S,Red,Summer,3,No,Next Day Air,No,No,38,PayPal,Annually,2025-08-13
3392,47,Female,3392,Hoodie,Clothing,"4,269",$57.00,Montana,M,Silver,Fall,3.7,No,2-Day Shipping,No,No,6,Debit Card,Every 3 Months,2025-10-05
3393,53,Female,3393,Scarf,Accessories,"4,270",$74.00,New Jersey,XL,Blue,Winter,4.4,No,Free Shipping,No,No,6,Venmo,Bi-Weekly,2025-01-03
3394,60,Female,3394,Dress,Clothing,"4,271",$90.00,Arizona,M,Gold,Fall,3.1,No,Next Day Air,No,No,50,Debit Card,Monthly,2025-11-09
3395,31,Female,3395,Sandals,Footwear,"4,273",$98.00,Vermont,S,Yellow,Spring,4.2,No,Store Pickup,No,No,9,PayPal,Annually,2025-03-27
3396,44,Female,3396,Dress,Clothing,"4,274",$43.00,Colorado,M,Silver,Winter,3.1,No,Free Shipping,No,No,15,Debit Card,Every 3 Months,2025-01-18
3397,29,Female,3397,Pants,Clothing,"4,275",$37.00,Tennessee,XL,Black,Winter,5,No,Next Day Air,No,No,5,PayPal,Quarterly,2025-12-07
3398,19,Female,3398,Blouse,Clothing,"4,276",$38.00,New Jersey,L,Yellow,Summer,2.7,No,Standard,No,No,13,Bank Transfer,Bi-Weekly,2025-08-27
3399,54,Female,3399,Jeans,Clothing,"4,277",$60.00,Montana,L,Pink,Winter,3.8,No,Standard,No,No,44,Cash,Fortnightly,2025-01-16
3400,40,Female,3400,Pants,Clothing,"4,279",$55.00,Montana,XL,Yellow,Winter,3.3,No,Standard,No,No,36,Debit Card,Annually,2025-12-16
3401,39,Female,3401,Sunglasses,Accessories,"4,280",$51.00,Nevada,M,Lavender,Fall,4.8,No,Free Shipping,No,No,18,Venmo,Fortnightly,2025-10-27
3402,44,Female,3402,Backpack,Accessories,"4,281",$71.00,Nevada,L,Peach,Winter,3.4,No,Standard,No,No,39,Credit Card,Weekly,2025-01-09
3403,22,Female,3403,Hoodie,Clothing,"4,282",$61.00,Louisiana,M,Black,Spring,4.4,No,2-Day Shipping,No,No,11,PayPal,Every 3 Months,2025-05-22
3404,30,Female,3404,Boots,Footwear,"4,283",$65.00,Illinois,M,Olive,Summer,3.9,No,Standard,No,No,1,Cash,Bi-Weekly,2025-08-05
3405,69,Female,3405,Gloves,Accessories,"4,285",$34.00,South Carolina,L,Olive,Fall,3.9,No,2-Day Shipping,No,No,34,Credit Card,Annually,2025-10-05
3406,28,Female,3406,Blouse,Clothing,"4,286",$87.00,Washington,M,White,Summer,4.2,No,Store Pickup,No,No,47,Bank Transfer,Bi-Weekly,2025-07-27
3407,57,Female,3407,Sweater,Clothing,"4,287",$79.00,Nebraska,M,Red,Spring,4,No,Store Pickup,No,No,24,Venmo,Quarterly,2025-05-04
3408,46,Female,3408,Dress,Clothing,"4,288",$46.00,Alabama,S,Purple,Spring,2.6,No,Store Pickup,No,No,20,Cash,Quarterly,2025-03-21
3409,48,Female,3409,Socks,Clothing,"4,289",$72.00,Montana,L,Purple,Summer,4.4,No,Standard,No,No,11,Bank Transfer,Annually,2025-07-17
3410,24,Female,3410,Shirt,Clothing,"4,291",$93.00,Minnesota,M,Teal,Summer,3.2,No,Next Day Air,No,No,3,Credit Card,Every 3 Months,2025-06-22
3411,50,Female,3411,Sandals,Footwear,"4,292",$76.00,Ohio,L,Teal,Summer,4.3,No,Free Shipping,No,No,38,Bank Transfer,Bi-Weekly,2025-06-01
3412,29,Female,3412,Shoes,Footwear,"4,293",$56.00,New York,L,Gray,Winter,4.9,No,2-Day Shipping,No,No,45,Cash,Weekly,2025-01-16
3413,61,Female,3413,Sandals,Footwear,"4,294",$83.00,Indiana,M,Magenta,Fall,3.8,No,Store Pickup,No,No,31,Venmo,Quarterly,2025-09-06
3414,34,Female,3414,Gloves,Accessories,"4,295",$90.00,Delaware,XL,Black,Winter,2.5,No,Express,No,No,16,PayPal,Bi-Weekly,2025-02-22
3415,27,Female,3415,Boots,Footwear,"4,297",$94.00,Connecticut,M,Maroon,Spring,4.9,No,Next Day Air,No,No,3,Bank Transfer,Quarterly,2025-04-06
3416,38,Female,3416,Blouse,Clothing,"4,298",$68.00,New York,M,Gold,Fall,3,No,2-Day Shipping,No,No,15,Bank Transfer,Annually,2025-11-12
3417,25,Female,3417,Sandals,Footwear,"4,299",$53.00,Alabama,M,Purple,Spring,3.2,No,Store Pickup,No,No,11,Bank Transfer,Every 3 Months,2025-04-19
3418,54,Female,3418,Coat,Outerwear,"4,300",$35.00,Massachusetts,M,Blue,Summer,2.9,No,2-Day Shipping,No,No,22,Debit Card,Fortnightly,2025-07-01
3419,53,Female,3419,Jacket,Outerwear,"4,301",$30.00,South Carolina,M,Beige,Summer,2.8,No,Free Shipping,No,No,35,Debit Card,Annually,2025-08-26
3420,23,Female,3420,Jewelry,Accessories,"4,303",$26.00,West Virginia,L,Indigo,Winter,3.1,No,Store Pickup,No,No,5,Venmo,Bi-Weekly,2025-01-19
3421,19,Female,3421,Hat,Accessories,"4,304",$60.00,Kentucky,M,Purple,Winter,3.4,No,Express,No,No,35,PayPal,Bi-Weekly,2025-12-19
3422,57,Female,3422,Shoes,Footwear,"4,305",$30.00,New Jersey,M,Maroon,Summer,2.9,No,Free Shipping,No,No,27,PayPal,Weekly,2025-06-09
3423,19,Female,3423,Coat,Outerwear,"4,306",$91.00,New York,L,Beige,Winter,3.2,No,Next Day Air,No,No,9,Venmo,Monthly,2025-12-04
3424,33,Female,3424,Boots,Footwear,"4,307",$71.00,Massachusetts,M,Brown,Spring,3.8,No,Next Day Air,No,No,21,PayPal,Bi-Weekly,2025-05-21
3425,33,Female,3425,Scarf,Accessories,"4,309",$64.00,Florida,L,Green,Summer,3.6,No,2-Day Shipping,No,No,23,Credit Card,Monthly,2025-08-24
3426,38,Female,3426,Hat,Accessories,"4,310",$54.00,Michigan,M,Blue,Summer,4.3,No,Next Day Air,No,No,3,Debit Card,Bi-Weekly,2025-07-09
3427,47,Female,3427,Socks,Clothing,"4,311",$35.00,Oregon,XL,Magenta,Fall,4.8,No,2-Day Shipping,No,No,31,Credit Card,Annually,2025-10-27
3428,39,Female,3428,T-shirt,Clothing,"4,312",$38.00,Michigan,XL,Turquoise,Winter,2.5,No,Store Pickup,No,No,44,Cash,Annually,2025-12-27
3429,32,Female,3429,Jewelry,Accessories,"4,313",$69.00,Washington,M,Gray,Fall,2.5,No,Next Day Air,No,No,20,Venmo,Monthly,2025-10-27
3430,27,Female,3430,Skirt,Clothing,"4,315",$96.00,Alaska,S,Purple,Winter,4.6,No,Express,No,No,34,Debit Card,Weekly,2025-02-01
3431,67,Female,3431,Socks,Clothing,"4,316",$73.00,Montana,M,Lavender,Winter,4.2,No,Next Day Air,No,No,17,Bank Transfer,Every 3 Months,2025-12-16
3432,46,Female,3432,Belt,Accessories,"4,317",$49.00,New Mexico,S,Green,Summer,4.2,No,Express,No,No,20,Venmo,Annually,2025-08-25
3433,36,Female,3433,Boots,Footwear,"4,318",$44.00,Connecticut,M,Gray,Summer,4.8,No,2-Day Shipping,No,No,46,PayPal,Every 3 Months,2025-08-11
3434,62,Female,3434,Socks,Clothing,"4,319",$93.00,Alaska,M,Yellow,Spring,4.5,No,Free Shipping,No,No,28,PayPal,Annually,2025-05-09
3435,31,Female,3435,Pants,Clothing,"4,321",$72.00,Ohio,S,Orange,Summer,3.3,No,2-Day Shipping,No,No,6,Venmo,Fortnightly,2025-08-13
3436,68,Female,3436,Socks,Clothing,"4,322",$91.00,Montana,M,Beige,Summer,2.7,No,2-Day Shipping,No,No,50,Debit Card,Bi-Weekly,2025-08-03
3437,57,Female,3437,Belt,Accessories,"4,323",$83.00,Nebraska,L,Peach,Winter,2.8,No,2-Day Shipping,No,No,41,Bank Transfer,Monthly,2025-12-08
3438,22,Female,3438,Jacket,Outerwear,"4,324",$62.00,Oklahoma,S,Green,Winter,3.5,No,2-Day Shipping,No,No,50,PayPal,Annually,2025-01-22
3439,26,Female,3439,Shirt,Clothing,"4,325",$71.00,Kentucky,M,Violet,Fall,3,No,Store Pickup,No,No,33,Credit Card,Monthly,2025-11-26
3440,43,Female,3440,Gloves,Accessories,"4,327",$93.00,Idaho,M,Gray,Summer,4.5,No,Express,No,No,25,Venmo,Quarterly,2025-06-11
3441,45,Female,3441,Handbag,Accessories,"4,328",$63.00,Maryland,L,Magenta,Fall,4.3,No,2-Day Shipping,No,No,2,PayPal,Weekly,2025-10-04
3442,64,Female,3442,Sweater,Clothing,"4,329",$96.00,Tennessee,XL,Charcoal,Fall,4.1,No,Standard,No,No,15,Credit Card,Annually,2025-09-08
3443,28,Female,3443,Skirt,Clothing,"4,330",$78.00,Michigan,M,Violet,Spring,4.3,No,Next Day Air,No,No,12,PayPal,Weekly,2025-05-05
3444,47,Female,3444,Dress,Clothing,"4,331",$24.00,Tennessee,L,Silver,Summer,5,No,Free Shipping,No,No,28,Cash,Bi-Weekly,2025-07-15
3445,53,Female,3445,Pants,Clothing,"4,333",$63.00,Rhode Island,S,Green,Summer,3.8,No,2-Day Shipping,No,No,12,Bank Transfer,Bi-Weekly,2025-06-17
3446,42,Female,3446,Hat,Accessories,"4,334",$58.00,Florida,M,Magenta,Fall,4.9,No,Standard,No,No,3,Debit Card,Annually,2025-10-09
3447,51,Female,3447,Boots,Footwear,"4,335",$55.00,Louisiana,S,Purple,Spring,5,No,2-Day Shipping,No,No,20,Cash,Weekly,2025-04-05
3448,62,Female,3448,Sandals,Footwear,"4,336",$58.00,Arkansas,M,Blue,Fall,4.3,No,Express,No,No,3,Bank Transfer,Bi-Weekly,2025-10-18
3449,18,Female,3449,Coat,Outerwear,"4,337",$28.00,Kentucky,S,Yellow,Winter,4.1,No,Express,No,No,32,Bank Transfer,Fortnightly,2025-12-05
3450,48,Female,3450,Blouse,Clothing,"4,339",$37.00,Kansas,M,Brown,Spring,4.5,No,Standard,No,No,35,Cash,Monthly,2025-05-02
3451,20,Female,3451,Shorts,Clothing,"4,340",$78.00,Vermont,M,Pink,Spring,3.6,No,Store Pickup,No,No,31,PayPal,Monthly,2025-03-26
3452,32,Female,3452,Blouse,Clothing,"4,341",$73.00,Nevada,XL,Silver,Fall,3,No,Free Shipping,No,No,13,Credit Card,Annually,2025-11-01
3453,26,Female,3453,Jacket,Outerwear,"4,342",$20.00,Oklahoma,M,Indigo,Spring,3.7,No,Next Day Air,No,No,3,Venmo,Fortnightly,2025-05-03
3454,31,Female,3454,Shirt,Clothing,"4,343",$60.00,Alabama,L,Pink,Winter,4.3,No,Standard,No,No,48,Venmo,Bi-Weekly,2025-12-27
3455,55,Female,3455,Handbag,Accessories,"4,345",$71.00,Louisiana,S,Lavender,Fall,4.6,No,Store Pickup,No,No,15,PayPal,Bi-Weekly,2025-10-12
3456,49,Female,3456,T-shirt,Clothing,"4,346",$89.00,Ohio,M,Orange,Fall,4.7,No,Standard,No,No,13,Venmo,Annually,2025-11-22
3457,42,Female,3457,Hoodie,Clothing,"4,347",$53.00,Texas,M,Red,Fall,4.6,No,Express,No,No,21,Venmo,Monthly,2025-09-05
3458,64,Female,3458,Jewelry,Accessories,"4,348",$87.00,Maryland,M,Gray,Summer,3,No,Express,No,No,29,Cash,Fortnightly,2025-06-06
3459,68,Female,3459,Jewelry,Accessories,"4,349",$37.00,West Virginia,L,Violet,Spring,3.4,No,Standard,No,No,24,Venmo,Quarterly,2025-05-12
3460,68,Female,3460,Hoodie,Clothing,"4,351",$37.00,Ohio,L,Green,Fall,3.8,No,Express,No,No,21,PayPal,Annually,2025-11-21
3461,41,Female,3461,Scarf,Accessories,"4,352",$78.00,Indiana,M,Gold,Spring,3.1,No,Express,No,No,5,Bank Transfer,Bi-Weekly,2025-03-25
3462,51,Female,3462,Shoes,Footwear,"4,353",$23.00,Wyoming,S,Maroon,Spring,4.4,No,Standard,No,No,47,Cash,Quarterly,2025-05-12
3463,44,Female,3463,Jeans,Clothing,"4,354",$73.00,Michigan,L,Olive,Spring,4.5,No,Standard,No,No,34,Credit Card,Every 3 Months,2025-05-28
3464,27,Female,3464,Jewelry,Accessories,"4,355",$27.00,Maine,M,Yellow,Fall,2.8,No,2-Day Shipping,No,No,45,PayPal,Fortnightly,2025-09-18
3465,36,Female,3465,Coat,Outerwear,"4,357",$59.00,Utah,S,Peach,Winter,2.7,No,Next Day Air,No,No,12,PayPal,Annually,2025-01-26
3466,19,Female,3466,Backpack,Accessories,"4,358",$53.00,Iowa,M,Gold,Spring,3.4,No,Standard,No,No,31,Debit Card,Weekly,2025-03-08
3467,49,Female,3467,Socks,Clothing,"4,359",$42.00,Maryland,S,Purple,Summer,4.6,No,Standard,No,No,43,Bank Transfer,Annually,2025-08-20
3468,18,Female,3468,Scarf,Accessories,"4,360",$45.00,Texas,M,Charcoal,Fall,5,No,Next Day Air,No,No,5,Credit Card,Annually,2025-10-21
3469,36,Female,3469,Sunglasses,Accessories,"4,361",$89.00,Ohio,S,Indigo,Winter,3.5,No,Standard,No,No,36,Debit Card,Quarterly,2025-12-10
3470,36,Female,3470,Socks,Clothing,"4,363",$85.00,North Dakota,L,Magenta,Fall,3.3,No,Store Pickup,No,No,12,Cash,Annually,2025-10-27
3471,19,Female,3471,Coat,Outerwear,"4,364",$69.00,West Virginia,S,Olive,Summer,4.5,No,Free Shipping,No,No,31,Cash,Bi-Weekly,2025-06-22
3472,43,Female,3472,Sandals,Footwear,"4,365",$66.00,North Carolina,S,Blue,Spring,3.1,No,Store Pickup,No,No,31,Cash,Bi-Weekly,2025-04-26
3473,31,Female,3473,Blouse,Clothing,"4,366",$42.00,Georgia,S,White,Summer,4,No,Free Shipping,No,No,15,Debit Card,Weekly,2025-08-17
3474,63,Female,3474,Dress,Clothing,"4,367",$40.00,Kansas,M,Cyan,Spring,2.5,No,Express,No,No,11,Cash,Weekly,2025-05-21
3475,41,Female,3475,Pants,Clothing,"4,369",$82.00,Maine,M,Cyan,Winter,4.4,No,Store Pickup,No,No,18,Venmo,Monthly,2025-01-12
3476,48,Female,3476,Sneakers,Footwear,"4,370",$88.00,South Carolina,M,Orange,Spring,4.4,No,Express,No,No,9,Cash,Quarterly,2025-05-19
3477,68,Female,3477,Boots,Footwear,"4,371",$99.00,South Carolina,XL,Orange,Summer,3.2,No,Free Shipping,No,No,11,Cash,Weekly,2025-07-09
3478,53,Female,3478,Handbag,Accessories,"4,372",$85.00,Kentucky,S,Teal,Spring,3.8,No,Store Pickup,No,No,38,Debit Card,Bi-Weekly,2025-05-25
3479,36,Female,3479,Handbag,Accessories,"4,373",$57.00,Arizona,M,Magenta,Fall,4.6,No,Store Pickup,No,No,42,PayPal,Quarterly,2025-10-17
3480,46,Female,3480,Sweater,Clothing,"4,375",$56.00,New York,S,Orange,Summer,4.9,No,Standard,No,No,41,Cash,Monthly,2025-08-20
3481,21,Female,3481,Sandals,Footwear,"4,376",$79.00,New Hampshire,L,Peach,Winter,3.5,No,Free Shipping,No,No,45,PayPal,Monthly,2025-02-02
3482,52,Female,3482,Socks,Clothing,"4,377",$67.00,Ohio,S,Maroon,Summer,3.4,No,Store Pickup,No,No,41,Debit Card,Bi-Weekly,2025-07-20
3483,66,Female,3483,Gloves,Accessories,"4,378",$61.00,Hawaii,M,Gold,Winter,3.9,No,Next Day Air,No,No,35,Debit Card,Weekly,2025-02-21
3484,19,Female,3484,Hoodie,Clothing,"4,379",$37.00,Texas,L,White,Winter,3.9,No,Express,No,No,21,Credit Card,Every 3 Months,2025-12-24
3485,44,Female,3485,Dress,Clothing,"4,381",$75.00,Illinois,L,Gray,Fall,4.2,No,Free Shipping,No,No,13,Credit Card,Bi-Weekly,2025-10-23
3486,50,Female,3486,Shirt,Clothing,"4,382",$21.00,Massachusetts,XL,Brown,Winter,3.4,No,Standard,No,No,23,Debit Card,Fortnightly,2025-01-10
3487,51,Female,3487,Shorts,Clothing,"4,383",$89.00,North Carolina,L,Charcoal,Winter,4.9,No,Standard,No,No,6,PayPal,Weekly,2025-12-06
3488,25,Female,3488,Sandals,Footwear,"4,384",$24.00,West Virginia,L,Beige,Fall,2.9,No,Store Pickup,No,No,39,Bank Transfer,Annually,2025-11-12
3489,62,Female,3489,Sweater,Clothing,"4,385",$27.00,Delaware,XL,Teal,Spring,4.9,No,Store Pickup,No,No,7,Cash,Quarterly,2025-05-23
3490,48,Female,3490,Dress,Clothing,"4,387",$26.00,Idaho,L,Black,Summer,4.6,No,2-Day Shipping,No,No,32,PayPal,Every 3 Months,2025-07-08
3491,62,Female,3491,Boots,Footwear,"4,388",$82.00,Oregon,M,Violet,Spring,3.6,No,Store Pickup,No,No,43,Credit Card,Quarterly,2025-03-05
3492,22,Female,3492,Pants,Clothing,"4,389",$28.00,Maine,M,Orange,Winter,4.3,No,Express,No,No,15,Cash,Monthly,2025-12-23
3493,48,Female,3493,Gloves,Accessories,"4,390",$65.00,South Dakota,M,Turquoise,Fall,4.6,No,Standard,No,No,48,Bank Transfer,Annually,2025-11-07
3494,48,Female,3494,Pants,Clothing,"4,391",$82.00,New Mexico,XL,Black,Winter,4.7,No,Store Pickup,No,No,35,Credit Card,Weekly,2025-02-03
3495,62,Female,3495,Scarf,Accessories,"4,393",$38.00,Washington,M,Silver,Winter,3.5,No,Free Shipping,No,No,41,PayPal,Quarterly,2025-12-20
3496,24,Female,3496,Shorts,Clothing,"4,394",$33.00,Georgia,XL,Gray,Spring,2.8,No,Free Shipping,No,No,14,Cash,Weekly,2025-05-12
3497,39,Female,3497,Shoes,Footwear,"4,395",$38.00,Idaho,M,Pink,Summer,4,No,Free Shipping,No,No,22,PayPal,Monthly,2025-07-23
3498,35,Female,3498,Handbag,Accessories,"4,396",$48.00,Colorado,M,Red,Spring,4.3,No,Store Pickup,No,No,16,Venmo,Every 3 Months,2025-05-01
3499,47,Female,3499,Sandals,Footwear,"4,397",$35.00,Kentucky,M,Lavender,Summer,3.8,No,Standard,No,No,2,Bank Transfer,Bi-Weekly,2025-08-09
3500,22,Female,3500,Socks,Clothing,"4,399",$29.00,New Jersey,L,Indigo,Fall,3,No,Next Day Air,No,No,13,PayPal,Every 3 Months,2025-09-09
3501,38,Female,3501,Shirt,Clothing,"4,400",$48.00,Oregon,S,Silver,Fall,4.6,No,Next Day Air,No,No,38,Debit Card,Fortnightly,2025-11-10
3502,53,Female,3502,Shoes,Footwear,"4,401",$87.00,Nebraska,M,Silver,Fall,4.8,No,Standard,No,No,43,Bank Transfer,Weekly,2025-10-16
3503,31,Female,3503,Backpack,Accessories,"4,402",$62.00,Massachusetts,M,Green,Fall,4.7,No,Next Day Air,No,No,26,Bank Transfer,Quarterly,2025-09-25
3504,31,Female,3504,Shirt,Clothing,"4,403",$96.00,Nebraska,M,Pink,Spring,3.9,No,Free Shipping,No,No,39,Cash,Weekly,2025-03-06
3505,65,Female,3505,Handbag,Accessories,"4,405",$41.00,Hawaii,S,Violet,Fall,4,No,Next Day Air,No,No,50,Venmo,Monthly,2025-10-20
3506,48,Female,3506,Jewelry,Accessories,"4,406",$42.00,Indiana,L,Red,Winter,3.7,No,2-Day Shipping,No,No,40,Bank Transfer,Every 3 Months,2025-01-13
3507,18,Female,3507,Shirt,Clothing,"4,407",$57.00,Illinois,L,Olive,Winter,3.7,No,2-Day Shipping,No,No,12,Cash,Fortnightly,2025-02-24
3508,46,Female,3508,Handbag,Accessories,"4,408",$65.00,Colorado,S,Purple,Spring,4.2,No,Store Pickup,No,No,33,Credit Card,Every 3 Months,2025-04-14
3509,52,Female,3509,Pants,Clothing,"4,409",$54.00,Pennsylvania,M,Gray,Fall,4.7,No,Standard,No,No,49,Bank Transfer,Weekly,2025-11-19
3510,50,Female,3510,T-shirt,Clothing,"4,411",$22.00,Ohio,L,Brown,Winter,4.3,No,Next Day Air,No,No,43,Venmo,Bi-Weekly,2025-12-20
3511,49,Female,3511,Sneakers,Footwear,"4,412",$96.00,Pennsylvania,S,Orange,Fall,4.9,No,2-Day Shipping,No,No,14,Venmo,Monthly,2025-11-22
3512,69,Female,3512,Jewelry,Accessories,"4,413",$81.00,Mississippi,M,Blue,Summer,3.9,No,2-Day Shipping,No,No,21,Credit Card,Every 3 Months,2025-06-14
3513,36,Female,3513,Shirt,Clothing,"4,414",$46.00,Kentucky,M,White,Fall,3.4,No,Free Shipping,No,No,31,Debit Card,Quarterly,2025-10-12
3514,30,Female,3514,Blouse,Clothing,"4,415",$74.00,Alaska,XL,Charcoal,Spring,4.2,No,Store Pickup,No,No,29,Credit Card,Fortnightly,2025-03-08
3515,25,Female,3515,Sneakers,Footwear,"4,417",$50.00,Georgia,XL,Gray,Winter,4.7,No,Express,No,No,32,Cash,Monthly,2025-12-24
3516,19,Female,3516,Dress,Clothing,"4,418",$80.00,South Dakota,XL,Charcoal,Winter,4,No,Next Day Air,No,No,16,Debit Card,Bi-Weekly,2025-02-28
3517,34,Female,3517,Boots,Footwear,"4,419",$56.00,South Carolina,S,White,Summer,4,No,Free Shipping,No,No,38,PayPal,Bi-Weekly,2025-06-26
3518,29,Female,3518,Skirt,Clothing,"4,420",$69.00,Tennessee,M,Orange,Winter,3.1,No,Next Day Air,No,No,34,Debit Card,Every 3 Months,2025-12-04
3519,50,Female,3519,Shirt,Clothing,"4,421",$97.00,Colorado,M,Black,Spring,4.2,No,Standard,No,No,30,PayPal,Quarterly,2025-04-26
3520,31,Female,3520,Shorts,Clothing,"4,423",$66.00,Wisconsin,M,White,Winter,3.7,No,Next Day Air,No,No,14,Bank Transfer,Fortnightly,2025-12-27
3521,41,Female,3521,Hat,Accessories,"4,424",$70.00,Georgia,S,Brown,Spring,3.1,No,Express,No,No,33,Bank Transfer,Monthly,2025-04-16
3522,52,Female,3522,Shoes,Footwear,"4,425",$50.00,Maryland,M,Pink,Winter,3.7,No,Store Pickup,No,No,35,Venmo,Weekly,2025-02-10
3523,27,Female,3523,Pants,Clothing,"4,426",$85.00,New Jersey,M,Yellow,Spring,3.2,No,Store Pickup,No,No,13,Cash,Quarterly,2025-03-02
3524,49,Female,3524,Backpack,Accessories,"4,427",$59.00,Nevada,M,Cyan,Summer,2.8,No,Standard,No,No,30,Cash,Fortnightly,2025-06-25
3525,69,Female,3525,Pants,Clothing,"4,429",$74.00,Michigan,L,Silver,Summer,2.9,No,Free Shipping,No,No,30,Credit Card,Monthly,2025-07-12
3526,45,Female,3526,Sunglasses,Accessories,"4,430",$38.00,Wyoming,L,Olive,Winter,3.5,No,Standard,No,No,47,Bank Transfer,Annually,2025-12-10
3527,20,Female,3527,Sweater,Clothing,"4,431",$99.00,Massachusetts,M,Olive,Spring,3.8,No,Express,No,No,1,PayPal,Every 3 Months,2025-04-26
3528,25,Female,3528,Blouse,Clothing,"4,432",$97.00,Washington,S,Charcoal,Spring,4.7,No,Free Shipping,No,No,1,Cash,Weekly,2025-04-02
3529,38,Female,3529,Scarf,Accessories,"4,433",$67.00,Maine,L,Gray,Summer,4.5,No,Free Shipping,No,No,33,PayPal,Annually,2025-06-16
3530,55,Female,3530,T-shirt,Clothing,"4,435",$20.00,Montana,S,Maroon,Winter,3.9,No,Next Day Air,No,No,43,Bank Transfer,Weekly,2025-02-14
3531,62,Female,3531,Sunglasses,Accessories,"4,436",$45.00,Oklahoma,L,Black,Spring,3.4,No,Express,No,No,37,PayPal,Weekly,2025-04-28
3532,54,Female,3532,Shoes,Footwear,"4,437",$52.00,North Dakota,XL,Violet,Winter,4.6,No,2-Day Shipping,No,No,23,Cash,Quarterly,2025-12-23
3533,61,Female,3533,Pants,Clothing,"4,438",$68.00,Connecticut,L,Indigo,Fall,4.6,No,Standard,No,No,12,Credit Card,Annually,2025-11-06
3534,50,Female,3534,Sneakers,Footwear,"4,439",$98.00,Texas,L,Yellow,Fall,4.7,No,Standard,No,No,30,Venmo,Fortnightly,2025-10-25
3535,65,Female,3535,Shoes,Footwear,"4,441",$83.00,Delaware,M,Gray,Fall,3.2,No,Express,No,No,7,Cash,Weekly,2025-11-03
3536,68,Female,3536,Shorts,Clothing,"4,442",$51.00,Mississippi,M,Red,Summer,5,No,Express,No,No,20,Debit Card,Monthly,2025-06-01
3537,55,Female,3537,Handbag,Accessories,"4,443",$21.00,Minnesota,L,Peach,Spring,4.5,No,Express,No,No,10,Venmo,Monthly,2025-05-08
3538,57,Female,3538,Handbag,Accessories,"4,444",$92.00,Georgia,M,Gray,Spring,3.5,No,Standard,No,No,40,Credit Card,Every 3 Months,2025-05-03
3539,56,Female,3539,Shoes,Footwear,"4,445",$63.00,Iowa,S,White,Spring,4.5,No,Store Pickup,No,No,21,Venmo,Monthly,2025-03-09
3540,29,Female,3540,Jewelry,Accessories,"4,447",$56.00,New York,S,Green,Spring,3.2,No,Express,No,No,17,Credit Card,Bi-Weekly,2025-05-18
3541,24,Female,3541,Shorts,Clothing,"4,448",$95.00,Nevada,M,Magenta,Spring,4.6,No,Free Shipping,No,No,5,Bank Transfer,Weekly,2025-05-25
3542,59,Female,3542,Blouse,Clothing,"4,449",$66.00,Virginia,M,Olive,Winter,4,No,Next Day Air,No,No,22,PayPal,Annually,2025-12-02
3543,62,Female,3543,Coat,Outerwear,"4,450",$28.00,Idaho,S,Olive,Spring,4.2,No,Express,No,No,5,Venmo,Weekly,2025-04-12
3544,58,Female,3544,Hat,Accessories,"4,451",$83.00,Colorado,M,Blue,Winter,4.1,No,Standard,No,No,18,PayPal,Every 3 Months,2025-01-09
3545,64,Female,3545,Socks,Clothing,"4,453",$55.00,Wisconsin,XL,Charcoal,Fall,3.6,No,2-Day Shipping,No,No,42,Cash,Every 3 Months,2025-10-02
3546,48,Female,3546,Sandals,Footwear,"4,454",$28.00,Connecticut,M,Yellow,Spring,3.7,No,2-Day Shipping,No,No,22,Debit Card,Annually,2025-05-28
3547,60,Female,3547,Scarf,Accessories,"4,455",$79.00,Kansas,M,Violet,Summer,3.6,No,Free Shipping,No,No,37,Bank Transfer,Bi-Weekly,2025-07-14
3548,52,Female,3548,Scarf,Accessories,"4,456",$31.00,Pennsylvania,L,Magenta,Summer,3.8,No,Standard,No,No,23,Credit Card,Annually,2025-06-17
3549,63,Female,3549,Blouse,Clothing,"4,457",$37.00,Utah,M,Red,Fall,3,No,Standard,No,No,47,Debit Card,Fortnightly,2025-11-26
3550,44,Female,3550,T-shirt,Clothing,"4,459",$34.00,Oregon,M,Cyan,Summer,3.4,No,2-Day Shipping,No,No,11,Bank Transfer,Fortnightly,2025-07-10
3551,63,Female,3551,Shoes,Footwear,"4,460",$74.00,West Virginia,S,Orange,Winter,4.8,No,Standard,No,No,32,Cash,Weekly,2025-01-12
3552,66,Female,3552,Gloves,Accessories,"4,461",$31.00,Montana,L,Black,Spring,2.6,No,Store Pickup,No,No,20,Venmo,Weekly,2025-03-06
3553,22,Female,3553,Sunglasses,Accessories,"4,462",$66.00,Kentucky,M,Blue,Winter,2.9,No,Next Day Air,No,No,3,PayPal,Quarterly,2025-12-06
3554,62,Female,3554,Shoes,Footwear,"4,463",$99.00,Minnesota,M,Charcoal,Spring,4.9,No,Free Shipping,No,No,32,Bank Transfer,Weekly,2025-03-05
3555,39,Female,3555,Dress,Clothing,"4,465",$55.00,Louisiana,M,Indigo,Spring,5,No,Free Shipping,No,No,5,Credit Card,Fortnightly,2025-05-18
3556,25,Female,3556,Blouse,Clothing,"4,466",$23.00,Delaware,L,Silver,Spring,4.6,No,Next Day Air,No,No,45,Cash,Quarterly,2025-04-03
3557,70,Female,3557,Sweater,Clothing,"4,467",$88.00,Arizona,M,Brown,Fall,4.2,No,Express,No,No,43,Cash,Bi-Weekly,2025-11-04
3558,52,Female,3558,Jacket,Outerwear,"4,468",$26.00,Nevada,M,Peach,Summer,4.9,No,Next Day Air,No,No,1,PayPal,Every 3 Months,2025-07-27
3559,68,Female,3559,Backpack,Accessories,"4,469",$94.00,Alaska,L,Magenta,Summer,4.8,No,Standard,No,No,9,Venmo,Quarterly,2025-07-01
3560,18,Female,3560,Shorts,Clothing,"4,471",$25.00,Utah,M,Beige,Fall,3,No,Next Day Air,No,No,13,Venmo,Every 3 Months,2025-11-08
3561,18,Female,3561,Socks,Clothing,"4,472",$96.00,Kansas,XL,Violet,Fall,3.5,No,Express,No,No,5,Credit Card,Annually,2025-11-05
3562,63,Female,3562,Sneakers,Footwear,"4,473",$29.00,North Carolina,L,Black,Spring,3.4,No,Standard,No,No,39,Credit Card,Fortnightly,2025-04-10
3563,47,Female,3563,Sneakers,Footwear,"4,474",$36.00,Maryland,M,Cyan,Winter,3.4,No,Free Shipping,No,No,7,Bank Transfer,Weekly,2025-01-07
3564,43,Female,3564,Blouse,Clothing,"4,475",$90.00,Maine,M,Green,Summer,4.9,No,Standard,No,No,8,Credit Card,Every 3 Months,2025-07-27
3565,60,Female,3565,Gloves,Accessories,"4,477",$38.00,Illinois,S,Brown,Summer,4.4,No,Free Shipping,No,No,40,Venmo,Annually,2025-07-08
3566,49,Female,3566,Handbag,Accessories,"4,478",$52.00,Pennsylvania,S,Gray,Spring,4.2,No,Store Pickup,No,No,35,PayPal,Monthly,2025-05-22
3567,28,Female,3567,Jeans,Clothing,"4,479",$88.00,Alaska,S,Orange,Spring,3.1,No,Next Day Air,No,No,14,Venmo,Monthly,2025-05-21
3568,32,Female,3568,Scarf,Accessories,"4,480",$56.00,New Mexico,S,Silver,Summer,4,No,Next Day Air,No,No,26,Credit Card,Monthly,2025-08-16
3569,29,Female,3569,Sandals,Footwear,"4,481",$71.00,Arkansas,M,Purple,Spring,4.8,No,Next Day Air,No,No,14,PayPal,Quarterly,2025-05-13
3570,35,Female,3570,Sandals,Footwear,"4,483",$94.00,Alaska,M,Olive,Fall,3.3,No,Express,No,No,9,Bank Transfer,Fortnightly,2025-10-01
3571,23,Female,3571,Dress,Clothing,"4,484",$97.00,Louisiana,XL,Teal,Winter,4.7,No,Standard,No,No,32,Debit Card,Annually,2025-02-15
3572,70,Female,3572,Skirt,Clothing,"4,485",$27.00,North Dakota,M,White,Summer,3.2,No,Standard,No,No,15,Bank Transfer,Every 3 Months,2025-06-03
3573,23,Female,3573,Shorts,Clothing,"4,486",$28.00,Rhode Island,M,Black,Spring,5,No,Standard,No,No,25,Credit Card,Monthly,2025-05-16
3574,43,Female,3574,Jeans,Clothing,"4,487",$67.00,Connecticut,L,Maroon,Fall,4.9,No,Free Shipping,No,No,27,PayPal,Monthly,2025-10-01
3575,29,Female,3575,Socks,Clothing,"4,489",$70.00,New York,M,Cyan,Fall,4.9,No,Express,No,No,39,Bank Transfer,Quarterly,2025-09-03
3576,61,Female,3576,Coat,Outerwear,"4,490",$95.00,Kentucky,M,Violet,Fall,3.7,No,Express,No,No,49,Venmo,Bi-Weekly,2025-10-08
3577,29,Female,3577,Boots,Footwear,"4,491",$24.00,Maine,L,Yellow,Spring,3,No,Express,No,No,12,Venmo,Bi-Weekly,2025-04-03
3578,66,Female,3578,Belt,Accessories,"4,492",$35.00,Missouri,S,Yellow,Winter,2.6,No,Standard,No,No,13,Bank Transfer,Weekly,2025-02-15
3579,46,Female,3579,Shoes,Footwear,"4,493",$22.00,Georgia,L,Olive,Winter,2.6,No,Standard,No,No,22,Bank Transfer,Quarterly,2025-02-12
3580,34,Female,3580,Scarf,Accessories,"4,495",$66.00,Arizona,L,Olive,Fall,4.8,No,Standard,No,No,19,Credit Card,Every 3 Months,2025-09-24
3581,51,Female,3581,Blouse,Clothing,"4,496",$83.00,New Hampshire,M,Magenta,Summer,3.2,No,2-Day Shipping,No,No,3,Cash,Bi-Weekly,2025-07-05
3582,26,Female,3582,Dress,Clothing,"4,497",$95.00,Georgia,M,Orange,Fall,4.9,No,Next Day Air,No,No,50,Credit Card,Weekly,2025-11-21
3583,23,Female,3583,Shorts,Clothing,"4,498",$41.00,California,S,Beige,Summer,3.4,No,2-Day Shipping,No,No,15,PayPal,Annually,2025-07-21
3584,52,Female,3584,Blouse,Clothing,"4,499",$77.00,Arizona,L,Brown,Summer,2.7,No,Store Pickup,No,No,44,Credit Card,Every 3 Months,2025-07-09
3585,39,Female,3585,Sneakers,Footwear,"4,501",$52.00,Florida,L,Indigo,Fall,4.8,No,Express,No,No,48,Debit Card,Monthly,2025-10-16
3586,39,Female,3586,Gloves,Accessories,"4,502",$41.00,New York,XL,Gray,Winter,4.1,No,Standard,No,No,4,Venmo,Bi-Weekly,2025-01-12
3587,33,Female,3587,Hoodie,Clothing,"4,503",$28.00,Idaho,M,Yellow,Winter,4.6,No,Store Pickup,No,No,12,PayPal,Bi-Weekly,2025-12-08
3588,33,Female,3588,Sweater,Clothing,"4,504",$90.00,Virginia,S,Violet,Summer,4.4,No,Standard,No,No,33,Debit Card,Annually,2025-08-25
3589,23,Female,3589,Sunglasses,Accessories,"4,505",$55.00,Michigan,M,Magenta,Spring,3.5,No,2-Day Shipping,No,No,40,Cash,Annually,2025-03-22
3590,31,Female,3590,Belt,Accessories,"4,507",$73.00,New Hampshire,M,Blue,Spring,4.8,No,Next Day Air,No,No,38,Cash,Every 3 Months,2025-04-13
3591,27,Female,3591,Dress,Clothing,"4,508",$87.00,South Dakota,M,Gray,Fall,2.9,No,2-Day Shipping,No,No,19,Venmo,Every 3 Months,2025-10-05
3592,48,Female,3592,Jacket,Outerwear,"4,509",$89.00,South Dakota,M,Gold,Winter,3.2,No,2-Day Shipping,No,No,38,Bank Transfer,Quarterly,2025-12-26
3593,61,Female,3593,Boots,Footwear,"4,510",$82.00,New Jersey,L,Lavender,Spring,4.4,No,2-Day Shipping,No,No,18,Venmo,Fortnightly,2025-04-20
3594,63,Female,3594,Sandals,Footwear,"4,511",$80.00,Wyoming,M,Black,Spring,4.6,No,Next Day Air,No,No,24,PayPal,Monthly,2025-04-07
3595,19,Female,3595,Scarf,Accessories,"4,513",$87.00,Alabama,L,Charcoal,Summer,2.6,No,2-Day Shipping,No,No,29,Venmo,Quarterly,2025-07-08
3596,21,Female,3596,Blouse,Clothing,"4,514",$41.00,South Dakota,M,Violet,Spring,3.1,No,Store Pickup,No,No,14,PayPal,Annually,2025-04-20
3597,28,Female,3597,Hoodie,Clothing,"4,515",$83.00,South Carolina,M,Charcoal,Spring,4.3,No,Standard,No,No,44,Cash,Fortnightly,2025-05-01
3598,29,Female,3598,Sunglasses,Accessories,"4,516",$71.00,New Mexico,M,Maroon,Summer,3.1,No,Standard,No,No,18,Bank Transfer,Quarterly,2025-06-09
3599,23,Female,3599,Hoodie,Clothing,"4,517",$76.00,Connecticut,XL,Purple,Spring,4.6,No,Store Pickup,No,No,19,Bank Transfer,Bi-Weekly,2025-03-22
3600,37,Female,3600,Scarf,Accessories,"4,519",$34.00,Kansas,S,Peach,Spring,4.6,No,Express,No,No,4,Cash,Weekly,2025-03-20
3601,67,Female,3601,Dress,Clothing,"4,520",$81.00,South Carolina,XL,Olive,Spring,2.7,No,Free Shipping,No,No,25,Cash,Bi-Weekly,2025-03-07
3602,34,Female,3602,T-shirt,Clothing,"4,521",$47.00,North Carolina,M,Indigo,Summer,3,No,Next Day Air,No,No,3,PayPal,Monthly,2025-06-06
3603,58,Female,3603,Skirt,Clothing,"4,522",$36.00,Wyoming,S,Magenta,Summer,3.3,No,Store Pickup,No,No,40,Debit Card,Quarterly,2025-06-08
3604,45,Female,3604,Jeans,Clothing,"4,523",$51.00,Louisiana,M,Gold,Spring,2.7,No,Free Shipping,No,No,5,Cash,Weekly,2025-03-04
3605,63,Female,3605,Hoodie,Clothing,"4,525",$86.00,Louisiana,M,Orange,Fall,3.3,No,Standard,No,No,17,Debit Card,Annually,2025-09-15
3606,68,Female,3606,Jeans,Clothing,"4,526",$41.00,Alabama,M,Gold,Fall,4.3,No,Store Pickup,No,No,36,Bank Transfer,Every 3 Months,2025-09-28
3607,41,Female,3607,Sandals,Footwear,"4,527",$90.00,Minnesota,XL,Purple,Fall,4.8,No,Express,No,No,41,Venmo,Annually,2025-09-28
3608,50,Female,3608,Hat,Accessories,"4,528",$93.00,New Mexico,L,Charcoal,Fall,3.3,No,Standard,No,No,20,Venmo,Bi-Weekly,2025-10-04
3609,24,Female,3609,Gloves,Accessories,"4,529",$56.00,Tennessee,M,Cyan,Fall,4.3,No,Next Day Air,No,No,2,Cash,Every 3 Months,2025-09-11
3610,21,Female,3610,Socks,Clothing,"4,531",$39.00,New Mexico,M,Cyan,Summer,3,No,2-Day Shipping,No,No,31,Debit Card,Monthly,2025-06-09
3611,18,Female,3611,Jacket,Outerwear,"4,532",$86.00,Texas,XL,Green,Fall,4.8,No,2-Day Shipping,No,No,23,Bank Transfer,Fortnightly,2025-09-03
3612,63,Female,3612,T-shirt,Clothing,"4,533",$82.00,Washington,M,Silver,Spring,2.9,No,Standard,No,No,30,Credit Card,Annually,2025-05-09
3613,47,Female,3613,Sandals,Footwear,"4,534",$29.00,Michigan,M,Teal,Summer,3.6,No,Standard,No,No,26,Cash,Every 3 Months,2025-08-14
3614,58,Female,3614,Hat,Accessories,"4,535",$27.00,Minnesota,M,Magenta,Fall,3.5,No,Store Pickup,No,No,40,Venmo,Annually,2025-11-14
3615,46,Female,3615,Gloves,Accessories,"4,537",$25.00,Delaware,L,Maroon,Spring,4.7,No,2-Day Shipping,No,No,19,Bank Transfer,Annually,2025-05-27
3616,35,Female,3616,Dress,Clothing,"4,538",$31.00,California,M,Gold,Winter,4.4,No,Free Shipping,No,No,4,Credit Card,Monthly,2025-02-06
3617,42,Female,3617,Hoodie,Clothing,"4,539",$23.00,Wisconsin,L,Purple,Winter,3.3,No,Store Pickup,No,No,33,Debit Card,Fortnightly,2025-12-19
3618,48,Female,3618,Belt,Accessories,"4,540",$47.00,Kentucky,M,Lavender,Fall,4.3,No,Express,No,No,29,Debit Card,Monthly,2025-10-03
3619,28,Female,3619,Gloves,Accessories,"4,541",$67.00,Nevada,M,Maroon,Fall,4,No,2-Day Shipping,No,No,47,PayPal,Bi-Weekly,2025-11-01
3620,44,Female,3620,Scarf,Accessories,"4,543",$75.00,North Carolina,S,Magenta,Winter,4.9,No,2-Day Shipping,No,No,50,Venmo,Weekly,2025-01-02
3621,60,Female,3621,Sandals,Footwear,"4,544",$82.00,Louisiana,M,Turquoise,Summer,2.9,No,Express,No,No,28,Credit Card,Fortnightly,2025-06-08
3622,38,Female,3622,Sneakers,Footwear,"4,545",$32.00,New Jersey,XL,Silver,Summer,4,No,2-Day Shipping,No,No,5,Cash,Fortnightly,2025-08-11
3623,46,Female,3623,Dress,Clothing,"4,546",$41.00,Wisconsin,M,Purple,Fall,4.3,No,Store Pickup,No,No,12,Credit Card,Annually,2025-10-18
3624,39,Female,3624,Jewelry,Accessories,"4,547",$89.00,Arkansas,M,Violet,Winter,2.7,No,2-Day Shipping,No,No,4,PayPal,Weekly,2025-01-06
3625,22,Female,3625,Hat,Accessories,"4,549",$82.00,Texas,XL,Peach,Fall,5,No,Store Pickup,No,No,22,Bank Transfer,Bi-Weekly,2025-11-08
3626,44,Female,3626,Scarf,Accessories,"4,550",$99.00,Illinois,L,Green,Winter,4.4,No,Express,No,No,32,PayPal,Weekly,2025-02-23
3627,69,Female,3627,Blouse,Clothing,"4,551",$98.00,Mississippi,L,Teal,Fall,3.5,No,Express,No,No,32,Venmo,Quarterly,2025-11-27
3628,39,Female,3628,Belt,Accessories,"4,552",$54.00,Delaware,M,Silver,Winter,3.3,No,Next Day Air,No,No,48,Cash,Every 3 Months,2025-02-27
3629,53,Female,3629,Blouse,Clothing,"4,553",$88.00,Georgia,L,Purple,Summer,3.8,No,Free Shipping,No,No,35,Credit Card,Monthly,2025-07-22
3630,52,Female,3630,T-shirt,Clothing,"4,555",$43.00,Kansas,L,Lavender,Summer,4.5,No,Standard,No,No,44,Debit Card,Fortnightly,2025-06-04
3631,65,Female,3631,Hat,Accessories,"4,556",$73.00,Oklahoma,M,Lavender,Winter,4.8,No,Store Pickup,No,No,29,Cash,Weekly,2025-02-21
3632,48,Female,3632,Hat,Accessories,"4,557",$50.00,New Jersey,M,Peach,Fall,2.9,No,Store Pickup,No,No,26,Credit Card,Monthly,2025-09-09
3633,27,Female,3633,Sneakers,Footwear,"4,558",$73.00,Utah,L,Green,Spring,3.2,No,Express,No,No,3,Debit Card,Quarterly,2025-05-09
3634,39,Female,3634,Gloves,Accessories,"4,559",$51.00,Montana,M,Orange,Spring,2.8,No,Free Shipping,No,No,1,Bank Transfer,Bi-Weekly,2025-04-07
3635,59,Female,3635,Socks,Clothing,"4,561",$22.00,Ohio,M,Pink,Winter,3.3,No,Standard,No,No,17,PayPal,Annually,2025-12-03
3636,52,Female,3636,Sandals,Footwear,"4,562",$32.00,Colorado,L,Cyan,Fall,3.3,No,Free Shipping,No,No,17,Credit Card,Fortnightly,2025-10-13
3637,50,Female,3637,Sandals,Footwear,"4,563",$38.00,California,L,Lavender,Summer,4.2,No,2-Day Shipping,No,No,36,Cash,Weekly,2025-07-04
3638,32,Female,3638,Boots,Footwear,"4,564",$66.00,Utah,L,Yellow,Winter,3.6,No,Express,No,No,32,Credit Card,Fortnightly,2025-01-03
3639,40,Female,3639,Backpack,Accessories,"4,565",$20.00,Kansas,M,Olive,Spring,4.6,No,Express,No,No,50,PayPal,Bi-Weekly,2025-04-22
3640,26,Female,3640,Coat,Outerwear,"4,567",$44.00,Illinois,M,Brown,Summer,3.6,No,2-Day Shipping,No,No,39,Venmo,Annually,2025-06-19
3641,47,Female,3641,Sunglasses,Accessories,"4,568",$31.00,Minnesota,L,Pink,Spring,4,No,Next Day Air,No,No,17,PayPal,Monthly,2025-05-10
3642,51,Female,3642,Jacket,Outerwear,"4,569",$45.00,New York,M,Cyan,Fall,2.7,No,Free Shipping,No,No,39,Bank Transfer,Every 3 Months,2025-11-15
3643,47,Female,3643,Dress,Clothing,"4,570",$71.00,Arizona,L,Maroon,Summer,4.4,No,Store Pickup,No,No,5,PayPal,Annually,2025-08-25
3644,53,Female,3644,Scarf,Accessories,"4,571",$96.00,Tennessee,XL,Magenta,Fall,3.2,No,Standard,No,No,47,Debit Card,Annually,2025-11-13
3645,35,Female,3645,Blouse,Clothing,"4,573",$32.00,Arkansas,M,Violet,Winter,2.6,No,Next Day Air,No,No,18,Venmo,Weekly,2025-01-11
3646,38,Female,3646,Backpack,Accessories,"4,574",$90.00,Colorado,L,Silver,Summer,3.4,No,Free Shipping,No,No,31,Credit Card,Every 3 Months,2025-06-20
3647,69,Female,3647,Jewelry,Accessories,"4,575",$68.00,Nevada,M,Maroon,Spring,5,No,2-Day Shipping,No,No,39,Debit Card,Fortnightly,2025-04-07
3648,47,Female,3648,Shorts,Clothing,"4,576",$45.00,Kansas,M,Gray,Winter,2.9,No,Store Pickup,No,No,12,Bank Transfer,Weekly,2025-02-25
3649,31,Female,3649,Skirt,Clothing,"4,577",$67.00,New York,M,White,Winter,5,No,Free Shipping,No,No,45,Cash,Bi-Weekly,2025-02-02
3650,68,Female,3650,Skirt,Clothing,"4,579",$57.00,Minnesota,M,Brown,Fall,4.4,No,Standard,No,No,33,Credit Card,Fortnightly,2025-10-07
3651,51,Female,3651,Jeans,Clothing,"4,580",$60.00,Ohio,M,Silver,Summer,3.5,No,2-Day Shipping,No,No,3,PayPal,Annually,2025-07-17
3652,20,Female,3652,Handbag,Accessories,"4,581",$32.00,Arizona,M,Yellow,Spring,3.8,No,Express,No,No,5,Venmo,Every 3 Months,2025-05-20
3653,27,Female,3653,Handbag,Accessories,"4,582",$29.00,Kentucky,S,Magenta,Fall,3.8,No,Store Pickup,No,No,23,Debit Card,Monthly,2025-11-23
3654,67,Female,3654,Coat,Outerwear,"4,583",$20.00,Minnesota,M,Blue,Spring,3.9,No,Next Day Air,No,No,39,Credit Card,Fortnightly,2025-03-02
3655,21,Female,3655,Jewelry,Accessories,"4,585",$98.00,Arkansas,M,Green,Winter,3.3,No,Next Day Air,No,No,10,Credit Card,Annually,2025-02-04
3656,20,Female,3656,Sweater,Clothing,"4,586",$27.00,Wyoming,M,Yellow,Fall,2.9,No,Next Day Air,No,No,4,Credit Card,Bi-Weekly,2025-09-07
3657,35,Female,3657,Jacket,Outerwear,"4,587",$67.00,North Dakota,XL,Cyan,Spring,3.7,No,2-Day Shipping,No,No,18,Credit Card,Monthly,2025-05-20
3658,58,Female,3658,Shoes,Footwear,"4,588",$82.00,Alabama,L,Gold,Winter,3.7,No,Express,No,No,1,Debit Card,Every 3 Months,2025-02-01
3659,28,Female,3659,T-shirt,Clothing,"4,589",$72.00,Mississippi,M,Magenta,Fall,4.6,No,Standard,No,No,18,PayPal,Fortnightly,2025-09-06
3660,27,Female,3660,Sandals,Footwear,"4,591",$77.00,Illinois,S,Gray,Fall,4.9,No,Store Pickup,No,No,46,Bank Transfer,Annually,2025-10-07
3661,19,Female,3661,Shoes,Footwear,"4,592",$74.00,Arkansas,L,Indigo,Winter,3.1,No,2-Day Shipping,No,No,13,Bank Transfer,Fortnightly,2025-12-26
3662,63,Female,3662,Sandals,Footwear,"4,593",$39.00,Kansas,S,White,Winter,3.5,No,Next Day Air,No,No,5,Credit Card,Fortnightly,2025-12-20
3663,69,Female,3663,Shorts,Clothing,"4,594",$80.00,Rhode Island,M,Indigo,Spring,4.9,No,Next Day Air,No,No,11,Debit Card,Weekly,2025-03-17
3664,65,Female,3664,Backpack,Accessories,"4,595",$59.00,Florida,M,Green,Summer,4.4,No,Express,No,No,49,Credit Card,Weekly,2025-06-17
3665,63,Female,3665,Jacket,Outerwear,"4,597",$68.00,Missouri,M,Turquoise,Fall,4.4,No,Store Pickup,No,No,1,Debit Card,Fortnightly,2025-11-03
3666,28,Female,3666,Socks,Clothing,"4,598",$77.00,North Carolina,M,Peach,Fall,3.4,No,Next Day Air,No,No,11,Credit Card,Quarterly,2025-11-13
3667,67,Female,3667,Jewelry,Accessories,"4,599",$50.00,Alabama,M,Olive,Winter,3,No,2-Day Shipping,No,No,47,Cash,Every 3 Months,2025-01-11
3668,51,Female,3668,Pants,Clothing,"4,600",$45.00,Washington,L,Cyan,Fall,2.6,No,Next Day Air,No,No,20,Venmo,Monthly,2025-10-09
3669,59,Female,3669,Blouse,Clothing,"4,601",$71.00,Michigan,XL,Magenta,Summer,3.2,No,Store Pickup,No,No,18,Venmo,Annually,2025-08-22
3670,25,Female,3670,Socks,Clothing,"4,603",$52.00,Washington,S,Silver,Fall,4.6,No,Store Pickup,No,No,43,PayPal,Quarterly,2025-10-23
3671,31,Female,3671,Shoes,Footwear,"4,604",$50.00,Vermont,S,White,Winter,3.8,No,Free Shipping,No,No,4,PayPal,Every 3 Months,2025-01-20
3672,62,Female,3672,Handbag,Accessories,"4,605",$66.00,Illinois,L,Pink,Summer,4.8,No,2-Day Shipping,No,No,20,Venmo,Quarterly,2025-06-25
3673,51,Female,3673,Sandals,Footwear,"4,606",$81.00,New York,S,Pink,Fall,4.5,No,Free Shipping,No,No,7,PayPal,Monthly,2025-09-15
3674,32,Female,3674,Socks,Clothing,"4,607",$28.00,Rhode Island,M,Pink,Summer,4.2,No,2-Day Shipping,No,No,31,Bank Transfer,Fortnightly,2025-08-09
3675,35,Female,3675,Handbag,Accessories,"4,609",$65.00,Washington,M,Blue,Winter,2.7,No,2-Day Shipping,No,No,41,Venmo,Fortnightly,2025-02-12
3676,70,Female,3676,Hat,Accessories,"4,610",$80.00,Virginia,M,White,Winter,4.5,No,Express,No,No,3,Bank Transfer,Monthly,2025-02-03
3677,19,Female,3677,Jewelry,Accessories,"4,611",$94.00,Wisconsin,S,Teal,Spring,4.9,No,Free Shipping,No,No,16,PayPal,Monthly,2025-04-01
3678,32,Female,3678,Backpack,Accessories,"4,612",$30.00,Michigan,M,Gray,Fall,2.8,No,Standard,No,No,43,Cash,Annually,2025-10-21
3679,56,Female,3679,Shirt,Clothing,"4,613",$45.00,Texas,S,Beige,Fall,3.5,No,Standard,No,No,29,Bank Transfer,Fortnightly,2025-10-01
3680,53,Female,3680,Coat,Outerwear,"4,615",$91.00,Idaho,M,Violet,Summer,2.5,No,Store Pickup,No,No,5,Cash,Bi-Weekly,2025-07-20
3681,22,Female,3681,Sunglasses,Accessories,"4,616",$36.00,Iowa,S,Blue,Winter,2.9,No,Standard,No,No,30,Debit Card,Quarterly,2025-01-19
3682,26,Female,3682,Gloves,Accessories,"4,617",$73.00,Connecticut,XL,Magenta,Fall,4.2,No,Next Day Air,No,No,33,Debit Card,Monthly,2025-10-09
3683,42,Female,3683,Shirt,Clothing,"4,618",$60.00,Wyoming,M,Maroon,Fall,4.6,No,Store Pickup,No,No,46,Venmo,Bi-Weekly,2025-10-21
3684,30,Female,3684,Socks,Clothing,"4,619",$77.00,Mississippi,M,Purple,Winter,3,No,Free Shipping,No,No,17,Venmo,Fortnightly,2025-12-25
3685,29,Female,3685,Skirt,Clothing,"4,621",$86.00,Pennsylvania,L,Charcoal,Spring,4.4,No,Free Shipping,No,No,47,Credit Card,Bi-Weekly,2025-03-16
3686,47,Female,3686,Shorts,Clothing,"4,622",$42.00,Tennessee,L,Red,Summer,2.6,No,Standard,No,No,17,Cash,Bi-Weekly,2025-06-09
3687,59,Female,3687,Sandals,Footwear,"4,623",$70.00,Louisiana,M,Charcoal,Spring,4.8,No,Free Shipping,No,No,17,Cash,Bi-Weekly,2025-05-10
3688,34,Female,3688,Shirt,Clothing,"4,624",$44.00,Arkansas,L,Lavender,Summer,2.9,No,Next Day Air,No,No,28,Bank Transfer,Every 3 Months,2025-06-20
3689,52,Female,3689,Sunglasses,Accessories,"4,625",$91.00,West Virginia,L,White,Spring,3,No,Next Day Air,No,No,8,Cash,Monthly,2025-05-19
3690,47,Female,3690,Jewelry,Accessories,"4,627",$30.00,South Carolina,L,Red,Fall,4.5,No,Standard,No,No,8,Bank Transfer,Quarterly,2025-09-11
3691,24,Female,3691,Blouse,Clothing,"4,628",$23.00,Kansas,S,Violet,Fall,3.7,No,Store Pickup,No,No,4,Bank Transfer,Bi-Weekly,2025-09-12
3692,63,Female,3692,Sandals,Footwear,"4,629",$21.00,Michigan,XL,Orange,Summer,4.8,No,Next Day Air,No,No,24,PayPal,Weekly,2025-08-10
3693,59,Female,3693,Coat,Outerwear,"4,630",$34.00,Alabama,L,Turquoise,Spring,4.8,No,Free Shipping,No,No,29,Cash,Fortnightly,2025-05-01
3694,66,Female,3694,Blouse,Clothing,"4,631",$46.00,South Dakota,M,Violet,Summer,4.7,No,2-Day Shipping,No,No,10,Venmo,Weekly,2025-07-08
3695,45,Female,3695,Sweater,Clothing,"4,633",$41.00,Rhode Island,M,Blue,Winter,2.6,No,Express,No,No,11,PayPal,Bi-Weekly,2025-12-09
3696,38,Female,3696,Skirt,Clothing,"4,634",$33.00,Florida,M,White,Fall,4.6,No,Standard,No,No,18,Bank Transfer,Fortnightly,2025-10-04
3697,63,Female,3697,Blouse,Clothing,"4,635",$48.00,Connecticut,L,Turquoise,Fall,3.4,No,Next Day Air,No,No,26,Bank Transfer,Annually,2025-11-28
3698,55,Female,3698,Hoodie,Clothing,"4,636",$66.00,Pennsylvania,L,Pink,Winter,3,No,Standard,No,No,39,Cash,Weekly,2025-01-06
3699,25,Female,3699,Skirt,Clothing,"4,637",$54.00,California,XL,Maroon,Spring,4,No,2-Day Shipping,No,No,4,Venmo,Annually,2025-04-16
3700,51,Female,3700,Backpack,Accessories,"4,639",$55.00,Oklahoma,M,Olive,Fall,2.6,No,Store Pickup,No,No,24,Bank Transfer,Weekly,2025-11-20
3701,28,Female,3701,Handbag,Accessories,"4,640",$84.00,North Dakota,XL,Charcoal,Summer,3.4,No,Store Pickup,No,No,2,Bank Transfer,Every 3 Months,2025-07-24
3702,46,Female,3702,Sandals,Footwear,"4,641",$66.00,New Mexico,M,Charcoal,Spring,4.5,No,Store Pickup,No,No,36,Cash,Annually,2025-03-15
3703,58,Female,3703,Shoes,Footwear,"4,642",$65.00,South Carolina,M,Indigo,Spring,2.7,No,Store Pickup,No,No,36,Venmo,Weekly,2025-05-27
3704,30,Female,3704,Sandals,Footwear,"4,643",$83.00,Michigan,S,Teal,Fall,2.9,No,Standard,No,No,23,PayPal,Every 3 Months,2025-11-24
3705,68,Female,3705,Sunglasses,Accessories,"4,645",$61.00,Missouri,L,Black,Winter,4,No,Store Pickup,No,No,36,Credit Card,Quarterly,2025-01-26
3706,28,Female,3706,Skirt,Clothing,"4,646",$65.00,Colorado,L,Teal,Summer,3.2,No,Free Shipping,No,No,2,Debit Card,Annually,2025-07-05
3707,26,Female,3707,Sandals,Footwear,"4,647",$55.00,Kansas,M,Green,Spring,4,No,Store Pickup,No,No,17,Cash,Bi-Weekly,2025-03-01
3708,35,Female,3708,Gloves,Accessories,"4,648",$79.00,Illinois,M,Gold,Fall,3.4,No,2-Day Shipping,No,No,19,Venmo,Weekly,2025-10-01
3709,40,Female,3709,Hoodie,Clothing,"4,649",$96.00,South Carolina,M,Red,Fall,4.9,No,Express,No,No,41,PayPal,Monthly,2025-09-10
3710,31,Female,3710,Socks,Clothing,"4,651",$43.00,Utah,M,Silver,Fall,3.6,No,Free Shipping,No,No,27,PayPal,Quarterly,2025-09-19
3711,60,Female,3711,Jewelry,Accessories,"4,652",$40.00,Hawaii,M,Yellow,Summer,3.6,No,2-Day Shipping,No,No,32,Bank Transfer,Fortnightly,2025-06-06
3712,69,Female,3712,Hat,Accessories,"4,653",$62.00,Texas,XL,Peach,Fall,3.2,No,Free Shipping,No,No,33,Cash,Annually,2025-11-21
3713,51,Female,3713,Blouse,Clothing,"4,654",$72.00,Oregon,M,Turquoise,Spring,3.7,No,2-Day Shipping,No,No,24,PayPal,Quarterly,2025-05-04
3714,49,Female,3714,Shoes,Footwear,"4,655",$87.00,Arizona,M,Peach,Spring,2.6,No,Express,No,No,31,Debit Card,Every 3 Months,2025-03-01
3715,18,Female,3715,Hat,Accessories,"4,657",$31.00,New York,S,Peach,Winter,3.9,No,Express,No,No,35,Credit Card,Weekly,2025-01-23
3716,63,Female,3716,Sunglasses,Accessories,"4,658",$34.00,Nebraska,S,Orange,Fall,3.4,No,Free Shipping,No,No,2,Bank Transfer,Monthly,2025-09-10
3717,57,Female,3717,Shirt,Clothing,"4,659",$53.00,Vermont,M,Charcoal,Fall,3.4,No,Next Day Air,No,No,42,Debit Card,Every 3 Months,2025-11-12
3718,45,Female,3718,T-shirt,Clothing,"4,660",$85.00,Maryland,XL,White,Summer,4.2,No,Express,No,No,47,Bank Transfer,Every 3 Months,2025-07-16
3719,36,Female,3719,Pants,Clothing,"4,661",$50.00,Tennessee,L,Turquoise,Fall,2.9,No,Standard,No,No,44,Bank Transfer,Bi-Weekly,2025-11-08
3720,20,Female,3720,Pants,Clothing,"4,663",$91.00,Pennsylvania,M,Red,Summer,4.1,No,Free Shipping,No,No,8,Bank Transfer,Every 3 Months,2025-08-19
3721,21,Female,3721,Hat,Accessories,"4,664",$56.00,South Carolina,M,Peach,Fall,3.6,No,Free Shipping,No,No,13,Credit Card,Quarterly,2025-09-12
3722,62,Female,3722,Coat,Outerwear,"4,665",$60.00,Connecticut,L,Pink,Fall,4,No,Next Day Air,No,No,10,Cash,Annually,2025-10-01
3723,23,Female,3723,Jacket,Outerwear,"4,666",$34.00,Kentucky,XL,Yellow,Fall,4,No,Standard,No,No,1,Credit Card,Fortnightly,2025-11-19
3724,26,Female,3724,Sandals,Footwear,"4,667",$30.00,Rhode Island,M,Beige,Spring,3.6,No,Free Shipping,No,No,1,Debit Card,Monthly,2025-03-05
3725,30,Female,3725,Gloves,Accessories,"4,669",$71.00,Colorado,L,Green,Winter,3.1,No,Express,No,No,18,Bank Transfer,Annually,2025-12-22
3726,18,Female,3726,Dress,Clothing,"4,670",$100.00,Oklahoma,S,Turquoise,Winter,4.4,No,Next Day Air,No,No,2,PayPal,Annually,2025-01-09
3727,47,Female,3727,Belt,Accessories,"4,671",$85.00,Idaho,XL,Orange,Fall,4.3,No,Next Day Air,No,No,36,Debit Card,Every 3 Months,2025-10-11
3728,41,Female,3728,Socks,Clothing,"4,672",$83.00,Maine,M,Gold,Summer,3.5,No,Next Day Air,No,No,17,Debit Card,Bi-Weekly,2025-08-04
3729,62,Female,3729,Jacket,Outerwear,"4,673",$31.00,Vermont,L,Red,Winter,3,No,Standard,No,No,1,Debit Card,Annually,2025-02-09
3730,28,Female,3730,Boots,Footwear,"4,675",$82.00,Rhode Island,M,Teal,Spring,4.7,No,2-Day Shipping,No,No,50,Cash,Quarterly,2025-05-25
3731,46,Female,3731,Shirt,Clothing,"4,676",$79.00,Florida,M,Teal,Summer,2.5,No,2-Day Shipping,No,No,3,Credit Card,Bi-Weekly,2025-07-19
3732,54,Female,3732,Hat,Accessories,"4,677",$62.00,West Virginia,M,Lavender,Spring,3.1,No,2-Day Shipping,No,No,45,PayPal,Quarterly,2025-05-04
3733,36,Female,3733,Shoes,Footwear,"4,678",$92.00,Indiana,L,Pink,Spring,3.3,No,Free Shipping,No,No,28,PayPal,Annually,2025-03-14
3734,25,Female,3734,Socks,Clothing,"4,679",$58.00,Illinois,M,Maroon,Fall,4.7,No,Next Day Air,No,No,6,Debit Card,Every 3 Months,2025-10-06
3735,38,Female,3735,Hoodie,Clothing,"4,681",$88.00,California,M,Beige,Spring,3.4,No,Next Day Air,No,No,33,Debit Card,Every 3 Months,2025-04-09
3736,38,Female,3736,Sandals,Footwear,"4,682",$44.00,Massachusetts,L,Orange,Spring,3.1,No,2-Day Shipping,No,No,29,PayPal,Annually,2025-04-23
3737,42,Female,3737,Jeans,Clothing,"4,683",$56.00,Idaho,M,Red,Spring,4.6,No,Store Pickup,No,No,2,PayPal,Every 3 Months,2025-03-16
3738,19,Female,3738,Jewelry,Accessories,"4,684",$23.00,Kentucky,S,Maroon,Winter,4.9,No,Free Shipping,No,No,43,PayPal,Bi-Weekly,2025-02-22
3739,34,Female,3739,Shorts,Clothing,"4,685",$45.00,Delaware,M,Brown,Spring,2.7,No,Free Shipping,No,No,48,Cash,Fortnightly,2025-04-07
3740,38,Female,3740,Sunglasses,Accessories,"4,687",$31.00,Idaho,M,Olive,Fall,4.2,No,Free Shipping,No,No,43,Credit Card,Weekly,2025-10-18
3741,42,Female,3741,Pants,Clothing,"4,688",$96.00,Virginia,M,Silver,Summer,2.6,No,Store Pickup,No,No,26,Debit Card,Bi-Weekly,2025-06-23
3742,58,Female,3742,Shirt,Clothing,"4,689",$96.00,Arizona,M,Purple,Spring,3.2,No,2-Day Shipping,No,No,26,Debit Card,Bi-Weekly,2025-03-17
3743,56,Female,3743,Shirt,Clothing,"4,690",$80.00,Maryland,M,Gray,Fall,4.4,No,Standard,No,No,50,Credit Card,Bi-Weekly,2025-09-24
3744,62,Female,3744,Pants,Clothing,"4,691",$28.00,Idaho,L,Cyan,Fall,3.6,No,Free Shipping,No,No,36,Debit Card,Quarterly,2025-10-09
3745,24,Female,3745,Hoodie,Clothing,"4,693",$51.00,New Jersey,M,Gray,Summer,2.7,No,Next Day Air,No,No,26,Bank Transfer,Fortnightly,2025-08-09
3746,60,Female,3746,Socks,Clothing,"4,694",$41.00,Washington,L,Gold,Spring,4.3,No,Express,No,No,2,Debit Card,Monthly,2025-04-01
3747,53,Female,3747,Coat,Outerwear,"4,695",$99.00,Idaho,XL,Cyan,Summer,2.6,No,Next Day Air,No,No,49,PayPal,Monthly,2025-06-03
3748,26,Female,3748,Sweater,Clothing,"4,696",$53.00,Rhode Island,L,Olive,Spring,4.3,No,Store Pickup,No,No,32,Bank Transfer,Bi-Weekly,2025-03-26
3749,34,Female,3749,Backpack,Accessories,"4,697",$25.00,Delaware,M,Violet,Fall,3.9,No,2-Day Shipping,No,No,3,Venmo,Annually,2025-11-28
3750,24,Female,3750,Blouse,Clothing,"4,699",$95.00,Alaska,L,Yellow,Winter,2.9,No,2-Day Shipping,No,No,38,Venmo,Every 3 Months,2025-01-21
3751,42,Female,3751,Hoodie,Clothing,"4,700",$88.00,Arizona,M,Gold,Fall,3.1,No,Free Shipping,No,No,5,PayPal,Monthly,2025-10-24
3752,36,Female,3752,Jewelry,Accessories,"4,701",$97.00,Alabama,S,Silver,Fall,4.2,No,Free Shipping,No,No,8,Credit Card,Every 3 Months,2025-10-08
3753,24,Female,3753,Coat,Outerwear,"4,702",$81.00,Washington,L,Pink,Winter,4.1,No,2-Day Shipping,No,No,43,Venmo,Weekly,2025-12-16
3754,39,Female,3754,Sunglasses,Accessories,"4,703",$26.00,Louisiana,S,Turquoise,Winter,4.2,No,Next Day Air,No,No,22,Bank Transfer,Fortnightly,2025-01-25
3755,46,Female,3755,Shoes,Footwear,"4,705",$41.00,Nebraska,M,Turquoise,Summer,4.4,No,Express,No,No,10,Cash,Every 3 Months,2025-07-14
3756,64,Female,3756,Skirt,Clothing,"4,706",$93.00,Pennsylvania,M,Peach,Fall,3.4,No,Free Shipping,No,No,26,Credit Card,Monthly,2025-10-13
3757,64,Female,3757,Skirt,Clothing,"4,707",$69.00,South Carolina,L,Teal,Spring,4.8,No,Express,No,No,42,Debit Card,Bi-Weekly,2025-03-10
3758,61,Female,3758,Skirt,Clothing,"4,708",$44.00,California,L,Red,Fall,4.5,No,2-Day Shipping,No,No,33,Cash,Weekly,2025-11-01
3759,61,Female,3759,Sandals,Footwear,"4,709",$54.00,Indiana,S,Black,Spring,2.7,No,Store Pickup,No,No,23,Bank Transfer,Quarterly,2025-04-21
3760,44,Female,3760,Sneakers,Footwear,"4,711",$61.00,Missouri,M,Pink,Spring,3.5,No,Store Pickup,No,No,30,Venmo,Quarterly,2025-04-24
3761,65,Female,3761,Socks,Clothing,"4,712",$80.00,Connecticut,M,Peach,Fall,3.1,No,Next Day Air,No,No,36,PayPal,Weekly,2025-10-01
3762,60,Female,3762,Backpack,Accessories,"4,713",$30.00,Nevada,M,Green,Summer,2.8,No,Next Day Air,No,No,3,Venmo,Every 3 Months,2025-08-05
3763,65,Female,3763,Shorts,Clothing,"4,714",$94.00,New York,L,Green,Fall,2.9,No,Store Pickup,No,No,13,PayPal,Annually,2025-10-28
3764,27,Female,3764,Shirt,Clothing,"4,715",$24.00,Oklahoma,XL,Red,Winter,4.5,No,Standard,No,No,38,Cash,Every 3 Months,2025-02-16
3765,36,Female,3765,Socks,Clothing,"4,717",$21.00,South Dakota,M,Maroon,Fall,3.5,No,Next Day Air,No,No,19,Venmo,Monthly,2025-09-01
3766,22,Female,3766,Jewelry,Accessories,"4,718",$52.00,Missouri,M,Green,Summer,4.3,No,Standard,No,No,14,Bank Transfer,Bi-Weekly,2025-08-04
3767,62,Female,3767,Handbag,Accessories,"4,719",$59.00,Texas,M,Black,Fall,4.9,No,Next Day Air,No,No,43,Debit Card,Annually,2025-09-21
3768,59,Female,3768,Shorts,Clothing,"4,720",$51.00,New York,XL,Black,Summer,3.1,No,Free Shipping,No,No,10,Bank Transfer,Fortnightly,2025-07-23
3769,50,Female,3769,Sweater,Clothing,"4,721",$35.00,Vermont,M,Yellow,Winter,4,No,Free Shipping,No,No,34,Bank Transfer,Quarterly,2025-12-04
3770,51,Female,3770,Gloves,Accessories,"4,723",$87.00,Arizona,L,Green,Summer,3.6,No,Standard,No,No,31,Venmo,Annually,2025-08-18
3771,23,Female,3771,Pants,Clothing,"4,724",$42.00,Montana,L,Black,Summer,4,No,Store Pickup,No,No,34,Bank Transfer,Weekly,2025-08-20
3772,21,Female,3772,T-shirt,Clothing,"4,725",$86.00,Oklahoma,M,Red,Winter,2.6,No,Express,No,No,28,Venmo,Bi-Weekly,2025-12-08
3773,44,Female,3773,Pants,Clothing,"4,726",$26.00,New Hampshire,L,Yellow,Fall,3.1,No,Next Day Air,No,No,35,Cash,Annually,2025-09-12
3774,25,Female,3774,Sweater,Clothing,"4,727",$60.00,Wisconsin,M,Violet,Summer,3.5,No,Store Pickup,No,No,41,Cash,Quarterly,2025-06-16
3775,57,Female,3775,Gloves,Accessories,"4,729",$83.00,Alaska,S,Cyan,Winter,3.9,No,Standard,No,No,48,PayPal,Fortnightly,2025-12-17
3776,41,Female,3776,Belt,Accessories,"4,730",$63.00,South Dakota,S,Pink,Spring,2.7,No,2-Day Shipping,No,No,45,Cash,Quarterly,2025-04-11
3777,19,Female,3777,Sneakers,Footwear,"4,731",$25.00,Alaska,L,Olive,Spring,4.1,No,Standard,No,No,10,Credit Card,Fortnightly,2025-03-01
3778,43,Female,3778,Shorts,Clothing,"4,732",$65.00,Utah,M,Maroon,Fall,4.3,No,Express,No,No,9,Cash,Weekly,2025-10-10
3779,25,Female,3779,Sneakers,Footwear,"4,733",$60.00,South Dakota,M,Cyan,Fall,2.9,No,Free Shipping,No,No,30,Debit Card,Annually,2025-10-10
3780,60,Female,3780,Jeans,Clothing,"4,735",$75.00,California,XL,Lavender,Spring,4,No,Express,No,No,45,PayPal,Annually,2025-03-09
3781,54,Female,3781,Sneakers,Footwear,"4,736",$57.00,Mississippi,L,Yellow,Fall,4.1,No,Free Shipping,No,No,41,Venmo,Quarterly,2025-09-26
3782,52,Female,3782,Boots,Footwear,"4,737",$99.00,Tennessee,M,Pink,Winter,3.7,No,Standard,No,No,40,PayPal,Fortnightly,2025-12-04
3783,40,Female,3783,Jacket,Outerwear,"4,738",$45.00,Alabama,L,Orange,Spring,2.8,No,Free Shipping,No,No,42,PayPal,Fortnightly,2025-04-09
3784,39,Female,3784,Gloves,Accessories,"4,739",$66.00,Maine,XL,Orange,Summer,3.2,No,Free Shipping,No,No,17,Debit Card,Fortnightly,2025-06-06
3785,54,Female,3785,Socks,Clothing,"4,741",$53.00,Virginia,M,Violet,Winter,4.5,No,Next Day Air,No,No,4,Venmo,Annually,2025-01-25
3786,64,Female,3786,Jeans,Clothing,"4,742",$94.00,New Hampshire,L,Lavender,Winter,3.8,No,Standard,No,No,6,Cash,Monthly,2025-01-22
3787,31,Female,3787,Boots,Footwear,"4,743",$47.00,Tennessee,L,Yellow,Fall,3.6,No,2-Day Shipping,No,No,22,Venmo,Weekly,2025-10-28
3788,37,Female,3788,Blouse,Clothing,"4,744",$80.00,New York,M,Pink,Fall,3.6,No,2-Day Shipping,No,No,46,PayPal,Every 3 Months,2025-10-08
3789,43,Female,3789,Hat,Accessories,"4,745",$65.00,Kansas,XL,Teal,Spring,3.2,No,Next Day Air,No,No,27,Debit Card,Monthly,2025-05-23
3790,56,Female,3790,Shirt,Clothing,"4,747",$75.00,North Dakota,M,Magenta,Summer,3.8,No,Express,No,No,18,Bank Transfer,Every 3 Months,2025-07-08
3791,27,Female,3791,Handbag,Accessories,"4,748",$45.00,Alaska,XL,Beige,Summer,4.4,No,Standard,No,No,31,Credit Card,Weekly,2025-06-03
3792,40,Female,3792,Sunglasses,Accessories,"4,749",$51.00,Texas,M,Gray,Spring,3.7,No,Store Pickup,No,No,1,Venmo,Weekly,2025-04-22
3793,43,Female,3793,Scarf,Accessories,"4,750",$58.00,Massachusetts,S,Turquoise,Summer,2.6,No,Express,No,No,2,PayPal,Fortnightly,2025-07-28
3794,62,Female,3794,Sunglasses,Accessories,"4,751",$20.00,Delaware,M,Pink,Fall,4,No,Standard,No,No,46,Bank Transfer,Annually,2025-11-10
3795,44,Female,3795,Scarf,Accessories,"4,753",$82.00,South Dakota,M,Violet,Summer,3.6,No,2-Day Shipping,No,No,27,Venmo,Weekly,2025-08-05
3796,45,Female,3796,Gloves,Accessories,"4,754",$92.00,Arkansas,M,Charcoal,Spring,2.5,No,Express,No,No,3,Cash,Weekly,2025-03-15
3797,40,Female,3797,Shorts,Clothing,"4,755",$81.00,Utah,M,Lavender,Fall,3.2,No,Free Shipping,No,No,47,Bank Transfer,Quarterly,2025-11-28
3798,68,Female,3798,Sunglasses,Accessories,"4,756",$44.00,California,M,Gray,Summer,2.5,No,Next Day Air,No,No,20,Cash,Quarterly,2025-07-20
3799,63,Female,3799,Jewelry,Accessories,"4,757",$72.00,Rhode Island,S,Brown,Winter,3.2,No,Next Day Air,No,No,23,Credit Card,Annually,2025-12-09
3800,60,Female,3800,Jacket,Outerwear,"4,759",$26.00,Oklahoma,L,Violet,Winter,2.6,No,Store Pickup,No,No,13,Credit Card,Monthly,2025-01-17
3801,19,Female,3801,Sweater,Clothing,"4,760",$26.00,Vermont,M,Turquoise,Fall,4.8,No,Next Day Air,No,No,12,Venmo,Bi-Weekly,2025-09-18
3802,26,Female,3802,Blouse,Clothing,"4,761",$84.00,Kentucky,M,Peach,Spring,5,No,Store Pickup,No,No,36,PayPal,Fortnightly,2025-05-17
3803,70,Female,3803,Scarf,Accessories,"4,762",$72.00,Illinois,S,Turquoise,Spring,3.2,No,2-Day Shipping,No,No,1,Bank Transfer,Monthly,2025-05-16
3804,48,Female,3804,Handbag,Accessories,"4,763",$55.00,Connecticut,M,Violet,Spring,3.6,No,Standard,No,No,14,Debit Card,Weekly,2025-03-24
3805,37,Female,3805,Hat,Accessories,"4,765",$77.00,Florida,M,Olive,Fall,2.7,No,2-Day Shipping,No,No,45,Cash,Annually,2025-10-17
3806,48,Female,3806,Scarf,Accessories,"4,766",$57.00,New Jersey,M,Green,Fall,3.1,No,Standard,No,No,31,Credit Card,Quarterly,2025-09-26
3807,18,Female,3807,Boots,Footwear,"4,767",$71.00,Missouri,M,Teal,Spring,3,No,Standard,No,No,41,PayPal,Weekly,2025-03-03
3808,38,Female,3808,Blouse,Clothing,"4,768",$39.00,Michigan,L,Peach,Spring,2.9,No,Next Day Air,No,No,36,PayPal,Annually,2025-05-19
3809,33,Female,3809,Socks,Clothing,"4,769",$28.00,Washington,M,Pink,Winter,4.7,No,Express,No,No,6,Debit Card,Bi-Weekly,2025-02-16
3810,57,Female,3810,Shoes,Footwear,"4,771",$33.00,New York,S,Maroon,Winter,3.7,No,Standard,No,No,28,Credit Card,Annually,2025-01-19
3811,46,Female,3811,Skirt,Clothing,"4,772",$79.00,Wisconsin,L,Peach,Fall,3.9,No,Free Shipping,No,No,29,Venmo,Monthly,2025-11-23
3812,46,Female,3812,Belt,Accessories,"4,773",$30.00,Idaho,M,Maroon,Winter,4,No,Standard,No,No,14,Cash,Monthly,2025-12-01
3813,50,Female,3813,Skirt,Clothing,"4,774",$75.00,Michigan,M,Pink,Spring,2.8,No,Next Day Air,No,No,7,Bank Transfer,Every 3 Months,2025-05-11
3814,61,Female,3814,Pants,Clothing,"4,775",$89.00,Georgia,M,Orange,Summer,4.1,No,Express,No,No,31,Venmo,Bi-Weekly,2025-07-05
3815,45,Female,3815,Dress,Clothing,"4,777",$95.00,Michigan,M,Orange,Winter,4.2,No,Free Shipping,No,No,26,Bank Transfer,Every 3 Months,2025-12-07
3816,32,Female,3816,Hat,Accessories,"4,778",$44.00,Maine,M,Brown,Fall,4.3,No,Express,No,No,12,Venmo,Fortnightly,2025-10-14
3817,29,Female,3817,Coat,Outerwear,"4,779",$86.00,Maryland,S,Silver,Summer,4.3,No,Store Pickup,No,No,45,Credit Card,Fortnightly,2025-08-20
3818,66,Female,3818,Scarf,Accessories,"4,780",$91.00,Missouri,M,Magenta,Fall,2.6,No,Express,No,No,40,PayPal,Annually,2025-11-14
3819,70,Female,3819,Sneakers,Footwear,"4,781",$41.00,Oregon,XL,Indigo,Winter,3.8,No,Free Shipping,No,No,42,Cash,Monthly,2025-12-20
3820,36,Female,3820,Pants,Clothing,"4,783",$99.00,Arkansas,S,Gold,Spring,2.9,No,Express,No,No,45,Cash,Quarterly,2025-03-05
3821,34,Female,3821,Belt,Accessories,"4,784",$65.00,New Hampshire,M,Purple,Winter,5,No,Standard,No,No,34,Debit Card,Quarterly,2025-02-11
3822,20,Female,3822,Sneakers,Footwear,"4,785",$48.00,Oregon,M,Gold,Summer,4.6,No,Free Shipping,No,No,34,Credit Card,Every 3 Months,2025-06-04
3823,70,Female,3823,Hat,Accessories,"4,786",$41.00,Kansas,S,Gold,Spring,3.2,No,Free Shipping,No,No,17,PayPal,Every 3 Months,2025-03-26
3824,50,Female,3824,Shirt,Clothing,"4,787",$42.00,California,M,Gold,Summer,3,No,Standard,No,No,27,Bank Transfer,Weekly,2025-07-06
3825,54,Female,3825,Shorts,Clothing,"4,789",$26.00,Georgia,M,Olive,Summer,4,No,Free Shipping,No,No,31,Credit Card,Quarterly,2025-07-07
3826,49,Female,3826,Shorts,Clothing,"4,790",$35.00,Hawaii,L,Green,Fall,4.1,No,Express,No,No,47,Debit Card,Fortnightly,2025-11-11
3827,50,Female,3827,Jacket,Outerwear,"4,791",$31.00,Montana,M,Gray,Summer,4,No,Express,No,No,25,Bank Transfer,Annually,2025-07-17
3828,62,Female,3828,Jewelry,Accessories,"4,792",$73.00,Montana,M,Red,Summer,4.1,No,Standard,No,No,47,Cash,Fortnightly,2025-08-25
3829,42,Female,3829,Blouse,Clothing,"4,793",$82.00,Mississippi,M,Charcoal,Spring,3.4,No,Free Shipping,No,No,8,Cash,Weekly,2025-05-22
3830,69,Female,3830,Pants,Clothing,"4,795",$32.00,Washington,M,Indigo,Spring,2.9,No,Free Shipping,No,No,32,Debit Card,Fortnightly,2025-04-07
3831,22,Female,3831,Hat,Accessories,"4,796",$27.00,Pennsylvania,M,Indigo,Summer,3,No,2-Day Shipping,No,No,33,Bank Transfer,Every 3 Months,2025-07-20
3832,36,Female,3832,Backpack,Accessories,"4,797",$86.00,Nevada,L,Silver,Spring,4,No,Next Day Air,No,No,16,Debit Card,Every 3 Months,2025-03-12
3833,64,Female,3833,Boots,Footwear,"4,798",$38.00,Kansas,XL,Purple,Winter,4.8,No,2-Day Shipping,No,No,27,Cash,Weekly,2025-01-18
3834,44,Female,3834,Jacket,Outerwear,"4,799",$93.00,Arizona,L,Gray,Summer,4.6,No,Free Shipping,No,No,17,PayPal,Every 3 Months,2025-06-06
3835,43,Female,3835,Hoodie,Clothing,"4,801",$59.00,Tennessee,M,Magenta,Winter,4.1,No,2-Day Shipping,No,No,17,Cash,Quarterly,2025-02-23
3836,58,Female,3836,Sandals,Footwear,"4,802",$58.00,Pennsylvania,L,Silver,Winter,2.6,No,Express,No,No,28,PayPal,Bi-Weekly,2025-12-06
3837,62,Female,3837,Skirt,Clothing,"4,803",$84.00,Alaska,M,Violet,Spring,2.5,No,Free Shipping,No,No,38,PayPal,Fortnightly,2025-03-08
3838,45,Female,3838,Hoodie,Clothing,"4,804",$100.00,New Mexico,M,Green,Spring,4.8,No,Free Shipping,No,No,33,Bank Transfer,Fortnightly,2025-04-20
3839,47,Female,3839,Dress,Clothing,"4,805",$25.00,Rhode Island,L,Green,Summer,4.2,No,Express,No,No,24,Venmo,Every 3 Months,2025-08-16
3840,66,Female,3840,Sandals,Footwear,"4,807",$29.00,Connecticut,M,Peach,Spring,3.9,No,Free Shipping,No,No,14,Venmo,Quarterly,2025-03-15
3841,30,Female,3841,Jeans,Clothing,"4,808",$42.00,Idaho,M,Turquoise,Spring,3.7,No,Express,No,No,5,Venmo,Fortnightly,2025-03-16
3842,68,Female,3842,Jeans,Clothing,"4,809",$57.00,Mississippi,L,Pink,Fall,4.2,No,2-Day Shipping,No,No,8,Bank Transfer,Monthly,2025-10-25
3843,35,Female,3843,Jacket,Outerwear,"4,810",$84.00,Colorado,L,Lavender,Winter,4.2,No,Next Day Air,No,No,42,Debit Card,Monthly,2025-01-12
3844,64,Female,3844,Hat,Accessories,"4,811",$71.00,Georgia,L,Silver,Winter,4,No,Free Shipping,No,No,48,Venmo,Every 3 Months,2025-12-11
3845,30,Female,3845,Shorts,Clothing,"4,813",$87.00,Montana,S,Cyan,Fall,5,No,Next Day Air,No,No,40,Venmo,Quarterly,2025-09-06
3846,58,Female,3846,Sweater,Clothing,"4,814",$52.00,California,M,Green,Winter,4.9,No,Standard,No,No,46,Venmo,Annually,2025-12-13
3847,57,Female,3847,Blouse,Clothing,"4,815",$58.00,Pennsylvania,L,Orange,Summer,4,No,Express,No,No,40,PayPal,Every 3 Months,2025-07-06
3848,60,Female,3848,Sweater,Clothing,"4,816",$34.00,Delaware,S,Blue,Fall,3.2,No,2-Day Shipping,No,No,31,PayPal,Fortnightly,2025-11-18
3849,22,Female,3849,Jewelry,Accessories,"4,817",$60.00,New Hampshire,M,Magenta,Winter,3,No,Next Day Air,No,No,39,Cash,Every 3 Months,2025-01-14
3850,46,Female,3850,Hoodie,Clothing,"4,819",$68.00,Florida,S,Cyan,Winter,2.6,No,Express,No,No,36,PayPal,Fortnightly,2025-12-17
3851,27,Female,3851,Jewelry,Accessories,"4,820",$74.00,Mississippi,L,Indigo,Summer,4.4,No,2-Day Shipping,No,No,25,Debit Card,Every 3 Months,2025-08-18
3852,50,Female,3852,Scarf,Accessories,"4,821",$83.00,Montana,M,Pink,Summer,3.9,No,Free Shipping,No,No,24,Debit Card,Annually,2025-07-19
3853,65,Female,3853,Hat,Accessories,"4,822",$79.00,Mississippi,M,Peach,Fall,4,No,2-Day Shipping,No,No,19,PayPal,Weekly,2025-11-15
3854,61,Female,3854,Sunglasses,Accessories,"4,823",$76.00,Tennessee,M,Lavender,Fall,4,No,Store Pickup,No,No,49,Debit Card,Bi-Weekly,2025-10-28
3855,57,Female,3855,T-shirt,Clothing,"4,825",$20.00,Florida,M,Black,Spring,4.2,No,Free Shipping,No,No,4,Venmo,Annually,2025-03-16
3856,40,Female,3856,Shirt,Clothing,"4,826",$61.00,Illinois,XL,Lavender,Summer,4.4,No,Next Day Air,No,No,36,Cash,Quarterly,2025-08-05
3857,39,Female,3857,Sandals,Footwear,"4,827",$78.00,Virginia,S,Brown,Summer,2.5,No,Free Shipping,No,No,8,Debit Card,Quarterly,2025-07-09
3858,42,Female,3858,Hat,Accessories,"4,828",$21.00,Texas,S,Yellow,Summer,3.1,No,Store Pickup,No,No,29,Credit Card,Every 3 Months,2025-08-11
3859,30,Female,3859,T-shirt,Clothing,"4,829",$77.00,Missouri,M,Olive,Winter,3.5,No,Store Pickup,No,No,26,Credit Card,Quarterly,2025-01-17
3860,65,Female,3860,Shorts,Clothing,"4,831",$88.00,Mississippi,S,Blue,Fall,3,No,2-Day Shipping,No,No,47,Bank Transfer,Bi-Weekly,2025-10-19
3861,57,Female,3861,Sunglasses,Accessories,"4,832",$64.00,Pennsylvania,M,Turquoise,Summer,4.4,No,Next Day Air,No,No,44,Cash,Annually,2025-08-15
3862,64,Female,3862,Jacket,Outerwear,"4,833",$57.00,Wyoming,M,Yellow,Spring,4.9,No,Standard,No,No,49,Credit Card,Monthly,2025-04-08
3863,56,Female,3863,Shirt,Clothing,"4,834",$49.00,Idaho,L,Turquoise,Winter,2.8,No,Next Day Air,No,No,9,Venmo,Monthly,2025-01-16
3864,40,Female,3864,Scarf,Accessories,"4,835",$35.00,New Hampshire,M,Orange,Summer,3.3,No,Free Shipping,No,No,28,Cash,Fortnightly,2025-08-02
3865,55,Female,3865,T-shirt,Clothing,"4,837",$99.00,Wyoming,S,Blue,Winter,4.9,No,Express,No,No,1,Debit Card,Fortnightly,2025-12-28
3866,25,Female,3866,Shorts,Clothing,"4,838",$42.00,Nebraska,M,Olive,Spring,4.2,No,Store Pickup,No,No,28,Cash,Every 3 Months,2025-05-27
3867,58,Female,3867,Hat,Accessories,"4,839",$32.00,Alaska,M,Beige,Winter,3.3,No,2-Day Shipping,No,No,33,Credit Card,Fortnightly,2025-01-18
3868,46,Female,3868,Jacket,Outerwear,"4,840",$21.00,Maryland,L,Lavender,Summer,2.7,No,Standard,No,No,28,Credit Card,Monthly,2025-08-09
3869,18,Female,3869,Dress,Clothing,"4,841",$29.00,Maryland,XL,Magenta,Winter,3.3,No,2-Day Shipping,No,No,9,Cash,Annually,2025-01-22
3870,26,Female,3870,Coat,Outerwear,"4,843",$64.00,Arizona,L,Cyan,Spring,3.8,No,Free Shipping,No,No,28,Bank Transfer,Annually,2025-05-14
3871,61,Female,3871,Sandals,Footwear,"4,844",$46.00,Ohio,L,Lavender,Fall,3.2,No,Next Day Air,No,No,19,Cash,Every 3 Months,2025-10-28
3872,55,Female,3872,T-shirt,Clothing,"4,845",$97.00,Minnesota,M,Black,Fall,4.1,No,2-Day Shipping,No,No,20,Bank Transfer,Every 3 Months,2025-09-26
3873,41,Female,3873,Jacket,Outerwear,"4,846",$94.00,New Hampshire,M,Green,Spring,4.3,No,Standard,No,No,3,Cash,Monthly,2025-04-28
3874,42,Female,3874,Sandals,Footwear,"4,847",$43.00,Louisiana,L,Silver,Summer,4,No,Standard,No,No,22,Credit Card,Weekly,2025-06-03
3875,70,Female,3875,Sweater,Clothing,"4,849",$54.00,Nevada,XL,Beige,Summer,3.9,No,2-Day Shipping,No,No,33,Credit Card,Bi-Weekly,2025-08-10
3876,63,Female,3876,Hat,Accessories,"4,850",$51.00,New Hampshire,M,Pink,Winter,3.3,No,2-Day Shipping,No,No,21,Credit Card,Annually,2025-01-19
3877,60,Female,3877,Shoes,Footwear,"4,851",$85.00,Wisconsin,S,Cyan,Fall,2.6,No,2-Day Shipping,No,No,7,Cash,Annually,2025-11-25
3878,28,Female,3878,Hoodie,Clothing,"4,852",$96.00,Nevada,M,Olive,Spring,4.2,No,Next Day Air,No,No,46,Debit Card,Monthly,2025-04-22
3879,60,Female,3879,Hat,Accessories,"4,853",$42.00,South Carolina,M,Pink,Summer,3.4,No,2-Day Shipping,No,No,24,Credit Card,Annually,2025-07-02
3880,26,Female,3880,Skirt,Clothing,"4,855",$63.00,Florida,L,Maroon,Winter,4.1,No,Free Shipping,No,No,6,Debit Card,Quarterly,2025-01-08
3881,42,Female,3881,Shirt,Clothing,"4,856",$20.00,Massachusetts,M,Red,Winter,3.9,No,Free Shipping,No,No,40,PayPal,Monthly,2025-02-21
3882,56,Female,3882,Scarf,Accessories,"4,857",$25.00,Georgia,L,Silver,Spring,2.8,No,2-Day Shipping,No,No,17,Debit Card,Weekly,2025-03-06
3883,35,Female,3883,Pants,Clothing,"4,858",$95.00,North Dakota,L,Blue,Fall,2.6,No,Free Shipping,No,No,24,Cash,Fortnightly,2025-09-22
3884,34,Female,3884,Hat,Accessories,"4,859",$38.00,North Dakota,XL,Purple,Fall,4,No,Next Day Air,No,No,22,Cash,Fortnightly,2025-09-02
3885,47,Female,3885,Sandals,Footwear,"4,861",$29.00,Maryland,M,Brown,Fall,4.9,No,Express,No,No,3,PayPal,Weekly,2025-09-13
3886,49,Female,3886,Socks,Clothing,"4,862",$64.00,New Mexico,L,Purple,Winter,3.2,No,Free Shipping,No,No,39,Cash,Quarterly,2025-02-27
3887,37,Female,3887,Jewelry,Accessories,"4,863",$92.00,Iowa,S,Brown,Summer,3.9,No,Express,No,No,40,Debit Card,Quarterly,2025-06-25
3888,40,Female,3888,Shirt,Clothing,"4,864",$34.00,Kansas,M,Charcoal,Spring,2.7,No,Express,No,No,1,Credit Card,Quarterly,2025-03-28
3889,45,Female,3889,Sneakers,Footwear,"4,865",$69.00,Virginia,M,Violet,Spring,3.4,No,Standard,No,No,14,Venmo,Bi-Weekly,2025-03-06
3890,57,Female,3890,Dress,Clothing,"4,867",$65.00,Alaska,S,Yellow,Spring,3.5,No,Express,No,No,49,Bank Transfer,Annually,2025-04-14
3891,35,Female,3891,Shirt,Clothing,"4,868",$81.00,Nebraska,XL,Green,Winter,2.6,No,Standard,No,No,33,Debit Card,Annually,2025-01-11
3892,36,Female,3892,Dress,Clothing,"4,869",$30.00,Colorado,L,Peach,Winter,4.7,No,Free Shipping,No,No,6,Bank Transfer,Quarterly,2025-12-21
3893,35,Female,3893,Jewelry,Accessories,"4,870",$86.00,Michigan,L,Indigo,Summer,3.5,No,Standard,No,No,5,PayPal,Fortnightly,2025-07-13
3894,21,Female,3894,Hat,Accessories,"4,871",$64.00,Massachusetts,L,White,Fall,3.3,No,Store Pickup,No,No,29,Bank Transfer,Bi-Weekly,2025-10-26
3895,66,Female,3895,Skirt,Clothing,"4,873",$78.00,Connecticut,L,White,Spring,3.9,No,2-Day Shipping,No,No,44,Credit Card,Every 3 Months,2025-03-16
3896,40,Female,3896,Hoodie,Clothing,"4,874",$28.00,Virginia,L,Turquoise,Summer,4.2,No,2-Day Shipping,No,No,32,Venmo,Weekly,2025-07-18
3897,52,Female,3897,Backpack,Accessories,"4,875",$49.00,Iowa,L,White,Spring,4.5,No,Store Pickup,No,No,41,Bank Transfer,Bi-Weekly,2025-03-26
3898,46,Female,3898,Belt,Accessories,"4,876",$33.00,New Jersey,L,Green,Spring,2.9,No,Standard,No,No,24,Venmo,Quarterly,2025-04-08
3899,44,Female,3899,Shoes,Footwear,"4,877",$77.00,Minnesota,S,Brown,Summer,3.8,No,Express,No,No,24,Venmo,Weekly,2025-06-26
3900,52,Female,3900,Handbag,Accessories,"4,879",$81.00,California,M,Beige,Spring,3.1,No,Store Pickup,No,No,33,Venmo,Quarterly,2025-05-24
