customer_id,customer_age,customer_gender,customer_location,customer_subscription,customer_purchase count,customer_purchase frequency
1,55,Male,Kentucky,1,14,Fortnightly
2,19,Male,Maine,1,2,Fortnightly
3,50,Male,Massachusetts,1,23,Weekly
4,21,Male,Rhode Island,1,49,Weekly
5,45,Male,Oregon,1,31,Annually
6,46,Male,Wyoming,1,14,Weekly
7,63,Male,Montana,1,49,Quarterly
8,27,Male,Louisiana,1,19,Weekly
9,26,Male,West Virginia,1,8,Annually
10,57,Male,Missouri,1,4,Quarterly
11,53,Male,Arkansas,1,26,Bi-Weekly
12,30,Male,Hawaii,1,10,Fortnightly
13,61,Male,Delaware,1,37,Fortnightly
14,65,Male,New Hampshire,1,31,Weekly
15,64,Male,New York,1,34,Weekly
16,64,Male,Rhode Island,1,8,Monthly
17,25,Male,Alabama,1,44,Bi-Weekly
18,53,Male,Mississippi,1,36,Quarterly
19,52,Male,Montana,1,17,Weekly
20,66,Male,Rhode Island,1,46,Bi-Weekly
21,21,Male,Louisiana,1,50,Every 3 Months
22,31,Male,North Carolina,1,22,Quarterly
23,56,Male,California,1,32,Annually
24,31,Male,Oklahoma,1,40,Weekly
25,18,Male,Florida,1,16,Weekly
26,18,Male,Texas,1,14,Annually
27,38,Male,Nevada,1,13,Annually
28,56,Male,Kentucky,1,7,Every 3 Months
29,54,Male,North Carolina,1,41,Every 3 Months
30,31,Male,Wyoming,1,14,Weekly
31,57,Male,North Carolina,1,16,Monthly
32,33,Male,West Virginia,1,45,Monthly
33,36,Male,Kansas,1,37,Annually
34,54,Male,Colorado,1,45,Quarterly
35,36,Male,North Dakota,1,38,Quarterly
36,54,Male,Massachusetts,1,48,Bi-Weekly
37,35,Male,Illinois,1,44,Fortnightly
38,35,Male,Indiana,1,10,Weekly
39,29,Male,Florida,1,44,Every 3 Months
40,70,Male,Arizona,1,18,Monthly
41,69,Male,Louisiana,1,31,Quarterly
42,67,Male,Alaska,1,40,Annually
43,20,Male,Tennessee,1,15,Annually
44,25,Male,Ohio,1,19,Fortnightly
45,39,Male,Kentucky,1,45,Weekly
46,50,Male,Tennessee,1,25,Annually
47,57,Male,California,1,45,Quarterly
48,55,Male,Montana,1,36,Weekly
49,42,Male,Nevada,1,38,Monthly
50,68,Male,New Jersey,1,34,Bi-Weekly
51,49,Male,Maryland,1,39,Bi-Weekly
52,59,Male,Vermont,1,7,Quarterly
53,42,Male,Alaska,1,26,Weekly
54,29,Male,Mississippi,1,35,Weekly
55,47,Male,New Mexico,1,35,Bi-Weekly
56,40,Male,South Carolina,1,49,Annually
57,41,Male,Mississippi,1,46,Weekly
58,21,Male,West Virginia,1,17,Fortnightly
59,69,Male,Missouri,1,29,Monthly
60,63,Male,Louisiana,1,4,Weekly
61,50,Male,Idaho,1,17,Weekly
62,55,Male,Texas,1,21,Every 3 Months
63,30,Male,Mississippi,1,31,Fortnightly
64,33,Male,Arizona,1,43,Weekly
65,65,Male,Alabama,1,18,Fortnightly
66,65,Male,New Jersey,1,44,Every 3 Months
67,31,Male,Pennsylvania,1,3,Every 3 Months
68,45,Male,Connecticut,1,49,Monthly
69,57,Male,Utah,1,21,Every 3 Months
70,48,Male,Tennessee,1,5,Weekly
71,22,Male,Alabama,1,32,Every 3 Months
72,36,Male,Virginia,1,34,Annually
73,18,Male,Georgia,1,21,Every 3 Months
74,48,Male,Hawaii,1,43,Bi-Weekly
75,49,Male,Indiana,1,3,Monthly
76,64,Male,Utah,1,21,Annually
77,50,Male,Delaware,1,32,Monthly
78,22,Male,Delaware,1,36,Fortnightly
79,50,Male,Nebraska,1,50,Fortnightly
80,38,Male,Iowa,1,43,Every 3 Months
81,19,Male,New York,1,24,Every 3 Months
82,67,Male,Virginia,1,36,Every 3 Months
83,19,Male,Georgia,1,21,Every 3 Months
84,36,Male,Texas,1,34,Weekly
85,52,Male,Arizona,1,42,Every 3 Months
86,53,Male,New Mexico,1,2,Bi-Weekly
87,24,Male,Nevada,1,47,Bi-Weekly
88,52,Male,Ohio,1,44,Fortnightly
89,33,Male,Wyoming,1,35,Monthly
90,47,Male,California,1,15,Quarterly
91,25,Male,South Carolina,1,29,Monthly
92,44,Male,South Carolina,1,18,Every 3 Months
93,61,Male,Texas,1,13,Every 3 Months
94,37,Male,Florida,1,46,Weekly
95,58,Male,Nevada,1,28,Weekly
96,37,Male,Missouri,1,48,Monthly
97,32,Male,Delaware,1,43,Every 3 Months
98,21,Male,Virginia,1,37,Annually
99,20,Male,New York,1,20,Annually
100,26,Male,Missouri,1,33,Quarterly
101,62,Male,South Dakota,1,31,Fortnightly
102,27,Male,North Dakota,1,50,Bi-Weekly
103,51,Male,Oklahoma,1,35,Quarterly
104,54,Male,West Virginia,1,22,Bi-Weekly
105,55,Male,New Hampshire,1,1,Monthly
106,69,Male,New York,1,4,Annually
107,64,Male,Minnesota,1,31,Monthly
108,28,Male,Maryland,1,46,Fortnightly
109,70,Male,Montana,1,32,Bi-Weekly
110,58,Male,Alabama,1,43,Fortnightly
111,56,Male,New York,1,26,Fortnightly
112,26,Male,Massachusetts,1,9,Annually
113,37,Male,Florida,1,28,Bi-Weekly
114,44,Male,New Jersey,1,20,Quarterly
115,70,Male,Massachusetts,1,9,Weekly
116,53,Male,Wyoming,1,48,Every 3 Months
117,55,Male,Virginia,1,12,Annually
118,50,Male,South Dakota,1,29,Fortnightly
119,50,Male,Kentucky,1,27,Bi-Weekly
120,38,Male,Wyoming,1,44,Annually
121,64,Male,West Virginia,1,32,Annually
122,19,Male,Virginia,1,11,Fortnightly
123,40,Male,Washington,1,44,Fortnightly
124,57,Male,Louisiana,1,46,Weekly
125,44,Male,Nevada,1,50,Annually
126,49,Male,California,1,45,Every 3 Months
127,43,Male,Mississippi,1,48,Every 3 Months
128,24,Male,Mississippi,1,26,Weekly
129,20,Male,California,1,21,Fortnightly
130,24,Male,Pennsylvania,1,49,Bi-Weekly
131,44,Male,Kentucky,1,13,Fortnightly
132,28,Male,Maine,1,46,Weekly
133,30,Male,New Mexico,1,42,Weekly
134,52,Male,Montana,1,25,Annually
135,43,Male,Texas,1,25,Monthly
136,43,Male,Kansas,1,12,Quarterly
137,39,Male,South Carolina,1,4,Quarterly
138,68,Male,Colorado,1,38,Weekly
139,68,Male,Georgia,1,42,Weekly
140,49,Male,Florida,1,30,Annually
141,63,Male,North Carolina,1,50,Weekly
142,56,Male,Virginia,1,45,Weekly
143,37,Male,Nebraska,1,33,Fortnightly
144,30,Male,Missouri,1,25,Quarterly
145,19,Male,New Jersey,1,25,Monthly
146,24,Male,Missouri,1,44,Quarterly
147,52,Male,Colorado,1,21,Fortnightly
148,63,Male,Idaho,1,31,Fortnightly
149,37,Male,Wyoming,1,47,Annually
150,38,Male,Delaware,1,14,Monthly
151,35,Male,California,1,17,Every 3 Months
152,28,Male,North Dakota,1,3,Annually
153,30,Male,South Carolina,1,42,Annually
154,69,Male,North Carolina,1,22,Annually
155,41,Male,Oklahoma,1,21,Quarterly
156,63,Male,Maine,1,21,Quarterly
157,35,Male,Missouri,1,40,Annually
158,36,Male,Vermont,1,1,Fortnightly
159,25,Male,Connecticut,1,50,Monthly
160,58,Male,New Hampshire,1,39,Every 3 Months
161,27,Male,Texas,1,34,Monthly
162,65,Male,North Dakota,1,29,Fortnightly
163,54,Male,California,1,31,Bi-Weekly
164,54,Male,Virginia,1,8,Weekly
165,59,Male,Delaware,1,5,Fortnightly
166,42,Male,Kentucky,1,7,Monthly
167,46,Male,Delaware,1,30,Monthly
168,33,Male,Arkansas,1,14,Every 3 Months
169,34,Male,Louisiana,1,5,Fortnightly
170,27,Male,Nevada,1,3,Every 3 Months
171,52,Male,Wyoming,1,46,Bi-Weekly
172,29,Male,Virginia,1,4,Weekly
173,54,Male,Nebraska,1,42,Bi-Weekly
174,25,Male,Hawaii,1,30,Annually
175,41,Male,Vermont,1,37,Annually
176,53,Male,Oklahoma,1,2,Annually
177,53,Male,New Hampshire,1,30,Quarterly
178,21,Male,Kansas,1,47,Monthly
179,61,Male,Idaho,1,21,Quarterly
180,64,Male,Illinois,1,9,Fortnightly
181,51,Male,South Dakota,1,12,Fortnightly
182,32,Male,Massachusetts,1,4,Weekly
183,38,Male,Alabama,1,10,Annually
184,58,Male,Ohio,1,26,Weekly
185,32,Male,Hawaii,1,40,Fortnightly
186,46,Male,Wisconsin,1,34,Fortnightly
187,39,Male,Minnesota,1,31,Annually
188,19,Male,Georgia,1,1,Bi-Weekly
189,50,Male,Arkansas,1,5,Bi-Weekly
190,36,Male,West Virginia,1,4,Weekly
191,65,Male,Indiana,1,48,Quarterly
192,64,Male,Utah,1,29,Every 3 Months
193,46,Male,Nebraska,1,12,Bi-Weekly
194,36,Male,North Dakota,1,29,Annually
195,51,Male,Missouri,1,15,Quarterly
196,51,Male,New York,1,34,Monthly
197,38,Male,Washington,1,41,Fortnightly
198,59,Male,South Carolina,1,41,Monthly
199,57,Male,Utah,1,39,Fortnightly
200,54,Male,Idaho,1,32,Weekly
201,25,Male,Pennsylvania,1,29,Monthly
202,69,Male,Missouri,1,15,Annually
203,57,Male,Nebraska,1,33,Annually
204,70,Male,Indiana,1,18,Weekly
205,24,Male,Arizona,1,35,Bi-Weekly
206,67,Male,Hawaii,1,25,Weekly
207,24,Male,Wisconsin,1,6,Fortnightly
208,62,Male,Rhode Island,1,17,Bi-Weekly
209,57,Male,Wisconsin,1,17,Monthly
210,55,Male,Minnesota,1,44,Every 3 Months
211,45,Male,Vermont,1,6,Fortnightly
212,69,Male,South Dakota,1,45,Fortnightly
213,67,Male,Virginia,1,7,Annually
214,30,Male,Nevada,1,11,Every 3 Months
215,24,Male,Hawaii,1,41,Every 3 Months
216,62,Male,New Jersey,1,24,Bi-Weekly
217,43,Male,Massachusetts,1,21,Weekly
218,35,Male,Oklahoma,1,24,Annually
219,28,Male,California,1,8,Quarterly
220,32,Male,Nevada,1,12,Fortnightly
221,39,Male,Arizona,1,48,Fortnightly
222,28,Male,North Carolina,1,6,Quarterly
223,47,Male,New York,1,14,Fortnightly
224,20,Male,Wyoming,1,34,Annually
225,63,Male,South Dakota,1,12,Every 3 Months
226,25,Male,Arkansas,1,11,Annually
227,29,Male,Texas,1,5,Monthly
228,50,Male,Rhode Island,1,25,Fortnightly
229,18,Male,New Hampshire,1,11,Annually
230,70,Male,Ohio,1,27,Every 3 Months
231,66,Male,Utah,1,43,Annually
232,28,Male,Tennessee,1,18,Every 3 Months
233,54,Male,Hawaii,1,32,Bi-Weekly
234,19,Male,Arizona,1,27,Every 3 Months
235,20,Male,South Dakota,1,24,Weekly
236,43,Male,New Jersey,1,31,Quarterly
237,38,Male,North Dakota,1,39,Fortnightly
238,50,Male,Iowa,1,36,Fortnightly
239,64,Male,Ohio,1,5,Annually
240,49,Male,Vermont,1,47,Bi-Weekly
241,47,Male,Montana,1,29,Fortnightly
242,36,Male,Delaware,1,43,Bi-Weekly
243,55,Male,New York,1,40,Every 3 Months
244,25,Male,Kentucky,1,4,Monthly
245,53,Male,Oregon,1,39,Weekly
246,49,Male,Rhode Island,1,45,Fortnightly
247,35,Male,Nevada,1,20,Bi-Weekly
248,29,Male,Montana,1,14,Weekly
249,47,Male,Pennsylvania,1,33,Weekly
250,53,Male,Alaska,1,18,Annually
251,33,Male,Mississippi,1,9,Weekly
252,21,Male,Wyoming,1,34,Annually
253,32,Male,Delaware,1,33,Fortnightly
254,52,Male,Oklahoma,1,15,Bi-Weekly
255,67,Male,Indiana,1,4,Bi-Weekly
256,43,Male,Maryland,1,25,Annually
257,58,Male,South Dakota,1,20,Every 3 Months
258,20,Male,West Virginia,1,5,Quarterly
259,61,Male,Alabama,1,16,Quarterly
260,32,Male,Louisiana,1,13,Annually
261,38,Male,Montana,1,11,Every 3 Months
262,21,Male,California,1,21,Annually
263,37,Male,Hawaii,1,6,Annually
264,27,Male,Iowa,1,29,Monthly
265,36,Male,Colorado,1,15,Annually
266,32,Male,Michigan,1,17,Bi-Weekly
267,51,Male,Louisiana,1,32,Weekly
268,64,Male,Maryland,1,42,Annually
269,68,Male,Georgia,1,21,Monthly
270,68,Male,Georgia,1,9,Bi-Weekly
271,33,Male,North Dakota,1,16,Annually
272,65,Male,Maryland,1,42,Fortnightly
273,48,Male,Oregon,1,37,Bi-Weekly
274,69,Male,North Dakota,1,32,Quarterly
275,59,Male,Maryland,1,28,Bi-Weekly
276,48,Male,Virginia,1,13,Weekly
277,25,Male,South Dakota,1,11,Fortnightly
278,29,Male,Georgia,1,36,Bi-Weekly
279,57,Male,Hawaii,1,23,Annually
280,23,Male,Arkansas,1,37,Monthly
281,45,Male,Montana,1,21,Bi-Weekly
282,38,Male,Oklahoma,1,22,Bi-Weekly
283,21,Male,Minnesota,1,9,Monthly
284,32,Male,Montana,1,16,Annually
285,63,Male,Ohio,1,4,Quarterly
286,29,Male,Kentucky,1,3,Bi-Weekly
287,27,Male,Nebraska,1,6,Annually
288,56,Male,Delaware,1,18,Fortnightly
289,30,Male,North Carolina,1,34,Bi-Weekly
290,49,Male,New York,1,26,Monthly
291,58,Male,Colorado,1,50,Weekly
292,57,Male,Delaware,1,40,Monthly
293,60,Male,Utah,1,24,Quarterly
294,69,Male,Connecticut,1,33,Annually
295,70,Male,New Jersey,1,19,Every 3 Months
296,53,Male,West Virginia,1,24,Quarterly
297,25,Male,Indiana,1,19,Weekly
298,48,Male,Delaware,1,4,Bi-Weekly
299,69,Male,Maryland,1,11,Every 3 Months
300,25,Male,Pennsylvania,1,28,Fortnightly
301,29,Male,Iowa,1,24,Weekly
302,46,Male,Pennsylvania,1,25,Every 3 Months
303,37,Male,Delaware,1,27,Every 3 Months
304,20,Male,Oregon,1,49,Weekly
305,40,Male,Oregon,1,45,Bi-Weekly
306,60,Male,Utah,1,26,Annually
307,26,Male,North Dakota,1,4,Annually
308,29,Male,Florida,1,3,Every 3 Months
309,66,Male,Maryland,1,45,Bi-Weekly
310,66,Male,Minnesota,1,21,Fortnightly
311,56,Male,Montana,1,50,Fortnightly
312,69,Male,Rhode Island,1,19,Monthly
313,38,Male,Massachusetts,1,6,Annually
314,42,Male,Vermont,1,50,Every 3 Months
315,30,Male,New Jersey,1,17,Every 3 Months
316,66,Male,Wisconsin,1,24,Annually
317,36,Male,California,1,46,Monthly
318,58,Male,West Virginia,1,42,Every 3 Months
319,45,Male,South Dakota,1,10,Annually
320,47,Male,Maine,1,1,Every 3 Months
321,66,Male,Kansas,1,28,Quarterly
322,41,Male,Vermont,1,48,Quarterly
323,41,Male,Tennessee,1,47,Monthly
324,66,Male,Tennessee,1,29,Bi-Weekly
325,37,Male,Wyoming,1,37,Quarterly
326,70,Male,Vermont,1,38,Annually
327,62,Male,New Jersey,1,48,Weekly
328,61,Male,Iowa,1,36,Weekly
329,48,Male,Florida,1,9,Weekly
330,70,Male,Nevada,1,34,Monthly
331,46,Male,North Dakota,1,43,Bi-Weekly
332,31,Male,Florida,1,46,Quarterly
333,19,Male,New York,1,5,Monthly
334,39,Male,Alaska,1,15,Bi-Weekly
335,41,Male,Kansas,1,30,Annually
336,20,Male,Oregon,1,44,Every 3 Months
337,36,Male,Rhode Island,1,16,Annually
338,32,Male,New Mexico,1,16,Annually
339,69,Male,Massachusetts,1,16,Weekly
340,40,Male,Pennsylvania,1,21,Every 3 Months
341,40,Male,New Jersey,1,39,Every 3 Months
342,20,Male,Utah,1,40,Bi-Weekly
343,64,Male,Kentucky,1,48,Every 3 Months
344,27,Male,Nebraska,1,26,Monthly
345,24,Male,Virginia,1,46,Monthly
346,48,Male,Wyoming,1,27,Annually
347,49,Male,New Mexico,1,5,Weekly
348,36,Male,Oregon,1,43,Fortnightly
349,56,Male,South Carolina,1,17,Fortnightly
350,37,Male,Arizona,1,3,Bi-Weekly
351,42,Male,Kentucky,1,47,Fortnightly
352,28,Male,New York,1,24,Bi-Weekly
353,27,Male,Texas,1,12,Every 3 Months
354,63,Male,Missouri,1,35,Monthly
355,58,Male,Pennsylvania,1,42,Weekly
356,37,Male,Oregon,1,1,Every 3 Months
357,56,Male,Nevada,1,27,Weekly
358,18,Male,Arkansas,1,16,Bi-Weekly
359,48,Male,Minnesota,1,36,Every 3 Months
360,31,Male,Georgia,1,30,Every 3 Months
361,51,Male,Rhode Island,1,18,Fortnightly
362,65,Male,Nevada,1,45,Annually
363,53,Male,Texas,1,1,Fortnightly
364,55,Male,Florida,1,42,Fortnightly
365,62,Male,North Dakota,1,7,Every 3 Months
366,55,Male,West Virginia,1,50,Quarterly
367,64,Male,Nebraska,1,37,Fortnightly
368,52,Male,Tennessee,1,18,Monthly
369,24,Male,Oklahoma,1,29,Monthly
370,38,Male,Wisconsin,1,45,Quarterly
371,59,Male,Oregon,1,13,Weekly
372,27,Male,North Carolina,1,47,Monthly
373,24,Male,Pennsylvania,1,7,Weekly
374,23,Male,North Dakota,1,11,Bi-Weekly
375,69,Male,Ohio,1,39,Monthly
376,59,Male,Oklahoma,1,6,Quarterly
377,51,Male,South Carolina,1,2,Bi-Weekly
378,63,Male,Maine,1,39,Every 3 Months
379,54,Male,Nevada,1,23,Monthly
380,32,Male,Montana,1,46,Bi-Weekly
381,39,Male,New Hampshire,1,19,Weekly
382,66,Male,Maine,1,3,Every 3 Months
383,28,Male,California,1,47,Quarterly
384,50,Male,West Virginia,1,6,Quarterly
385,70,Male,California,1,6,Annually
386,67,Male,West Virginia,1,12,Bi-Weekly
387,64,Male,Louisiana,1,40,Quarterly
388,45,Male,Georgia,1,38,Fortnightly
389,22,Male,Washington,1,10,Quarterly
390,27,Male,Virginia,1,28,Monthly
391,25,Male,Indiana,1,19,Annually
392,37,Male,Minnesota,1,25,Fortnightly
393,26,Male,Idaho,1,38,Annually
394,33,Male,Vermont,1,6,Fortnightly
395,43,Male,North Dakota,1,7,Bi-Weekly
396,37,Male,Rhode Island,1,2,Annually
397,46,Male,South Carolina,1,24,Annually
398,22,Male,Mississippi,1,26,Annually
399,20,Male,Montana,1,25,Every 3 Months
400,60,Male,Idaho,1,10,Monthly
401,39,Male,Utah,1,14,Fortnightly
402,43,Male,Oklahoma,1,21,Quarterly
403,31,Male,California,1,26,Monthly
404,19,Male,Nevada,1,12,Annually
405,35,Male,Delaware,1,11,Monthly
406,41,Male,South Carolina,1,15,Annually
407,52,Male,Maryland,1,13,Monthly
408,45,Male,North Carolina,1,5,Bi-Weekly
409,34,Male,Alabama,1,36,Fortnightly
410,35,Male,Minnesota,1,32,Monthly
411,29,Male,Virginia,1,1,Quarterly
412,59,Male,Michigan,1,15,Annually
413,24,Male,Maine,1,3,Weekly
414,70,Male,Nevada,1,48,Monthly
415,29,Male,Wyoming,1,30,Weekly
416,67,Male,Connecticut,1,40,Monthly
417,36,Male,Oregon,1,24,Fortnightly
418,23,Male,Mississippi,1,48,Quarterly
419,18,Male,Illinois,1,27,Bi-Weekly
420,53,Male,Utah,1,14,Every 3 Months
421,32,Male,North Carolina,1,18,Bi-Weekly
422,38,Male,Kentucky,1,48,Bi-Weekly
423,47,Male,Minnesota,1,32,Annually
424,46,Male,New York,1,21,Bi-Weekly
425,66,Male,Illinois,1,42,Fortnightly
426,40,Male,North Dakota,1,4,Quarterly
427,43,Male,Louisiana,1,19,Quarterly
428,58,Male,Illinois,1,6,Quarterly
429,21,Male,Wyoming,1,2,Fortnightly
430,42,Male,Washington,1,21,Fortnightly
431,24,Male,Texas,1,40,Annually
432,43,Male,New Hampshire,1,33,Fortnightly
433,47,Male,Indiana,1,26,Weekly
434,49,Male,Alabama,1,23,Fortnightly
435,50,Male,Oklahoma,1,39,Every 3 Months
436,51,Male,Montana,1,42,Monthly
437,40,Male,Tennessee,1,41,Weekly
438,45,Male,New Mexico,1,41,Annually
439,52,Male,Iowa,1,12,Fortnightly
440,62,Male,Idaho,1,31,Monthly
441,20,Male,Oklahoma,1,34,Fortnightly
442,43,Male,Florida,1,32,Annually
443,29,Male,Michigan,1,31,Quarterly
444,22,Male,Hawaii,1,24,Annually
445,48,Male,California,1,31,Annually
446,42,Male,Iowa,1,18,Annually
447,19,Male,West Virginia,1,15,Monthly
448,60,Male,Washington,1,7,Every 3 Months
449,32,Male,Missouri,1,35,Fortnightly
450,26,Male,New York,1,35,Monthly
451,25,Male,Connecticut,1,19,Monthly
452,66,Male,Virginia,1,26,Fortnightly
453,45,Male,Missouri,1,39,Fortnightly
454,54,Male,Nebraska,1,22,Weekly
455,37,Male,New Jersey,1,14,Bi-Weekly
456,54,Male,Utah,1,50,Fortnightly
457,50,Male,North Carolina,1,33,Quarterly
458,25,Male,Rhode Island,1,48,Every 3 Months
459,47,Male,Arkansas,1,48,Monthly
460,63,Male,Maryland,1,27,Fortnightly
461,64,Male,South Carolina,1,27,Weekly
462,18,Male,Ohio,1,20,Weekly
463,59,Male,Illinois,1,48,Every 3 Months
464,37,Male,Georgia,1,29,Weekly
465,23,Male,Alabama,1,45,Monthly
466,54,Male,Oklahoma,1,25,Quarterly
467,38,Male,Vermont,1,25,Weekly
468,19,Male,Nebraska,1,37,Every 3 Months
469,34,Male,Georgia,1,16,Quarterly
470,21,Male,Alabama,1,30,Bi-Weekly
471,50,Male,Minnesota,1,6,Every 3 Months
472,55,Male,Missouri,1,36,Quarterly
473,20,Male,Georgia,1,3,Quarterly
474,34,Male,West Virginia,1,29,Every 3 Months
475,62,Male,Arkansas,1,15,Quarterly
476,21,Male,Ohio,1,18,Annually
477,21,Male,Connecticut,1,2,Fortnightly
478,42,Male,North Dakota,1,49,Weekly
479,35,Male,Kansas,1,48,Annually
480,39,Male,Iowa,1,43,Monthly
481,68,Male,Vermont,1,30,Bi-Weekly
482,46,Male,Wisconsin,1,10,Fortnightly
483,41,Male,Connecticut,1,11,Annually
484,23,Male,Oklahoma,1,12,Weekly
485,68,Male,Missouri,1,28,Quarterly
486,48,Male,Tennessee,1,36,Fortnightly
487,38,Male,New Mexico,1,37,Every 3 Months
488,41,Male,Iowa,1,22,Quarterly
489,58,Male,Maine,1,32,Weekly
490,49,Male,South Dakota,1,40,Annually
491,57,Male,Colorado,1,47,Monthly
492,49,Male,Vermont,1,24,Bi-Weekly
493,50,Male,Michigan,1,11,Weekly
494,28,Male,Nevada,1,19,Bi-Weekly
495,38,Male,Indiana,1,42,Weekly
496,33,Male,Michigan,1,6,Fortnightly
497,30,Male,California,1,31,Fortnightly
498,43,Male,Oklahoma,1,31,Weekly
499,43,Male,Iowa,1,27,Monthly
500,36,Male,Rhode Island,1,24,Monthly
501,36,Male,Washington,1,35,Every 3 Months
502,64,Male,Florida,1,21,Annually
503,59,Male,South Carolina,1,8,Fortnightly
504,55,Male,West Virginia,1,26,Quarterly
505,42,Male,Missouri,1,26,Annually
506,61,Male,Maine,1,9,Bi-Weekly
507,28,Male,Georgia,1,48,Annually
508,65,Male,Maine,1,33,Fortnightly
509,27,Male,Illinois,1,31,Quarterly
510,41,Male,Delaware,1,17,Weekly
511,21,Male,West Virginia,1,22,Annually
512,61,Male,Hawaii,1,8,Annually
513,19,Male,New York,1,2,Monthly
514,22,Male,New Mexico,1,45,Annually
515,64,Male,Indiana,1,47,Quarterly
516,28,Male,Kentucky,1,7,Monthly
517,34,Male,West Virginia,1,19,Bi-Weekly
518,61,Male,North Dakota,1,44,Every 3 Months
519,24,Male,Oregon,1,16,Every 3 Months
520,19,Male,Minnesota,1,17,Quarterly
521,51,Male,South Carolina,1,20,Quarterly
522,36,Male,Vermont,1,50,Annually
523,65,Male,Minnesota,1,37,Quarterly
524,46,Male,Delaware,1,5,Quarterly
525,59,Male,Pennsylvania,1,44,Annually
526,51,Male,Iowa,1,41,Monthly
527,51,Male,New Jersey,1,19,Monthly
528,21,Male,South Carolina,1,47,Every 3 Months
529,34,Male,Maryland,1,40,Annually
530,32,Male,California,1,6,Monthly
531,48,Male,Montana,1,25,Bi-Weekly
532,50,Male,Vermont,1,42,Weekly
533,26,Male,Texas,1,35,Every 3 Months
534,57,Male,North Carolina,1,17,Weekly
535,65,Male,Florida,1,4,Quarterly
536,56,Male,West Virginia,1,24,Weekly
537,44,Male,Illinois,1,16,Every 3 Months
538,50,Male,Virginia,1,14,Annually
539,27,Male,Virginia,1,43,Weekly
540,49,Male,Wyoming,1,49,Weekly
541,49,Male,South Carolina,1,33,Every 3 Months
542,52,Male,Connecticut,1,45,Bi-Weekly
543,27,Male,Illinois,1,35,Bi-Weekly
544,53,Male,Alabama,1,11,Monthly
545,34,Male,Washington,1,30,Every 3 Months
546,33,Male,Alabama,1,48,Annually
547,62,Male,New Mexico,1,45,Bi-Weekly
548,38,Male,Nevada,1,26,Weekly
549,36,Male,Nebraska,1,41,Every 3 Months
550,31,Male,Arizona,1,37,Bi-Weekly
551,62,Male,Georgia,1,12,Weekly
552,29,Male,Idaho,1,27,Bi-Weekly
553,24,Male,Missouri,1,18,Weekly
554,63,Male,Florida,1,15,Quarterly
555,56,Male,Minnesota,1,34,Weekly
556,63,Male,Maine,1,37,Annually
557,40,Male,Montana,1,21,Fortnightly
558,18,Male,Alaska,1,31,Weekly
559,50,Male,Iowa,1,43,Every 3 Months
560,66,Male,Arizona,1,22,Monthly
561,25,Male,Louisiana,1,12,Annually
562,65,Male,Alabama,1,25,Fortnightly
563,53,Male,Missouri,1,40,Annually
564,61,Male,Idaho,1,16,Quarterly
565,67,Male,Florida,1,30,Weekly
566,59,Male,Idaho,1,10,Weekly
567,55,Male,Alabama,1,1,Fortnightly
568,21,Male,New Hampshire,1,24,Fortnightly
569,44,Male,Utah,1,36,Monthly
570,65,Male,Alabama,1,46,Every 3 Months
571,65,Male,Iowa,1,20,Annually
572,54,Male,Kentucky,1,37,Weekly
573,56,Male,South Carolina,1,26,Annually
574,58,Male,California,1,23,Bi-Weekly
575,54,Male,Maine,1,20,Bi-Weekly
576,58,Male,Nebraska,1,38,Monthly
577,48,Male,Washington,1,5,Every 3 Months
578,19,Male,Alabama,1,41,Annually
579,69,Male,Maine,1,22,Fortnightly
580,58,Male,California,1,48,Annually
581,49,Male,Iowa,1,10,Weekly
582,32,Male,Iowa,1,12,Every 3 Months
583,40,Male,Colorado,1,2,Quarterly
584,25,Male,California,1,38,Monthly
585,70,Male,Indiana,1,20,Monthly
586,69,Male,South Carolina,1,5,Every 3 Months
587,45,Male,Wisconsin,1,9,Annually
588,29,Male,Washington,1,48,Every 3 Months
589,47,Male,South Dakota,1,9,Quarterly
590,28,Male,Minnesota,1,40,Annually
591,64,Male,Alaska,1,30,Fortnightly
592,47,Male,Kentucky,1,6,Bi-Weekly
593,60,Male,North Dakota,1,42,Every 3 Months
594,67,Male,Alaska,1,9,Every 3 Months
595,35,Male,Oklahoma,1,6,Monthly
596,30,Male,Delaware,1,47,Quarterly
597,23,Male,Montana,1,36,Annually
598,70,Male,Alaska,1,19,Fortnightly
599,21,Male,California,1,30,Every 3 Months
600,51,Male,Massachusetts,1,27,Every 3 Months
601,22,Male,South Carolina,1,25,Monthly
602,32,Male,West Virginia,1,5,Fortnightly
603,37,Male,Oregon,1,10,Every 3 Months
604,31,Male,Massachusetts,1,26,Every 3 Months
605,44,Male,West Virginia,1,11,Every 3 Months
606,40,Male,California,1,17,Weekly
607,27,Male,Colorado,1,44,Monthly
608,47,Male,Indiana,1,44,Monthly
609,41,Male,Delaware,1,21,Every 3 Months
610,51,Male,Ohio,1,49,Fortnightly
611,53,Male,Oklahoma,1,27,Every 3 Months
612,43,Male,California,1,19,Monthly
613,67,Male,New Hampshire,1,33,Quarterly
614,61,Male,Pennsylvania,1,46,Bi-Weekly
615,68,Male,Idaho,1,21,Bi-Weekly
616,67,Male,Maryland,1,23,Annually
617,29,Male,Pennsylvania,1,38,Every 3 Months
618,50,Male,Colorado,1,2,Quarterly
619,61,Male,Indiana,1,21,Bi-Weekly
620,19,Male,Nebraska,1,1,Every 3 Months
621,33,Male,Rhode Island,1,10,Every 3 Months
622,51,Male,Kansas,1,45,Weekly
623,69,Male,Georgia,1,44,Fortnightly
624,19,Male,Nevada,1,48,Bi-Weekly
625,55,Male,South Carolina,1,21,Annually
626,49,Male,Delaware,1,1,Weekly
627,31,Male,New Hampshire,1,10,Annually
628,42,Male,Oregon,1,24,Monthly
629,69,Male,Massachusetts,1,29,Monthly
630,26,Male,Vermont,1,11,Annually
631,41,Male,Mississippi,1,33,Annually
632,55,Male,Washington,1,27,Fortnightly
633,35,Male,Wyoming,1,19,Fortnightly
634,66,Male,Minnesota,1,50,Quarterly
635,36,Male,Ohio,1,46,Weekly
636,27,Male,South Carolina,1,28,Quarterly
637,41,Male,Wisconsin,1,14,Every 3 Months
638,21,Male,Tennessee,1,46,Fortnightly
639,53,Male,Maryland,1,41,Monthly
640,54,Male,Mississippi,1,50,Annually
641,53,Male,Minnesota,1,28,Fortnightly
642,47,Male,Alaska,1,23,Every 3 Months
643,64,Male,Arkansas,1,14,Bi-Weekly
644,18,Male,Oregon,1,10,Every 3 Months
645,68,Male,Louisiana,1,37,Weekly
646,62,Male,Oklahoma,1,15,Bi-Weekly
647,51,Male,Indiana,1,19,Bi-Weekly
648,54,Male,Mississippi,1,23,Fortnightly
649,22,Male,Michigan,1,35,Weekly
650,53,Male,Delaware,1,33,Every 3 Months
651,34,Male,Florida,1,12,Annually
652,32,Male,Arkansas,1,41,Fortnightly
653,64,Male,Minnesota,1,27,Weekly
654,20,Male,North Dakota,1,45,Fortnightly
655,24,Male,California,1,23,Annually
656,20,Male,Mississippi,1,19,Monthly
657,42,Male,Pennsylvania,1,6,Quarterly
658,48,Male,Arizona,1,6,Quarterly
659,62,Male,Louisiana,1,20,Weekly
660,62,Male,Virginia,1,8,Weekly
661,50,Male,Montana,1,39,Quarterly
662,57,Male,Iowa,1,39,Quarterly
663,24,Male,Illinois,1,39,Bi-Weekly
664,59,Male,Alaska,1,23,Monthly
665,63,Male,Colorado,1,41,Bi-Weekly
666,41,Male,New Mexico,1,50,Annually
667,35,Male,Colorado,1,30,Quarterly
668,34,Male,Arizona,1,32,Quarterly
669,49,Male,Hawaii,1,35,Monthly
670,43,Male,Illinois,1,45,Bi-Weekly
671,63,Male,Louisiana,1,37,Bi-Weekly
672,38,Male,Iowa,1,45,Weekly
673,59,Male,Washington,1,29,Quarterly
674,35,Male,Oklahoma,1,27,Bi-Weekly
675,48,Male,Washington,1,36,Annually
676,64,Male,Arkansas,1,9,Annually
677,28,Male,Connecticut,1,38,Bi-Weekly
678,60,Male,Washington,1,41,Annually
679,27,Male,Maine,1,25,Every 3 Months
680,56,Male,Michigan,1,37,Fortnightly
681,58,Male,Tennessee,1,3,Annually
682,30,Male,Louisiana,1,24,Every 3 Months
683,23,Male,Missouri,1,49,Bi-Weekly
684,33,Male,Michigan,1,3,Monthly
685,63,Male,Alabama,1,42,Monthly
686,70,Male,Massachusetts,1,32,Fortnightly
687,70,Male,Indiana,1,33,Fortnightly
688,19,Male,West Virginia,1,46,Quarterly
689,25,Male,Michigan,1,44,Monthly
690,19,Male,Pennsylvania,1,35,Every 3 Months
691,25,Male,Alaska,1,45,Weekly
692,60,Male,Massachusetts,1,37,Bi-Weekly
693,35,Male,North Dakota,1,40,Every 3 Months
694,46,Male,Vermont,1,30,Every 3 Months
695,41,Male,Kentucky,1,38,Every 3 Months
696,30,Male,Nevada,1,15,Every 3 Months
697,44,Male,Utah,1,49,Monthly
698,61,Male,North Dakota,1,40,Quarterly
699,55,Male,Iowa,1,40,Weekly
700,50,Male,Connecticut,1,5,Weekly
701,57,Male,Wisconsin,1,5,Monthly
702,51,Male,Idaho,1,5,Every 3 Months
703,18,Male,Montana,1,1,Weekly
704,63,Male,Connecticut,1,21,Weekly
705,34,Male,Idaho,1,18,Annually
706,25,Male,Arkansas,1,49,Quarterly
707,46,Male,Iowa,1,27,Weekly
708,59,Male,Louisiana,1,21,Annually
709,37,Male,Kentucky,1,19,Fortnightly
710,49,Male,Massachusetts,1,23,Monthly
711,22,Male,Virginia,1,26,Fortnightly
712,64,Male,New Hampshire,1,13,Bi-Weekly
713,42,Male,New Hampshire,1,36,Quarterly
714,37,Male,Oregon,1,39,Bi-Weekly
715,26,Male,South Dakota,1,40,Fortnightly
716,33,Male,Delaware,1,37,Quarterly
717,30,Male,Missouri,1,9,Bi-Weekly
718,21,Male,Alaska,1,7,Every 3 Months
719,22,Male,Florida,1,25,Annually
720,63,Male,Mississippi,1,42,Bi-Weekly
721,33,Male,New Mexico,1,19,Weekly
722,43,Male,California,1,41,Every 3 Months
723,27,Male,Wyoming,1,50,Bi-Weekly
724,35,Male,Missouri,1,43,Monthly
725,37,Male,New Hampshire,1,36,Every 3 Months
726,61,Male,Texas,1,33,Fortnightly
727,32,Male,North Dakota,1,20,Every 3 Months
728,62,Male,Arkansas,1,37,Every 3 Months
729,29,Male,Nebraska,1,12,Every 3 Months
730,41,Male,Minnesota,1,46,Every 3 Months
731,48,Male,Massachusetts,1,28,Fortnightly
732,43,Male,Arkansas,1,30,Fortnightly
733,34,Male,New Hampshire,1,28,Bi-Weekly
734,45,Male,Rhode Island,1,20,Bi-Weekly
735,65,Male,New Jersey,1,39,Every 3 Months
736,61,Male,Montana,1,48,Bi-Weekly
737,18,Male,Colorado,1,32,Every 3 Months
738,47,Male,Nebraska,1,28,Annually
739,56,Male,Minnesota,1,27,Quarterly
740,64,Male,Minnesota,1,26,Bi-Weekly
741,26,Male,South Dakota,1,22,Fortnightly
742,22,Male,West Virginia,1,23,Every 3 Months
743,64,Male,Nevada,1,21,Quarterly
744,21,Male,North Carolina,1,36,Weekly
745,67,Male,Illinois,1,42,Bi-Weekly
746,46,Male,Michigan,1,4,Monthly
747,40,Male,Michigan,1,47,Annually
748,51,Male,Oklahoma,1,13,Weekly
749,35,Male,South Dakota,1,8,Quarterly
750,56,Male,Oklahoma,1,11,Quarterly
751,25,Male,Maryland,1,5,Annually
752,65,Male,Ohio,1,1,Monthly
753,39,Male,Ohio,1,17,Every 3 Months
754,47,Male,Massachusetts,1,27,Quarterly
755,36,Male,North Carolina,1,3,Quarterly
756,66,Male,Florida,1,22,Weekly
757,62,Male,Montana,1,24,Fortnightly
758,41,Male,Minnesota,1,18,Quarterly
759,66,Male,Massachusetts,1,39,Every 3 Months
760,51,Male,Rhode Island,1,25,Fortnightly
761,33,Male,Minnesota,1,6,Annually
762,57,Male,Nevada,1,26,Weekly
763,45,Male,New Mexico,1,43,Fortnightly
764,61,Male,North Carolina,1,6,Monthly
765,55,Male,Virginia,1,6,Quarterly
766,54,Male,Alaska,1,13,Quarterly
767,57,Male,Nevada,1,13,Monthly
768,27,Male,Pennsylvania,1,11,Annually
769,64,Male,Illinois,1,45,Weekly
770,52,Male,Delaware,1,8,Monthly
771,19,Male,Vermont,1,8,Annually
772,22,Male,Hawaii,1,34,Fortnightly
773,18,Male,Illinois,1,40,Bi-Weekly
774,29,Male,California,1,14,Bi-Weekly
775,42,Male,Nevada,1,11,Quarterly
776,49,Male,Kentucky,1,8,Monthly
777,49,Male,Alabama,1,8,Every 3 Months
778,55,Male,Wyoming,1,37,Weekly
779,29,Male,Massachusetts,1,23,Annually
780,60,Male,Utah,1,38,Annually
781,34,Male,New York,1,38,Quarterly
782,30,Male,Vermont,1,12,Fortnightly
783,28,Male,Hawaii,1,15,Weekly
784,63,Male,Louisiana,1,38,Fortnightly
785,31,Male,Alabama,1,41,Every 3 Months
786,46,Male,Louisiana,1,37,Fortnightly
787,70,Male,Indiana,1,16,Every 3 Months
788,53,Male,Michigan,1,25,Weekly
789,50,Male,Rhode Island,1,18,Quarterly
790,33,Male,Idaho,1,4,Bi-Weekly
791,22,Male,Louisiana,1,12,Quarterly
792,50,Male,North Carolina,1,35,Fortnightly
793,34,Male,New Jersey,1,45,Weekly
794,24,Male,Alabama,1,16,Monthly
795,69,Male,Kentucky,1,10,Fortnightly
796,39,Male,New York,1,34,Annually
797,42,Male,Arizona,1,43,Annually
798,42,Male,Maryland,1,38,Weekly
799,29,Male,Alaska,1,48,Every 3 Months
800,55,Male,Nevada,1,31,Annually
801,32,Male,Utah,1,20,Every 3 Months
802,25,Male,New Mexico,1,12,Fortnightly
803,38,Male,Delaware,1,2,Weekly
804,32,Male,Connecticut,1,30,Every 3 Months
805,43,Male,Mississippi,1,28,Quarterly
806,41,Male,Connecticut,1,40,Monthly
807,56,Male,Florida,1,46,Quarterly
808,27,Male,New York,1,15,Weekly
809,46,Male,Wisconsin,1,38,Every 3 Months
810,48,Male,South Carolina,1,30,Bi-Weekly
811,52,Male,South Dakota,1,32,Bi-Weekly
812,18,Male,Illinois,1,36,Quarterly
813,64,Male,Alaska,1,32,Weekly
814,54,Male,Montana,1,14,Annually
815,31,Male,Minnesota,1,8,Monthly
816,30,Male,West Virginia,1,27,Bi-Weekly
817,26,Male,Illinois,1,24,Monthly
818,25,Male,Nevada,1,30,Fortnightly
819,59,Male,Idaho,1,34,Monthly
820,55,Male,Colorado,1,28,Quarterly
821,56,Male,Louisiana,1,27,Monthly
822,62,Male,Vermont,1,31,Bi-Weekly
823,35,Male,Mississippi,1,23,Annually
824,51,Male,Georgia,1,11,Quarterly
825,61,Male,Georgia,1,48,Quarterly
826,27,Male,Nebraska,1,17,Monthly
827,54,Male,Massachusetts,1,36,Weekly
828,31,Male,Colorado,1,33,Fortnightly
829,24,Male,Nevada,1,27,Bi-Weekly
830,42,Male,Idaho,1,14,Fortnightly
831,41,Male,Wyoming,1,5,Annually
832,66,Male,Washington,1,47,Every 3 Months
833,58,Male,California,1,28,Bi-Weekly
834,43,Male,Oklahoma,1,11,Annually
835,52,Male,Nevada,1,18,Weekly
836,35,Male,Maryland,1,21,Weekly
837,23,Male,West Virginia,1,22,Bi-Weekly
838,25,Male,Illinois,1,33,Every 3 Months
839,33,Male,Kentucky,1,49,Annually
840,48,Male,Illinois,1,10,Every 3 Months
841,42,Male,Alabama,1,18,Weekly
842,55,Male,Texas,1,28,Fortnightly
843,59,Male,Missouri,1,25,Weekly
844,65,Male,Pennsylvania,1,6,Weekly
845,59,Male,Missouri,1,44,Bi-Weekly
846,31,Male,Michigan,1,30,Monthly
847,49,Male,Kentucky,1,42,Quarterly
848,53,Male,New Jersey,1,30,Monthly
849,48,Male,Delaware,1,33,Bi-Weekly
850,23,Male,Missouri,1,24,Quarterly
851,68,Male,Connecticut,1,13,Monthly
852,35,Male,Massachusetts,1,19,Monthly
853,34,Male,Florida,1,23,Every 3 Months
854,62,Male,Delaware,1,35,Monthly
855,21,Male,California,1,22,Monthly
856,70,Male,Oregon,1,14,Quarterly
857,55,Male,Alaska,1,47,Fortnightly
858,43,Male,Missouri,1,50,Every 3 Months
859,19,Male,Oklahoma,1,33,Weekly
860,47,Male,Wisconsin,1,7,Monthly
861,26,Male,South Carolina,1,3,Monthly
862,46,Male,Virginia,1,35,Every 3 Months
863,19,Male,Arkansas,1,13,Fortnightly
864,49,Male,Vermont,1,42,Fortnightly
865,51,Male,Kentucky,1,5,Annually
866,64,Male,Colorado,1,23,Annually
867,67,Male,New Mexico,1,11,Bi-Weekly
868,37,Male,Colorado,1,23,Fortnightly
869,40,Male,North Carolina,1,2,Every 3 Months
870,38,Male,New Hampshire,1,33,Weekly
871,66,Male,West Virginia,1,6,Bi-Weekly
872,47,Male,Hawaii,1,45,Quarterly
873,56,Male,North Dakota,1,25,Quarterly
874,51,Male,Mississippi,1,24,Quarterly
875,25,Male,Maine,1,10,Every 3 Months
876,37,Male,North Dakota,1,7,Every 3 Months
877,41,Male,Nebraska,1,1,Weekly
878,64,Male,Nebraska,1,45,Every 3 Months
879,23,Male,Tennessee,1,37,Weekly
880,62,Male,Wyoming,1,14,Quarterly
881,39,Male,Nevada,1,25,Monthly
882,52,Male,South Carolina,1,18,Annually
883,50,Male,Virginia,1,37,Every 3 Months
884,28,Male,Pennsylvania,1,30,Monthly
885,67,Male,Hawaii,1,34,Weekly
886,41,Male,Ohio,1,49,Every 3 Months
887,19,Male,Utah,1,48,Monthly
888,70,Male,Minnesota,1,33,Fortnightly
889,49,Male,New Hampshire,1,44,Annually
890,59,Male,Arizona,1,50,Weekly
891,52,Male,New York,1,47,Monthly
892,20,Male,Pennsylvania,1,24,Every 3 Months
893,31,Male,New Mexico,1,43,Monthly
894,33,Male,Nebraska,1,14,Monthly
895,44,Male,Wyoming,1,3,Quarterly
896,40,Male,Mississippi,1,33,Quarterly
897,69,Male,Arkansas,1,38,Fortnightly
898,29,Male,Illinois,1,46,Weekly
899,54,Male,Nevada,1,19,Every 3 Months
900,65,Male,Rhode Island,1,20,Annually
901,54,Male,West Virginia,1,42,Quarterly
902,60,Male,Missouri,1,34,Monthly
903,43,Male,Kentucky,1,5,Monthly
904,44,Male,Washington,1,3,Quarterly
905,69,Male,Alaska,1,46,Every 3 Months
906,46,Male,Mississippi,1,16,Annually
907,41,Male,South Carolina,1,21,Bi-Weekly
908,32,Male,Missouri,1,34,Bi-Weekly
909,26,Male,New Jersey,1,9,Every 3 Months
910,61,Male,Louisiana,1,36,Weekly
911,49,Male,South Carolina,1,22,Monthly
912,53,Male,Vermont,1,2,Quarterly
913,24,Male,Arkansas,1,32,Monthly
914,37,Male,Utah,1,29,Every 3 Months
915,43,Male,Washington,1,27,Every 3 Months
916,31,Male,Rhode Island,1,33,Fortnightly
917,49,Male,Illinois,1,16,Monthly
918,69,Male,Missouri,1,11,Quarterly
919,65,Male,North Carolina,1,11,Fortnightly
920,41,Male,Massachusetts,1,17,Bi-Weekly
921,37,Male,Arkansas,1,37,Weekly
922,70,Male,South Dakota,1,18,Weekly
923,63,Male,Georgia,1,13,Monthly
924,55,Male,Arkansas,1,7,Weekly
925,52,Male,Kansas,1,37,Quarterly
926,22,Male,Arizona,1,8,Monthly
927,54,Male,Massachusetts,1,11,Bi-Weekly
928,28,Male,New Mexico,1,8,Bi-Weekly
929,67,Male,Arkansas,1,31,Every 3 Months
930,59,Male,Nebraska,1,26,Fortnightly
931,26,Male,Hawaii,1,20,Bi-Weekly
932,24,Male,Nebraska,1,24,Fortnightly
933,62,Male,Indiana,1,45,Bi-Weekly
934,70,Male,Colorado,1,33,Monthly
935,45,Male,Oregon,1,21,Monthly
936,58,Male,Ohio,1,2,Fortnightly
937,31,Male,Maine,1,28,Weekly
938,32,Male,Iowa,1,18,Quarterly
939,36,Male,Wisconsin,1,21,Fortnightly
940,25,Male,New York,1,24,Monthly
941,48,Male,Colorado,1,15,Every 3 Months
942,39,Male,Illinois,1,38,Every 3 Months
943,26,Male,Arizona,1,38,Bi-Weekly
944,32,Male,Oklahoma,1,13,Fortnightly
945,54,Male,Indiana,1,39,Bi-Weekly
946,38,Male,Minnesota,1,8,Every 3 Months
947,46,Male,Pennsylvania,1,4,Quarterly
948,57,Male,Indiana,1,6,Every 3 Months
949,49,Male,Alabama,1,11,Every 3 Months
950,33,Male,Montana,1,49,Monthly
951,54,Male,New Mexico,1,30,Quarterly
952,47,Male,Alaska,1,34,Monthly
953,36,Male,Idaho,1,28,Monthly
954,68,Male,Utah,1,36,Quarterly
955,60,Male,Louisiana,1,18,Every 3 Months
956,55,Male,Mississippi,1,4,Monthly
957,29,Male,Mississippi,1,42,Quarterly
958,38,Male,Indiana,1,11,Quarterly
959,70,Male,Washington,1,31,Bi-Weekly
960,36,Male,Nevada,1,12,Fortnightly
961,18,Male,Louisiana,1,20,Quarterly
962,62,Male,Pennsylvania,1,37,Quarterly
963,29,Male,Michigan,1,26,Fortnightly
964,21,Male,South Carolina,1,14,Weekly
965,42,Male,Arizona,1,12,Bi-Weekly
966,43,Male,Delaware,1,10,Annually
967,58,Male,Kentucky,1,19,Annually
968,27,Male,Georgia,1,4,Weekly
969,57,Male,North Carolina,1,48,Quarterly
970,40,Male,California,1,37,Monthly
971,45,Male,California,1,4,Monthly
972,47,Male,Indiana,1,15,Weekly
973,61,Male,Colorado,1,33,Weekly
974,60,Male,Colorado,1,30,Quarterly
975,69,Male,North Carolina,1,23,Monthly
976,58,Male,Washington,1,2,Weekly
977,34,Male,Florida,1,50,Every 3 Months
978,20,Male,Washington,1,34,Bi-Weekly
979,56,Male,Colorado,1,33,Weekly
980,64,Male,New Hampshire,1,34,Monthly
981,56,Male,Maryland,1,39,Every 3 Months
982,27,Male,Maryland,1,47,Quarterly
983,35,Male,Texas,1,37,Monthly
984,24,Male,New Mexico,1,40,Bi-Weekly
985,26,Male,Utah,1,8,Bi-Weekly
986,32,Male,West Virginia,1,12,Annually
987,54,Male,Connecticut,1,36,Monthly
988,62,Male,West Virginia,1,48,Weekly
989,50,Male,Ohio,1,47,Fortnightly
990,70,Male,Texas,1,2,Monthly
991,48,Male,Washington,1,24,Weekly
992,20,Male,Wisconsin,1,40,Bi-Weekly
993,46,Male,Louisiana,1,50,Weekly
994,51,Male,Iowa,1,25,Weekly
995,53,Male,New York,1,20,Monthly
996,44,Male,Idaho,1,10,Weekly
997,29,Male,Delaware,1,32,Quarterly
998,64,Male,Kentucky,1,31,Fortnightly
999,51,Male,Connecticut,1,48,Bi-Weekly
1000,50,Male,New Mexico,1,23,Monthly
1001,43,Male,Georgia,1,1,Bi-Weekly
1002,61,Male,Washington,1,4,Fortnightly
1003,55,Male,North Dakota,1,3,Bi-Weekly
1004,56,Male,Ohio,1,3,Bi-Weekly
1005,33,Male,Tennessee,1,44,Annually
1006,43,Male,New York,1,5,Bi-Weekly
1007,21,Male,Michigan,1,50,Quarterly
1008,58,Male,Georgia,1,2,Annually
1009,41,Male,New Mexico,1,29,Annually
1010,39,Male,Louisiana,1,11,Annually
1011,54,Male,South Dakota,1,37,Fortnightly
1012,43,Male,Montana,1,32,Fortnightly
1013,28,Male,New Mexico,1,27,Annually
1014,59,Male,South Carolina,1,31,Bi-Weekly
1015,28,Male,Ohio,1,36,Fortnightly
1016,68,Male,North Carolina,1,34,Weekly
1017,20,Male,Idaho,1,15,Every 3 Months
1018,21,Male,Oklahoma,1,14,Annually
1019,50,Male,Georgia,1,46,Weekly
1020,32,Male,Kentucky,1,33,Bi-Weekly
1021,24,Male,Delaware,1,41,Annually
1022,55,Male,Massachusetts,1,39,Weekly
1023,61,Male,Nebraska,1,7,Annually
1024,61,Male,Maine,1,29,Every 3 Months
1025,28,Male,Pennsylvania,1,18,Quarterly
1026,60,Male,Nebraska,1,15,Annually
1027,49,Male,Virginia,1,39,Bi-Weekly
1028,33,Male,Ohio,1,11,Monthly
1029,45,Male,Nebraska,1,4,Fortnightly
1030,29,Male,Ohio,1,33,Bi-Weekly
1031,58,Male,Kentucky,1,37,Quarterly
1032,22,Male,Tennessee,1,32,Quarterly
1033,55,Male,Maine,1,44,Quarterly
1034,19,Male,Montana,1,41,Quarterly
1035,68,Male,Maryland,1,44,Weekly
1036,61,Male,Georgia,1,32,Annually
1037,68,Male,Hawaii,1,13,Monthly
1038,52,Male,Rhode Island,1,48,Quarterly
1039,41,Male,Nebraska,1,3,Weekly
1040,29,Male,Michigan,1,39,Monthly
1041,68,Male,North Carolina,1,7,Fortnightly
1042,36,Male,Minnesota,1,11,Fortnightly
1043,55,Male,Maryland,1,47,Weekly
1044,28,Male,Hawaii,1,28,Fortnightly
1045,39,Male,Oregon,1,17,Every 3 Months
1046,54,Male,New Mexico,1,11,Bi-Weekly
1047,40,Male,Illinois,1,12,Annually
1048,31,Male,Utah,1,7,Fortnightly
1049,30,Male,Maine,1,19,Fortnightly
1050,45,Male,Virginia,1,24,Quarterly
1051,48,Male,Florida,1,19,Monthly
1052,45,Male,Ohio,1,39,Annually
1053,60,Male,Virginia,1,1,Fortnightly
1054,59,Male,Kansas,0,10,Bi-Weekly
1055,18,Male,Arkansas,0,48,Quarterly
1056,70,Male,Massachusetts,0,24,Annually
1057,20,Male,Idaho,0,42,Fortnightly
1058,65,Male,Wisconsin,0,20,Weekly
1059,29,Male,New Mexico,0,49,Every 3 Months
1060,22,Male,North Carolina,0,25,Monthly
1061,27,Male,Iowa,0,21,Every 3 Months
1062,36,Male,Idaho,0,12,Every 3 Months
1063,59,Male,Ohio,0,21,Every 3 Months
1064,62,Male,Alabama,0,35,Monthly
1065,34,Male,Wyoming,0,42,Every 3 Months
1066,59,Male,Alabama,0,3,Every 3 Months
1067,49,Male,Mississippi,0,11,Bi-Weekly
1068,18,Male,Pennsylvania,0,22,Quarterly
1069,55,Male,Wyoming,0,47,Weekly
1070,38,Male,Maryland,0,33,Every 3 Months
1071,50,Male,North Carolina,0,50,Weekly
1072,61,Male,Pennsylvania,0,46,Monthly
1073,48,Male,Idaho,0,34,Fortnightly
1074,22,Male,California,0,33,Monthly
1075,48,Male,Tennessee,0,45,Fortnightly
1076,57,Male,Missouri,0,32,Bi-Weekly
1077,33,Male,North Dakota,0,47,Bi-Weekly
1078,58,Male,West Virginia,0,5,Quarterly
1079,37,Male,Arizona,0,49,Fortnightly
1080,18,Male,Oklahoma,0,48,Monthly
1081,65,Male,Pennsylvania,0,22,Every 3 Months
1082,62,Male,Idaho,0,45,Annually
1083,54,Male,South Carolina,0,30,Quarterly
1084,35,Male,Washington,0,43,Weekly
1085,34,Male,Arkansas,0,48,Quarterly
1086,25,Male,Utah,0,23,Fortnightly
1087,53,Male,Alaska,0,27,Bi-Weekly
1088,45,Male,West Virginia,0,7,Monthly
1089,49,Male,Louisiana,0,2,Weekly
1090,40,Male,Arizona,0,33,Bi-Weekly
1091,38,Male,Connecticut,0,27,Fortnightly
1092,44,Male,North Carolina,0,6,Fortnightly
1093,68,Male,South Dakota,0,20,Quarterly
1094,60,Male,Delaware,0,46,Every 3 Months
1095,25,Male,Connecticut,0,25,Quarterly
1096,19,Male,Tennessee,0,30,Quarterly
1097,57,Male,New Hampshire,0,48,Annually
1098,58,Male,Vermont,0,47,Weekly
1099,49,Male,Idaho,0,27,Weekly
1100,19,Male,North Carolina,0,45,Fortnightly
1101,50,Male,Nevada,0,2,Weekly
1102,30,Male,Delaware,0,39,Fortnightly
1103,52,Male,Texas,0,24,Fortnightly
1104,35,Male,Tennessee,0,8,Bi-Weekly
1105,35,Male,Delaware,0,8,Quarterly
1106,33,Male,Massachusetts,0,6,Every 3 Months
1107,52,Male,Minnesota,0,12,Fortnightly
1108,69,Male,Texas,0,26,Weekly
1109,27,Male,Nebraska,0,50,Fortnightly
1110,66,Male,Oklahoma,0,2,Weekly
1111,28,Male,Texas,0,31,Bi-Weekly
1112,22,Male,New York,0,4,Bi-Weekly
1113,69,Male,Washington,0,32,Quarterly
1114,28,Male,Maryland,0,11,Bi-Weekly
1115,55,Male,New Hampshire,0,47,Every 3 Months
1116,30,Male,New York,0,37,Weekly
1117,67,Male,Hawaii,0,39,Fortnightly
1118,25,Male,California,0,24,Monthly
1119,49,Male,Indiana,0,11,Every 3 Months
1120,34,Male,Louisiana,0,36,Weekly
1121,22,Male,Pennsylvania,0,40,Monthly
1122,63,Male,Florida,0,25,Quarterly
1123,70,Male,North Carolina,0,12,Annually
1124,36,Male,Massachusetts,0,38,Monthly
1125,42,Male,Iowa,0,40,Quarterly
1126,27,Male,North Dakota,0,10,Weekly
1127,23,Male,Iowa,0,47,Fortnightly
1128,50,Male,Delaware,0,22,Monthly
1129,56,Male,New York,0,35,Monthly
1130,37,Male,New Hampshire,0,46,Fortnightly
1131,67,Male,Kentucky,0,30,Bi-Weekly
1132,67,Male,Illinois,0,20,Monthly
1133,50,Male,North Carolina,0,25,Fortnightly
1134,36,Male,Connecticut,0,29,Weekly
1135,62,Male,Wisconsin,0,2,Every 3 Months
1136,65,Male,Massachusetts,0,32,Quarterly
1137,23,Male,Illinois,0,37,Monthly
1138,46,Male,New Mexico,0,16,Every 3 Months
1139,18,Male,Iowa,0,32,Fortnightly
1140,58,Male,Alabama,0,42,Bi-Weekly
1141,31,Male,Maryland,0,6,Every 3 Months
1142,39,Male,Ohio,0,23,Fortnightly
1143,69,Male,Ohio,0,27,Bi-Weekly
1144,68,Male,Nevada,0,43,Quarterly
1145,41,Male,South Carolina,0,25,Fortnightly
1146,31,Male,Nevada,0,30,Every 3 Months
1147,48,Male,Wisconsin,0,7,Every 3 Months
1148,59,Male,Tennessee,0,17,Annually
1149,34,Male,Florida,0,10,Fortnightly
1150,21,Male,Georgia,0,40,Annually
1151,29,Male,Kentucky,0,50,Bi-Weekly
1152,41,Male,Ohio,0,24,Weekly
1153,62,Male,Connecticut,0,8,Every 3 Months
1154,27,Male,Idaho,0,6,Quarterly
1155,49,Male,Georgia,0,44,Bi-Weekly
1156,67,Male,Tennessee,0,47,Quarterly
1157,20,Male,Hawaii,0,6,Every 3 Months
1158,37,Male,Maryland,0,11,Quarterly
1159,69,Male,Nevada,0,41,Annually
1160,66,Male,New Hampshire,0,46,Every 3 Months
1161,37,Male,North Dakota,0,9,Bi-Weekly
1162,63,Male,Oklahoma,0,37,Monthly
1163,47,Male,North Carolina,0,13,Weekly
1164,26,Male,Tennessee,0,24,Monthly
1165,68,Male,Montana,0,47,Quarterly
1166,51,Male,Wisconsin,0,21,Every 3 Months
1167,48,Male,Connecticut,0,22,Fortnightly
1168,60,Male,New Jersey,0,16,Quarterly
1169,68,Male,Mississippi,0,37,Fortnightly
1170,25,Male,Wyoming,0,3,Annually
1171,57,Male,Illinois,0,33,Bi-Weekly
1172,41,Male,Louisiana,0,15,Annually
1173,59,Male,Oregon,0,42,Bi-Weekly
1174,44,Male,South Dakota,0,42,Bi-Weekly
1175,42,Male,Michigan,0,19,Bi-Weekly
1176,35,Male,New Jersey,0,26,Quarterly
1177,36,Male,Oregon,0,39,Quarterly
1178,54,Male,Iowa,0,24,Monthly
1179,37,Male,South Carolina,0,23,Annually
1180,20,Male,Indiana,0,44,Annually
1181,23,Male,Oregon,0,34,Monthly
1182,61,Male,New York,0,43,Quarterly
1183,37,Male,New Mexico,0,45,Quarterly
1184,23,Male,Louisiana,0,4,Weekly
1185,63,Male,South Carolina,0,19,Annually
1186,47,Male,Maine,0,29,Monthly
1187,63,Male,Indiana,0,27,Annually
1188,56,Male,Iowa,0,37,Every 3 Months
1189,68,Male,Mississippi,0,11,Weekly
1190,64,Male,Arkansas,0,28,Annually
1191,62,Male,South Carolina,0,31,Weekly
1192,34,Male,Indiana,0,50,Quarterly
1193,49,Male,Florida,0,42,Quarterly
1194,40,Male,Alaska,0,18,Fortnightly
1195,50,Male,New York,0,6,Fortnightly
1196,25,Male,Texas,0,33,Monthly
1197,30,Male,North Dakota,0,13,Bi-Weekly
1198,54,Male,Vermont,0,26,Annually
1199,40,Male,New Jersey,0,17,Annually
1200,49,Male,Maryland,0,3,Weekly
1201,27,Male,Connecticut,0,7,Weekly
1202,27,Male,Illinois,0,46,Fortnightly
1203,48,Male,Maryland,0,14,Every 3 Months
1204,40,Male,Minnesota,0,23,Annually
1205,67,Male,Florida,0,20,Every 3 Months
1206,52,Male,California,0,38,Fortnightly
1207,22,Male,Mississippi,0,16,Every 3 Months
1208,62,Male,Washington,0,48,Every 3 Months
1209,20,Male,Wisconsin,0,8,Annually
1210,41,Male,Pennsylvania,0,16,Monthly
1211,34,Male,Missouri,0,5,Quarterly
1212,23,Male,Oklahoma,0,14,Every 3 Months
1213,32,Male,Pennsylvania,0,18,Weekly
1214,68,Male,Kentucky,0,14,Every 3 Months
1215,30,Male,Vermont,0,5,Every 3 Months
1216,66,Male,Oregon,0,15,Every 3 Months
1217,62,Male,Utah,0,3,Every 3 Months
1218,50,Male,Nebraska,0,12,Every 3 Months
1219,55,Male,Pennsylvania,0,43,Every 3 Months
1220,19,Male,Vermont,0,35,Bi-Weekly
1221,67,Male,Kentucky,0,36,Quarterly
1222,18,Male,Iowa,0,3,Quarterly
1223,58,Male,Indiana,0,27,Annually
1224,69,Male,Kansas,0,21,Weekly
1225,62,Male,Illinois,0,18,Weekly
1226,28,Male,North Carolina,0,16,Weekly
1227,53,Male,Ohio,0,18,Bi-Weekly
1228,27,Male,Illinois,0,19,Bi-Weekly
1229,55,Male,Indiana,0,1,Annually
1230,34,Male,Kansas,0,39,Annually
1231,25,Male,Illinois,0,49,Monthly
1232,66,Male,Pennsylvania,0,43,Fortnightly
1233,57,Male,New York,0,31,Every 3 Months
1234,46,Male,Utah,0,40,Every 3 Months
1235,38,Male,New Jersey,0,2,Bi-Weekly
1236,23,Male,Idaho,0,46,Every 3 Months
1237,42,Male,New Mexico,0,35,Every 3 Months
1238,25,Male,Michigan,0,42,Quarterly
1239,55,Male,Wyoming,0,3,Fortnightly
1240,62,Male,New Jersey,0,32,Every 3 Months
1241,41,Male,New Jersey,0,48,Annually
1242,58,Male,Hawaii,0,34,Weekly
1243,56,Male,Nevada,0,15,Quarterly
1244,25,Male,New Hampshire,0,22,Annually
1245,70,Male,Indiana,0,2,Monthly
1246,42,Male,New York,0,30,Weekly
1247,27,Male,Louisiana,0,27,Monthly
1248,65,Male,Virginia,0,18,Bi-Weekly
1249,62,Male,Wisconsin,0,8,Annually
1250,62,Male,Oregon,0,48,Fortnightly
1251,52,Male,New Hampshire,0,24,Monthly
1252,56,Male,Indiana,0,43,Monthly
1253,28,Male,Massachusetts,0,8,Quarterly
1254,39,Male,Montana,0,49,Annually
1255,54,Male,California,0,2,Bi-Weekly
1256,30,Male,Indiana,0,38,Fortnightly
1257,45,Male,West Virginia,0,4,Fortnightly
1258,68,Male,Minnesota,0,31,Every 3 Months
1259,47,Male,Ohio,0,34,Every 3 Months
1260,68,Male,Minnesota,0,45,Monthly
1261,63,Male,Virginia,0,30,Quarterly
1262,20,Male,Connecticut,0,2,Fortnightly
1263,29,Male,Tennessee,0,44,Monthly
1264,41,Male,Delaware,0,1,Bi-Weekly
1265,52,Male,Vermont,0,1,Bi-Weekly
1266,32,Male,Louisiana,0,27,Weekly
1267,20,Male,North Dakota,0,14,Every 3 Months
1268,47,Male,Oregon,0,41,Weekly
1269,23,Male,Idaho,0,25,Bi-Weekly
1270,43,Male,Vermont,0,47,Quarterly
1271,67,Male,West Virginia,0,20,Annually
1272,70,Male,Kentucky,0,42,Annually
1273,35,Male,Wisconsin,0,16,Monthly
1274,41,Male,Mississippi,0,32,Every 3 Months
1275,54,Male,Missouri,0,37,Quarterly
1276,55,Male,Arkansas,0,1,Monthly
1277,51,Male,Wyoming,0,37,Weekly
1278,19,Male,Rhode Island,0,5,Quarterly
1279,28,Male,Utah,0,31,Fortnightly
1280,63,Male,Maryland,0,18,Annually
1281,30,Male,Georgia,0,39,Every 3 Months
1282,29,Male,New Jersey,0,8,Bi-Weekly
1283,24,Male,New Hampshire,0,20,Monthly
1284,69,Male,Oregon,0,23,Every 3 Months
1285,65,Male,Arkansas,0,38,Fortnightly
1286,64,Male,North Carolina,0,45,Fortnightly
1287,40,Male,West Virginia,0,44,Fortnightly
1288,24,Male,Utah,0,20,Monthly
1289,66,Male,South Dakota,0,34,Bi-Weekly
1290,35,Male,New Hampshire,0,10,Weekly
1291,67,Male,Maryland,0,3,Annually
1292,69,Male,South Dakota,0,23,Fortnightly
1293,26,Male,Kentucky,0,42,Annually
1294,23,Male,Florida,0,30,Annually
1295,27,Male,Texas,0,21,Every 3 Months
1296,30,Male,New Mexico,0,50,Weekly
1297,48,Male,South Dakota,0,16,Bi-Weekly
1298,44,Male,New Jersey,0,32,Annually
1299,29,Male,Indiana,0,14,Fortnightly
1300,29,Male,Louisiana,0,42,Bi-Weekly
1301,67,Male,West Virginia,0,47,Every 3 Months
1302,42,Male,Maine,0,21,Weekly
1303,23,Male,Idaho,0,37,Monthly
1304,34,Male,New York,0,10,Annually
1305,64,Male,Montana,0,18,Every 3 Months
1306,31,Male,Mississippi,0,2,Every 3 Months
1307,54,Male,Alaska,0,40,Annually
1308,23,Male,Missouri,0,43,Annually
1309,59,Male,Rhode Island,0,14,Every 3 Months
1310,32,Male,Hawaii,0,41,Quarterly
1311,43,Male,South Carolina,0,38,Every 3 Months
1312,32,Male,Tennessee,0,12,Annually
1313,66,Male,Missouri,0,19,Monthly
1314,70,Male,Missouri,0,23,Bi-Weekly
1315,42,Male,Missouri,0,49,Annually
1316,56,Male,Mississippi,0,29,Quarterly
1317,28,Male,Arkansas,0,14,Bi-Weekly
1318,28,Male,Kentucky,0,19,Monthly
1319,52,Male,Connecticut,0,19,Bi-Weekly
1320,65,Male,Oklahoma,0,48,Weekly
1321,56,Male,California,0,19,Annually
1322,59,Male,Missouri,0,45,Every 3 Months
1323,23,Male,Washington,0,17,Quarterly
1324,58,Male,New York,0,15,Every 3 Months
1325,39,Male,Indiana,0,11,Fortnightly
1326,28,Male,Oregon,0,1,Monthly
1327,40,Male,Texas,0,17,Monthly
1328,52,Male,Florida,0,37,Weekly
1329,37,Male,Rhode Island,0,40,Weekly
1330,70,Male,Texas,0,50,Every 3 Months
1331,30,Male,Vermont,0,20,Bi-Weekly
1332,38,Male,Maryland,0,8,Bi-Weekly
1333,66,Male,Alaska,0,16,Quarterly
1334,29,Male,Idaho,0,9,Quarterly
1335,46,Male,West Virginia,0,12,Monthly
1336,56,Male,Nevada,0,26,Weekly
1337,23,Male,Oregon,0,44,Fortnightly
1338,37,Male,Tennessee,0,19,Bi-Weekly
1339,56,Male,Alabama,0,43,Fortnightly
1340,36,Male,Indiana,0,5,Every 3 Months
1341,40,Male,Idaho,0,5,Every 3 Months
1342,26,Male,Rhode Island,0,31,Quarterly
1343,57,Male,Arizona,0,11,Monthly
1344,68,Male,Florida,0,34,Monthly
1345,56,Male,New York,0,14,Annually
1346,40,Male,Nebraska,0,42,Weekly
1347,44,Male,Mississippi,0,15,Bi-Weekly
1348,44,Male,Vermont,0,47,Monthly
1349,19,Male,Nebraska,0,23,Fortnightly
1350,21,Male,South Carolina,0,23,Bi-Weekly
1351,31,Male,Delaware,0,1,Every 3 Months
1352,30,Male,Vermont,0,28,Quarterly
1353,65,Male,Indiana,0,37,Bi-Weekly
1354,39,Male,Oregon,0,4,Every 3 Months
1355,64,Male,Maryland,0,21,Quarterly
1356,59,Male,Florida,0,50,Bi-Weekly
1357,49,Male,Indiana,0,34,Annually
1358,24,Male,Texas,0,20,Quarterly
1359,19,Male,Nebraska,0,25,Every 3 Months
1360,27,Male,North Carolina,0,26,Fortnightly
1361,56,Male,Alabama,0,4,Annually
1362,49,Male,Alabama,0,39,Monthly
1363,41,Male,Colorado,0,29,Weekly
1364,36,Male,Wisconsin,0,47,Quarterly
1365,68,Male,Delaware,0,5,Every 3 Months
1366,28,Male,Indiana,0,18,Fortnightly
1367,45,Male,Iowa,0,10,Fortnightly
1368,60,Male,Iowa,0,25,Quarterly
1369,21,Male,Wisconsin,0,2,Weekly
1370,32,Male,Iowa,0,48,Fortnightly
1371,27,Male,Montana,0,41,Every 3 Months
1372,40,Male,Mississippi,0,42,Monthly
1373,64,Male,Michigan,0,44,Bi-Weekly
1374,18,Male,Virginia,0,6,Quarterly
1375,22,Male,New York,0,5,Quarterly
1376,42,Male,Maine,0,8,Annually
1377,57,Male,New Jersey,0,24,Annually
1378,33,Male,Maryland,0,42,Monthly
1379,37,Male,Kentucky,0,24,Weekly
1380,21,Male,Minnesota,0,38,Bi-Weekly
1381,51,Male,Massachusetts,0,41,Fortnightly
1382,30,Male,Illinois,0,48,Quarterly
1383,68,Male,Michigan,0,16,Quarterly
1384,36,Male,Wisconsin,0,4,Monthly
1385,46,Male,Alaska,0,8,Weekly
1386,41,Male,Mississippi,0,1,Bi-Weekly
1387,68,Male,Oregon,0,4,Quarterly
1388,21,Male,Maryland,0,20,Monthly
1389,62,Male,Arkansas,0,40,Quarterly
1390,59,Male,Illinois,0,8,Fortnightly
1391,25,Male,Arkansas,0,42,Weekly
1392,53,Male,Mississippi,0,38,Annually
1393,31,Male,Arkansas,0,34,Every 3 Months
1394,46,Male,Idaho,0,14,Fortnightly
1395,26,Male,Iowa,0,39,Weekly
1396,47,Male,West Virginia,0,40,Bi-Weekly
1397,37,Male,Wisconsin,0,49,Monthly
1398,55,Male,Massachusetts,0,33,Annually
1399,30,Male,Texas,0,25,Weekly
1400,19,Male,Nebraska,0,48,Annually
1401,36,Male,Nevada,0,22,Every 3 Months
1402,23,Male,Indiana,0,1,Weekly
1403,62,Male,North Dakota,0,47,Monthly
1404,26,Male,Georgia,0,20,Bi-Weekly
1405,36,Male,New Mexico,0,10,Weekly
1406,33,Male,New Hampshire,0,39,Monthly
1407,32,Male,Washington,0,15,Monthly
1408,56,Male,Nevada,0,11,Annually
1409,58,Male,Maine,0,38,Weekly
1410,34,Male,Idaho,0,41,Fortnightly
1411,61,Male,Tennessee,0,18,Annually
1412,48,Male,Louisiana,0,13,Quarterly
1413,25,Male,Michigan,0,43,Annually
1414,51,Male,New Hampshire,0,12,Quarterly
1415,29,Male,Minnesota,0,3,Bi-Weekly
1416,54,Male,Illinois,0,12,Every 3 Months
1417,48,Male,Idaho,0,46,Quarterly
1418,62,Male,Montana,0,21,Fortnightly
1419,18,Male,Alabama,0,23,Every 3 Months
1420,43,Male,Montana,0,4,Quarterly
1421,22,Male,California,0,45,Every 3 Months
1422,68,Male,Pennsylvania,0,24,Fortnightly
1423,44,Male,Texas,0,3,Bi-Weekly
1424,51,Male,Michigan,0,12,Every 3 Months
1425,66,Male,Connecticut,0,34,Every 3 Months
1426,59,Male,Wyoming,0,39,Annually
1427,60,Male,Michigan,0,35,Every 3 Months
1428,31,Male,South Dakota,0,8,Annually
1429,20,Male,North Dakota,0,42,Quarterly
1430,24,Male,Maryland,0,6,Every 3 Months
1431,48,Male,Michigan,0,3,Fortnightly
1432,39,Male,South Dakota,0,29,Quarterly
1433,34,Male,Florida,0,32,Quarterly
1434,70,Male,Minnesota,0,45,Weekly
1435,59,Male,New York,0,21,Bi-Weekly
1436,45,Male,Oregon,0,41,Weekly
1437,35,Male,Minnesota,0,23,Fortnightly
1438,69,Male,Montana,0,14,Annually
1439,58,Male,Washington,0,24,Monthly
1440,25,Male,New Mexico,0,25,Fortnightly
1441,27,Male,Arizona,0,13,Monthly
1442,34,Male,Nebraska,0,3,Every 3 Months
1443,53,Male,Idaho,0,42,Annually
1444,58,Male,Idaho,0,2,Monthly
1445,32,Male,Vermont,0,26,Quarterly
1446,64,Male,Arkansas,0,24,Annually
1447,63,Male,Wyoming,0,6,Quarterly
1448,23,Male,New Mexico,0,25,Monthly
1449,64,Male,West Virginia,0,11,Every 3 Months
1450,18,Male,New York,0,20,Every 3 Months
1451,25,Male,Illinois,0,25,Quarterly
1452,54,Male,Utah,0,35,Quarterly
1453,60,Male,Colorado,0,11,Quarterly
1454,36,Male,Virginia,0,41,Fortnightly
1455,66,Male,Georgia,0,17,Annually
1456,60,Male,Alabama,0,1,Every 3 Months
1457,59,Male,Montana,0,30,Every 3 Months
1458,58,Male,Pennsylvania,0,47,Fortnightly
1459,35,Male,Missouri,0,34,Weekly
1460,20,Male,Maine,0,18,Fortnightly
1461,70,Male,Pennsylvania,0,33,Bi-Weekly
1462,54,Male,Oregon,0,42,Quarterly
1463,38,Male,Utah,0,2,Quarterly
1464,54,Male,Oklahoma,0,1,Monthly
1465,33,Male,Montana,0,23,Quarterly
1466,46,Male,Nebraska,0,42,Bi-Weekly
1467,58,Male,Alabama,0,3,Annually
1468,30,Male,Ohio,0,16,Fortnightly
1469,42,Male,Arkansas,0,46,Fortnightly
1470,28,Male,Mississippi,0,31,Every 3 Months
1471,43,Male,California,0,15,Every 3 Months
1472,31,Male,Alaska,0,48,Every 3 Months
1473,39,Male,Indiana,0,11,Weekly
1474,69,Male,Wisconsin,0,20,Every 3 Months
1475,31,Male,New Jersey,0,6,Monthly
1476,44,Male,Rhode Island,0,24,Monthly
1477,39,Male,Wyoming,0,18,Monthly
1478,24,Male,Oregon,0,1,Every 3 Months
1479,28,Male,Washington,0,13,Bi-Weekly
1480,48,Male,Washington,0,2,Weekly
1481,39,Male,New Hampshire,0,26,Quarterly
1482,64,Male,Maryland,0,31,Quarterly
1483,28,Male,Wisconsin,0,43,Weekly
1484,39,Male,Massachusetts,0,12,Bi-Weekly
1485,49,Male,Nebraska,0,22,Every 3 Months
1486,22,Male,Nebraska,0,3,Fortnightly
1487,25,Male,Idaho,0,23,Every 3 Months
1488,40,Male,Arizona,0,26,Annually
1489,23,Male,Hawaii,0,37,Weekly
1490,24,Male,Missouri,0,42,Quarterly
1491,66,Male,Louisiana,0,15,Bi-Weekly
1492,27,Male,Arkansas,0,10,Quarterly
1493,62,Male,North Carolina,0,3,Quarterly
1494,70,Male,North Dakota,0,44,Quarterly
1495,43,Male,Montana,0,23,Fortnightly
1496,45,Male,Rhode Island,0,6,Weekly
1497,63,Male,Idaho,0,9,Bi-Weekly
1498,69,Male,Michigan,0,16,Every 3 Months
1499,59,Male,Illinois,0,46,Fortnightly
1500,19,Male,Georgia,0,24,Every 3 Months
1501,63,Male,Alabama,0,22,Monthly
1502,37,Male,Alaska,0,13,Every 3 Months
1503,37,Male,Massachusetts,0,20,Fortnightly
1504,50,Male,Michigan,0,46,Quarterly
1505,60,Male,Alaska,0,10,Monthly
1506,46,Male,North Dakota,0,39,Monthly
1507,35,Male,South Carolina,0,44,Quarterly
1508,66,Male,Pennsylvania,0,7,Annually
1509,35,Male,Colorado,0,3,Every 3 Months
1510,20,Male,New Hampshire,0,44,Annually
1511,55,Male,Maryland,0,31,Annually
1512,34,Male,Georgia,0,48,Weekly
1513,60,Male,Wisconsin,0,18,Bi-Weekly
1514,22,Male,Texas,0,27,Monthly
1515,26,Male,Utah,0,1,Weekly
1516,39,Male,Indiana,0,34,Weekly
1517,20,Male,Nevada,0,5,Bi-Weekly
1518,57,Male,New Hampshire,0,12,Quarterly
1519,68,Male,New York,0,14,Fortnightly
1520,50,Male,Texas,0,40,Weekly
1521,21,Male,Iowa,0,39,Quarterly
1522,29,Male,Washington,0,50,Weekly
1523,38,Male,Tennessee,0,5,Monthly
1524,54,Male,Georgia,0,35,Annually
1525,22,Male,Massachusetts,0,6,Bi-Weekly
1526,29,Male,Oregon,0,22,Fortnightly
1527,41,Male,Oklahoma,0,27,Monthly
1528,26,Male,Wisconsin,0,33,Fortnightly
1529,69,Male,Oregon,0,47,Bi-Weekly
1530,20,Male,Georgia,0,48,Bi-Weekly
1531,59,Male,New Mexico,0,22,Quarterly
1532,63,Male,Mississippi,0,8,Bi-Weekly
1533,68,Male,Wisconsin,0,5,Every 3 Months
1534,50,Male,New Hampshire,0,16,Quarterly
1535,55,Male,Wyoming,0,26,Fortnightly
1536,36,Male,West Virginia,0,8,Monthly
1537,18,Male,Michigan,0,17,Quarterly
1538,68,Male,Alaska,0,50,Annually
1539,56,Male,Illinois,0,22,Bi-Weekly
1540,32,Male,Hawaii,0,19,Every 3 Months
1541,28,Male,Colorado,0,14,Monthly
1542,24,Male,Illinois,0,35,Bi-Weekly
1543,59,Male,Hawaii,0,43,Weekly
1544,56,Male,Wisconsin,0,24,Annually
1545,30,Male,Arkansas,0,17,Bi-Weekly
1546,48,Male,Delaware,0,49,Annually
1547,60,Male,Oregon,0,17,Annually
1548,46,Male,South Carolina,0,40,Quarterly
1549,69,Male,Maryland,0,43,Weekly
1550,19,Male,Kansas,0,19,Every 3 Months
1551,66,Male,Arkansas,0,40,Quarterly
1552,64,Male,Minnesota,0,13,Monthly
1553,54,Male,New Mexico,0,20,Monthly
1554,27,Male,Delaware,0,21,Quarterly
1555,64,Male,Utah,0,18,Bi-Weekly
1556,43,Male,Ohio,0,44,Quarterly
1557,43,Male,Alabama,0,26,Quarterly
1558,27,Male,South Dakota,0,34,Quarterly
1559,35,Male,New Mexico,0,24,Every 3 Months
1560,43,Male,Oregon,0,23,Fortnightly
1561,57,Male,Oregon,0,3,Weekly
1562,50,Male,Mississippi,0,2,Quarterly
1563,37,Male,Alabama,0,23,Bi-Weekly
1564,68,Male,Kansas,0,8,Weekly
1565,22,Male,California,0,30,Every 3 Months
1566,58,Male,Idaho,0,48,Annually
1567,48,Male,Wyoming,0,21,Bi-Weekly
1568,30,Male,Minnesota,0,9,Monthly
1569,51,Male,Washington,0,8,Monthly
1570,20,Male,Hawaii,0,29,Weekly
1571,30,Male,Missouri,0,3,Every 3 Months
1572,28,Male,Colorado,0,11,Fortnightly
1573,37,Male,Washington,0,16,Monthly
1574,36,Male,North Dakota,0,25,Weekly
1575,18,Male,Minnesota,0,32,Bi-Weekly
1576,52,Male,California,0,28,Fortnightly
1577,56,Male,Michigan,0,36,Monthly
1578,68,Male,Delaware,0,7,Fortnightly
1579,62,Male,California,0,2,Quarterly
1580,35,Male,Oklahoma,0,6,Monthly
1581,65,Male,North Dakota,0,30,Annually
1582,69,Male,Ohio,0,46,Quarterly
1583,28,Male,Hawaii,0,39,Monthly
1584,37,Male,Maryland,0,8,Annually
1585,41,Male,Hawaii,0,46,Quarterly
1586,37,Male,Alabama,0,40,Fortnightly
1587,25,Male,Oklahoma,0,21,Weekly
1588,41,Male,Alabama,0,33,Fortnightly
1589,48,Male,Vermont,0,3,Monthly
1590,42,Male,Ohio,0,48,Weekly
1591,54,Male,Wisconsin,0,8,Annually
1592,18,Male,South Dakota,0,24,Annually
1593,56,Male,Iowa,0,10,Every 3 Months
1594,61,Male,Maryland,0,25,Monthly
1595,40,Male,Colorado,0,3,Fortnightly
1596,34,Male,Wisconsin,0,45,Fortnightly
1597,42,Male,Mississippi,0,15,Monthly
1598,43,Male,Mississippi,0,34,Quarterly
1599,47,Male,California,0,21,Bi-Weekly
1600,48,Male,Delaware,0,22,Bi-Weekly
1601,20,Male,Montana,0,24,Weekly
1602,65,Male,Indiana,0,33,Monthly
1603,54,Male,West Virginia,0,13,Fortnightly
1604,23,Male,Iowa,0,17,Bi-Weekly
1605,18,Male,Maine,0,25,Every 3 Months
1606,70,Male,Connecticut,0,15,Bi-Weekly
1607,55,Male,Kansas,0,4,Fortnightly
1608,49,Male,Vermont,0,43,Quarterly
1609,26,Male,Nebraska,0,12,Bi-Weekly
1610,33,Male,Nevada,0,3,Monthly
1611,20,Male,Tennessee,0,1,Annually
1612,41,Male,Arkansas,0,6,Monthly
1613,18,Male,Wisconsin,0,26,Monthly
1614,26,Male,Illinois,0,6,Fortnightly
1615,30,Male,Kansas,0,22,Bi-Weekly
1616,64,Male,New York,0,45,Bi-Weekly
1617,26,Male,Colorado,0,50,Quarterly
1618,43,Male,Wisconsin,0,50,Fortnightly
1619,63,Male,Michigan,0,39,Quarterly
1620,57,Male,Hawaii,0,50,Bi-Weekly
1621,25,Male,Virginia,0,27,Every 3 Months
1622,68,Male,Ohio,0,38,Fortnightly
1623,31,Male,Missouri,0,37,Every 3 Months
1624,64,Male,Indiana,0,50,Annually
1625,38,Male,Florida,0,40,Every 3 Months
1626,34,Male,Minnesota,0,3,Bi-Weekly
1627,32,Male,Nevada,0,45,Bi-Weekly
1628,69,Male,Maine,0,8,Annually
1629,45,Male,Massachusetts,0,7,Monthly
1630,35,Male,North Dakota,0,13,Quarterly
1631,63,Male,New Jersey,0,29,Every 3 Months
1632,65,Male,Indiana,0,7,Fortnightly
1633,35,Male,Oregon,0,50,Every 3 Months
1634,54,Male,North Dakota,0,33,Bi-Weekly
1635,28,Male,South Carolina,0,30,Every 3 Months
1636,68,Male,North Carolina,0,40,Annually
1637,58,Male,North Dakota,0,49,Fortnightly
1638,35,Male,Massachusetts,0,32,Fortnightly
1639,68,Male,Tennessee,0,18,Weekly
1640,41,Male,Missouri,0,50,Annually
1641,65,Male,Tennessee,0,13,Weekly
1642,50,Male,Colorado,0,1,Every 3 Months
1643,18,Male,Mississippi,0,16,Fortnightly
1644,38,Male,Ohio,0,6,Monthly
1645,68,Male,North Carolina,0,21,Monthly
1646,53,Male,Ohio,0,36,Every 3 Months
1647,58,Male,Nebraska,0,20,Every 3 Months
1648,34,Male,Hawaii,0,8,Quarterly
1649,36,Male,Oklahoma,0,22,Monthly
1650,58,Male,Wisconsin,0,3,Quarterly
1651,60,Male,Arkansas,0,46,Fortnightly
1652,59,Male,Texas,0,42,Monthly
1653,65,Male,New Mexico,0,1,Fortnightly
1654,31,Male,Colorado,0,29,Bi-Weekly
1655,43,Male,Indiana,0,14,Quarterly
1656,37,Male,Arizona,0,4,Monthly
1657,21,Male,Indiana,0,41,Every 3 Months
1658,69,Male,Indiana,0,4,Bi-Weekly
1659,32,Male,Alaska,0,47,Weekly
1660,53,Male,Utah,0,44,Annually
1661,59,Male,Louisiana,0,37,Monthly
1662,64,Male,Iowa,0,21,Quarterly
1663,63,Male,New Mexico,0,46,Fortnightly
1664,43,Male,Maine,0,1,Bi-Weekly
1665,19,Male,Minnesota,0,35,Weekly
1666,40,Male,New Mexico,0,49,Monthly
1667,51,Male,Arkansas,0,47,Annually
1668,51,Male,Oklahoma,0,24,Every 3 Months
1669,66,Male,Utah,0,28,Fortnightly
1670,42,Male,Wisconsin,0,22,Quarterly
1671,22,Male,Utah,0,20,Weekly
1672,31,Male,Utah,0,25,Weekly
1673,18,Male,South Carolina,0,15,Quarterly
1674,21,Male,Hawaii,0,49,Bi-Weekly
1675,35,Male,Alaska,0,10,Fortnightly
1676,35,Male,Colorado,0,21,Annually
1677,27,Male,West Virginia,0,34,Weekly
1678,65,Male,Oregon,0,41,Weekly
1679,41,Male,Ohio,0,30,Fortnightly
1680,60,Male,Massachusetts,0,24,Bi-Weekly
1681,61,Male,Louisiana,0,6,Annually
1682,24,Male,Virginia,0,14,Bi-Weekly
1683,65,Male,New York,0,37,Bi-Weekly
1684,23,Male,Arkansas,0,37,Quarterly
1685,30,Male,New Mexico,0,28,Weekly
1686,33,Male,Minnesota,0,43,Bi-Weekly
1687,22,Male,Illinois,0,25,Annually
1688,67,Male,Georgia,0,4,Annually
1689,28,Male,Mississippi,0,13,Fortnightly
1690,32,Male,North Carolina,0,32,Monthly
1691,40,Male,Nevada,0,1,Annually
1692,64,Male,Connecticut,0,4,Annually
1693,56,Male,Utah,0,33,Bi-Weekly
1694,63,Male,Tennessee,0,45,Fortnightly
1695,20,Male,Mississippi,0,20,Fortnightly
1696,54,Male,Nebraska,0,1,Fortnightly
1697,31,Male,West Virginia,0,7,Bi-Weekly
1698,36,Male,South Carolina,0,48,Every 3 Months
1699,25,Male,Iowa,0,46,Quarterly
1700,20,Male,North Dakota,0,34,Annually
1701,62,Male,West Virginia,0,36,Monthly
1702,69,Male,Mississippi,0,44,Every 3 Months
1703,54,Male,Alabama,0,48,Weekly
1704,39,Male,California,0,12,Annually
1705,56,Male,Idaho,0,19,Every 3 Months
1706,39,Male,South Dakota,0,49,Bi-Weekly
1707,37,Male,North Dakota,0,25,Fortnightly
1708,25,Male,Nevada,0,25,Bi-Weekly
1709,35,Male,Florida,0,1,Quarterly
1710,45,Male,Indiana,0,19,Annually
1711,19,Male,Arkansas,0,7,Quarterly
1712,21,Male,North Carolina,0,19,Monthly
1713,65,Male,Illinois,0,9,Fortnightly
1714,49,Male,Missouri,0,37,Quarterly
1715,30,Male,South Dakota,0,15,Monthly
1716,23,Male,Idaho,0,30,Bi-Weekly
1717,69,Male,Connecticut,0,30,Every 3 Months
1718,29,Male,Hawaii,0,16,Bi-Weekly
1719,54,Male,Maryland,0,14,Every 3 Months
1720,45,Male,Maryland,0,8,Quarterly
1721,25,Male,Massachusetts,0,40,Bi-Weekly
1722,34,Male,Delaware,0,24,Monthly
1723,46,Male,Massachusetts,0,14,Fortnightly
1724,70,Male,New York,0,39,Annually
1725,42,Male,Delaware,0,21,Weekly
1726,45,Male,Massachusetts,0,32,Quarterly
1727,57,Male,Indiana,0,45,Weekly
1728,49,Male,Virginia,0,19,Monthly
1729,23,Male,Wyoming,0,1,Every 3 Months
1730,47,Male,Illinois,0,12,Fortnightly
1731,23,Male,Alabama,0,26,Weekly
1732,21,Male,Idaho,0,12,Monthly
1733,45,Male,Rhode Island,0,36,Every 3 Months
1734,67,Male,New York,0,22,Annually
1735,31,Male,Missouri,0,16,Quarterly
1736,58,Male,Texas,0,31,Annually
1737,57,Male,Tennessee,0,43,Quarterly
1738,42,Male,Ohio,0,50,Bi-Weekly
1739,60,Male,Tennessee,0,37,Weekly
1740,21,Male,Minnesota,0,23,Weekly
1741,69,Male,Wisconsin,0,10,Every 3 Months
1742,41,Male,Delaware,0,20,Monthly
1743,51,Male,Kansas,0,18,Every 3 Months
1744,23,Male,Missouri,0,3,Weekly
1745,57,Male,Michigan,0,23,Weekly
1746,40,Male,West Virginia,0,27,Weekly
1747,65,Male,Alabama,0,44,Fortnightly
1748,61,Male,New Hampshire,0,41,Quarterly
1749,34,Male,Montana,0,41,Annually
1750,43,Male,Wyoming,0,36,Every 3 Months
1751,31,Male,Missouri,0,38,Every 3 Months
1752,57,Male,Ohio,0,34,Annually
1753,34,Male,South Dakota,0,14,Quarterly
1754,25,Male,Colorado,0,23,Fortnightly
1755,66,Male,Massachusetts,0,18,Fortnightly
1756,56,Male,Delaware,0,45,Monthly
1757,49,Male,New Hampshire,0,14,Weekly
1758,19,Male,Michigan,0,48,Annually
1759,27,Male,Pennsylvania,0,17,Bi-Weekly
1760,68,Male,Louisiana,0,1,Weekly
1761,20,Male,Minnesota,0,39,Weekly
1762,21,Male,Hawaii,0,24,Weekly
1763,36,Male,Idaho,0,41,Fortnightly
1764,37,Male,Vermont,0,28,Annually
1765,61,Male,Delaware,0,34,Quarterly
1766,68,Male,New Mexico,0,41,Quarterly
1767,60,Male,Alaska,0,27,Bi-Weekly
1768,69,Male,Minnesota,0,46,Fortnightly
1769,25,Male,Nebraska,0,2,Every 3 Months
1770,32,Male,Alaska,0,45,Monthly
1771,53,Male,Michigan,0,34,Weekly
1772,46,Male,Indiana,0,9,Annually
1773,58,Male,Hawaii,0,1,Annually
1774,21,Male,West Virginia,0,17,Annually
1775,46,Male,New York,0,6,Weekly
1776,18,Male,Iowa,0,12,Bi-Weekly
1777,56,Male,Arizona,0,10,Every 3 Months
1778,18,Male,Minnesota,0,4,Fortnightly
1779,49,Male,Texas,0,8,Bi-Weekly
1780,29,Male,Virginia,0,41,Weekly
1781,67,Male,North Dakota,0,49,Weekly
1782,31,Male,Iowa,0,49,Quarterly
1783,52,Male,Utah,0,40,Fortnightly
1784,42,Male,Ohio,0,30,Monthly
1785,32,Male,Louisiana,0,4,Quarterly
1786,47,Male,Iowa,0,22,Monthly
1787,45,Male,Maryland,0,22,Monthly
1788,20,Male,Montana,0,10,Quarterly
1789,66,Male,Illinois,0,23,Bi-Weekly
1790,52,Male,Arizona,0,43,Quarterly
1791,50,Male,North Carolina,0,31,Bi-Weekly
1792,62,Male,Montana,0,38,Annually
1793,38,Male,Iowa,0,22,Every 3 Months
1794,65,Male,Iowa,0,45,Every 3 Months
1795,60,Male,Ohio,0,21,Fortnightly
1796,68,Male,Wisconsin,0,9,Fortnightly
1797,62,Male,South Carolina,0,34,Weekly
1798,62,Male,Oregon,0,26,Weekly
1799,40,Male,North Dakota,0,1,Weekly
1800,32,Male,California,0,47,Weekly
1801,22,Male,Mississippi,0,30,Weekly
1802,33,Male,New Jersey,0,48,Fortnightly
1803,57,Male,Rhode Island,0,31,Bi-Weekly
1804,60,Male,New Hampshire,0,33,Fortnightly
1805,30,Male,Louisiana,0,39,Weekly
1806,41,Male,Arizona,0,46,Weekly
1807,58,Male,Rhode Island,0,24,Annually
1808,34,Male,Vermont,0,37,Fortnightly
1809,67,Male,Tennessee,0,7,Monthly
1810,58,Male,Alaska,0,6,Fortnightly
1811,41,Male,Maryland,0,16,Bi-Weekly
1812,42,Male,Wisconsin,0,33,Annually
1813,50,Male,Nevada,0,18,Bi-Weekly
1814,40,Male,Illinois,0,24,Weekly
1815,32,Male,Montana,0,24,Quarterly
1816,51,Male,New Mexico,0,48,Every 3 Months
1817,26,Male,Virginia,0,4,Weekly
1818,32,Male,Delaware,0,20,Weekly
1819,58,Male,North Carolina,0,47,Every 3 Months
1820,51,Male,Nevada,0,50,Quarterly
1821,19,Male,Washington,0,31,Monthly
1822,57,Male,Maine,0,29,Quarterly
1823,66,Male,Connecticut,0,4,Annually
1824,62,Male,Louisiana,0,40,Bi-Weekly
1825,58,Male,Illinois,0,31,Monthly
1826,23,Male,South Dakota,0,41,Weekly
1827,45,Male,Indiana,0,44,Annually
1828,20,Male,Vermont,0,31,Weekly
1829,33,Male,New Hampshire,0,45,Every 3 Months
1830,30,Male,Oregon,0,50,Quarterly
1831,50,Male,Kansas,0,7,Annually
1832,62,Male,Maine,0,5,Every 3 Months
1833,69,Male,Louisiana,0,48,Monthly
1834,34,Male,Louisiana,0,19,Fortnightly
1835,49,Male,Indiana,0,39,Fortnightly
1836,65,Male,Kentucky,0,45,Quarterly
1837,66,Male,South Carolina,0,35,Monthly
1838,41,Male,Montana,0,8,Monthly
1839,37,Male,Vermont,0,11,Quarterly
1840,32,Male,Mississippi,0,32,Annually
1841,42,Male,Wyoming,0,46,Every 3 Months
1842,31,Male,Vermont,0,7,Every 3 Months
1843,61,Male,Alabama,0,1,Annually
1844,36,Male,Kentucky,0,32,Monthly
1845,60,Male,South Dakota,0,31,Annually
1846,51,Male,Delaware,0,39,Quarterly
1847,68,Male,Wisconsin,0,9,Quarterly
1848,46,Male,Arizona,0,49,Weekly
1849,19,Male,Maine,0,34,Every 3 Months
1850,30,Male,New Mexico,0,35,Monthly
1851,51,Male,Wyoming,0,50,Weekly
1852,28,Male,Delaware,0,4,Fortnightly
1853,41,Male,Pennsylvania,0,32,Weekly
1854,29,Male,North Dakota,0,11,Fortnightly
1855,25,Male,Kentucky,0,49,Annually
1856,60,Male,Rhode Island,0,9,Annually
1857,63,Male,Arizona,0,30,Bi-Weekly
1858,51,Male,Colorado,0,33,Monthly
1859,22,Male,Maine,0,8,Annually
1860,54,Male,New Jersey,0,29,Fortnightly
1861,18,Male,Kansas,0,4,Monthly
1862,29,Male,South Dakota,0,19,Monthly
1863,59,Male,New Hampshire,0,10,Fortnightly
1864,25,Male,Connecticut,0,39,Monthly
1865,19,Male,Wyoming,0,21,Quarterly
1866,56,Male,Missouri,0,12,Monthly
1867,31,Male,Alaska,0,9,Fortnightly
1868,45,Male,Delaware,0,20,Quarterly
1869,23,Male,Indiana,0,44,Fortnightly
1870,18,Male,West Virginia,0,16,Every 3 Months
1871,43,Male,Wyoming,0,27,Fortnightly
1872,56,Male,Illinois,0,14,Every 3 Months
1873,43,Male,Alaska,0,24,Monthly
1874,64,Male,Wisconsin,0,49,Weekly
1875,67,Male,Indiana,0,14,Weekly
1876,63,Male,Tennessee,0,6,Quarterly
1877,54,Male,Illinois,0,20,Quarterly
1878,69,Male,Pennsylvania,0,3,Annually
1879,34,Male,Oklahoma,0,5,Monthly
1880,56,Male,Tennessee,0,46,Bi-Weekly
1881,34,Male,New Jersey,0,8,Monthly
1882,58,Male,New Jersey,0,13,Bi-Weekly
1883,44,Male,Tennessee,0,25,Quarterly
1884,25,Male,Georgia,0,39,Fortnightly
1885,27,Male,Arizona,0,15,Bi-Weekly
1886,26,Male,Nevada,0,35,Monthly
1887,18,Male,Arkansas,0,46,Bi-Weekly
1888,64,Male,North Dakota,0,3,Monthly
1889,62,Male,South Dakota,0,48,Weekly
1890,59,Male,North Carolina,0,27,Weekly
1891,36,Male,Hawaii,0,5,Weekly
1892,69,Male,New Hampshire,0,48,Quarterly
1893,39,Male,California,0,12,Weekly
1894,28,Male,Delaware,0,10,Fortnightly
1895,42,Male,Arizona,0,48,Bi-Weekly
1896,31,Male,Washington,0,3,Monthly
1897,57,Male,Nevada,0,19,Monthly
1898,53,Male,Alaska,0,11,Fortnightly
1899,59,Male,Texas,0,25,Monthly
1900,32,Male,New York,0,42,Weekly
1901,65,Male,Iowa,0,34,Quarterly
1902,56,Male,Arizona,0,50,Quarterly
1903,31,Male,New Mexico,0,21,Monthly
1904,59,Male,North Carolina,0,37,Weekly
1905,22,Male,Nevada,0,46,Monthly
1906,47,Male,Idaho,0,14,Fortnightly
1907,23,Male,Vermont,0,24,Fortnightly
1908,69,Male,New Mexico,0,36,Every 3 Months
1909,18,Male,Georgia,0,19,Bi-Weekly
1910,50,Male,Kentucky,0,12,Monthly
1911,29,Male,New York,0,13,Quarterly
1912,65,Male,Arizona,0,32,Bi-Weekly
1913,29,Male,Colorado,0,5,Bi-Weekly
1914,49,Male,Kentucky,0,29,Annually
1915,28,Male,Alaska,0,40,Fortnightly
1916,51,Male,Alabama,0,44,Weekly
1917,26,Male,Connecticut,0,3,Bi-Weekly
1918,38,Male,Hawaii,0,35,Bi-Weekly
1919,35,Male,Idaho,0,33,Monthly
1920,34,Male,Virginia,0,20,Bi-Weekly
1921,51,Male,Connecticut,0,40,Every 3 Months
1922,47,Male,Michigan,0,13,Annually
1923,18,Male,Kentucky,0,9,Monthly
1924,64,Male,Nebraska,0,7,Annually
1925,30,Male,Michigan,0,42,Quarterly
1926,59,Male,Utah,0,44,Fortnightly
1927,66,Male,New Mexico,0,6,Annually
1928,40,Male,Florida,0,8,Every 3 Months
1929,25,Male,Mississippi,0,10,Weekly
1930,59,Male,Hawaii,0,46,Quarterly
1931,66,Male,North Carolina,0,26,Weekly
1932,54,Male,Illinois,0,6,Every 3 Months
1933,42,Male,Maryland,0,47,Every 3 Months
1934,48,Male,Montana,0,28,Annually
1935,34,Male,Michigan,0,23,Annually
1936,19,Male,North Carolina,0,45,Fortnightly
1937,70,Male,Minnesota,0,44,Every 3 Months
1938,43,Male,Delaware,0,11,Monthly
1939,46,Male,Kentucky,0,39,Bi-Weekly
1940,66,Male,Ohio,0,20,Every 3 Months
1941,50,Male,Alaska,0,48,Fortnightly
1942,55,Male,Vermont,0,46,Quarterly
1943,63,Male,Alabama,0,22,Monthly
1944,32,Male,Wisconsin,0,45,Annually
1945,30,Male,Arkansas,0,49,Every 3 Months
1946,35,Male,Georgia,0,9,Every 3 Months
1947,59,Male,Louisiana,0,41,Quarterly
1948,59,Male,New York,0,2,Monthly
1949,54,Male,Connecticut,0,39,Bi-Weekly
1950,63,Male,Nebraska,0,12,Quarterly
1951,43,Male,Arkansas,0,26,Every 3 Months
1952,33,Male,Connecticut,0,32,Bi-Weekly
1953,57,Male,Maryland,0,50,Bi-Weekly
1954,25,Male,Colorado,0,3,Fortnightly
1955,26,Male,Colorado,0,3,Quarterly
1956,50,Male,Maine,0,37,Monthly
1957,70,Male,Oklahoma,0,20,Fortnightly
1958,68,Male,South Carolina,0,26,Bi-Weekly
1959,39,Male,Nevada,0,47,Quarterly
1960,46,Male,Colorado,0,7,Every 3 Months
1961,57,Male,Massachusetts,0,40,Annually
1962,47,Male,Nevada,0,45,Quarterly
1963,40,Male,Iowa,0,20,Fortnightly
1964,52,Male,Michigan,0,11,Weekly
1965,40,Male,West Virginia,0,50,Monthly
1966,67,Male,Indiana,0,25,Quarterly
1967,67,Male,Indiana,0,5,Fortnightly
1968,37,Male,Georgia,0,4,Annually
1969,67,Male,Minnesota,0,25,Weekly
1970,64,Male,Louisiana,0,11,Fortnightly
1971,28,Male,Maryland,0,4,Bi-Weekly
1972,54,Male,Pennsylvania,0,1,Monthly
1973,54,Male,Louisiana,0,48,Every 3 Months
1974,24,Male,Maryland,0,9,Every 3 Months
1975,27,Male,Tennessee,0,2,Fortnightly
1976,53,Male,Illinois,0,4,Quarterly
1977,32,Male,Wyoming,0,43,Fortnightly
1978,24,Male,Florida,0,32,Annually
1979,45,Male,Massachusetts,0,1,Quarterly
1980,49,Male,Tennessee,0,38,Fortnightly
1981,51,Male,Iowa,0,25,Fortnightly
1982,69,Male,Michigan,0,42,Quarterly
1983,41,Male,Kansas,0,32,Monthly
1984,59,Male,Georgia,0,21,Quarterly
1985,26,Male,West Virginia,0,26,Fortnightly
1986,23,Male,Tennessee,0,6,Fortnightly
1987,62,Male,Arkansas,0,14,Quarterly
1988,69,Male,Vermont,0,4,Quarterly
1989,46,Male,Virginia,0,26,Weekly
1990,35,Male,Maryland,0,39,Bi-Weekly
1991,32,Male,Connecticut,0,15,Annually
1992,46,Male,Missouri,0,1,Every 3 Months
1993,33,Male,New Jersey,0,28,Monthly
1994,32,Male,Arkansas,0,17,Weekly
1995,33,Male,Nevada,0,24,Weekly
1996,67,Male,Missouri,0,29,Quarterly
1997,67,Male,South Dakota,0,18,Every 3 Months
1998,42,Male,Connecticut,0,10,Bi-Weekly
1999,20,Male,Vermont,0,19,Quarterly
2000,39,Male,Tennessee,0,26,Monthly
2001,26,Male,California,0,25,Bi-Weekly
2002,51,Male,Wyoming,0,2,Fortnightly
2003,31,Male,New York,0,19,Every 3 Months
2004,68,Male,Maine,0,32,Quarterly
2005,44,Male,Georgia,0,13,Bi-Weekly
2006,18,Male,Tennessee,0,30,Fortnightly
2007,58,Male,New Mexico,0,2,Annually
2008,26,Male,Virginia,0,8,Quarterly
2009,57,Male,Florida,0,27,Every 3 Months
2010,37,Male,Alabama,0,26,Bi-Weekly
2011,24,Male,Texas,0,3,Bi-Weekly
2012,57,Male,West Virginia,0,4,Monthly
2013,48,Male,Nevada,0,5,Fortnightly
2014,39,Male,Virginia,0,25,Quarterly
2015,51,Male,Wisconsin,0,47,Bi-Weekly
2016,57,Male,Virginia,0,8,Fortnightly
2017,53,Male,Maine,0,20,Fortnightly
2018,70,Male,Massachusetts,0,42,Every 3 Months
2019,60,Male,Arkansas,0,20,Weekly
2020,31,Male,Idaho,0,23,Fortnightly
2021,41,Male,Pennsylvania,0,26,Quarterly
2022,62,Male,Maine,0,48,Quarterly
2023,59,Male,Alabama,0,16,Bi-Weekly
2024,46,Male,Idaho,0,28,Bi-Weekly
2025,62,Male,Arkansas,0,39,Weekly
2026,42,Male,Delaware,0,43,Fortnightly
2027,37,Male,Maine,0,45,Every 3 Months
2028,50,Male,Nebraska,0,50,Every 3 Months
2029,29,Male,Ohio,0,10,Bi-Weekly
2030,25,Male,Montana,0,40,Quarterly
2031,66,Male,New Mexico,0,38,Monthly
2032,21,Male,North Carolina,0,2,Monthly
2033,46,Male,South Carolina,0,13,Annually
2034,57,Male,Illinois,0,33,Annually
2035,61,Male,Alabama,0,27,Monthly
2036,53,Male,Oklahoma,0,43,Weekly
2037,37,Male,Minnesota,0,46,Weekly
2038,39,Male,Illinois,0,7,Bi-Weekly
2039,53,Male,Arkansas,0,35,Fortnightly
2040,35,Male,Minnesota,0,31,Bi-Weekly
2041,69,Male,South Carolina,0,42,Quarterly
2042,66,Male,New York,0,14,Bi-Weekly
2043,19,Male,Alabama,0,35,Monthly
2044,47,Male,New York,0,49,Weekly
2045,49,Male,Missouri,0,17,Fortnightly
2046,31,Male,Georgia,0,26,Quarterly
2047,39,Male,Oklahoma,0,30,Every 3 Months
2048,58,Male,Connecticut,0,32,Annually
2049,45,Male,Michigan,0,35,Quarterly
2050,68,Male,Rhode Island,0,15,Annually
2051,35,Male,Mississippi,0,10,Annually
2052,65,Male,Massachusetts,0,14,Monthly
2053,45,Male,New Hampshire,0,30,Annually
2054,19,Male,Wyoming,0,16,Fortnightly
2055,65,Male,New Jersey,0,14,Annually
2056,28,Male,Texas,0,28,Weekly
2057,55,Male,Minnesota,0,29,Monthly
2058,66,Male,South Dakota,0,5,Every 3 Months
2059,29,Male,Washington,0,17,Quarterly
2060,56,Male,California,0,50,Weekly
2061,21,Male,Wisconsin,0,23,Quarterly
2062,32,Male,Michigan,0,22,Annually
2063,54,Male,South Carolina,0,15,Quarterly
2064,61,Male,Indiana,0,32,Monthly
2065,31,Male,Arkansas,0,5,Monthly
2066,27,Male,Oregon,0,6,Bi-Weekly
2067,64,Male,Illinois,0,44,Fortnightly
2068,60,Male,Maryland,0,23,Fortnightly
2069,70,Male,Vermont,0,44,Monthly
2070,36,Male,Texas,0,3,Quarterly
2071,56,Male,Nebraska,0,14,Monthly
2072,69,Male,South Carolina,0,37,Quarterly
2073,39,Male,Massachusetts,0,22,Weekly
2074,38,Male,Texas,0,2,Every 3 Months
2075,36,Male,Florida,0,44,Fortnightly
2076,46,Male,South Carolina,0,49,Monthly
2077,59,Male,Florida,0,22,Bi-Weekly
2078,64,Male,Nebraska,0,26,Annually
2079,49,Male,Hawaii,0,40,Weekly
2080,32,Male,Montana,0,16,Quarterly
2081,29,Male,South Dakota,0,17,Bi-Weekly
2082,24,Male,Alabama,0,48,Bi-Weekly
2083,41,Male,Arkansas,0,28,Every 3 Months
2084,41,Male,Mississippi,0,26,Fortnightly
2085,32,Male,Vermont,0,43,Quarterly
2086,69,Male,New York,0,38,Weekly
2087,65,Male,North Dakota,0,36,Every 3 Months
2088,54,Male,Wisconsin,0,1,Weekly
2089,39,Male,California,0,49,Annually
2090,37,Male,Maryland,0,41,Every 3 Months
2091,51,Male,Massachusetts,0,21,Monthly
2092,26,Male,Washington,0,24,Quarterly
2093,42,Male,Minnesota,0,27,Weekly
2094,21,Male,Washington,0,4,Annually
2095,53,Male,South Carolina,0,19,Annually
2096,36,Male,New Mexico,0,1,Fortnightly
2097,21,Male,North Carolina,0,27,Annually
2098,33,Male,Iowa,0,5,Weekly
2099,49,Male,Louisiana,0,20,Quarterly
2100,31,Male,Oklahoma,0,50,Annually
2101,68,Male,Michigan,0,36,Fortnightly
2102,49,Male,Oregon,0,12,Bi-Weekly
2103,23,Male,Idaho,0,23,Monthly
2104,30,Male,Indiana,0,21,Weekly
2105,53,Male,New Mexico,0,47,Weekly
2106,65,Male,South Carolina,0,38,Bi-Weekly
2107,60,Male,Vermont,0,40,Every 3 Months
2108,46,Male,Delaware,0,35,Quarterly
2109,54,Male,North Dakota,0,4,Quarterly
2110,59,Male,California,0,28,Every 3 Months
2111,52,Male,Montana,0,36,Every 3 Months
2112,41,Male,Missouri,0,15,Annually
2113,43,Male,Tennessee,0,7,Fortnightly
2114,63,Male,Virginia,0,29,Every 3 Months
2115,37,Male,Vermont,0,12,Annually
2116,44,Male,Rhode Island,0,16,Bi-Weekly
2117,67,Male,Kansas,0,50,Bi-Weekly
2118,27,Male,Colorado,0,11,Annually
2119,60,Male,Georgia,0,28,Quarterly
2120,58,Male,Nebraska,0,36,Bi-Weekly
2121,53,Male,Missouri,0,38,Quarterly
2122,43,Male,Alaska,0,32,Monthly
2123,32,Male,Virginia,0,42,Weekly
2124,54,Male,Nebraska,0,22,Bi-Weekly
2125,47,Male,Rhode Island,0,22,Quarterly
2126,57,Male,New Hampshire,0,31,Quarterly
2127,63,Male,Alabama,0,28,Monthly
2128,70,Male,North Carolina,0,40,Weekly
2129,62,Male,New Mexico,0,21,Weekly
2130,40,Male,Minnesota,0,12,Every 3 Months
2131,25,Male,Arizona,0,33,Annually
2132,19,Male,Montana,0,9,Fortnightly
2133,25,Male,Vermont,0,15,Weekly
2134,21,Male,Maine,0,13,Annually
2135,55,Male,Virginia,0,35,Fortnightly
2136,34,Male,California,0,1,Every 3 Months
2137,47,Male,New York,0,25,Fortnightly
2138,27,Male,Indiana,0,20,Every 3 Months
2139,67,Male,Mississippi,0,36,Quarterly
2140,40,Male,New York,0,33,Weekly
2141,53,Male,New Mexico,0,36,Fortnightly
2142,24,Male,Kentucky,0,32,Annually
2143,47,Male,North Dakota,0,21,Quarterly
2144,53,Male,Arkansas,0,48,Bi-Weekly
2145,47,Male,Maryland,0,25,Quarterly
2146,38,Male,Connecticut,0,32,Annually
2147,48,Male,Utah,0,45,Every 3 Months
2148,47,Male,Missouri,0,4,Fortnightly
2149,19,Male,Nebraska,0,19,Bi-Weekly
2150,38,Male,Hawaii,0,1,Weekly
2151,57,Male,Illinois,0,12,Weekly
2152,70,Male,Vermont,0,18,Monthly
2153,38,Male,New Jersey,0,43,Bi-Weekly
2154,35,Male,Kentucky,0,31,Annually
2155,46,Male,Wyoming,0,33,Every 3 Months
2156,32,Male,Hawaii,0,46,Monthly
2157,38,Male,Missouri,0,41,Bi-Weekly
2158,41,Male,Mississippi,0,41,Fortnightly
2159,19,Male,Massachusetts,0,9,Fortnightly
2160,18,Male,Louisiana,0,34,Annually
2161,45,Male,West Virginia,0,21,Annually
2162,23,Male,Washington,0,5,Fortnightly
2163,60,Male,Oregon,0,32,Weekly
2164,52,Male,New York,0,44,Monthly
2165,42,Male,Iowa,0,46,Bi-Weekly
2166,29,Male,Idaho,0,42,Every 3 Months
2167,31,Male,New Jersey,0,50,Bi-Weekly
2168,30,Male,Ohio,0,33,Fortnightly
2169,23,Male,Connecticut,0,32,Quarterly
2170,31,Male,Florida,0,32,Bi-Weekly
2171,40,Male,South Carolina,0,37,Every 3 Months
2172,39,Male,Missouri,0,9,Fortnightly
2173,28,Male,Rhode Island,0,6,Fortnightly
2174,23,Male,Delaware,0,36,Quarterly
2175,42,Male,Colorado,0,1,Annually
2176,68,Male,Nebraska,0,48,Fortnightly
2177,24,Male,Vermont,0,44,Quarterly
2178,24,Male,Montana,0,9,Bi-Weekly
2179,21,Male,Florida,0,32,Annually
2180,49,Male,Delaware,0,14,Monthly
2181,41,Male,Connecticut,0,43,Quarterly
2182,22,Male,Hawaii,0,32,Bi-Weekly
2183,42,Male,New Mexico,0,26,Bi-Weekly
2184,30,Male,Kansas,0,2,Monthly
2185,38,Male,Nevada,0,16,Every 3 Months
2186,40,Male,North Carolina,0,50,Every 3 Months
2187,55,Male,New Mexico,0,6,Every 3 Months
2188,37,Male,Idaho,0,20,Annually
2189,41,Male,California,0,9,Weekly
2190,38,Male,Wisconsin,0,47,Bi-Weekly
2191,42,Male,Alaska,0,33,Annually
2192,26,Male,Pennsylvania,0,46,Bi-Weekly
2193,41,Male,Virginia,0,9,Monthly
2194,27,Male,California,0,8,Monthly
2195,61,Male,Kentucky,0,48,Quarterly
2196,58,Male,New York,0,2,Monthly
2197,25,Male,Vermont,0,31,Weekly
2198,33,Male,Pennsylvania,0,40,Monthly
2199,57,Male,New York,0,35,Monthly
2200,39,Male,North Carolina,0,40,Monthly
2201,60,Male,Wyoming,0,27,Every 3 Months
2202,39,Male,Ohio,0,10,Annually
2203,42,Male,Alabama,0,23,Weekly
2204,53,Male,Rhode Island,0,32,Quarterly
2205,20,Male,Oregon,0,6,Monthly
2206,46,Male,North Dakota,0,27,Weekly
2207,46,Male,Illinois,0,25,Fortnightly
2208,69,Male,New Mexico,0,11,Annually
2209,28,Male,Colorado,0,23,Monthly
2210,42,Male,Utah,0,44,Quarterly
2211,30,Male,Virginia,0,35,Fortnightly
2212,50,Male,Maine,0,45,Every 3 Months
2213,59,Male,Nebraska,0,22,Quarterly
2214,54,Male,Hawaii,0,18,Quarterly
2215,50,Male,Idaho,0,20,Weekly
2216,25,Male,West Virginia,0,28,Fortnightly
2217,41,Male,Vermont,0,15,Bi-Weekly
2218,35,Male,Indiana,0,42,Fortnightly
2219,67,Male,Idaho,0,20,Quarterly
2220,33,Male,Minnesota,0,16,Fortnightly
2221,19,Male,Wyoming,0,47,Annually
2222,25,Male,Kansas,0,34,Annually
2223,32,Male,Georgia,0,30,Weekly
2224,30,Male,Kansas,0,5,Quarterly
2225,18,Male,Nebraska,0,38,Quarterly
2226,38,Male,Washington,0,18,Annually
2227,22,Male,Missouri,0,28,Annually
2228,40,Male,Washington,0,42,Fortnightly
2229,54,Male,Kansas,0,5,Weekly
2230,70,Male,Minnesota,0,50,Monthly
2231,52,Male,Colorado,0,33,Fortnightly
2232,34,Male,Utah,0,1,Weekly
2233,65,Male,North Carolina,0,14,Fortnightly
2234,38,Male,Florida,0,48,Monthly
2235,35,Male,New Hampshire,0,26,Weekly
2236,40,Male,Illinois,0,44,Annually
2237,23,Male,Louisiana,0,18,Fortnightly
2238,45,Male,Alabama,0,31,Every 3 Months
2239,40,Male,Florida,0,18,Weekly
2240,42,Male,Alabama,0,41,Every 3 Months
2241,57,Male,California,0,18,Every 3 Months
2242,18,Male,Maryland,0,3,Bi-Weekly
2243,18,Male,Nevada,0,5,Bi-Weekly
2244,56,Male,Massachusetts,0,13,Annually
2245,35,Male,South Carolina,0,22,Annually
2246,49,Male,Delaware,0,45,Fortnightly
2247,49,Male,Hawaii,0,39,Every 3 Months
2248,34,Male,Florida,0,18,Annually
2249,63,Male,Rhode Island,0,19,Fortnightly
2250,42,Male,Wyoming,0,29,Weekly
2251,41,Male,Colorado,0,19,Weekly
2252,26,Male,Virginia,0,22,Monthly
2253,48,Male,Nebraska,0,21,Annually
2254,62,Male,Oklahoma,0,22,Monthly
2255,24,Male,North Dakota,0,44,Every 3 Months
2256,48,Male,Michigan,0,42,Quarterly
2257,31,Male,California,0,33,Quarterly
2258,41,Male,Tennessee,0,6,Annually
2259,24,Male,Ohio,0,44,Every 3 Months
2260,60,Male,Florida,0,24,Annually
2261,38,Male,Missouri,0,16,Quarterly
2262,58,Male,South Carolina,0,12,Fortnightly
2263,53,Male,Arizona,0,50,Monthly
2264,44,Male,Indiana,0,42,Quarterly
2265,51,Male,North Dakota,0,50,Monthly
2266,36,Male,Montana,0,10,Quarterly
2267,20,Male,Missouri,0,32,Weekly
2268,32,Male,Kentucky,0,37,Weekly
2269,66,Male,Georgia,0,15,Monthly
2270,49,Male,Kentucky,0,27,Annually
2271,27,Male,Georgia,0,7,Weekly
2272,29,Male,Alaska,0,49,Quarterly
2273,29,Male,Maine,0,44,Monthly
2274,55,Male,New Mexico,0,13,Bi-Weekly
2275,57,Male,New York,0,38,Fortnightly
2276,29,Male,Oklahoma,0,10,Weekly
2277,31,Male,Wyoming,0,25,Weekly
2278,25,Male,Alabama,0,18,Quarterly
2279,61,Male,Maryland,0,6,Every 3 Months
2280,53,Male,West Virginia,0,35,Quarterly
2281,22,Male,Kentucky,0,31,Fortnightly
2282,28,Male,Kansas,0,41,Annually
2283,18,Male,Idaho,0,8,Annually
2284,44,Male,Ohio,0,34,Fortnightly
2285,32,Male,Iowa,0,20,Annually
2286,34,Male,Michigan,0,38,Every 3 Months
2287,67,Male,South Dakota,0,35,Quarterly
2288,66,Male,Nebraska,0,6,Annually
2289,28,Male,California,0,50,Weekly
2290,70,Male,Nevada,0,47,Weekly
2291,37,Male,Kansas,0,23,Quarterly
2292,28,Male,Ohio,0,13,Quarterly
2293,43,Male,Vermont,0,31,Monthly
2294,37,Male,Georgia,0,16,Every 3 Months
2295,54,Male,Maryland,0,40,Annually
2296,50,Male,Connecticut,0,45,Quarterly
2297,46,Male,Washington,0,50,Every 3 Months
2298,60,Male,California,0,1,Quarterly
2299,40,Male,Montana,0,10,Every 3 Months
2300,64,Male,Idaho,0,48,Every 3 Months
2301,18,Male,Pennsylvania,0,38,Monthly
2302,37,Male,Maine,0,21,Annually
2303,36,Male,Montana,0,38,Monthly
2304,51,Male,New Jersey,0,31,Fortnightly
2305,26,Male,Louisiana,0,9,Fortnightly
2306,68,Male,Maine,0,47,Weekly
2307,27,Male,Florida,0,8,Bi-Weekly
2308,28,Male,Missouri,0,30,Annually
2309,49,Male,North Dakota,0,22,Quarterly
2310,70,Male,Connecticut,0,3,Quarterly
2311,30,Male,Virginia,0,15,Monthly
2312,27,Male,Montana,0,10,Every 3 Months
2313,19,Male,Vermont,0,19,Every 3 Months
2314,64,Male,Georgia,0,36,Fortnightly
2315,42,Male,Virginia,0,12,Every 3 Months
2316,69,Male,Vermont,0,49,Quarterly
2317,28,Male,Montana,0,7,Annually
2318,47,Male,New Jersey,0,28,Monthly
2319,69,Male,Wyoming,0,30,Annually
2320,56,Male,Maine,0,29,Monthly
2321,28,Male,New Mexico,0,9,Every 3 Months
2322,50,Male,Colorado,0,27,Fortnightly
2323,39,Male,Connecticut,0,21,Fortnightly
2324,35,Male,Maryland,0,36,Monthly
2325,59,Male,Oregon,0,19,Annually
2326,44,Male,New York,0,47,Weekly
2327,66,Male,Oklahoma,0,38,Annually
2328,20,Male,Alabama,0,22,Bi-Weekly
2329,45,Male,North Dakota,0,29,Bi-Weekly
2330,49,Male,Nebraska,0,42,Annually
2331,60,Male,Arizona,0,47,Every 3 Months
2332,61,Male,Illinois,0,10,Bi-Weekly
2333,36,Male,South Carolina,0,10,Monthly
2334,33,Male,Kansas,0,1,Every 3 Months
2335,49,Male,Kansas,0,7,Monthly
2336,31,Male,Idaho,0,10,Fortnightly
2337,19,Male,California,0,11,Weekly
2338,39,Male,North Dakota,0,5,Annually
2339,66,Male,Georgia,0,21,Quarterly
2340,25,Male,Illinois,0,24,Quarterly
2341,63,Male,Delaware,0,37,Fortnightly
2342,56,Male,Connecticut,0,22,Every 3 Months
2343,20,Male,Tennessee,0,16,Fortnightly
2344,58,Male,Maryland,0,44,Monthly
2345,34,Male,Rhode Island,0,14,Bi-Weekly
2346,28,Male,New York,0,23,Every 3 Months
2347,22,Male,New Mexico,0,46,Fortnightly
2348,37,Male,California,0,46,Every 3 Months
2349,54,Male,Maine,0,16,Every 3 Months
2350,65,Male,New York,0,40,Every 3 Months
2351,57,Male,Hawaii,0,21,Annually
2352,38,Male,New Hampshire,0,25,Bi-Weekly
2353,70,Male,Nebraska,0,25,Quarterly
2354,56,Male,Montana,0,25,Every 3 Months
2355,56,Male,Wisconsin,0,27,Monthly
2356,22,Male,Tennessee,0,12,Monthly
2357,57,Male,Montana,0,27,Quarterly
2358,53,Male,Michigan,0,40,Bi-Weekly
2359,53,Male,Texas,0,38,Quarterly
2360,19,Male,Pennsylvania,0,44,Every 3 Months
2361,49,Male,New York,0,27,Every 3 Months
2362,44,Male,Alabama,0,30,Every 3 Months
2363,27,Male,Virginia,0,24,Monthly
2364,60,Male,Pennsylvania,0,38,Bi-Weekly
2365,62,Male,Mississippi,0,4,Quarterly
2366,52,Male,Wyoming,0,32,Monthly
2367,30,Male,New Mexico,0,32,Fortnightly
2368,66,Male,North Dakota,0,28,Bi-Weekly
2369,29,Male,New Jersey,0,6,Every 3 Months
2370,24,Male,Vermont,0,24,Monthly
2371,51,Male,Alaska,0,38,Weekly
2372,67,Male,Indiana,0,28,Annually
2373,50,Male,Alabama,0,9,Fortnightly
2374,37,Male,Michigan,0,21,Every 3 Months
2375,69,Male,Washington,0,31,Monthly
2376,60,Male,Virginia,0,18,Quarterly
2377,21,Male,Tennessee,0,5,Weekly
2378,44,Male,South Dakota,0,22,Annually
2379,26,Male,New Hampshire,0,37,Bi-Weekly
2380,40,Male,South Dakota,0,22,Monthly
2381,41,Male,Pennsylvania,0,36,Fortnightly
2382,62,Male,Wisconsin,0,23,Annually
2383,39,Male,California,0,44,Weekly
2384,53,Male,Rhode Island,0,25,Annually
2385,24,Male,Alabama,0,40,Quarterly
2386,41,Male,Oklahoma,0,12,Weekly
2387,19,Male,Illinois,0,14,Monthly
2388,36,Male,Tennessee,0,14,Monthly
2389,21,Male,Alabama,0,10,Annually
2390,25,Male,Kansas,0,17,Every 3 Months
2391,65,Male,Arizona,0,24,Fortnightly
2392,42,Male,Michigan,0,31,Quarterly
2393,40,Male,Missouri,0,36,Annually
2394,58,Male,Louisiana,0,38,Every 3 Months
2395,40,Male,Connecticut,0,23,Fortnightly
2396,62,Male,Connecticut,0,47,Bi-Weekly
2397,38,Male,Oregon,0,20,Weekly
2398,37,Male,West Virginia,0,41,Monthly
2399,65,Male,Florida,0,44,Fortnightly
2400,55,Male,New Hampshire,0,31,Monthly
2401,43,Male,Oregon,0,11,Bi-Weekly
2402,43,Male,Oregon,0,25,Bi-Weekly
2403,45,Male,Utah,0,31,Weekly
2404,64,Male,Missouri,0,40,Weekly
2405,28,Male,West Virginia,0,23,Bi-Weekly
2406,69,Male,California,0,5,Quarterly
2407,54,Male,California,0,26,Weekly
2408,52,Male,Illinois,0,11,Bi-Weekly
2409,23,Male,Hawaii,0,44,Every 3 Months
2410,26,Male,Washington,0,47,Every 3 Months
2411,48,Male,Wisconsin,0,46,Monthly
2412,49,Male,Virginia,0,35,Every 3 Months
2413,53,Male,Oregon,0,8,Bi-Weekly
2414,69,Male,Pennsylvania,0,30,Weekly
2415,26,Male,Virginia,0,14,Bi-Weekly
2416,21,Male,Hawaii,0,30,Weekly
2417,59,Male,Nebraska,0,26,Every 3 Months
2418,21,Male,Alaska,0,32,Fortnightly
2419,22,Male,Michigan,0,47,Every 3 Months
2420,26,Male,North Carolina,0,11,Every 3 Months
2421,41,Male,North Carolina,0,28,Annually
2422,37,Male,Minnesota,0,2,Every 3 Months
2423,30,Male,Georgia,0,45,Weekly
2424,49,Male,West Virginia,0,7,Every 3 Months
2425,49,Male,Delaware,0,28,Bi-Weekly
2426,58,Male,North Dakota,0,34,Quarterly
2427,70,Male,Florida,0,26,Every 3 Months
2428,27,Male,Oregon,0,45,Quarterly
2429,65,Male,Idaho,0,34,Annually
2430,57,Male,Virginia,0,47,Fortnightly
2431,20,Male,North Dakota,0,42,Quarterly
2432,34,Male,Alabama,0,27,Every 3 Months
2433,59,Male,Hawaii,0,43,Monthly
2434,54,Male,Oregon,0,16,Bi-Weekly
2435,36,Male,Utah,0,40,Monthly
2436,21,Male,Hawaii,0,29,Bi-Weekly
2437,52,Male,Connecticut,0,38,Quarterly
2438,43,Male,Wyoming,0,34,Weekly
2439,32,Male,Delaware,0,30,Weekly
2440,55,Male,Arkansas,0,45,Annually
2441,31,Male,Indiana,0,47,Annually
2442,45,Male,California,0,5,Monthly
2443,53,Male,Wyoming,0,50,Bi-Weekly
2444,24,Male,South Dakota,0,24,Bi-Weekly
2445,47,Male,West Virginia,0,15,Bi-Weekly
2446,63,Male,Tennessee,0,50,Weekly
2447,38,Male,Alaska,0,7,Monthly
2448,59,Male,South Dakota,0,10,Fortnightly
2449,54,Male,Tennessee,0,38,Bi-Weekly
2450,26,Male,Alabama,0,31,Fortnightly
2451,68,Male,North Carolina,0,7,Quarterly
2452,41,Male,Oklahoma,0,27,Monthly
2453,68,Male,New York,0,45,Every 3 Months
2454,21,Male,Iowa,0,13,Annually
2455,32,Male,Alaska,0,33,Annually
2456,20,Male,Alaska,0,25,Every 3 Months
2457,59,Male,Nebraska,0,5,Monthly
2458,53,Male,Delaware,0,23,Quarterly
2459,66,Male,Texas,0,17,Weekly
2460,47,Male,Missouri,0,14,Weekly
2461,58,Male,Maine,0,28,Annually
2462,28,Male,Pennsylvania,0,19,Weekly
2463,68,Male,Missouri,0,31,Bi-Weekly
2464,60,Male,Mississippi,0,25,Bi-Weekly
2465,47,Male,Hawaii,0,4,Bi-Weekly
2466,18,Male,Texas,0,20,Weekly
2467,32,Male,South Dakota,0,37,Annually
2468,27,Male,New Jersey,0,28,Annually
2469,65,Male,Connecticut,0,6,Weekly
2470,68,Male,Maryland,0,27,Annually
2471,55,Male,Arizona,0,29,Fortnightly
2472,30,Male,Oklahoma,0,1,Annually
2473,24,Male,Utah,0,31,Annually
2474,57,Male,Arkansas,0,28,Quarterly
2475,23,Male,North Carolina,0,19,Quarterly
2476,69,Male,California,0,36,Monthly
2477,60,Male,Colorado,0,28,Monthly
2478,25,Male,California,0,29,Weekly
2479,18,Male,Vermont,0,9,Every 3 Months
2480,37,Male,Kansas,0,26,Every 3 Months
2481,61,Male,Ohio,0,7,Fortnightly
2482,41,Male,New Jersey,0,35,Weekly
2483,69,Male,Arizona,0,46,Every 3 Months
2484,32,Male,Arizona,0,8,Monthly
2485,60,Male,New Hampshire,0,50,Every 3 Months
2486,43,Male,Louisiana,0,37,Annually
2487,61,Male,Texas,0,6,Fortnightly
2488,57,Male,Montana,0,16,Bi-Weekly
2489,56,Male,New Hampshire,0,30,Monthly
2490,66,Male,South Dakota,0,50,Quarterly
2491,52,Male,Montana,0,5,Every 3 Months
2492,63,Male,North Carolina,0,15,Monthly
2493,50,Male,South Dakota,0,34,Bi-Weekly
2494,21,Male,Maine,0,6,Every 3 Months
2495,42,Male,Oklahoma,0,26,Annually
2496,40,Male,Nebraska,0,34,Every 3 Months
2497,67,Male,Illinois,0,37,Weekly
2498,35,Male,Colorado,0,28,Annually
2499,18,Male,Massachusetts,0,38,Fortnightly
2500,52,Male,Louisiana,0,2,Quarterly
2501,59,Male,Massachusetts,0,32,Bi-Weekly
2502,49,Male,West Virginia,0,30,Bi-Weekly
2503,46,Male,Idaho,0,17,Every 3 Months
2504,69,Male,Ohio,0,5,Bi-Weekly
2505,56,Male,Rhode Island,0,31,Bi-Weekly
2506,27,Male,Illinois,0,43,Quarterly
2507,57,Male,New York,0,19,Annually
2508,58,Male,Louisiana,0,32,Every 3 Months
2509,23,Male,California,0,5,Bi-Weekly
2510,19,Male,Washington,0,9,Quarterly
2511,40,Male,South Dakota,0,48,Weekly
2512,54,Male,Idaho,0,1,Quarterly
2513,50,Male,North Dakota,0,20,Monthly
2514,69,Male,Washington,0,42,Annually
2515,42,Male,Alaska,0,45,Bi-Weekly
2516,37,Male,Kansas,0,41,Monthly
2517,46,Male,Utah,0,36,Quarterly
2518,64,Male,Wyoming,0,10,Annually
2519,20,Male,Maine,0,31,Annually
2520,40,Male,Michigan,0,21,Quarterly
2521,64,Male,Illinois,0,16,Every 3 Months
2522,29,Male,Minnesota,0,18,Every 3 Months
2523,20,Male,Massachusetts,0,20,Weekly
2524,43,Male,New Jersey,0,21,Annually
2525,60,Male,Kansas,0,23,Quarterly
2526,39,Male,Kentucky,0,20,Weekly
2527,47,Male,Rhode Island,0,30,Bi-Weekly
2528,19,Male,Illinois,0,33,Every 3 Months
2529,52,Male,Alabama,0,31,Monthly
2530,34,Male,Tennessee,0,48,Monthly
2531,25,Male,Massachusetts,0,28,Weekly
2532,43,Male,Texas,0,7,Every 3 Months
2533,55,Male,Nebraska,0,4,Weekly
2534,66,Male,Pennsylvania,0,49,Bi-Weekly
2535,41,Male,Virginia,0,22,Weekly
2536,47,Male,Vermont,0,39,Fortnightly
2537,51,Male,Oklahoma,0,45,Every 3 Months
2538,44,Male,Maine,0,30,Fortnightly
2539,18,Male,New Jersey,0,33,Bi-Weekly
2540,33,Male,Massachusetts,0,24,Bi-Weekly
2541,24,Male,New Jersey,0,11,Quarterly
2542,33,Male,Washington,0,13,Every 3 Months
2543,61,Male,Arkansas,0,27,Annually
2544,27,Male,West Virginia,0,30,Bi-Weekly
2545,46,Male,Delaware,0,39,Quarterly
2546,38,Male,Texas,0,10,Annually
2547,63,Male,Texas,0,4,Quarterly
2548,47,Male,Mississippi,0,16,Weekly
2549,42,Male,Texas,0,34,Monthly
2550,41,Male,Virginia,0,11,Every 3 Months
2551,53,Male,New Hampshire,0,30,Fortnightly
2552,29,Male,Minnesota,0,40,Annually
2553,61,Male,Maryland,0,13,Annually
2554,69,Male,Vermont,0,28,Every 3 Months
2555,51,Male,Kansas,0,49,Bi-Weekly
2556,24,Male,Idaho,0,23,Weekly
2557,24,Male,Montana,0,4,Quarterly
2558,70,Male,Oklahoma,0,17,Fortnightly
2559,49,Male,California,0,24,Fortnightly
2560,48,Male,Mississippi,0,21,Every 3 Months
2561,58,Male,California,0,17,Bi-Weekly
2562,32,Male,New York,0,22,Quarterly
2563,57,Male,Arizona,0,27,Fortnightly
2564,69,Male,Massachusetts,0,1,Every 3 Months
2565,42,Male,Kentucky,0,27,Weekly
2566,30,Male,Vermont,0,8,Quarterly
2567,35,Male,Missouri,0,43,Quarterly
2568,19,Male,Michigan,0,24,Fortnightly
2569,52,Male,Texas,0,29,Fortnightly
2570,42,Male,New York,0,10,Bi-Weekly
2571,36,Male,New Mexico,0,12,Fortnightly
2572,45,Male,Mississippi,0,48,Fortnightly
2573,54,Male,Washington,0,40,Quarterly
2574,54,Male,New Mexico,0,1,Annually
2575,27,Male,Florida,0,26,Fortnightly
2576,53,Male,Minnesota,0,9,Annually
2577,20,Male,New Hampshire,0,19,Quarterly
2578,52,Male,Minnesota,0,37,Monthly
2579,54,Male,Vermont,0,3,Quarterly
2580,65,Male,Minnesota,0,40,Weekly
2581,43,Male,Massachusetts,0,13,Quarterly
2582,57,Male,Wyoming,0,48,Monthly
2583,19,Male,South Dakota,0,4,Every 3 Months
2584,69,Male,Oklahoma,0,9,Weekly
2585,26,Male,Florida,0,26,Bi-Weekly
2586,57,Male,Wisconsin,0,19,Weekly
2587,20,Male,Maine,0,1,Every 3 Months
2588,55,Male,Connecticut,0,29,Every 3 Months
2589,44,Male,Delaware,0,38,Bi-Weekly
2590,52,Male,North Dakota,0,31,Annually
2591,57,Male,California,0,35,Annually
2592,40,Male,New Mexico,0,40,Quarterly
2593,23,Male,Iowa,0,13,Quarterly
2594,36,Male,Colorado,0,9,Every 3 Months
2595,59,Male,Montana,0,25,Every 3 Months
2596,29,Male,Iowa,0,3,Bi-Weekly
2597,63,Male,Louisiana,0,35,Monthly
2598,60,Male,Alabama,0,13,Bi-Weekly
2599,64,Male,Nevada,0,31,Annually
2600,63,Male,Vermont,0,48,Monthly
2601,21,Male,New York,0,6,Bi-Weekly
2602,61,Male,Mississippi,0,43,Monthly
2603,65,Male,South Carolina,0,1,Quarterly
2604,69,Male,Washington,0,8,Annually
2605,47,Male,Colorado,0,6,Weekly
2606,41,Male,Nevada,0,32,Fortnightly
2607,68,Male,Nevada,0,46,Bi-Weekly
2608,41,Male,Oklahoma,0,38,Every 3 Months
2609,42,Male,Mississippi,0,48,Fortnightly
2610,66,Male,Arkansas,0,18,Bi-Weekly
2611,66,Male,West Virginia,0,25,Quarterly
2612,33,Male,Michigan,0,4,Fortnightly
2613,55,Male,Louisiana,0,27,Quarterly
2614,58,Male,South Dakota,0,14,Monthly
2615,18,Male,North Dakota,0,36,Fortnightly
2616,49,Male,Arizona,0,6,Quarterly
2617,61,Male,Georgia,0,46,Annually
2618,31,Male,Idaho,0,29,Annually
2619,70,Male,Louisiana,0,12,Monthly
2620,68,Male,Connecticut,0,47,Weekly
2621,27,Male,Ohio,0,28,Annually
2622,48,Male,Maine,0,21,Annually
2623,63,Male,New Hampshire,0,15,Annually
2624,49,Male,Massachusetts,0,38,Annually
2625,19,Male,South Dakota,0,19,Annually
2626,30,Male,Colorado,0,31,Weekly
2627,50,Male,Rhode Island,0,30,Every 3 Months
2628,66,Male,Missouri,0,40,Quarterly
2629,25,Male,Wyoming,0,42,Bi-Weekly
2630,61,Male,New Hampshire,0,25,Annually
2631,29,Male,Maine,0,20,Quarterly
2632,53,Male,Connecticut,0,3,Weekly
2633,24,Male,Alaska,0,14,Annually
2634,51,Male,Alaska,0,32,Fortnightly
2635,26,Male,North Carolina,0,20,Every 3 Months
2636,59,Male,Colorado,0,34,Fortnightly
2637,41,Male,Utah,0,6,Annually
2638,20,Male,Alabama,0,2,Annually
2639,22,Male,Hawaii,0,35,Annually
2640,18,Male,New Hampshire,0,33,Quarterly
2641,30,Male,Indiana,0,45,Bi-Weekly
2642,25,Male,Vermont,0,20,Every 3 Months
2643,39,Male,Iowa,0,48,Annually
2644,49,Male,Maryland,0,37,Monthly
2645,25,Male,New Mexico,0,4,Every 3 Months
2646,23,Male,Louisiana,0,24,Bi-Weekly
2647,33,Male,New Mexico,0,4,Every 3 Months
2648,60,Male,South Carolina,0,25,Annually
2649,51,Male,Illinois,0,14,Bi-Weekly
2650,23,Male,Minnesota,0,14,Fortnightly
2651,20,Male,Oregon,0,46,Every 3 Months
2652,51,Male,Tennessee,0,27,Quarterly
2653,23,Female,Maryland,0,46,Monthly
2654,67,Female,Wisconsin,0,24,Every 3 Months
2655,23,Female,Idaho,0,4,Annually
2656,26,Female,Wyoming,0,2,Fortnightly
2657,52,Female,Indiana,0,29,Fortnightly
2658,52,Female,Texas,0,7,Fortnightly
2659,52,Female,Ohio,0,39,Monthly
2660,35,Female,Kansas,0,46,Fortnightly
2661,24,Female,South Carolina,0,44,Annually
2662,43,Female,Michigan,0,20,Annually
2663,25,Female,Nebraska,0,44,Fortnightly
2664,46,Female,Wisconsin,0,23,Annually
2665,22,Female,Illinois,0,37,Weekly
2666,70,Female,Louisiana,0,4,Weekly
2667,49,Female,Ohio,0,14,Fortnightly
2668,48,Female,Maryland,0,31,Fortnightly
2669,59,Female,Texas,0,9,Quarterly
2670,39,Female,Illinois,0,31,Weekly
2671,30,Female,Pennsylvania,0,26,Bi-Weekly
2672,37,Female,Alabama,0,41,Every 3 Months
2673,56,Female,West Virginia,0,13,Annually
2674,67,Female,Nevada,0,4,Monthly
2675,40,Female,Florida,0,15,Every 3 Months
2676,24,Female,Virginia,0,38,Bi-Weekly
2677,43,Female,Kentucky,0,3,Fortnightly
2678,45,Female,Connecticut,0,6,Every 3 Months
2679,33,Female,Montana,0,34,Bi-Weekly
2680,53,Female,Montana,0,7,Quarterly
2681,44,Female,Nebraska,0,21,Annually
2682,23,Female,Massachusetts,0,17,Monthly
2683,59,Female,North Carolina,0,5,Every 3 Months
2684,68,Female,Montana,0,21,Fortnightly
2685,46,Female,Washington,0,42,Bi-Weekly
2686,56,Female,Virginia,0,49,Quarterly
2687,40,Female,Georgia,0,33,Fortnightly
2688,61,Female,Delaware,0,12,Bi-Weekly
2689,53,Female,West Virginia,0,18,Every 3 Months
2690,29,Female,Wyoming,0,47,Quarterly
2691,44,Female,New Mexico,0,18,Weekly
2692,43,Female,Nebraska,0,48,Monthly
2693,40,Female,Washington,0,18,Every 3 Months
2694,55,Female,Hawaii,0,46,Quarterly
2695,66,Female,Louisiana,0,34,Every 3 Months
2696,50,Female,Tennessee,0,10,Bi-Weekly
2697,57,Female,South Dakota,0,12,Monthly
2698,42,Female,Delaware,0,36,Quarterly
2699,55,Female,Virginia,0,34,Quarterly
2700,25,Female,Utah,0,49,Annually
2701,22,Female,California,0,36,Weekly
2702,49,Female,Idaho,0,18,Fortnightly
2703,70,Female,Texas,0,39,Fortnightly
2704,56,Female,Tennessee,0,34,Weekly
2705,52,Female,Tennessee,0,35,Weekly
2706,65,Female,Washington,0,1,Bi-Weekly
2707,24,Female,Alabama,0,48,Quarterly
2708,32,Female,Nebraska,0,19,Weekly
2709,57,Female,Alabama,0,44,Weekly
2710,35,Female,Illinois,0,9,Bi-Weekly
2711,69,Female,Wisconsin,0,3,Fortnightly
2712,30,Female,Nebraska,0,50,Monthly
2713,37,Female,North Dakota,0,7,Quarterly
2714,19,Female,Mississippi,0,20,Annually
2715,53,Female,Iowa,0,16,Bi-Weekly
2716,25,Female,Mississippi,0,29,Fortnightly
2717,47,Female,Colorado,0,21,Weekly
2718,18,Female,Nebraska,0,19,Every 3 Months
2719,22,Female,Virginia,0,10,Bi-Weekly
2720,69,Female,Louisiana,0,4,Monthly
2721,55,Female,Maryland,0,45,Quarterly
2722,19,Female,Minnesota,0,17,Fortnightly
2723,23,Female,Maine,0,22,Fortnightly
2724,54,Female,Texas,0,3,Every 3 Months
2725,52,Female,Missouri,0,11,Fortnightly
2726,64,Female,Mississippi,0,4,Annually
2727,33,Female,Michigan,0,11,Bi-Weekly
2728,40,Female,Colorado,0,47,Fortnightly
2729,26,Female,Florida,0,17,Weekly
2730,31,Female,Montana,0,32,Monthly
2731,23,Female,Wisconsin,0,37,Annually
2732,52,Female,Wisconsin,0,44,Quarterly
2733,21,Female,Delaware,0,27,Every 3 Months
2734,31,Female,North Carolina,0,46,Annually
2735,63,Female,New York,0,13,Bi-Weekly
2736,46,Female,California,0,2,Bi-Weekly
2737,44,Female,Montana,0,45,Annually
2738,57,Female,North Carolina,0,35,Every 3 Months
2739,50,Female,Ohio,0,39,Every 3 Months
2740,33,Female,Alaska,0,39,Every 3 Months
2741,19,Female,Pennsylvania,0,34,Fortnightly
2742,68,Female,Maine,0,41,Monthly
2743,27,Female,Texas,0,47,Annually
2744,61,Female,New Jersey,0,17,Quarterly
2745,38,Female,Wyoming,0,40,Monthly
2746,28,Female,Michigan,0,44,Bi-Weekly
2747,39,Female,Ohio,0,21,Every 3 Months
2748,18,Female,West Virginia,0,21,Every 3 Months
2749,24,Female,Virginia,0,16,Annually
2750,64,Female,Vermont,0,15,Annually
2751,51,Female,Alaska,0,26,Every 3 Months
2752,27,Female,Minnesota,0,50,Monthly
2753,48,Female,Colorado,0,30,Bi-Weekly
2754,69,Female,Rhode Island,0,48,Quarterly
2755,59,Female,New Jersey,0,21,Bi-Weekly
2756,59,Female,Nevada,0,18,Annually
2757,42,Female,Minnesota,0,41,Monthly
2758,39,Female,Delaware,0,11,Monthly
2759,32,Female,Illinois,0,8,Bi-Weekly
2760,68,Female,Washington,0,42,Every 3 Months
2761,41,Female,Alaska,0,41,Bi-Weekly
2762,31,Female,Michigan,0,3,Every 3 Months
2763,58,Female,Georgia,0,10,Every 3 Months
2764,28,Female,West Virginia,0,35,Quarterly
2765,63,Female,Arizona,0,2,Weekly
2766,64,Female,Colorado,0,24,Quarterly
2767,66,Female,Tennessee,0,47,Monthly
2768,31,Female,Iowa,0,31,Monthly
2769,55,Female,Kansas,0,28,Bi-Weekly
2770,32,Female,Oklahoma,0,13,Weekly
2771,50,Female,Nebraska,0,22,Quarterly
2772,58,Female,Maryland,0,12,Fortnightly
2773,18,Female,Pennsylvania,0,10,Every 3 Months
2774,39,Female,Arizona,0,45,Quarterly
2775,56,Female,Oklahoma,0,42,Quarterly
2776,37,Female,Montana,0,16,Weekly
2777,46,Female,Wyoming,0,6,Annually
2778,52,Female,Idaho,0,28,Every 3 Months
2779,70,Female,Pennsylvania,0,24,Bi-Weekly
2780,61,Female,Montana,0,14,Fortnightly
2781,33,Female,Ohio,0,29,Fortnightly
2782,65,Female,Mississippi,0,33,Weekly
2783,41,Female,Idaho,0,30,Annually
2784,19,Female,Virginia,0,26,Quarterly
2785,33,Female,Idaho,0,12,Every 3 Months
2786,53,Female,Louisiana,0,13,Monthly
2787,54,Female,Colorado,0,41,Every 3 Months
2788,36,Female,West Virginia,0,4,Fortnightly
2789,56,Female,Rhode Island,0,2,Annually
2790,28,Female,North Carolina,0,28,Bi-Weekly
2791,34,Female,Maine,0,24,Annually
2792,43,Female,Iowa,0,14,Fortnightly
2793,54,Female,Kentucky,0,11,Weekly
2794,37,Female,Massachusetts,0,27,Bi-Weekly
2795,33,Female,New York,0,7,Fortnightly
2796,33,Female,Nebraska,0,49,Annually
2797,55,Female,Oklahoma,0,21,Annually
2798,63,Female,Oklahoma,0,10,Every 3 Months
2799,52,Female,Rhode Island,0,37,Weekly
2800,23,Female,Maine,0,9,Every 3 Months
2801,70,Female,Arkansas,0,14,Bi-Weekly
2802,64,Female,New Mexico,0,30,Annually
2803,22,Female,Hawaii,0,42,Fortnightly
2804,46,Female,Idaho,0,31,Monthly
2805,65,Female,South Carolina,0,48,Every 3 Months
2806,18,Female,Nevada,0,48,Quarterly
2807,45,Female,South Carolina,0,50,Annually
2808,56,Female,Maryland,0,10,Fortnightly
2809,49,Female,Tennessee,0,45,Every 3 Months
2810,66,Female,Arkansas,0,27,Quarterly
2811,27,Female,Arizona,0,10,Fortnightly
2812,69,Female,Ohio,0,19,Quarterly
2813,66,Female,North Dakota,0,1,Every 3 Months
2814,45,Female,Vermont,0,39,Quarterly
2815,31,Female,Minnesota,0,14,Monthly
2816,33,Female,Idaho,0,40,Every 3 Months
2817,43,Female,Maryland,0,45,Weekly
2818,25,Female,South Carolina,0,6,Weekly
2819,46,Female,California,0,12,Annually
2820,67,Female,Georgia,0,19,Monthly
2821,26,Female,Vermont,0,5,Bi-Weekly
2822,35,Female,Georgia,0,37,Monthly
2823,61,Female,New Jersey,0,33,Quarterly
2824,26,Female,Utah,0,47,Bi-Weekly
2825,39,Female,Utah,0,49,Quarterly
2826,69,Female,North Carolina,0,28,Annually
2827,32,Female,Florida,0,23,Annually
2828,20,Female,Wisconsin,0,11,Bi-Weekly
2829,25,Female,Tennessee,0,33,Quarterly
2830,56,Female,Arizona,0,47,Weekly
2831,63,Female,Oregon,0,13,Every 3 Months
2832,34,Female,Virginia,0,4,Weekly
2833,29,Female,Maryland,0,40,Quarterly
2834,43,Female,Arkansas,0,19,Monthly
2835,39,Female,Texas,0,17,Weekly
2836,33,Female,Vermont,0,7,Annually
2837,51,Female,Wyoming,0,21,Bi-Weekly
2838,65,Female,Alabama,0,44,Weekly
2839,51,Female,Maine,0,2,Weekly
2840,70,Female,South Dakota,0,30,Monthly
2841,40,Female,West Virginia,0,41,Annually
2842,19,Female,Ohio,0,31,Weekly
2843,28,Female,Arizona,0,48,Quarterly
2844,51,Female,Ohio,0,41,Weekly
2845,32,Female,New Mexico,0,42,Annually
2846,26,Female,South Dakota,0,39,Every 3 Months
2847,50,Female,Oklahoma,0,15,Bi-Weekly
2848,68,Female,Connecticut,0,3,Every 3 Months
2849,33,Female,Wisconsin,0,28,Quarterly
2850,56,Female,New Hampshire,0,27,Bi-Weekly
2851,57,Female,Nebraska,0,36,Annually
2852,58,Female,Nevada,0,42,Monthly
2853,40,Female,New York,0,30,Weekly
2854,37,Female,Pennsylvania,0,9,Weekly
2855,36,Female,Delaware,0,25,Monthly
2856,29,Female,Mississippi,0,33,Quarterly
2857,65,Female,Iowa,0,31,Monthly
2858,44,Female,Utah,0,35,Monthly
2859,34,Female,Maryland,0,46,Monthly
2860,31,Female,Utah,0,29,Annually
2861,28,Female,Rhode Island,0,49,Weekly
2862,66,Female,Maryland,0,27,Monthly
2863,68,Female,Hawaii,0,5,Every 3 Months
2864,37,Female,Connecticut,0,18,Monthly
2865,58,Female,Illinois,0,31,Weekly
2866,28,Female,California,0,27,Fortnightly
2867,54,Female,Connecticut,0,19,Annually
2868,21,Female,Colorado,0,33,Fortnightly
2869,45,Female,Colorado,0,42,Every 3 Months
2870,57,Female,Georgia,0,16,Weekly
2871,47,Female,North Dakota,0,49,Every 3 Months
2872,46,Female,Idaho,0,40,Bi-Weekly
2873,63,Female,Connecticut,0,5,Annually
2874,44,Female,Montana,0,8,Monthly
2875,36,Female,Colorado,0,2,Annually
2876,24,Female,Kentucky,0,14,Weekly
2877,65,Female,New Mexico,0,5,Fortnightly
2878,32,Female,New Jersey,0,34,Monthly
2879,63,Female,California,0,13,Annually
2880,62,Female,North Dakota,0,31,Annually
2881,19,Female,Florida,0,43,Quarterly
2882,38,Female,Texas,0,6,Annually
2883,59,Female,Oklahoma,0,23,Bi-Weekly
2884,22,Female,Rhode Island,0,10,Weekly
2885,55,Female,Arkansas,0,47,Every 3 Months
2886,29,Female,Nevada,0,14,Bi-Weekly
2887,42,Female,Utah,0,29,Weekly
2888,23,Female,Kentucky,0,12,Bi-Weekly
2889,70,Female,Wisconsin,0,25,Quarterly
2890,64,Female,Minnesota,0,21,Annually
2891,39,Female,North Dakota,0,23,Monthly
2892,47,Female,Ohio,0,10,Monthly
2893,22,Female,Nevada,0,47,Monthly
2894,69,Female,Kentucky,0,44,Every 3 Months
2895,35,Female,Kentucky,0,41,Annually
2896,56,Female,Montana,0,29,Monthly
2897,30,Female,Delaware,0,2,Every 3 Months
2898,43,Female,Montana,0,2,Fortnightly
2899,23,Female,New Jersey,0,29,Annually
2900,50,Female,Nebraska,0,22,Fortnightly
2901,41,Female,Maryland,0,23,Bi-Weekly
2902,41,Female,Alabama,0,46,Quarterly
2903,27,Female,North Carolina,0,19,Bi-Weekly
2904,38,Female,Delaware,0,24,Every 3 Months
2905,41,Female,Iowa,0,43,Monthly
2906,58,Female,New York,0,14,Fortnightly
2907,58,Female,Virginia,0,7,Annually
2908,19,Female,Maryland,0,50,Bi-Weekly
2909,43,Female,Texas,0,15,Every 3 Months
2910,27,Female,Louisiana,0,40,Every 3 Months
2911,32,Female,Mississippi,0,41,Monthly
2912,28,Female,Ohio,0,34,Quarterly
2913,48,Female,Oregon,0,27,Bi-Weekly
2914,43,Female,Wyoming,0,12,Every 3 Months
2915,45,Female,Pennsylvania,0,1,Bi-Weekly
2916,26,Female,Oregon,0,39,Bi-Weekly
2917,62,Female,Oklahoma,0,13,Bi-Weekly
2918,58,Female,Colorado,0,50,Annually
2919,19,Female,New York,0,36,Weekly
2920,64,Female,Minnesota,0,31,Monthly
2921,33,Female,Texas,0,3,Bi-Weekly
2922,20,Female,Wisconsin,0,11,Fortnightly
2923,45,Female,Kentucky,0,16,Quarterly
2924,28,Female,Pennsylvania,0,12,Quarterly
2925,47,Female,Rhode Island,0,37,Every 3 Months
2926,54,Female,Illinois,0,43,Every 3 Months
2927,64,Female,Maryland,0,9,Weekly
2928,45,Female,Missouri,0,15,Bi-Weekly
2929,40,Female,Alabama,0,17,Weekly
2930,31,Female,Maine,0,42,Fortnightly
2931,38,Female,Mississippi,0,14,Monthly
2932,36,Female,Alabama,0,49,Bi-Weekly
2933,65,Female,Alaska,0,3,Quarterly
2934,27,Female,Illinois,0,28,Monthly
2935,38,Female,Idaho,0,41,Quarterly
2936,58,Female,North Carolina,0,11,Weekly
2937,31,Female,Washington,0,46,Weekly
2938,28,Female,West Virginia,0,15,Weekly
2939,28,Female,Maine,0,15,Monthly
2940,32,Female,Kentucky,0,34,Weekly
2941,61,Female,Massachusetts,0,13,Monthly
2942,38,Female,Pennsylvania,0,27,Monthly
2943,54,Female,Hawaii,0,37,Weekly
2944,29,Female,Virginia,0,37,Monthly
2945,50,Female,New York,0,4,Every 3 Months
2946,32,Female,Delaware,0,1,Every 3 Months
2947,38,Female,Hawaii,0,29,Quarterly
2948,52,Female,Nebraska,0,50,Annually
2949,61,Female,Vermont,0,38,Bi-Weekly
2950,25,Female,Iowa,0,15,Annually
2951,22,Female,Iowa,0,44,Every 3 Months
2952,47,Female,Arkansas,0,14,Weekly
2953,50,Female,Alabama,0,5,Monthly
2954,45,Female,Maryland,0,11,Annually
2955,33,Female,South Dakota,0,15,Annually
2956,42,Female,Vermont,0,46,Annually
2957,52,Female,Montana,0,30,Monthly
2958,69,Female,South Dakota,0,2,Annually
2959,55,Female,Ohio,0,28,Monthly
2960,38,Female,Texas,0,9,Quarterly
2961,57,Female,Indiana,0,47,Weekly
2962,33,Female,New Hampshire,0,21,Bi-Weekly
2963,57,Female,California,0,42,Every 3 Months
2964,52,Female,Maine,0,28,Weekly
2965,44,Female,Ohio,0,13,Fortnightly
2966,48,Female,Delaware,0,25,Fortnightly
2967,52,Female,Oklahoma,0,38,Every 3 Months
2968,34,Female,Indiana,0,40,Annually
2969,26,Female,South Carolina,0,25,Every 3 Months
2970,36,Female,Vermont,0,20,Every 3 Months
2971,24,Female,Kansas,0,44,Bi-Weekly
2972,30,Female,Utah,0,9,Every 3 Months
2973,31,Female,New York,0,11,Every 3 Months
2974,25,Female,Indiana,0,3,Fortnightly
2975,57,Female,Tennessee,0,34,Weekly
2976,61,Female,Georgia,0,48,Every 3 Months
2977,30,Female,Nebraska,0,28,Fortnightly
2978,38,Female,Washington,0,20,Annually
2979,53,Female,Idaho,0,49,Fortnightly
2980,31,Female,Louisiana,0,14,Weekly
2981,70,Female,New Jersey,0,9,Monthly
2982,21,Female,Delaware,0,37,Annually
2983,33,Female,Wisconsin,0,4,Weekly
2984,60,Female,West Virginia,0,1,Quarterly
2985,45,Female,Texas,0,36,Bi-Weekly
2986,46,Female,Hawaii,0,21,Bi-Weekly
2987,62,Female,Arizona,0,16,Monthly
2988,63,Female,Louisiana,0,42,Monthly
2989,69,Female,Nevada,0,31,Monthly
2990,46,Female,Rhode Island,0,6,Weekly
2991,69,Female,Illinois,0,24,Monthly
2992,66,Female,Utah,0,7,Bi-Weekly
2993,41,Female,North Dakota,0,25,Weekly
2994,32,Female,Kansas,0,18,Bi-Weekly
2995,69,Female,Nevada,0,14,Quarterly
2996,29,Female,Virginia,0,42,Bi-Weekly
2997,70,Female,Utah,0,6,Every 3 Months
2998,41,Female,Idaho,0,14,Every 3 Months
2999,31,Female,Alaska,0,30,Quarterly
3000,31,Female,New Hampshire,0,10,Monthly
3001,57,Female,Ohio,0,7,Weekly
3002,29,Female,Montana,0,28,Quarterly
3003,70,Female,Louisiana,0,19,Quarterly
3004,51,Female,Oregon,0,13,Every 3 Months
3005,45,Female,Arizona,0,23,Fortnightly
3006,18,Female,Alaska,0,5,Weekly
3007,37,Female,Utah,0,17,Bi-Weekly
3008,23,Female,New York,0,31,Weekly
3009,39,Female,New Mexico,0,19,Weekly
3010,62,Female,Louisiana,0,8,Fortnightly
3011,70,Female,Ohio,0,15,Annually
3012,20,Female,Nevada,0,18,Every 3 Months
3013,42,Female,Idaho,0,16,Annually
3014,41,Female,Arizona,0,13,Monthly
3015,24,Female,Utah,0,38,Every 3 Months
3016,37,Female,Wyoming,0,27,Bi-Weekly
3017,30,Female,Indiana,0,31,Quarterly
3018,58,Female,Wisconsin,0,24,Bi-Weekly
3019,43,Female,Texas,0,21,Bi-Weekly
3020,19,Female,Utah,0,15,Annually
3021,23,Female,Arkansas,0,48,Every 3 Months
3022,65,Female,Pennsylvania,0,47,Quarterly
3023,58,Female,Georgia,0,23,Weekly
3024,50,Female,Indiana,0,4,Quarterly
3025,67,Female,Idaho,0,47,Every 3 Months
3026,40,Female,Montana,0,7,Monthly
3027,55,Female,Tennessee,0,6,Annually
3028,52,Female,West Virginia,0,47,Quarterly
3029,62,Female,California,0,7,Every 3 Months
3030,64,Female,Georgia,0,1,Quarterly
3031,43,Female,Maryland,0,23,Weekly
3032,61,Female,Idaho,0,30,Monthly
3033,26,Female,California,0,24,Quarterly
3034,22,Female,Alabama,0,9,Weekly
3035,51,Female,Utah,0,25,Quarterly
3036,69,Female,Kentucky,0,18,Bi-Weekly
3037,50,Female,Vermont,0,7,Fortnightly
3038,51,Female,Iowa,0,2,Annually
3039,56,Female,Georgia,0,36,Annually
3040,59,Female,Alabama,0,31,Bi-Weekly
3041,18,Female,Nebraska,0,10,Fortnightly
3042,48,Female,Rhode Island,0,27,Monthly
3043,53,Female,South Dakota,0,14,Every 3 Months
3044,45,Female,Illinois,0,17,Monthly
3045,21,Female,North Carolina,0,10,Quarterly
3046,42,Female,Florida,0,4,Bi-Weekly
3047,60,Female,Pennsylvania,0,25,Every 3 Months
3048,21,Female,Vermont,0,3,Bi-Weekly
3049,69,Female,Colorado,0,47,Fortnightly
3050,40,Female,Utah,0,41,Bi-Weekly
3051,31,Female,Kentucky,0,28,Every 3 Months
3052,44,Female,Wyoming,0,49,Every 3 Months
3053,48,Female,Maine,0,7,Fortnightly
3054,32,Female,Maine,0,22,Monthly
3055,42,Female,New Hampshire,0,34,Monthly
3056,27,Female,Kansas,0,5,Bi-Weekly
3057,69,Female,New Jersey,0,15,Bi-Weekly
3058,67,Female,North Carolina,0,26,Weekly
3059,41,Female,West Virginia,0,3,Fortnightly
3060,46,Female,Kentucky,0,42,Quarterly
3061,47,Female,California,0,1,Monthly
3062,33,Female,South Dakota,0,20,Every 3 Months
3063,51,Female,California,0,39,Monthly
3064,26,Female,Connecticut,0,24,Fortnightly
3065,22,Female,Idaho,0,49,Quarterly
3066,49,Female,North Dakota,0,7,Bi-Weekly
3067,58,Female,Michigan,0,13,Every 3 Months
3068,70,Female,Missouri,0,2,Weekly
3069,32,Female,California,0,4,Weekly
3070,62,Female,Delaware,0,17,Quarterly
3071,52,Female,Alabama,0,43,Bi-Weekly
3072,23,Female,New Hampshire,0,6,Monthly
3073,26,Female,New York,0,46,Quarterly
3074,58,Female,Oregon,0,7,Bi-Weekly
3075,26,Female,Massachusetts,0,34,Fortnightly
3076,54,Female,Utah,0,21,Every 3 Months
3077,66,Female,New Hampshire,0,13,Bi-Weekly
3078,60,Female,Illinois,0,33,Bi-Weekly
3079,32,Female,Alaska,0,24,Bi-Weekly
3080,48,Female,Wyoming,0,4,Annually
3081,69,Female,Colorado,0,5,Bi-Weekly
3082,64,Female,Vermont,0,11,Weekly
3083,56,Female,Utah,0,20,Annually
3084,22,Female,Illinois,0,28,Quarterly
3085,46,Female,Idaho,0,43,Monthly
3086,24,Female,Nevada,0,10,Every 3 Months
3087,47,Female,Utah,0,26,Every 3 Months
3088,62,Female,North Carolina,0,29,Monthly
3089,34,Female,Arkansas,0,35,Quarterly
3090,50,Female,North Carolina,0,23,Bi-Weekly
3091,29,Female,Texas,0,15,Quarterly
3092,68,Female,Nevada,0,46,Annually
3093,52,Female,Utah,0,14,Bi-Weekly
3094,29,Female,Pennsylvania,0,17,Every 3 Months
3095,22,Female,Georgia,0,9,Weekly
3096,62,Female,Minnesota,0,13,Fortnightly
3097,69,Female,Kansas,0,20,Monthly
3098,48,Female,Delaware,0,39,Quarterly
3099,66,Female,New Mexico,0,50,Quarterly
3100,42,Female,Michigan,0,21,Bi-Weekly
3101,50,Female,Vermont,0,3,Weekly
3102,32,Female,Idaho,0,9,Fortnightly
3103,51,Female,South Dakota,0,29,Bi-Weekly
3104,27,Female,Illinois,0,42,Weekly
3105,43,Female,Georgia,0,41,Fortnightly
3106,48,Female,Oregon,0,17,Monthly
3107,62,Female,Alabama,0,20,Annually
3108,65,Female,Hawaii,0,18,Bi-Weekly
3109,50,Female,Oregon,0,7,Monthly
3110,60,Female,Illinois,0,47,Fortnightly
3111,19,Female,Texas,0,2,Bi-Weekly
3112,21,Female,Kansas,0,25,Quarterly
3113,19,Female,Texas,0,26,Annually
3114,46,Female,Nebraska,0,2,Weekly
3115,21,Female,Arkansas,0,45,Bi-Weekly
3116,26,Female,South Dakota,0,9,Bi-Weekly
3117,50,Female,Montana,0,1,Weekly
3118,43,Female,Florida,0,4,Bi-Weekly
3119,61,Female,Virginia,0,31,Quarterly
3120,63,Female,Louisiana,0,21,Every 3 Months
3121,46,Female,Louisiana,0,32,Fortnightly
3122,63,Female,Louisiana,0,16,Weekly
3123,23,Female,Georgia,0,34,Fortnightly
3124,57,Female,Iowa,0,40,Bi-Weekly
3125,57,Female,California,0,4,Every 3 Months
3126,33,Female,Oregon,0,3,Quarterly
3127,57,Female,Maine,0,28,Bi-Weekly
3128,55,Female,Louisiana,0,43,Every 3 Months
3129,65,Female,Arkansas,0,20,Annually
3130,60,Female,Maryland,0,40,Every 3 Months
3131,52,Female,Vermont,0,34,Every 3 Months
3132,34,Female,North Dakota,0,11,Every 3 Months
3133,33,Female,Michigan,0,26,Quarterly
3134,58,Female,Arkansas,0,29,Bi-Weekly
3135,35,Female,Kentucky,0,47,Weekly
3136,68,Female,Indiana,0,48,Fortnightly
3137,58,Female,Minnesota,0,29,Bi-Weekly
3138,34,Female,Louisiana,0,14,Monthly
3139,47,Female,Kentucky,0,40,Every 3 Months
3140,35,Female,Georgia,0,4,Weekly
3141,34,Female,Alaska,0,37,Weekly
3142,36,Female,Mississippi,0,47,Bi-Weekly
3143,23,Female,Kansas,0,1,Quarterly
3144,68,Female,Arizona,0,26,Quarterly
3145,23,Female,Maine,0,12,Quarterly
3146,57,Female,Texas,0,16,Fortnightly
3147,21,Female,Virginia,0,19,Annually
3148,45,Female,North Dakota,0,21,Weekly
3149,37,Female,West Virginia,0,15,Weekly
3150,18,Female,North Carolina,0,9,Annually
3151,55,Female,Georgia,0,7,Bi-Weekly
3152,52,Female,New Mexico,0,47,Quarterly
3153,49,Female,North Carolina,0,17,Monthly
3154,56,Female,Alabama,0,46,Fortnightly
3155,27,Female,Connecticut,0,32,Quarterly
3156,22,Female,Montana,0,34,Annually
3157,18,Female,Montana,0,18,Monthly
3158,21,Female,Maine,0,5,Fortnightly
3159,30,Female,Mississippi,0,44,Monthly
3160,62,Female,Louisiana,0,4,Quarterly
3161,28,Female,Nebraska,0,37,Fortnightly
3162,66,Female,Massachusetts,0,43,Monthly
3163,66,Female,Wisconsin,0,28,Quarterly
3164,49,Female,Nebraska,0,36,Monthly
3165,40,Female,Arizona,0,16,Annually
3166,49,Female,Hawaii,0,38,Every 3 Months
3167,19,Female,Georgia,0,37,Fortnightly
3168,24,Female,Oregon,0,9,Bi-Weekly
3169,31,Female,Montana,0,14,Fortnightly
3170,35,Female,Georgia,0,3,Weekly
3171,65,Female,Rhode Island,0,10,Fortnightly
3172,68,Female,Tennessee,0,26,Bi-Weekly
3173,57,Female,Missouri,0,30,Bi-Weekly
3174,69,Female,Washington,0,32,Fortnightly
3175,45,Female,Oklahoma,0,35,Monthly
3176,35,Female,Connecticut,0,26,Every 3 Months
3177,36,Female,Arkansas,0,39,Monthly
3178,55,Female,Missouri,0,31,Monthly
3179,66,Female,Washington,0,28,Annually
3180,57,Female,Idaho,0,12,Bi-Weekly
3181,18,Female,Montana,0,46,Weekly
3182,31,Female,Montana,0,27,Every 3 Months
3183,50,Female,Georgia,0,4,Annually
3184,50,Female,Mississippi,0,14,Every 3 Months
3185,61,Female,Hawaii,0,30,Quarterly
3186,52,Female,Ohio,0,6,Annually
3187,38,Female,Virginia,0,43,Annually
3188,67,Female,Texas,0,28,Weekly
3189,42,Female,Vermont,0,39,Monthly
3190,25,Female,Kansas,0,30,Bi-Weekly
3191,41,Female,California,0,5,Fortnightly
3192,62,Female,Mississippi,0,42,Every 3 Months
3193,19,Female,Iowa,0,20,Fortnightly
3194,63,Female,Virginia,0,35,Fortnightly
3195,43,Female,Maryland,0,10,Bi-Weekly
3196,68,Female,Missouri,0,36,Quarterly
3197,24,Female,Wisconsin,0,21,Fortnightly
3198,27,Female,Maine,0,29,Every 3 Months
3199,61,Female,Pennsylvania,0,39,Weekly
3200,59,Female,Maine,0,16,Monthly
3201,67,Female,Missouri,0,32,Monthly
3202,46,Female,Vermont,0,34,Monthly
3203,65,Female,Wisconsin,0,38,Annually
3204,63,Female,New Jersey,0,14,Annually
3205,57,Female,New Mexico,0,23,Bi-Weekly
3206,40,Female,Colorado,0,50,Every 3 Months
3207,36,Female,California,0,49,Monthly
3208,67,Female,Arizona,0,14,Annually
3209,61,Female,Indiana,0,42,Weekly
3210,64,Female,Arkansas,0,39,Annually
3211,30,Female,Nevada,0,43,Bi-Weekly
3212,53,Female,Rhode Island,0,12,Monthly
3213,27,Female,Wyoming,0,21,Weekly
3214,27,Female,Texas,0,33,Monthly
3215,53,Female,Washington,0,6,Annually
3216,34,Female,Rhode Island,0,10,Every 3 Months
3217,39,Female,Illinois,0,18,Weekly
3218,44,Female,Oregon,0,46,Weekly
3219,37,Female,Florida,0,49,Monthly
3220,57,Female,Kansas,0,39,Weekly
3221,38,Female,North Dakota,0,16,Monthly
3222,21,Female,New Hampshire,0,28,Annually
3223,45,Female,Texas,0,22,Quarterly
3224,68,Female,Montana,0,36,Bi-Weekly
3225,37,Female,Delaware,0,18,Monthly
3226,53,Female,New Hampshire,0,31,Weekly
3227,57,Female,Minnesota,0,38,Fortnightly
3228,28,Female,Alaska,0,42,Quarterly
3229,37,Female,Connecticut,0,27,Annually
3230,54,Female,Connecticut,0,24,Monthly
3231,49,Female,Kansas,0,38,Annually
3232,62,Female,Nevada,0,9,Annually
3233,45,Female,Massachusetts,0,19,Monthly
3234,45,Female,Indiana,0,11,Bi-Weekly
3235,49,Female,Washington,0,16,Quarterly
3236,27,Female,Kansas,0,18,Monthly
3237,63,Female,South Carolina,0,8,Monthly
3238,61,Female,Vermont,0,4,Weekly
3239,25,Female,Wyoming,0,37,Quarterly
3240,33,Female,Colorado,0,30,Monthly
3241,56,Female,West Virginia,0,37,Monthly
3242,50,Female,Connecticut,0,30,Quarterly
3243,45,Female,Oregon,0,17,Weekly
3244,45,Female,Idaho,0,11,Every 3 Months
3245,65,Female,Arkansas,0,42,Annually
3246,63,Female,Kansas,0,20,Weekly
3247,70,Female,Michigan,0,37,Monthly
3248,53,Female,Arkansas,0,12,Fortnightly
3249,22,Female,Pennsylvania,0,41,Quarterly
3250,26,Female,Virginia,0,32,Quarterly
3251,23,Female,Minnesota,0,15,Weekly
3252,25,Female,Nevada,0,39,Quarterly
3253,69,Female,Montana,0,48,Fortnightly
3254,36,Female,Nebraska,0,8,Fortnightly
3255,21,Female,Indiana,0,11,Every 3 Months
3256,57,Female,New Jersey,0,36,Monthly
3257,60,Female,Wisconsin,0,50,Every 3 Months
3258,44,Female,Minnesota,0,39,Every 3 Months
3259,31,Female,New Jersey,0,11,Bi-Weekly
3260,57,Female,Oklahoma,0,5,Every 3 Months
3261,39,Female,Wisconsin,0,7,Annually
3262,48,Female,Rhode Island,0,50,Weekly
3263,42,Female,Indiana,0,21,Every 3 Months
3264,56,Female,Vermont,0,31,Fortnightly
3265,28,Female,Maine,0,39,Bi-Weekly
3266,40,Female,Alabama,0,28,Fortnightly
3267,49,Female,Alabama,0,33,Weekly
3268,37,Female,Idaho,0,42,Quarterly
3269,22,Female,Arkansas,0,5,Every 3 Months
3270,27,Female,Ohio,0,25,Monthly
3271,59,Female,Illinois,0,48,Annually
3272,35,Female,Nevada,0,30,Weekly
3273,58,Female,Texas,0,34,Quarterly
3274,58,Female,Nevada,0,34,Every 3 Months
3275,46,Female,Oklahoma,0,14,Fortnightly
3276,43,Female,Alabama,0,2,Weekly
3277,39,Female,South Dakota,0,41,Every 3 Months
3278,59,Female,Texas,0,3,Monthly
3279,59,Female,Montana,0,18,Weekly
3280,59,Female,Wyoming,0,1,Fortnightly
3281,45,Female,New York,0,5,Monthly
3282,27,Female,Oregon,0,41,Annually
3283,24,Female,California,0,5,Monthly
3284,47,Female,North Carolina,0,10,Every 3 Months
3285,70,Female,Kentucky,0,20,Annually
3286,58,Female,Hawaii,0,11,Weekly
3287,45,Female,Illinois,0,4,Fortnightly
3288,24,Female,West Virginia,0,38,Weekly
3289,67,Female,South Carolina,0,19,Bi-Weekly
3290,31,Female,Montana,0,16,Every 3 Months
3291,52,Female,North Dakota,0,2,Monthly
3292,29,Female,New Mexico,0,11,Monthly
3293,62,Female,Missouri,0,18,Fortnightly
3294,19,Female,West Virginia,0,47,Fortnightly
3295,62,Female,South Carolina,0,15,Bi-Weekly
3296,70,Female,West Virginia,0,15,Weekly
3297,20,Female,Alaska,0,47,Quarterly
3298,67,Female,West Virginia,0,47,Monthly
3299,65,Female,New Mexico,0,6,Every 3 Months
3300,45,Female,South Dakota,0,18,Monthly
3301,26,Female,Oklahoma,0,40,Bi-Weekly
3302,36,Female,Oklahoma,0,31,Fortnightly
3303,36,Female,Alabama,0,31,Bi-Weekly
3304,20,Female,Mississippi,0,4,Fortnightly
3305,30,Female,Mississippi,0,36,Every 3 Months
3306,34,Female,Nebraska,0,31,Bi-Weekly
3307,63,Female,Colorado,0,6,Fortnightly
3308,18,Female,Pennsylvania,0,1,Monthly
3309,55,Female,Utah,0,29,Monthly
3310,48,Female,Massachusetts,0,19,Monthly
3311,45,Female,Iowa,0,12,Fortnightly
3312,29,Female,Florida,0,18,Annually
3313,55,Female,Louisiana,0,45,Quarterly
3314,55,Female,Kansas,0,45,Monthly
3315,55,Female,Kansas,0,8,Quarterly
3316,48,Female,Kentucky,0,4,Every 3 Months
3317,42,Female,New Mexico,0,5,Fortnightly
3318,21,Female,North Carolina,0,30,Quarterly
3319,45,Female,North Dakota,0,15,Monthly
3320,23,Female,North Dakota,0,17,Every 3 Months
3321,66,Female,Illinois,0,45,Every 3 Months
3322,32,Female,Maine,0,3,Annually
3323,52,Female,Indiana,0,43,Weekly
3324,54,Female,North Dakota,0,4,Monthly
3325,37,Female,Missouri,0,41,Weekly
3326,29,Female,Alaska,0,16,Monthly
3327,47,Female,North Dakota,0,10,Annually
3328,47,Female,Connecticut,0,2,Quarterly
3329,42,Female,Wisconsin,0,11,Bi-Weekly
3330,34,Female,New Jersey,0,1,Bi-Weekly
3331,38,Female,Missouri,0,41,Quarterly
3332,55,Female,California,0,39,Quarterly
3333,27,Female,Washington,0,1,Bi-Weekly
3334,55,Female,Minnesota,0,3,Monthly
3335,66,Female,California,0,21,Annually
3336,44,Female,Texas,0,48,Quarterly
3337,39,Female,Montana,0,24,Annually
3338,23,Female,Arizona,0,45,Bi-Weekly
3339,29,Female,Minnesota,0,46,Monthly
3340,20,Female,Nebraska,0,35,Fortnightly
3341,42,Female,Virginia,0,47,Fortnightly
3342,55,Female,Connecticut,0,35,Monthly
3343,66,Female,New Jersey,0,45,Weekly
3344,24,Female,Kentucky,0,6,Bi-Weekly
3345,62,Female,Washington,0,20,Annually
3346,28,Female,Florida,0,3,Bi-Weekly
3347,30,Female,Oklahoma,0,30,Quarterly
3348,22,Female,Iowa,0,28,Bi-Weekly
3349,28,Female,New Hampshire,0,15,Every 3 Months
3350,35,Female,Georgia,0,29,Quarterly
3351,45,Female,Mississippi,0,15,Bi-Weekly
3352,43,Female,New Hampshire,0,18,Fortnightly
3353,55,Female,Washington,0,7,Bi-Weekly
3354,31,Female,Ohio,0,19,Every 3 Months
3355,42,Female,Maryland,0,15,Weekly
3356,40,Female,Delaware,0,3,Bi-Weekly
3357,39,Female,Tennessee,0,13,Bi-Weekly
3358,41,Female,Arkansas,0,37,Monthly
3359,56,Female,Tennessee,0,26,Annually
3360,43,Female,New Hampshire,0,29,Monthly
3361,22,Female,Minnesota,0,47,Every 3 Months
3362,47,Female,Florida,0,47,Bi-Weekly
3363,50,Female,Tennessee,0,48,Fortnightly
3364,58,Female,California,0,46,Bi-Weekly
3365,50,Female,Oregon,0,7,Monthly
3366,43,Female,Tennessee,0,45,Every 3 Months
3367,38,Female,North Carolina,0,47,Quarterly
3368,44,Female,Tennessee,0,6,Fortnightly
3369,30,Female,Nebraska,0,29,Every 3 Months
3370,47,Female,Maine,0,42,Monthly
3371,30,Female,Illinois,0,46,Fortnightly
3372,49,Female,Colorado,0,28,Annually
3373,56,Female,Pennsylvania,0,14,Every 3 Months
3374,70,Female,Minnesota,0,12,Every 3 Months
3375,22,Female,Nevada,0,41,Annually
3376,51,Female,Connecticut,0,8,Annually
3377,22,Female,Ohio,0,24,Quarterly
3378,37,Female,Kentucky,0,18,Fortnightly
3379,49,Female,Minnesota,0,6,Quarterly
3380,61,Female,Tennessee,0,40,Weekly
3381,41,Female,North Dakota,0,6,Every 3 Months
3382,57,Female,Minnesota,0,27,Quarterly
3383,34,Female,Nebraska,0,2,Weekly
3384,27,Female,Delaware,0,39,Bi-Weekly
3385,39,Female,Minnesota,0,9,Quarterly
3386,62,Female,Rhode Island,0,16,Every 3 Months
3387,34,Female,Michigan,0,36,Quarterly
3388,53,Female,New Jersey,0,2,Bi-Weekly
3389,35,Female,South Dakota,0,21,Weekly
3390,38,Female,North Carolina,0,39,Annually
3391,32,Female,Oregon,0,38,Annually
3392,47,Female,Montana,0,6,Every 3 Months
3393,53,Female,New Jersey,0,6,Bi-Weekly
3394,60,Female,Arizona,0,50,Monthly
3395,31,Female,Vermont,0,9,Annually
3396,44,Female,Colorado,0,15,Every 3 Months
3397,29,Female,Tennessee,0,5,Quarterly
3398,19,Female,New Jersey,0,13,Bi-Weekly
3399,54,Female,Montana,0,44,Fortnightly
3400,40,Female,Montana,0,36,Annually
3401,39,Female,Nevada,0,18,Fortnightly
3402,44,Female,Nevada,0,39,Weekly
3403,22,Female,Louisiana,0,11,Every 3 Months
3404,30,Female,Illinois,0,1,Bi-Weekly
3405,69,Female,South Carolina,0,34,Annually
3406,28,Female,Washington,0,47,Bi-Weekly
3407,57,Female,Nebraska,0,24,Quarterly
3408,46,Female,Alabama,0,20,Quarterly
3409,48,Female,Montana,0,11,Annually
3410,24,Female,Minnesota,0,3,Every 3 Months
3411,50,Female,Ohio,0,38,Bi-Weekly
3412,29,Female,New York,0,45,Weekly
3413,61,Female,Indiana,0,31,Quarterly
3414,34,Female,Delaware,0,16,Bi-Weekly
3415,27,Female,Connecticut,0,3,Quarterly
3416,38,Female,New York,0,15,Annually
3417,25,Female,Alabama,0,11,Every 3 Months
3418,54,Female,Massachusetts,0,22,Fortnightly
3419,53,Female,South Carolina,0,35,Annually
3420,23,Female,West Virginia,0,5,Bi-Weekly
3421,19,Female,Kentucky,0,35,Bi-Weekly
3422,57,Female,New Jersey,0,27,Weekly
3423,19,Female,New York,0,9,Monthly
3424,33,Female,Massachusetts,0,21,Bi-Weekly
3425,33,Female,Florida,0,23,Monthly
3426,38,Female,Michigan,0,3,Bi-Weekly
3427,47,Female,Oregon,0,31,Annually
3428,39,Female,Michigan,0,44,Annually
3429,32,Female,Washington,0,20,Monthly
3430,27,Female,Alaska,0,34,Weekly
3431,67,Female,Montana,0,17,Every 3 Months
3432,46,Female,New Mexico,0,20,Annually
3433,36,Female,Connecticut,0,46,Every 3 Months
3434,62,Female,Alaska,0,28,Annually
3435,31,Female,Ohio,0,6,Fortnightly
3436,68,Female,Montana,0,50,Bi-Weekly
3437,57,Female,Nebraska,0,41,Monthly
3438,22,Female,Oklahoma,0,50,Annually
3439,26,Female,Kentucky,0,33,Monthly
3440,43,Female,Idaho,0,25,Quarterly
3441,45,Female,Maryland,0,2,Weekly
3442,64,Female,Tennessee,0,15,Annually
3443,28,Female,Michigan,0,12,Weekly
3444,47,Female,Tennessee,0,28,Bi-Weekly
3445,53,Female,Rhode Island,0,12,Bi-Weekly
3446,42,Female,Florida,0,3,Annually
3447,51,Female,Louisiana,0,20,Weekly
3448,62,Female,Arkansas,0,3,Bi-Weekly
3449,18,Female,Kentucky,0,32,Fortnightly
3450,48,Female,Kansas,0,35,Monthly
3451,20,Female,Vermont,0,31,Monthly
3452,32,Female,Nevada,0,13,Annually
3453,26,Female,Oklahoma,0,3,Fortnightly
3454,31,Female,Alabama,0,48,Bi-Weekly
3455,55,Female,Louisiana,0,15,Bi-Weekly
3456,49,Female,Ohio,0,13,Annually
3457,42,Female,Texas,0,21,Monthly
3458,64,Female,Maryland,0,29,Fortnightly
3459,68,Female,West Virginia,0,24,Quarterly
3460,68,Female,Ohio,0,21,Annually
3461,41,Female,Indiana,0,5,Bi-Weekly
3462,51,Female,Wyoming,0,47,Quarterly
3463,44,Female,Michigan,0,34,Every 3 Months
3464,27,Female,Maine,0,45,Fortnightly
3465,36,Female,Utah,0,12,Annually
3466,19,Female,Iowa,0,31,Weekly
3467,49,Female,Maryland,0,43,Annually
3468,18,Female,Texas,0,5,Annually
3469,36,Female,Ohio,0,36,Quarterly
3470,36,Female,North Dakota,0,12,Annually
3471,19,Female,West Virginia,0,31,Bi-Weekly
3472,43,Female,North Carolina,0,31,Bi-Weekly
3473,31,Female,Georgia,0,15,Weekly
3474,63,Female,Kansas,0,11,Weekly
3475,41,Female,Maine,0,18,Monthly
3476,48,Female,South Carolina,0,9,Quarterly
3477,68,Female,South Carolina,0,11,Weekly
3478,53,Female,Kentucky,0,38,Bi-Weekly
3479,36,Female,Arizona,0,42,Quarterly
3480,46,Female,New York,0,41,Monthly
3481,21,Female,New Hampshire,0,45,Monthly
3482,52,Female,Ohio,0,41,Bi-Weekly
3483,66,Female,Hawaii,0,35,Weekly
3484,19,Female,Texas,0,21,Every 3 Months
3485,44,Female,Illinois,0,13,Bi-Weekly
3486,50,Female,Massachusetts,0,23,Fortnightly
3487,51,Female,North Carolina,0,6,Weekly
3488,25,Female,West Virginia,0,39,Annually
3489,62,Female,Delaware,0,7,Quarterly
3490,48,Female,Idaho,0,32,Every 3 Months
3491,62,Female,Oregon,0,43,Quarterly
3492,22,Female,Maine,0,15,Monthly
3493,48,Female,South Dakota,0,48,Annually
3494,48,Female,New Mexico,0,35,Weekly
3495,62,Female,Washington,0,41,Quarterly
3496,24,Female,Georgia,0,14,Weekly
3497,39,Female,Idaho,0,22,Monthly
3498,35,Female,Colorado,0,16,Every 3 Months
3499,47,Female,Kentucky,0,2,Bi-Weekly
3500,22,Female,New Jersey,0,13,Every 3 Months
3501,38,Female,Oregon,0,38,Fortnightly
3502,53,Female,Nebraska,0,43,Weekly
3503,31,Female,Massachusetts,0,26,Quarterly
3504,31,Female,Nebraska,0,39,Weekly
3505,65,Female,Hawaii,0,50,Monthly
3506,48,Female,Indiana,0,40,Every 3 Months
3507,18,Female,Illinois,0,12,Fortnightly
3508,46,Female,Colorado,0,33,Every 3 Months
3509,52,Female,Pennsylvania,0,49,Weekly
3510,50,Female,Ohio,0,43,Bi-Weekly
3511,49,Female,Pennsylvania,0,14,Monthly
3512,69,Female,Mississippi,0,21,Every 3 Months
3513,36,Female,Kentucky,0,31,Quarterly
3514,30,Female,Alaska,0,29,Fortnightly
3515,25,Female,Georgia,0,32,Monthly
3516,19,Female,South Dakota,0,16,Bi-Weekly
3517,34,Female,South Carolina,0,38,Bi-Weekly
3518,29,Female,Tennessee,0,34,Every 3 Months
3519,50,Female,Colorado,0,30,Quarterly
3520,31,Female,Wisconsin,0,14,Fortnightly
3521,41,Female,Georgia,0,33,Monthly
3522,52,Female,Maryland,0,35,Weekly
3523,27,Female,New Jersey,0,13,Quarterly
3524,49,Female,Nevada,0,30,Fortnightly
3525,69,Female,Michigan,0,30,Monthly
3526,45,Female,Wyoming,0,47,Annually
3527,20,Female,Massachusetts,0,1,Every 3 Months
3528,25,Female,Washington,0,1,Weekly
3529,38,Female,Maine,0,33,Annually
3530,55,Female,Montana,0,43,Weekly
3531,62,Female,Oklahoma,0,37,Weekly
3532,54,Female,North Dakota,0,23,Quarterly
3533,61,Female,Connecticut,0,12,Annually
3534,50,Female,Texas,0,30,Fortnightly
3535,65,Female,Delaware,0,7,Weekly
3536,68,Female,Mississippi,0,20,Monthly
3537,55,Female,Minnesota,0,10,Monthly
3538,57,Female,Georgia,0,40,Every 3 Months
3539,56,Female,Iowa,0,21,Monthly
3540,29,Female,New York,0,17,Bi-Weekly
3541,24,Female,Nevada,0,5,Weekly
3542,59,Female,Virginia,0,22,Annually
3543,62,Female,Idaho,0,5,Weekly
3544,58,Female,Colorado,0,18,Every 3 Months
3545,64,Female,Wisconsin,0,42,Every 3 Months
3546,48,Female,Connecticut,0,22,Annually
3547,60,Female,Kansas,0,37,Bi-Weekly
3548,52,Female,Pennsylvania,0,23,Annually
3549,63,Female,Utah,0,47,Fortnightly
3550,44,Female,Oregon,0,11,Fortnightly
3551,63,Female,West Virginia,0,32,Weekly
3552,66,Female,Montana,0,20,Weekly
3553,22,Female,Kentucky,0,3,Quarterly
3554,62,Female,Minnesota,0,32,Weekly
3555,39,Female,Louisiana,0,5,Fortnightly
3556,25,Female,Delaware,0,45,Quarterly
3557,70,Female,Arizona,0,43,Bi-Weekly
3558,52,Female,Nevada,0,1,Every 3 Months
3559,68,Female,Alaska,0,9,Quarterly
3560,18,Female,Utah,0,13,Every 3 Months
3561,18,Female,Kansas,0,5,Annually
3562,63,Female,North Carolina,0,39,Fortnightly
3563,47,Female,Maryland,0,7,Weekly
3564,43,Female,Maine,0,8,Every 3 Months
3565,60,Female,Illinois,0,40,Annually
3566,49,Female,Pennsylvania,0,35,Monthly
3567,28,Female,Alaska,0,14,Monthly
3568,32,Female,New Mexico,0,26,Monthly
3569,29,Female,Arkansas,0,14,Quarterly
3570,35,Female,Alaska,0,9,Fortnightly
3571,23,Female,Louisiana,0,32,Annually
3572,70,Female,North Dakota,0,15,Every 3 Months
3573,23,Female,Rhode Island,0,25,Monthly
3574,43,Female,Connecticut,0,27,Monthly
3575,29,Female,New York,0,39,Quarterly
3576,61,Female,Kentucky,0,49,Bi-Weekly
3577,29,Female,Maine,0,12,Bi-Weekly
3578,66,Female,Missouri,0,13,Weekly
3579,46,Female,Georgia,0,22,Quarterly
3580,34,Female,Arizona,0,19,Every 3 Months
3581,51,Female,New Hampshire,0,3,Bi-Weekly
3582,26,Female,Georgia,0,50,Weekly
3583,23,Female,California,0,15,Annually
3584,52,Female,Arizona,0,44,Every 3 Months
3585,39,Female,Florida,0,48,Monthly
3586,39,Female,New York,0,4,Bi-Weekly
3587,33,Female,Idaho,0,12,Bi-Weekly
3588,33,Female,Virginia,0,33,Annually
3589,23,Female,Michigan,0,40,Annually
3590,31,Female,New Hampshire,0,38,Every 3 Months
3591,27,Female,South Dakota,0,19,Every 3 Months
3592,48,Female,South Dakota,0,38,Quarterly
3593,61,Female,New Jersey,0,18,Fortnightly
3594,63,Female,Wyoming,0,24,Monthly
3595,19,Female,Alabama,0,29,Quarterly
3596,21,Female,South Dakota,0,14,Annually
3597,28,Female,South Carolina,0,44,Fortnightly
3598,29,Female,New Mexico,0,18,Quarterly
3599,23,Female,Connecticut,0,19,Bi-Weekly
3600,37,Female,Kansas,0,4,Weekly
3601,67,Female,South Carolina,0,25,Bi-Weekly
3602,34,Female,North Carolina,0,3,Monthly
3603,58,Female,Wyoming,0,40,Quarterly
3604,45,Female,Louisiana,0,5,Weekly
3605,63,Female,Louisiana,0,17,Annually
3606,68,Female,Alabama,0,36,Every 3 Months
3607,41,Female,Minnesota,0,41,Annually
3608,50,Female,New Mexico,0,20,Bi-Weekly
3609,24,Female,Tennessee,0,2,Every 3 Months
3610,21,Female,New Mexico,0,31,Monthly
3611,18,Female,Texas,0,23,Fortnightly
3612,63,Female,Washington,0,30,Annually
3613,47,Female,Michigan,0,26,Every 3 Months
3614,58,Female,Minnesota,0,40,Annually
3615,46,Female,Delaware,0,19,Annually
3616,35,Female,California,0,4,Monthly
3617,42,Female,Wisconsin,0,33,Fortnightly
3618,48,Female,Kentucky,0,29,Monthly
3619,28,Female,Nevada,0,47,Bi-Weekly
3620,44,Female,North Carolina,0,50,Weekly
3621,60,Female,Louisiana,0,28,Fortnightly
3622,38,Female,New Jersey,0,5,Fortnightly
3623,46,Female,Wisconsin,0,12,Annually
3624,39,Female,Arkansas,0,4,Weekly
3625,22,Female,Texas,0,22,Bi-Weekly
3626,44,Female,Illinois,0,32,Weekly
3627,69,Female,Mississippi,0,32,Quarterly
3628,39,Female,Delaware,0,48,Every 3 Months
3629,53,Female,Georgia,0,35,Monthly
3630,52,Female,Kansas,0,44,Fortnightly
3631,65,Female,Oklahoma,0,29,Weekly
3632,48,Female,New Jersey,0,26,Monthly
3633,27,Female,Utah,0,3,Quarterly
3634,39,Female,Montana,0,1,Bi-Weekly
3635,59,Female,Ohio,0,17,Annually
3636,52,Female,Colorado,0,17,Fortnightly
3637,50,Female,California,0,36,Weekly
3638,32,Female,Utah,0,32,Fortnightly
3639,40,Female,Kansas,0,50,Bi-Weekly
3640,26,Female,Illinois,0,39,Annually
3641,47,Female,Minnesota,0,17,Monthly
3642,51,Female,New York,0,39,Every 3 Months
3643,47,Female,Arizona,0,5,Annually
3644,53,Female,Tennessee,0,47,Annually
3645,35,Female,Arkansas,0,18,Weekly
3646,38,Female,Colorado,0,31,Every 3 Months
3647,69,Female,Nevada,0,39,Fortnightly
3648,47,Female,Kansas,0,12,Weekly
3649,31,Female,New York,0,45,Bi-Weekly
3650,68,Female,Minnesota,0,33,Fortnightly
3651,51,Female,Ohio,0,3,Annually
3652,20,Female,Arizona,0,5,Every 3 Months
3653,27,Female,Kentucky,0,23,Monthly
3654,67,Female,Minnesota,0,39,Fortnightly
3655,21,Female,Arkansas,0,10,Annually
3656,20,Female,Wyoming,0,4,Bi-Weekly
3657,35,Female,North Dakota,0,18,Monthly
3658,58,Female,Alabama,0,1,Every 3 Months
3659,28,Female,Mississippi,0,18,Fortnightly
3660,27,Female,Illinois,0,46,Annually
3661,19,Female,Arkansas,0,13,Fortnightly
3662,63,Female,Kansas,0,5,Fortnightly
3663,69,Female,Rhode Island,0,11,Weekly
3664,65,Female,Florida,0,49,Weekly
3665,63,Female,Missouri,0,1,Fortnightly
3666,28,Female,North Carolina,0,11,Quarterly
3667,67,Female,Alabama,0,47,Every 3 Months
3668,51,Female,Washington,0,20,Monthly
3669,59,Female,Michigan,0,18,Annually
3670,25,Female,Washington,0,43,Quarterly
3671,31,Female,Vermont,0,4,Every 3 Months
3672,62,Female,Illinois,0,20,Quarterly
3673,51,Female,New York,0,7,Monthly
3674,32,Female,Rhode Island,0,31,Fortnightly
3675,35,Female,Washington,0,41,Fortnightly
3676,70,Female,Virginia,0,3,Monthly
3677,19,Female,Wisconsin,0,16,Monthly
3678,32,Female,Michigan,0,43,Annually
3679,56,Female,Texas,0,29,Fortnightly
3680,53,Female,Idaho,0,5,Bi-Weekly
3681,22,Female,Iowa,0,30,Quarterly
3682,26,Female,Connecticut,0,33,Monthly
3683,42,Female,Wyoming,0,46,Bi-Weekly
3684,30,Female,Mississippi,0,17,Fortnightly
3685,29,Female,Pennsylvania,0,47,Bi-Weekly
3686,47,Female,Tennessee,0,17,Bi-Weekly
3687,59,Female,Louisiana,0,17,Bi-Weekly
3688,34,Female,Arkansas,0,28,Every 3 Months
3689,52,Female,West Virginia,0,8,Monthly
3690,47,Female,South Carolina,0,8,Quarterly
3691,24,Female,Kansas,0,4,Bi-Weekly
3692,63,Female,Michigan,0,24,Weekly
3693,59,Female,Alabama,0,29,Fortnightly
3694,66,Female,South Dakota,0,10,Weekly
3695,45,Female,Rhode Island,0,11,Bi-Weekly
3696,38,Female,Florida,0,18,Fortnightly
3697,63,Female,Connecticut,0,26,Annually
3698,55,Female,Pennsylvania,0,39,Weekly
3699,25,Female,California,0,4,Annually
3700,51,Female,Oklahoma,0,24,Weekly
3701,28,Female,North Dakota,0,2,Every 3 Months
3702,46,Female,New Mexico,0,36,Annually
3703,58,Female,South Carolina,0,36,Weekly
3704,30,Female,Michigan,0,23,Every 3 Months
3705,68,Female,Missouri,0,36,Quarterly
3706,28,Female,Colorado,0,2,Annually
3707,26,Female,Kansas,0,17,Bi-Weekly
3708,35,Female,Illinois,0,19,Weekly
3709,40,Female,South Carolina,0,41,Monthly
3710,31,Female,Utah,0,27,Quarterly
3711,60,Female,Hawaii,0,32,Fortnightly
3712,69,Female,Texas,0,33,Annually
3713,51,Female,Oregon,0,24,Quarterly
3714,49,Female,Arizona,0,31,Every 3 Months
3715,18,Female,New York,0,35,Weekly
3716,63,Female,Nebraska,0,2,Monthly
3717,57,Female,Vermont,0,42,Every 3 Months
3718,45,Female,Maryland,0,47,Every 3 Months
3719,36,Female,Tennessee,0,44,Bi-Weekly
3720,20,Female,Pennsylvania,0,8,Every 3 Months
3721,21,Female,South Carolina,0,13,Quarterly
3722,62,Female,Connecticut,0,10,Annually
3723,23,Female,Kentucky,0,1,Fortnightly
3724,26,Female,Rhode Island,0,1,Monthly
3725,30,Female,Colorado,0,18,Annually
3726,18,Female,Oklahoma,0,2,Annually
3727,47,Female,Idaho,0,36,Every 3 Months
3728,41,Female,Maine,0,17,Bi-Weekly
3729,62,Female,Vermont,0,1,Annually
3730,28,Female,Rhode Island,0,50,Quarterly
3731,46,Female,Florida,0,3,Bi-Weekly
3732,54,Female,West Virginia,0,45,Quarterly
3733,36,Female,Indiana,0,28,Annually
3734,25,Female,Illinois,0,6,Every 3 Months
3735,38,Female,California,0,33,Every 3 Months
3736,38,Female,Massachusetts,0,29,Annually
3737,42,Female,Idaho,0,2,Every 3 Months
3738,19,Female,Kentucky,0,43,Bi-Weekly
3739,34,Female,Delaware,0,48,Fortnightly
3740,38,Female,Idaho,0,43,Weekly
3741,42,Female,Virginia,0,26,Bi-Weekly
3742,58,Female,Arizona,0,26,Bi-Weekly
3743,56,Female,Maryland,0,50,Bi-Weekly
3744,62,Female,Idaho,0,36,Quarterly
3745,24,Female,New Jersey,0,26,Fortnightly
3746,60,Female,Washington,0,2,Monthly
3747,53,Female,Idaho,0,49,Monthly
3748,26,Female,Rhode Island,0,32,Bi-Weekly
3749,34,Female,Delaware,0,3,Annually
3750,24,Female,Alaska,0,38,Every 3 Months
3751,42,Female,Arizona,0,5,Monthly
3752,36,Female,Alabama,0,8,Every 3 Months
3753,24,Female,Washington,0,43,Weekly
3754,39,Female,Louisiana,0,22,Fortnightly
3755,46,Female,Nebraska,0,10,Every 3 Months
3756,64,Female,Pennsylvania,0,26,Monthly
3757,64,Female,South Carolina,0,42,Bi-Weekly
3758,61,Female,California,0,33,Weekly
3759,61,Female,Indiana,0,23,Quarterly
3760,44,Female,Missouri,0,30,Quarterly
3761,65,Female,Connecticut,0,36,Weekly
3762,60,Female,Nevada,0,3,Every 3 Months
3763,65,Female,New York,0,13,Annually
3764,27,Female,Oklahoma,0,38,Every 3 Months
3765,36,Female,South Dakota,0,19,Monthly
3766,22,Female,Missouri,0,14,Bi-Weekly
3767,62,Female,Texas,0,43,Annually
3768,59,Female,New York,0,10,Fortnightly
3769,50,Female,Vermont,0,34,Quarterly
3770,51,Female,Arizona,0,31,Annually
3771,23,Female,Montana,0,34,Weekly
3772,21,Female,Oklahoma,0,28,Bi-Weekly
3773,44,Female,New Hampshire,0,35,Annually
3774,25,Female,Wisconsin,0,41,Quarterly
3775,57,Female,Alaska,0,48,Fortnightly
3776,41,Female,South Dakota,0,45,Quarterly
3777,19,Female,Alaska,0,10,Fortnightly
3778,43,Female,Utah,0,9,Weekly
3779,25,Female,South Dakota,0,30,Annually
3780,60,Female,California,0,45,Annually
3781,54,Female,Mississippi,0,41,Quarterly
3782,52,Female,Tennessee,0,40,Fortnightly
3783,40,Female,Alabama,0,42,Fortnightly
3784,39,Female,Maine,0,17,Fortnightly
3785,54,Female,Virginia,0,4,Annually
3786,64,Female,New Hampshire,0,6,Monthly
3787,31,Female,Tennessee,0,22,Weekly
3788,37,Female,New York,0,46,Every 3 Months
3789,43,Female,Kansas,0,27,Monthly
3790,56,Female,North Dakota,0,18,Every 3 Months
3791,27,Female,Alaska,0,31,Weekly
3792,40,Female,Texas,0,1,Weekly
3793,43,Female,Massachusetts,0,2,Fortnightly
3794,62,Female,Delaware,0,46,Annually
3795,44,Female,South Dakota,0,27,Weekly
3796,45,Female,Arkansas,0,3,Weekly
3797,40,Female,Utah,0,47,Quarterly
3798,68,Female,California,0,20,Quarterly
3799,63,Female,Rhode Island,0,23,Annually
3800,60,Female,Oklahoma,0,13,Monthly
3801,19,Female,Vermont,0,12,Bi-Weekly
3802,26,Female,Kentucky,0,36,Fortnightly
3803,70,Female,Illinois,0,1,Monthly
3804,48,Female,Connecticut,0,14,Weekly
3805,37,Female,Florida,0,45,Annually
3806,48,Female,New Jersey,0,31,Quarterly
3807,18,Female,Missouri,0,41,Weekly
3808,38,Female,Michigan,0,36,Annually
3809,33,Female,Washington,0,6,Bi-Weekly
3810,57,Female,New York,0,28,Annually
3811,46,Female,Wisconsin,0,29,Monthly
3812,46,Female,Idaho,0,14,Monthly
3813,50,Female,Michigan,0,7,Every 3 Months
3814,61,Female,Georgia,0,31,Bi-Weekly
3815,45,Female,Michigan,0,26,Every 3 Months
3816,32,Female,Maine,0,12,Fortnightly
3817,29,Female,Maryland,0,45,Fortnightly
3818,66,Female,Missouri,0,40,Annually
3819,70,Female,Oregon,0,42,Monthly
3820,36,Female,Arkansas,0,45,Quarterly
3821,34,Female,New Hampshire,0,34,Quarterly
3822,20,Female,Oregon,0,34,Every 3 Months
3823,70,Female,Kansas,0,17,Every 3 Months
3824,50,Female,California,0,27,Weekly
3825,54,Female,Georgia,0,31,Quarterly
3826,49,Female,Hawaii,0,47,Fortnightly
3827,50,Female,Montana,0,25,Annually
3828,62,Female,Montana,0,47,Fortnightly
3829,42,Female,Mississippi,0,8,Weekly
3830,69,Female,Washington,0,32,Fortnightly
3831,22,Female,Pennsylvania,0,33,Every 3 Months
3832,36,Female,Nevada,0,16,Every 3 Months
3833,64,Female,Kansas,0,27,Weekly
3834,44,Female,Arizona,0,17,Every 3 Months
3835,43,Female,Tennessee,0,17,Quarterly
3836,58,Female,Pennsylvania,0,28,Bi-Weekly
3837,62,Female,Alaska,0,38,Fortnightly
3838,45,Female,New Mexico,0,33,Fortnightly
3839,47,Female,Rhode Island,0,24,Every 3 Months
3840,66,Female,Connecticut,0,14,Quarterly
3841,30,Female,Idaho,0,5,Fortnightly
3842,68,Female,Mississippi,0,8,Monthly
3843,35,Female,Colorado,0,42,Monthly
3844,64,Female,Georgia,0,48,Every 3 Months
3845,30,Female,Montana,0,40,Quarterly
3846,58,Female,California,0,46,Annually
3847,57,Female,Pennsylvania,0,40,Every 3 Months
3848,60,Female,Delaware,0,31,Fortnightly
3849,22,Female,New Hampshire,0,39,Every 3 Months
3850,46,Female,Florida,0,36,Fortnightly
3851,27,Female,Mississippi,0,25,Every 3 Months
3852,50,Female,Montana,0,24,Annually
3853,65,Female,Mississippi,0,19,Weekly
3854,61,Female,Tennessee,0,49,Bi-Weekly
3855,57,Female,Florida,0,4,Annually
3856,40,Female,Illinois,0,36,Quarterly
3857,39,Female,Virginia,0,8,Quarterly
3858,42,Female,Texas,0,29,Every 3 Months
3859,30,Female,Missouri,0,26,Quarterly
3860,65,Female,Mississippi,0,47,Bi-Weekly
3861,57,Female,Pennsylvania,0,44,Annually
3862,64,Female,Wyoming,0,49,Monthly
3863,56,Female,Idaho,0,9,Monthly
3864,40,Female,New Hampshire,0,28,Fortnightly
3865,55,Female,Wyoming,0,1,Fortnightly
3866,25,Female,Nebraska,0,28,Every 3 Months
3867,58,Female,Alaska,0,33,Fortnightly
3868,46,Female,Maryland,0,28,Monthly
3869,18,Female,Maryland,0,9,Annually
3870,26,Female,Arizona,0,28,Annually
3871,61,Female,Ohio,0,19,Every 3 Months
3872,55,Female,Minnesota,0,20,Every 3 Months
3873,41,Female,New Hampshire,0,3,Monthly
3874,42,Female,Louisiana,0,22,Weekly
3875,70,Female,Nevada,0,33,Bi-Weekly
3876,63,Female,New Hampshire,0,21,Annually
3877,60,Female,Wisconsin,0,7,Annually
3878,28,Female,Nevada,0,46,Monthly
3879,60,Female,South Carolina,0,24,Annually
3880,26,Female,Florida,0,6,Quarterly
3881,42,Female,Massachusetts,0,40,Monthly
3882,56,Female,Georgia,0,17,Weekly
3883,35,Female,North Dakota,0,24,Fortnightly
3884,34,Female,North Dakota,0,22,Fortnightly
3885,47,Female,Maryland,0,3,Weekly
3886,49,Female,New Mexico,0,39,Quarterly
3887,37,Female,Iowa,0,40,Quarterly
3888,40,Female,Kansas,0,1,Quarterly
3889,45,Female,Virginia,0,14,Bi-Weekly
3890,57,Female,Alaska,0,49,Annually
3891,35,Female,Nebraska,0,33,Annually
3892,36,Female,Colorado,0,6,Quarterly
3893,35,Female,Michigan,0,5,Fortnightly
3894,21,Female,Massachusetts,0,29,Bi-Weekly
3895,66,Female,Connecticut,0,44,Every 3 Months
3896,40,Female,Virginia,0,32,Weekly
3897,52,Female,Iowa,0,41,Bi-Weekly
3898,46,Female,New Jersey,0,24,Quarterly
3899,44,Female,Minnesota,0,24,Weekly
3900,52,Female,California,0,33,Quarterly
