product_ID,product_item,product_category,product_size,product_colour,product_season,product_rating
11223,Blouse,Clothing,L,Gray,Winter,3.1
11224,Sweater,Clothing,L,Maroon,Winter,3.1
11225,Jeans,Clothing,S,Maroon,Spring,3.1
11226,Sandals,Footwear,M,Maroon,Spring,3.5
11227,Blouse,Clothing,M,Turquoise,Spring,2.7
11228,Sneakers,Footwear,M,White,Summer,2.9
11229,Shirt,Clothing,M,Gray,Fall,3.2
11230,Shorts,Clothing,L,Charcoal,Winter,3.2
11231,Coat,Outerwear,L,Silver,Summer,2.6
11232,Handbag,Accessories,M,Pink,Spring,4.8
11233,Shoes,Footwear,L,Purple,Fall,4.1
11234,Shorts,Clothing,S,Olive,Winter,4.9
11235,Coat,Outerwear,M,Gold,Winter,4.5
11236,Dress,Clothing,M,Violet,Spring,4.7
11237,Coat,Outerwear,L,Teal,Winter,4.7
11238,Skirt,Clothing,M,Teal,Winter,2.8
11239,Sunglasses,Accessories,S,Gray,Spring,4.1
11240,Dress,Clothing,XL,Lavender,Winter,4.7
11241,Sweater,Clothing,S,Black,Summer,4.6
11242,Pants,Clothing,M,Green,Summer,3.3
11243,Pants,Clothing,M,Black,Winter,2.8
11244,Pants,Clothing,M,Charcoal,Winter,4.1
11245,Pants,Clothing,M,Peach,Summer,3.2
11246,Pants,Clothing,XL,White,Winter,4.4
11247,Jacket,Outerwear,M,Green,Fall,2.9
11248,Hoodie,Clothing,M,Silver,Summer,3.6
11249,Jewelry,Accessories,M,Red,Spring,3.6
11250,Shorts,Clothing,L,Cyan,Summer,5
11251,Handbag,Accessories,M,Gray,Fall,4.4
11252,Dress,Clothing,S,Black,Fall,4.1
11253,Jewelry,Accessories,L,Black,Winter,4.7
11254,Dress,Clothing,L,Brown,Winter,4.7
11255,Jacket,Outerwear,M,Silver,Summer,4.9
11256,Pants,Clothing,L,Green,Summer,3.3
11257,T-shirt,Clothing,L,Violet,Spring,4.6
11258,Blouse,Clothing,M,Cyan,Summer,4
11259,T-shirt,Clothing,M,Maroon,Winter,4.6
11260,Jeans,Clothing,S,Cyan,Summer,2.8
11261,Dress,Clothing,M,Red,Winter,3.7
11262,Pants,Clothing,S,Turquoise,Summer,4.2
11263,Handbag,Accessories,L,Beige,Winter,4.6
11264,Scarf,Accessories,M,Orange,Spring,4.5
11265,Coat,Outerwear,M,Beige,Spring,4.1
11266,Scarf,Accessories,L,Lavender,Fall,3.7
11267,Hat,Accessories,S,Silver,Summer,4.6
11268,Socks,Clothing,XL,Indigo,Fall,2.9
11269,Shirt,Clothing,L,White,Summer,2.9
11270,Jewelry,Accessories,M,Charcoal,Winter,4.5
11271,Shirt,Clothing,M,Orange,Summer,2.7
11272,Hoodie,Clothing,S,Indigo,Spring,4.6
11273,Blouse,Clothing,M,Red,Spring,3.7
11274,Skirt,Clothing,XL,Gray,Winter,4.7
11275,T-shirt,Clothing,M,Green,Summer,2.6
11276,Skirt,Clothing,S,Peach,Winter,3.9
11277,Coat,Outerwear,M,Brown,Summer,4.2
11278,Jacket,Outerwear,M,Lavender,Winter,3
11279,Backpack,Accessories,XL,Brown,Summer,4.7
11280,Coat,Outerwear,M,White,Summer,4.4
11281,Hoodie,Clothing,M,Charcoal,Summer,4.2
11282,Belt,Accessories,L,Yellow,Spring,4.6
11283,Sweater,Clothing,L,Brown,Summer,4
11284,Scarf,Accessories,M,Orange,Winter,4.7
11285,Sneakers,Footwear,S,Magenta,Spring,3.8
11286,Sunglasses,Accessories,L,Lavender,Winter,2.7
11287,Boots,Footwear,S,Green,Fall,4.8
11288,Backpack,Accessories,M,Purple,Spring,4.8
11289,Blouse,Clothing,S,Magenta,Winter,4.7
11290,Coat,Outerwear,L,Gray,Winter,4.4
11291,Handbag,Accessories,L,Silver,Summer,3.9
11292,Belt,Accessories,S,Cyan,Summer,4.4
11293,Belt,Accessories,M,Magenta,Fall,4.2
11294,Dress,Clothing,L,Gold,Summer,2.9
11295,Dress,Clothing,M,Olive,Winter,2.9
11296,Pants,Clothing,M,Teal,Spring,2.7
11297,Gloves,Accessories,L,Violet,Spring,4.5
11298,Scarf,Accessories,M,Blue,Summer,2.7
11299,Hat,Accessories,S,Teal,Summer,4.2
11300,Dress,Clothing,L,Gold,Summer,3.3
11301,Skirt,Clothing,M,Maroon,Spring,4.7
11302,Jacket,Outerwear,M,Olive,Winter,2.6
11303,Sandals,Footwear,XL,Blue,Summer,3.3
11304,Shoes,Footwear,L,Maroon,Summer,2.6
11305,Pants,Clothing,S,Olive,Spring,4
11306,Dress,Clothing,M,Turquoise,Summer,4.1
11307,Coat,Outerwear,S,Peach,Spring,4.4
11308,Sunglasses,Accessories,M,Charcoal,Winter,4.5
11309,Hoodie,Clothing,L,Pink,Spring,3.7
11310,Shoes,Footwear,M,Green,Fall,3.7
11311,T-shirt,Clothing,M,Orange,Fall,3.5
11312,Jacket,Outerwear,XL,Pink,Fall,3.6
11313,Hat,Accessories,L,Violet,Summer,2.9
11314,Scarf,Accessories,S,Green,Winter,4.6
11315,Jacket,Outerwear,M,Olive,Winter,4.4
11316,Sweater,Clothing,M,Purple,Fall,4.5
11317,Skirt,Clothing,S,Silver,Spring,4.6
11318,Sneakers,Footwear,L,Pink,Fall,3.8
11319,Gloves,Accessories,S,Gold,Spring,3.6
11320,Shoes,Footwear,M,Teal,Winter,4.8
11321,Jeans,Clothing,XL,Teal,Spring,2.6
11322,Hoodie,Clothing,XL,Indigo,Summer,3.7
11323,Sunglasses,Accessories,M,Maroon,Fall,2.7
11324,Coat,Outerwear,XL,White,Spring,4.6
11325,Socks,Clothing,L,Violet,Winter,4.8
11326,Boots,Footwear,L,Red,Winter,4
11327,Sunglasses,Accessories,L,Pink,Spring,4.4
11328,Backpack,Accessories,M,Charcoal,Fall,3.6
11329,Jacket,Outerwear,L,White,Summer,3.7
11330,Sneakers,Footwear,L,Olive,Winter,3.1
11331,Socks,Clothing,L,Purple,Spring,3.4
11332,T-shirt,Clothing,M,Violet,Spring,2.6
11333,Backpack,Accessories,M,Black,Summer,4
11334,Belt,Accessories,L,Purple,Summer,5
11335,Gloves,Accessories,M,Red,Spring,4.3
11336,Hat,Accessories,L,Maroon,Winter,3.1
11337,Coat,Outerwear,S,Blue,Summer,3.7
11338,Skirt,Clothing,M,Gray,Spring,3.8
11339,Shoes,Footwear,S,Blue,Spring,3.4
11340,Sandals,Footwear,L,Yellow,Summer,4.6
11341,Sweater,Clothing,L,Orange,Fall,4.8
11342,Coat,Outerwear,M,Orange,Fall,4.3
11343,Hat,Accessories,L,Red,Summer,4
11344,Shorts,Clothing,M,Olive,Winter,4.2
11345,Backpack,Accessories,L,Brown,Spring,4.8
11346,Sweater,Clothing,L,Brown,Fall,3.1
11347,Sweater,Clothing,M,Gray,Spring,3.1
11348,Shorts,Clothing,M,Indigo,Winter,3.6
11349,Shorts,Clothing,L,Pink,Spring,3.9
11350,Sweater,Clothing,M,Gray,Winter,4.8
11351,Scarf,Accessories,M,Gold,Spring,4.7
11352,Dress,Clothing,XL,Olive,Summer,4.2
11353,Scarf,Accessories,L,Violet,Fall,3.7
11354,Skirt,Clothing,L,Indigo,Summer,3.9
11355,Backpack,Accessories,M,Orange,Fall,4.7
11356,Sweater,Clothing,M,Violet,Winter,2.5
11357,Hat,Accessories,L,Gray,Fall,4.9
11358,Sandals,Footwear,M,Purple,Fall,4.1
11359,Blouse,Clothing,M,White,Winter,3.3
11360,Sneakers,Footwear,M,Turquoise,Spring,4.7
11361,Skirt,Clothing,M,Maroon,Winter,4.4
11362,Coat,Outerwear,M,White,Fall,3.8
11363,Shirt,Clothing,L,Yellow,Fall,3.9
11364,Gloves,Accessories,M,Turquoise,Fall,4.9
11365,Jacket,Outerwear,L,Violet,Fall,3.1
11366,Coat,Outerwear,M,Beige,Fall,2.7
11367,Shoes,Footwear,M,Silver,Fall,3.2
11368,Jewelry,Accessories,M,Teal,Fall,4.5
11369,Skirt,Clothing,S,Black,Fall,4
11370,Shoes,Footwear,M,Purple,Summer,3.5
11371,Gloves,Accessories,M,Gray,Fall,2.6
11372,Pants,Clothing,M,White,Summer,3.2
11373,Boots,Footwear,L,Cyan,Fall,4.9
11374,Sunglasses,Accessories,L,Turquoise,Fall,4.5
11375,Shirt,Clothing,S,Brown,Summer,4.3
11376,Hoodie,Clothing,M,Maroon,Winter,3.2
11377,Dress,Clothing,M,Charcoal,Fall,3.6
11378,Socks,Clothing,S,Olive,Spring,4.3
11379,Shorts,Clothing,M,Lavender,Fall,4
11380,Hat,Accessories,S,Yellow,Fall,3
11381,Shirt,Clothing,XL,Teal,Fall,4.1
11382,Gloves,Accessories,M,Charcoal,Fall,3.8
11383,Gloves,Accessories,M,Orange,Summer,4.6
11384,Backpack,Accessories,M,Olive,Fall,3
11385,Sunglasses,Accessories,M,Turquoise,Summer,3
11386,Skirt,Clothing,M,Purple,Summer,3.4
11387,Handbag,Accessories,S,Purple,Spring,2.6
11388,Handbag,Accessories,S,Yellow,Winter,2.8
11389,Sneakers,Footwear,XL,Indigo,Fall,4
11390,Gloves,Accessories,M,Green,Fall,4
11391,Shoes,Footwear,M,Magenta,Summer,3
11392,Jacket,Outerwear,S,Gold,Summer,3.3
11393,Shirt,Clothing,M,Maroon,Fall,2.6
11394,Shorts,Clothing,M,Blue,Summer,3.6
11395,Jewelry,Accessories,M,Violet,Summer,3.9
11396,Hat,Accessories,M,Turquoise,Fall,3.4
11397,Shoes,Footwear,L,Brown,Winter,3.5
11398,Coat,Outerwear,L,Violet,Fall,2.8
11399,Backpack,Accessories,L,Black,Spring,2.7
11400,Hoodie,Clothing,L,Magenta,Fall,3.7
11401,Skirt,Clothing,L,Lavender,Fall,4.3
11402,Boots,Footwear,M,Violet,Fall,4.9
11403,Sandals,Footwear,L,Green,Fall,3.3
11404,Pants,Clothing,M,Beige,Summer,4.7
11405,Gloves,Accessories,XL,Purple,Summer,2.8
11406,Skirt,Clothing,XL,Beige,Spring,3.6
11407,Sneakers,Footwear,L,Cyan,Spring,3
11408,T-shirt,Clothing,XL,Silver,Summer,4.5
11409,Backpack,Accessories,S,Lavender,Summer,2.9
11410,Shoes,Footwear,S,Purple,Spring,3.3
11411,Hoodie,Clothing,M,Pink,Spring,3.1
11412,Blouse,Clothing,M,Maroon,Fall,4.4
11413,Coat,Outerwear,XL,Beige,Fall,3
11414,Hat,Accessories,M,Gray,Fall,3.9
11415,Shoes,Footwear,L,Turquoise,Summer,2.9
11416,Belt,Accessories,S,Silver,Fall,3
11417,Backpack,Accessories,M,Olive,Spring,3.1
11418,Jacket,Outerwear,M,Magenta,Fall,4.3
11419,Boots,Footwear,M,Lavender,Summer,3.9
11420,Scarf,Accessories,M,Black,Fall,3.2
11421,Jewelry,Accessories,M,Turquoise,Winter,4.8
11422,Hat,Accessories,XL,Green,Summer,3.8
11423,Dress,Clothing,S,Teal,Summer,3.3
11424,Blouse,Clothing,S,Beige,Fall,4.3
11425,Hat,Accessories,L,Magenta,Spring,2.7
11426,Scarf,Accessories,S,Yellow,Fall,3.2
11427,Sneakers,Footwear,M,Yellow,Fall,4
11428,Shirt,Clothing,M,Silver,Winter,3
11429,T-shirt,Clothing,L,Silver,Summer,4.2
11430,Gloves,Accessories,M,Silver,Summer,2.9
11431,Skirt,Clothing,M,Gold,Spring,4.1
11432,Sandals,Footwear,S,Olive,Winter,3.2
11433,Jacket,Outerwear,L,Teal,Fall,3
11434,Skirt,Clothing,L,Maroon,Fall,4.2
11435,Handbag,Accessories,L,Blue,Fall,4.2
11436,Handbag,Accessories,L,Peach,Fall,4.4
11437,Jacket,Outerwear,L,Blue,Summer,4.2
11438,Scarf,Accessories,S,Orange,Spring,2.8
11439,Shorts,Clothing,L,Yellow,Spring,3.7
11440,Sunglasses,Accessories,M,Purple,Winter,3.5
11441,T-shirt,Clothing,S,Magenta,Spring,2.9
11442,Belt,Accessories,M,Cyan,Spring,3
11443,Sneakers,Footwear,S,Indigo,Spring,3.7
11444,Hat,Accessories,XL,Magenta,Summer,4.4
11445,Gloves,Accessories,XL,Gray,Spring,4.5
11446,Pants,Clothing,M,Turquoise,Spring,4.8
11447,Socks,Clothing,S,Beige,Summer,2.9
11448,Jacket,Outerwear,M,Olive,Spring,3.2
11449,Shoes,Footwear,L,Violet,Spring,3.3
11450,Jeans,Clothing,M,Turquoise,Winter,4.2
11451,Socks,Clothing,M,White,Spring,2.9
11452,Sandals,Footwear,S,Silver,Spring,4.6
11453,Scarf,Accessories,L,Olive,Fall,4.1
11454,Blouse,Clothing,M,Blue,Spring,3.1
11455,Jewelry,Accessories,L,Purple,Winter,4.2
11456,Sweater,Clothing,XL,Yellow,Fall,4.5
11457,Gloves,Accessories,S,Silver,Summer,3.7
11458,Sunglasses,Accessories,M,Cyan,Winter,3.7
11459,Coat,Outerwear,L,Green,Winter,3.4
11460,Dress,Clothing,M,Beige,Summer,3
11461,Skirt,Clothing,M,Peach,Fall,4.2
11462,Pants,Clothing,L,Yellow,Summer,2.9
11463,Sweater,Clothing,XL,Turquoise,Winter,3.5
11464,Hoodie,Clothing,M,Peach,Winter,4.1
11465,Coat,Outerwear,L,Gray,Summer,4.3
11466,Jewelry,Accessories,M,Olive,Winter,2.8
11467,Belt,Accessories,S,Indigo,Spring,4.9
11468,Sandals,Footwear,L,Charcoal,Summer,3.3
11469,Sunglasses,Accessories,XL,Beige,Spring,3.2
11470,Sweater,Clothing,XL,Brown,Spring,4.4
11471,Belt,Accessories,M,Blue,Winter,4.8
11472,Handbag,Accessories,S,Teal,Fall,4.2
11473,Skirt,Clothing,L,Black,Fall,4
11474,Handbag,Accessories,XL,Gold,Winter,2.5
11475,Shorts,Clothing,M,Violet,Summer,3.9
11476,Boots,Footwear,L,Cyan,Winter,4.9
11477,Sunglasses,Accessories,M,White,Winter,3.5
11478,Scarf,Accessories,M,Charcoal,Spring,4.2
11479,Jewelry,Accessories,XL,Violet,Spring,4.7
11480,Handbag,Accessories,M,Red,Summer,4.5
11481,Gloves,Accessories,S,Lavender,Spring,2.8
11482,Jeans,Clothing,M,Gold,Fall,2.9
11483,Hat,Accessories,S,Red,Winter,3.2
11484,Jeans,Clothing,L,Magenta,Winter,4.9
11485,Pants,Clothing,M,Teal,Summer,3.7
11486,Shorts,Clothing,M,Purple,Summer,4.3
11487,Pants,Clothing,S,Charcoal,Fall,3.9
11488,Backpack,Accessories,M,Gray,Spring,3.2
11489,Jewelry,Accessories,L,White,Summer,3.1
11490,Sweater,Clothing,M,Olive,Spring,3.9
11491,Shoes,Footwear,M,Charcoal,Spring,2.6
11492,Blouse,Clothing,M,Charcoal,Winter,3.3
11493,Jeans,Clothing,XL,Orange,Fall,4.6
11494,Sunglasses,Accessories,XL,Yellow,Summer,4.6
11495,Jewelry,Accessories,M,Beige,Summer,4.4
11496,Coat,Outerwear,S,Silver,Spring,4.2
11497,Jewelry,Accessories,M,Indigo,Spring,3
11498,Backpack,Accessories,XL,Lavender,Winter,4
11499,Skirt,Clothing,XL,Turquoise,Fall,3.5
11500,Shirt,Clothing,M,Green,Winter,3
11501,Sweater,Clothing,M,Orange,Spring,3.7
11502,Sneakers,Footwear,L,Turquoise,Summer,4
11503,Sandals,Footwear,S,Cyan,Fall,4.2
11504,Belt,Accessories,XL,Charcoal,Spring,2.5
11505,Skirt,Clothing,M,Teal,Summer,3
11506,Sweater,Clothing,S,Maroon,Fall,3.2
11507,Skirt,Clothing,M,Red,Summer,3.5
11508,Handbag,Accessories,XL,Yellow,Summer,4.8
11509,Jewelry,Accessories,L,Gray,Summer,2.6
11510,Scarf,Accessories,L,Blue,Spring,3.4
11511,T-shirt,Clothing,M,Lavender,Winter,3.7
11512,Coat,Outerwear,M,Yellow,Fall,4.5
11513,T-shirt,Clothing,M,Indigo,Winter,3.7
11514,Dress,Clothing,XL,Violet,Fall,3.3
11515,Shoes,Footwear,M,Green,Spring,4.7
11516,Handbag,Accessories,M,White,Spring,2.7
11517,Skirt,Clothing,M,Gold,Spring,4.6
11518,Sunglasses,Accessories,M,Indigo,Winter,2.7
11519,Sandals,Footwear,S,Lavender,Spring,4.8
11520,Shoes,Footwear,XL,Purple,Summer,4.4
11521,T-shirt,Clothing,M,Lavender,Winter,4
11522,Sneakers,Footwear,M,Maroon,Summer,3.2
11523,Hat,Accessories,M,Teal,Spring,4.4
11524,Skirt,Clothing,M,Green,Spring,3.8
11525,Sweater,Clothing,L,Olive,Summer,3.6
11526,Sandals,Footwear,M,Turquoise,Summer,3.3
11527,Dress,Clothing,M,Green,Winter,3.4
11528,Sweater,Clothing,M,Teal,Fall,3.5
11529,Jacket,Outerwear,S,White,Summer,3.6
11530,Gloves,Accessories,M,Orange,Winter,3.2
11531,Handbag,Accessories,M,Beige,Fall,3.7
11532,Dress,Clothing,M,Yellow,Spring,4.5
11533,Pants,Clothing,M,Charcoal,Winter,4.6
11534,Jeans,Clothing,L,Silver,Winter,4.1
11535,Pants,Clothing,L,Green,Spring,3.4
11536,Dress,Clothing,M,Pink,Spring,3.7
11537,Pants,Clothing,M,Purple,Summer,3.3
11538,Jewelry,Accessories,XL,Orange,Spring,4.5
11539,Handbag,Accessories,M,Charcoal,Fall,3.3
11540,Sweater,Clothing,L,Teal,Fall,4.3
11541,Backpack,Accessories,M,Beige,Winter,2.5
11542,Shorts,Clothing,XL,White,Spring,2.6
11543,Jewelry,Accessories,L,White,Summer,4.9
11544,Sneakers,Footwear,L,Orange,Summer,4.7
11545,Belt,Accessories,S,Cyan,Winter,3
11546,Hoodie,Clothing,M,Orange,Winter,3.5
11547,Shirt,Clothing,M,Olive,Summer,4.8
11548,Pants,Clothing,M,Charcoal,Winter,4.3
11549,Scarf,Accessories,M,White,Fall,3.2
11550,Coat,Outerwear,M,Teal,Summer,3.1
11551,Coat,Outerwear,M,Yellow,Fall,2.8
11552,Socks,Clothing,S,White,Summer,2.9
11553,Sweater,Clothing,M,Beige,Winter,3.7
11554,Shirt,Clothing,L,Beige,Fall,3.3
11555,Shirt,Clothing,M,Maroon,Winter,2.8
11556,Sweater,Clothing,M,Teal,Winter,4.5
11557,Blouse,Clothing,M,Lavender,Fall,2.6
11558,Sweater,Clothing,L,Maroon,Spring,3.7
11559,Hat,Accessories,S,Orange,Fall,4.4
11560,Sweater,Clothing,M,Cyan,Winter,4.3
11561,Hoodie,Clothing,M,Silver,Winter,3.5
11562,Shorts,Clothing,M,Teal,Spring,3.8
11563,Shorts,Clothing,L,Blue,Summer,3.5
11564,Hat,Accessories,S,Blue,Summer,4.6
11565,Coat,Outerwear,M,Olive,Spring,2.6
11566,Sandals,Footwear,M,Purple,Summer,4.4
11567,Skirt,Clothing,M,Charcoal,Winter,4
11568,Shoes,Footwear,S,Olive,Winter,4.4
11569,Jeans,Clothing,L,Violet,Spring,4.7
11570,Sandals,Footwear,L,Red,Fall,3.9
11571,Blouse,Clothing,M,Beige,Fall,2.7
11572,Hat,Accessories,M,Green,Winter,3.7
11573,Sweater,Clothing,M,Violet,Spring,2.6
11574,Skirt,Clothing,M,Teal,Winter,3.9
11575,Jeans,Clothing,XL,Yellow,Fall,4.9
11576,Sneakers,Footwear,L,Yellow,Fall,4.1
11577,Jewelry,Accessories,S,Olive,Fall,3
11578,Jewelry,Accessories,XL,Magenta,Fall,4.1
11579,Pants,Clothing,L,Black,Spring,3.8
11580,Belt,Accessories,M,Olive,Spring,4
11581,Hat,Accessories,XL,Magenta,Summer,3.6
11582,Sneakers,Footwear,M,Olive,Winter,3
11583,Pants,Clothing,M,Teal,Summer,3
11584,T-shirt,Clothing,M,White,Spring,2.6
11585,Sneakers,Footwear,M,Charcoal,Fall,3.4
11586,Shorts,Clothing,L,Yellow,Winter,3.1
11587,Shoes,Footwear,L,Charcoal,Summer,3
11588,Gloves,Accessories,XL,Gray,Summer,3.7
11589,Socks,Clothing,M,Turquoise,Spring,3.5
11590,Dress,Clothing,XL,Cyan,Spring,2.8
11591,Handbag,Accessories,M,Charcoal,Spring,4.5
11592,Belt,Accessories,M,Silver,Summer,3.3
11593,Scarf,Accessories,M,Olive,Winter,3.4
11594,Sneakers,Footwear,S,Pink,Winter,3.2
11595,Sweater,Clothing,L,Orange,Summer,3.7
11596,Coat,Outerwear,L,White,Summer,4.6
11597,Jewelry,Accessories,S,Purple,Spring,5
11598,Sunglasses,Accessories,M,Olive,Summer,4.4
11599,Shoes,Footwear,S,Gray,Fall,4.9
11600,Scarf,Accessories,M,Silver,Spring,4.1
11601,Dress,Clothing,L,Orange,Winter,4.9
11602,T-shirt,Clothing,S,Magenta,Fall,4.7
11603,Backpack,Accessories,XL,Beige,Fall,3
11604,Jewelry,Accessories,L,Lavender,Winter,3.4
11605,Jeans,Clothing,M,Peach,Winter,3.2
11606,Sunglasses,Accessories,S,Magenta,Fall,2.9
11607,Sweater,Clothing,M,Beige,Fall,4.5
11608,Shorts,Clothing,S,Yellow,Fall,2.7
11609,Jewelry,Accessories,L,Brown,Spring,3.4
11610,Coat,Outerwear,L,Silver,Summer,4.6
11611,Handbag,Accessories,M,Orange,Summer,2.7
11612,Boots,Footwear,L,Purple,Spring,4.2
11613,Gloves,Accessories,M,Indigo,Winter,3.2
11614,Sweater,Clothing,L,Gray,Spring,4.8
11615,T-shirt,Clothing,XL,Black,Spring,3.3
11616,Shoes,Footwear,L,Maroon,Fall,4.2
11617,Scarf,Accessories,M,Beige,Spring,4.8
11618,Sneakers,Footwear,L,Brown,Winter,4.9
11619,Dress,Clothing,S,Black,Fall,3.9
11620,Belt,Accessories,M,Indigo,Fall,3
11621,Boots,Footwear,S,Silver,Winter,4.6
11622,Scarf,Accessories,L,Blue,Fall,3.5
11623,Boots,Footwear,M,Green,Winter,4.8
11624,T-shirt,Clothing,L,Orange,Fall,4.8
11625,Backpack,Accessories,L,Cyan,Fall,3
11626,Sneakers,Footwear,M,Orange,Winter,4.5
11627,T-shirt,Clothing,M,Indigo,Spring,4.8
11628,Jeans,Clothing,S,Silver,Summer,3.8
11629,Gloves,Accessories,M,Peach,Spring,4.6
11630,Hoodie,Clothing,XL,Teal,Spring,3.1
11631,Sneakers,Footwear,L,White,Spring,3.4
11632,Shorts,Clothing,M,Brown,Winter,3.3
11633,Sweater,Clothing,L,Lavender,Spring,4.8
11634,Jeans,Clothing,M,Indigo,Summer,2.8
11635,Jacket,Outerwear,M,Yellow,Summer,3.1
11636,Jewelry,Accessories,S,White,Summer,4.6
11637,Backpack,Accessories,L,Violet,Winter,2.6
11638,Coat,Outerwear,M,Lavender,Winter,2.6
11639,Belt,Accessories,L,Olive,Spring,3.8
11640,Sandals,Footwear,L,Beige,Fall,4.5
11641,Sweater,Clothing,L,Purple,Spring,3
11642,Shorts,Clothing,S,Teal,Winter,3.5
11643,Socks,Clothing,S,Peach,Spring,3.8
11644,Shirt,Clothing,M,Violet,Winter,3.5
11645,Pants,Clothing,M,Purple,Fall,3.1
11646,Scarf,Accessories,L,Teal,Spring,3
11647,Sweater,Clothing,M,Gold,Winter,4.3
11648,Jeans,Clothing,S,Teal,Winter,3.3
11649,Pants,Clothing,M,Violet,Winter,4.7
11650,Backpack,Accessories,L,Black,Winter,4.5
11651,Coat,Outerwear,XL,Gold,Winter,2.9
11652,Sandals,Footwear,M,Gold,Winter,4.1
11653,Shirt,Clothing,M,Brown,Summer,3.5
11654,Hat,Accessories,L,Cyan,Winter,3.4
11655,Shirt,Clothing,S,Indigo,Fall,3.3
11656,Skirt,Clothing,M,Orange,Fall,3.2
11657,Shoes,Footwear,L,Pink,Spring,4
11658,Coat,Outerwear,XL,Olive,Winter,3.6
11659,Pants,Clothing,L,Cyan,Summer,4.6
11660,Jewelry,Accessories,M,Peach,Summer,2.6
11661,Belt,Accessories,M,Turquoise,Winter,4.3
11662,Jacket,Outerwear,M,Turquoise,Summer,3.4
11663,Shirt,Clothing,XL,Maroon,Winter,3.5
11664,Hoodie,Clothing,M,Maroon,Winter,4.2
11665,Sunglasses,Accessories,M,Olive,Fall,3.5
11666,Sunglasses,Accessories,M,Magenta,Summer,3.6
11667,Dress,Clothing,M,Red,Summer,4.3
11668,Boots,Footwear,M,Olive,Fall,4.9
11669,Shirt,Clothing,M,Silver,Summer,4.1
11670,Shorts,Clothing,S,Turquoise,Spring,3.6
11671,Gloves,Accessories,M,Yellow,Summer,3.4
11672,Jewelry,Accessories,L,Peach,Summer,2.9
11673,Boots,Footwear,L,Beige,Summer,2.7
11674,Jewelry,Accessories,M,Pink,Summer,4.3
11675,Pants,Clothing,M,Violet,Summer,3.3
11676,Jewelry,Accessories,XL,Peach,Winter,2.8
11677,Jacket,Outerwear,S,Gold,Summer,3.2
11678,Blouse,Clothing,XL,Gold,Fall,3.6
11679,Blouse,Clothing,S,Indigo,Fall,4
11680,Gloves,Accessories,M,Blue,Spring,4.9
11681,Shorts,Clothing,L,Black,Winter,4
11682,Hat,Accessories,L,Black,Winter,3.8
11683,Shoes,Footwear,L,Teal,Summer,3.7
11684,Boots,Footwear,M,Yellow,Winter,3.9
11685,Jacket,Outerwear,M,White,Fall,3.3
11686,Jewelry,Accessories,S,Orange,Summer,2.7
11687,Sunglasses,Accessories,M,Silver,Winter,4.7
11688,Skirt,Clothing,M,Pink,Summer,2.8
11689,Jeans,Clothing,L,Turquoise,Winter,4.6
11690,Backpack,Accessories,S,Orange,Spring,4.5
11691,Backpack,Accessories,S,Peach,Fall,5
11692,Shorts,Clothing,L,Pink,Fall,4.1
11693,Dress,Clothing,L,Teal,Summer,4.6
11694,Scarf,Accessories,XL,White,Winter,4.9
11695,Jeans,Clothing,L,Gray,Winter,3.9
11696,Coat,Outerwear,L,Olive,Spring,3.9
11697,Sweater,Clothing,XL,Maroon,Summer,2.6
11698,Sneakers,Footwear,L,Magenta,Summer,2.7
11699,Scarf,Accessories,M,Magenta,Spring,3.5
11700,Sweater,Clothing,M,Green,Summer,3.7
11701,Jewelry,Accessories,XL,Turquoise,Winter,3.2
11702,Handbag,Accessories,L,Yellow,Winter,3.3
11703,Hoodie,Clothing,M,Gray,Summer,4.8
11704,Hat,Accessories,L,Peach,Fall,3.2
11705,Belt,Accessories,M,Yellow,Winter,2.5
11706,Hoodie,Clothing,M,White,Fall,3.9
11707,Hat,Accessories,L,Lavender,Summer,4.7
11708,Shoes,Footwear,S,Blue,Spring,2.6
11709,Sandals,Footwear,M,Charcoal,Fall,2.8
11710,Jacket,Outerwear,L,Red,Winter,4.4
11711,Sweater,Clothing,L,Olive,Spring,4.6
11712,Socks,Clothing,M,Green,Summer,3.2
11713,Sneakers,Footwear,M,Silver,Winter,4.2
11714,Coat,Outerwear,M,Silver,Summer,3.7
11715,Shirt,Clothing,M,Black,Fall,3.9
11716,Backpack,Accessories,XL,Red,Summer,4.7
11717,Boots,Footwear,M,Indigo,Winter,4.5
11718,Handbag,Accessories,XL,Cyan,Fall,3.3
11719,Dress,Clothing,S,Maroon,Fall,3.3
11720,Sneakers,Footwear,S,Silver,Winter,4.6
11721,Boots,Footwear,M,Lavender,Spring,3.6
11722,Shoes,Footwear,L,Silver,Winter,4.8
11723,T-shirt,Clothing,L,Purple,Fall,4.8
11724,Boots,Footwear,M,Cyan,Spring,2.9
11725,Pants,Clothing,S,Cyan,Fall,2.8
11726,Shoes,Footwear,M,Lavender,Summer,3.2
11727,Shoes,Footwear,M,Maroon,Winter,3.9
11728,T-shirt,Clothing,L,Gray,Spring,4.3
11729,Scarf,Accessories,M,Olive,Fall,2.7
11730,Shorts,Clothing,M,Magenta,Spring,5
11731,Jewelry,Accessories,S,Yellow,Winter,3.7
11732,T-shirt,Clothing,L,Cyan,Summer,3.9
11733,Shirt,Clothing,M,Teal,Fall,3.9
11734,Shirt,Clothing,L,Yellow,Fall,3.1
11735,Gloves,Accessories,L,Peach,Winter,3.3
11736,Scarf,Accessories,M,Peach,Fall,3.6
11737,Skirt,Clothing,S,Olive,Winter,4.3
11738,Hat,Accessories,L,Charcoal,Spring,4.5
11739,Hoodie,Clothing,L,Indigo,Fall,2.8
11740,Boots,Footwear,L,Silver,Fall,2.7
11741,Blouse,Clothing,M,Beige,Fall,2.9
11742,Belt,Accessories,L,Blue,Summer,4.4
11743,Sunglasses,Accessories,M,White,Spring,3.9
11744,Shorts,Clothing,L,Gold,Winter,3.5
11745,Gloves,Accessories,M,Blue,Spring,2.5
11746,Sandals,Footwear,M,Orange,Spring,4.9
11747,Shirt,Clothing,M,Gold,Summer,4.8
11748,Coat,Outerwear,M,Cyan,Spring,3.2
11749,Pants,Clothing,S,Red,Winter,4.9
11750,T-shirt,Clothing,L,Yellow,Winter,4.3
11751,Sneakers,Footwear,S,Beige,Winter,3.2
11752,Shorts,Clothing,M,Orange,Fall,3.7
11753,Coat,Outerwear,XL,Magenta,Winter,3.2
11754,Sandals,Footwear,L,Purple,Fall,3.4
11755,Pants,Clothing,L,Black,Winter,4.1
11756,Sandals,Footwear,L,Pink,Spring,4.5
11757,Gloves,Accessories,L,Pink,Fall,4.5
11758,T-shirt,Clothing,L,Maroon,Spring,3.2
11759,Jacket,Outerwear,S,Maroon,Fall,4.4
11760,Blouse,Clothing,S,Turquoise,Summer,3
11761,Socks,Clothing,XL,Green,Spring,3.2
11762,Coat,Outerwear,M,Violet,Winter,4
11763,Dress,Clothing,M,Lavender,Spring,3.1
11764,Jacket,Outerwear,L,Gray,Fall,2.8
11765,Boots,Footwear,XL,Teal,Spring,4.6
11766,Skirt,Clothing,S,Red,Spring,4.3
11767,Sandals,Footwear,S,Yellow,Summer,3.3
11768,Coat,Outerwear,L,Magenta,Summer,3.5
11769,Hoodie,Clothing,M,Brown,Winter,3.4
11770,Jacket,Outerwear,M,Blue,Winter,2.8
11771,Backpack,Accessories,M,Black,Winter,4.6
11772,Backpack,Accessories,S,Olive,Fall,3.6
11773,Belt,Accessories,M,Olive,Summer,3.3
11774,Coat,Outerwear,XL,Green,Fall,3.1
11775,T-shirt,Clothing,M,Peach,Fall,3.5
11776,Sunglasses,Accessories,M,White,Winter,3.2
11777,Sneakers,Footwear,M,Red,Summer,3
11778,Gloves,Accessories,M,White,Fall,4.8
11779,Coat,Outerwear,L,Indigo,Winter,5
11780,Shirt,Clothing,M,White,Spring,2.9
11781,Sneakers,Footwear,L,Teal,Fall,3.2
11782,Scarf,Accessories,M,Indigo,Fall,2.9
11783,Jewelry,Accessories,L,Red,Fall,3.3
11784,Jacket,Outerwear,M,Blue,Fall,2.6
11785,Jeans,Clothing,M,Blue,Summer,3.5
11786,Shoes,Footwear,M,Black,Fall,4.4
11787,Hoodie,Clothing,M,Olive,Winter,3.4
11788,Backpack,Accessories,L,Lavender,Fall,4.2
11789,Sneakers,Footwear,M,Indigo,Spring,3.6
11790,Blouse,Clothing,S,Red,Winter,3
11791,Pants,Clothing,L,Red,Summer,4
11792,Skirt,Clothing,M,Pink,Fall,4.4
11793,T-shirt,Clothing,XL,Purple,Fall,4.1
11794,Jacket,Outerwear,XL,Cyan,Spring,3.6
11795,Scarf,Accessories,XL,Cyan,Summer,4.6
11796,Pants,Clothing,M,Charcoal,Summer,3.2
11797,Sneakers,Footwear,L,Red,Fall,4.8
11798,Jeans,Clothing,M,Peach,Fall,4.8
11799,Hat,Accessories,M,Black,Winter,5
11800,Skirt,Clothing,M,Black,Fall,3.7
11801,Sandals,Footwear,M,Purple,Fall,4.6
11802,Sandals,Footwear,M,Violet,Winter,3.7
11803,Sweater,Clothing,M,Orange,Spring,4.1
11804,Sweater,Clothing,XL,Charcoal,Winter,2.7
11805,Jacket,Outerwear,L,Turquoise,Spring,4.9
11806,Shorts,Clothing,L,Yellow,Spring,4
11807,Socks,Clothing,M,White,Spring,4.7
11808,Socks,Clothing,M,Gray,Fall,2.8
11809,Hoodie,Clothing,S,Blue,Winter,4.9
11810,Socks,Clothing,S,Maroon,Fall,4.2
11811,Boots,Footwear,M,Violet,Fall,3
11812,Shirt,Clothing,M,Orange,Fall,3.4
11813,Belt,Accessories,S,Turquoise,Fall,4.6
11814,Backpack,Accessories,L,Olive,Fall,4.2
11815,Boots,Footwear,M,Brown,Fall,3.2
11816,Coat,Outerwear,S,Green,Winter,4.4
11817,Hoodie,Clothing,S,Brown,Winter,2.5
11818,Shoes,Footwear,M,Silver,Summer,3.6
11819,Shoes,Footwear,XL,White,Summer,4.5
11820,Jewelry,Accessories,L,Gold,Summer,3.4
11821,Dress,Clothing,L,Green,Winter,3.2
11822,Boots,Footwear,L,Teal,Spring,4.2
11823,Hat,Accessories,M,Charcoal,Spring,5
11824,Backpack,Accessories,M,Maroon,Summer,4.7
11825,Shoes,Footwear,L,Lavender,Summer,4.2
11826,Handbag,Accessories,L,Green,Winter,3.4
11827,Sunglasses,Accessories,S,Pink,Fall,4.4
11828,Hat,Accessories,XL,Charcoal,Winter,4.2
11829,Scarf,Accessories,M,Blue,Spring,4.5
11830,Hoodie,Clothing,L,Purple,Fall,2.8
11831,Backpack,Accessories,S,Gold,Fall,3.3
11832,Sweater,Clothing,L,Purple,Fall,4.6
11833,Shorts,Clothing,M,Charcoal,Summer,2.5
11834,Scarf,Accessories,M,Black,Winter,4.7
11835,Hat,Accessories,L,Lavender,Fall,4.6
11836,Coat,Outerwear,L,Lavender,Fall,2.6
11837,Jewelry,Accessories,M,Lavender,Winter,4
11838,Sandals,Footwear,L,Olive,Summer,2.6
11839,Gloves,Accessories,L,Teal,Spring,4.6
11840,Backpack,Accessories,M,Maroon,Fall,2.6
11841,Jacket,Outerwear,L,Cyan,Spring,4
11842,Backpack,Accessories,M,Charcoal,Summer,4.6
11843,Backpack,Accessories,M,Black,Fall,3.7
11844,Sunglasses,Accessories,S,Red,Fall,4.4
11845,Socks,Clothing,S,Peach,Spring,4
11846,Shoes,Footwear,M,White,Fall,4.7
11847,Pants,Clothing,XL,Pink,Fall,3.4
11848,Jewelry,Accessories,M,Red,Fall,4
11849,Sunglasses,Accessories,M,Indigo,Spring,3.9
11850,Sandals,Footwear,L,Black,Winter,4.1
11851,Sweater,Clothing,M,White,Fall,3.7
11852,Shoes,Footwear,L,Beige,Spring,4.7
11853,Jewelry,Accessories,S,Silver,Fall,4.3
11854,Boots,Footwear,S,Violet,Summer,4.1
11855,Backpack,Accessories,M,Red,Winter,3.9
11856,Sandals,Footwear,M,Orange,Spring,2.9
11857,Sneakers,Footwear,M,Teal,Summer,3.9
11858,Hoodie,Clothing,M,Brown,Fall,4.3
11859,Handbag,Accessories,M,Indigo,Summer,2.8
11860,Sweater,Clothing,M,Cyan,Winter,3.4
11861,Sandals,Footwear,S,Blue,Summer,2.7
11862,Dress,Clothing,L,Olive,Spring,4
11863,Skirt,Clothing,M,Gray,Summer,4.4
11864,Blouse,Clothing,M,Red,Winter,3.9
11865,Skirt,Clothing,L,Red,Spring,2.8
11866,Sweater,Clothing,XL,Green,Winter,3.2
11867,Backpack,Accessories,S,Blue,Summer,4.3
11868,Hoodie,Clothing,S,Purple,Summer,4.2
11869,Boots,Footwear,XL,Pink,Spring,4.9
11870,Blouse,Clothing,XL,Charcoal,Summer,3.7
11871,Hoodie,Clothing,M,Brown,Winter,4.1
11872,Pants,Clothing,L,Orange,Spring,4.2
11873,Gloves,Accessories,M,Magenta,Spring,3.9
11874,Hat,Accessories,L,Yellow,Summer,2.9
11875,Sunglasses,Accessories,M,Beige,Winter,3.1
11876,Scarf,Accessories,M,Olive,Winter,3.6
11877,Handbag,Accessories,L,Gray,Summer,4.4
11878,Handbag,Accessories,S,Purple,Fall,3.1
11879,Jeans,Clothing,M,Beige,Summer,3.9
11880,Jacket,Outerwear,M,White,Winter,4.3
11881,Backpack,Accessories,S,White,Fall,4.9
11882,Shorts,Clothing,S,Gold,Spring,3.6
11883,Coat,Outerwear,M,Olive,Fall,5
11884,Shirt,Clothing,XL,Green,Fall,4.1
11885,Gloves,Accessories,L,Magenta,Fall,2.8
11886,Dress,Clothing,M,Charcoal,Fall,4.7
11887,Pants,Clothing,M,Indigo,Winter,4.4
11888,Pants,Clothing,M,Peach,Spring,4.9
11889,Hoodie,Clothing,L,Turquoise,Winter,3.1
11890,Sunglasses,Accessories,S,Blue,Winter,2.6
11891,T-shirt,Clothing,S,Turquoise,Fall,2.9
11892,Jacket,Outerwear,M,Gray,Spring,3.3
11893,Sweater,Clothing,XL,Purple,Spring,4.8
11894,Jacket,Outerwear,L,Black,Winter,4.7
11895,Socks,Clothing,M,Peach,Winter,3.3
11896,Shirt,Clothing,M,Indigo,Spring,4.2
11897,Jewelry,Accessories,XL,Beige,Winter,4.7
11898,Sunglasses,Accessories,M,Yellow,Spring,2.6
11899,Pants,Clothing,M,Peach,Winter,2.9
11900,Socks,Clothing,S,Turquoise,Summer,2.7
11901,Blouse,Clothing,M,Teal,Fall,3.3
11902,Sandals,Footwear,M,Turquoise,Fall,3.4
11903,Sneakers,Footwear,M,Magenta,Spring,4.2
11904,Shirt,Clothing,XL,Purple,Winter,3.8
11905,Jacket,Outerwear,M,Brown,Summer,4
11906,Sandals,Footwear,S,Violet,Winter,2.7
11907,Hat,Accessories,M,Yellow,Summer,4.7
11908,Blouse,Clothing,XL,Magenta,Winter,3.5
11909,Sweater,Clothing,L,Beige,Fall,3
11910,Gloves,Accessories,XL,Turquoise,Winter,3.3
11911,Scarf,Accessories,S,Peach,Summer,4.7
11912,Hoodie,Clothing,M,Orange,Summer,4.7
11913,Shorts,Clothing,XL,Red,Spring,4.8
11914,Backpack,Accessories,L,Silver,Summer,2.9
11915,Sunglasses,Accessories,M,Cyan,Spring,4
11916,Shorts,Clothing,L,Turquoise,Spring,3.1
11917,Dress,Clothing,S,Charcoal,Fall,3.5
11918,Shorts,Clothing,XL,Peach,Summer,3.7
11919,Belt,Accessories,L,Green,Fall,2.8
11920,Scarf,Accessories,XL,Brown,Summer,4.6
11921,Boots,Footwear,M,Yellow,Winter,3.8
11922,Handbag,Accessories,M,Charcoal,Fall,2.6
11923,Pants,Clothing,L,Olive,Winter,4.1
11924,Boots,Footwear,L,Red,Fall,3.3
11925,Shirt,Clothing,M,White,Winter,3.4
11926,Dress,Clothing,L,Pink,Summer,3
11927,Hoodie,Clothing,S,Black,Spring,3.2
11928,Pants,Clothing,XL,Indigo,Summer,4.5
11929,Jeans,Clothing,L,Turquoise,Summer,4.8
11930,Shirt,Clothing,L,Purple,Spring,3.7
11931,Backpack,Accessories,L,Beige,Summer,3.4
11932,Jacket,Outerwear,L,Charcoal,Summer,4.6
11933,Scarf,Accessories,L,Turquoise,Spring,4.1
11934,Boots,Footwear,M,Maroon,Spring,3.5
11935,Blouse,Clothing,XL,Black,Summer,3.8
11936,Hoodie,Clothing,M,Lavender,Summer,2.6
11937,Jacket,Outerwear,M,Magenta,Fall,4.4
11938,Jeans,Clothing,L,Green,Spring,2.6
11939,Jewelry,Accessories,M,Olive,Spring,3.6
11940,Socks,Clothing,L,Green,Spring,4.2
11941,Shirt,Clothing,M,Peach,Summer,4.6
11942,Shorts,Clothing,L,Turquoise,Summer,3.3
11943,Jewelry,Accessories,L,Orange,Fall,3.4
11944,Blouse,Clothing,L,Silver,Summer,4.4
11945,Sweater,Clothing,S,Blue,Summer,4.3
11946,Jewelry,Accessories,L,Cyan,Fall,3.5
11947,T-shirt,Clothing,XL,Green,Fall,4.7
11948,Hat,Accessories,L,Silver,Winter,3.1
11949,Shorts,Clothing,L,Yellow,Summer,3.6
11950,Sweater,Clothing,S,Gray,Winter,4.8
11951,Jeans,Clothing,M,Pink,Winter,3.7
11952,Sunglasses,Accessories,L,Beige,Summer,3.2
11953,Boots,Footwear,M,Indigo,Summer,3.9
11954,Coat,Outerwear,M,Red,Spring,3.5
11955,Shirt,Clothing,L,Blue,Spring,2.8
11956,Dress,Clothing,L,Cyan,Fall,2.7
11957,Shirt,Clothing,S,Violet,Winter,3.1
11958,Sunglasses,Accessories,M,Orange,Fall,3.6
11959,Dress,Clothing,L,Maroon,Spring,2.9
11960,Sunglasses,Accessories,M,Teal,Spring,3.6
11961,Sunglasses,Accessories,L,Orange,Winter,3.5
11962,Shorts,Clothing,S,Purple,Summer,3.5
11963,Jeans,Clothing,M,Orange,Summer,2.8
11964,T-shirt,Clothing,XL,Yellow,Summer,4.7
11965,Pants,Clothing,M,Charcoal,Summer,3.1
11966,Sunglasses,Accessories,L,Gray,Fall,4.9
11967,Boots,Footwear,S,Charcoal,Spring,4.1
11968,T-shirt,Clothing,L,Orange,Fall,4.7
11969,Sandals,Footwear,M,Red,Winter,2.5
11970,Shorts,Clothing,L,Gold,Spring,4.4
11971,Hat,Accessories,L,Brown,Fall,3.9
11972,Scarf,Accessories,M,Olive,Winter,3.7
11973,T-shirt,Clothing,L,Violet,Fall,3.4
11974,Gloves,Accessories,L,Indigo,Fall,4.8
11975,Scarf,Accessories,L,Yellow,Fall,4.2
11976,Boots,Footwear,M,Teal,Fall,3.4
11977,Gloves,Accessories,L,Pink,Spring,2.9
11978,Coat,Outerwear,M,Violet,Spring,3.3
11979,Belt,Accessories,S,Orange,Summer,4.8
11980,Hoodie,Clothing,M,Red,Fall,3.8
11981,Shoes,Footwear,L,Peach,Summer,4.6
11982,Dress,Clothing,XL,Green,Winter,2.6
11983,Gloves,Accessories,XL,Violet,Fall,3.4
11984,Jewelry,Accessories,L,Yellow,Fall,4.2
11985,Belt,Accessories,M,Pink,Fall,3.9
11986,Sweater,Clothing,M,Brown,Spring,2.9
11987,Skirt,Clothing,XL,Silver,Fall,4.2
11988,Sneakers,Footwear,M,Pink,Summer,3
11989,Gloves,Accessories,M,Cyan,Winter,3.6
11990,Coat,Outerwear,M,Brown,Fall,2.5
11991,Backpack,Accessories,XL,Red,Spring,2.6
11992,Socks,Clothing,M,Silver,Spring,4.3
11993,Sneakers,Footwear,M,Gray,Spring,3.3
11994,Sweater,Clothing,L,Cyan,Fall,2.6
11995,Jeans,Clothing,L,Teal,Fall,3.6
11996,Hat,Accessories,L,Indigo,Winter,2.6
11997,Hat,Accessories,M,Yellow,Summer,3.5
11998,Handbag,Accessories,S,Gold,Winter,3
11999,Shirt,Clothing,M,Maroon,Spring,5
12000,Socks,Clothing,XL,Silver,Spring,2.5
12001,Socks,Clothing,M,Yellow,Summer,2.9
12002,Dress,Clothing,M,Blue,Spring,4.6
12003,Shoes,Footwear,M,Turquoise,Spring,3.6
12004,Scarf,Accessories,L,Indigo,Winter,3
12005,Hoodie,Clothing,M,Green,Summer,4.5
12006,T-shirt,Clothing,L,Purple,Winter,4.5
12007,Jeans,Clothing,M,Peach,Winter,3.2
12008,Shorts,Clothing,S,Purple,Spring,4
12009,Hat,Accessories,S,Teal,Winter,4.8
12010,Handbag,Accessories,S,Green,Spring,3.7
12011,Pants,Clothing,XL,Yellow,Summer,3.8
12012,Handbag,Accessories,S,Purple,Fall,2.7
12013,Sweater,Clothing,M,Indigo,Summer,4.9
12014,Scarf,Accessories,S,Magenta,Summer,3.1
12015,Sneakers,Footwear,M,Violet,Spring,4.2
12016,Pants,Clothing,L,Maroon,Summer,3.8
12017,Backpack,Accessories,XL,Yellow,Winter,4.2
12018,Sandals,Footwear,M,Beige,Summer,4.6
12019,Socks,Clothing,XL,Black,Fall,4
12020,Coat,Outerwear,M,Violet,Fall,4
12021,Socks,Clothing,M,Violet,Spring,3.8
12022,Belt,Accessories,L,Brown,Summer,3.3
12023,Socks,Clothing,S,Gold,Summer,2.6
12024,Belt,Accessories,L,Blue,Fall,4.9
12025,Pants,Clothing,M,Teal,Winter,3.5
12026,Shorts,Clothing,L,Silver,Winter,2.8
12027,Boots,Footwear,M,Maroon,Summer,2.6
12028,Dress,Clothing,L,White,Summer,3.7
12029,Jeans,Clothing,L,Charcoal,Summer,2.7
12030,T-shirt,Clothing,S,Brown,Winter,3.3
12031,Shoes,Footwear,L,Lavender,Fall,4.6
12032,Boots,Footwear,M,Violet,Fall,4.9
12033,Scarf,Accessories,S,Lavender,Fall,4.9
12034,Sneakers,Footwear,M,Green,Winter,2.7
12035,Boots,Footwear,M,Olive,Summer,3.2
12036,Handbag,Accessories,S,Olive,Summer,2.9
12037,Shirt,Clothing,M,Pink,Winter,3.8
12038,Hat,Accessories,L,Teal,Spring,3
12039,Sweater,Clothing,L,Cyan,Summer,3.9
12040,Handbag,Accessories,S,Gray,Spring,4.7
12041,Shirt,Clothing,M,Peach,Winter,4.9
12042,Sunglasses,Accessories,S,Teal,Winter,4.8
12043,Sneakers,Footwear,M,Turquoise,Spring,2.5
12044,Hoodie,Clothing,M,Green,Spring,3.9
12045,Shirt,Clothing,L,Magenta,Winter,3.4
12046,Sunglasses,Accessories,M,Green,Winter,2.5
12047,Blouse,Clothing,M,White,Spring,3
12048,Belt,Accessories,XL,Brown,Fall,3.6
12049,Dress,Clothing,M,Purple,Winter,3.6
12050,Shoes,Footwear,S,Green,Fall,4.1
12051,Socks,Clothing,M,Peach,Fall,3.7
12052,Socks,Clothing,S,Silver,Spring,3.1
12053,Shorts,Clothing,M,Maroon,Fall,4.2
12054,Gloves,Accessories,M,Red,Summer,4.3
12055,Jacket,Outerwear,L,Blue,Fall,2.5
12056,Handbag,Accessories,M,Purple,Fall,3.5
12057,Backpack,Accessories,M,Indigo,Summer,3.1
12058,Boots,Footwear,L,Indigo,Summer,2.5
12059,Gloves,Accessories,L,Violet,Winter,3.9
12060,Hoodie,Clothing,L,Brown,Spring,4.9
12061,Coat,Outerwear,M,Gray,Spring,4.3
12062,Shirt,Clothing,L,Teal,Spring,2.6
12063,Shirt,Clothing,L,Teal,Summer,4.2
12064,Sweater,Clothing,M,Beige,Summer,2.6
12065,Shirt,Clothing,M,Violet,Spring,3.6
12066,Hoodie,Clothing,S,Beige,Summer,3.2
12067,Sandals,Footwear,L,Purple,Winter,4.4
12068,Belt,Accessories,XL,Charcoal,Winter,3.7
12069,Boots,Footwear,M,Pink,Spring,3.7
12070,Hoodie,Clothing,L,Blue,Fall,4.1
12071,Sandals,Footwear,M,Lavender,Fall,3.6
12072,Jeans,Clothing,S,Charcoal,Spring,4.3
12073,Shoes,Footwear,L,Turquoise,Winter,2.6
12074,Sandals,Footwear,M,Red,Summer,2.9
12075,Dress,Clothing,L,Yellow,Spring,4.2
12076,Hat,Accessories,L,Orange,Winter,4
12077,Pants,Clothing,L,Blue,Spring,4.3
12078,Socks,Clothing,L,Gold,Spring,3
12079,Shirt,Clothing,M,Gold,Summer,3.5
12080,Shorts,Clothing,L,Cyan,Fall,3
12081,Jacket,Outerwear,L,Olive,Fall,3.1
12082,Hoodie,Clothing,M,Teal,Winter,4
12083,Shoes,Footwear,M,Maroon,Spring,4.1
12084,Skirt,Clothing,XL,Green,Spring,3.3
12085,Coat,Outerwear,M,Charcoal,Winter,4.9
12086,Sneakers,Footwear,M,Cyan,Summer,3.9
12087,Jeans,Clothing,S,Charcoal,Winter,3.9
12088,Blouse,Clothing,L,Charcoal,Winter,4.8
12089,Sunglasses,Accessories,M,Lavender,Summer,2.7
12090,Jacket,Outerwear,M,Turquoise,Spring,3.1
12091,Dress,Clothing,M,Green,Summer,3.2
12092,Hat,Accessories,M,Silver,Spring,2.7
12093,Hoodie,Clothing,M,Blue,Fall,2.5
12094,Handbag,Accessories,M,Charcoal,Spring,2.6
12095,Jeans,Clothing,M,Pink,Spring,2.9
12096,Boots,Footwear,M,Pink,Summer,4.2
12097,Jacket,Outerwear,M,Magenta,Fall,4.4
12098,Sandals,Footwear,L,Gray,Summer,4.1
12099,Belt,Accessories,L,Gray,Summer,3.8
12100,Handbag,Accessories,M,Orange,Winter,4.9
12101,Sunglasses,Accessories,S,Black,Summer,4.9
12102,Skirt,Clothing,S,Lavender,Spring,4.1
12103,Backpack,Accessories,L,Red,Spring,3.1
12104,Sandals,Footwear,M,Silver,Summer,2.7
12105,Boots,Footwear,M,Cyan,Fall,3.8
12106,Sneakers,Footwear,S,Gold,Fall,4.3
12107,Skirt,Clothing,L,Yellow,Winter,4.1
12108,Dress,Clothing,L,Purple,Fall,4.4
12109,Shorts,Clothing,S,Brown,Summer,3.6
12110,Handbag,Accessories,L,Turquoise,Winter,3.3
12111,Scarf,Accessories,S,Gold,Spring,3.6
12112,Belt,Accessories,S,Olive,Fall,2.8
12113,Gloves,Accessories,S,Purple,Spring,4.3
12114,Skirt,Clothing,S,Lavender,Summer,3.9
12115,Shorts,Clothing,L,Gray,Summer,2.7
12116,Backpack,Accessories,M,Red,Spring,4.7
12117,Hoodie,Clothing,L,Purple,Spring,3.8
12118,Hat,Accessories,XL,Olive,Spring,4.7
12119,Jewelry,Accessories,M,Lavender,Spring,4.7
12120,Shirt,Clothing,M,Gray,Spring,3.4
12121,Belt,Accessories,L,Red,Spring,3.5
12122,Sweater,Clothing,M,Peach,Summer,4
12123,Hat,Accessories,L,Gray,Fall,3.3
12124,Scarf,Accessories,L,Violet,Summer,4.7
12125,Hat,Accessories,M,Beige,Summer,2.8
12126,Jacket,Outerwear,M,Blue,Winter,3.3
12127,T-shirt,Clothing,L,Magenta,Spring,2.9
12128,Dress,Clothing,S,Cyan,Spring,2.8
12129,Pants,Clothing,M,Red,Spring,4.2
12130,Sweater,Clothing,L,Cyan,Winter,4.4
12131,Sunglasses,Accessories,M,Turquoise,Winter,3.6
12132,Belt,Accessories,L,Silver,Fall,2.7
12133,Hoodie,Clothing,S,Pink,Spring,3.4
12134,Pants,Clothing,M,Black,Winter,2.8
12135,Hoodie,Clothing,M,Green,Winter,3.4
12136,Sneakers,Footwear,M,Yellow,Fall,2.6
12137,Dress,Clothing,L,Purple,Summer,4.1
12138,Dress,Clothing,L,Purple,Winter,2.9
12139,Jeans,Clothing,S,Blue,Spring,2.7
12140,Sweater,Clothing,M,Maroon,Spring,3.7
12141,Shorts,Clothing,M,Orange,Spring,4.3
12142,Shirt,Clothing,L,Green,Winter,2.6
12143,Belt,Accessories,XL,Gold,Summer,4.3
12144,Coat,Outerwear,L,Silver,Summer,4.1
12145,Sneakers,Footwear,M,Cyan,Fall,4.2
12146,Shirt,Clothing,M,Silver,Spring,4.2
12147,Socks,Clothing,XL,Beige,Winter,3.1
12148,Jeans,Clothing,L,Teal,Winter,4.9
12149,Jeans,Clothing,XL,Green,Spring,4.4
12150,Sneakers,Footwear,L,Black,Summer,4.4
12151,Dress,Clothing,XL,Yellow,Winter,3.4
12152,Boots,Footwear,M,White,Fall,4.5
12153,T-shirt,Clothing,L,Green,Fall,4.5
12154,Coat,Outerwear,M,Silver,Winter,4.1
12155,Skirt,Clothing,L,Blue,Winter,3.2
12156,Sneakers,Footwear,M,Magenta,Spring,2.7
12157,Jeans,Clothing,S,Yellow,Spring,3.7
12158,Hoodie,Clothing,L,White,Fall,2.6
12159,Shoes,Footwear,M,Pink,Summer,2.7
12160,Shorts,Clothing,M,Magenta,Summer,2.7
12161,Blouse,Clothing,S,Teal,Fall,4.8
12162,T-shirt,Clothing,L,Indigo,Winter,4.8
12163,Belt,Accessories,S,Maroon,Spring,2.6
12164,Handbag,Accessories,L,Black,Winter,4.5
12165,Dress,Clothing,M,Cyan,Winter,3.2
12166,Hat,Accessories,L,Cyan,Winter,3.8
12167,Belt,Accessories,S,Gray,Spring,4.8
12168,Boots,Footwear,M,Violet,Summer,4.1
12169,Coat,Outerwear,XL,Blue,Spring,2.8
12170,Blouse,Clothing,M,Charcoal,Winter,3.9
12171,Hat,Accessories,L,Olive,Summer,4.9
12172,Jeans,Clothing,M,Olive,Summer,3.4
12173,Backpack,Accessories,XL,Turquoise,Winter,4.1
12174,Dress,Clothing,M,Cyan,Summer,2.9
12175,Hat,Accessories,S,Red,Fall,3.1
12176,Sunglasses,Accessories,S,Cyan,Spring,3.6
12177,Hat,Accessories,S,Turquoise,Fall,3.5
12178,Dress,Clothing,L,Lavender,Summer,3.4
12179,Shirt,Clothing,XL,Cyan,Spring,2.9
12180,Scarf,Accessories,XL,Violet,Spring,4.7
12181,Sneakers,Footwear,XL,Beige,Winter,4.4
12182,Skirt,Clothing,M,Cyan,Spring,2.6
12183,Jewelry,Accessories,XL,Indigo,Spring,4.4
12184,Boots,Footwear,L,Olive,Fall,3.7
12185,Sunglasses,Accessories,L,Green,Spring,4.4
12186,Boots,Footwear,L,Green,Spring,2.5
12187,Sandals,Footwear,M,Beige,Spring,2.6
12188,Boots,Footwear,L,Black,Spring,5
12189,Dress,Clothing,M,Brown,Spring,4.9
12190,Hoodie,Clothing,S,Silver,Summer,3.7
12191,Shorts,Clothing,L,Gray,Summer,3.1
12192,Coat,Outerwear,S,Pink,Fall,3.2
12193,Jeans,Clothing,S,Maroon,Winter,4.4
12194,Sunglasses,Accessories,M,Cyan,Summer,4.3
12195,Sneakers,Footwear,L,Gold,Winter,3
12196,Jacket,Outerwear,M,Teal,Fall,3.5
12197,Skirt,Clothing,M,Beige,Spring,3.6
12198,Sweater,Clothing,M,Olive,Summer,3.8
12199,T-shirt,Clothing,M,Gray,Fall,3.6
12200,Belt,Accessories,M,Black,Spring,4.6
12201,Gloves,Accessories,M,Turquoise,Summer,2.5
12202,Hat,Accessories,S,Brown,Fall,3.5
12203,Boots,Footwear,S,Magenta,Spring,4
12204,Belt,Accessories,M,Silver,Spring,3.5
12205,Coat,Outerwear,S,Red,Summer,3.2
12206,Hat,Accessories,L,Indigo,Winter,3.5
12207,Shoes,Footwear,M,Green,Summer,3.4
12208,Handbag,Accessories,M,Gray,Fall,5
12209,Scarf,Accessories,S,Peach,Spring,4.5
12210,Handbag,Accessories,M,Charcoal,Summer,2.8
12211,Pants,Clothing,M,Orange,Winter,4.9
12212,Shoes,Footwear,M,Beige,Spring,3.1
12213,Sunglasses,Accessories,S,Yellow,Spring,4.8
12214,Shorts,Clothing,XL,White,Spring,2.7
12215,Jacket,Outerwear,M,Gray,Winter,4.6
12216,Sandals,Footwear,M,Peach,Winter,4.4
12217,Shoes,Footwear,L,Violet,Fall,3.2
12218,Jewelry,Accessories,M,Magenta,Spring,3
12219,Sandals,Footwear,L,Maroon,Summer,4.9
12220,Pants,Clothing,M,Cyan,Spring,3.6
12221,Shoes,Footwear,M,White,Spring,3.8
12222,Socks,Clothing,L,Brown,Spring,2.9
12223,Socks,Clothing,M,Red,Winter,3.9
12224,Dress,Clothing,M,Orange,Fall,3.6
12225,Shoes,Footwear,M,White,Spring,3.5
12226,Hat,Accessories,M,Green,Fall,4
12227,Backpack,Accessories,M,Black,Summer,4.8
12228,Backpack,Accessories,M,Gold,Winter,3.9
12229,Pants,Clothing,S,Lavender,Summer,4.5
12230,Gloves,Accessories,XL,Turquoise,Spring,4.8
12231,Scarf,Accessories,M,Pink,Spring,2.6
12232,Hoodie,Clothing,M,Silver,Summer,3.1
12233,Jeans,Clothing,XL,Gray,Spring,4.7
12234,Backpack,Accessories,L,Indigo,Spring,2.9
12235,Sandals,Footwear,L,Teal,Summer,3.8
12236,Belt,Accessories,XL,Green,Summer,3.8
12237,Shoes,Footwear,M,Violet,Summer,3
12238,Gloves,Accessories,M,Cyan,Summer,4.1
12239,Belt,Accessories,XL,Blue,Summer,3.4
12240,Jacket,Outerwear,L,Orange,Fall,2.5
12241,Dress,Clothing,XL,Charcoal,Spring,4.9
12242,Shirt,Clothing,S,Beige,Winter,2.8
12243,Scarf,Accessories,M,Black,Fall,4.5
12244,Coat,Outerwear,S,Lavender,Winter,4.9
12245,Handbag,Accessories,M,Lavender,Winter,4.9
12246,Sunglasses,Accessories,S,Turquoise,Winter,3.5
12247,T-shirt,Clothing,M,Purple,Summer,3.5
12248,Shirt,Clothing,M,Olive,Winter,4.9
12249,Handbag,Accessories,L,Turquoise,Winter,3
12250,Jewelry,Accessories,L,Teal,Summer,2.8
12251,Hoodie,Clothing,S,Lavender,Summer,3.7
12252,Gloves,Accessories,M,Purple,Spring,3.6
12253,Coat,Outerwear,L,Blue,Winter,3.3
12254,Sandals,Footwear,M,Teal,Spring,3.4
12255,Boots,Footwear,M,Lavender,Fall,4
12256,Pants,Clothing,S,Silver,Spring,4.6
12257,Socks,Clothing,M,Olive,Fall,4.2
12258,Blouse,Clothing,M,Brown,Fall,2.8
12259,Handbag,Accessories,M,Yellow,Fall,3.7
12260,Jewelry,Accessories,XL,Brown,Spring,3.4
12261,Pants,Clothing,XL,Cyan,Fall,3
12262,Belt,Accessories,M,Magenta,Fall,4.8
12263,Jeans,Clothing,S,Magenta,Fall,4
12264,Shirt,Clothing,M,Orange,Summer,4.9
12265,Belt,Accessories,M,Maroon,Spring,4.9
12266,Jeans,Clothing,M,Green,Spring,3.3
12267,Jeans,Clothing,L,Teal,Summer,4.4
12268,Sweater,Clothing,L,Black,Fall,3.5
12269,Sneakers,Footwear,M,Magenta,Winter,4.2
12270,Socks,Clothing,S,Olive,Fall,4.2
12271,Socks,Clothing,L,Yellow,Fall,2.7
12272,Sunglasses,Accessories,S,Purple,Fall,2.8
12273,Sneakers,Footwear,M,Beige,Winter,3.8
12274,Socks,Clothing,M,Indigo,Fall,2.6
12275,Shoes,Footwear,XL,Pink,Fall,3
12276,Blouse,Clothing,M,Blue,Spring,3.3
12277,Shorts,Clothing,L,Cyan,Winter,4.9
12278,Jacket,Outerwear,M,Orange,Spring,3.3
12279,Sweater,Clothing,L,Black,Winter,2.9
12280,Jacket,Outerwear,S,Maroon,Spring,4.4
12281,Scarf,Accessories,L,Violet,Summer,3.1
12282,Jacket,Outerwear,M,Beige,Winter,2.5
12283,Sweater,Clothing,S,Gray,Summer,2.6
12284,Coat,Outerwear,M,Gray,Summer,4.4
12285,Boots,Footwear,M,Brown,Fall,2.6
12286,Hoodie,Clothing,S,Indigo,Summer,3.3
12287,Hat,Accessories,M,Violet,Spring,3.5
12288,T-shirt,Clothing,XL,Blue,Spring,4.1
12289,Coat,Outerwear,M,Red,Winter,4
12290,Dress,Clothing,S,Peach,Summer,2.7
12291,Shirt,Clothing,M,Olive,Fall,2.5
12292,Skirt,Clothing,XL,White,Fall,4.3
12293,Jewelry,Accessories,M,Magenta,Summer,3.3
12294,Hat,Accessories,M,Beige,Summer,2.6
12295,Shorts,Clothing,L,Gold,Fall,3.5
12296,Scarf,Accessories,XL,Purple,Spring,4
12297,Jewelry,Accessories,S,White,Fall,2.6
12298,Sunglasses,Accessories,L,Indigo,Summer,4.9
12299,Coat,Outerwear,L,Charcoal,Spring,2.9
12300,Jacket,Outerwear,M,Pink,Winter,3.7
12301,Sweater,Clothing,M,Silver,Fall,4.4
12302,Coat,Outerwear,S,Blue,Summer,4.4
12303,Scarf,Accessories,L,Blue,Fall,3.8
12304,Belt,Accessories,XL,Brown,Spring,4.5
12305,Hat,Accessories,XL,Cyan,Winter,2.6
12306,Backpack,Accessories,L,Teal,Summer,3.3
12307,T-shirt,Clothing,S,Purple,Fall,4.1
12308,Jewelry,Accessories,M,Turquoise,Winter,3
12309,Sunglasses,Accessories,M,Olive,Winter,3
12310,Jeans,Clothing,S,White,Winter,3.4
12311,Pants,Clothing,M,Turquoise,Winter,2.7
12312,Backpack,Accessories,M,Silver,Spring,3.8
12313,Scarf,Accessories,M,Violet,Spring,4.2
12314,Sweater,Clothing,L,Lavender,Spring,4.7
12315,Jewelry,Accessories,L,Magenta,Spring,4.1
12316,Sneakers,Footwear,S,Indigo,Winter,4.2
12317,Jewelry,Accessories,M,Black,Winter,4.8
12318,Coat,Outerwear,S,Peach,Summer,3
12319,Coat,Outerwear,S,Beige,Fall,2.6
12320,Sunglasses,Accessories,M,Black,Summer,3.2
12321,Handbag,Accessories,S,Turquoise,Spring,3.6
12322,Sweater,Clothing,M,Peach,Fall,2.6
12323,Pants,Clothing,L,Gold,Spring,4.4
12324,Gloves,Accessories,XL,Silver,Fall,3
12325,Sweater,Clothing,M,Peach,Fall,2.9
12326,Hoodie,Clothing,S,Charcoal,Spring,4.3
12327,Hat,Accessories,M,Beige,Fall,3.1
12328,T-shirt,Clothing,S,Olive,Spring,3
12329,Skirt,Clothing,L,Violet,Winter,3.6
12330,Sneakers,Footwear,M,Peach,Fall,2.8
12331,Shorts,Clothing,M,Teal,Fall,2.8
12332,Hoodie,Clothing,L,Violet,Winter,4.9
12333,Hoodie,Clothing,L,Cyan,Fall,3
12334,Shoes,Footwear,S,Olive,Summer,4.1
12335,Hoodie,Clothing,XL,Pink,Spring,4.6
12336,Sunglasses,Accessories,M,Purple,Summer,4.8
12337,Skirt,Clothing,L,Violet,Fall,2.6
12338,Hat,Accessories,S,Peach,Fall,4
12339,Backpack,Accessories,M,Charcoal,Winter,4.2
12340,Sunglasses,Accessories,L,Lavender,Spring,4.5
12341,Belt,Accessories,M,Purple,Summer,4.9
12342,Jewelry,Accessories,M,Indigo,Spring,3.1
12343,Sneakers,Footwear,M,Magenta,Winter,4
12344,T-shirt,Clothing,XL,Peach,Fall,3.2
12345,Handbag,Accessories,S,Charcoal,Spring,4.3
12346,Hat,Accessories,S,Purple,Fall,2.5
12347,Sweater,Clothing,M,Orange,Spring,4.9
12348,Sandals,Footwear,M,Lavender,Summer,2.7
12349,Scarf,Accessories,L,Beige,Winter,3.4
12350,Shirt,Clothing,XL,Maroon,Spring,4.8
12351,Gloves,Accessories,L,Charcoal,Winter,4.7
12352,Hoodie,Clothing,XL,White,Winter,4.7
12353,Jewelry,Accessories,M,Lavender,Summer,3.9
12354,Shirt,Clothing,M,Black,Spring,3.7
12355,Hoodie,Clothing,S,Teal,Spring,4.3
12356,Shoes,Footwear,XL,Magenta,Winter,4.1
12357,T-shirt,Clothing,M,Brown,Summer,4.6
12358,Skirt,Clothing,L,Peach,Winter,3.6
12359,Handbag,Accessories,S,Cyan,Summer,4.8
12360,Shirt,Clothing,XL,Pink,Winter,2.8
12361,Pants,Clothing,M,Purple,Summer,4.7
12362,Coat,Outerwear,L,Purple,Spring,3.9
12363,Jeans,Clothing,M,White,Winter,2.6
12364,Gloves,Accessories,S,Silver,Winter,4.7
12365,T-shirt,Clothing,L,Green,Spring,3.5
12366,Boots,Footwear,L,Teal,Winter,4.4
12367,Jeans,Clothing,S,Indigo,Fall,4.4
12368,Sneakers,Footwear,L,Pink,Summer,3
12369,Sneakers,Footwear,M,Indigo,Summer,4.2
12370,Hat,Accessories,XL,Red,Winter,4.3
12371,Pants,Clothing,M,Violet,Spring,2.6
12372,Jewelry,Accessories,L,Cyan,Spring,3.3
12373,Jewelry,Accessories,S,Red,Winter,2.7
12374,Blouse,Clothing,M,Gray,Spring,4.2
12375,Handbag,Accessories,M,Gold,Fall,4
12376,Shirt,Clothing,M,Pink,Summer,4
12377,Dress,Clothing,L,Cyan,Spring,2.9
12378,T-shirt,Clothing,S,Red,Fall,2.6
12379,Shoes,Footwear,M,Gold,Summer,4.8
12380,Belt,Accessories,M,Charcoal,Fall,4.4
12381,Belt,Accessories,L,Orange,Summer,4
12382,Handbag,Accessories,L,Blue,Fall,3.6
12383,Scarf,Accessories,S,Blue,Summer,3.2
12384,Shorts,Clothing,S,Orange,Fall,3.1
12385,Sandals,Footwear,M,Blue,Winter,4.2
12386,Pants,Clothing,L,White,Summer,3
12387,Dress,Clothing,M,Green,Winter,4.2
12388,T-shirt,Clothing,M,Silver,Winter,2.9
12389,Dress,Clothing,S,Lavender,Winter,3.7
12390,Socks,Clothing,XL,Beige,Summer,3.6
12391,Scarf,Accessories,L,Violet,Summer,3.6
12392,Backpack,Accessories,S,Gray,Fall,4.5
12393,Skirt,Clothing,S,Red,Spring,3.2
12394,Socks,Clothing,M,Lavender,Spring,3.9
12395,Coat,Outerwear,L,Peach,Spring,4.6
12396,Jewelry,Accessories,M,Indigo,Winter,2.5
12397,Backpack,Accessories,M,Black,Winter,4.3
12398,Belt,Accessories,M,Beige,Spring,4.1
12399,Dress,Clothing,M,Red,Winter,4.6
12400,Skirt,Clothing,M,Black,Spring,4.8
12401,Dress,Clothing,M,Teal,Spring,4.9
12402,T-shirt,Clothing,M,Blue,Summer,2.8
12403,Skirt,Clothing,S,Beige,Spring,4.9
12404,Shorts,Clothing,L,Teal,Summer,3.5
12405,Jewelry,Accessories,M,Maroon,Spring,3.8
12406,Pants,Clothing,M,Yellow,Spring,4.5
12407,Belt,Accessories,S,Indigo,Fall,3.4
12408,Jeans,Clothing,M,Magenta,Spring,3.9
12409,Jeans,Clothing,M,Beige,Summer,4.1
12410,Hat,Accessories,L,Maroon,Fall,3
12411,Blouse,Clothing,M,Magenta,Summer,3.3
12412,Shirt,Clothing,XL,Teal,Summer,4.9
12413,Shirt,Clothing,M,Orange,Winter,4.3
12414,T-shirt,Clothing,L,Charcoal,Winter,4.1
12415,Coat,Outerwear,M,Turquoise,Summer,4
12416,Jacket,Outerwear,L,Pink,Fall,5
12417,Hoodie,Clothing,S,Teal,Winter,3.1
12418,Scarf,Accessories,M,White,Winter,4
12419,Belt,Accessories,M,Maroon,Winter,3.2
12420,Sneakers,Footwear,L,Violet,Fall,3.9
12421,Socks,Clothing,M,Brown,Summer,3.9
12422,Sandals,Footwear,M,Indigo,Fall,4.5
12423,Coat,Outerwear,XL,Black,Winter,4.4
12424,Shoes,Footwear,XL,Black,Summer,3.1
12425,Scarf,Accessories,S,Olive,Spring,2.9
12426,Sneakers,Footwear,M,Orange,Winter,3.7
12427,Belt,Accessories,M,Pink,Spring,3.2
12428,Handbag,Accessories,M,Olive,Spring,3.5
12429,Handbag,Accessories,S,Cyan,Fall,3
12430,Boots,Footwear,M,White,Summer,4.1
12431,Boots,Footwear,S,Red,Winter,2.9
12432,Pants,Clothing,M,Blue,Winter,3.8
12433,Sunglasses,Accessories,M,Olive,Fall,4.1
12434,Hoodie,Clothing,M,Green,Spring,4.6
12435,Shoes,Footwear,M,Yellow,Summer,2.5
12436,Handbag,Accessories,XL,Black,Spring,3.7
12437,Jacket,Outerwear,M,Blue,Fall,3.8
12438,Blouse,Clothing,L,Pink,Winter,2.6
12439,Pants,Clothing,XL,Lavender,Summer,3.7
12440,Boots,Footwear,XL,Cyan,Fall,2.6
12441,Boots,Footwear,M,Cyan,Spring,3.1
12442,Sweater,Clothing,M,Gold,Winter,2.5
12443,Gloves,Accessories,M,Green,Winter,4.9
12444,Socks,Clothing,M,Red,Winter,4.5
12445,Jeans,Clothing,L,Magenta,Fall,3.4
12446,Pants,Clothing,L,Red,Winter,3.9
12447,Shorts,Clothing,M,Yellow,Summer,3.7
12448,Gloves,Accessories,S,Turquoise,Fall,2.6
12449,Sandals,Footwear,S,Cyan,Fall,3.4
12450,Blouse,Clothing,L,Yellow,Spring,4.9
12451,Jacket,Outerwear,S,Yellow,Winter,3.9
12452,Jewelry,Accessories,XL,Maroon,Winter,3.6
12453,Hat,Accessories,L,Brown,Spring,4.6
12454,Socks,Clothing,M,Gold,Spring,4
12455,Handbag,Accessories,M,Charcoal,Summer,3.6
12456,Pants,Clothing,L,Beige,Winter,3.5
12457,Gloves,Accessories,M,Indigo,Fall,4.1
12458,Sweater,Clothing,M,Red,Spring,3
12459,Hat,Accessories,M,White,Summer,4.4
12460,Dress,Clothing,S,Charcoal,Spring,4.4
12461,Pants,Clothing,M,Violet,Winter,3.7
12462,Coat,Outerwear,XL,Magenta,Spring,4.8
12463,Scarf,Accessories,L,White,Winter,2.9
12464,Hoodie,Clothing,XL,Pink,Winter,3.1
12465,Socks,Clothing,M,Lavender,Summer,4
12466,Blouse,Clothing,S,Pink,Spring,3
12467,Socks,Clothing,S,Silver,Summer,3.9
12468,Dress,Clothing,M,Violet,Fall,3.4
12469,Hoodie,Clothing,M,Charcoal,Winter,2.7
12470,T-shirt,Clothing,M,Charcoal,Spring,3.5
12471,Hat,Accessories,XL,Red,Winter,3
12472,Boots,Footwear,M,Peach,Winter,4.5
12473,Jeans,Clothing,XL,Purple,Winter,4.1
12474,Shorts,Clothing,XL,Orange,Spring,5
12475,Sandals,Footwear,L,Magenta,Fall,4
12476,Sandals,Footwear,XL,Red,Winter,4.9
12477,Sneakers,Footwear,XL,Black,Spring,3.3
12478,Hat,Accessories,M,Peach,Fall,4.1
12479,Coat,Outerwear,S,Olive,Winter,3.6
12480,Dress,Clothing,L,Gold,Spring,3
12481,Boots,Footwear,XL,Gold,Spring,4.1
12482,Skirt,Clothing,M,Turquoise,Fall,3.9
12483,Shirt,Clothing,XL,Green,Spring,4.1
12484,Shirt,Clothing,L,Maroon,Summer,2.8
12485,Boots,Footwear,L,Brown,Winter,4.8
12486,Hoodie,Clothing,L,Brown,Winter,4.6
12487,Sweater,Clothing,S,Blue,Winter,2.5
12488,Shirt,Clothing,M,Lavender,Spring,2.7
12489,Blouse,Clothing,M,Peach,Fall,4
12490,T-shirt,Clothing,S,Gray,Spring,2.7
12491,Jacket,Outerwear,XL,Charcoal,Winter,2.9
12492,Jewelry,Accessories,M,Lavender,Spring,3
12493,Hoodie,Clothing,M,Green,Fall,3.3
12494,Jewelry,Accessories,S,Gray,Spring,4.3
12495,Sandals,Footwear,M,Orange,Winter,4.4
12496,Jeans,Clothing,L,Silver,Spring,4.1
12497,Hat,Accessories,M,Olive,Spring,3.1
12498,Sweater,Clothing,S,Turquoise,Fall,4.5
12499,Boots,Footwear,L,Turquoise,Spring,4.8
12500,Blouse,Clothing,L,Green,Spring,5
12501,Shorts,Clothing,M,Violet,Fall,2.8
12502,Hoodie,Clothing,L,Charcoal,Fall,3.7
12503,Pants,Clothing,L,White,Winter,4.4
12504,Belt,Accessories,M,Olive,Spring,4.5
12505,Shirt,Clothing,L,Violet,Winter,3
12506,Shirt,Clothing,M,Violet,Winter,3.9
12507,Dress,Clothing,M,Black,Spring,3.9
12508,Gloves,Accessories,M,Charcoal,Fall,3.5
12509,Gloves,Accessories,L,Yellow,Winter,4.9
12510,Jeans,Clothing,XL,Blue,Winter,3.4
12511,Belt,Accessories,XL,Charcoal,Winter,4.1
12512,Jacket,Outerwear,M,Red,Fall,2.9
12513,Skirt,Clothing,M,Indigo,Spring,3.4
12514,Sandals,Footwear,S,Beige,Spring,3.2
12515,Belt,Accessories,M,Maroon,Summer,3.9
12516,Sweater,Clothing,XL,Yellow,Fall,4.1
12517,Shirt,Clothing,M,Silver,Summer,4.5
12518,Sneakers,Footwear,M,Olive,Fall,2.8
12519,Jeans,Clothing,S,Teal,Spring,2.8
12520,Sandals,Footwear,M,Silver,Summer,4.6
12521,Pants,Clothing,S,Indigo,Summer,3
12522,Belt,Accessories,L,Teal,Fall,3.6
12523,T-shirt,Clothing,M,Charcoal,Spring,4.5
12524,Shirt,Clothing,M,Orange,Fall,5
12525,Sneakers,Footwear,M,Gold,Fall,2.9
12526,Blouse,Clothing,L,Silver,Summer,3.1
12527,Backpack,Accessories,S,Orange,Spring,4
12528,Pants,Clothing,XL,Peach,Spring,4.5
12529,Sweater,Clothing,L,Brown,Winter,4.5
12530,Coat,Outerwear,L,Black,Summer,3.1
12531,Dress,Clothing,L,Red,Summer,4.4
12532,Blouse,Clothing,L,Lavender,Summer,4.7
12533,Hoodie,Clothing,L,Brown,Winter,3.1
12534,Shoes,Footwear,M,Maroon,Fall,4.2
12535,T-shirt,Clothing,M,Violet,Winter,3
12536,Shoes,Footwear,M,Lavender,Summer,2.6
12537,Boots,Footwear,S,Magenta,Summer,3.4
12538,Shorts,Clothing,L,Green,Spring,4.2
12539,Belt,Accessories,S,Lavender,Spring,4.6
12540,Pants,Clothing,M,Green,Spring,2.8
12541,Shorts,Clothing,M,Maroon,Spring,2.7
12542,Sunglasses,Accessories,M,Magenta,Spring,4
12543,Hat,Accessories,XL,Teal,Fall,3.1
12544,T-shirt,Clothing,L,Orange,Winter,3.7
12545,Pants,Clothing,M,Violet,Winter,4
12546,Shorts,Clothing,M,Yellow,Spring,4.6
12547,Jewelry,Accessories,S,Orange,Summer,3.8
12548,Backpack,Accessories,L,Gold,Summer,3.5
12549,Shoes,Footwear,M,Indigo,Spring,4.6
12550,Coat,Outerwear,M,Turquoise,Winter,2.8
12551,Sweater,Clothing,M,Orange,Winter,3.7
12552,Gloves,Accessories,M,Indigo,Fall,3.3
12553,Handbag,Accessories,M,Charcoal,Fall,2.9
12554,Socks,Clothing,M,Lavender,Spring,3.2
12555,Hoodie,Clothing,S,Gold,Spring,4.3
12556,Pants,Clothing,M,Lavender,Winter,2.7
12557,Coat,Outerwear,S,White,Spring,4.2
12558,Boots,Footwear,M,Lavender,Fall,4.8
12559,Sneakers,Footwear,M,Charcoal,Spring,4.8
12560,Sweater,Clothing,L,Silver,Spring,3.4
12561,Handbag,Accessories,S,Yellow,Winter,2.6
12562,Belt,Accessories,L,Olive,Winter,5
12563,Belt,Accessories,M,Peach,Fall,4.4
12564,Hoodie,Clothing,XL,Yellow,Fall,2.9
12565,Sunglasses,Accessories,XL,Yellow,Summer,3.4
12566,Sneakers,Footwear,M,Indigo,Spring,3.4
12567,T-shirt,Clothing,S,Violet,Fall,4.9
12568,Dress,Clothing,M,White,Fall,3.6
12569,Hoodie,Clothing,L,White,Winter,3
12570,Sweater,Clothing,M,Cyan,Summer,3.9
12571,Belt,Accessories,XL,Purple,Spring,3.2
12572,Socks,Clothing,XL,Black,Spring,3.2
12573,Sunglasses,Accessories,M,Orange,Fall,4.3
12574,Coat,Outerwear,L,Maroon,Summer,2.8
12575,Hat,Accessories,XL,Orange,Spring,4.5
12576,Pants,Clothing,M,Teal,Winter,4.1
12577,Backpack,Accessories,M,Gray,Spring,3.6
12578,Shorts,Clothing,M,Blue,Summer,3
12579,Jacket,Outerwear,M,Cyan,Spring,4
12580,Backpack,Accessories,S,Red,Summer,3.5
12581,Scarf,Accessories,XL,Pink,Spring,2.5
12582,Hoodie,Clothing,S,Cyan,Winter,4.3
12583,Skirt,Clothing,L,Black,Fall,2.8
12584,Dress,Clothing,M,Beige,Fall,3.7
12585,Coat,Outerwear,M,Gray,Fall,4.3
12586,Blouse,Clothing,L,Red,Summer,4
12587,Hat,Accessories,L,Yellow,Fall,4.7
12588,Handbag,Accessories,M,Magenta,Winter,4.5
12589,Belt,Accessories,M,Magenta,Fall,3.1
12590,Belt,Accessories,S,Black,Fall,3.8
12591,Shirt,Clothing,L,Orange,Summer,4.9
12592,Shoes,Footwear,M,Green,Winter,3.2
12593,Scarf,Accessories,L,Peach,Summer,2.9
12594,Pants,Clothing,M,Charcoal,Spring,2.8
12595,Blouse,Clothing,M,Gray,Fall,4
12596,Gloves,Accessories,L,Turquoise,Winter,2.6
12597,Handbag,Accessories,M,Red,Fall,2.7
12598,Sneakers,Footwear,L,Brown,Spring,4.1
12599,Sandals,Footwear,L,Pink,Spring,5
12600,Sunglasses,Accessories,L,Olive,Spring,3
12601,Jacket,Outerwear,XL,Lavender,Fall,3.6
12602,T-shirt,Clothing,L,Purple,Fall,2.8
12603,Sneakers,Footwear,S,Beige,Winter,4.6
12604,Shoes,Footwear,L,Green,Winter,2.9
12605,Jacket,Outerwear,L,Brown,Winter,4.8
12606,Scarf,Accessories,M,Beige,Spring,3.3
12607,Sneakers,Footwear,M,Beige,Fall,4.6
12608,Jewelry,Accessories,M,Indigo,Fall,2.6
12609,Jacket,Outerwear,M,Silver,Fall,4
12610,Blouse,Clothing,M,Gold,Winter,3.8
12611,Dress,Clothing,M,Lavender,Spring,3.9
12612,Scarf,Accessories,L,Orange,Fall,2.6
12613,Hat,Accessories,M,Maroon,Summer,4.3
12614,Blouse,Clothing,S,White,Winter,3.6
12615,Gloves,Accessories,M,Yellow,Spring,4.2
12616,Gloves,Accessories,L,Yellow,Spring,3.9
12617,Coat,Outerwear,L,Magenta,Fall,4.7
12618,Scarf,Accessories,L,Turquoise,Spring,2.8
12619,Pants,Clothing,XL,Lavender,Winter,3
12620,Sunglasses,Accessories,S,Magenta,Summer,4.7
12621,Dress,Clothing,M,Cyan,Summer,2.5
12622,Hat,Accessories,M,Olive,Winter,3.1
12623,Backpack,Accessories,M,Red,Fall,3.6
12624,Sandals,Footwear,M,Blue,Fall,3.5
12625,Sunglasses,Accessories,L,White,Summer,3.1
12626,Backpack,Accessories,M,Peach,Spring,3.6
12627,Jewelry,Accessories,M,Charcoal,Winter,3.5
12628,Socks,Clothing,M,Peach,Winter,2.7
12629,Shirt,Clothing,L,Turquoise,Spring,3.6
12630,Handbag,Accessories,XL,Charcoal,Spring,4.5
12631,Blouse,Clothing,M,Yellow,Winter,4.1
12632,Backpack,Accessories,M,Blue,Spring,4.2
12633,Hat,Accessories,M,Purple,Summer,4
12634,Skirt,Clothing,L,Green,Summer,2.8
12635,Shorts,Clothing,M,Charcoal,Summer,2.6
12636,Blouse,Clothing,S,Indigo,Fall,2.7
12637,Socks,Clothing,M,Black,Summer,4.5
12638,Belt,Accessories,M,Blue,Winter,3.7
12639,Boots,Footwear,L,Silver,Summer,3.4
12640,Shorts,Clothing,S,Brown,Spring,4.6
12641,Shirt,Clothing,M,Violet,Summer,4.1
12642,Handbag,Accessories,M,Orange,Summer,2.6
12643,Jeans,Clothing,XL,Gray,Summer,4.6
12644,Dress,Clothing,S,Gold,Spring,3
12645,Dress,Clothing,L,Charcoal,Fall,3.4
12646,Sandals,Footwear,S,Black,Fall,3.5
12647,Jacket,Outerwear,S,Indigo,Fall,3.5
12648,Coat,Outerwear,S,White,Winter,3.7
12649,Pants,Clothing,M,Yellow,Summer,4.8
12650,Backpack,Accessories,S,Orange,Summer,4.9
12651,Blouse,Clothing,S,Green,Summer,4.9
12652,Skirt,Clothing,L,Gold,Fall,4.7
12653,Sandals,Footwear,S,Orange,Summer,4.9
12654,Pants,Clothing,M,Cyan,Fall,2.9
12655,Hat,Accessories,L,Black,Winter,4.4
12656,Hoodie,Clothing,L,Yellow,Winter,3.2
12657,Sweater,Clothing,L,Maroon,Summer,4.6
12658,Scarf,Accessories,XL,Black,Fall,4
12659,Sneakers,Footwear,M,Gray,Winter,3.7
12660,Boots,Footwear,XL,Orange,Winter,4.2
12661,Coat,Outerwear,M,Cyan,Spring,2.9
12662,Boots,Footwear,M,Magenta,Summer,4.8
12663,Sandals,Footwear,M,Pink,Spring,4.4
12664,Pants,Clothing,S,Turquoise,Summer,3.4
12665,Hoodie,Clothing,S,Violet,Spring,2.8
12666,Sandals,Footwear,L,Teal,Fall,4.2
12667,Sweater,Clothing,L,Pink,Fall,3.8
12668,Belt,Accessories,M,Gold,Fall,3.1
12669,Jeans,Clothing,XL,Red,Summer,3.2
12670,Hoodie,Clothing,S,Beige,Summer,3
12671,Boots,Footwear,M,Black,Summer,3.6
12672,Socks,Clothing,L,Lavender,Winter,2.5
12673,Dress,Clothing,S,Teal,Winter,3.4
12674,Jacket,Outerwear,M,Maroon,Fall,2.5
12675,Jacket,Outerwear,L,Blue,Spring,4.7
12676,Boots,Footwear,S,Teal,Winter,3.2
12677,Sneakers,Footwear,L,Maroon,Winter,2.9
12678,Pants,Clothing,L,Silver,Fall,4.9
12679,Coat,Outerwear,S,Olive,Spring,2.7
12680,Shirt,Clothing,S,Gray,Spring,4.7
12681,Sweater,Clothing,M,Peach,Spring,2.9
12682,Shoes,Footwear,L,Yellow,Winter,4.8
12683,Boots,Footwear,L,Violet,Fall,4.6
12684,Sunglasses,Accessories,S,Red,Summer,5
12685,Sneakers,Footwear,S,Charcoal,Summer,4.8
12686,Jewelry,Accessories,M,Beige,Summer,4.9
12687,Belt,Accessories,M,Peach,Winter,4.6
12688,Gloves,Accessories,XL,Violet,Winter,3.9
12689,Shorts,Clothing,M,Green,Summer,4.5
12690,Jewelry,Accessories,XL,Olive,Winter,4.7
12691,Gloves,Accessories,S,Silver,Fall,3.9
12692,Jewelry,Accessories,M,Purple,Winter,4.4
12693,Sandals,Footwear,M,Silver,Spring,3.9
12694,Jewelry,Accessories,S,Gray,Spring,2.8
12695,Hat,Accessories,L,Turquoise,Spring,3.5
12696,Shorts,Clothing,M,Violet,Fall,4.3
12697,Sweater,Clothing,S,Pink,Fall,3.9
12698,Blouse,Clothing,M,Teal,Spring,4
12699,Hat,Accessories,M,Magenta,Fall,4.1
12700,Belt,Accessories,XL,Silver,Summer,4.3
12701,Gloves,Accessories,M,Blue,Summer,4.2
12702,Coat,Outerwear,L,Black,Spring,4
12703,Jewelry,Accessories,M,Gold,Fall,3.6
12704,Skirt,Clothing,S,Gray,Spring,3.3
12705,Gloves,Accessories,S,Magenta,Spring,4.1
12706,Jewelry,Accessories,S,Yellow,Summer,4.7
12707,Shorts,Clothing,M,Teal,Summer,4.4
12708,Gloves,Accessories,L,Red,Spring,3.4
12709,Sneakers,Footwear,S,Yellow,Spring,5
12710,Skirt,Clothing,L,Black,Summer,4.6
12711,Hat,Accessories,L,Pink,Winter,4
12712,Jewelry,Accessories,XL,Magenta,Summer,4.1
12713,Sneakers,Footwear,L,Olive,Spring,4.9
12714,Shirt,Clothing,S,Black,Summer,2.7
12715,Jacket,Outerwear,M,Maroon,Summer,4.5
12716,Belt,Accessories,S,Gold,Fall,2.7
12717,T-shirt,Clothing,M,Gray,Spring,3
12718,Jewelry,Accessories,M,Brown,Winter,4.5
12719,T-shirt,Clothing,M,Purple,Winter,5
12720,Jacket,Outerwear,S,Magenta,Spring,3.8
12721,Sweater,Clothing,M,Teal,Summer,3.1
12722,Boots,Footwear,S,Olive,Fall,3.4
12723,Jeans,Clothing,L,Maroon,Summer,4.8
12724,Jeans,Clothing,XL,Silver,Spring,2.7
12725,Pants,Clothing,M,Black,Summer,3.2
12726,Jacket,Outerwear,M,Maroon,Fall,3.9
12727,Jacket,Outerwear,M,Teal,Winter,4.2
12728,Belt,Accessories,M,Teal,Summer,3
12729,Shirt,Clothing,L,Beige,Fall,3
12730,Dress,Clothing,S,Maroon,Winter,3.7
12731,Blouse,Clothing,L,Beige,Spring,4.4
12732,Dress,Clothing,XL,White,Summer,4.6
12733,Blouse,Clothing,XL,Gray,Fall,3
12734,Dress,Clothing,M,Violet,Winter,3.6
12735,Sneakers,Footwear,L,Silver,Winter,3.9
12736,Socks,Clothing,M,Red,Spring,4.1
12737,Shoes,Footwear,L,Brown,Winter,3.9
12738,Jeans,Clothing,S,Turquoise,Fall,3.9
12739,Jeans,Clothing,L,Indigo,Winter,4.5
12740,Gloves,Accessories,M,Violet,Spring,3.4
12741,Belt,Accessories,M,Yellow,Winter,4.1
12742,Sunglasses,Accessories,L,Cyan,Fall,4.9
12743,Hat,Accessories,M,Brown,Summer,4.4
12744,Backpack,Accessories,M,White,Summer,2.7
12745,Shorts,Clothing,L,Yellow,Spring,4.8
12746,Socks,Clothing,M,White,Summer,3.3
12747,Socks,Clothing,L,Pink,Summer,4.4
12748,Belt,Accessories,M,Indigo,Winter,4.6
12749,Jacket,Outerwear,L,White,Summer,3.1
12750,Hat,Accessories,L,Red,Fall,4.5
12751,T-shirt,Clothing,S,Red,Spring,4
12752,Backpack,Accessories,M,Lavender,Winter,3.1
12753,Coat,Outerwear,M,Teal,Spring,3.9
12754,Backpack,Accessories,S,Violet,Spring,4.5
12755,Jacket,Outerwear,S,Silver,Winter,4.4
12756,Shoes,Footwear,M,Gold,Summer,3.6
12757,Blouse,Clothing,M,Green,Summer,3.4
12758,Sandals,Footwear,S,Turquoise,Fall,4
12759,Sunglasses,Accessories,M,Indigo,Summer,2.6
12760,Shoes,Footwear,L,Black,Spring,3.2
12761,Dress,Clothing,L,Charcoal,Fall,3.2
12762,Belt,Accessories,M,Turquoise,Spring,5
12763,Shorts,Clothing,M,Red,Winter,2.9
12764,Handbag,Accessories,S,Indigo,Winter,2.9
12765,Blouse,Clothing,M,Maroon,Winter,3.5
12766,Jeans,Clothing,M,Indigo,Fall,4
12767,Jewelry,Accessories,M,Maroon,Spring,3.9
12768,Belt,Accessories,M,Black,Winter,4.9
12769,Sneakers,Footwear,XL,Purple,Summer,3.8
12770,Hat,Accessories,L,Teal,Summer,3.5
12771,Dress,Clothing,M,Silver,Summer,3.7
12772,Sneakers,Footwear,M,Black,Spring,2.9
12773,Sunglasses,Accessories,S,Black,Summer,2.8
12774,Handbag,Accessories,M,Olive,Summer,3.7
12775,Blouse,Clothing,L,Purple,Spring,3
12776,Blouse,Clothing,M,Indigo,Spring,4.8
12777,Shorts,Clothing,S,Lavender,Winter,2.7
12778,Shorts,Clothing,S,Cyan,Winter,4.5
12779,Hoodie,Clothing,M,Gold,Fall,2.7
12780,Backpack,Accessories,L,Magenta,Fall,3.5
12781,Sunglasses,Accessories,XL,Teal,Fall,3.5
12782,Scarf,Accessories,L,Beige,Fall,4.5
12783,Hat,Accessories,M,Teal,Winter,3.8
12784,Scarf,Accessories,M,Indigo,Summer,3.8
12785,Scarf,Accessories,M,Purple,Winter,3.2
12786,Pants,Clothing,M,Teal,Fall,4.3
12787,Backpack,Accessories,XL,Turquoise,Summer,4.5
12788,Sunglasses,Accessories,L,Peach,Fall,4.2
12789,Sneakers,Footwear,S,Green,Winter,3
12790,Backpack,Accessories,M,Turquoise,Spring,4.1
12791,Sneakers,Footwear,L,Yellow,Spring,4.6
12792,Skirt,Clothing,M,Orange,Summer,2.9
12793,Pants,Clothing,L,Brown,Winter,4.8
12794,Jewelry,Accessories,L,Silver,Winter,4.5
12795,Skirt,Clothing,L,White,Summer,3.4
12796,T-shirt,Clothing,L,Indigo,Summer,4.3
12797,Skirt,Clothing,S,Magenta,Spring,4.2
12798,Shirt,Clothing,M,Turquoise,Spring,3.6
12799,Dress,Clothing,M,White,Spring,3.7
12800,Boots,Footwear,S,Olive,Spring,4
12801,Pants,Clothing,S,Maroon,Winter,4.9
12802,Jacket,Outerwear,M,Violet,Summer,3.1
12803,Sneakers,Footwear,L,Cyan,Summer,3.7
12804,Jewelry,Accessories,L,Teal,Fall,4.2
12805,Belt,Accessories,L,Red,Spring,2.5
12806,Scarf,Accessories,XL,Yellow,Summer,4.3
12807,Blouse,Clothing,S,Silver,Spring,3.1
12808,Sweater,Clothing,M,Charcoal,Fall,3
12809,Boots,Footwear,M,Purple,Fall,4
12810,Socks,Clothing,M,Beige,Summer,3.5
12811,Belt,Accessories,L,Cyan,Winter,3.2
12812,Sneakers,Footwear,M,Silver,Summer,2.7
12813,Jeans,Clothing,S,Pink,Winter,3
12814,Skirt,Clothing,L,Gold,Winter,2.9
12815,Shoes,Footwear,M,Cyan,Summer,3.3
12816,Dress,Clothing,M,Black,Spring,4.9
12817,Handbag,Accessories,XL,Charcoal,Summer,3.7
12818,Backpack,Accessories,S,Magenta,Spring,3.5
12819,Jewelry,Accessories,S,Pink,Fall,4.7
12820,Hat,Accessories,XL,Maroon,Winter,2.6
12821,Jewelry,Accessories,M,Teal,Fall,4.1
12822,Shirt,Clothing,M,Orange,Winter,2.8
12823,Boots,Footwear,S,Yellow,Spring,4.7
12824,Shirt,Clothing,XL,Red,Spring,2.9
12825,Sunglasses,Accessories,S,Charcoal,Winter,2.8
12826,Shorts,Clothing,L,Black,Summer,4.3
12827,Sweater,Clothing,M,White,Summer,4.8
12828,Belt,Accessories,M,Lavender,Winter,3.4
12829,T-shirt,Clothing,S,White,Spring,4.3
12830,Shorts,Clothing,S,Gray,Fall,2.7
12831,Sandals,Footwear,XL,Cyan,Fall,4.6
12832,Shirt,Clothing,S,Brown,Fall,4.1
12833,Socks,Clothing,L,Purple,Spring,3.4
12834,Pants,Clothing,L,Yellow,Winter,4.5
12835,Skirt,Clothing,M,Indigo,Summer,4.4
12836,Jewelry,Accessories,S,Black,Summer,4
12837,T-shirt,Clothing,S,Gray,Summer,3.4
12838,Jewelry,Accessories,M,Indigo,Fall,3.2
12839,Hat,Accessories,M,Green,Spring,3.4
12840,Blouse,Clothing,M,Peach,Winter,4.3
12841,Sandals,Footwear,L,Purple,Summer,5
12842,Handbag,Accessories,L,Beige,Winter,3.5
12843,Hat,Accessories,M,Charcoal,Winter,3.1
12844,Scarf,Accessories,L,Gray,Summer,3.9
12845,Shorts,Clothing,S,Brown,Winter,4
12846,Backpack,Accessories,M,Cyan,Summer,3.5
12847,Sweater,Clothing,M,White,Winter,3.6
12848,Skirt,Clothing,L,Beige,Winter,3
12849,Sneakers,Footwear,L,Orange,Summer,2.6
12850,Sunglasses,Accessories,M,Olive,Winter,2.9
12851,Dress,Clothing,S,Teal,Winter,3.1
12852,Blouse,Clothing,S,Silver,Spring,3.3
12853,Shoes,Footwear,M,Gold,Summer,2.9
12854,Sweater,Clothing,L,Violet,Summer,3.9
12855,Gloves,Accessories,S,White,Summer,4.7
12856,Socks,Clothing,M,Peach,Spring,4.4
12857,Coat,Outerwear,S,Orange,Summer,3.6
12858,Sunglasses,Accessories,L,Violet,Summer,3.2
12859,Boots,Footwear,L,Green,Fall,4
12860,Dress,Clothing,M,Peach,Spring,3.5
12861,Jacket,Outerwear,M,Black,Spring,4.6
12862,Gloves,Accessories,L,Blue,Summer,3.3
12863,Scarf,Accessories,S,Magenta,Spring,4
12864,Hoodie,Clothing,L,Violet,Summer,3.4
12865,Coat,Outerwear,M,Beige,Spring,4.2
12866,Scarf,Accessories,L,Pink,Summer,3.9
12867,Coat,Outerwear,S,Beige,Summer,3.9
12868,Scarf,Accessories,L,Green,Summer,2.8
12869,Handbag,Accessories,S,Silver,Summer,3.7
12870,Boots,Footwear,M,Purple,Summer,4.9
12871,Pants,Clothing,M,Gray,Summer,2.6
12872,T-shirt,Clothing,M,White,Summer,4.9
12873,Scarf,Accessories,M,Silver,Winter,3.4
12874,Coat,Outerwear,M,Blue,Winter,3.9
12875,Sweater,Clothing,M,Orange,Summer,4
12876,Belt,Accessories,L,Silver,Winter,3
12877,Belt,Accessories,L,Gray,Spring,2.6
12878,Sweater,Clothing,L,Gold,Spring,3.2
12879,Blouse,Clothing,L,Brown,Spring,2.6
12880,Skirt,Clothing,L,Turquoise,Spring,3.2
12881,Jewelry,Accessories,S,Pink,Spring,4.1
12882,Gloves,Accessories,M,Black,Fall,3.9
12883,T-shirt,Clothing,L,Yellow,Winter,4.1
12884,Gloves,Accessories,S,Beige,Summer,2.7
12885,Sunglasses,Accessories,M,Olive,Winter,4.6
12886,Shirt,Clothing,XL,Gold,Summer,3.5
12887,Handbag,Accessories,M,Purple,Spring,5
12888,Jacket,Outerwear,L,Pink,Fall,3.4
12889,Skirt,Clothing,M,Blue,Summer,3.1
12890,Handbag,Accessories,L,Brown,Winter,3.4
12891,Blouse,Clothing,L,Charcoal,Summer,4
12892,T-shirt,Clothing,L,Maroon,Winter,2.7
12893,Pants,Clothing,L,Cyan,Fall,3.6
12894,Hoodie,Clothing,M,Olive,Winter,4
12895,Boots,Footwear,L,Gold,Fall,3.8
12896,Blouse,Clothing,M,Violet,Fall,3.4
12897,Coat,Outerwear,M,Peach,Winter,3.2
12898,Pants,Clothing,M,Beige,Spring,4.7
12899,Sunglasses,Accessories,M,Cyan,Winter,3.1
12900,Jeans,Clothing,L,Silver,Summer,3.3
12901,Pants,Clothing,S,Magenta,Summer,4.8
12902,Dress,Clothing,S,Black,Fall,4.5
12903,Shoes,Footwear,M,Olive,Summer,3.4
12904,Sneakers,Footwear,L,Green,Winter,3.7
12905,Socks,Clothing,M,Yellow,Fall,4.9
12906,Coat,Outerwear,S,Lavender,Spring,3.5
12907,Shirt,Clothing,M,Indigo,Spring,4.6
12908,Blouse,Clothing,M,Pink,Winter,4.6
12909,Gloves,Accessories,L,Red,Fall,4.2
12910,Skirt,Clothing,S,Magenta,Winter,3.7
12911,Handbag,Accessories,S,Peach,Winter,3
12912,Shirt,Clothing,L,Turquoise,Winter,4.6
12913,Coat,Outerwear,M,Black,Summer,3.2
12914,Shoes,Footwear,L,Blue,Summer,3.5
12915,Handbag,Accessories,M,Beige,Winter,2.6
12916,Jacket,Outerwear,XL,Olive,Fall,4.9
12917,Shirt,Clothing,M,Turquoise,Summer,2.7
12918,Hat,Accessories,S,Yellow,Fall,4.7
12919,Sunglasses,Accessories,S,Turquoise,Spring,4
12920,Shirt,Clothing,L,Lavender,Fall,3.5
12921,Belt,Accessories,XL,Turquoise,Winter,4.8
12922,Sweater,Clothing,L,Teal,Spring,4
12923,Hoodie,Clothing,L,Black,Fall,4.1
12924,Handbag,Accessories,XL,Blue,Winter,3.8
12925,Jeans,Clothing,XL,Yellow,Summer,5
12926,Backpack,Accessories,M,Black,Spring,4
12927,Sneakers,Footwear,M,Lavender,Summer,3.9
12928,Jewelry,Accessories,L,Cyan,Summer,3.4
12929,Sunglasses,Accessories,M,Brown,Spring,3
12930,Shorts,Clothing,L,Maroon,Fall,4.9
12931,Boots,Footwear,L,Cyan,Spring,3.2
12932,Skirt,Clothing,M,Pink,Winter,3.8
12933,Pants,Clothing,XL,Orange,Fall,3.8
12934,T-shirt,Clothing,M,Lavender,Spring,4.7
12935,T-shirt,Clothing,S,Beige,Fall,3.8
12936,Jacket,Outerwear,M,Pink,Winter,4.6
12937,Jeans,Clothing,S,Charcoal,Summer,4.4
12938,Dress,Clothing,XL,Gray,Spring,3.4
12939,Blouse,Clothing,M,Cyan,Winter,4.7
12940,Hoodie,Clothing,L,Orange,Summer,2.9
12941,T-shirt,Clothing,L,Pink,Winter,3.4
12942,Sweater,Clothing,M,White,Winter,3.2
12943,Shorts,Clothing,S,Beige,Winter,2.8
12944,Jewelry,Accessories,S,Magenta,Spring,4.3
12945,T-shirt,Clothing,L,Violet,Summer,3.3
12946,Scarf,Accessories,XL,Gold,Spring,3.3
12947,Shoes,Footwear,S,Teal,Winter,3.3
12948,Sunglasses,Accessories,M,Indigo,Spring,3
12949,Coat,Outerwear,S,Olive,Summer,2.8
12950,Blouse,Clothing,S,Violet,Spring,4
12951,Jeans,Clothing,L,Black,Fall,4.3
12952,Shorts,Clothing,M,Brown,Winter,3.8
12953,Shirt,Clothing,S,Silver,Fall,4.2
12954,Backpack,Accessories,M,Gray,Fall,3.1
12955,Belt,Accessories,S,Charcoal,Winter,2.6
12956,Blouse,Clothing,L,Black,Summer,3.4
12957,Jeans,Clothing,L,Brown,Spring,3.1
12958,Dress,Clothing,M,Purple,Winter,3.6
12959,Shorts,Clothing,M,Purple,Summer,2.6
12960,Jewelry,Accessories,L,Gray,Summer,4.2
12961,Handbag,Accessories,M,Green,Spring,2.9
12962,Jewelry,Accessories,L,Silver,Winter,4.2
12963,Pants,Clothing,L,Charcoal,Fall,3.3
12964,Pants,Clothing,XL,Teal,Winter,3.6
12965,Sandals,Footwear,XL,White,Spring,4.3
12966,Skirt,Clothing,XL,Brown,Winter,3.3
12967,Sunglasses,Accessories,L,Teal,Winter,3
12968,Skirt,Clothing,L,Red,Winter,3.6
12969,Handbag,Accessories,L,Brown,Summer,3.1
12970,Coat,Outerwear,M,Yellow,Winter,2.9
12971,Skirt,Clothing,L,Teal,Winter,3.9
12972,Hoodie,Clothing,L,Pink,Fall,3.2
12973,Sunglasses,Accessories,M,White,Fall,3.1
12974,Sweater,Clothing,M,Silver,Winter,3.2
12975,Boots,Footwear,L,Blue,Winter,3.3
12976,Skirt,Clothing,L,Black,Fall,4.8
12977,Dress,Clothing,S,Beige,Fall,3.8
12978,Belt,Accessories,XL,Charcoal,Spring,4.6
12979,Jewelry,Accessories,S,Cyan,Fall,2.8
12980,Dress,Clothing,L,Yellow,Fall,3.6
12981,Hat,Accessories,M,Silver,Winter,4.3
12982,Sweater,Clothing,L,Green,Spring,4
12983,Skirt,Clothing,XL,Peach,Spring,3.5
12984,Hoodie,Clothing,S,Green,Fall,4.9
12985,Sandals,Footwear,M,Brown,Summer,3.1
12986,Jewelry,Accessories,M,Lavender,Winter,3.9
12987,Dress,Clothing,M,Charcoal,Summer,3
12988,Hoodie,Clothing,M,Orange,Spring,4.1
12989,Sweater,Clothing,S,Cyan,Winter,4.3
12990,Jewelry,Accessories,L,Lavender,Fall,3.8
12991,Sandals,Footwear,M,Indigo,Summer,3.9
12992,Socks,Clothing,L,Brown,Winter,4.3
12993,Backpack,Accessories,M,Pink,Fall,4.3
12994,Shirt,Clothing,XL,Turquoise,Fall,4.7
12995,Shoes,Footwear,M,Gold,Summer,3.1
12996,Coat,Outerwear,M,Blue,Summer,2.7
12997,Sweater,Clothing,M,Lavender,Spring,3.7
12998,Jacket,Outerwear,M,Violet,Spring,3.3
12999,Jacket,Outerwear,L,Cyan,Summer,3.4
13000,Sneakers,Footwear,L,Purple,Winter,4.7
13001,Belt,Accessories,M,Red,Winter,4.9
13002,Scarf,Accessories,M,Charcoal,Winter,4.3
13003,Jewelry,Accessories,S,Gray,Summer,4.2
13004,T-shirt,Clothing,M,Pink,Fall,3.7
13005,Pants,Clothing,M,Lavender,Fall,2.7
13006,Handbag,Accessories,L,Lavender,Winter,3.3
13007,Backpack,Accessories,L,Yellow,Summer,4.8
13008,Gloves,Accessories,S,Peach,Fall,4.1
13009,Jacket,Outerwear,M,Brown,Spring,4.6
13010,Sweater,Clothing,L,Gold,Fall,4.9
13011,Blouse,Clothing,L,Pink,Summer,3.1
13012,Blouse,Clothing,L,Peach,Spring,3
13013,Gloves,Accessories,S,Violet,Summer,3.7
13014,Jeans,Clothing,S,Purple,Winter,4
13015,Sneakers,Footwear,M,Peach,Fall,3
13016,Hat,Accessories,S,White,Fall,3.8
13017,Backpack,Accessories,L,Indigo,Spring,3.7
13018,Jeans,Clothing,S,Violet,Fall,4
13019,Skirt,Clothing,S,Brown,Spring,3.1
13020,Belt,Accessories,L,Maroon,Spring,3.9
13021,Dress,Clothing,L,Magenta,Winter,3.7
13022,Hoodie,Clothing,M,Charcoal,Fall,3.9
13023,Coat,Outerwear,XL,Indigo,Winter,2.7
13024,Sweater,Clothing,M,Turquoise,Spring,3.9
13025,Shorts,Clothing,L,Turquoise,Winter,2.6
13026,Sneakers,Footwear,S,Gray,Summer,3.5
13027,Sweater,Clothing,L,Peach,Winter,4.4
13028,T-shirt,Clothing,L,Gold,Spring,4.9
13029,Handbag,Accessories,M,Green,Fall,3.9
13030,Sneakers,Footwear,L,Gold,Summer,3.5
13031,Jacket,Outerwear,M,Lavender,Spring,4.3
13032,Backpack,Accessories,S,Blue,Fall,3.4
13033,Jeans,Clothing,M,Magenta,Fall,2.7
13034,Belt,Accessories,L,Blue,Summer,3.6
13035,Boots,Footwear,S,Blue,Summer,4.9
13036,Shorts,Clothing,M,Olive,Spring,3.5
13037,Jeans,Clothing,M,White,Summer,3.8
13038,Shoes,Footwear,L,White,Winter,4.5
13039,Hat,Accessories,M,Purple,Summer,4
13040,T-shirt,Clothing,M,White,Summer,4.7
13041,Sunglasses,Accessories,M,White,Fall,3.8
13042,Socks,Clothing,S,Peach,Spring,4.5
13043,Shirt,Clothing,XL,Gold,Fall,5
13044,Shorts,Clothing,M,Teal,Spring,2.8
13045,Shirt,Clothing,S,Cyan,Summer,4.4
13046,Socks,Clothing,L,Pink,Fall,4.7
13047,Pants,Clothing,XL,Magenta,Winter,3.8
13048,Boots,Footwear,M,Pink,Winter,4.9
13049,T-shirt,Clothing,M,Turquoise,Winter,4.2
13050,T-shirt,Clothing,S,Pink,Spring,4.9
13051,Coat,Outerwear,L,Gray,Spring,3.9
13052,Hat,Accessories,M,White,Spring,4.9
13053,Sunglasses,Accessories,M,Blue,Winter,4.8
13054,Blouse,Clothing,M,Cyan,Summer,3.3
13055,Jewelry,Accessories,M,Blue,Fall,4.6
13056,Jewelry,Accessories,M,Yellow,Spring,4.5
13057,Skirt,Clothing,M,Charcoal,Summer,4.1
13058,Scarf,Accessories,M,Lavender,Fall,3.2
13059,Pants,Clothing,M,Teal,Fall,4.2
13060,Hat,Accessories,M,Beige,Winter,4.8
13061,Gloves,Accessories,L,Blue,Fall,4.1
13062,Shirt,Clothing,XL,Purple,Winter,3.7
13063,Sandals,Footwear,M,Gold,Winter,2.6
13064,Socks,Clothing,L,Blue,Winter,3
13065,Handbag,Accessories,M,Black,Summer,4.4
13066,Jacket,Outerwear,M,Charcoal,Fall,4.7
13067,Shorts,Clothing,M,Purple,Spring,2.7
13068,Sandals,Footwear,M,Orange,Winter,2.8
13069,Scarf,Accessories,M,Yellow,Summer,2.9
13070,Sandals,Footwear,XL,Cyan,Summer,4.4
13071,Jeans,Clothing,XL,Yellow,Winter,2.7
13072,Skirt,Clothing,M,Maroon,Winter,4.5
13073,Gloves,Accessories,S,Black,Winter,2.8
13074,Skirt,Clothing,S,Lavender,Fall,3.1
13075,Sweater,Clothing,XL,Violet,Winter,3.8
13076,Blouse,Clothing,XL,Olive,Spring,2.9
13077,Sweater,Clothing,M,Teal,Spring,3.8
13078,Shirt,Clothing,XL,Teal,Spring,4.7
13079,Jewelry,Accessories,XL,Beige,Summer,3.2
13080,T-shirt,Clothing,L,Maroon,Summer,4
13081,Scarf,Accessories,S,Peach,Spring,4.9
13082,Belt,Accessories,L,Beige,Summer,3.7
13083,T-shirt,Clothing,M,Silver,Summer,4.8
13084,Sneakers,Footwear,S,Peach,Fall,3.6
13085,Gloves,Accessories,M,Turquoise,Winter,4.6
13086,Sandals,Footwear,L,Orange,Spring,4.3
13087,Backpack,Accessories,S,Cyan,Fall,3.2
13088,Pants,Clothing,S,Silver,Summer,3.8
13089,T-shirt,Clothing,XL,Gold,Winter,4.2
13090,Skirt,Clothing,M,Brown,Fall,3.4
13091,Gloves,Accessories,M,Silver,Spring,4.7
13092,Blouse,Clothing,S,Beige,Spring,3.9
13093,Blouse,Clothing,L,Violet,Spring,4.3
13094,Jeans,Clothing,XL,Violet,Fall,2.7
13095,T-shirt,Clothing,M,Lavender,Summer,4.6
13096,Sweater,Clothing,XL,Red,Fall,2.9
13097,Pants,Clothing,L,Purple,Fall,3.6
13098,Boots,Footwear,M,Brown,Winter,3.9
13099,Skirt,Clothing,M,Gray,Fall,2.6
13100,Gloves,Accessories,L,Pink,Fall,3.6
13101,Socks,Clothing,L,Magenta,Summer,3.4
13102,T-shirt,Clothing,L,Charcoal,Spring,3.5
13103,Blouse,Clothing,L,Yellow,Fall,3.1
13104,Blouse,Clothing,M,Red,Winter,4.3
13105,Scarf,Accessories,L,Blue,Winter,5
13106,Backpack,Accessories,M,Cyan,Spring,4.9
13107,Shorts,Clothing,S,Pink,Summer,4.3
13108,Jewelry,Accessories,S,Maroon,Winter,4.4
13109,Gloves,Accessories,L,Beige,Spring,4.4
13110,Hoodie,Clothing,XL,Gold,Fall,3.5
13111,Hoodie,Clothing,XL,Turquoise,Winter,3.4
13112,Skirt,Clothing,L,Peach,Spring,2.5
13113,Sunglasses,Accessories,M,Lavender,Spring,3.4
13114,Jewelry,Accessories,M,Gray,Summer,2.6
13115,Jacket,Outerwear,M,Blue,Fall,4.6
13116,Dress,Clothing,L,Red,Summer,3.7
13117,Hoodie,Clothing,M,Purple,Fall,2.5
13118,Jeans,Clothing,L,Indigo,Fall,4.5
13119,Sandals,Footwear,M,Gold,Fall,2.9
13120,Sunglasses,Accessories,L,Teal,Winter,2.9
13121,Pants,Clothing,L,Magenta,Fall,3.5
13122,Shorts,Clothing,L,Maroon,Winter,4.2
13123,Jewelry,Accessories,S,Blue,Summer,3.3
13124,Socks,Clothing,S,Beige,Winter,3.9
13125,Sandals,Footwear,S,Olive,Spring,5
13126,Pants,Clothing,M,Gold,Summer,3.3
13127,T-shirt,Clothing,S,Silver,Spring,4.2
13128,Boots,Footwear,M,Teal,Summer,4.9
13129,Backpack,Accessories,M,Green,Spring,4.6
13130,Skirt,Clothing,L,Orange,Fall,4.8
13131,Scarf,Accessories,XL,Charcoal,Winter,2.7
13132,Sweater,Clothing,S,Black,Spring,4.3
13133,Sandals,Footwear,S,Yellow,Fall,3.8
13134,Jewelry,Accessories,M,Gray,Spring,4.9
13135,Sweater,Clothing,S,Charcoal,Winter,3.4
13136,Skirt,Clothing,M,Peach,Winter,3.6
13137,Shorts,Clothing,L,Green,Fall,3.4
13138,Backpack,Accessories,M,Magenta,Fall,4.7
13139,Hoodie,Clothing,S,Beige,Winter,3
13140,Skirt,Clothing,L,Black,Winter,3.4
13141,Skirt,Clothing,S,Purple,Summer,4.6
13142,Backpack,Accessories,M,Olive,Summer,3.1
13143,Blouse,Clothing,M,Purple,Spring,2.8
13144,Shirt,Clothing,M,Green,Fall,3.5
13145,Gloves,Accessories,S,Peach,Summer,4.6
13146,Sandals,Footwear,XL,Blue,Summer,4.3
13147,Jacket,Outerwear,M,Gray,Fall,4.8
13148,Sneakers,Footwear,L,Black,Winter,2.9
13149,Backpack,Accessories,M,Silver,Spring,3
13150,Pants,Clothing,M,Pink,Summer,2.9
13151,Sunglasses,Accessories,S,Lavender,Summer,3.7
13152,Jeans,Clothing,L,Brown,Fall,4.7
13153,Pants,Clothing,L,Turquoise,Spring,3.5
13154,Jewelry,Accessories,S,Olive,Spring,2.7
13155,Hoodie,Clothing,M,White,Spring,5
13156,Sandals,Footwear,L,Violet,Summer,4.1
13157,Jacket,Outerwear,L,Gold,Winter,2.7
13158,Blouse,Clothing,XL,Violet,Spring,4.8
13159,Jewelry,Accessories,S,Teal,Summer,4.3
13160,Socks,Clothing,M,Olive,Summer,4.5
13161,Jeans,Clothing,L,Blue,Spring,3.8
13162,Gloves,Accessories,L,Magenta,Winter,3.7
13163,Hat,Accessories,L,Gray,Fall,3.9
13164,Shoes,Footwear,XL,Peach,Winter,3.3
13165,Pants,Clothing,M,Cyan,Fall,3.4
13166,Socks,Clothing,L,Violet,Summer,3.8
13167,Hoodie,Clothing,M,Gold,Winter,2.7
13168,Hoodie,Clothing,M,Gold,Winter,2.9
13169,Pants,Clothing,M,White,Summer,4.5
13170,Shirt,Clothing,M,Gray,Summer,2.6
13171,T-shirt,Clothing,L,Brown,Winter,3.1
13172,Dress,Clothing,L,Gray,Winter,4.7
13173,Backpack,Accessories,L,Blue,Summer,4.6
13174,Gloves,Accessories,L,Gold,Summer,2.7
13175,Shoes,Footwear,L,Yellow,Summer,4.6
13176,Skirt,Clothing,XL,Green,Spring,4.8
13177,Gloves,Accessories,M,Pink,Winter,4.2
13178,Hoodie,Clothing,M,Pink,Winter,4.9
13179,Socks,Clothing,M,Pink,Winter,4.9
13180,Gloves,Accessories,M,Cyan,Spring,4.5
13181,Shorts,Clothing,M,Gray,Winter,2.7
13182,Shoes,Footwear,M,White,Fall,3.1
13183,Jeans,Clothing,L,Red,Summer,3.3
13184,Boots,Footwear,L,Black,Summer,2.6
13185,Hat,Accessories,M,Silver,Fall,4.4
13186,Shorts,Clothing,L,Pink,Spring,3.9
13187,Pants,Clothing,S,Cyan,Summer,4.6
13188,Sweater,Clothing,M,White,Fall,4.9
13189,Jacket,Outerwear,XL,Purple,Winter,3.7
13190,Dress,Clothing,L,Yellow,Fall,3.7
13191,Shirt,Clothing,S,Blue,Spring,4.2
13192,Dress,Clothing,S,Cyan,Winter,3.5
13193,Belt,Accessories,M,Indigo,Spring,2.9
13194,Hat,Accessories,XL,Indigo,Spring,3.4
13195,Backpack,Accessories,M,Silver,Summer,3.3
13196,Skirt,Clothing,XL,Red,Fall,4.5
13197,Gloves,Accessories,M,Peach,Winter,4.6
13198,Jacket,Outerwear,L,Turquoise,Fall,2.9
13199,Handbag,Accessories,M,Pink,Spring,3.2
13200,Sandals,Footwear,M,Teal,Summer,2.6
13201,Sunglasses,Accessories,L,Magenta,Spring,3.8
13202,Jeans,Clothing,L,Blue,Spring,2.8
13203,Sandals,Footwear,M,Green,Winter,4.4
13204,Shoes,Footwear,L,Violet,Summer,4.7
13205,Sunglasses,Accessories,M,Turquoise,Summer,2.7
13206,Scarf,Accessories,M,Pink,Summer,2.6
13207,Skirt,Clothing,M,Black,Summer,3.4
13208,Gloves,Accessories,M,Gold,Spring,3.9
13209,Coat,Outerwear,L,Green,Summer,3.4
13210,Belt,Accessories,XL,White,Summer,3.4
13211,Pants,Clothing,M,Gold,Winter,3.9
13212,Jewelry,Accessories,S,Charcoal,Spring,4
13213,Backpack,Accessories,L,White,Spring,3.4
13214,Sneakers,Footwear,M,Brown,Summer,3.7
13215,Hoodie,Clothing,L,Gold,Winter,4.9
13216,Blouse,Clothing,S,Purple,Spring,5
13217,Sunglasses,Accessories,M,Brown,Fall,2.9
13218,Boots,Footwear,S,Teal,Spring,3
13219,Sneakers,Footwear,L,Indigo,Summer,3.3
13220,Backpack,Accessories,M,Purple,Fall,4.7
13221,Pants,Clothing,M,Orange,Fall,3.4
13222,Socks,Clothing,L,Indigo,Winter,4.6
13223,Belt,Accessories,M,Lavender,Winter,3.6
13224,Sunglasses,Accessories,S,Purple,Winter,2.6
13225,Shirt,Clothing,M,Red,Summer,2.7
13226,Sneakers,Footwear,S,Blue,Spring,3.1
13227,Shoes,Footwear,L,Blue,Fall,3.2
13228,Sandals,Footwear,M,Cyan,Winter,3.4
13229,Scarf,Accessories,S,Pink,Fall,4.4
13230,Shirt,Clothing,M,Silver,Summer,3.2
13231,Skirt,Clothing,M,Gray,Spring,2.5
13232,Boots,Footwear,M,Indigo,Summer,3.8
13233,Sweater,Clothing,M,Maroon,Summer,4.4
13234,Sandals,Footwear,M,Beige,Spring,3.7
13235,Jeans,Clothing,L,Green,Fall,3.2
13236,Backpack,Accessories,M,Peach,Winter,4.9
13237,Skirt,Clothing,L,Black,Summer,3.9
13238,Belt,Accessories,S,Pink,Summer,4.5
13239,Shoes,Footwear,S,Violet,Winter,3.4
13240,Socks,Clothing,S,Green,Winter,4.1
13241,Backpack,Accessories,S,Gold,Fall,4.5
13242,Shirt,Clothing,S,Red,Winter,4.7
13243,Sweater,Clothing,M,Beige,Winter,4.8
13244,Handbag,Accessories,M,Green,Winter,4.4
13245,Jewelry,Accessories,S,Black,Winter,4
13246,Socks,Clothing,S,Teal,Winter,4.1
13247,Socks,Clothing,L,Silver,Fall,3.7
13248,Shirt,Clothing,M,Turquoise,Summer,3
13249,Scarf,Accessories,M,Orange,Winter,3.6
13250,Shoes,Footwear,S,Gold,Fall,4.8
13251,Shoes,Footwear,XL,Purple,Fall,3.7
13252,Scarf,Accessories,M,Pink,Spring,4.6
13253,Sunglasses,Accessories,S,Green,Summer,2.8
13254,Socks,Clothing,L,Charcoal,Spring,4
13255,Blouse,Clothing,M,Maroon,Winter,4.2
13256,Jeans,Clothing,L,Olive,Summer,3.6
13257,Shorts,Clothing,M,Peach,Spring,2.9
13258,T-shirt,Clothing,S,Yellow,Summer,4.1
13259,Blouse,Clothing,S,Lavender,Winter,3.1
13260,Belt,Accessories,S,Green,Summer,4.3
13261,Blouse,Clothing,L,Orange,Spring,4.4
13262,T-shirt,Clothing,M,Olive,Spring,3.1
13263,Jewelry,Accessories,XL,Gray,Spring,2.9
13264,Jacket,Outerwear,S,Lavender,Winter,3.2
13265,Shoes,Footwear,M,Red,Spring,4
13266,Gloves,Accessories,M,Charcoal,Summer,2.7
13267,Jeans,Clothing,L,Orange,Spring,3
13268,Jewelry,Accessories,M,Red,Fall,4.4
13269,Pants,Clothing,M,Maroon,Winter,2.8
13270,Jewelry,Accessories,M,Silver,Summer,3.1
13271,Sneakers,Footwear,XL,Pink,Winter,3.9
13272,Boots,Footwear,L,Blue,Fall,2.7
13273,Hat,Accessories,M,Teal,Summer,3.4
13274,T-shirt,Clothing,L,Black,Spring,3.8
13275,Backpack,Accessories,M,Gray,Winter,3.7
13276,Sunglasses,Accessories,S,Purple,Spring,4.5
13277,Sweater,Clothing,XL,Gold,Spring,2.9
13278,Handbag,Accessories,M,Silver,Fall,3.4
13279,Backpack,Accessories,L,Blue,Spring,4.4
13280,Socks,Clothing,L,Yellow,Spring,4.2
13281,Shirt,Clothing,M,Brown,Winter,3.3
13282,Shorts,Clothing,XL,Beige,Spring,3.7
13283,Belt,Accessories,M,Blue,Fall,3.2
13284,Sweater,Clothing,S,Magenta,Summer,2.6
13285,Coat,Outerwear,L,Silver,Fall,2.8
13286,Shorts,Clothing,M,Cyan,Fall,2.9
13287,Shoes,Footwear,M,Green,Summer,4
13288,Sneakers,Footwear,M,Blue,Spring,2.9
13289,Sneakers,Footwear,M,Olive,Fall,4.7
13290,Pants,Clothing,XL,Beige,Fall,3.1
13291,Jewelry,Accessories,XL,Black,Summer,3.9
13292,T-shirt,Clothing,M,Indigo,Fall,3.4
13293,Jewelry,Accessories,XL,Red,Spring,3.1
13294,Jacket,Outerwear,S,Yellow,Fall,4.8
13295,Backpack,Accessories,M,Beige,Winter,3.9
13296,Belt,Accessories,S,Green,Winter,3.5
13297,Scarf,Accessories,M,White,Summer,3.1
13298,Sweater,Clothing,S,Turquoise,Fall,4.7
13299,Gloves,Accessories,S,Indigo,Fall,4.6
13300,Scarf,Accessories,L,Orange,Fall,3.3
13301,Dress,Clothing,M,Blue,Spring,3.2
13302,Jeans,Clothing,L,Violet,Summer,3.1
13303,Sunglasses,Accessories,S,Gray,Fall,3.5
13304,Coat,Outerwear,S,Cyan,Spring,4.3
13305,Jeans,Clothing,M,Yellow,Summer,2.9
13306,Scarf,Accessories,L,Orange,Fall,2.7
13307,Blouse,Clothing,S,Brown,Summer,4
13308,Jeans,Clothing,M,Teal,Fall,4.6
13309,Dress,Clothing,L,Beige,Summer,4.7
13310,Hat,Accessories,M,Blue,Summer,4.7
13311,Sandals,Footwear,L,Orange,Spring,4
13312,Jacket,Outerwear,L,Gold,Spring,3.6
13313,Socks,Clothing,S,Teal,Winter,3.4
13314,Jeans,Clothing,XL,Beige,Fall,3
13315,Sandals,Footwear,M,Silver,Fall,2.6
13316,Dress,Clothing,M,Maroon,Spring,4.2
13317,Socks,Clothing,M,Indigo,Spring,3.4
13318,Hoodie,Clothing,M,Gray,Fall,4
13319,Dress,Clothing,L,Blue,Summer,4.7
13320,Sneakers,Footwear,S,Cyan,Winter,3.9
13321,T-shirt,Clothing,M,White,Summer,3.3
13322,T-shirt,Clothing,L,Green,Summer,2.9
13323,Sweater,Clothing,M,Silver,Spring,4.4
13324,Shirt,Clothing,M,Blue,Winter,3.6
13325,Hat,Accessories,M,Brown,Spring,4.5
13326,Pants,Clothing,S,Red,Summer,3.7
13327,Shoes,Footwear,M,Gold,Spring,2.8
13328,Gloves,Accessories,M,Silver,Spring,4.5
13329,Jewelry,Accessories,M,Gray,Fall,4.4
13330,Pants,Clothing,M,Black,Winter,3.3
13331,Hoodie,Clothing,XL,Beige,Winter,4.2
13332,Jewelry,Accessories,L,Peach,Fall,2.7
13333,Socks,Clothing,L,Cyan,Spring,3.9
13334,Sunglasses,Accessories,XL,Pink,Spring,2.6
13335,Belt,Accessories,M,Lavender,Fall,4.5
13336,Dress,Clothing,M,Brown,Spring,2.7
13337,Shirt,Clothing,M,Magenta,Winter,2.9
13338,Scarf,Accessories,M,Violet,Winter,3.4
13339,Jacket,Outerwear,M,Teal,Summer,2.9
13340,Dress,Clothing,L,Brown,Summer,3.8
13341,Socks,Clothing,M,Olive,Fall,4.2
13342,Jewelry,Accessories,M,Indigo,Spring,3.5
13343,Scarf,Accessories,S,Red,Fall,3.1
13344,Backpack,Accessories,M,Olive,Winter,3.5
13345,Jacket,Outerwear,L,Teal,Fall,4
13346,Coat,Outerwear,L,Cyan,Spring,3.7
13347,Skirt,Clothing,M,Teal,Fall,4.2
13348,Coat,Outerwear,M,Beige,Fall,4.8
13349,Shoes,Footwear,XL,Magenta,Winter,4.1
13350,Boots,Footwear,M,Indigo,Spring,4.5
13351,Coat,Outerwear,L,Cyan,Fall,2.7
13352,Skirt,Clothing,L,Orange,Fall,2.8
13353,Backpack,Accessories,L,Violet,Summer,3.7
13354,Shorts,Clothing,M,Red,Fall,3.6
13355,Skirt,Clothing,M,Magenta,Fall,4.7
13356,Hat,Accessories,M,Olive,Summer,3.8
13357,Sandals,Footwear,XL,Maroon,Winter,2.9
13358,Sunglasses,Accessories,S,Yellow,Winter,4.6
13359,Sunglasses,Accessories,M,Red,Summer,2.8
13360,Socks,Clothing,XL,Purple,Winter,4.6
13361,Sweater,Clothing,M,Teal,Fall,2.8
13362,Boots,Footwear,M,Red,Winter,3
13363,Handbag,Accessories,M,Brown,Fall,3.7
13364,Dress,Clothing,M,Peach,Winter,4.1
13365,Hat,Accessories,M,Maroon,Winter,4.3
13366,Sandals,Footwear,L,Red,Fall,3.8
13367,Shoes,Footwear,L,Orange,Winter,3.7
13368,Skirt,Clothing,S,White,Winter,4.8
13369,Sunglasses,Accessories,XL,White,Summer,4.6
13370,Skirt,Clothing,S,Charcoal,Fall,4.8
13371,T-shirt,Clothing,XL,Turquoise,Winter,4.6
13372,Sandals,Footwear,L,Orange,Winter,4
13373,Shirt,Clothing,M,Orange,Spring,2.6
13374,Jeans,Clothing,L,Brown,Fall,2.6
13375,Shorts,Clothing,L,Magenta,Summer,4.5
13376,Shirt,Clothing,M,Violet,Fall,4.2
13377,Scarf,Accessories,M,Violet,Spring,3.4
13378,Handbag,Accessories,L,Yellow,Fall,3.7
13379,Skirt,Clothing,M,Maroon,Winter,3.6
13380,Handbag,Accessories,L,Turquoise,Winter,4
13381,Gloves,Accessories,XL,Olive,Spring,4.6
13382,Shirt,Clothing,M,Peach,Fall,3
13383,Blouse,Clothing,L,Charcoal,Winter,3.3
13384,Dress,Clothing,S,Peach,Summer,3.8
13385,Shorts,Clothing,S,Black,Summer,2.7
13386,Shoes,Footwear,L,Gray,Spring,4.5
13387,Sandals,Footwear,S,Olive,Winter,4.8
13388,Pants,Clothing,M,Turquoise,Summer,4.2
13389,Jacket,Outerwear,S,Purple,Spring,3.5
13390,Skirt,Clothing,L,Green,Winter,4.9
13391,Handbag,Accessories,M,Beige,Spring,4.1
13392,Coat,Outerwear,M,Brown,Fall,2.9
13393,Sweater,Clothing,M,Turquoise,Fall,4
13394,Shorts,Clothing,M,Yellow,Summer,4.6
13395,Skirt,Clothing,S,Lavender,Fall,2.8
13396,Gloves,Accessories,S,Cyan,Summer,5
13397,Backpack,Accessories,S,Olive,Spring,2.9
13398,Dress,Clothing,M,Silver,Spring,3.3
13399,Belt,Accessories,S,Red,Winter,3.4
13400,Gloves,Accessories,XL,Green,Winter,3
13401,Jewelry,Accessories,M,Gold,Summer,4.7
13402,Socks,Clothing,L,Lavender,Fall,2.9
13403,Coat,Outerwear,M,Yellow,Summer,4.1
13404,Handbag,Accessories,M,Black,Fall,3.2
13405,Blouse,Clothing,M,Maroon,Winter,2.7
13406,Shorts,Clothing,M,Maroon,Spring,4.7
13407,Shoes,Footwear,S,Gold,Spring,3.2
13408,Shorts,Clothing,M,Violet,Winter,2.5
13409,Sandals,Footwear,XL,Teal,Winter,4.3
13410,Blouse,Clothing,M,Violet,Spring,4.4
13411,Coat,Outerwear,M,Brown,Winter,4.7
13412,Blouse,Clothing,XL,Brown,Fall,4
13413,Belt,Accessories,S,Maroon,Spring,4.6
13414,Blouse,Clothing,S,Maroon,Summer,3.8
13415,Scarf,Accessories,L,Yellow,Winter,3.2
13416,Shirt,Clothing,L,Turquoise,Spring,5
13417,Socks,Clothing,M,Silver,Summer,3.5
13418,Jeans,Clothing,M,Brown,Fall,3.7
13419,Dress,Clothing,M,Gray,Spring,4.8
13420,Boots,Footwear,M,Indigo,Summer,3.7
13421,Scarf,Accessories,L,Turquoise,Summer,3.5
13422,Scarf,Accessories,M,Maroon,Summer,4.9
13423,Gloves,Accessories,L,Charcoal,Summer,4.7
13424,Pants,Clothing,L,Peach,Spring,4.9
13425,Dress,Clothing,M,Red,Summer,4.3
13426,Dress,Clothing,M,Indigo,Winter,3.1
13427,Jeans,Clothing,S,Lavender,Winter,3.4
13428,Sweater,Clothing,XL,Red,Fall,2.7
13429,Sandals,Footwear,L,Green,Spring,2.6
13430,Handbag,Accessories,M,Gray,Fall,2.9
13431,Scarf,Accessories,XL,Violet,Summer,2.7
13432,Sandals,Footwear,XL,Beige,Summer,4.5
13433,Sunglasses,Accessories,M,Orange,Summer,3.1
13434,Sweater,Clothing,L,Purple,Winter,3.2
13435,Pants,Clothing,M,Brown,Winter,3.3
13436,Hat,Accessories,M,Maroon,Fall,2.9
13437,Belt,Accessories,L,Gold,Fall,4.1
13438,Sandals,Footwear,M,Indigo,Winter,2.7
13439,Pants,Clothing,XL,Silver,Winter,4
13440,Jewelry,Accessories,XL,Red,Fall,2.6
13441,Sunglasses,Accessories,M,Magenta,Winter,3.5
13442,Blouse,Clothing,S,Purple,Fall,2.8
13443,Belt,Accessories,XL,Beige,Fall,4.5
13444,Shorts,Clothing,XL,White,Fall,3
13445,Pants,Clothing,M,Teal,Summer,4.4
13446,Sandals,Footwear,M,Gray,Fall,4.7
13447,Gloves,Accessories,L,Charcoal,Winter,4.3
13448,Belt,Accessories,S,Olive,Spring,4.8
13449,Shirt,Clothing,L,Blue,Spring,4.8
13450,Scarf,Accessories,S,Gray,Summer,4.4
13451,Gloves,Accessories,M,Green,Fall,3.7
13452,Pants,Clothing,M,Silver,Fall,3.9
13453,Sneakers,Footwear,S,Teal,Spring,3.8
13454,Jacket,Outerwear,M,Beige,Fall,4.1
13455,Shoes,Footwear,L,Lavender,Spring,4
13456,Blouse,Clothing,XL,Gray,Summer,4.5
13457,Boots,Footwear,S,Yellow,Winter,4
13458,Socks,Clothing,M,Gray,Spring,4.5
13459,T-shirt,Clothing,M,Yellow,Winter,2.7
13460,Sandals,Footwear,S,Black,Summer,3.8
13461,Sneakers,Footwear,L,Beige,Winter,3.8
13462,Jewelry,Accessories,L,Indigo,Summer,3.8
13463,Sandals,Footwear,L,Green,Winter,4.3
13464,Jacket,Outerwear,M,Purple,Summer,3.5
13465,Skirt,Clothing,M,Orange,Spring,3.8
13466,Shirt,Clothing,M,Teal,Winter,3.7
13467,Shorts,Clothing,M,Gold,Summer,4.8
13468,Socks,Clothing,L,Gray,Fall,4.9
13469,Jacket,Outerwear,M,Cyan,Fall,4.3
13470,Jewelry,Accessories,L,Teal,Summer,4.4
13471,T-shirt,Clothing,M,Violet,Winter,3.4
13472,Gloves,Accessories,XL,Indigo,Spring,4.3
13473,Shoes,Footwear,L,Pink,Summer,4.6
13474,Shoes,Footwear,L,Gold,Fall,3.8
13475,Shoes,Footwear,S,Maroon,Summer,3.9
13476,Hoodie,Clothing,M,Brown,Spring,2.6
13477,Belt,Accessories,M,Gold,Winter,4.2
13478,Coat,Outerwear,L,Teal,Spring,4.6
13479,Blouse,Clothing,M,Turquoise,Fall,5
13480,Skirt,Clothing,L,Olive,Fall,4.2
13481,T-shirt,Clothing,L,Cyan,Winter,4.3
13482,Jeans,Clothing,XL,Beige,Spring,3.3
13483,Scarf,Accessories,M,Blue,Fall,4.9
13484,Backpack,Accessories,L,Gold,Spring,4.4
13485,Backpack,Accessories,M,Green,Winter,3.1
13486,Scarf,Accessories,XL,Green,Winter,3.5
13487,Hat,Accessories,M,Turquoise,Summer,3.9
13488,Coat,Outerwear,XL,Yellow,Fall,3.9
13489,Dress,Clothing,M,Yellow,Fall,4.3
13490,Gloves,Accessories,S,Blue,Spring,3.8
13491,Sweater,Clothing,L,Charcoal,Spring,2.7
13492,Skirt,Clothing,M,Yellow,Fall,4.4
13493,Blouse,Clothing,L,Purple,Spring,3.5
13494,Dress,Clothing,M,Green,Summer,3.4
13495,Jacket,Outerwear,L,Charcoal,Spring,4
13496,Coat,Outerwear,L,Silver,Winter,4.8
13497,Dress,Clothing,L,Turquoise,Spring,4.5
13498,Shorts,Clothing,M,Gray,Winter,4.4
13499,Jeans,Clothing,L,Red,Summer,4.1
13500,Hat,Accessories,M,Beige,Summer,4.6
13501,Gloves,Accessories,M,Maroon,Fall,3.8
13502,Sneakers,Footwear,L,Indigo,Spring,2.9
13503,Shoes,Footwear,M,Red,Summer,2.8
13504,Hoodie,Clothing,XL,Maroon,Summer,3
13505,Sneakers,Footwear,S,Red,Fall,4.2
13506,Handbag,Accessories,S,Black,Winter,4.1
13507,Blouse,Clothing,XL,Black,Fall,4.1
13508,Belt,Accessories,L,Pink,Summer,4.6
13509,Socks,Clothing,L,Blue,Spring,2.5
13510,Blouse,Clothing,L,Green,Summer,3
13511,Jewelry,Accessories,M,Orange,Fall,3.8
13512,Shorts,Clothing,M,Orange,Fall,4.1
13513,Boots,Footwear,L,Magenta,Winter,3.3
13514,Coat,Outerwear,M,Indigo,Spring,5
13515,T-shirt,Clothing,S,Beige,Spring,3.8
13516,Sweater,Clothing,L,Green,Fall,3.3
13517,Sunglasses,Accessories,M,Red,Winter,5
13518,Hat,Accessories,L,Beige,Spring,2.9
13519,Gloves,Accessories,M,Green,Fall,2.5
13520,Socks,Clothing,M,Orange,Summer,4.7
13521,Handbag,Accessories,L,Cyan,Spring,2.9
13522,Coat,Outerwear,M,Violet,Summer,3.7
13523,Coat,Outerwear,XL,Lavender,Summer,4.4
13524,Pants,Clothing,L,Turquoise,Winter,2.9
13525,Belt,Accessories,L,Pink,Summer,3.6
13526,Sunglasses,Accessories,S,Beige,Spring,4.8
13527,Hoodie,Clothing,L,Silver,Winter,4.7
13528,Handbag,Accessories,M,Gold,Summer,2.6
13529,Gloves,Accessories,L,Silver,Winter,3.4
13530,Skirt,Clothing,L,Green,Fall,3.5
13531,Sunglasses,Accessories,M,Teal,Winter,3.4
13532,Dress,Clothing,S,Gold,Fall,5
13533,Gloves,Accessories,M,Cyan,Spring,4.6
13534,Sneakers,Footwear,L,Gold,Spring,4.8
13535,T-shirt,Clothing,L,Violet,Summer,3.7
13536,Dress,Clothing,M,Black,Summer,4.7
13537,Handbag,Accessories,XL,Brown,Winter,4.4
13538,Socks,Clothing,M,Indigo,Winter,3.5
13539,Sneakers,Footwear,L,Yellow,Winter,3.8
13540,Jacket,Outerwear,M,Purple,Summer,4.7
13541,Hoodie,Clothing,L,White,Spring,3.1
13542,Sandals,Footwear,XL,Turquoise,Winter,5
13543,Shoes,Footwear,M,Olive,Spring,3.7
13544,Sandals,Footwear,M,Beige,Winter,3
13545,Coat,Outerwear,S,Lavender,Spring,4.5
13546,Gloves,Accessories,L,White,Winter,4.7
13547,Coat,Outerwear,L,Brown,Winter,3.5
13548,Boots,Footwear,M,Charcoal,Summer,4.4
13549,Skirt,Clothing,L,Maroon,Winter,2.6
13550,Skirt,Clothing,M,Red,Winter,4.2
13551,Pants,Clothing,M,Maroon,Fall,2.6
13552,Hat,Accessories,S,Teal,Spring,4.8
13553,Backpack,Accessories,L,Orange,Summer,2.9
13554,Scarf,Accessories,S,Olive,Spring,4.3
13555,Scarf,Accessories,XL,Olive,Fall,2.6
13556,Shirt,Clothing,M,Beige,Spring,3.8
13557,Boots,Footwear,L,Green,Summer,4.2
13558,Coat,Outerwear,M,Black,Summer,3.9
13559,Belt,Accessories,M,Green,Winter,3.1
13560,Boots,Footwear,S,Violet,Fall,3.6
13561,Sneakers,Footwear,S,Silver,Fall,4
13562,Shirt,Clothing,L,Maroon,Spring,3.4
13563,Blouse,Clothing,M,Cyan,Summer,2.6
13564,Jacket,Outerwear,L,Teal,Summer,4.5
13565,Skirt,Clothing,M,Olive,Fall,4.9
13566,Socks,Clothing,M,Red,Summer,4.4
13567,Sandals,Footwear,XL,Lavender,Fall,3.5
13568,T-shirt,Clothing,S,Orange,Winter,3.3
13569,Jacket,Outerwear,L,Brown,Winter,3.1
13570,Belt,Accessories,S,Gray,Fall,4.2
13571,Shoes,Footwear,M,Orange,Spring,4.9
13572,Blouse,Clothing,M,Orange,Fall,3.9
13573,Shoes,Footwear,M,Turquoise,Winter,4.2
13574,Sweater,Clothing,S,Cyan,Fall,4.9
13575,Boots,Footwear,M,Yellow,Fall,2.8
13576,Handbag,Accessories,M,White,Fall,4.1
13577,Blouse,Clothing,M,Blue,Summer,4.8
13578,Skirt,Clothing,S,Purple,Winter,4.1
13579,Backpack,Accessories,M,Gray,Summer,3
13580,Shirt,Clothing,L,Cyan,Fall,4.2
13581,Sweater,Clothing,L,Pink,Spring,3.8
13582,Scarf,Accessories,S,Gold,Spring,3.3
13583,Handbag,Accessories,L,Silver,Fall,4.7
13584,Scarf,Accessories,M,Gray,Spring,4.3
13585,Jeans,Clothing,M,Brown,Fall,2.7
13586,Socks,Clothing,XL,Pink,Winter,4.2
13587,Sunglasses,Accessories,L,Maroon,Winter,4.2
13588,Sneakers,Footwear,S,Peach,Winter,2.5
13589,Shoes,Footwear,L,Brown,Winter,3.6
13590,Socks,Clothing,L,Green,Winter,3.4
13591,Sunglasses,Accessories,M,Lavender,Summer,3.3
13592,Sweater,Clothing,M,Cyan,Winter,4.6
13593,Shoes,Footwear,M,Black,Spring,3.9
13594,Socks,Clothing,M,Charcoal,Winter,3.7
13595,Boots,Footwear,XL,Silver,Spring,3.1
13596,Hoodie,Clothing,M,Gray,Spring,4.9
13597,Gloves,Accessories,L,Peach,Winter,4.7
13598,Backpack,Accessories,L,Peach,Fall,2.9
13599,Gloves,Accessories,XL,Cyan,Spring,4.1
13600,Blouse,Clothing,L,Magenta,Fall,4
13601,Scarf,Accessories,L,Teal,Summer,2.7
13602,Hat,Accessories,M,Peach,Spring,4
13603,Scarf,Accessories,M,Black,Fall,2.5
13604,Sandals,Footwear,M,Teal,Summer,4.5
13605,Sweater,Clothing,M,Turquoise,Spring,3.9
13606,Backpack,Accessories,L,Gold,Spring,4.9
13607,Blouse,Clothing,L,Green,Winter,3.3
13608,Scarf,Accessories,M,Brown,Fall,3.8
13609,Socks,Clothing,L,Blue,Summer,2.9
13610,Hat,Accessories,M,Gold,Summer,4
13611,Dress,Clothing,M,Peach,Fall,4.1
13612,Coat,Outerwear,M,Violet,Spring,3.1
13613,Shirt,Clothing,XL,Yellow,Winter,4.6
13614,Shirt,Clothing,M,Black,Winter,4.6
13615,Jeans,Clothing,L,Silver,Spring,2.6
13616,Socks,Clothing,M,Brown,Winter,5
13617,Sandals,Footwear,L,Peach,Fall,2.9
13618,Blouse,Clothing,M,Cyan,Winter,3.5
13619,Shirt,Clothing,M,Olive,Spring,3.7
13620,Sunglasses,Accessories,L,Black,Fall,2.9
13621,Jacket,Outerwear,M,Orange,Winter,4.3
13622,Dress,Clothing,L,Beige,Spring,3.2
13623,Sunglasses,Accessories,M,Peach,Winter,4.2
13624,Boots,Footwear,M,Pink,Winter,4.2
13625,Scarf,Accessories,M,Brown,Winter,3.8
13626,Shorts,Clothing,M,Magenta,Fall,4.4
13627,Shorts,Clothing,L,Cyan,Winter,3.1
13628,Jeans,Clothing,XL,Silver,Fall,5
13629,Scarf,Accessories,M,Indigo,Winter,4.7
13630,Shorts,Clothing,M,Beige,Summer,3
13631,Sneakers,Footwear,XL,Black,Fall,4.2
13632,Jewelry,Accessories,L,Yellow,Spring,3
13633,Shoes,Footwear,M,Maroon,Summer,3.7
13634,Hoodie,Clothing,M,Cyan,Summer,2.7
13635,Jacket,Outerwear,M,Pink,Winter,4.3
13636,Shorts,Clothing,XL,Violet,Fall,2.7
13637,Socks,Clothing,M,Lavender,Summer,3.7
13638,Coat,Outerwear,XL,Lavender,Fall,4.3
13639,Sandals,Footwear,S,Black,Summer,4
13640,Backpack,Accessories,M,Olive,Fall,3.3
13641,Pants,Clothing,S,Indigo,Fall,4
13642,Sweater,Clothing,M,Blue,Fall,2.7
13643,Jacket,Outerwear,S,Green,Winter,4.2
13644,Sneakers,Footwear,L,Pink,Spring,4.6
13645,Jewelry,Accessories,M,Peach,Winter,4.8
13646,Backpack,Accessories,M,Purple,Summer,2.8
13647,Jewelry,Accessories,M,Peach,Winter,4.5
13648,Shoes,Footwear,S,Olive,Summer,3
13649,Jacket,Outerwear,M,Olive,Fall,4.6
13650,Jacket,Outerwear,M,Purple,Spring,3.3
13651,T-shirt,Clothing,M,Violet,Spring,4.4
13652,Sneakers,Footwear,XL,Maroon,Summer,4.4
13653,Jacket,Outerwear,XL,White,Summer,4.3
13654,Hoodie,Clothing,S,Olive,Fall,3.4
13655,Jacket,Outerwear,M,Peach,Winter,2.8
13656,T-shirt,Clothing,M,Blue,Spring,3.4
13657,Gloves,Accessories,M,Brown,Spring,5
13658,Sneakers,Footwear,S,Black,Fall,4.5
13659,T-shirt,Clothing,M,Yellow,Fall,2.7
13660,Sneakers,Footwear,XL,Magenta,Winter,3.4
13661,Jeans,Clothing,S,Cyan,Winter,3.4
13662,Handbag,Accessories,M,Maroon,Summer,2.8
13663,Socks,Clothing,M,Red,Spring,4.7
13664,Jewelry,Accessories,M,Black,Fall,4.7
13665,Blouse,Clothing,L,Violet,Winter,4.7
13666,Backpack,Accessories,M,Green,Spring,3.4
13667,Scarf,Accessories,S,Gold,Fall,3.7
13668,Scarf,Accessories,M,Brown,Summer,4.1
13669,Shirt,Clothing,L,Peach,Spring,2.9
13670,Pants,Clothing,L,Peach,Fall,3.2
13671,Hat,Accessories,S,Violet,Fall,3
13672,Coat,Outerwear,S,Violet,Fall,4.1
13673,T-shirt,Clothing,M,Magenta,Fall,4.5
13674,Socks,Clothing,M,Purple,Fall,3.4
13675,Shirt,Clothing,L,Purple,Winter,4.1
13676,Sweater,Clothing,XL,Cyan,Spring,4.6
13677,Gloves,Accessories,M,Magenta,Winter,4.6
13678,Belt,Accessories,L,Lavender,Spring,3.4
13679,Jeans,Clothing,M,Green,Winter,3.3
13680,Handbag,Accessories,M,Maroon,Fall,3.6
13681,T-shirt,Clothing,L,Turquoise,Fall,4.6
13682,Socks,Clothing,L,Violet,Fall,4.3
13683,Jeans,Clothing,S,Lavender,Winter,4
13684,Scarf,Accessories,L,Red,Summer,4.8
13685,Pants,Clothing,XL,Orange,Spring,4.3
13686,Blouse,Clothing,XL,Indigo,Summer,3.3
13687,Jacket,Outerwear,L,Teal,Winter,2.8
13688,Sandals,Footwear,M,Brown,Spring,4.4
13689,Shorts,Clothing,S,Pink,Summer,3.7
13690,Shorts,Clothing,M,Lavender,Spring,3.6
13691,Skirt,Clothing,L,Cyan,Winter,3.7
13692,Sandals,Footwear,M,Yellow,Fall,5
13693,Blouse,Clothing,XL,Pink,Fall,2.7
13694,Sandals,Footwear,M,Gray,Spring,4.3
13695,Shirt,Clothing,M,Peach,Summer,4.1
13696,Socks,Clothing,M,Red,Winter,2.6
13697,T-shirt,Clothing,M,Olive,Fall,3.2
13698,Dress,Clothing,S,Lavender,Summer,3.5
13699,Hat,Accessories,M,Turquoise,Summer,3.7
13700,Gloves,Accessories,L,Turquoise,Spring,3.8
13701,Socks,Clothing,S,Maroon,Winter,4.8
13702,Dress,Clothing,S,Olive,Fall,4.2
13703,Socks,Clothing,XL,Maroon,Summer,2.9
13704,Belt,Accessories,XL,Cyan,Fall,2.9
13705,Handbag,Accessories,S,Peach,Winter,4.8
13706,Skirt,Clothing,S,Teal,Fall,2.9
13707,Hoodie,Clothing,M,Green,Summer,4.8
13708,Blouse,Clothing,M,Beige,Spring,4.6
13709,Jeans,Clothing,L,Magenta,Spring,4.4
13710,Boots,Footwear,L,Violet,Spring,3
13711,Handbag,Accessories,XL,Charcoal,Summer,4.4
13712,Coat,Outerwear,M,Green,Winter,3.9
13713,Blouse,Clothing,M,Gray,Spring,4
13714,Handbag,Accessories,M,Magenta,Spring,2.5
13715,Sunglasses,Accessories,S,Silver,Summer,4.1
13716,Socks,Clothing,S,Beige,Fall,4.8
13717,Shoes,Footwear,S,Peach,Winter,2.6
13718,Backpack,Accessories,XL,Orange,Spring,3.1
13719,Scarf,Accessories,S,Yellow,Summer,3.2
13720,Backpack,Accessories,M,Violet,Summer,4.2
13721,Coat,Outerwear,S,Green,Fall,2.6
13722,Hoodie,Clothing,L,Pink,Summer,3.1
13723,Gloves,Accessories,M,Violet,Fall,2.9
13724,Shorts,Clothing,M,Violet,Fall,4.6
13725,Skirt,Clothing,L,Pink,Spring,4.1
13726,Boots,Footwear,M,Violet,Summer,2.5
13727,Shorts,Clothing,M,Turquoise,Winter,4
13728,Handbag,Accessories,M,Cyan,Summer,3.5
13729,Dress,Clothing,XL,Orange,Spring,4.4
13730,Shoes,Footwear,M,Cyan,Fall,2.9
13731,Sneakers,Footwear,XL,Indigo,Spring,3.1
13732,Socks,Clothing,M,Black,Spring,4.4
13733,Jacket,Outerwear,L,Purple,Winter,4.4
13734,Backpack,Accessories,M,Cyan,Summer,2.7
13735,Socks,Clothing,M,Green,Summer,4.9
13736,Handbag,Accessories,L,Teal,Winter,3.5
13737,Hat,Accessories,L,Teal,Spring,4.8
13738,Blouse,Clothing,M,Magenta,Summer,4.2
13739,Shorts,Clothing,XL,Brown,Spring,4.6
13740,Shirt,Clothing,L,Orange,Spring,2.9
13741,Boots,Footwear,XL,Blue,Fall,4
13742,Jacket,Outerwear,L,Magenta,Spring,4.9
13743,Jacket,Outerwear,L,Magenta,Summer,3.1
13744,Handbag,Accessories,M,Magenta,Fall,4.4
13745,Belt,Accessories,S,Olive,Winter,2.5
13746,Handbag,Accessories,S,Cyan,Spring,3.4
13747,Coat,Outerwear,M,Purple,Spring,3.7
13748,Sweater,Clothing,M,Purple,Winter,4.2
13749,Shorts,Clothing,S,Peach,Spring,3.4
13750,Pants,Clothing,M,Gold,Fall,3.6
13751,Jewelry,Accessories,S,Peach,Fall,4.7
13752,Gloves,Accessories,M,Magenta,Spring,4.7
13753,Skirt,Clothing,S,Cyan,Spring,3.6
13754,Sandals,Footwear,M,Violet,Summer,4.6
13755,Socks,Clothing,S,Charcoal,Summer,2.6
13756,Jewelry,Accessories,S,Blue,Summer,3.1
13757,Sunglasses,Accessories,XL,Red,Fall,3.2
13758,Coat,Outerwear,S,Purple,Winter,3.9
13759,Belt,Accessories,L,Gray,Spring,4.9
13760,Coat,Outerwear,M,Purple,Summer,4.1
13761,Scarf,Accessories,M,Silver,Summer,4.2
13762,Sandals,Footwear,M,Purple,Fall,4.1
13763,Belt,Accessories,M,Charcoal,Summer,3.9
13764,Scarf,Accessories,M,Silver,Spring,2.7
13765,Jewelry,Accessories,M,White,Winter,3.7
13766,Scarf,Accessories,L,Peach,Spring,2.7
13767,Pants,Clothing,M,Red,Spring,2.5
13768,Shoes,Footwear,L,Olive,Spring,3.9
13769,Boots,Footwear,L,Gray,Summer,3
13770,Jacket,Outerwear,M,Beige,Summer,3.2
13771,Backpack,Accessories,L,Pink,Winter,3.8
13772,Jacket,Outerwear,M,Red,Fall,2.7
13773,Boots,Footwear,XL,Peach,Fall,3
13774,Shoes,Footwear,M,Maroon,Winter,4.1
13775,Belt,Accessories,XL,Purple,Spring,3.2
13776,Jewelry,Accessories,M,Maroon,Summer,4.5
13777,Jewelry,Accessories,M,Gray,Summer,4.3
13778,Pants,Clothing,M,Gray,Fall,3.5
13779,T-shirt,Clothing,XL,Magenta,Fall,3.1
13780,Shorts,Clothing,L,Cyan,Spring,3.9
13781,Hoodie,Clothing,M,Silver,Fall,2.7
13782,Belt,Accessories,S,Green,Winter,4
13783,Boots,Footwear,M,Violet,Spring,2.7
13784,Hoodie,Clothing,L,Magenta,Spring,2.7
13785,Shorts,Clothing,XL,Yellow,Spring,4.7
13786,Backpack,Accessories,XL,Gray,Winter,4.5
13787,Scarf,Accessories,L,Indigo,Winter,3
13788,Socks,Clothing,S,Indigo,Fall,3.6
13789,Handbag,Accessories,S,Yellow,Fall,3.3
13790,Sunglasses,Accessories,XL,Gold,Spring,4.3
13791,T-shirt,Clothing,XL,Green,Winter,4.3
13792,Dress,Clothing,M,Charcoal,Spring,4.8
13793,Sneakers,Footwear,XL,Olive,Spring,4
13794,Sunglasses,Accessories,L,Black,Winter,3.5
13795,Blouse,Clothing,M,Silver,Fall,3.9
13796,T-shirt,Clothing,M,Red,Summer,4.4
13797,Hat,Accessories,M,Brown,Summer,4.6
13798,Shorts,Clothing,M,Silver,Fall,4
13799,Hoodie,Clothing,M,Silver,Winter,4.2
13800,Socks,Clothing,L,Black,Fall,4.5
13801,Sunglasses,Accessories,M,Purple,Fall,3.9
13802,Blouse,Clothing,M,Purple,Summer,3.7
13803,Jeans,Clothing,S,Turquoise,Summer,3.6
13804,Dress,Clothing,M,Gold,Winter,4.7
13805,Dress,Clothing,S,Indigo,Fall,3.6
13806,Jeans,Clothing,M,Lavender,Fall,2.5
13807,Socks,Clothing,L,Blue,Summer,2.9
13808,Sunglasses,Accessories,L,Maroon,Fall,4.4
13809,Coat,Outerwear,L,Yellow,Winter,4.6
13810,Scarf,Accessories,M,Purple,Winter,3.7
13811,Backpack,Accessories,M,Peach,Summer,3.2
13812,Pants,Clothing,M,Silver,Winter,4.9
13813,Gloves,Accessories,M,Turquoise,Summer,5
13814,Jacket,Outerwear,S,Olive,Spring,3.3
13815,Shorts,Clothing,XL,Peach,Summer,4.4
13816,Pants,Clothing,S,Indigo,Fall,4.7
13817,Skirt,Clothing,L,Indigo,Fall,3.6
13818,Blouse,Clothing,XL,Maroon,Summer,3.2
13819,Shirt,Clothing,L,Black,Spring,3
13820,Jewelry,Accessories,XL,Teal,Summer,4.4
13821,Backpack,Accessories,XL,Olive,Fall,3.3
13822,Jewelry,Accessories,M,Gold,Winter,3.4
13823,Belt,Accessories,M,Gray,Fall,3.9
13824,Dress,Clothing,L,Orange,Winter,2.9
13825,Coat,Outerwear,M,Black,Fall,2.9
13826,Dress,Clothing,M,Teal,Spring,2.7
13827,Sweater,Clothing,M,Beige,Spring,3.4
13828,Hoodie,Clothing,M,White,Spring,3.7
13829,Shoes,Footwear,L,Turquoise,Spring,4.7
13830,Shoes,Footwear,XL,Teal,Spring,3.1
13831,Jacket,Outerwear,L,Orange,Fall,4.2
13832,Backpack,Accessories,M,Black,Summer,3
13833,Jeans,Clothing,M,Violet,Spring,3.1
13834,Jacket,Outerwear,L,Maroon,Fall,4.2
13835,Sunglasses,Accessories,M,Turquoise,Winter,3.8
13836,Gloves,Accessories,M,Gold,Fall,2.9
13837,Jacket,Outerwear,M,Turquoise,Spring,4.2
13838,T-shirt,Clothing,M,Maroon,Fall,3.1
13839,Sandals,Footwear,XL,Purple,Spring,3.6
13840,Shorts,Clothing,S,Maroon,Spring,4.8
13841,Handbag,Accessories,L,Brown,Fall,4.1
13842,Pants,Clothing,L,Indigo,Winter,3.9
13843,Blouse,Clothing,S,Lavender,Winter,3
13844,Shoes,Footwear,M,Beige,Winter,3
13845,Backpack,Accessories,M,Yellow,Spring,4.9
13846,Shoes,Footwear,M,Gold,Fall,4.8
13847,Dress,Clothing,M,Indigo,Summer,3.3
13848,Skirt,Clothing,L,Cyan,Summer,2.7
13849,Jacket,Outerwear,XL,Silver,Fall,4.2
13850,Shirt,Clothing,L,Silver,Fall,3.6
13851,Hoodie,Clothing,M,Silver,Summer,3.8
13852,Scarf,Accessories,M,Peach,Winter,3.8
13853,Skirt,Clothing,S,Pink,Spring,4.2
13854,Skirt,Clothing,S,Violet,Summer,2.7
13855,Scarf,Accessories,M,Black,Fall,5
13856,Sunglasses,Accessories,M,Purple,Fall,4.7
13857,Sandals,Footwear,S,Black,Summer,3.2
13858,Hoodie,Clothing,XL,Peach,Spring,2.9
13859,Jacket,Outerwear,S,Magenta,Winter,4.2
13860,Pants,Clothing,M,Magenta,Spring,3.7
13861,Shirt,Clothing,S,Black,Spring,4.2
13862,Blouse,Clothing,XL,Pink,Winter,2.6
13863,Skirt,Clothing,L,Olive,Summer,4
13864,Sunglasses,Accessories,XL,Olive,Winter,2.7
13865,Belt,Accessories,L,Peach,Summer,4
13866,Gloves,Accessories,S,Silver,Spring,2.9
13867,Pants,Clothing,M,Turquoise,Spring,3.3
13868,Scarf,Accessories,L,Olive,Spring,4
13869,T-shirt,Clothing,S,Lavender,Summer,3.9
13870,Shoes,Footwear,M,Red,Summer,3.3
13871,Pants,Clothing,M,Gray,Spring,3.9
13872,Gloves,Accessories,M,Magenta,Fall,3.9
13873,Socks,Clothing,L,Maroon,Summer,4.2
13874,Sneakers,Footwear,M,Cyan,Summer,4.6
13875,Shorts,Clothing,L,Cyan,Summer,3.3
13876,Blouse,Clothing,L,Lavender,Fall,4.8
13877,Coat,Outerwear,S,Pink,Fall,4.1
13878,Sunglasses,Accessories,M,Gray,Summer,3.4
13879,Shorts,Clothing,L,Yellow,Winter,3.6
13880,Dress,Clothing,M,Pink,Summer,2.7
13881,Handbag,Accessories,XL,Indigo,Summer,3.2
13882,Boots,Footwear,L,Gray,Summer,4.4
13883,Pants,Clothing,L,Yellow,Spring,4.9
13884,Boots,Footwear,XL,Olive,Fall,4.8
13885,Skirt,Clothing,M,Cyan,Summer,2.8
13886,Sneakers,Footwear,L,Silver,Fall,2.9
13887,Jewelry,Accessories,L,Silver,Winter,3.2
13888,T-shirt,Clothing,L,Red,Winter,3.5
13889,Sandals,Footwear,S,Brown,Winter,4.1
13890,Boots,Footwear,M,Orange,Summer,4.1
13891,Coat,Outerwear,M,Black,Summer,4.8
13892,Belt,Accessories,L,Teal,Spring,2.8
13893,Sunglasses,Accessories,M,Yellow,Fall,4.7
13894,Sandals,Footwear,XL,Gray,Winter,4.8
13895,Boots,Footwear,M,Maroon,Spring,2.9
13896,Hoodie,Clothing,M,Olive,Summer,2.6
13897,Hat,Accessories,S,Charcoal,Fall,3.3
13898,Shorts,Clothing,M,Peach,Winter,3.4
13899,Backpack,Accessories,M,Maroon,Spring,3.6
13900,Shorts,Clothing,L,Olive,Spring,3.8
13901,Belt,Accessories,M,Magenta,Spring,3.4
13902,Shorts,Clothing,S,Yellow,Spring,3.8
13903,Socks,Clothing,L,Indigo,Fall,3.3
13904,Shoes,Footwear,L,Olive,Summer,4.8
13905,Sneakers,Footwear,L,Maroon,Winter,3.9
13906,Backpack,Accessories,M,Indigo,Summer,4.2
13907,Dress,Clothing,M,Gray,Summer,4.7
13908,Boots,Footwear,M,Gray,Winter,2.7
13909,Socks,Clothing,M,Black,Winter,3.8
13910,Dress,Clothing,M,White,Fall,3.6
13911,Handbag,Accessories,XL,Turquoise,Spring,2.9
13912,Blouse,Clothing,M,Orange,Fall,3.9
13913,Belt,Accessories,L,Yellow,Summer,4.7
13914,Pants,Clothing,L,Blue,Winter,3.3
13915,Sneakers,Footwear,XL,Violet,Spring,4.2
13916,Boots,Footwear,L,Lavender,Summer,2.6
13917,Sunglasses,Accessories,M,Olive,Spring,4.9
13918,Hat,Accessories,M,Orange,Fall,3.6
13919,Coat,Outerwear,M,White,Spring,4.7
13920,Jacket,Outerwear,L,Red,Winter,3.2
13921,Hoodie,Clothing,M,Magenta,Summer,3.6
13922,Boots,Footwear,M,Violet,Fall,3.6
13923,T-shirt,Clothing,XL,Olive,Winter,3.2
13924,Sweater,Clothing,L,Silver,Summer,2.8
13925,Shoes,Footwear,L,Gray,Fall,4
13926,Scarf,Accessories,XL,Olive,Winter,4.4
13927,Dress,Clothing,L,Beige,Spring,3.4
13928,Jacket,Outerwear,S,Turquoise,Spring,5
13929,Shoes,Footwear,S,Blue,Spring,3.1
13930,Backpack,Accessories,M,Pink,Fall,4.2
13931,Dress,Clothing,M,Teal,Summer,3.3
13932,Shirt,Clothing,S,Cyan,Winter,2.9
13933,Jacket,Outerwear,L,Purple,Summer,4.7
13934,Sunglasses,Accessories,L,Red,Spring,4
13935,Jacket,Outerwear,L,Brown,Fall,4.6
13936,Coat,Outerwear,M,Magenta,Fall,3.8
13937,Sweater,Clothing,S,Olive,Winter,3.6
13938,Sneakers,Footwear,XL,Pink,Winter,4.1
13939,Shoes,Footwear,L,Black,Spring,2.7
13940,Sunglasses,Accessories,XL,Beige,Winter,4.3
13941,Shorts,Clothing,M,Peach,Winter,4.9
13942,Hoodie,Clothing,S,Peach,Fall,4.2
13943,Scarf,Accessories,M,Peach,Spring,2.8
13944,Sandals,Footwear,S,Teal,Spring,4.9
13945,Hat,Accessories,M,Green,Spring,2.8
13946,Shoes,Footwear,XL,Brown,Summer,2.9
13947,Sneakers,Footwear,M,Brown,Spring,2.5
13948,Backpack,Accessories,S,Violet,Summer,2.7
13949,Belt,Accessories,L,Blue,Winter,3.3
13950,Shirt,Clothing,L,Charcoal,Winter,3.7
13951,Skirt,Clothing,M,Pink,Winter,4
13952,Gloves,Accessories,S,Violet,Summer,4.1
13953,Gloves,Accessories,M,Teal,Winter,4.1
13954,Handbag,Accessories,M,Red,Summer,2.5
13955,Socks,Clothing,L,Orange,Winter,4.2
13956,Backpack,Accessories,M,Magenta,Summer,4.7
13957,Jeans,Clothing,XL,Yellow,Summer,2.7
13958,Skirt,Clothing,M,Yellow,Spring,3
13959,Hoodie,Clothing,M,Pink,Spring,4.8
13960,Jewelry,Accessories,S,Indigo,Spring,4.4
13961,Sneakers,Footwear,M,Charcoal,Summer,4.3
13962,Shirt,Clothing,XL,Blue,Winter,2.5
13963,Sunglasses,Accessories,M,Lavender,Summer,4.9
13964,Dress,Clothing,L,Yellow,Fall,4.9
13965,Shoes,Footwear,M,Black,Spring,3.9
13966,Belt,Accessories,S,Beige,Fall,4.1
13967,Shirt,Clothing,M,Silver,Winter,3.3
13968,Boots,Footwear,M,Magenta,Summer,4.1
13969,Hoodie,Clothing,M,Orange,Fall,3.7
13970,Jeans,Clothing,M,Teal,Winter,3.1
13971,Jacket,Outerwear,L,Turquoise,Spring,3
13972,Jacket,Outerwear,M,Cyan,Spring,3.4
13973,Sandals,Footwear,L,Pink,Spring,2.7
13974,Dress,Clothing,S,Indigo,Fall,3.1
13975,Sweater,Clothing,S,Peach,Winter,4
13976,Gloves,Accessories,M,Beige,Spring,3.6
13977,Sunglasses,Accessories,L,Gold,Summer,3.6
13978,Belt,Accessories,M,Indigo,Winter,3.3
13979,Hat,Accessories,L,Violet,Winter,4.1
13980,Hat,Accessories,XL,Brown,Fall,4.3
13981,Blouse,Clothing,M,Purple,Summer,3.2
13982,Shoes,Footwear,M,Turquoise,Summer,3.9
13983,Skirt,Clothing,S,Violet,Fall,5
13984,Sneakers,Footwear,M,Purple,Fall,3.4
13985,T-shirt,Clothing,M,Charcoal,Fall,3.8
13986,Handbag,Accessories,M,Green,Fall,2.9
13987,Sweater,Clothing,XL,White,Spring,2.6
13988,Gloves,Accessories,M,Purple,Summer,4.3
13989,Dress,Clothing,M,Cyan,Winter,2.8
13990,Dress,Clothing,M,Green,Spring,4.5
13991,Blouse,Clothing,M,Beige,Spring,3.8
13992,Shirt,Clothing,L,Lavender,Fall,3
13993,Boots,Footwear,S,Blue,Fall,3.3
13994,Jacket,Outerwear,S,Beige,Summer,3.1
13995,Backpack,Accessories,L,Blue,Spring,3.5
13996,Pants,Clothing,S,Maroon,Spring,4.6
13997,Boots,Footwear,L,Yellow,Fall,4.1
13998,Socks,Clothing,L,Red,Fall,3.6
13999,Scarf,Accessories,L,Green,Fall,2.9
14000,Blouse,Clothing,M,Magenta,Fall,4.8
14001,Belt,Accessories,L,Yellow,Spring,3.2
14002,Sunglasses,Accessories,L,Blue,Winter,4.3
14003,Boots,Footwear,M,Charcoal,Winter,4.1
14004,Sandals,Footwear,M,Blue,Spring,4.6
14005,Gloves,Accessories,S,Cyan,Spring,3.8
14006,Skirt,Clothing,M,Silver,Spring,4.5
14007,Skirt,Clothing,M,Black,Winter,3.1
14008,Blouse,Clothing,S,Green,Summer,2.9
14009,Handbag,Accessories,M,Violet,Spring,3.8
14010,Boots,Footwear,XL,Pink,Spring,4.1
14011,Boots,Footwear,M,Olive,Summer,3.1
14012,Sweater,Clothing,L,Orange,Fall,5
14013,Socks,Clothing,M,Black,Spring,4.5
14014,Gloves,Accessories,M,Yellow,Fall,2.8
14015,Shorts,Clothing,L,Violet,Winter,3.2
14016,Boots,Footwear,M,Silver,Spring,3.1
14017,Jacket,Outerwear,M,Gold,Fall,3.3
14018,Scarf,Accessories,M,Magenta,Winter,3.4
14019,Jacket,Outerwear,M,Red,Winter,3.8
14020,Jewelry,Accessories,M,Green,Winter,3.5
14021,Hoodie,Clothing,XL,Red,Winter,4.8
14022,T-shirt,Clothing,L,Pink,Spring,3.9
14023,Shirt,Clothing,L,Violet,Fall,3.4
14024,Shirt,Clothing,M,Indigo,Winter,2.6
14025,Coat,Outerwear,L,Red,Fall,3.1
14026,T-shirt,Clothing,M,Violet,Winter,3.3
14027,Hoodie,Clothing,M,Cyan,Spring,2.8
14028,Sunglasses,Accessories,S,Black,Fall,4.3
14029,Blouse,Clothing,L,Purple,Spring,2.7
14030,Hoodie,Clothing,M,Charcoal,Spring,4.4
14031,Skirt,Clothing,M,Beige,Spring,3.9
14032,Shorts,Clothing,XL,Teal,Summer,3
14033,Jeans,Clothing,M,Purple,Summer,4
14034,Jacket,Outerwear,M,Blue,Fall,3.7
14035,Hoodie,Clothing,XL,Magenta,Fall,3.8
14036,Shirt,Clothing,S,Maroon,Summer,3.3
14037,T-shirt,Clothing,L,Gold,Winter,3.6
14038,Blouse,Clothing,L,Black,Fall,3.9
14039,Skirt,Clothing,M,Black,Spring,3.5
14040,Backpack,Accessories,XL,Yellow,Winter,3.4
14041,Shorts,Clothing,M,Turquoise,Fall,4.7
14042,Shirt,Clothing,L,Lavender,Spring,3
14043,Backpack,Accessories,L,Yellow,Summer,3.9
14044,Shoes,Footwear,L,Olive,Summer,4.5
14045,Skirt,Clothing,S,Brown,Fall,4.1
14046,Dress,Clothing,M,Olive,Summer,4.5
14047,Hat,Accessories,M,Purple,Fall,4
14048,Handbag,Accessories,M,Yellow,Winter,4.3
14049,Handbag,Accessories,L,Brown,Fall,3.6
14050,Blouse,Clothing,M,Magenta,Fall,3.1
14051,Scarf,Accessories,L,Lavender,Fall,2.6
14052,Jewelry,Accessories,XL,Teal,Fall,3.4
14053,Skirt,Clothing,L,Cyan,Spring,2.9
14054,Hoodie,Clothing,L,Pink,Winter,5
14055,Scarf,Accessories,M,Magenta,Summer,4.6
14056,Jeans,Clothing,M,Teal,Fall,3.3
14057,Jacket,Outerwear,M,Indigo,Fall,2.9
14058,T-shirt,Clothing,S,Pink,Winter,4.9
14059,Pants,Clothing,M,Charcoal,Winter,5
14060,Shoes,Footwear,M,Brown,Summer,4.5
14061,Jacket,Outerwear,M,Blue,Fall,3.7
14062,Scarf,Accessories,L,Teal,Summer,2.8
14063,T-shirt,Clothing,L,Pink,Spring,3.5
14064,Dress,Clothing,XL,Magenta,Winter,3
14065,Coat,Outerwear,L,Green,Fall,4.3
14066,Sweater,Clothing,M,White,Summer,3.6
14067,Hat,Accessories,M,Indigo,Summer,4.4
14068,Backpack,Accessories,L,Lavender,Summer,4.1
14069,Socks,Clothing,XL,Black,Fall,2.8
14070,Jewelry,Accessories,L,Charcoal,Winter,2.8
14071,Boots,Footwear,L,Gray,Fall,4.9
14072,Coat,Outerwear,M,Gold,Spring,4.1
14073,Sweater,Clothing,M,Silver,Spring,3
14074,Blouse,Clothing,L,Teal,Summer,3
14075,Belt,Accessories,M,Magenta,Spring,3
14076,Hat,Accessories,M,Magenta,Winter,3.2
14077,Sandals,Footwear,M,Beige,Fall,2.7
14078,Boots,Footwear,S,Maroon,Winter,3.8
14079,Jacket,Outerwear,M,Indigo,Winter,3.5
14080,Dress,Clothing,S,Maroon,Spring,3.8
14081,Jeans,Clothing,L,Teal,Summer,3.8
14082,Shorts,Clothing,L,Yellow,Fall,3.4
14083,Shirt,Clothing,M,Gold,Spring,2.9
14084,Coat,Outerwear,M,Teal,Fall,3.4
14085,Coat,Outerwear,S,Violet,Summer,4.7
14086,T-shirt,Clothing,M,Yellow,Fall,3.9
14087,Sweater,Clothing,S,Maroon,Fall,3.6
14088,Skirt,Clothing,M,Silver,Fall,3.7
14089,Blouse,Clothing,S,Violet,Summer,3.1
14090,Sneakers,Footwear,L,White,Summer,4.9
14091,Backpack,Accessories,M,Black,Winter,2.6
14092,Socks,Clothing,M,White,Summer,4.2
14093,Jewelry,Accessories,M,Blue,Winter,4.8
14094,Shorts,Clothing,S,Black,Summer,2.7
14095,Jewelry,Accessories,L,Olive,Fall,2.6
14096,Sweater,Clothing,M,Teal,Spring,2.6
14097,Shirt,Clothing,L,Silver,Summer,3.1
14098,Pants,Clothing,M,Pink,Fall,2.6
14099,Hoodie,Clothing,M,Charcoal,Spring,3.4
14100,Socks,Clothing,M,Silver,Summer,3.6
14101,Dress,Clothing,L,Turquoise,Summer,4.3
14102,Blouse,Clothing,XL,Turquoise,Winter,4.9
14103,Skirt,Clothing,L,Beige,Winter,4.8
14104,Backpack,Accessories,M,Cyan,Winter,4.2
14105,Blouse,Clothing,L,Gold,Winter,2.6
14106,Socks,Clothing,XL,Silver,Spring,3.2
14107,Boots,Footwear,M,Purple,Summer,3.4
14108,Backpack,Accessories,M,Yellow,Summer,3.5
14109,Hat,Accessories,L,Blue,Spring,4.2
14110,Sandals,Footwear,L,Blue,Winter,2.8
14111,Hoodie,Clothing,L,Green,Spring,5
14112,Sunglasses,Accessories,M,Charcoal,Fall,3.3
14113,Jeans,Clothing,M,Violet,Winter,3.7
14114,T-shirt,Clothing,XL,Black,Winter,2.5
14115,Dress,Clothing,M,Teal,Spring,3.2
14116,Belt,Accessories,S,Orange,Spring,3.1
14117,Jewelry,Accessories,S,Brown,Spring,3.5
14118,Hoodie,Clothing,L,Green,Summer,4.6
14119,Blouse,Clothing,M,Silver,Summer,3.3
14120,Jacket,Outerwear,L,Violet,Fall,2.5
14121,Sneakers,Footwear,XL,Peach,Summer,4.6
14122,Boots,Footwear,M,Gold,Spring,4.2
14123,Blouse,Clothing,XL,Violet,Winter,4
14124,Blouse,Clothing,L,Olive,Winter,2.6
14125,Boots,Footwear,S,Orange,Spring,4.6
14126,Scarf,Accessories,S,Teal,Spring,3.5
14127,Sandals,Footwear,M,Gray,Spring,4
14128,Sunglasses,Accessories,L,Black,Winter,4.8
14129,Coat,Outerwear,M,Indigo,Spring,3.9
14130,Sunglasses,Accessories,XL,Lavender,Summer,3.7
14131,Blouse,Clothing,M,Beige,Winter,3.1
14132,Backpack,Accessories,M,Indigo,Winter,3
14133,Belt,Accessories,M,Blue,Summer,2.9
14134,Socks,Clothing,XL,Orange,Fall,2.9
14135,Shoes,Footwear,M,Yellow,Winter,4
14136,Coat,Outerwear,L,Cyan,Winter,3.5
14137,Sweater,Clothing,M,Yellow,Fall,3.8
14138,Shirt,Clothing,M,Cyan,Fall,4.5
14139,Shorts,Clothing,M,Green,Winter,2.7
14140,Shirt,Clothing,XL,White,Winter,2.9
14141,Sunglasses,Accessories,S,Black,Fall,4.9
14142,Shoes,Footwear,L,Charcoal,Winter,3.8
14143,Sunglasses,Accessories,XL,Brown,Spring,4.9
14144,Handbag,Accessories,M,Cyan,Fall,4.6
14145,Sunglasses,Accessories,L,Beige,Winter,3.5
14146,Shirt,Clothing,M,Magenta,Spring,4.2
14147,Shirt,Clothing,L,Indigo,Winter,3.7
14148,Sweater,Clothing,M,Maroon,Spring,2.8
14149,Handbag,Accessories,M,Gray,Winter,4.8
14150,Shirt,Clothing,M,Black,Summer,2.7
14151,Jewelry,Accessories,L,Yellow,Spring,3.6
14152,Socks,Clothing,XL,White,Winter,4.5
14153,T-shirt,Clothing,M,Orange,Spring,4
14154,Jewelry,Accessories,M,Magenta,Fall,4.5
14155,Backpack,Accessories,L,Black,Spring,3.9
14156,Hat,Accessories,M,Brown,Summer,3.8
14157,Gloves,Accessories,M,Orange,Fall,4.7
14158,Sneakers,Footwear,XL,Gray,Spring,4.6
14159,Skirt,Clothing,M,White,Spring,3.6
14160,Handbag,Accessories,M,White,Spring,4.3
14161,Sunglasses,Accessories,M,Violet,Fall,3
14162,Sweater,Clothing,M,Beige,Winter,4.3
14163,Handbag,Accessories,L,Beige,Summer,4.8
14164,Skirt,Clothing,L,Purple,Spring,3.7
14165,Socks,Clothing,M,Brown,Summer,2.6
14166,Shirt,Clothing,M,Orange,Spring,3.4
14167,Sneakers,Footwear,XL,Cyan,Summer,3.9
14168,Belt,Accessories,M,Charcoal,Summer,4.8
14169,Pants,Clothing,L,Purple,Spring,2.8
14170,Jewelry,Accessories,L,Peach,Spring,4.4
14171,Pants,Clothing,M,Violet,Winter,3.1
14172,Jewelry,Accessories,M,Peach,Spring,3.8
14173,Jeans,Clothing,S,Maroon,Winter,4.1
14174,Scarf,Accessories,L,Maroon,Fall,4.6
14175,Belt,Accessories,M,Peach,Spring,4.9
14176,Dress,Clothing,M,Silver,Summer,4.8
14177,T-shirt,Clothing,M,Indigo,Winter,3.9
14178,Boots,Footwear,M,Silver,Winter,2.6
14179,Dress,Clothing,M,Olive,Fall,3.7
14180,Jewelry,Accessories,S,Gray,Fall,4.7
14181,Skirt,Clothing,M,Black,Summer,4.5
14182,Handbag,Accessories,L,Maroon,Summer,4.7
14183,Coat,Outerwear,S,Olive,Spring,3.6
14184,Hoodie,Clothing,S,Gold,Fall,2.8
14185,Pants,Clothing,L,Pink,Fall,4
14186,Boots,Footwear,M,Brown,Spring,3.6
14187,Coat,Outerwear,S,White,Fall,3.8
14188,Scarf,Accessories,M,Blue,Summer,4.4
14189,Boots,Footwear,L,Orange,Fall,2.8
14190,Sneakers,Footwear,L,Silver,Summer,3.4
14191,Sweater,Clothing,S,Gray,Fall,4.9
14192,Belt,Accessories,S,Blue,Fall,4.3
14193,Jewelry,Accessories,M,White,Winter,3.4
14194,Handbag,Accessories,L,Yellow,Fall,3.9
14195,Jacket,Outerwear,S,Indigo,Fall,4.2
14196,Boots,Footwear,M,Blue,Summer,2.7
14197,Sneakers,Footwear,XL,Peach,Summer,4.1
14198,Scarf,Accessories,XL,Lavender,Winter,4.5
14199,Coat,Outerwear,M,Silver,Summer,2.8
14200,Shorts,Clothing,L,Gold,Winter,3.4
14201,Shorts,Clothing,S,Cyan,Spring,3.9
14202,Jeans,Clothing,L,Olive,Fall,2.6
14203,Gloves,Accessories,L,Teal,Fall,4.4
14204,Pants,Clothing,L,Pink,Winter,4.9
14205,Dress,Clothing,M,Orange,Summer,3.6
14206,Pants,Clothing,M,Charcoal,Winter,2.8
14207,Gloves,Accessories,L,Red,Spring,4.3
14208,Belt,Accessories,S,Teal,Summer,3
14209,Belt,Accessories,S,Silver,Summer,3.3
14210,Skirt,Clothing,L,Black,Winter,2.5
14211,Socks,Clothing,S,Pink,Spring,5
14212,Belt,Accessories,XL,Teal,Summer,4.3
14213,Shirt,Clothing,M,Teal,Fall,4.2
14214,Dress,Clothing,L,Green,Summer,3.9
14215,Socks,Clothing,M,Charcoal,Spring,3.9
14216,Jacket,Outerwear,L,Indigo,Spring,4.2
14217,Sweater,Clothing,S,White,Winter,3.5
14218,Jeans,Clothing,M,Orange,Summer,2.5
14219,Jewelry,Accessories,M,White,Spring,2.9
14220,Sweater,Clothing,S,Yellow,Spring,2.7
14221,Hoodie,Clothing,M,Red,Summer,4.7
14222,Sunglasses,Accessories,S,Charcoal,Winter,3.8
14223,Sandals,Footwear,M,Lavender,Winter,3.7
14224,Coat,Outerwear,L,Charcoal,Summer,4.7
14225,Belt,Accessories,M,Maroon,Fall,3.6
14226,Blouse,Clothing,M,Brown,Fall,2.8
14227,Skirt,Clothing,M,Lavender,Winter,3.7
14228,Shorts,Clothing,XL,Brown,Spring,3.5
14229,Dress,Clothing,M,Olive,Summer,3.7
14230,Sunglasses,Accessories,L,Lavender,Winter,3
14231,Shoes,Footwear,M,Gold,Winter,4.9
14232,Belt,Accessories,M,Silver,Winter,4.6
14233,Belt,Accessories,M,Violet,Winter,3.3
14234,Belt,Accessories,S,Brown,Summer,3
14235,Belt,Accessories,M,Teal,Fall,3.5
14236,Skirt,Clothing,L,Peach,Summer,4.2
14237,T-shirt,Clothing,M,Maroon,Spring,4.5
14238,Scarf,Accessories,XL,Lavender,Spring,2.8
14239,Blouse,Clothing,L,Lavender,Summer,4.9
14240,Sunglasses,Accessories,S,Purple,Summer,3.3
14241,Boots,Footwear,M,Green,Summer,3
14242,Jacket,Outerwear,M,Yellow,Winter,3.9
14243,Jeans,Clothing,S,Charcoal,Fall,2.8
14244,Sunglasses,Accessories,S,Blue,Summer,4.5
14245,Sandals,Footwear,M,Lavender,Fall,4
14246,Backpack,Accessories,M,Brown,Summer,2.9
14247,Blouse,Clothing,S,White,Spring,4
14248,Shoes,Footwear,XL,Green,Summer,3.4
14249,Shirt,Clothing,L,Magenta,Fall,2.5
14250,Hoodie,Clothing,XL,Peach,Winter,2.8
14251,Dress,Clothing,L,Charcoal,Summer,3
14252,Dress,Clothing,M,Gold,Summer,3.1
14253,Sneakers,Footwear,XL,Purple,Spring,2.6
14254,Blouse,Clothing,L,Teal,Summer,4.9
14255,Backpack,Accessories,XL,Green,Summer,3.5
14256,Sweater,Clothing,L,Orange,Spring,2.6
14257,Boots,Footwear,L,Peach,Spring,3.5
14258,Handbag,Accessories,M,Gold,Spring,4.5
14259,Hoodie,Clothing,S,Violet,Spring,4.3
14260,Belt,Accessories,L,Charcoal,Summer,4.8
14261,Jewelry,Accessories,M,Brown,Summer,4.2
14262,Blouse,Clothing,L,Blue,Spring,3.2
14263,Handbag,Accessories,M,Gold,Fall,4.1
14264,Handbag,Accessories,M,Orange,Winter,4
14265,Coat,Outerwear,L,Turquoise,Winter,2.9
14266,Belt,Accessories,S,Peach,Fall,2.6
14267,Boots,Footwear,M,Magenta,Winter,2.7
14268,Socks,Clothing,L,Black,Winter,4.6
14269,Shoes,Footwear,M,White,Spring,3.2
14270,Sneakers,Footwear,M,Violet,Fall,4.1
14271,Jewelry,Accessories,M,Olive,Summer,3.9
14272,Handbag,Accessories,L,Red,Summer,3
14273,Coat,Outerwear,S,Green,Spring,3.6
14274,Sunglasses,Accessories,L,Gold,Summer,4.6
14275,Shoes,Footwear,XL,Olive,Spring,4.5
14276,Shoes,Footwear,L,Brown,Winter,3.2
14277,Boots,Footwear,S,Magenta,Summer,4.9
14278,Sandals,Footwear,M,Violet,Fall,5
14279,Gloves,Accessories,M,Beige,Spring,3.8
14280,Backpack,Accessories,M,Blue,Spring,3.4
14281,Handbag,Accessories,S,Orange,Winter,3.8
14282,Sweater,Clothing,L,Maroon,Spring,3.2
14283,Coat,Outerwear,S,Charcoal,Summer,4.7
14284,T-shirt,Clothing,L,Olive,Fall,4.5
14285,Backpack,Accessories,L,Green,Fall,3.3
14286,Sunglasses,Accessories,L,Brown,Winter,3.9
14287,Belt,Accessories,S,Cyan,Winter,3.6
14288,Jacket,Outerwear,M,Beige,Fall,2.8
14289,Skirt,Clothing,L,Teal,Summer,4.3
14290,Belt,Accessories,S,Gray,Spring,3.5
14291,Boots,Footwear,M,Indigo,Winter,4.2
14292,Jeans,Clothing,L,Magenta,Spring,4.6
14293,Shoes,Footwear,XL,Red,Fall,2.6
14294,Sweater,Clothing,L,Turquoise,Spring,3.4
14295,Jewelry,Accessories,L,Peach,Spring,3.1
14296,Shirt,Clothing,L,White,Winter,3.6
14297,Boots,Footwear,L,Maroon,Winter,4.2
14298,Shorts,Clothing,XL,Beige,Winter,3.6
14299,Handbag,Accessories,M,Blue,Summer,3.6
14300,Sweater,Clothing,S,Red,Spring,3
14301,Belt,Accessories,M,Blue,Spring,2.5
14302,Belt,Accessories,M,Maroon,Fall,4
14303,Hoodie,Clothing,L,Yellow,Spring,4.1
14304,Sneakers,Footwear,L,Pink,Winter,4.9
14305,T-shirt,Clothing,M,Maroon,Spring,4
14306,Pants,Clothing,S,Purple,Summer,3.5
14307,Scarf,Accessories,S,Indigo,Spring,3.2
14308,Sweater,Clothing,L,Gray,Winter,2.8
14309,Handbag,Accessories,M,Lavender,Summer,3.5
14310,Shirt,Clothing,M,Charcoal,Spring,3.1
14311,Dress,Clothing,M,Teal,Spring,3.3
14312,Sandals,Footwear,L,Blue,Fall,4.6
14313,Shirt,Clothing,M,Peach,Summer,4.9
14314,Dress,Clothing,L,Orange,Winter,3.4
14315,Sunglasses,Accessories,L,Silver,Fall,3.5
14316,Socks,Clothing,L,Red,Summer,4.8
14317,Sandals,Footwear,M,Gray,Summer,2.7
14318,Hat,Accessories,S,Beige,Fall,3.4
14319,Shirt,Clothing,L,White,Winter,3.5
14320,Shoes,Footwear,M,Silver,Fall,3.7
14321,Pants,Clothing,L,Cyan,Summer,3.3
14322,Shirt,Clothing,S,Maroon,Fall,2.9
14323,Hat,Accessories,L,Purple,Winter,3.9
14324,Jewelry,Accessories,S,Brown,Summer,2.7
14325,Jacket,Outerwear,M,Green,Summer,4.3
14326,Shirt,Clothing,S,Peach,Winter,3
14327,Pants,Clothing,S,Turquoise,Summer,5
14328,Skirt,Clothing,M,Olive,Fall,2.7
14329,Sandals,Footwear,M,Yellow,Winter,4.7
14330,Blouse,Clothing,L,Gray,Winter,4.6
14331,Socks,Clothing,M,Purple,Fall,3.2
14332,Jacket,Outerwear,M,Gray,Winter,4.3
14333,Handbag,Accessories,L,Lavender,Fall,4.6
14334,Belt,Accessories,XL,Indigo,Spring,4.9
14335,Blouse,Clothing,S,Green,Fall,3.8
14336,Shirt,Clothing,L,Green,Summer,2.6
14337,Handbag,Accessories,M,Olive,Spring,4.7
14338,Scarf,Accessories,M,Charcoal,Fall,4.1
14339,Coat,Outerwear,L,Gray,Spring,3.7
14340,Hoodie,Clothing,M,Olive,Fall,3
14341,Shorts,Clothing,L,Blue,Summer,4.7
14342,Sandals,Footwear,XL,Silver,Winter,4.7
14343,Shirt,Clothing,M,Magenta,Fall,4
14344,Hoodie,Clothing,L,Black,Fall,2.6
14345,Socks,Clothing,M,Pink,Fall,3
14346,Handbag,Accessories,XL,Red,Fall,3.3
14347,Jewelry,Accessories,M,Peach,Summer,3.4
14348,Coat,Outerwear,L,Lavender,Spring,4
14349,Sunglasses,Accessories,L,Lavender,Winter,2.6
14350,Gloves,Accessories,M,Beige,Winter,3.4
14351,Jacket,Outerwear,S,Indigo,Fall,4.4
14352,Sandals,Footwear,S,Cyan,Summer,4.7
14353,Pants,Clothing,M,Yellow,Summer,4.5
14354,Jacket,Outerwear,M,Peach,Fall,2.9
14355,Sweater,Clothing,M,Yellow,Summer,4.2
14356,T-shirt,Clothing,M,Orange,Spring,4.1
14357,Boots,Footwear,L,Gray,Spring,4.4
14358,Shoes,Footwear,L,Yellow,Spring,4.7
14359,Skirt,Clothing,M,Gray,Fall,3.1
14360,Coat,Outerwear,M,Turquoise,Spring,2.7
14361,Blouse,Clothing,L,Gray,Fall,4.6
14362,Sunglasses,Accessories,M,Olive,Winter,4.4
14363,Gloves,Accessories,XL,Peach,Summer,4.6
14364,Sunglasses,Accessories,S,Peach,Winter,4.9
14365,Sneakers,Footwear,L,Magenta,Winter,4
14366,Hoodie,Clothing,M,Purple,Summer,2.9
14367,Boots,Footwear,L,Beige,Spring,2.6
14368,Handbag,Accessories,XL,Purple,Spring,4.6
14369,Shirt,Clothing,S,Yellow,Winter,4.9
14370,Sweater,Clothing,M,Pink,Winter,4.3
14371,Shorts,Clothing,L,Purple,Fall,4.3
14372,Belt,Accessories,M,Lavender,Winter,4.6
14373,Blouse,Clothing,M,Peach,Spring,2.6
14374,T-shirt,Clothing,L,Orange,Fall,3.1
14375,Belt,Accessories,M,Red,Fall,3.1
14376,Socks,Clothing,L,Red,Fall,3.1
14377,Belt,Accessories,M,Gold,Winter,4.4
14378,Handbag,Accessories,M,Brown,Fall,4.3
14379,Shirt,Clothing,M,Black,Winter,3.1
14380,Belt,Accessories,L,Red,Fall,3.1
14381,Jewelry,Accessories,M,Gray,Winter,4.9
14382,Hat,Accessories,L,Pink,Winter,2.9
14383,Backpack,Accessories,XL,Turquoise,Fall,3.8
14384,Dress,Clothing,S,Charcoal,Winter,4.2
14385,Shoes,Footwear,L,Blue,Winter,3.9
14386,Pants,Clothing,XL,Turquoise,Summer,2.8
14387,Dress,Clothing,L,Silver,Winter,2.6
14388,Jacket,Outerwear,M,Lavender,Spring,3
14389,Shirt,Clothing,M,Gold,Winter,2.7
14390,Dress,Clothing,M,Blue,Fall,2.8
14391,Jeans,Clothing,M,Orange,Spring,2.9
14392,T-shirt,Clothing,M,White,Fall,3.8
14393,Sunglasses,Accessories,XL,Charcoal,Spring,4.4
14394,Jewelry,Accessories,M,Maroon,Spring,3.1
14395,Socks,Clothing,M,Olive,Fall,3.7
14396,Skirt,Clothing,L,Teal,Summer,4.9
14397,Pants,Clothing,L,Orange,Winter,3.8
14398,Socks,Clothing,M,Maroon,Fall,3.4
14399,Sandals,Footwear,XL,Turquoise,Spring,4.6
14400,Belt,Accessories,L,Beige,Fall,3.2
14401,Sandals,Footwear,L,Beige,Spring,2.7
14402,Shorts,Clothing,M,Olive,Spring,4.3
14403,Handbag,Accessories,L,Turquoise,Fall,3.8
14404,Jacket,Outerwear,M,Charcoal,Summer,4.4
14405,Sunglasses,Accessories,L,Green,Fall,3.6
14406,Sneakers,Footwear,M,Green,Winter,3.5
14407,Sweater,Clothing,L,Green,Spring,4.2
14408,Skirt,Clothing,L,Gold,Fall,4.7
14409,Jewelry,Accessories,S,Cyan,Winter,4.8
14410,Blouse,Clothing,L,Indigo,Winter,3.2
14411,Blouse,Clothing,M,Lavender,Winter,3.5
14412,Boots,Footwear,M,Beige,Summer,4.2
14413,Jeans,Clothing,S,Purple,Fall,3.4
14414,Hoodie,Clothing,XL,Maroon,Winter,4.7
14415,Sweater,Clothing,S,Maroon,Fall,3
14416,Gloves,Accessories,L,Teal,Winter,4
14417,Sneakers,Footwear,L,Gold,Summer,4.6
14418,Sunglasses,Accessories,S,Red,Spring,4.9
14419,Belt,Accessories,L,Maroon,Winter,2.8
14420,Sweater,Clothing,M,Teal,Spring,3.2
14421,Gloves,Accessories,L,Peach,Winter,2.8
14422,Handbag,Accessories,XL,Pink,Winter,4.2
14423,Socks,Clothing,L,Black,Spring,4.8
14424,Pants,Clothing,S,Indigo,Fall,2.8
14425,Scarf,Accessories,L,Green,Fall,4.5
14426,Coat,Outerwear,L,Teal,Spring,4.1
14427,Jacket,Outerwear,XL,Lavender,Fall,4.3
14428,Hoodie,Clothing,XL,Magenta,Fall,4.4
14429,Boots,Footwear,M,Brown,Winter,3
14430,Socks,Clothing,XL,Beige,Summer,2.7
14431,Jewelry,Accessories,L,Indigo,Winter,3.3
14432,Shoes,Footwear,L,Peach,Fall,4.3
14433,Socks,Clothing,M,Magenta,Summer,2.9
14434,Pants,Clothing,L,Turquoise,Winter,4.9
14435,Sneakers,Footwear,M,Indigo,Winter,3.6
14436,Sunglasses,Accessories,M,Brown,Winter,3.3
14437,Skirt,Clothing,M,Yellow,Spring,3.1
14438,Coat,Outerwear,M,Magenta,Summer,2.7
14439,Hoodie,Clothing,S,Olive,Winter,3.4
14440,Sunglasses,Accessories,M,Silver,Fall,3.4
14441,Skirt,Clothing,M,Teal,Fall,3.9
14442,Coat,Outerwear,L,White,Summer,3.5
14443,Handbag,Accessories,M,Blue,Fall,4.1
14444,T-shirt,Clothing,M,Yellow,Winter,3.2
14445,Sunglasses,Accessories,S,Maroon,Fall,4.6
14446,Shirt,Clothing,S,Gray,Spring,3.9
14447,Hoodie,Clothing,L,Indigo,Winter,2.7
14448,Blouse,Clothing,M,Pink,Fall,3
14449,Sneakers,Footwear,XL,Beige,Spring,3.3
14450,Scarf,Accessories,XL,White,Fall,2.7
14451,Jewelry,Accessories,M,Yellow,Spring,4.6
14452,Pants,Clothing,M,Teal,Fall,2.7
14453,Sneakers,Footwear,M,Olive,Summer,2.5
14454,Shoes,Footwear,M,Maroon,Winter,4.4
14455,T-shirt,Clothing,M,White,Spring,4
14456,Belt,Accessories,M,Lavender,Fall,3.8
14457,Jewelry,Accessories,M,Black,Winter,2.5
14458,Belt,Accessories,M,Green,Summer,4
14459,Belt,Accessories,L,Olive,Fall,4.1
14460,T-shirt,Clothing,M,Gray,Summer,2.8
14461,Sneakers,Footwear,XL,Teal,Fall,3.4
14462,Sunglasses,Accessories,M,Charcoal,Fall,2.7
14463,Sandals,Footwear,M,Violet,Fall,3.8
14464,Handbag,Accessories,M,Lavender,Summer,4.4
14465,Socks,Clothing,S,Beige,Fall,2.8
14466,Hoodie,Clothing,L,Black,Summer,5
14467,Sweater,Clothing,M,Black,Fall,4.7
14468,Pants,Clothing,M,Purple,Fall,3.2
14469,Sneakers,Footwear,M,Magenta,Summer,2.9
14470,Gloves,Accessories,M,Teal,Summer,3.7
14471,T-shirt,Clothing,S,Teal,Summer,4.2
14472,Backpack,Accessories,M,Pink,Summer,3.4
14473,Coat,Outerwear,M,Teal,Spring,2.9
14474,Coat,Outerwear,M,Gold,Winter,3.7
14475,Sandals,Footwear,L,Brown,Spring,2.7
14476,Backpack,Accessories,M,Brown,Fall,3.2
14477,Sweater,Clothing,S,Magenta,Winter,4.9
14478,Shorts,Clothing,M,Black,Fall,2.8
14479,Sunglasses,Accessories,L,Teal,Winter,4.7
14480,Shirt,Clothing,M,Brown,Fall,3.3
14481,Shoes,Footwear,M,Magenta,Spring,4.3
14482,Hat,Accessories,XL,Indigo,Fall,3.7
14483,Scarf,Accessories,M,Violet,Summer,4.5
14484,Belt,Accessories,L,Cyan,Winter,3.4
14485,T-shirt,Clothing,M,Violet,Spring,2.7
14486,Shorts,Clothing,S,Black,Fall,4.4
14487,Pants,Clothing,S,Charcoal,Winter,4
14488,Sunglasses,Accessories,M,White,Winter,3.2
14489,Coat,Outerwear,S,Gray,Winter,4.2
14490,Hoodie,Clothing,L,Pink,Winter,3
14491,Dress,Clothing,M,Cyan,Fall,2.8
14492,Blouse,Clothing,M,Blue,Winter,4.9
14493,Socks,Clothing,M,Indigo,Winter,4.7
14494,Socks,Clothing,XL,Magenta,Spring,4.4
14495,Shoes,Footwear,M,Lavender,Winter,3.1
14496,Belt,Accessories,S,Orange,Summer,2.6
14497,Sweater,Clothing,M,Cyan,Spring,3.9
14498,Pants,Clothing,XL,Green,Summer,2.6
14499,Scarf,Accessories,M,White,Summer,4
14500,Skirt,Clothing,M,Blue,Spring,4.9
14501,Dress,Clothing,M,Black,Summer,3.3
14502,Hat,Accessories,S,Red,Fall,3
14503,Handbag,Accessories,L,Red,Winter,2.7
14504,Pants,Clothing,L,Gold,Winter,3.1
14505,T-shirt,Clothing,M,Red,Fall,4.8
14506,Jacket,Outerwear,L,Purple,Spring,2.9
14507,Scarf,Accessories,L,White,Spring,4.5
14508,Hat,Accessories,XL,Magenta,Fall,4.6
14509,Jacket,Outerwear,L,Pink,Winter,5
14510,Skirt,Clothing,L,Black,Spring,4.3
14511,Handbag,Accessories,XL,White,Spring,4.9
14512,Backpack,Accessories,M,Maroon,Summer,4
14513,Coat,Outerwear,L,Black,Spring,3.1
14514,Belt,Accessories,L,Olive,Fall,2.6
14515,Handbag,Accessories,L,Gray,Spring,4.9
14516,Coat,Outerwear,M,Gold,Spring,3.5
14517,Sweater,Clothing,S,Magenta,Spring,4.5
14518,Blouse,Clothing,S,Lavender,Summer,2.8
14519,Blouse,Clothing,M,Green,Spring,4.2
14520,Belt,Accessories,M,Violet,Fall,4.1
14521,Jacket,Outerwear,M,Brown,Fall,3.5
14522,Shorts,Clothing,L,Teal,Spring,4
14523,Hat,Accessories,M,Charcoal,Spring,4
14524,Pants,Clothing,XL,Charcoal,Summer,2.5
14525,Blouse,Clothing,XL,Beige,Winter,4.2
14526,Belt,Accessories,S,Turquoise,Summer,3.4
14527,Handbag,Accessories,XL,Orange,Fall,4.8
14528,Hoodie,Clothing,L,Cyan,Summer,4.9
14529,Jacket,Outerwear,L,Orange,Summer,3.6
14530,Scarf,Accessories,S,Green,Winter,4
14531,Jeans,Clothing,M,Pink,Fall,2.6
14532,Handbag,Accessories,M,Blue,Summer,3.1
14533,Jacket,Outerwear,M,Pink,Winter,3.6
14534,Hat,Accessories,L,Blue,Summer,4
14535,Sneakers,Footwear,L,Black,Summer,3.9
14536,Hat,Accessories,XL,Black,Fall,3.9
14537,Socks,Clothing,M,Violet,Spring,3.3
14538,Scarf,Accessories,S,Gold,Summer,2.9
14539,Socks,Clothing,M,Olive,Summer,3.1
14540,Hat,Accessories,XL,Pink,Summer,4.7
14541,Jacket,Outerwear,M,Olive,Summer,3.9
14542,Shorts,Clothing,M,Indigo,Summer,4.3
14543,Blouse,Clothing,XL,Silver,Fall,4.2
14544,Coat,Outerwear,S,Charcoal,Winter,4.3
14545,Sweater,Clothing,XL,Orange,Winter,4.6
14546,Handbag,Accessories,M,Yellow,Winter,3.8
14547,T-shirt,Clothing,S,Red,Fall,3.3
14548,Sandals,Footwear,M,Maroon,Fall,3.7
14549,Gloves,Accessories,M,Magenta,Summer,4.3
14550,Shorts,Clothing,M,Black,Spring,4.1
14551,Sandals,Footwear,M,Violet,Spring,3.2
14552,Backpack,Accessories,M,Gray,Winter,3.8
14553,Sneakers,Footwear,M,Black,Spring,3.2
14554,Sunglasses,Accessories,M,Pink,Summer,3.5
14555,T-shirt,Clothing,M,Silver,Summer,3.1
14556,Jeans,Clothing,M,Violet,Spring,4.2
14557,Shirt,Clothing,M,Beige,Summer,3.4
14558,Hat,Accessories,XL,Cyan,Winter,3.5
14559,Blouse,Clothing,M,Brown,Fall,4
14560,Jacket,Outerwear,L,Blue,Winter,4.4
14561,Skirt,Clothing,L,White,Winter,2.9
14562,Gloves,Accessories,M,Cyan,Fall,3.6
14563,T-shirt,Clothing,XL,Maroon,Fall,4.4
14564,Jacket,Outerwear,XL,Olive,Summer,4.5
14565,Jacket,Outerwear,M,Violet,Spring,3.8
14566,Shorts,Clothing,XL,Green,Winter,3.6
14567,Hat,Accessories,XL,Magenta,Fall,4.3
14568,Handbag,Accessories,M,Turquoise,Summer,4
14569,Jeans,Clothing,M,Black,Summer,3.4
14570,Shoes,Footwear,XL,Cyan,Summer,4.4
14571,T-shirt,Clothing,L,Gray,Winter,2.8
14572,Jewelry,Accessories,M,Red,Fall,2.8
14573,Handbag,Accessories,S,Olive,Fall,4.9
14574,Shirt,Clothing,L,Cyan,Spring,4.2
14575,Belt,Accessories,M,Teal,Summer,2.9
14576,Dress,Clothing,L,Teal,Fall,4.6
14577,Skirt,Clothing,M,Orange,Fall,2.8
14578,Blouse,Clothing,M,Peach,Spring,2.6
14579,Jeans,Clothing,M,Silver,Summer,3.5
14580,Hoodie,Clothing,M,Pink,Winter,3.5
14581,T-shirt,Clothing,M,Magenta,Fall,3.4
14582,Sunglasses,Accessories,L,Red,Fall,3.9
14583,Jacket,Outerwear,M,Maroon,Spring,3.3
14584,Shoes,Footwear,M,Silver,Spring,4.1
14585,Handbag,Accessories,M,Gray,Summer,3
14586,Sweater,Clothing,M,Turquoise,Winter,3
14587,Scarf,Accessories,M,Peach,Fall,3.2
14588,Skirt,Clothing,L,Teal,Fall,3.9
14589,Gloves,Accessories,M,Red,Spring,3.6
14590,T-shirt,Clothing,M,Blue,Summer,3.1
14591,Sandals,Footwear,M,Blue,Spring,4.8
14592,Sweater,Clothing,M,Indigo,Winter,3.8
14593,Belt,Accessories,M,Charcoal,Summer,2.8
14594,Hoodie,Clothing,S,Turquoise,Winter,4
14595,Socks,Clothing,M,Maroon,Winter,4.6
14596,Sandals,Footwear,M,Purple,Spring,3.5
14597,Blouse,Clothing,S,Lavender,Spring,3.7
14598,Boots,Footwear,XL,Yellow,Fall,4.9
14599,Hat,Accessories,M,Green,Winter,4.1
14600,Shirt,Clothing,M,Yellow,Winter,4.6
14601,Shorts,Clothing,L,Gold,Fall,4.5
14602,Handbag,Accessories,L,Turquoise,Summer,5
14603,Dress,Clothing,L,Blue,Summer,3.8
14604,Hat,Accessories,L,Turquoise,Winter,4.7
14605,Sweater,Clothing,M,Maroon,Spring,2.8
14606,Coat,Outerwear,M,Pink,Fall,2.6
14607,Hoodie,Clothing,L,Maroon,Summer,3.8
14608,Jewelry,Accessories,M,Olive,Winter,2.8
14609,T-shirt,Clothing,M,Lavender,Fall,2.6
14610,Pants,Clothing,S,Pink,Spring,3.4
14611,Sweater,Clothing,M,Cyan,Spring,4.5
14612,Pants,Clothing,L,Maroon,Fall,3.8
14613,Socks,Clothing,S,Red,Summer,3
14614,Hoodie,Clothing,M,Silver,Fall,3.7
14615,Scarf,Accessories,XL,Blue,Winter,4.4
14616,Dress,Clothing,M,Gold,Fall,3.1
14617,Sandals,Footwear,S,Yellow,Spring,4.2
14618,Dress,Clothing,M,Silver,Winter,3.1
14619,Pants,Clothing,XL,Black,Winter,5
14620,Blouse,Clothing,L,Yellow,Summer,2.7
14621,Jeans,Clothing,L,Pink,Winter,3.8
14622,Pants,Clothing,XL,Yellow,Winter,3.3
14623,Sunglasses,Accessories,M,Lavender,Fall,4.8
14624,Backpack,Accessories,L,Peach,Winter,3.4
14625,Hoodie,Clothing,M,Black,Spring,4.4
14626,Boots,Footwear,M,Olive,Summer,3.9
14627,Gloves,Accessories,L,Olive,Fall,3.9
14628,Blouse,Clothing,M,White,Summer,4.2
14629,Sweater,Clothing,M,Red,Spring,4
14630,Dress,Clothing,S,Purple,Spring,2.6
14631,Socks,Clothing,L,Purple,Summer,4.4
14632,Shirt,Clothing,M,Teal,Summer,3.2
14633,Sandals,Footwear,L,Teal,Summer,4.3
14634,Shoes,Footwear,L,Gray,Winter,4.9
14635,Sandals,Footwear,M,Magenta,Fall,3.8
14636,Gloves,Accessories,XL,Black,Winter,2.5
14637,Boots,Footwear,M,Maroon,Spring,4.9
14638,Blouse,Clothing,M,Gold,Fall,3
14639,Sandals,Footwear,M,Purple,Spring,3.2
14640,Coat,Outerwear,M,Blue,Summer,2.9
14641,Jacket,Outerwear,M,Beige,Summer,2.8
14642,Jewelry,Accessories,L,Indigo,Winter,3.1
14643,Hat,Accessories,M,Purple,Winter,3.4
14644,Shoes,Footwear,M,Maroon,Summer,2.9
14645,Coat,Outerwear,L,Beige,Winter,3.2
14646,Boots,Footwear,M,Brown,Spring,3.8
14647,Scarf,Accessories,L,Green,Summer,3.6
14648,Hat,Accessories,M,Blue,Summer,4.3
14649,Socks,Clothing,XL,Magenta,Fall,4.8
14650,T-shirt,Clothing,XL,Turquoise,Winter,2.5
14651,Jewelry,Accessories,M,Gray,Fall,2.5
14652,Skirt,Clothing,S,Purple,Winter,4.6
14653,Socks,Clothing,M,Lavender,Winter,4.2
14654,Belt,Accessories,S,Green,Summer,4.2
14655,Boots,Footwear,M,Gray,Summer,4.8
14656,Socks,Clothing,M,Yellow,Spring,4.5
14657,Pants,Clothing,S,Orange,Summer,3.3
14658,Socks,Clothing,M,Beige,Summer,2.7
14659,Belt,Accessories,L,Peach,Winter,2.8
14660,Jacket,Outerwear,S,Green,Winter,3.5
14661,Shirt,Clothing,M,Violet,Fall,3
14662,Gloves,Accessories,M,Gray,Summer,4.5
14663,Handbag,Accessories,L,Magenta,Fall,4.3
14664,Sweater,Clothing,XL,Charcoal,Fall,4.1
14665,Skirt,Clothing,M,Violet,Spring,4.3
14666,Dress,Clothing,L,Silver,Summer,5
14667,Pants,Clothing,S,Green,Summer,3.8
14668,Hat,Accessories,M,Magenta,Fall,4.9
14669,Boots,Footwear,S,Purple,Spring,5
14670,Sandals,Footwear,M,Blue,Fall,4.3
14671,Coat,Outerwear,S,Yellow,Winter,4.1
14672,Blouse,Clothing,M,Brown,Spring,4.5
14673,Shorts,Clothing,M,Pink,Spring,3.6
14674,Blouse,Clothing,XL,Silver,Fall,3
14675,Jacket,Outerwear,M,Indigo,Spring,3.7
14676,Shirt,Clothing,L,Pink,Winter,4.3
14677,Handbag,Accessories,S,Lavender,Fall,4.6
14678,T-shirt,Clothing,M,Orange,Fall,4.7
14679,Hoodie,Clothing,M,Red,Fall,4.6
14680,Jewelry,Accessories,M,Gray,Summer,3
14681,Jewelry,Accessories,L,Violet,Spring,3.4
14682,Hoodie,Clothing,L,Green,Fall,3.8
14683,Scarf,Accessories,M,Gold,Spring,3.1
14684,Shoes,Footwear,S,Maroon,Spring,4.4
14685,Jeans,Clothing,L,Olive,Spring,4.5
14686,Jewelry,Accessories,M,Yellow,Fall,2.8
14687,Coat,Outerwear,S,Peach,Winter,2.7
14688,Backpack,Accessories,M,Gold,Spring,3.4
14689,Socks,Clothing,S,Purple,Summer,4.6
14690,Scarf,Accessories,M,Charcoal,Fall,5
14691,Sunglasses,Accessories,S,Indigo,Winter,3.5
14692,Socks,Clothing,L,Magenta,Fall,3.3
14693,Coat,Outerwear,S,Olive,Summer,4.5
14694,Sandals,Footwear,S,Blue,Spring,3.1
14695,Blouse,Clothing,S,White,Summer,4
14696,Dress,Clothing,M,Cyan,Spring,2.5
14697,Pants,Clothing,M,Cyan,Winter,4.4
14698,Sneakers,Footwear,M,Orange,Spring,4.4
14699,Boots,Footwear,XL,Orange,Summer,3.2
14700,Handbag,Accessories,S,Teal,Spring,3.8
14701,Handbag,Accessories,M,Magenta,Fall,4.6
14702,Sweater,Clothing,S,Orange,Summer,4.9
14703,Sandals,Footwear,L,Peach,Winter,3.5
14704,Socks,Clothing,S,Maroon,Summer,3.4
14705,Gloves,Accessories,M,Gold,Winter,3.9
14706,Hoodie,Clothing,L,White,Winter,3.9
14707,Dress,Clothing,L,Gray,Fall,4.2
14708,Shirt,Clothing,XL,Brown,Winter,3.4
14709,Shorts,Clothing,L,Charcoal,Winter,4.9
14710,Sandals,Footwear,L,Beige,Fall,2.9
14711,Sweater,Clothing,XL,Teal,Spring,4.9
14712,Dress,Clothing,L,Black,Summer,4.6
14713,Boots,Footwear,M,Violet,Spring,3.6
14714,Pants,Clothing,M,Orange,Winter,4.3
14715,Gloves,Accessories,M,Turquoise,Fall,4.6
14716,Pants,Clothing,XL,Black,Winter,4.7
14717,Scarf,Accessories,M,Silver,Winter,3.5
14718,Shorts,Clothing,XL,Gray,Spring,2.8
14719,Shoes,Footwear,M,Pink,Summer,4
14720,Handbag,Accessories,M,Red,Spring,4.3
14721,Sandals,Footwear,M,Lavender,Summer,3.8
14722,Socks,Clothing,L,Indigo,Fall,3
14723,Shirt,Clothing,S,Silver,Fall,4.6
14724,Shoes,Footwear,M,Silver,Fall,4.8
14725,Backpack,Accessories,M,Green,Fall,4.7
14726,Shirt,Clothing,M,Pink,Spring,3.9
14727,Handbag,Accessories,S,Violet,Fall,4
14728,Jewelry,Accessories,L,Red,Winter,3.7
14729,Shirt,Clothing,L,Olive,Winter,3.7
14730,Handbag,Accessories,S,Purple,Spring,4.2
14731,Pants,Clothing,M,Gray,Fall,4.7
14732,T-shirt,Clothing,L,Brown,Winter,4.3
14733,Sneakers,Footwear,S,Orange,Fall,4.9
14734,Jewelry,Accessories,M,Blue,Summer,3.9
14735,Shirt,Clothing,M,White,Fall,3.4
14736,Blouse,Clothing,XL,Charcoal,Spring,4.2
14737,Sneakers,Footwear,XL,Gray,Winter,4.7
14738,Dress,Clothing,XL,Charcoal,Winter,4
14739,Boots,Footwear,S,White,Summer,4
14740,Skirt,Clothing,M,Orange,Winter,3.1
14741,Shirt,Clothing,M,Black,Spring,4.2
14742,Shorts,Clothing,M,White,Winter,3.7
14743,Hat,Accessories,S,Brown,Spring,3.1
14744,Shoes,Footwear,M,Pink,Winter,3.7
14745,Pants,Clothing,M,Yellow,Spring,3.2
14746,Backpack,Accessories,M,Cyan,Summer,2.8
14747,Pants,Clothing,L,Silver,Summer,2.9
14748,Sunglasses,Accessories,L,Olive,Winter,3.5
14749,Sweater,Clothing,M,Olive,Spring,3.8
14750,Blouse,Clothing,S,Charcoal,Spring,4.7
14751,Scarf,Accessories,L,Gray,Summer,4.5
14752,T-shirt,Clothing,S,Maroon,Winter,3.9
14753,Sunglasses,Accessories,L,Black,Spring,3.4
14754,Shoes,Footwear,XL,Violet,Winter,4.6
14755,Pants,Clothing,L,Indigo,Fall,4.6
14756,Sneakers,Footwear,L,Yellow,Fall,4.7
14757,Shoes,Footwear,M,Gray,Fall,3.2
14758,Shorts,Clothing,M,Red,Summer,5
14759,Handbag,Accessories,L,Peach,Spring,4.5
14760,Handbag,Accessories,M,Gray,Spring,3.5
14761,Shoes,Footwear,S,White,Spring,4.5
14762,Jewelry,Accessories,S,Green,Spring,3.2
14763,Shorts,Clothing,M,Magenta,Spring,4.6
14764,Blouse,Clothing,M,Olive,Winter,4
14765,Coat,Outerwear,S,Olive,Spring,4.2
14766,Hat,Accessories,M,Blue,Winter,4.1
14767,Socks,Clothing,XL,Charcoal,Fall,3.6
14768,Sandals,Footwear,M,Yellow,Spring,3.7
14769,Scarf,Accessories,M,Violet,Summer,3.6
14770,Scarf,Accessories,L,Magenta,Summer,3.8
14771,Blouse,Clothing,M,Red,Fall,3
14772,T-shirt,Clothing,M,Cyan,Summer,3.4
14773,Shoes,Footwear,S,Orange,Winter,4.8
14774,Gloves,Accessories,L,Black,Spring,2.6
14775,Sunglasses,Accessories,M,Blue,Winter,2.9
14776,Shoes,Footwear,M,Charcoal,Spring,4.9
14777,Dress,Clothing,M,Indigo,Spring,5
14778,Blouse,Clothing,L,Silver,Spring,4.6
14779,Sweater,Clothing,M,Brown,Fall,4.2
14780,Jacket,Outerwear,M,Peach,Summer,4.9
14781,Backpack,Accessories,L,Magenta,Summer,4.8
14782,Shorts,Clothing,M,Beige,Fall,3
14783,Socks,Clothing,XL,Violet,Fall,3.5
14784,Sneakers,Footwear,L,Black,Spring,3.4
14785,Sneakers,Footwear,M,Cyan,Winter,3.4
14786,Blouse,Clothing,M,Green,Summer,4.9
14787,Gloves,Accessories,S,Brown,Summer,4.4
14788,Handbag,Accessories,S,Gray,Spring,4.2
14789,Jeans,Clothing,S,Orange,Spring,3.1
14790,Scarf,Accessories,S,Silver,Summer,4
14791,Sandals,Footwear,M,Purple,Spring,4.8
14792,Sandals,Footwear,M,Olive,Fall,3.3
14793,Dress,Clothing,XL,Teal,Winter,4.7
14794,Skirt,Clothing,M,White,Summer,3.2
14795,Shorts,Clothing,M,Black,Spring,5
14796,Jeans,Clothing,L,Maroon,Fall,4.9
14797,Socks,Clothing,M,Cyan,Fall,4.9
14798,Coat,Outerwear,M,Violet,Fall,3.7
14799,Boots,Footwear,L,Yellow,Spring,3
14800,Belt,Accessories,S,Yellow,Winter,2.6
14801,Shoes,Footwear,L,Olive,Winter,2.6
14802,Scarf,Accessories,L,Olive,Fall,4.8
14803,Blouse,Clothing,M,Magenta,Summer,3.2
14804,Dress,Clothing,M,Orange,Fall,4.9
14805,Shorts,Clothing,S,Beige,Summer,3.4
14806,Blouse,Clothing,L,Brown,Summer,2.7
14807,Sneakers,Footwear,L,Indigo,Fall,4.8
14808,Gloves,Accessories,XL,Gray,Winter,4.1
14809,Hoodie,Clothing,M,Yellow,Winter,4.6
14810,Sweater,Clothing,S,Violet,Summer,4.4
14811,Sunglasses,Accessories,M,Magenta,Spring,3.5
14812,Belt,Accessories,M,Blue,Spring,4.8
14813,Dress,Clothing,M,Gray,Fall,2.9
14814,Jacket,Outerwear,M,Gold,Winter,3.2
14815,Boots,Footwear,L,Lavender,Spring,4.4
14816,Sandals,Footwear,M,Black,Spring,4.6
14817,Scarf,Accessories,L,Charcoal,Summer,2.6
14818,Blouse,Clothing,M,Violet,Spring,3.1
14819,Hoodie,Clothing,M,Charcoal,Spring,4.3
14820,Sunglasses,Accessories,M,Maroon,Summer,3.1
14821,Hoodie,Clothing,XL,Purple,Spring,4.6
14822,Scarf,Accessories,S,Peach,Spring,4.6
14823,Dress,Clothing,XL,Olive,Spring,2.7
14824,T-shirt,Clothing,M,Indigo,Summer,3
14825,Skirt,Clothing,S,Magenta,Summer,3.3
14826,Jeans,Clothing,M,Gold,Spring,2.7
14827,Hoodie,Clothing,M,Orange,Fall,3.3
14828,Jeans,Clothing,M,Gold,Fall,4.3
14829,Sandals,Footwear,XL,Purple,Fall,4.8
14830,Hat,Accessories,L,Charcoal,Fall,3.3
14831,Gloves,Accessories,M,Cyan,Fall,4.3
14832,Socks,Clothing,M,Cyan,Summer,3
14833,Jacket,Outerwear,XL,Green,Fall,4.8
14834,T-shirt,Clothing,M,Silver,Spring,2.9
14835,Sandals,Footwear,M,Teal,Summer,3.6
14836,Hat,Accessories,M,Magenta,Fall,3.5
14837,Gloves,Accessories,L,Maroon,Spring,4.7
14838,Dress,Clothing,M,Gold,Winter,4.4
14839,Hoodie,Clothing,L,Purple,Winter,3.3
14840,Belt,Accessories,M,Lavender,Fall,4.3
14841,Gloves,Accessories,M,Maroon,Fall,4
14842,Scarf,Accessories,S,Magenta,Winter,4.9
14843,Sandals,Footwear,M,Turquoise,Summer,2.9
14844,Sneakers,Footwear,XL,Silver,Summer,4
14845,Dress,Clothing,M,Purple,Fall,4.3
14846,Jewelry,Accessories,M,Violet,Winter,2.7
14847,Hat,Accessories,XL,Peach,Fall,5
14848,Scarf,Accessories,L,Green,Winter,4.4
14849,Blouse,Clothing,L,Teal,Fall,3.5
14850,Belt,Accessories,M,Silver,Winter,3.3
14851,Blouse,Clothing,L,Purple,Summer,3.8
14852,T-shirt,Clothing,L,Lavender,Summer,4.5
14853,Hat,Accessories,M,Lavender,Winter,4.8
14854,Hat,Accessories,M,Peach,Fall,2.9
14855,Sneakers,Footwear,L,Green,Spring,3.2
14856,Gloves,Accessories,M,Orange,Spring,2.8
14857,Socks,Clothing,M,Pink,Winter,3.3
14858,Sandals,Footwear,L,Cyan,Fall,3.3
14859,Sandals,Footwear,L,Lavender,Summer,4.2
14860,Boots,Footwear,L,Yellow,Winter,3.6
14861,Backpack,Accessories,M,Olive,Spring,4.6
14862,Coat,Outerwear,M,Brown,Summer,3.6
14863,Sunglasses,Accessories,L,Pink,Spring,4
14864,Jacket,Outerwear,M,Cyan,Fall,2.7
14865,Dress,Clothing,L,Maroon,Summer,4.4
14866,Scarf,Accessories,XL,Magenta,Fall,3.2
14867,Blouse,Clothing,M,Violet,Winter,2.6
14868,Backpack,Accessories,L,Silver,Summer,3.4
14869,Jewelry,Accessories,M,Maroon,Spring,5
14870,Shorts,Clothing,M,Gray,Winter,2.9
14871,Skirt,Clothing,M,White,Winter,5
14872,Skirt,Clothing,M,Brown,Fall,4.4
14873,Jeans,Clothing,M,Silver,Summer,3.5
14874,Handbag,Accessories,M,Yellow,Spring,3.8
14875,Handbag,Accessories,S,Magenta,Fall,3.8
14876,Coat,Outerwear,M,Blue,Spring,3.9
14877,Jewelry,Accessories,M,Green,Winter,3.3
14878,Sweater,Clothing,M,Yellow,Fall,2.9
14879,Jacket,Outerwear,XL,Cyan,Spring,3.7
14880,Shoes,Footwear,L,Gold,Winter,3.7
14881,T-shirt,Clothing,M,Magenta,Fall,4.6
14882,Sandals,Footwear,S,Gray,Fall,4.9
14883,Shoes,Footwear,L,Indigo,Winter,3.1
14884,Sandals,Footwear,S,White,Winter,3.5
14885,Shorts,Clothing,M,Indigo,Spring,4.9
14886,Backpack,Accessories,M,Green,Summer,4.4
14887,Jacket,Outerwear,M,Turquoise,Fall,4.4
14888,Socks,Clothing,M,Peach,Fall,3.4
14889,Jewelry,Accessories,M,Olive,Winter,3
14890,Pants,Clothing,L,Cyan,Fall,2.6
14891,Blouse,Clothing,XL,Magenta,Summer,3.2
14892,Socks,Clothing,S,Silver,Fall,4.6
14893,Shoes,Footwear,S,White,Winter,3.8
14894,Handbag,Accessories,L,Pink,Summer,4.8
14895,Sandals,Footwear,S,Pink,Fall,4.5
14896,Socks,Clothing,M,Pink,Summer,4.2
14897,Handbag,Accessories,M,Blue,Winter,2.7
14898,Hat,Accessories,M,White,Winter,4.5
14899,Jewelry,Accessories,S,Teal,Spring,4.9
14900,Backpack,Accessories,M,Gray,Fall,2.8
14901,Shirt,Clothing,S,Beige,Fall,3.5
14902,Coat,Outerwear,M,Violet,Summer,2.5
14903,Sunglasses,Accessories,S,Blue,Winter,2.9
14904,Gloves,Accessories,XL,Magenta,Fall,4.2
14905,Shirt,Clothing,M,Maroon,Fall,4.6
14906,Socks,Clothing,M,Purple,Winter,3
14907,Skirt,Clothing,L,Charcoal,Spring,4.4
14908,Shorts,Clothing,L,Red,Summer,2.6
14909,Sandals,Footwear,M,Charcoal,Spring,4.8
14910,Shirt,Clothing,L,Lavender,Summer,2.9
14911,Sunglasses,Accessories,L,White,Spring,3
14912,Jewelry,Accessories,L,Red,Fall,4.5
14913,Blouse,Clothing,S,Violet,Fall,3.7
14914,Sandals,Footwear,XL,Orange,Summer,4.8
14915,Coat,Outerwear,L,Turquoise,Spring,4.8
14916,Blouse,Clothing,M,Violet,Summer,4.7
14917,Sweater,Clothing,M,Blue,Winter,2.6
14918,Skirt,Clothing,M,White,Fall,4.6
14919,Blouse,Clothing,L,Turquoise,Fall,3.4
14920,Hoodie,Clothing,L,Pink,Winter,3
14921,Skirt,Clothing,XL,Maroon,Spring,4
14922,Backpack,Accessories,M,Olive,Fall,2.6
14923,Handbag,Accessories,XL,Charcoal,Summer,3.4
14924,Sandals,Footwear,M,Charcoal,Spring,4.5
14925,Shoes,Footwear,M,Indigo,Spring,2.7
14926,Sandals,Footwear,S,Teal,Fall,2.9
14927,Sunglasses,Accessories,L,Black,Winter,4
14928,Skirt,Clothing,L,Teal,Summer,3.2
14929,Sandals,Footwear,M,Green,Spring,4
14930,Gloves,Accessories,M,Gold,Fall,3.4
14931,Hoodie,Clothing,M,Red,Fall,4.9
14932,Socks,Clothing,M,Silver,Fall,3.6
14933,Jewelry,Accessories,M,Yellow,Summer,3.6
14934,Hat,Accessories,XL,Peach,Fall,3.2
14935,Blouse,Clothing,M,Turquoise,Spring,3.7
14936,Shoes,Footwear,M,Peach,Spring,2.6
14937,Hat,Accessories,S,Peach,Winter,3.9
14938,Sunglasses,Accessories,S,Orange,Fall,3.4
14939,Shirt,Clothing,M,Charcoal,Fall,3.4
14940,T-shirt,Clothing,XL,White,Summer,4.2
14941,Pants,Clothing,L,Turquoise,Fall,2.9
14942,Pants,Clothing,M,Red,Summer,4.1
14943,Hat,Accessories,M,Peach,Fall,3.6
14944,Coat,Outerwear,L,Pink,Fall,4
14945,Jacket,Outerwear,XL,Yellow,Fall,4
14946,Sandals,Footwear,M,Beige,Spring,3.6
14947,Gloves,Accessories,L,Green,Winter,3.1
14948,Dress,Clothing,S,Turquoise,Winter,4.4
14949,Belt,Accessories,XL,Orange,Fall,4.3
14950,Socks,Clothing,M,Gold,Summer,3.5
14951,Jacket,Outerwear,L,Red,Winter,3
14952,Boots,Footwear,M,Teal,Spring,4.7
14953,Shirt,Clothing,M,Teal,Summer,2.5
14954,Hat,Accessories,M,Lavender,Spring,3.1
14955,Shoes,Footwear,L,Pink,Spring,3.3
14956,Socks,Clothing,M,Maroon,Fall,4.7
14957,Hoodie,Clothing,M,Beige,Spring,3.4
14958,Sandals,Footwear,L,Orange,Spring,3.1
14959,Jeans,Clothing,M,Red,Spring,4.6
14960,Jewelry,Accessories,S,Maroon,Winter,4.9
14961,Shorts,Clothing,M,Brown,Spring,2.7
14962,Sunglasses,Accessories,M,Olive,Fall,4.2
14963,Pants,Clothing,M,Silver,Summer,2.6
14964,Shirt,Clothing,M,Purple,Spring,3.2
14965,Shirt,Clothing,M,Gray,Fall,4.4
14966,Pants,Clothing,L,Cyan,Fall,3.6
14967,Hoodie,Clothing,M,Gray,Summer,2.7
14968,Socks,Clothing,L,Gold,Spring,4.3
14969,Coat,Outerwear,XL,Cyan,Summer,2.6
14970,Sweater,Clothing,L,Olive,Spring,4.3
14971,Backpack,Accessories,M,Violet,Fall,3.9
14972,Blouse,Clothing,L,Yellow,Winter,2.9
14973,Hoodie,Clothing,M,Gold,Fall,3.1
14974,Jewelry,Accessories,S,Silver,Fall,4.2
14975,Coat,Outerwear,L,Pink,Winter,4.1
14976,Sunglasses,Accessories,S,Turquoise,Winter,4.2
14977,Shoes,Footwear,M,Turquoise,Summer,4.4
14978,Skirt,Clothing,M,Peach,Fall,3.4
14979,Skirt,Clothing,L,Teal,Spring,4.8
14980,Skirt,Clothing,L,Red,Fall,4.5
14981,Sandals,Footwear,S,Black,Spring,2.7
14982,Sneakers,Footwear,M,Pink,Spring,3.5
14983,Socks,Clothing,M,Peach,Fall,3.1
14984,Backpack,Accessories,M,Green,Summer,2.8
14985,Shorts,Clothing,L,Green,Fall,2.9
14986,Shirt,Clothing,XL,Red,Winter,4.5
14987,Socks,Clothing,M,Maroon,Fall,3.5
14988,Jewelry,Accessories,M,Green,Summer,4.3
14989,Handbag,Accessories,M,Black,Fall,4.9
14990,Shorts,Clothing,XL,Black,Summer,3.1
14991,Sweater,Clothing,M,Yellow,Winter,4
14992,Gloves,Accessories,L,Green,Summer,3.6
14993,Pants,Clothing,L,Black,Summer,4
14994,T-shirt,Clothing,M,Red,Winter,2.6
14995,Pants,Clothing,L,Yellow,Fall,3.1
14996,Sweater,Clothing,M,Violet,Summer,3.5
14997,Gloves,Accessories,S,Cyan,Winter,3.9
14998,Belt,Accessories,S,Pink,Spring,2.7
14999,Sneakers,Footwear,L,Olive,Spring,4.1
15000,Shorts,Clothing,M,Maroon,Fall,4.3
15001,Sneakers,Footwear,M,Cyan,Fall,2.9
15002,Jeans,Clothing,XL,Lavender,Spring,4
15003,Sneakers,Footwear,L,Yellow,Fall,4.1
15004,Boots,Footwear,M,Pink,Winter,3.7
15005,Jacket,Outerwear,L,Orange,Spring,2.8
15006,Gloves,Accessories,XL,Orange,Summer,3.2
15007,Socks,Clothing,M,Violet,Winter,4.5
15008,Jeans,Clothing,L,Lavender,Winter,3.8
15009,Boots,Footwear,L,Yellow,Fall,3.6
15010,Blouse,Clothing,M,Pink,Fall,3.6
15011,Hat,Accessories,XL,Teal,Spring,3.2
15012,Shirt,Clothing,M,Magenta,Summer,3.8
15013,Handbag,Accessories,XL,Beige,Summer,4.4
15014,Sunglasses,Accessories,M,Gray,Spring,3.7
15015,Scarf,Accessories,S,Turquoise,Summer,2.6
15016,Sunglasses,Accessories,M,Pink,Fall,4
15017,Scarf,Accessories,M,Violet,Summer,3.6
15018,Gloves,Accessories,M,Charcoal,Spring,2.5
15019,Shorts,Clothing,M,Lavender,Fall,3.2
15020,Sunglasses,Accessories,M,Gray,Summer,2.5
15021,Jewelry,Accessories,S,Brown,Winter,3.2
15022,Jacket,Outerwear,L,Violet,Winter,2.6
15023,Sweater,Clothing,M,Turquoise,Fall,4.8
15024,Blouse,Clothing,M,Peach,Spring,5
15025,Scarf,Accessories,S,Turquoise,Spring,3.2
15026,Handbag,Accessories,M,Violet,Spring,3.6
15027,Hat,Accessories,M,Olive,Fall,2.7
15028,Scarf,Accessories,M,Green,Fall,3.1
15029,Boots,Footwear,M,Teal,Spring,3
15030,Blouse,Clothing,L,Peach,Spring,2.9
15031,Socks,Clothing,M,Pink,Winter,4.7
15032,Shoes,Footwear,S,Maroon,Winter,3.7
15033,Skirt,Clothing,L,Peach,Fall,3.9
15034,Belt,Accessories,M,Maroon,Winter,4
15035,Skirt,Clothing,M,Pink,Spring,2.8
15036,Pants,Clothing,M,Orange,Summer,4.1
15037,Dress,Clothing,M,Orange,Winter,4.2
15038,Hat,Accessories,M,Brown,Fall,4.3
15039,Coat,Outerwear,S,Silver,Summer,4.3
15040,Scarf,Accessories,M,Magenta,Fall,2.6
15041,Sneakers,Footwear,XL,Indigo,Winter,3.8
15042,Pants,Clothing,S,Gold,Spring,2.9
15043,Belt,Accessories,M,Purple,Winter,5
15044,Sneakers,Footwear,M,Gold,Summer,4.6
15045,Hat,Accessories,S,Gold,Spring,3.2
15046,Shirt,Clothing,M,Gold,Summer,3
15047,Shorts,Clothing,M,Olive,Summer,4
15048,Shorts,Clothing,L,Green,Fall,4.1
15049,Jacket,Outerwear,M,Gray,Summer,4
15050,Jewelry,Accessories,M,Red,Summer,4.1
15051,Blouse,Clothing,M,Charcoal,Spring,3.4
15052,Pants,Clothing,M,Indigo,Spring,2.9
15053,Hat,Accessories,M,Indigo,Summer,3
15054,Backpack,Accessories,L,Silver,Spring,4
15055,Boots,Footwear,XL,Purple,Winter,4.8
15056,Jacket,Outerwear,L,Gray,Summer,4.6
15057,Hoodie,Clothing,M,Magenta,Winter,4.1
15058,Sandals,Footwear,L,Silver,Winter,2.6
15059,Skirt,Clothing,M,Violet,Spring,2.5
15060,Hoodie,Clothing,M,Green,Spring,4.8
15061,Dress,Clothing,L,Green,Summer,4.2
15062,Sandals,Footwear,M,Peach,Spring,3.9
15063,Jeans,Clothing,M,Turquoise,Spring,3.7
15064,Jeans,Clothing,L,Pink,Fall,4.2
15065,Jacket,Outerwear,L,Lavender,Winter,4.2
15066,Hat,Accessories,L,Silver,Winter,4
15067,Shorts,Clothing,S,Cyan,Fall,5
15068,Sweater,Clothing,M,Green,Winter,4.9
15069,Blouse,Clothing,L,Orange,Summer,4
15070,Sweater,Clothing,S,Blue,Fall,3.2
15071,Jewelry,Accessories,M,Magenta,Winter,3
15072,Hoodie,Clothing,S,Cyan,Winter,2.6
15073,Jewelry,Accessories,L,Indigo,Summer,4.4
15074,Scarf,Accessories,M,Pink,Summer,3.9
15075,Hat,Accessories,M,Peach,Fall,4
15076,Sunglasses,Accessories,M,Lavender,Fall,4
15077,T-shirt,Clothing,M,Black,Spring,4.2
15078,Shirt,Clothing,XL,Lavender,Summer,4.4
15079,Sandals,Footwear,S,Brown,Summer,2.5
15080,Hat,Accessories,S,Yellow,Summer,3.1
15081,T-shirt,Clothing,M,Olive,Winter,3.5
15082,Shorts,Clothing,S,Blue,Fall,3
15083,Sunglasses,Accessories,M,Turquoise,Summer,4.4
15084,Jacket,Outerwear,M,Yellow,Spring,4.9
15085,Shirt,Clothing,L,Turquoise,Winter,2.8
15086,Scarf,Accessories,M,Orange,Summer,3.3
15087,T-shirt,Clothing,S,Blue,Winter,4.9
15088,Shorts,Clothing,M,Olive,Spring,4.2
15089,Hat,Accessories,M,Beige,Winter,3.3
15090,Jacket,Outerwear,L,Lavender,Summer,2.7
15091,Dress,Clothing,XL,Magenta,Winter,3.3
15092,Coat,Outerwear,L,Cyan,Spring,3.8
15093,Sandals,Footwear,L,Lavender,Fall,3.2
15094,T-shirt,Clothing,M,Black,Fall,4.1
15095,Jacket,Outerwear,M,Green,Spring,4.3
15096,Sandals,Footwear,L,Silver,Summer,4
15097,Sweater,Clothing,XL,Beige,Summer,3.9
15098,Hat,Accessories,M,Pink,Winter,3.3
15099,Shoes,Footwear,S,Cyan,Fall,2.6
15100,Hoodie,Clothing,M,Olive,Spring,4.2
15101,Hat,Accessories,M,Pink,Summer,3.4
15102,Skirt,Clothing,L,Maroon,Winter,4.1
15103,Shirt,Clothing,M,Red,Winter,3.9
15104,Scarf,Accessories,L,Silver,Spring,2.8
15105,Pants,Clothing,L,Blue,Fall,2.6
15106,Hat,Accessories,XL,Purple,Fall,4
15107,Sandals,Footwear,M,Brown,Fall,4.9
15108,Socks,Clothing,L,Purple,Winter,3.2
15109,Jewelry,Accessories,S,Brown,Summer,3.9
15110,Shirt,Clothing,M,Charcoal,Spring,2.7
15111,Sneakers,Footwear,M,Violet,Spring,3.4
15112,Dress,Clothing,S,Yellow,Spring,3.5
15113,Shirt,Clothing,XL,Green,Winter,2.6
15114,Dress,Clothing,L,Peach,Winter,4.7
15115,Jewelry,Accessories,L,Indigo,Summer,3.5
15116,Hat,Accessories,L,White,Fall,3.3
15117,Skirt,Clothing,L,White,Spring,3.9
15118,Hoodie,Clothing,L,Turquoise,Summer,4.2
15119,Backpack,Accessories,L,White,Spring,4.5
15120,Belt,Accessories,L,Green,Spring,2.9
15121,Shoes,Footwear,S,Brown,Summer,3.8
15122,Handbag,Accessories,M,Beige,Spring,3.1