product_id,product_item ,product_category,product_size,product_colour,product_season,product_rating
1,Blouse,Clothing,L,Gray,Winter,3.1
2,Sweater,Clothing,L,Maroon,Winter,3.1
3,Jeans,Clothing,S,Maroon,Spring,3.1
4,Sandals,Footwear,M,Maroon,Spring,3.5
5,Blouse,Clothing,M,Turquoise,Spring,2.7
6,Sneakers,Footwear,M,White,Summer,2.9
7,Shirt,Clothing,M,Gray,Fall,3.2
8,Shorts,Clothing,L,Charcoal,Winter,3.2
9,Coat,Outerwear,L,Silver,Summer,2.6
10,Handbag,Accessories,M,Pink,Spring,4.8
11,Shoes,Footwear,L,Purple,Fall,4.1
12,Shorts,Clothing,S,Olive,Winter,4.9
13,Coat,Outerwear,M,Gold,Winter,4.5
14,Dress,Clothing,M,Violet,Spring,4.7
15,Coat,Outerwear,L,Teal,Winter,4.7
16,Skirt,Clothing,M,Teal,Winter,2.8
17,Sunglasses,Accessories,S,Gray,Spring,4.1
18,Dress,Clothing,XL,Lavender,Winter,4.7
19,Sweater,Clothing,S,Black,Summer,4.6
20,Pants,Clothing,M,Green,Summer,3.3
21,Pants,Clothing,M,Black,Winter,2.8
22,Pants,Clothing,M,Charcoal,Winter,4.1
23,Pants,Clothing,M,Peach,Summer,3.2
24,Pants,Clothing,XL,White,Winter,4.4
25,Jacket,Outerwear,M,Green,Fall,2.9
26,Hoodie,Clothing,M,Silver,Summer,3.6
27,Jewelry,Accessories,M,Red,Spring,3.6
28,Shorts,Clothing,L,Cyan,Summer,5
29,Handbag,Accessories,M,Gray,Fall,4.4
30,Dress,Clothing,S,Black,Fall,4.1
31,Jewelry,Accessories,L,Black,Winter,4.7
32,Dress,Clothing,L,Brown,Winter,4.7
33,Jacket,Outerwear,M,Silver,Summer,4.9
34,Pants,Clothing,L,Green,Summer,3.3
35,T-shirt,Clothing,L,Violet,Spring,4.6
36,Blouse,Clothing,M,Cyan,Summer,4
37,T-shirt,Clothing,M,Maroon,Winter,4.6
38,Jeans,Clothing,S,Cyan,Summer,2.8
39,Dress,Clothing,M,Red,Winter,3.7
40,Pants,Clothing,S,Turquoise,Summer,4.2
41,Handbag,Accessories,L,Beige,Winter,4.6
42,Scarf,Accessories,M,Orange,Spring,4.5
43,Coat,Outerwear,M,Beige,Spring,4.1
44,Scarf,Accessories,L,Lavender,Fall,3.7
45,Hat,Accessories,S,Silver,Summer,4.6
46,Socks,Clothing,XL,Indigo,Fall,2.9
47,Shirt,Clothing,L,White,Summer,2.9
48,Jewelry,Accessories,M,Charcoal,Winter,4.5
49,Shirt,Clothing,M,Orange,Summer,2.7
50,Hoodie,Clothing,S,Indigo,Spring,4.6
51,Blouse,Clothing,M,Red,Spring,3.7
52,Skirt,Clothing,XL,Gray,Winter,4.7
53,T-shirt,Clothing,M,Green,Summer,2.6
54,Skirt,Clothing,S,Peach,Winter,3.9
55,Coat,Outerwear,M,Brown,Summer,4.2
56,Jacket,Outerwear,M,Lavender,Winter,3
57,Backpack,Accessories,XL,Brown,Summer,4.7
58,Coat,Outerwear,M,White,Summer,4.4
59,Hoodie,Clothing,M,Charcoal,Summer,4.2
60,Belt,Accessories,L,Yellow,Spring,4.6
61,Sweater,Clothing,L,Brown,Summer,4
62,Scarf,Accessories,M,Orange,Winter,4.7
63,Sneakers,Footwear,S,Magenta,Spring,3.8
64,Sunglasses,Accessories,L,Lavender,Winter,2.7
65,Boots,Footwear,S,Green,Fall,4.8
66,Backpack,Accessories,M,Purple,Spring,4.8
67,Blouse,Clothing,S,Magenta,Winter,4.7
68,Coat,Outerwear,L,Gray,Winter,4.4
69,Handbag,Accessories,L,Silver,Summer,3.9
70,Belt,Accessories,S,Cyan,Summer,4.4
71,Belt,Accessories,M,Magenta,Fall,4.2
72,Dress,Clothing,L,Gold,Summer,2.9
73,Dress,Clothing,M,Olive,Winter,2.9
74,Pants,Clothing,M,Teal,Spring,2.7
75,Gloves,Accessories,L,Violet,Spring,4.5
76,Scarf,Accessories,M,Blue,Summer,2.7
77,Hat,Accessories,S,Teal,Summer,4.2
78,Dress,Clothing,L,Gold,Summer,3.3
79,Skirt,Clothing,M,Maroon,Spring,4.7
80,Jacket,Outerwear,M,Olive,Winter,2.6
81,Sandals,Footwear,XL,Blue,Summer,3.3
82,Shoes,Footwear,L,Maroon,Summer,2.6
83,Pants,Clothing,S,Olive,Spring,4
84,Dress,Clothing,M,Turquoise,Summer,4.1
85,Coat,Outerwear,S,Peach,Spring,4.4
86,Sunglasses,Accessories,M,Charcoal,Winter,4.5
87,Hoodie,Clothing,L,Pink,Spring,3.7
88,Shoes,Footwear,M,Green,Fall,3.7
89,T-shirt,Clothing,M,Orange,Fall,3.5
90,Jacket,Outerwear,XL,Pink,Fall,3.6
91,Hat,Accessories,L,Violet,Summer,2.9
92,Scarf,Accessories,S,Green,Winter,4.6
93,Jacket,Outerwear,M,Olive,Winter,4.4
94,Sweater,Clothing,M,Purple,Fall,4.5
95,Skirt,Clothing,S,Silver,Spring,4.6
96,Sneakers,Footwear,L,Pink,Fall,3.8
97,Gloves,Accessories,S,Gold,Spring,3.6
98,Shoes,Footwear,M,Teal,Winter,4.8
99,Jeans,Clothing,XL,Teal,Spring,2.6
100,Hoodie,Clothing,XL,Indigo,Summer,3.7
101,Sunglasses,Accessories,M,Maroon,Fall,2.7
102,Coat,Outerwear,XL,White,Spring,4.6
103,Socks,Clothing,L,Violet,Winter,4.8
104,Boots,Footwear,L,Red,Winter,4
105,Sunglasses,Accessories,L,Pink,Spring,4.4
106,Backpack,Accessories,M,Charcoal,Fall,3.6
107,Jacket,Outerwear,L,White,Summer,3.7
108,Sneakers,Footwear,L,Olive,Winter,3.1
109,Socks,Clothing,L,Purple,Spring,3.4
110,T-shirt,Clothing,M,Violet,Spring,2.6
111,Backpack,Accessories,M,Black,Summer,4
112,Belt,Accessories,L,Purple,Summer,5
113,Gloves,Accessories,M,Red,Spring,4.3
114,Hat,Accessories,L,Maroon,Winter,3.1
115,Coat,Outerwear,S,Blue,Summer,3.7
116,Skirt,Clothing,M,Gray,Spring,3.8
117,Shoes,Footwear,S,Blue,Spring,3.4
118,Sandals,Footwear,L,Yellow,Summer,4.6
119,Sweater,Clothing,L,Orange,Fall,4.8
120,Coat,Outerwear,M,Orange,Fall,4.3
121,Hat,Accessories,L,Red,Summer,4
122,Shorts,Clothing,M,Olive,Winter,4.2
123,Backpack,Accessories,L,Brown,Spring,4.8
124,Sweater,Clothing,L,Brown,Fall,3.1
125,Sweater,Clothing,M,Gray,Spring,3.1
126,Shorts,Clothing,M,Indigo,Winter,3.6
127,Shorts,Clothing,L,Pink,Spring,3.9
128,Sweater,Clothing,M,Gray,Winter,4.8
129,Scarf,Accessories,M,Gold,Spring,4.7
130,Dress,Clothing,XL,Olive,Summer,4.2
131,Scarf,Accessories,L,Violet,Fall,3.7
132,Skirt,Clothing,L,Indigo,Summer,3.9
133,Backpack,Accessories,M,Orange,Fall,4.7
134,Sweater,Clothing,M,Violet,Winter,2.5
135,Hat,Accessories,L,Gray,Fall,4.9
136,Sandals,Footwear,M,Purple,Fall,4.1
137,Blouse,Clothing,M,White,Winter,3.3
138,Sneakers,Footwear,M,Turquoise,Spring,4.7
139,Skirt,Clothing,M,Maroon,Winter,4.4
140,Coat,Outerwear,M,White,Fall,3.8
141,Shirt,Clothing,L,Yellow,Fall,3.9
142,Gloves,Accessories,M,Turquoise,Fall,4.9
143,Jacket,Outerwear,L,Violet,Fall,3.1
144,Coat,Outerwear,M,Beige,Fall,2.7
145,Shoes,Footwear,M,Silver,Fall,3.2
146,Jewelry,Accessories,M,Teal,Fall,4.5
147,Skirt,Clothing,S,Black,Fall,4
148,Shoes,Footwear,M,Purple,Summer,3.5
149,Gloves,Accessories,M,Gray,Fall,2.6
150,Pants,Clothing,M,White,Summer,3.2
151,Boots,Footwear,L,Cyan,Fall,4.9
152,Sunglasses,Accessories,L,Turquoise,Fall,4.5
153,Shirt,Clothing,S,Brown,Summer,4.3
154,Hoodie,Clothing,M,Maroon,Winter,3.2
155,Dress,Clothing,M,Charcoal,Fall,3.6
156,Socks,Clothing,S,Olive,Spring,4.3
157,Shorts,Clothing,M,Lavender,Fall,4
158,Hat,Accessories,S,Yellow,Fall,3
159,Shirt,Clothing,XL,Teal,Fall,4.1
160,Gloves,Accessories,M,Charcoal,Fall,3.8
161,Gloves,Accessories,M,Orange,Summer,4.6
162,Backpack,Accessories,M,Olive,Fall,3
163,Sunglasses,Accessories,M,Turquoise,Summer,3
164,Skirt,Clothing,M,Purple,Summer,3.4
165,Handbag,Accessories,S,Purple,Spring,2.6
166,Handbag,Accessories,S,Yellow,Winter,2.8
167,Sneakers,Footwear,XL,Indigo,Fall,4
168,Gloves,Accessories,M,Green,Fall,4
169,Shoes,Footwear,M,Magenta,Summer,3
170,Jacket,Outerwear,S,Gold,Summer,3.3
171,Shirt,Clothing,M,Maroon,Fall,2.6
172,Shorts,Clothing,M,Blue,Summer,3.6
173,Jewelry,Accessories,M,Violet,Summer,3.9
174,Hat,Accessories,M,Turquoise,Fall,3.4
175,Shoes,Footwear,L,Brown,Winter,3.5
176,Coat,Outerwear,L,Violet,Fall,2.8
177,Backpack,Accessories,L,Black,Spring,2.7
178,Hoodie,Clothing,L,Magenta,Fall,3.7
179,Skirt,Clothing,L,Lavender,Fall,4.3
180,Boots,Footwear,M,Violet,Fall,4.9
181,Sandals,Footwear,L,Green,Fall,3.3
182,Pants,Clothing,M,Beige,Summer,4.7
183,Gloves,Accessories,XL,Purple,Summer,2.8
184,Skirt,Clothing,XL,Beige,Spring,3.6
185,Sneakers,Footwear,L,Cyan,Spring,3
186,T-shirt,Clothing,XL,Silver,Summer,4.5
187,Backpack,Accessories,S,Lavender,Summer,2.9
188,Shoes,Footwear,S,Purple,Spring,3.3
189,Hoodie,Clothing,M,Pink,Spring,3.1
190,Blouse,Clothing,M,Maroon,Fall,4.4
191,Coat,Outerwear,XL,Beige,Fall,3
192,Hat,Accessories,M,Gray,Fall,3.9
193,Shoes,Footwear,L,Turquoise,Summer,2.9
194,Belt,Accessories,S,Silver,Fall,3
195,Backpack,Accessories,M,Olive,Spring,3.1
196,Jacket,Outerwear,M,Magenta,Fall,4.3
197,Boots,Footwear,M,Lavender,Summer,3.9
198,Scarf,Accessories,M,Black,Fall,3.2
199,Jewelry,Accessories,M,Turquoise,Winter,4.8
200,Hat,Accessories,XL,Green,Summer,3.8
201,Dress,Clothing,S,Teal,Summer,3.3
202,Blouse,Clothing,S,Beige,Fall,4.3
203,Hat,Accessories,L,Magenta,Spring,2.7
204,Scarf,Accessories,S,Yellow,Fall,3.2
205,Sneakers,Footwear,M,Yellow,Fall,4
206,Shirt,Clothing,M,Silver,Winter,3
207,T-shirt,Clothing,L,Silver,Summer,4.2
208,Gloves,Accessories,M,Silver,Summer,2.9
209,Skirt,Clothing,M,Gold,Spring,4.1
210,Sandals,Footwear,S,Olive,Winter,3.2
211,Jacket,Outerwear,L,Teal,Fall,3
212,Skirt,Clothing,L,Maroon,Fall,4.2
213,Handbag,Accessories,L,Blue,Fall,4.2
214,Handbag,Accessories,L,Peach,Fall,4.4
215,Jacket,Outerwear,L,Blue,Summer,4.2
216,Scarf,Accessories,S,Orange,Spring,2.8
217,Shorts,Clothing,L,Yellow,Spring,3.7
218,Sunglasses,Accessories,M,Purple,Winter,3.5
219,T-shirt,Clothing,S,Magenta,Spring,2.9
220,Belt,Accessories,M,Cyan,Spring,3
221,Sneakers,Footwear,S,Indigo,Spring,3.7
222,Hat,Accessories,XL,Magenta,Summer,4.4
223,Gloves,Accessories,XL,Gray,Spring,4.5
224,Pants,Clothing,M,Turquoise,Spring,4.8
225,Socks,Clothing,S,Beige,Summer,2.9
226,Jacket,Outerwear,M,Olive,Spring,3.2
227,Shoes,Footwear,L,Violet,Spring,3.3
228,Jeans,Clothing,M,Turquoise,Winter,4.2
229,Socks,Clothing,M,White,Spring,2.9
230,Sandals,Footwear,S,Silver,Spring,4.6
231,Scarf,Accessories,L,Olive,Fall,4.1
232,Blouse,Clothing,M,Blue,Spring,3.1
233,Jewelry,Accessories,L,Purple,Winter,4.2
234,Sweater,Clothing,XL,Yellow,Fall,4.5
235,Gloves,Accessories,S,Silver,Summer,3.7
236,Sunglasses,Accessories,M,Cyan,Winter,3.7
237,Coat,Outerwear,L,Green,Winter,3.4
238,Dress,Clothing,M,Beige,Summer,3
239,Skirt,Clothing,M,Peach,Fall,4.2
240,Pants,Clothing,L,Yellow,Summer,2.9
241,Sweater,Clothing,XL,Turquoise,Winter,3.5
242,Hoodie,Clothing,M,Peach,Winter,4.1
243,Coat,Outerwear,L,Gray,Summer,4.3
244,Jewelry,Accessories,M,Olive,Winter,2.8
245,Belt,Accessories,S,Indigo,Spring,4.9
246,Sandals,Footwear,L,Charcoal,Summer,3.3
247,Sunglasses,Accessories,XL,Beige,Spring,3.2
248,Sweater,Clothing,XL,Brown,Spring,4.4
249,Belt,Accessories,M,Blue,Winter,4.8
250,Handbag,Accessories,S,Teal,Fall,4.2
251,Skirt,Clothing,L,Black,Fall,4
252,Handbag,Accessories,XL,Gold,Winter,2.5
253,Shorts,Clothing,M,Violet,Summer,3.9
254,Boots,Footwear,L,Cyan,Winter,4.9
255,Sunglasses,Accessories,M,White,Winter,3.5
256,Scarf,Accessories,M,Charcoal,Spring,4.2
257,Jewelry,Accessories,XL,Violet,Spring,4.7
258,Handbag,Accessories,M,Red,Summer,4.5
259,Gloves,Accessories,S,Lavender,Spring,2.8
260,Jeans,Clothing,M,Gold,Fall,2.9
261,Hat,Accessories,S,Red,Winter,3.2
262,Jeans,Clothing,L,Magenta,Winter,4.9
263,Pants,Clothing,M,Teal,Summer,3.7
264,Shorts,Clothing,M,Purple,Summer,4.3
265,Pants,Clothing,S,Charcoal,Fall,3.9
266,Backpack,Accessories,M,Gray,Spring,3.2
267,Jewelry,Accessories,L,White,Summer,3.1
268,Sweater,Clothing,M,Olive,Spring,3.9
269,Shoes,Footwear,M,Charcoal,Spring,2.6
270,Blouse,Clothing,M,Charcoal,Winter,3.3
271,Jeans,Clothing,XL,Orange,Fall,4.6
272,Sunglasses,Accessories,XL,Yellow,Summer,4.6
273,Jewelry,Accessories,M,Beige,Summer,4.4
274,Coat,Outerwear,S,Silver,Spring,4.2
275,Jewelry,Accessories,M,Indigo,Spring,3
276,Backpack,Accessories,XL,Lavender,Winter,4
277,Skirt,Clothing,XL,Turquoise,Fall,3.5
278,Shirt,Clothing,M,Green,Winter,3
279,Sweater,Clothing,M,Orange,Spring,3.7
280,Sneakers,Footwear,L,Turquoise,Summer,4
281,Sandals,Footwear,S,Cyan,Fall,4.2
282,Belt,Accessories,XL,Charcoal,Spring,2.5
283,Skirt,Clothing,M,Teal,Summer,3
284,Sweater,Clothing,S,Maroon,Fall,3.2
285,Skirt,Clothing,M,Red,Summer,3.5
286,Handbag,Accessories,XL,Yellow,Summer,4.8
287,Jewelry,Accessories,L,Gray,Summer,2.6
288,Scarf,Accessories,L,Blue,Spring,3.4
289,T-shirt,Clothing,M,Lavender,Winter,3.7
290,Coat,Outerwear,M,Yellow,Fall,4.5
291,T-shirt,Clothing,M,Indigo,Winter,3.7
292,Dress,Clothing,XL,Violet,Fall,3.3
293,Shoes,Footwear,M,Green,Spring,4.7
294,Handbag,Accessories,M,White,Spring,2.7
295,Skirt,Clothing,M,Gold,Spring,4.6
296,Sunglasses,Accessories,M,Indigo,Winter,2.7
297,Sandals,Footwear,S,Lavender,Spring,4.8
298,Shoes,Footwear,XL,Purple,Summer,4.4
299,T-shirt,Clothing,M,Lavender,Winter,4
300,Sneakers,Footwear,M,Maroon,Summer,3.2
301,Hat,Accessories,M,Teal,Spring,4.4
302,Skirt,Clothing,M,Green,Spring,3.8
303,Sweater,Clothing,L,Olive,Summer,3.6
304,Sandals,Footwear,M,Turquoise,Summer,3.3
305,Dress,Clothing,M,Green,Winter,3.4
306,Sweater,Clothing,M,Teal,Fall,3.5
307,Jacket,Outerwear,S,White,Summer,3.6
308,Gloves,Accessories,M,Orange,Winter,3.2
309,Handbag,Accessories,M,Beige,Fall,3.7
310,Dress,Clothing,M,Yellow,Spring,4.5
311,Pants,Clothing,M,Charcoal,Winter,4.6
312,Jeans,Clothing,L,Silver,Winter,4.1
313,Pants,Clothing,L,Green,Spring,3.4
314,Dress,Clothing,M,Pink,Spring,3.7
315,Pants,Clothing,M,Purple,Summer,3.3
316,Jewelry,Accessories,XL,Orange,Spring,4.5
317,Handbag,Accessories,M,Charcoal,Fall,3.3
318,Sweater,Clothing,L,Teal,Fall,4.3
319,Backpack,Accessories,M,Beige,Winter,2.5
320,Shorts,Clothing,XL,White,Spring,2.6
321,Jewelry,Accessories,L,White,Summer,4.9
322,Sneakers,Footwear,L,Orange,Summer,4.7
323,Belt,Accessories,S,Cyan,Winter,3
324,Hoodie,Clothing,M,Orange,Winter,3.5
325,Shirt,Clothing,M,Olive,Summer,4.8
326,Pants,Clothing,M,Charcoal,Winter,4.3
327,Scarf,Accessories,M,White,Fall,3.2
328,Coat,Outerwear,M,Teal,Summer,3.1
329,Coat,Outerwear,M,Yellow,Fall,2.8
330,Socks,Clothing,S,White,Summer,2.9
331,Sweater,Clothing,M,Beige,Winter,3.7
332,Shirt,Clothing,L,Beige,Fall,3.3
333,Shirt,Clothing,M,Maroon,Winter,2.8
334,Sweater,Clothing,M,Teal,Winter,4.5
335,Blouse,Clothing,M,Lavender,Fall,2.6
336,Sweater,Clothing,L,Maroon,Spring,3.7
337,Hat,Accessories,S,Orange,Fall,4.4
338,Sweater,Clothing,M,Cyan,Winter,4.3
339,Hoodie,Clothing,M,Silver,Winter,3.5
340,Shorts,Clothing,M,Teal,Spring,3.8
341,Shorts,Clothing,L,Blue,Summer,3.5
342,Hat,Accessories,S,Blue,Summer,4.6
343,Coat,Outerwear,M,Olive,Spring,2.6
344,Sandals,Footwear,M,Purple,Summer,4.4
345,Skirt,Clothing,M,Charcoal,Winter,4
346,Shoes,Footwear,S,Olive,Winter,4.4
347,Jeans,Clothing,L,Violet,Spring,4.7
348,Sandals,Footwear,L,Red,Fall,3.9
349,Blouse,Clothing,M,Beige,Fall,2.7
350,Hat,Accessories,M,Green,Winter,3.7
351,Sweater,Clothing,M,Violet,Spring,2.6
352,Skirt,Clothing,M,Teal,Winter,3.9
353,Jeans,Clothing,XL,Yellow,Fall,4.9
354,Sneakers,Footwear,L,Yellow,Fall,4.1
355,Jewelry,Accessories,S,Olive,Fall,3
356,Jewelry,Accessories,XL,Magenta,Fall,4.1
357,Pants,Clothing,L,Black,Spring,3.8
358,Belt,Accessories,M,Olive,Spring,4
359,Hat,Accessories,XL,Magenta,Summer,3.6
360,Sneakers,Footwear,M,Olive,Winter,3
361,Pants,Clothing,M,Teal,Summer,3
362,T-shirt,Clothing,M,White,Spring,2.6
363,Sneakers,Footwear,M,Charcoal,Fall,3.4
364,Shorts,Clothing,L,Yellow,Winter,3.1
365,Shoes,Footwear,L,Charcoal,Summer,3
366,Gloves,Accessories,XL,Gray,Summer,3.7
367,Socks,Clothing,M,Turquoise,Spring,3.5
368,Dress,Clothing,XL,Cyan,Spring,2.8
369,Handbag,Accessories,M,Charcoal,Spring,4.5
370,Belt,Accessories,M,Silver,Summer,3.3
371,Scarf,Accessories,M,Olive,Winter,3.4
372,Sneakers,Footwear,S,Pink,Winter,3.2
373,Sweater,Clothing,L,Orange,Summer,3.7
374,Coat,Outerwear,L,White,Summer,4.6
375,Jewelry,Accessories,S,Purple,Spring,5
376,Sunglasses,Accessories,M,Olive,Summer,4.4
377,Shoes,Footwear,S,Gray,Fall,4.9
378,Scarf,Accessories,M,Silver,Spring,4.1
379,Dress,Clothing,L,Orange,Winter,4.9
380,T-shirt,Clothing,S,Magenta,Fall,4.7
381,Backpack,Accessories,XL,Beige,Fall,3
382,Jewelry,Accessories,L,Lavender,Winter,3.4
383,Jeans,Clothing,M,Peach,Winter,3.2
384,Sunglasses,Accessories,S,Magenta,Fall,2.9
385,Sweater,Clothing,M,Beige,Fall,4.5
386,Shorts,Clothing,S,Yellow,Fall,2.7
387,Jewelry,Accessories,L,Brown,Spring,3.4
388,Coat,Outerwear,L,Silver,Summer,4.6
389,Handbag,Accessories,M,Orange,Summer,2.7
390,Boots,Footwear,L,Purple,Spring,4.2
391,Gloves,Accessories,M,Indigo,Winter,3.2
392,Sweater,Clothing,L,Gray,Spring,4.8
393,T-shirt,Clothing,XL,Black,Spring,3.3
394,Shoes,Footwear,L,Maroon,Fall,4.2
395,Scarf,Accessories,M,Beige,Spring,4.8
396,Sneakers,Footwear,L,Brown,Winter,4.9
397,Dress,Clothing,S,Black,Fall,3.9
398,Belt,Accessories,M,Indigo,Fall,3
399,Boots,Footwear,S,Silver,Winter,4.6
400,Scarf,Accessories,L,Blue,Fall,3.5
401,Boots,Footwear,M,Green,Winter,4.8
402,T-shirt,Clothing,L,Orange,Fall,4.8
403,Backpack,Accessories,L,Cyan,Fall,3
404,Sneakers,Footwear,M,Orange,Winter,4.5
405,T-shirt,Clothing,M,Indigo,Spring,4.8
406,Jeans,Clothing,S,Silver,Summer,3.8
407,Gloves,Accessories,M,Peach,Spring,4.6
408,Hoodie,Clothing,XL,Teal,Spring,3.1
409,Sneakers,Footwear,L,White,Spring,3.4
410,Shorts,Clothing,M,Brown,Winter,3.3
411,Sweater,Clothing,L,Lavender,Spring,4.8
412,Jeans,Clothing,M,Indigo,Summer,2.8
413,Jacket,Outerwear,M,Yellow,Summer,3.1
414,Jewelry,Accessories,S,White,Summer,4.6
415,Backpack,Accessories,L,Violet,Winter,2.6
416,Coat,Outerwear,M,Lavender,Winter,2.6
417,Belt,Accessories,L,Olive,Spring,3.8
418,Sandals,Footwear,L,Beige,Fall,4.5
419,Sweater,Clothing,L,Purple,Spring,3
420,Shorts,Clothing,S,Teal,Winter,3.5
421,Socks,Clothing,S,Peach,Spring,3.8
422,Shirt,Clothing,M,Violet,Winter,3.5
423,Pants,Clothing,M,Purple,Fall,3.1
424,Scarf,Accessories,L,Teal,Spring,3
425,Sweater,Clothing,M,Gold,Winter,4.3
426,Jeans,Clothing,S,Teal,Winter,3.3
427,Pants,Clothing,M,Violet,Winter,4.7
428,Backpack,Accessories,L,Black,Winter,4.5
429,Coat,Outerwear,XL,Gold,Winter,2.9
430,Sandals,Footwear,M,Gold,Winter,4.1
431,Shirt,Clothing,M,Brown,Summer,3.5
432,Hat,Accessories,L,Cyan,Winter,3.4
433,Shirt,Clothing,S,Indigo,Fall,3.3
434,Skirt,Clothing,M,Orange,Fall,3.2
435,Shoes,Footwear,L,Pink,Spring,4
436,Coat,Outerwear,XL,Olive,Winter,3.6
437,Pants,Clothing,L,Cyan,Summer,4.6
438,Jewelry,Accessories,M,Peach,Summer,2.6
439,Belt,Accessories,M,Turquoise,Winter,4.3
440,Jacket,Outerwear,M,Turquoise,Summer,3.4
441,Shirt,Clothing,XL,Maroon,Winter,3.5
442,Hoodie,Clothing,M,Maroon,Winter,4.2
443,Sunglasses,Accessories,M,Olive,Fall,3.5
444,Sunglasses,Accessories,M,Magenta,Summer,3.6
445,Dress,Clothing,M,Red,Summer,4.3
446,Boots,Footwear,M,Olive,Fall,4.9
447,Shirt,Clothing,M,Silver,Summer,4.1
448,Shorts,Clothing,S,Turquoise,Spring,3.6
449,Gloves,Accessories,M,Yellow,Summer,3.4
450,Jewelry,Accessories,L,Peach,Summer,2.9
451,Boots,Footwear,L,Beige,Summer,2.7
452,Jewelry,Accessories,M,Pink,Summer,4.3
453,Pants,Clothing,M,Violet,Summer,3.3
454,Jewelry,Accessories,XL,Peach,Winter,2.8
455,Jacket,Outerwear,S,Gold,Summer,3.2
456,Blouse,Clothing,XL,Gold,Fall,3.6
457,Blouse,Clothing,S,Indigo,Fall,4
458,Gloves,Accessories,M,Blue,Spring,4.9
459,Shorts,Clothing,L,Black,Winter,4
460,Hat,Accessories,L,Black,Winter,3.8
461,Shoes,Footwear,L,Teal,Summer,3.7
462,Boots,Footwear,M,Yellow,Winter,3.9
463,Jacket,Outerwear,M,White,Fall,3.3
464,Jewelry,Accessories,S,Orange,Summer,2.7
465,Sunglasses,Accessories,M,Silver,Winter,4.7
466,Skirt,Clothing,M,Pink,Summer,2.8
467,Jeans,Clothing,L,Turquoise,Winter,4.6
468,Backpack,Accessories,S,Orange,Spring,4.5
469,Backpack,Accessories,S,Peach,Fall,5
470,Shorts,Clothing,L,Pink,Fall,4.1
471,Dress,Clothing,L,Teal,Summer,4.6
472,Scarf,Accessories,XL,White,Winter,4.9
473,Jeans,Clothing,L,Gray,Winter,3.9
474,Coat,Outerwear,L,Olive,Spring,3.9
475,Sweater,Clothing,XL,Maroon,Summer,2.6
476,Sneakers,Footwear,L,Magenta,Summer,2.7
477,Scarf,Accessories,M,Magenta,Spring,3.5
478,Sweater,Clothing,M,Green,Summer,3.7
479,Jewelry,Accessories,XL,Turquoise,Winter,3.2
480,Handbag,Accessories,L,Yellow,Winter,3.3
481,Hoodie,Clothing,M,Gray,Summer,4.8
482,Hat,Accessories,L,Peach,Fall,3.2
483,Belt,Accessories,M,Yellow,Winter,2.5
484,Hoodie,Clothing,M,White,Fall,3.9
485,Hat,Accessories,L,Lavender,Summer,4.7
486,Shoes,Footwear,S,Blue,Spring,2.6
487,Sandals,Footwear,M,Charcoal,Fall,2.8
488,Jacket,Outerwear,L,Red,Winter,4.4
489,Sweater,Clothing,L,Olive,Spring,4.6
490,Socks,Clothing,M,Green,Summer,3.2
491,Sneakers,Footwear,M,Silver,Winter,4.2
492,Coat,Outerwear,M,Silver,Summer,3.7
493,Shirt,Clothing,M,Black,Fall,3.9
494,Backpack,Accessories,XL,Red,Summer,4.7
495,Boots,Footwear,M,Indigo,Winter,4.5
496,Handbag,Accessories,XL,Cyan,Fall,3.3
497,Dress,Clothing,S,Maroon,Fall,3.3
498,Sneakers,Footwear,S,Silver,Winter,4.6
499,Boots,Footwear,M,Lavender,Spring,3.6
500,Shoes,Footwear,L,Silver,Winter,4.8
501,T-shirt,Clothing,L,Purple,Fall,4.8
502,Boots,Footwear,M,Cyan,Spring,2.9
503,Pants,Clothing,S,Cyan,Fall,2.8
504,Shoes,Footwear,M,Lavender,Summer,3.2
505,Shoes,Footwear,M,Maroon,Winter,3.9
506,T-shirt,Clothing,L,Gray,Spring,4.3
507,Scarf,Accessories,M,Olive,Fall,2.7
508,Shorts,Clothing,M,Magenta,Spring,5
509,Jewelry,Accessories,S,Yellow,Winter,3.7
510,T-shirt,Clothing,L,Cyan,Summer,3.9
511,Shirt,Clothing,M,Teal,Fall,3.9
512,Shirt,Clothing,L,Yellow,Fall,3.1
513,Gloves,Accessories,L,Peach,Winter,3.3
514,Scarf,Accessories,M,Peach,Fall,3.6
515,Skirt,Clothing,S,Olive,Winter,4.3
516,Hat,Accessories,L,Charcoal,Spring,4.5
517,Hoodie,Clothing,L,Indigo,Fall,2.8
518,Boots,Footwear,L,Silver,Fall,2.7
519,Blouse,Clothing,M,Beige,Fall,2.9
520,Belt,Accessories,L,Blue,Summer,4.4
521,Sunglasses,Accessories,M,White,Spring,3.9
522,Shorts,Clothing,L,Gold,Winter,3.5
523,Gloves,Accessories,M,Blue,Spring,2.5
524,Sandals,Footwear,M,Orange,Spring,4.9
525,Shirt,Clothing,M,Gold,Summer,4.8
526,Coat,Outerwear,M,Cyan,Spring,3.2
527,Pants,Clothing,S,Red,Winter,4.9
528,T-shirt,Clothing,L,Yellow,Winter,4.3
529,Sneakers,Footwear,S,Beige,Winter,3.2
530,Shorts,Clothing,M,Orange,Fall,3.7
531,Coat,Outerwear,XL,Magenta,Winter,3.2
532,Sandals,Footwear,L,Purple,Fall,3.4
533,Pants,Clothing,L,Black,Winter,4.1
534,Sandals,Footwear,L,Pink,Spring,4.5
535,Gloves,Accessories,L,Pink,Fall,4.5
536,T-shirt,Clothing,L,Maroon,Spring,3.2
537,Jacket,Outerwear,S,Maroon,Fall,4.4
538,Blouse,Clothing,S,Turquoise,Summer,3
539,Socks,Clothing,XL,Green,Spring,3.2
540,Coat,Outerwear,M,Violet,Winter,4
541,Dress,Clothing,M,Lavender,Spring,3.1
542,Jacket,Outerwear,L,Gray,Fall,2.8
543,Boots,Footwear,XL,Teal,Spring,4.6
544,Skirt,Clothing,S,Red,Spring,4.3
545,Sandals,Footwear,S,Yellow,Summer,3.3
546,Coat,Outerwear,L,Magenta,Summer,3.5
547,Hoodie,Clothing,M,Brown,Winter,3.4
548,Jacket,Outerwear,M,Blue,Winter,2.8
549,Backpack,Accessories,M,Black,Winter,4.6
550,Backpack,Accessories,S,Olive,Fall,3.6
551,Belt,Accessories,M,Olive,Summer,3.3
552,Coat,Outerwear,XL,Green,Fall,3.1
553,T-shirt,Clothing,M,Peach,Fall,3.5
554,Sunglasses,Accessories,M,White,Winter,3.2
555,Sneakers,Footwear,M,Red,Summer,3
556,Gloves,Accessories,M,White,Fall,4.8
557,Coat,Outerwear,L,Indigo,Winter,5
558,Shirt,Clothing,M,White,Spring,2.9
559,Sneakers,Footwear,L,Teal,Fall,3.2
560,Scarf,Accessories,M,Indigo,Fall,2.9
561,Jewelry,Accessories,L,Red,Fall,3.3
562,Jacket,Outerwear,M,Blue,Fall,2.6
563,Jeans,Clothing,M,Blue,Summer,3.5
564,Shoes,Footwear,M,Black,Fall,4.4
565,Hoodie,Clothing,M,Olive,Winter,3.4
566,Backpack,Accessories,L,Lavender,Fall,4.2
567,Sneakers,Footwear,M,Indigo,Spring,3.6
568,Blouse,Clothing,S,Red,Winter,3
569,Pants,Clothing,L,Red,Summer,4
570,Skirt,Clothing,M,Pink,Fall,4.4
571,T-shirt,Clothing,XL,Purple,Fall,4.1
572,Jacket,Outerwear,XL,Cyan,Spring,3.6
573,Scarf,Accessories,XL,Cyan,Summer,4.6
574,Pants,Clothing,M,Charcoal,Summer,3.2
575,Sneakers,Footwear,L,Red,Fall,4.8
576,Jeans,Clothing,M,Peach,Fall,4.8
577,Hat,Accessories,M,Black,Winter,5
578,Skirt,Clothing,M,Black,Fall,3.7
579,Sandals,Footwear,M,Purple,Fall,4.6
580,Sandals,Footwear,M,Violet,Winter,3.7
581,Sweater,Clothing,M,Orange,Spring,4.1
582,Sweater,Clothing,XL,Charcoal,Winter,2.7
583,Jacket,Outerwear,L,Turquoise,Spring,4.9
584,Shorts,Clothing,L,Yellow,Spring,4
585,Socks,Clothing,M,White,Spring,4.7
586,Socks,Clothing,M,Gray,Fall,2.8
587,Hoodie,Clothing,S,Blue,Winter,4.9
588,Socks,Clothing,S,Maroon,Fall,4.2
589,Boots,Footwear,M,Violet,Fall,3
590,Shirt,Clothing,M,Orange,Fall,3.4
591,Belt,Accessories,S,Turquoise,Fall,4.6
592,Backpack,Accessories,L,Olive,Fall,4.2
593,Boots,Footwear,M,Brown,Fall,3.2
594,Coat,Outerwear,S,Green,Winter,4.4
595,Hoodie,Clothing,S,Brown,Winter,2.5
596,Shoes,Footwear,M,Silver,Summer,3.6
597,Shoes,Footwear,XL,White,Summer,4.5
598,Jewelry,Accessories,L,Gold,Summer,3.4
599,Dress,Clothing,L,Green,Winter,3.2
600,Boots,Footwear,L,Teal,Spring,4.2
601,Hat,Accessories,M,Charcoal,Spring,5
602,Backpack,Accessories,M,Maroon,Summer,4.7
603,Shoes,Footwear,L,Lavender,Summer,4.2
604,Handbag,Accessories,L,Green,Winter,3.4
605,Sunglasses,Accessories,S,Pink,Fall,4.4
606,Hat,Accessories,XL,Charcoal,Winter,4.2
607,Scarf,Accessories,M,Blue,Spring,4.5
608,Hoodie,Clothing,L,Purple,Fall,2.8
609,Backpack,Accessories,S,Gold,Fall,3.3
610,Sweater,Clothing,L,Purple,Fall,4.6
611,Shorts,Clothing,M,Charcoal,Summer,2.5
612,Scarf,Accessories,M,Black,Winter,4.7
613,Hat,Accessories,L,Lavender,Fall,4.6
614,Coat,Outerwear,L,Lavender,Fall,2.6
615,Jewelry,Accessories,M,Lavender,Winter,4
616,Sandals,Footwear,L,Olive,Summer,2.6
617,Gloves,Accessories,L,Teal,Spring,4.6
618,Backpack,Accessories,M,Maroon,Fall,2.6
619,Jacket,Outerwear,L,Cyan,Spring,4
620,Backpack,Accessories,M,Charcoal,Summer,4.6
621,Backpack,Accessories,M,Black,Fall,3.7
622,Sunglasses,Accessories,S,Red,Fall,4.4
623,Socks,Clothing,S,Peach,Spring,4
624,Shoes,Footwear,M,White,Fall,4.7
625,Pants,Clothing,XL,Pink,Fall,3.4
626,Jewelry,Accessories,M,Red,Fall,4
627,Sunglasses,Accessories,M,Indigo,Spring,3.9
628,Sandals,Footwear,L,Black,Winter,4.1
629,Sweater,Clothing,M,White,Fall,3.7
630,Shoes,Footwear,L,Beige,Spring,4.7
631,Jewelry,Accessories,S,Silver,Fall,4.3
632,Boots,Footwear,S,Violet,Summer,4.1
633,Backpack,Accessories,M,Red,Winter,3.9
634,Sandals,Footwear,M,Orange,Spring,2.9
635,Sneakers,Footwear,M,Teal,Summer,3.9
636,Hoodie,Clothing,M,Brown,Fall,4.3
637,Handbag,Accessories,M,Indigo,Summer,2.8
638,Sweater,Clothing,M,Cyan,Winter,3.4
639,Sandals,Footwear,S,Blue,Summer,2.7
640,Dress,Clothing,L,Olive,Spring,4
641,Skirt,Clothing,M,Gray,Summer,4.4
642,Blouse,Clothing,M,Red,Winter,3.9
643,Skirt,Clothing,L,Red,Spring,2.8
644,Sweater,Clothing,XL,Green,Winter,3.2
645,Backpack,Accessories,S,Blue,Summer,4.3
646,Hoodie,Clothing,S,Purple,Summer,4.2
647,Boots,Footwear,XL,Pink,Spring,4.9
648,Blouse,Clothing,XL,Charcoal,Summer,3.7
649,Hoodie,Clothing,M,Brown,Winter,4.1
650,Pants,Clothing,L,Orange,Spring,4.2
651,Gloves,Accessories,M,Magenta,Spring,3.9
652,Hat,Accessories,L,Yellow,Summer,2.9
653,Sunglasses,Accessories,M,Beige,Winter,3.1
654,Scarf,Accessories,M,Olive,Winter,3.6
655,Handbag,Accessories,L,Gray,Summer,4.4
656,Handbag,Accessories,S,Purple,Fall,3.1
657,Jeans,Clothing,M,Beige,Summer,3.9
658,Jacket,Outerwear,M,White,Winter,4.3
659,Backpack,Accessories,S,White,Fall,4.9
660,Shorts,Clothing,S,Gold,Spring,3.6
661,Coat,Outerwear,M,Olive,Fall,5
662,Shirt,Clothing,XL,Green,Fall,4.1
663,Gloves,Accessories,L,Magenta,Fall,2.8
664,Dress,Clothing,M,Charcoal,Fall,4.7
665,Pants,Clothing,M,Indigo,Winter,4.4
666,Pants,Clothing,M,Peach,Spring,4.9
667,Hoodie,Clothing,L,Turquoise,Winter,3.1
668,Sunglasses,Accessories,S,Blue,Winter,2.6
669,T-shirt,Clothing,S,Turquoise,Fall,2.9
670,Jacket,Outerwear,M,Gray,Spring,3.3
671,Sweater,Clothing,XL,Purple,Spring,4.8
672,Jacket,Outerwear,L,Black,Winter,4.7
673,Socks,Clothing,M,Peach,Winter,3.3
674,Shirt,Clothing,M,Indigo,Spring,4.2
675,Jewelry,Accessories,XL,Beige,Winter,4.7
676,Sunglasses,Accessories,M,Yellow,Spring,2.6
677,Pants,Clothing,M,Peach,Winter,2.9
678,Socks,Clothing,S,Turquoise,Summer,2.7
679,Blouse,Clothing,M,Teal,Fall,3.3
680,Sandals,Footwear,M,Turquoise,Fall,3.4
681,Sneakers,Footwear,M,Magenta,Spring,4.2
682,Shirt,Clothing,XL,Purple,Winter,3.8
683,Jacket,Outerwear,M,Brown,Summer,4
684,Sandals,Footwear,S,Violet,Winter,2.7
685,Hat,Accessories,M,Yellow,Summer,4.7
686,Blouse,Clothing,XL,Magenta,Winter,3.5
687,Sweater,Clothing,L,Beige,Fall,3
688,Gloves,Accessories,XL,Turquoise,Winter,3.3
689,Scarf,Accessories,S,Peach,Summer,4.7
690,Hoodie,Clothing,M,Orange,Summer,4.7
691,Shorts,Clothing,XL,Red,Spring,4.8
692,Backpack,Accessories,L,Silver,Summer,2.9
693,Sunglasses,Accessories,M,Cyan,Spring,4
694,Shorts,Clothing,L,Turquoise,Spring,3.1
695,Dress,Clothing,S,Charcoal,Fall,3.5
696,Shorts,Clothing,XL,Peach,Summer,3.7
697,Belt,Accessories,L,Green,Fall,2.8
698,Scarf,Accessories,XL,Brown,Summer,4.6
699,Boots,Footwear,M,Yellow,Winter,3.8
700,Handbag,Accessories,M,Charcoal,Fall,2.6
701,Pants,Clothing,L,Olive,Winter,4.1
702,Boots,Footwear,L,Red,Fall,3.3
703,Shirt,Clothing,M,White,Winter,3.4
704,Dress,Clothing,L,Pink,Summer,3
705,Hoodie,Clothing,S,Black,Spring,3.2
706,Pants,Clothing,XL,Indigo,Summer,4.5
707,Jeans,Clothing,L,Turquoise,Summer,4.8
708,Shirt,Clothing,L,Purple,Spring,3.7
709,Backpack,Accessories,L,Beige,Summer,3.4
710,Jacket,Outerwear,L,Charcoal,Summer,4.6
711,Scarf,Accessories,L,Turquoise,Spring,4.1
712,Boots,Footwear,M,Maroon,Spring,3.5
713,Blouse,Clothing,XL,Black,Summer,3.8
714,Hoodie,Clothing,M,Lavender,Summer,2.6
715,Jacket,Outerwear,M,Magenta,Fall,4.4
716,Jeans,Clothing,L,Green,Spring,2.6
717,Jewelry,Accessories,M,Olive,Spring,3.6
718,Socks,Clothing,L,Green,Spring,4.2
719,Shirt,Clothing,M,Peach,Summer,4.6
720,Shorts,Clothing,L,Turquoise,Summer,3.3
721,Jewelry,Accessories,L,Orange,Fall,3.4
722,Blouse,Clothing,L,Silver,Summer,4.4
723,Sweater,Clothing,S,Blue,Summer,4.3
724,Jewelry,Accessories,L,Cyan,Fall,3.5
725,T-shirt,Clothing,XL,Green,Fall,4.7
726,Hat,Accessories,L,Silver,Winter,3.1
727,Shorts,Clothing,L,Yellow,Summer,3.6
728,Sweater,Clothing,S,Gray,Winter,4.8
729,Jeans,Clothing,M,Pink,Winter,3.7
730,Sunglasses,Accessories,L,Beige,Summer,3.2
731,Boots,Footwear,M,Indigo,Summer,3.9
732,Coat,Outerwear,M,Red,Spring,3.5
733,Shirt,Clothing,L,Blue,Spring,2.8
734,Dress,Clothing,L,Cyan,Fall,2.7
735,Shirt,Clothing,S,Violet,Winter,3.1
736,Sunglasses,Accessories,M,Orange,Fall,3.6
737,Dress,Clothing,L,Maroon,Spring,2.9
738,Sunglasses,Accessories,M,Teal,Spring,3.6
739,Sunglasses,Accessories,L,Orange,Winter,3.5
740,Shorts,Clothing,S,Purple,Summer,3.5
741,Jeans,Clothing,M,Orange,Summer,2.8
742,T-shirt,Clothing,XL,Yellow,Summer,4.7
743,Pants,Clothing,M,Charcoal,Summer,3.1
744,Sunglasses,Accessories,L,Gray,Fall,4.9
745,Boots,Footwear,S,Charcoal,Spring,4.1
746,T-shirt,Clothing,L,Orange,Fall,4.7
747,Sandals,Footwear,M,Red,Winter,2.5
748,Shorts,Clothing,L,Gold,Spring,4.4
749,Hat,Accessories,L,Brown,Fall,3.9
750,Scarf,Accessories,M,Olive,Winter,3.7
751,T-shirt,Clothing,L,Violet,Fall,3.4
752,Gloves,Accessories,L,Indigo,Fall,4.8
753,Scarf,Accessories,L,Yellow,Fall,4.2
754,Boots,Footwear,M,Teal,Fall,3.4
755,Gloves,Accessories,L,Pink,Spring,2.9
756,Coat,Outerwear,M,Violet,Spring,3.3
757,Belt,Accessories,S,Orange,Summer,4.8
758,Hoodie,Clothing,M,Red,Fall,3.8
759,Shoes,Footwear,L,Peach,Summer,4.6
760,Dress,Clothing,XL,Green,Winter,2.6
761,Gloves,Accessories,XL,Violet,Fall,3.4
762,Jewelry,Accessories,L,Yellow,Fall,4.2
763,Belt,Accessories,M,Pink,Fall,3.9
764,Sweater,Clothing,M,Brown,Spring,2.9
765,Skirt,Clothing,XL,Silver,Fall,4.2
766,Sneakers,Footwear,M,Pink,Summer,3
767,Gloves,Accessories,M,Cyan,Winter,3.6
768,Coat,Outerwear,M,Brown,Fall,2.5
769,Backpack,Accessories,XL,Red,Spring,2.6
770,Socks,Clothing,M,Silver,Spring,4.3
771,Sneakers,Footwear,M,Gray,Spring,3.3
772,Sweater,Clothing,L,Cyan,Fall,2.6
773,Jeans,Clothing,L,Teal,Fall,3.6
774,Hat,Accessories,L,Indigo,Winter,2.6
775,Hat,Accessories,M,Yellow,Summer,3.5
776,Handbag,Accessories,S,Gold,Winter,3
777,Shirt,Clothing,M,Maroon,Spring,5
778,Socks,Clothing,XL,Silver,Spring,2.5
779,Socks,Clothing,M,Yellow,Summer,2.9
780,Dress,Clothing,M,Blue,Spring,4.6
781,Shoes,Footwear,M,Turquoise,Spring,3.6
782,Scarf,Accessories,L,Indigo,Winter,3
783,Hoodie,Clothing,M,Green,Summer,4.5
784,T-shirt,Clothing,L,Purple,Winter,4.5
785,Jeans,Clothing,M,Peach,Winter,3.2
786,Shorts,Clothing,S,Purple,Spring,4
787,Hat,Accessories,S,Teal,Winter,4.8
788,Handbag,Accessories,S,Green,Spring,3.7
789,Pants,Clothing,XL,Yellow,Summer,3.8
790,Handbag,Accessories,S,Purple,Fall,2.7
791,Sweater,Clothing,M,Indigo,Summer,4.9
792,Scarf,Accessories,S,Magenta,Summer,3.1
793,Sneakers,Footwear,M,Violet,Spring,4.2
794,Pants,Clothing,L,Maroon,Summer,3.8
795,Backpack,Accessories,XL,Yellow,Winter,4.2
796,Sandals,Footwear,M,Beige,Summer,4.6
797,Socks,Clothing,XL,Black,Fall,4
798,Coat,Outerwear,M,Violet,Fall,4
799,Socks,Clothing,M,Violet,Spring,3.8
800,Belt,Accessories,L,Brown,Summer,3.3
801,Socks,Clothing,S,Gold,Summer,2.6
802,Belt,Accessories,L,Blue,Fall,4.9
803,Pants,Clothing,M,Teal,Winter,3.5
804,Shorts,Clothing,L,Silver,Winter,2.8
805,Boots,Footwear,M,Maroon,Summer,2.6
806,Dress,Clothing,L,White,Summer,3.7
807,Jeans,Clothing,L,Charcoal,Summer,2.7
808,T-shirt,Clothing,S,Brown,Winter,3.3
809,Shoes,Footwear,L,Lavender,Fall,4.6
810,Boots,Footwear,M,Violet,Fall,4.9
811,Scarf,Accessories,S,Lavender,Fall,4.9
812,Sneakers,Footwear,M,Green,Winter,2.7
813,Boots,Footwear,M,Olive,Summer,3.2
814,Handbag,Accessories,S,Olive,Summer,2.9
815,Shirt,Clothing,M,Pink,Winter,3.8
816,Hat,Accessories,L,Teal,Spring,3
817,Sweater,Clothing,L,Cyan,Summer,3.9
818,Handbag,Accessories,S,Gray,Spring,4.7
819,Shirt,Clothing,M,Peach,Winter,4.9
820,Sunglasses,Accessories,S,Teal,Winter,4.8
821,Sneakers,Footwear,M,Turquoise,Spring,2.5
822,Hoodie,Clothing,M,Green,Spring,3.9
823,Shirt,Clothing,L,Magenta,Winter,3.4
824,Sunglasses,Accessories,M,Green,Winter,2.5
825,Blouse,Clothing,M,White,Spring,3
826,Belt,Accessories,XL,Brown,Fall,3.6
827,Dress,Clothing,M,Purple,Winter,3.6
828,Shoes,Footwear,S,Green,Fall,4.1
829,Socks,Clothing,M,Peach,Fall,3.7
830,Socks,Clothing,S,Silver,Spring,3.1
831,Shorts,Clothing,M,Maroon,Fall,4.2
832,Gloves,Accessories,M,Red,Summer,4.3
833,Jacket,Outerwear,L,Blue,Fall,2.5
834,Handbag,Accessories,M,Purple,Fall,3.5
835,Backpack,Accessories,M,Indigo,Summer,3.1
836,Boots,Footwear,L,Indigo,Summer,2.5
837,Gloves,Accessories,L,Violet,Winter,3.9
838,Hoodie,Clothing,L,Brown,Spring,4.9
839,Coat,Outerwear,M,Gray,Spring,4.3
840,Shirt,Clothing,L,Teal,Spring,2.6
841,Shirt,Clothing,L,Teal,Summer,4.2
842,Sweater,Clothing,M,Beige,Summer,2.6
843,Shirt,Clothing,M,Violet,Spring,3.6
844,Hoodie,Clothing,S,Beige,Summer,3.2
845,Sandals,Footwear,L,Purple,Winter,4.4
846,Belt,Accessories,XL,Charcoal,Winter,3.7
847,Boots,Footwear,M,Pink,Spring,3.7
848,Hoodie,Clothing,L,Blue,Fall,4.1
849,Sandals,Footwear,M,Lavender,Fall,3.6
850,Jeans,Clothing,S,Charcoal,Spring,4.3
851,Shoes,Footwear,L,Turquoise,Winter,2.6
852,Sandals,Footwear,M,Red,Summer,2.9
853,Dress,Clothing,L,Yellow,Spring,4.2
854,Hat,Accessories,L,Orange,Winter,4
855,Pants,Clothing,L,Blue,Spring,4.3
856,Socks,Clothing,L,Gold,Spring,3
857,Shirt,Clothing,M,Gold,Summer,3.5
858,Shorts,Clothing,L,Cyan,Fall,3
859,Jacket,Outerwear,L,Olive,Fall,3.1
860,Hoodie,Clothing,M,Teal,Winter,4
861,Shoes,Footwear,M,Maroon,Spring,4.1
862,Skirt,Clothing,XL,Green,Spring,3.3
863,Coat,Outerwear,M,Charcoal,Winter,4.9
864,Sneakers,Footwear,M,Cyan,Summer,3.9
865,Jeans,Clothing,S,Charcoal,Winter,3.9
866,Blouse,Clothing,L,Charcoal,Winter,4.8
867,Sunglasses,Accessories,M,Lavender,Summer,2.7
868,Jacket,Outerwear,M,Turquoise,Spring,3.1
869,Dress,Clothing,M,Green,Summer,3.2
870,Hat,Accessories,M,Silver,Spring,2.7
871,Hoodie,Clothing,M,Blue,Fall,2.5
872,Handbag,Accessories,M,Charcoal,Spring,2.6
873,Jeans,Clothing,M,Pink,Spring,2.9
874,Boots,Footwear,M,Pink,Summer,4.2
875,Jacket,Outerwear,M,Magenta,Fall,4.4
876,Sandals,Footwear,L,Gray,Summer,4.1
877,Belt,Accessories,L,Gray,Summer,3.8
878,Handbag,Accessories,M,Orange,Winter,4.9
879,Sunglasses,Accessories,S,Black,Summer,4.9
880,Skirt,Clothing,S,Lavender,Spring,4.1
881,Backpack,Accessories,L,Red,Spring,3.1
882,Sandals,Footwear,M,Silver,Summer,2.7
883,Boots,Footwear,M,Cyan,Fall,3.8
884,Sneakers,Footwear,S,Gold,Fall,4.3
885,Skirt,Clothing,L,Yellow,Winter,4.1
886,Dress,Clothing,L,Purple,Fall,4.4
887,Shorts,Clothing,S,Brown,Summer,3.6
888,Handbag,Accessories,L,Turquoise,Winter,3.3
889,Scarf,Accessories,S,Gold,Spring,3.6
890,Belt,Accessories,S,Olive,Fall,2.8
891,Gloves,Accessories,S,Purple,Spring,4.3
892,Skirt,Clothing,S,Lavender,Summer,3.9
893,Shorts,Clothing,L,Gray,Summer,2.7
894,Backpack,Accessories,M,Red,Spring,4.7
895,Hoodie,Clothing,L,Purple,Spring,3.8
896,Hat,Accessories,XL,Olive,Spring,4.7
897,Jewelry,Accessories,M,Lavender,Spring,4.7
898,Shirt,Clothing,M,Gray,Spring,3.4
899,Belt,Accessories,L,Red,Spring,3.5
900,Sweater,Clothing,M,Peach,Summer,4
901,Hat,Accessories,L,Gray,Fall,3.3
902,Scarf,Accessories,L,Violet,Summer,4.7
903,Hat,Accessories,M,Beige,Summer,2.8
904,Jacket,Outerwear,M,Blue,Winter,3.3
905,T-shirt,Clothing,L,Magenta,Spring,2.9
906,Dress,Clothing,S,Cyan,Spring,2.8
907,Pants,Clothing,M,Red,Spring,4.2
908,Sweater,Clothing,L,Cyan,Winter,4.4
909,Sunglasses,Accessories,M,Turquoise,Winter,3.6
910,Belt,Accessories,L,Silver,Fall,2.7
911,Hoodie,Clothing,S,Pink,Spring,3.4
912,Pants,Clothing,M,Black,Winter,2.8
913,Hoodie,Clothing,M,Green,Winter,3.4
914,Sneakers,Footwear,M,Yellow,Fall,2.6
915,Dress,Clothing,L,Purple,Summer,4.1
916,Dress,Clothing,L,Purple,Winter,2.9
917,Jeans,Clothing,S,Blue,Spring,2.7
918,Sweater,Clothing,M,Maroon,Spring,3.7
919,Shorts,Clothing,M,Orange,Spring,4.3
920,Shirt,Clothing,L,Green,Winter,2.6
921,Belt,Accessories,XL,Gold,Summer,4.3
922,Coat,Outerwear,L,Silver,Summer,4.1
923,Sneakers,Footwear,M,Cyan,Fall,4.2
924,Shirt,Clothing,M,Silver,Spring,4.2
925,Socks,Clothing,XL,Beige,Winter,3.1
926,Jeans,Clothing,L,Teal,Winter,4.9
927,Jeans,Clothing,XL,Green,Spring,4.4
928,Sneakers,Footwear,L,Black,Summer,4.4
929,Dress,Clothing,XL,Yellow,Winter,3.4
930,Boots,Footwear,M,White,Fall,4.5
931,T-shirt,Clothing,L,Green,Fall,4.5
932,Coat,Outerwear,M,Silver,Winter,4.1
933,Skirt,Clothing,L,Blue,Winter,3.2
934,Sneakers,Footwear,M,Magenta,Spring,2.7
935,Jeans,Clothing,S,Yellow,Spring,3.7
936,Hoodie,Clothing,L,White,Fall,2.6
937,Shoes,Footwear,M,Pink,Summer,2.7
938,Shorts,Clothing,M,Magenta,Summer,2.7
939,Blouse,Clothing,S,Teal,Fall,4.8
940,T-shirt,Clothing,L,Indigo,Winter,4.8
941,Belt,Accessories,S,Maroon,Spring,2.6
942,Handbag,Accessories,L,Black,Winter,4.5
943,Dress,Clothing,M,Cyan,Winter,3.2
944,Hat,Accessories,L,Cyan,Winter,3.8
945,Belt,Accessories,S,Gray,Spring,4.8
946,Boots,Footwear,M,Violet,Summer,4.1
947,Coat,Outerwear,XL,Blue,Spring,2.8
948,Blouse,Clothing,M,Charcoal,Winter,3.9
949,Hat,Accessories,L,Olive,Summer,4.9
950,Jeans,Clothing,M,Olive,Summer,3.4
951,Backpack,Accessories,XL,Turquoise,Winter,4.1
952,Dress,Clothing,M,Cyan,Summer,2.9
953,Hat,Accessories,S,Red,Fall,3.1
954,Sunglasses,Accessories,S,Cyan,Spring,3.6
955,Hat,Accessories,S,Turquoise,Fall,3.5
956,Dress,Clothing,L,Lavender,Summer,3.4
957,Shirt,Clothing,XL,Cyan,Spring,2.9
958,Scarf,Accessories,XL,Violet,Spring,4.7
959,Sneakers,Footwear,XL,Beige,Winter,4.4
960,Skirt,Clothing,M,Cyan,Spring,2.6
961,Jewelry,Accessories,XL,Indigo,Spring,4.4
962,Boots,Footwear,L,Olive,Fall,3.7
963,Sunglasses,Accessories,L,Green,Spring,4.4
964,Boots,Footwear,L,Green,Spring,2.5
965,Sandals,Footwear,M,Beige,Spring,2.6
966,Boots,Footwear,L,Black,Spring,5
967,Dress,Clothing,M,Brown,Spring,4.9
968,Hoodie,Clothing,S,Silver,Summer,3.7
969,Shorts,Clothing,L,Gray,Summer,3.1
970,Coat,Outerwear,S,Pink,Fall,3.2
971,Jeans,Clothing,S,Maroon,Winter,4.4
972,Sunglasses,Accessories,M,Cyan,Summer,4.3
973,Sneakers,Footwear,L,Gold,Winter,3
974,Jacket,Outerwear,M,Teal,Fall,3.5
975,Skirt,Clothing,M,Beige,Spring,3.6
976,Sweater,Clothing,M,Olive,Summer,3.8
977,T-shirt,Clothing,M,Gray,Fall,3.6
978,Belt,Accessories,M,Black,Spring,4.6
979,Gloves,Accessories,M,Turquoise,Summer,2.5
980,Hat,Accessories,S,Brown,Fall,3.5
981,Boots,Footwear,S,Magenta,Spring,4
982,Belt,Accessories,M,Silver,Spring,3.5
983,Coat,Outerwear,S,Red,Summer,3.2
984,Hat,Accessories,L,Indigo,Winter,3.5
985,Shoes,Footwear,M,Green,Summer,3.4
986,Handbag,Accessories,M,Gray,Fall,5
987,Scarf,Accessories,S,Peach,Spring,4.5
988,Handbag,Accessories,M,Charcoal,Summer,2.8
989,Pants,Clothing,M,Orange,Winter,4.9
990,Shoes,Footwear,M,Beige,Spring,3.1
991,Sunglasses,Accessories,S,Yellow,Spring,4.8
992,Shorts,Clothing,XL,White,Spring,2.7
993,Jacket,Outerwear,M,Gray,Winter,4.6
994,Sandals,Footwear,M,Peach,Winter,4.4
995,Shoes,Footwear,L,Violet,Fall,3.2
996,Jewelry,Accessories,M,Magenta,Spring,3
997,Sandals,Footwear,L,Maroon,Summer,4.9
998,Pants,Clothing,M,Cyan,Spring,3.6
999,Shoes,Footwear,M,White,Spring,3.8
1000,Socks,Clothing,L,Brown,Spring,2.9
1001,Socks,Clothing,M,Red,Winter,3.9
1002,Dress,Clothing,M,Orange,Fall,3.6
1003,Shoes,Footwear,M,White,Spring,3.5
1004,Hat,Accessories,M,Green,Fall,4
1005,Backpack,Accessories,M,Black,Summer,4.8
1006,Backpack,Accessories,M,Gold,Winter,3.9
1007,Pants,Clothing,S,Lavender,Summer,4.5
1008,Gloves,Accessories,XL,Turquoise,Spring,4.8
1009,Scarf,Accessories,M,Pink,Spring,2.6
1010,Hoodie,Clothing,M,Silver,Summer,3.1
1011,Jeans,Clothing,XL,Gray,Spring,4.7
1012,Backpack,Accessories,L,Indigo,Spring,2.9
1013,Sandals,Footwear,L,Teal,Summer,3.8
1014,Belt,Accessories,XL,Green,Summer,3.8
1015,Shoes,Footwear,M,Violet,Summer,3
1016,Gloves,Accessories,M,Cyan,Summer,4.1
1017,Belt,Accessories,XL,Blue,Summer,3.4
1018,Jacket,Outerwear,L,Orange,Fall,2.5
1019,Dress,Clothing,XL,Charcoal,Spring,4.9
1020,Shirt,Clothing,S,Beige,Winter,2.8
1021,Scarf,Accessories,M,Black,Fall,4.5
1022,Coat,Outerwear,S,Lavender,Winter,4.9
1023,Handbag,Accessories,M,Lavender,Winter,4.9
1024,Sunglasses,Accessories,S,Turquoise,Winter,3.5
1025,T-shirt,Clothing,M,Purple,Summer,3.5
1026,Shirt,Clothing,M,Olive,Winter,4.9
1027,Handbag,Accessories,L,Turquoise,Winter,3
1028,Jewelry,Accessories,L,Teal,Summer,2.8
1029,Hoodie,Clothing,S,Lavender,Summer,3.7
1030,Gloves,Accessories,M,Purple,Spring,3.6
1031,Coat,Outerwear,L,Blue,Winter,3.3
1032,Sandals,Footwear,M,Teal,Spring,3.4
1033,Boots,Footwear,M,Lavender,Fall,4
1034,Pants,Clothing,S,Silver,Spring,4.6
1035,Socks,Clothing,M,Olive,Fall,4.2
1036,Blouse,Clothing,M,Brown,Fall,2.8
1037,Handbag,Accessories,M,Yellow,Fall,3.7
1038,Jewelry,Accessories,XL,Brown,Spring,3.4
1039,Pants,Clothing,XL,Cyan,Fall,3
1040,Belt,Accessories,M,Magenta,Fall,4.8
1041,Jeans,Clothing,S,Magenta,Fall,4
1042,Shirt,Clothing,M,Orange,Summer,4.9
1043,Belt,Accessories,M,Maroon,Spring,4.9
1044,Jeans,Clothing,M,Green,Spring,3.3
1045,Jeans,Clothing,L,Teal,Summer,4.4
1046,Sweater,Clothing,L,Black,Fall,3.5
1047,Sneakers,Footwear,M,Magenta,Winter,4.2
1048,Socks,Clothing,S,Olive,Fall,4.2
1049,Socks,Clothing,L,Yellow,Fall,2.7
1050,Sunglasses,Accessories,S,Purple,Fall,2.8
1051,Sneakers,Footwear,M,Beige,Winter,3.8
1052,Socks,Clothing,M,Indigo,Fall,2.6
1053,Shoes,Footwear,XL,Pink,Fall,3
1054,Blouse,Clothing,M,Blue,Spring,3.3
1055,Shorts,Clothing,L,Cyan,Winter,4.9
1056,Jacket,Outerwear,M,Orange,Spring,3.3
1057,Sweater,Clothing,L,Black,Winter,2.9
1058,Jacket,Outerwear,S,Maroon,Spring,4.4
1059,Scarf,Accessories,L,Violet,Summer,3.1
1060,Jacket,Outerwear,M,Beige,Winter,2.5
1061,Sweater,Clothing,S,Gray,Summer,2.6
1062,Coat,Outerwear,M,Gray,Summer,4.4
1063,Boots,Footwear,M,Brown,Fall,2.6
1064,Hoodie,Clothing,S,Indigo,Summer,3.3
1065,Hat,Accessories,M,Violet,Spring,3.5
1066,T-shirt,Clothing,XL,Blue,Spring,4.1
1067,Coat,Outerwear,M,Red,Winter,4
1068,Dress,Clothing,S,Peach,Summer,2.7
1069,Shirt,Clothing,M,Olive,Fall,2.5
1070,Skirt,Clothing,XL,White,Fall,4.3
1071,Jewelry,Accessories,M,Magenta,Summer,3.3
1072,Hat,Accessories,M,Beige,Summer,2.6
1073,Shorts,Clothing,L,Gold,Fall,3.5
1074,Scarf,Accessories,XL,Purple,Spring,4
1075,Jewelry,Accessories,S,White,Fall,2.6
1076,Sunglasses,Accessories,L,Indigo,Summer,4.9
1077,Coat,Outerwear,L,Charcoal,Spring,2.9
1078,Jacket,Outerwear,M,Pink,Winter,3.7
1079,Sweater,Clothing,M,Silver,Fall,4.4
1080,Coat,Outerwear,S,Blue,Summer,4.4
1081,Scarf,Accessories,L,Blue,Fall,3.8
1082,Belt,Accessories,XL,Brown,Spring,4.5
1083,Hat,Accessories,XL,Cyan,Winter,2.6
1084,Backpack,Accessories,L,Teal,Summer,3.3
1085,T-shirt,Clothing,S,Purple,Fall,4.1
1086,Jewelry,Accessories,M,Turquoise,Winter,3
1087,Sunglasses,Accessories,M,Olive,Winter,3
1088,Jeans,Clothing,S,White,Winter,3.4
1089,Pants,Clothing,M,Turquoise,Winter,2.7
1090,Backpack,Accessories,M,Silver,Spring,3.8
1091,Scarf,Accessories,M,Violet,Spring,4.2
1092,Sweater,Clothing,L,Lavender,Spring,4.7
1093,Jewelry,Accessories,L,Magenta,Spring,4.1
1094,Sneakers,Footwear,S,Indigo,Winter,4.2
1095,Jewelry,Accessories,M,Black,Winter,4.8
1096,Coat,Outerwear,S,Peach,Summer,3
1097,Coat,Outerwear,S,Beige,Fall,2.6
1098,Sunglasses,Accessories,M,Black,Summer,3.2
1099,Handbag,Accessories,S,Turquoise,Spring,3.6
1100,Sweater,Clothing,M,Peach,Fall,2.6
1101,Pants,Clothing,L,Gold,Spring,4.4
1102,Gloves,Accessories,XL,Silver,Fall,3
1103,Sweater,Clothing,M,Peach,Fall,2.9
1104,Hoodie,Clothing,S,Charcoal,Spring,4.3
1105,Hat,Accessories,M,Beige,Fall,3.1
1106,T-shirt,Clothing,S,Olive,Spring,3
1107,Skirt,Clothing,L,Violet,Winter,3.6
1108,Sneakers,Footwear,M,Peach,Fall,2.8
1109,Shorts,Clothing,M,Teal,Fall,2.8
1110,Hoodie,Clothing,L,Violet,Winter,4.9
1111,Hoodie,Clothing,L,Cyan,Fall,3
1112,Shoes,Footwear,S,Olive,Summer,4.1
1113,Hoodie,Clothing,XL,Pink,Spring,4.6
1114,Sunglasses,Accessories,M,Purple,Summer,4.8
1115,Skirt,Clothing,L,Violet,Fall,2.6
1116,Hat,Accessories,S,Peach,Fall,4
1117,Backpack,Accessories,M,Charcoal,Winter,4.2
1118,Sunglasses,Accessories,L,Lavender,Spring,4.5
1119,Belt,Accessories,M,Purple,Summer,4.9
1120,Jewelry,Accessories,M,Indigo,Spring,3.1
1121,Sneakers,Footwear,M,Magenta,Winter,4
1122,T-shirt,Clothing,XL,Peach,Fall,3.2
1123,Handbag,Accessories,S,Charcoal,Spring,4.3
1124,Hat,Accessories,S,Purple,Fall,2.5
1125,Sweater,Clothing,M,Orange,Spring,4.9
1126,Sandals,Footwear,M,Lavender,Summer,2.7
1127,Scarf,Accessories,L,Beige,Winter,3.4
1128,Shirt,Clothing,XL,Maroon,Spring,4.8
1129,Gloves,Accessories,L,Charcoal,Winter,4.7
1130,Hoodie,Clothing,XL,White,Winter,4.7
1131,Jewelry,Accessories,M,Lavender,Summer,3.9
1132,Shirt,Clothing,M,Black,Spring,3.7
1133,Hoodie,Clothing,S,Teal,Spring,4.3
1134,Shoes,Footwear,XL,Magenta,Winter,4.1
1135,T-shirt,Clothing,M,Brown,Summer,4.6
1136,Skirt,Clothing,L,Peach,Winter,3.6
1137,Handbag,Accessories,S,Cyan,Summer,4.8
1138,Shirt,Clothing,XL,Pink,Winter,2.8
1139,Pants,Clothing,M,Purple,Summer,4.7
1140,Coat,Outerwear,L,Purple,Spring,3.9
1141,Jeans,Clothing,M,White,Winter,2.6
1142,Gloves,Accessories,S,Silver,Winter,4.7
1143,T-shirt,Clothing,L,Green,Spring,3.5
1144,Boots,Footwear,L,Teal,Winter,4.4
1145,Jeans,Clothing,S,Indigo,Fall,4.4
1146,Sneakers,Footwear,L,Pink,Summer,3
1147,Sneakers,Footwear,M,Indigo,Summer,4.2
1148,Hat,Accessories,XL,Red,Winter,4.3
1149,Pants,Clothing,M,Violet,Spring,2.6
1150,Jewelry,Accessories,L,Cyan,Spring,3.3
1151,Jewelry,Accessories,S,Red,Winter,2.7
1152,Blouse,Clothing,M,Gray,Spring,4.2
1153,Handbag,Accessories,M,Gold,Fall,4
1154,Shirt,Clothing,M,Pink,Summer,4
1155,Dress,Clothing,L,Cyan,Spring,2.9
1156,T-shirt,Clothing,S,Red,Fall,2.6
1157,Shoes,Footwear,M,Gold,Summer,4.8
1158,Belt,Accessories,M,Charcoal,Fall,4.4
1159,Belt,Accessories,L,Orange,Summer,4
1160,Handbag,Accessories,L,Blue,Fall,3.6
1161,Scarf,Accessories,S,Blue,Summer,3.2
1162,Shorts,Clothing,S,Orange,Fall,3.1
1163,Sandals,Footwear,M,Blue,Winter,4.2
1164,Pants,Clothing,L,White,Summer,3
1165,Dress,Clothing,M,Green,Winter,4.2
1166,T-shirt,Clothing,M,Silver,Winter,2.9
1167,Dress,Clothing,S,Lavender,Winter,3.7
1168,Socks,Clothing,XL,Beige,Summer,3.6
1169,Scarf,Accessories,L,Violet,Summer,3.6
1170,Backpack,Accessories,S,Gray,Fall,4.5
1171,Skirt,Clothing,S,Red,Spring,3.2
1172,Socks,Clothing,M,Lavender,Spring,3.9
1173,Coat,Outerwear,L,Peach,Spring,4.6
1174,Jewelry,Accessories,M,Indigo,Winter,2.5
1175,Backpack,Accessories,M,Black,Winter,4.3
1176,Belt,Accessories,M,Beige,Spring,4.1
1177,Dress,Clothing,M,Red,Winter,4.6
1178,Skirt,Clothing,M,Black,Spring,4.8
1179,Dress,Clothing,M,Teal,Spring,4.9
1180,T-shirt,Clothing,M,Blue,Summer,2.8
1181,Skirt,Clothing,S,Beige,Spring,4.9
1182,Shorts,Clothing,L,Teal,Summer,3.5
1183,Jewelry,Accessories,M,Maroon,Spring,3.8
1184,Pants,Clothing,M,Yellow,Spring,4.5
1185,Belt,Accessories,S,Indigo,Fall,3.4
1186,Jeans,Clothing,M,Magenta,Spring,3.9
1187,Jeans,Clothing,M,Beige,Summer,4.1
1188,Hat,Accessories,L,Maroon,Fall,3
1189,Blouse,Clothing,M,Magenta,Summer,3.3
1190,Shirt,Clothing,XL,Teal,Summer,4.9
1191,Shirt,Clothing,M,Orange,Winter,4.3
1192,T-shirt,Clothing,L,Charcoal,Winter,4.1
1193,Coat,Outerwear,M,Turquoise,Summer,4
1194,Jacket,Outerwear,L,Pink,Fall,5
1195,Hoodie,Clothing,S,Teal,Winter,3.1
1196,Scarf,Accessories,M,White,Winter,4
1197,Belt,Accessories,M,Maroon,Winter,3.2
1198,Sneakers,Footwear,L,Violet,Fall,3.9
1199,Socks,Clothing,M,Brown,Summer,3.9
1200,Sandals,Footwear,M,Indigo,Fall,4.5
1201,Coat,Outerwear,XL,Black,Winter,4.4
1202,Shoes,Footwear,XL,Black,Summer,3.1
1203,Scarf,Accessories,S,Olive,Spring,2.9
1204,Sneakers,Footwear,M,Orange,Winter,3.7
1205,Belt,Accessories,M,Pink,Spring,3.2
1206,Handbag,Accessories,M,Olive,Spring,3.5
1207,Handbag,Accessories,S,Cyan,Fall,3
1208,Boots,Footwear,M,White,Summer,4.1
1209,Boots,Footwear,S,Red,Winter,2.9
1210,Pants,Clothing,M,Blue,Winter,3.8
1211,Sunglasses,Accessories,M,Olive,Fall,4.1
1212,Hoodie,Clothing,M,Green,Spring,4.6
1213,Shoes,Footwear,M,Yellow,Summer,2.5
1214,Handbag,Accessories,XL,Black,Spring,3.7
1215,Jacket,Outerwear,M,Blue,Fall,3.8
1216,Blouse,Clothing,L,Pink,Winter,2.6
1217,Pants,Clothing,XL,Lavender,Summer,3.7
1218,Boots,Footwear,XL,Cyan,Fall,2.6
1219,Boots,Footwear,M,Cyan,Spring,3.1
1220,Sweater,Clothing,M,Gold,Winter,2.5
1221,Gloves,Accessories,M,Green,Winter,4.9
1222,Socks,Clothing,M,Red,Winter,4.5
1223,Jeans,Clothing,L,Magenta,Fall,3.4
1224,Pants,Clothing,L,Red,Winter,3.9
1225,Shorts,Clothing,M,Yellow,Summer,3.7
1226,Gloves,Accessories,S,Turquoise,Fall,2.6
1227,Sandals,Footwear,S,Cyan,Fall,3.4
1228,Blouse,Clothing,L,Yellow,Spring,4.9
1229,Jacket,Outerwear,S,Yellow,Winter,3.9
1230,Jewelry,Accessories,XL,Maroon,Winter,3.6
1231,Hat,Accessories,L,Brown,Spring,4.6
1232,Socks,Clothing,M,Gold,Spring,4
1233,Handbag,Accessories,M,Charcoal,Summer,3.6
1234,Pants,Clothing,L,Beige,Winter,3.5
1235,Gloves,Accessories,M,Indigo,Fall,4.1
1236,Sweater,Clothing,M,Red,Spring,3
1237,Hat,Accessories,M,White,Summer,4.4
1238,Dress,Clothing,S,Charcoal,Spring,4.4
1239,Pants,Clothing,M,Violet,Winter,3.7
1240,Coat,Outerwear,XL,Magenta,Spring,4.8
1241,Scarf,Accessories,L,White,Winter,2.9
1242,Hoodie,Clothing,XL,Pink,Winter,3.1
1243,Socks,Clothing,M,Lavender,Summer,4
1244,Blouse,Clothing,S,Pink,Spring,3
1245,Socks,Clothing,S,Silver,Summer,3.9
1246,Dress,Clothing,M,Violet,Fall,3.4
1247,Hoodie,Clothing,M,Charcoal,Winter,2.7
1248,T-shirt,Clothing,M,Charcoal,Spring,3.5
1249,Hat,Accessories,XL,Red,Winter,3
1250,Boots,Footwear,M,Peach,Winter,4.5
1251,Jeans,Clothing,XL,Purple,Winter,4.1
1252,Shorts,Clothing,XL,Orange,Spring,5
1253,Sandals,Footwear,L,Magenta,Fall,4
1254,Sandals,Footwear,XL,Red,Winter,4.9
1255,Sneakers,Footwear,XL,Black,Spring,3.3
1256,Hat,Accessories,M,Peach,Fall,4.1
1257,Coat,Outerwear,S,Olive,Winter,3.6
1258,Dress,Clothing,L,Gold,Spring,3
1259,Boots,Footwear,XL,Gold,Spring,4.1
1260,Skirt,Clothing,M,Turquoise,Fall,3.9
1261,Shirt,Clothing,XL,Green,Spring,4.1
1262,Shirt,Clothing,L,Maroon,Summer,2.8
1263,Boots,Footwear,L,Brown,Winter,4.8
1264,Hoodie,Clothing,L,Brown,Winter,4.6
1265,Sweater,Clothing,S,Blue,Winter,2.5
1266,Shirt,Clothing,M,Lavender,Spring,2.7
1267,Blouse,Clothing,M,Peach,Fall,4
1268,T-shirt,Clothing,S,Gray,Spring,2.7
1269,Jacket,Outerwear,XL,Charcoal,Winter,2.9
1270,Jewelry,Accessories,M,Lavender,Spring,3
1271,Hoodie,Clothing,M,Green,Fall,3.3
1272,Jewelry,Accessories,S,Gray,Spring,4.3
1273,Sandals,Footwear,M,Orange,Winter,4.4
1274,Jeans,Clothing,L,Silver,Spring,4.1
1275,Hat,Accessories,M,Olive,Spring,3.1
1276,Sweater,Clothing,S,Turquoise,Fall,4.5
1277,Boots,Footwear,L,Turquoise,Spring,4.8
1278,Blouse,Clothing,L,Green,Spring,5
1279,Shorts,Clothing,M,Violet,Fall,2.8
1280,Hoodie,Clothing,L,Charcoal,Fall,3.7
1281,Pants,Clothing,L,White,Winter,4.4
1282,Belt,Accessories,M,Olive,Spring,4.5
1283,Shirt,Clothing,L,Violet,Winter,3
1284,Shirt,Clothing,M,Violet,Winter,3.9
1285,Dress,Clothing,M,Black,Spring,3.9
1286,Gloves,Accessories,M,Charcoal,Fall,3.5
1287,Gloves,Accessories,L,Yellow,Winter,4.9
1288,Jeans,Clothing,XL,Blue,Winter,3.4
1289,Belt,Accessories,XL,Charcoal,Winter,4.1
1290,Jacket,Outerwear,M,Red,Fall,2.9
1291,Skirt,Clothing,M,Indigo,Spring,3.4
1292,Sandals,Footwear,S,Beige,Spring,3.2
1293,Belt,Accessories,M,Maroon,Summer,3.9
1294,Sweater,Clothing,XL,Yellow,Fall,4.1
1295,Shirt,Clothing,M,Silver,Summer,4.5
1296,Sneakers,Footwear,M,Olive,Fall,2.8
1297,Jeans,Clothing,S,Teal,Spring,2.8
1298,Sandals,Footwear,M,Silver,Summer,4.6
1299,Pants,Clothing,S,Indigo,Summer,3
1300,Belt,Accessories,L,Teal,Fall,3.6
1301,T-shirt,Clothing,M,Charcoal,Spring,4.5
1302,Shirt,Clothing,M,Orange,Fall,5
1303,Sneakers,Footwear,M,Gold,Fall,2.9
1304,Blouse,Clothing,L,Silver,Summer,3.1
1305,Backpack,Accessories,S,Orange,Spring,4
1306,Pants,Clothing,XL,Peach,Spring,4.5
1307,Sweater,Clothing,L,Brown,Winter,4.5
1308,Coat,Outerwear,L,Black,Summer,3.1
1309,Dress,Clothing,L,Red,Summer,4.4
1310,Blouse,Clothing,L,Lavender,Summer,4.7
1311,Hoodie,Clothing,L,Brown,Winter,3.1
1312,Shoes,Footwear,M,Maroon,Fall,4.2
1313,T-shirt,Clothing,M,Violet,Winter,3
1314,Shoes,Footwear,M,Lavender,Summer,2.6
1315,Boots,Footwear,S,Magenta,Summer,3.4
1316,Shorts,Clothing,L,Green,Spring,4.2
1317,Belt,Accessories,S,Lavender,Spring,4.6
1318,Pants,Clothing,M,Green,Spring,2.8
1319,Shorts,Clothing,M,Maroon,Spring,2.7
1320,Sunglasses,Accessories,M,Magenta,Spring,4
1321,Hat,Accessories,XL,Teal,Fall,3.1
1322,T-shirt,Clothing,L,Orange,Winter,3.7
1323,Pants,Clothing,M,Violet,Winter,4
1324,Shorts,Clothing,M,Yellow,Spring,4.6
1325,Jewelry,Accessories,S,Orange,Summer,3.8
1326,Backpack,Accessories,L,Gold,Summer,3.5
1327,Shoes,Footwear,M,Indigo,Spring,4.6
1328,Coat,Outerwear,M,Turquoise,Winter,2.8
1329,Sweater,Clothing,M,Orange,Winter,3.7
1330,Gloves,Accessories,M,Indigo,Fall,3.3
1331,Handbag,Accessories,M,Charcoal,Fall,2.9
1332,Socks,Clothing,M,Lavender,Spring,3.2
1333,Hoodie,Clothing,S,Gold,Spring,4.3
1334,Pants,Clothing,M,Lavender,Winter,2.7
1335,Coat,Outerwear,S,White,Spring,4.2
1336,Boots,Footwear,M,Lavender,Fall,4.8
1337,Sneakers,Footwear,M,Charcoal,Spring,4.8
1338,Sweater,Clothing,L,Silver,Spring,3.4
1339,Handbag,Accessories,S,Yellow,Winter,2.6
1340,Belt,Accessories,L,Olive,Winter,5
1341,Belt,Accessories,M,Peach,Fall,4.4
1342,Hoodie,Clothing,XL,Yellow,Fall,2.9
1343,Sunglasses,Accessories,XL,Yellow,Summer,3.4
1344,Sneakers,Footwear,M,Indigo,Spring,3.4
1345,T-shirt,Clothing,S,Violet,Fall,4.9
1346,Dress,Clothing,M,White,Fall,3.6
1347,Hoodie,Clothing,L,White,Winter,3
1348,Sweater,Clothing,M,Cyan,Summer,3.9
1349,Belt,Accessories,XL,Purple,Spring,3.2
1350,Socks,Clothing,XL,Black,Spring,3.2
1351,Sunglasses,Accessories,M,Orange,Fall,4.3
1352,Coat,Outerwear,L,Maroon,Summer,2.8
1353,Hat,Accessories,XL,Orange,Spring,4.5
1354,Pants,Clothing,M,Teal,Winter,4.1
1355,Backpack,Accessories,M,Gray,Spring,3.6
1356,Shorts,Clothing,M,Blue,Summer,3
1357,Jacket,Outerwear,M,Cyan,Spring,4
1358,Backpack,Accessories,S,Red,Summer,3.5
1359,Scarf,Accessories,XL,Pink,Spring,2.5
1360,Hoodie,Clothing,S,Cyan,Winter,4.3
1361,Skirt,Clothing,L,Black,Fall,2.8
1362,Dress,Clothing,M,Beige,Fall,3.7
1363,Coat,Outerwear,M,Gray,Fall,4.3
1364,Blouse,Clothing,L,Red,Summer,4
1365,Hat,Accessories,L,Yellow,Fall,4.7
1366,Handbag,Accessories,M,Magenta,Winter,4.5
1367,Belt,Accessories,M,Magenta,Fall,3.1
1368,Belt,Accessories,S,Black,Fall,3.8
1369,Shirt,Clothing,L,Orange,Summer,4.9
1370,Shoes,Footwear,M,Green,Winter,3.2
1371,Scarf,Accessories,L,Peach,Summer,2.9
1372,Pants,Clothing,M,Charcoal,Spring,2.8
1373,Blouse,Clothing,M,Gray,Fall,4
1374,Gloves,Accessories,L,Turquoise,Winter,2.6
1375,Handbag,Accessories,M,Red,Fall,2.7
1376,Sneakers,Footwear,L,Brown,Spring,4.1
1377,Sandals,Footwear,L,Pink,Spring,5
1378,Sunglasses,Accessories,L,Olive,Spring,3
1379,Jacket,Outerwear,XL,Lavender,Fall,3.6
1380,T-shirt,Clothing,L,Purple,Fall,2.8
1381,Sneakers,Footwear,S,Beige,Winter,4.6
1382,Shoes,Footwear,L,Green,Winter,2.9
1383,Jacket,Outerwear,L,Brown,Winter,4.8
1384,Scarf,Accessories,M,Beige,Spring,3.3
1385,Sneakers,Footwear,M,Beige,Fall,4.6
1386,Jewelry,Accessories,M,Indigo,Fall,2.6
1387,Jacket,Outerwear,M,Silver,Fall,4
1388,Blouse,Clothing,M,Gold,Winter,3.8
1389,Dress,Clothing,M,Lavender,Spring,3.9
1390,Scarf,Accessories,L,Orange,Fall,2.6
1391,Hat,Accessories,M,Maroon,Summer,4.3
1392,Blouse,Clothing,S,White,Winter,3.6
1393,Gloves,Accessories,M,Yellow,Spring,4.2
1394,Gloves,Accessories,L,Yellow,Spring,3.9
1395,Coat,Outerwear,L,Magenta,Fall,4.7
1396,Scarf,Accessories,L,Turquoise,Spring,2.8
1397,Pants,Clothing,XL,Lavender,Winter,3
1398,Sunglasses,Accessories,S,Magenta,Summer,4.7
1399,Dress,Clothing,M,Cyan,Summer,2.5
1400,Hat,Accessories,M,Olive,Winter,3.1
1401,Backpack,Accessories,M,Red,Fall,3.6
1402,Sandals,Footwear,M,Blue,Fall,3.5
1403,Sunglasses,Accessories,L,White,Summer,3.1
1404,Backpack,Accessories,M,Peach,Spring,3.6
1405,Jewelry,Accessories,M,Charcoal,Winter,3.5
1406,Socks,Clothing,M,Peach,Winter,2.7
1407,Shirt,Clothing,L,Turquoise,Spring,3.6
1408,Handbag,Accessories,XL,Charcoal,Spring,4.5
1409,Blouse,Clothing,M,Yellow,Winter,4.1
1410,Backpack,Accessories,M,Blue,Spring,4.2
1411,Hat,Accessories,M,Purple,Summer,4
1412,Skirt,Clothing,L,Green,Summer,2.8
1413,Shorts,Clothing,M,Charcoal,Summer,2.6
1414,Blouse,Clothing,S,Indigo,Fall,2.7
1415,Socks,Clothing,M,Black,Summer,4.5
1416,Belt,Accessories,M,Blue,Winter,3.7
1417,Boots,Footwear,L,Silver,Summer,3.4
1418,Shorts,Clothing,S,Brown,Spring,4.6
1419,Shirt,Clothing,M,Violet,Summer,4.1
1420,Handbag,Accessories,M,Orange,Summer,2.6
1421,Jeans,Clothing,XL,Gray,Summer,4.6
1422,Dress,Clothing,S,Gold,Spring,3
1423,Dress,Clothing,L,Charcoal,Fall,3.4
1424,Sandals,Footwear,S,Black,Fall,3.5
1425,Jacket,Outerwear,S,Indigo,Fall,3.5
1426,Coat,Outerwear,S,White,Winter,3.7
1427,Pants,Clothing,M,Yellow,Summer,4.8
1428,Backpack,Accessories,S,Orange,Summer,4.9
1429,Blouse,Clothing,S,Green,Summer,4.9
1430,Skirt,Clothing,L,Gold,Fall,4.7
1431,Sandals,Footwear,S,Orange,Summer,4.9
1432,Pants,Clothing,M,Cyan,Fall,2.9
1433,Hat,Accessories,L,Black,Winter,4.4
1434,Hoodie,Clothing,L,Yellow,Winter,3.2
1435,Sweater,Clothing,L,Maroon,Summer,4.6
1436,Scarf,Accessories,XL,Black,Fall,4
1437,Sneakers,Footwear,M,Gray,Winter,3.7
1438,Boots,Footwear,XL,Orange,Winter,4.2
1439,Coat,Outerwear,M,Cyan,Spring,2.9
1440,Boots,Footwear,M,Magenta,Summer,4.8
1441,Sandals,Footwear,M,Pink,Spring,4.4
1442,Pants,Clothing,S,Turquoise,Summer,3.4
1443,Hoodie,Clothing,S,Violet,Spring,2.8
1444,Sandals,Footwear,L,Teal,Fall,4.2
1445,Sweater,Clothing,L,Pink,Fall,3.8
1446,Belt,Accessories,M,Gold,Fall,3.1
1447,Jeans,Clothing,XL,Red,Summer,3.2
1448,Hoodie,Clothing,S,Beige,Summer,3
1449,Boots,Footwear,M,Black,Summer,3.6
1450,Socks,Clothing,L,Lavender,Winter,2.5
1451,Dress,Clothing,S,Teal,Winter,3.4
1452,Jacket,Outerwear,M,Maroon,Fall,2.5
1453,Jacket,Outerwear,L,Blue,Spring,4.7
1454,Boots,Footwear,S,Teal,Winter,3.2
1455,Sneakers,Footwear,L,Maroon,Winter,2.9
1456,Pants,Clothing,L,Silver,Fall,4.9
1457,Coat,Outerwear,S,Olive,Spring,2.7
1458,Shirt,Clothing,S,Gray,Spring,4.7
1459,Sweater,Clothing,M,Peach,Spring,2.9
1460,Shoes,Footwear,L,Yellow,Winter,4.8
1461,Boots,Footwear,L,Violet,Fall,4.6
1462,Sunglasses,Accessories,S,Red,Summer,5
1463,Sneakers,Footwear,S,Charcoal,Summer,4.8
1464,Jewelry,Accessories,M,Beige,Summer,4.9
1465,Belt,Accessories,M,Peach,Winter,4.6
1466,Gloves,Accessories,XL,Violet,Winter,3.9
1467,Shorts,Clothing,M,Green,Summer,4.5
1468,Jewelry,Accessories,XL,Olive,Winter,4.7
1469,Gloves,Accessories,S,Silver,Fall,3.9
1470,Jewelry,Accessories,M,Purple,Winter,4.4
1471,Sandals,Footwear,M,Silver,Spring,3.9
1472,Jewelry,Accessories,S,Gray,Spring,2.8
1473,Hat,Accessories,L,Turquoise,Spring,3.5
1474,Shorts,Clothing,M,Violet,Fall,4.3
1475,Sweater,Clothing,S,Pink,Fall,3.9
1476,Blouse,Clothing,M,Teal,Spring,4
1477,Hat,Accessories,M,Magenta,Fall,4.1
1478,Belt,Accessories,XL,Silver,Summer,4.3
1479,Gloves,Accessories,M,Blue,Summer,4.2
1480,Coat,Outerwear,L,Black,Spring,4
1481,Jewelry,Accessories,M,Gold,Fall,3.6
1482,Skirt,Clothing,S,Gray,Spring,3.3
1483,Gloves,Accessories,S,Magenta,Spring,4.1
1484,Jewelry,Accessories,S,Yellow,Summer,4.7
1485,Shorts,Clothing,M,Teal,Summer,4.4
1486,Gloves,Accessories,L,Red,Spring,3.4
1487,Sneakers,Footwear,S,Yellow,Spring,5
1488,Skirt,Clothing,L,Black,Summer,4.6
1489,Hat,Accessories,L,Pink,Winter,4
1490,Jewelry,Accessories,XL,Magenta,Summer,4.1
1491,Sneakers,Footwear,L,Olive,Spring,4.9
1492,Shirt,Clothing,S,Black,Summer,2.7
1493,Jacket,Outerwear,M,Maroon,Summer,4.5
1494,Belt,Accessories,S,Gold,Fall,2.7
1495,T-shirt,Clothing,M,Gray,Spring,3
1496,Jewelry,Accessories,M,Brown,Winter,4.5
1497,T-shirt,Clothing,M,Purple,Winter,5
1498,Jacket,Outerwear,S,Magenta,Spring,3.8
1499,Sweater,Clothing,M,Teal,Summer,3.1
1500,Boots,Footwear,S,Olive,Fall,3.4
1501,Jeans,Clothing,L,Maroon,Summer,4.8
1502,Jeans,Clothing,XL,Silver,Spring,2.7
1503,Pants,Clothing,M,Black,Summer,3.2
1504,Jacket,Outerwear,M,Maroon,Fall,3.9
1505,Jacket,Outerwear,M,Teal,Winter,4.2
1506,Belt,Accessories,M,Teal,Summer,3
1507,Shirt,Clothing,L,Beige,Fall,3
1508,Dress,Clothing,S,Maroon,Winter,3.7
1509,Blouse,Clothing,L,Beige,Spring,4.4
1510,Dress,Clothing,XL,White,Summer,4.6
1511,Blouse,Clothing,XL,Gray,Fall,3
1512,Dress,Clothing,M,Violet,Winter,3.6
1513,Sneakers,Footwear,L,Silver,Winter,3.9
1514,Socks,Clothing,M,Red,Spring,4.1
1515,Shoes,Footwear,L,Brown,Winter,3.9
1516,Jeans,Clothing,S,Turquoise,Fall,3.9
1517,Jeans,Clothing,L,Indigo,Winter,4.5
1518,Gloves,Accessories,M,Violet,Spring,3.4
1519,Belt,Accessories,M,Yellow,Winter,4.1
1520,Sunglasses,Accessories,L,Cyan,Fall,4.9
1521,Hat,Accessories,M,Brown,Summer,4.4
1522,Backpack,Accessories,M,White,Summer,2.7
1523,Shorts,Clothing,L,Yellow,Spring,4.8
1524,Socks,Clothing,M,White,Summer,3.3
1525,Socks,Clothing,L,Pink,Summer,4.4
1526,Belt,Accessories,M,Indigo,Winter,4.6
1527,Jacket,Outerwear,L,White,Summer,3.1
1528,Hat,Accessories,L,Red,Fall,4.5
1529,T-shirt,Clothing,S,Red,Spring,4
1530,Backpack,Accessories,M,Lavender,Winter,3.1
1531,Coat,Outerwear,M,Teal,Spring,3.9
1532,Backpack,Accessories,S,Violet,Spring,4.5
1533,Jacket,Outerwear,S,Silver,Winter,4.4
1534,Shoes,Footwear,M,Gold,Summer,3.6
1535,Blouse,Clothing,M,Green,Summer,3.4
1536,Sandals,Footwear,S,Turquoise,Fall,4
1537,Sunglasses,Accessories,M,Indigo,Summer,2.6
1538,Shoes,Footwear,L,Black,Spring,3.2
1539,Dress,Clothing,L,Charcoal,Fall,3.2
1540,Belt,Accessories,M,Turquoise,Spring,5
1541,Shorts,Clothing,M,Red,Winter,2.9
1542,Handbag,Accessories,S,Indigo,Winter,2.9
1543,Blouse,Clothing,M,Maroon,Winter,3.5
1544,Jeans,Clothing,M,Indigo,Fall,4
1545,Jewelry,Accessories,M,Maroon,Spring,3.9
1546,Belt,Accessories,M,Black,Winter,4.9
1547,Sneakers,Footwear,XL,Purple,Summer,3.8
1548,Hat,Accessories,L,Teal,Summer,3.5
1549,Dress,Clothing,M,Silver,Summer,3.7
1550,Sneakers,Footwear,M,Black,Spring,2.9
1551,Sunglasses,Accessories,S,Black,Summer,2.8
1552,Handbag,Accessories,M,Olive,Summer,3.7
1553,Blouse,Clothing,L,Purple,Spring,3
1554,Blouse,Clothing,M,Indigo,Spring,4.8
1555,Shorts,Clothing,S,Lavender,Winter,2.7
1556,Shorts,Clothing,S,Cyan,Winter,4.5
1557,Hoodie,Clothing,M,Gold,Fall,2.7
1558,Backpack,Accessories,L,Magenta,Fall,3.5
1559,Sunglasses,Accessories,XL,Teal,Fall,3.5
1560,Scarf,Accessories,L,Beige,Fall,4.5
1561,Hat,Accessories,M,Teal,Winter,3.8
1562,Scarf,Accessories,M,Indigo,Summer,3.8
1563,Scarf,Accessories,M,Purple,Winter,3.2
1564,Pants,Clothing,M,Teal,Fall,4.3
1565,Backpack,Accessories,XL,Turquoise,Summer,4.5
1566,Sunglasses,Accessories,L,Peach,Fall,4.2
1567,Sneakers,Footwear,S,Green,Winter,3
1568,Backpack,Accessories,M,Turquoise,Spring,4.1
1569,Sneakers,Footwear,L,Yellow,Spring,4.6
1570,Skirt,Clothing,M,Orange,Summer,2.9
1571,Pants,Clothing,L,Brown,Winter,4.8
1572,Jewelry,Accessories,L,Silver,Winter,4.5
1573,Skirt,Clothing,L,White,Summer,3.4
1574,T-shirt,Clothing,L,Indigo,Summer,4.3
1575,Skirt,Clothing,S,Magenta,Spring,4.2
1576,Shirt,Clothing,M,Turquoise,Spring,3.6
1577,Dress,Clothing,M,White,Spring,3.7
1578,Boots,Footwear,S,Olive,Spring,4
1579,Pants,Clothing,S,Maroon,Winter,4.9
1580,Jacket,Outerwear,M,Violet,Summer,3.1
1581,Sneakers,Footwear,L,Cyan,Summer,3.7
1582,Jewelry,Accessories,L,Teal,Fall,4.2
1583,Belt,Accessories,L,Red,Spring,2.5
1584,Scarf,Accessories,XL,Yellow,Summer,4.3
1585,Blouse,Clothing,S,Silver,Spring,3.1
1586,Sweater,Clothing,M,Charcoal,Fall,3
1587,Boots,Footwear,M,Purple,Fall,4
1588,Socks,Clothing,M,Beige,Summer,3.5
1589,Belt,Accessories,L,Cyan,Winter,3.2
1590,Sneakers,Footwear,M,Silver,Summer,2.7
1591,Jeans,Clothing,S,Pink,Winter,3
1592,Skirt,Clothing,L,Gold,Winter,2.9
1593,Shoes,Footwear,M,Cyan,Summer,3.3
1594,Dress,Clothing,M,Black,Spring,4.9
1595,Handbag,Accessories,XL,Charcoal,Summer,3.7
1596,Backpack,Accessories,S,Magenta,Spring,3.5
1597,Jewelry,Accessories,S,Pink,Fall,4.7
1598,Hat,Accessories,XL,Maroon,Winter,2.6
1599,Jewelry,Accessories,M,Teal,Fall,4.1
1600,Shirt,Clothing,M,Orange,Winter,2.8
1601,Boots,Footwear,S,Yellow,Spring,4.7
1602,Shirt,Clothing,XL,Red,Spring,2.9
1603,Sunglasses,Accessories,S,Charcoal,Winter,2.8
1604,Shorts,Clothing,L,Black,Summer,4.3
1605,Sweater,Clothing,M,White,Summer,4.8
1606,Belt,Accessories,M,Lavender,Winter,3.4
1607,T-shirt,Clothing,S,White,Spring,4.3
1608,Shorts,Clothing,S,Gray,Fall,2.7
1609,Sandals,Footwear,XL,Cyan,Fall,4.6
1610,Shirt,Clothing,S,Brown,Fall,4.1
1611,Socks,Clothing,L,Purple,Spring,3.4
1612,Pants,Clothing,L,Yellow,Winter,4.5
1613,Skirt,Clothing,M,Indigo,Summer,4.4
1614,Jewelry,Accessories,S,Black,Summer,4
1615,T-shirt,Clothing,S,Gray,Summer,3.4
1616,Jewelry,Accessories,M,Indigo,Fall,3.2
1617,Hat,Accessories,M,Green,Spring,3.4
1618,Blouse,Clothing,M,Peach,Winter,4.3
1619,Sandals,Footwear,L,Purple,Summer,5
1620,Handbag,Accessories,L,Beige,Winter,3.5
1621,Hat,Accessories,M,Charcoal,Winter,3.1
1622,Scarf,Accessories,L,Gray,Summer,3.9
1623,Shorts,Clothing,S,Brown,Winter,4
1624,Backpack,Accessories,M,Cyan,Summer,3.5
1625,Sweater,Clothing,M,White,Winter,3.6
1626,Skirt,Clothing,L,Beige,Winter,3
1627,Sneakers,Footwear,L,Orange,Summer,2.6
1628,Sunglasses,Accessories,M,Olive,Winter,2.9
1629,Dress,Clothing,S,Teal,Winter,3.1
1630,Blouse,Clothing,S,Silver,Spring,3.3
1631,Shoes,Footwear,M,Gold,Summer,2.9
1632,Sweater,Clothing,L,Violet,Summer,3.9
1633,Gloves,Accessories,S,White,Summer,4.7
1634,Socks,Clothing,M,Peach,Spring,4.4
1635,Coat,Outerwear,S,Orange,Summer,3.6
1636,Sunglasses,Accessories,L,Violet,Summer,3.2
1637,Boots,Footwear,L,Green,Fall,4
1638,Dress,Clothing,M,Peach,Spring,3.5
1639,Jacket,Outerwear,M,Black,Spring,4.6
1640,Gloves,Accessories,L,Blue,Summer,3.3
1641,Scarf,Accessories,S,Magenta,Spring,4
1642,Hoodie,Clothing,L,Violet,Summer,3.4
1643,Coat,Outerwear,M,Beige,Spring,4.2
1644,Scarf,Accessories,L,Pink,Summer,3.9
1645,Coat,Outerwear,S,Beige,Summer,3.9
1646,Scarf,Accessories,L,Green,Summer,2.8
1647,Handbag,Accessories,S,Silver,Summer,3.7
1648,Boots,Footwear,M,Purple,Summer,4.9
1649,Pants,Clothing,M,Gray,Summer,2.6
1650,T-shirt,Clothing,M,White,Summer,4.9
1651,Scarf,Accessories,M,Silver,Winter,3.4
1652,Coat,Outerwear,M,Blue,Winter,3.9
1653,Sweater,Clothing,M,Orange,Summer,4
1654,Belt,Accessories,L,Silver,Winter,3
1655,Belt,Accessories,L,Gray,Spring,2.6
1656,Sweater,Clothing,L,Gold,Spring,3.2
1657,Blouse,Clothing,L,Brown,Spring,2.6
1658,Skirt,Clothing,L,Turquoise,Spring,3.2
1659,Jewelry,Accessories,S,Pink,Spring,4.1
1660,Gloves,Accessories,M,Black,Fall,3.9
1661,T-shirt,Clothing,L,Yellow,Winter,4.1
1662,Gloves,Accessories,S,Beige,Summer,2.7
1663,Sunglasses,Accessories,M,Olive,Winter,4.6
1664,Shirt,Clothing,XL,Gold,Summer,3.5
1665,Handbag,Accessories,M,Purple,Spring,5
1666,Jacket,Outerwear,L,Pink,Fall,3.4
1667,Skirt,Clothing,M,Blue,Summer,3.1
1668,Handbag,Accessories,L,Brown,Winter,3.4
1669,Blouse,Clothing,L,Charcoal,Summer,4
1670,T-shirt,Clothing,L,Maroon,Winter,2.7
1671,Pants,Clothing,L,Cyan,Fall,3.6
1672,Hoodie,Clothing,M,Olive,Winter,4
1673,Boots,Footwear,L,Gold,Fall,3.8
1674,Blouse,Clothing,M,Violet,Fall,3.4
1675,Coat,Outerwear,M,Peach,Winter,3.2
1676,Pants,Clothing,M,Beige,Spring,4.7
1677,Sunglasses,Accessories,M,Cyan,Winter,3.1
1678,Jeans,Clothing,L,Silver,Summer,3.3
1679,Pants,Clothing,S,Magenta,Summer,4.8
1680,Dress,Clothing,S,Black,Fall,4.5
1681,Shoes,Footwear,M,Olive,Summer,3.4
1682,Sneakers,Footwear,L,Green,Winter,3.7
1683,Socks,Clothing,M,Yellow,Fall,4.9
1684,Coat,Outerwear,S,Lavender,Spring,3.5
1685,Shirt,Clothing,M,Indigo,Spring,4.6
1686,Blouse,Clothing,M,Pink,Winter,4.6
1687,Gloves,Accessories,L,Red,Fall,4.2
1688,Skirt,Clothing,S,Magenta,Winter,3.7
1689,Handbag,Accessories,S,Peach,Winter,3
1690,Shirt,Clothing,L,Turquoise,Winter,4.6
1691,Coat,Outerwear,M,Black,Summer,3.2
1692,Shoes,Footwear,L,Blue,Summer,3.5
1693,Handbag,Accessories,M,Beige,Winter,2.6
1694,Jacket,Outerwear,XL,Olive,Fall,4.9
1695,Shirt,Clothing,M,Turquoise,Summer,2.7
1696,Hat,Accessories,S,Yellow,Fall,4.7
1697,Sunglasses,Accessories,S,Turquoise,Spring,4
1698,Shirt,Clothing,L,Lavender,Fall,3.5
1699,Belt,Accessories,XL,Turquoise,Winter,4.8
1700,Sweater,Clothing,L,Teal,Spring,4
1701,Hoodie,Clothing,L,Black,Fall,4.1
1702,Handbag,Accessories,XL,Blue,Winter,3.8
1703,Jeans,Clothing,XL,Yellow,Summer,5
1704,Backpack,Accessories,M,Black,Spring,4
1705,Sneakers,Footwear,M,Lavender,Summer,3.9
1706,Jewelry,Accessories,L,Cyan,Summer,3.4
1707,Sunglasses,Accessories,M,Brown,Spring,3
1708,Shorts,Clothing,L,Maroon,Fall,4.9
1709,Boots,Footwear,L,Cyan,Spring,3.2
1710,Skirt,Clothing,M,Pink,Winter,3.8
1711,Pants,Clothing,XL,Orange,Fall,3.8
1712,T-shirt,Clothing,M,Lavender,Spring,4.7
1713,T-shirt,Clothing,S,Beige,Fall,3.8
1714,Jacket,Outerwear,M,Pink,Winter,4.6
1715,Jeans,Clothing,S,Charcoal,Summer,4.4
1716,Dress,Clothing,XL,Gray,Spring,3.4
1717,Blouse,Clothing,M,Cyan,Winter,4.7
1718,Hoodie,Clothing,L,Orange,Summer,2.9
1719,T-shirt,Clothing,L,Pink,Winter,3.4
1720,Sweater,Clothing,M,White,Winter,3.2
1721,Shorts,Clothing,S,Beige,Winter,2.8
1722,Jewelry,Accessories,S,Magenta,Spring,4.3
1723,T-shirt,Clothing,L,Violet,Summer,3.3
1724,Scarf,Accessories,XL,Gold,Spring,3.3
1725,Shoes,Footwear,S,Teal,Winter,3.3
1726,Sunglasses,Accessories,M,Indigo,Spring,3
1727,Coat,Outerwear,S,Olive,Summer,2.8
1728,Blouse,Clothing,S,Violet,Spring,4
1729,Jeans,Clothing,L,Black,Fall,4.3
1730,Shorts,Clothing,M,Brown,Winter,3.8
1731,Shirt,Clothing,S,Silver,Fall,4.2
1732,Backpack,Accessories,M,Gray,Fall,3.1
1733,Belt,Accessories,S,Charcoal,Winter,2.6
1734,Blouse,Clothing,L,Black,Summer,3.4
1735,Jeans,Clothing,L,Brown,Spring,3.1
1736,Dress,Clothing,M,Purple,Winter,3.6
1737,Shorts,Clothing,M,Purple,Summer,2.6
1738,Jewelry,Accessories,L,Gray,Summer,4.2
1739,Handbag,Accessories,M,Green,Spring,2.9
1740,Jewelry,Accessories,L,Silver,Winter,4.2
1741,Pants,Clothing,L,Charcoal,Fall,3.3
1742,Pants,Clothing,XL,Teal,Winter,3.6
1743,Sandals,Footwear,XL,White,Spring,4.3
1744,Skirt,Clothing,XL,Brown,Winter,3.3
1745,Sunglasses,Accessories,L,Teal,Winter,3
1746,Skirt,Clothing,L,Red,Winter,3.6
1747,Handbag,Accessories,L,Brown,Summer,3.1
1748,Coat,Outerwear,M,Yellow,Winter,2.9
1749,Skirt,Clothing,L,Teal,Winter,3.9
1750,Hoodie,Clothing,L,Pink,Fall,3.2
1751,Sunglasses,Accessories,M,White,Fall,3.1
1752,Sweater,Clothing,M,Silver,Winter,3.2
1753,Boots,Footwear,L,Blue,Winter,3.3
1754,Skirt,Clothing,L,Black,Fall,4.8
1755,Dress,Clothing,S,Beige,Fall,3.8
1756,Belt,Accessories,XL,Charcoal,Spring,4.6
1757,Jewelry,Accessories,S,Cyan,Fall,2.8
1758,Dress,Clothing,L,Yellow,Fall,3.6
1759,Hat,Accessories,M,Silver,Winter,4.3
1760,Sweater,Clothing,L,Green,Spring,4
1761,Skirt,Clothing,XL,Peach,Spring,3.5
1762,Hoodie,Clothing,S,Green,Fall,4.9
1763,Sandals,Footwear,M,Brown,Summer,3.1
1764,Jewelry,Accessories,M,Lavender,Winter,3.9
1765,Dress,Clothing,M,Charcoal,Summer,3
1766,Hoodie,Clothing,M,Orange,Spring,4.1
1767,Sweater,Clothing,S,Cyan,Winter,4.3
1768,Jewelry,Accessories,L,Lavender,Fall,3.8
1769,Sandals,Footwear,M,Indigo,Summer,3.9
1770,Socks,Clothing,L,Brown,Winter,4.3
1771,Backpack,Accessories,M,Pink,Fall,4.3
1772,Shirt,Clothing,XL,Turquoise,Fall,4.7
1773,Shoes,Footwear,M,Gold,Summer,3.1
1774,Coat,Outerwear,M,Blue,Summer,2.7
1775,Sweater,Clothing,M,Lavender,Spring,3.7
1776,Jacket,Outerwear,M,Violet,Spring,3.3
1777,Jacket,Outerwear,L,Cyan,Summer,3.4
1778,Sneakers,Footwear,L,Purple,Winter,4.7
1779,Belt,Accessories,M,Red,Winter,4.9
1780,Scarf,Accessories,M,Charcoal,Winter,4.3
1781,Jewelry,Accessories,S,Gray,Summer,4.2
1782,T-shirt,Clothing,M,Pink,Fall,3.7
1783,Pants,Clothing,M,Lavender,Fall,2.7
1784,Handbag,Accessories,L,Lavender,Winter,3.3
1785,Backpack,Accessories,L,Yellow,Summer,4.8
1786,Gloves,Accessories,S,Peach,Fall,4.1
1787,Jacket,Outerwear,M,Brown,Spring,4.6
1788,Sweater,Clothing,L,Gold,Fall,4.9
1789,Blouse,Clothing,L,Pink,Summer,3.1
1790,Blouse,Clothing,L,Peach,Spring,3
1791,Gloves,Accessories,S,Violet,Summer,3.7
1792,Jeans,Clothing,S,Purple,Winter,4
1793,Sneakers,Footwear,M,Peach,Fall,3
1794,Hat,Accessories,S,White,Fall,3.8
1795,Backpack,Accessories,L,Indigo,Spring,3.7
1796,Jeans,Clothing,S,Violet,Fall,4
1797,Skirt,Clothing,S,Brown,Spring,3.1
1798,Belt,Accessories,L,Maroon,Spring,3.9
1799,Dress,Clothing,L,Magenta,Winter,3.7
1800,Hoodie,Clothing,M,Charcoal,Fall,3.9
1801,Coat,Outerwear,XL,Indigo,Winter,2.7
1802,Sweater,Clothing,M,Turquoise,Spring,3.9
1803,Shorts,Clothing,L,Turquoise,Winter,2.6
1804,Sneakers,Footwear,S,Gray,Summer,3.5
1805,Sweater,Clothing,L,Peach,Winter,4.4
1806,T-shirt,Clothing,L,Gold,Spring,4.9
1807,Handbag,Accessories,M,Green,Fall,3.9
1808,Sneakers,Footwear,L,Gold,Summer,3.5
1809,Jacket,Outerwear,M,Lavender,Spring,4.3
1810,Backpack,Accessories,S,Blue,Fall,3.4
1811,Jeans,Clothing,M,Magenta,Fall,2.7
1812,Belt,Accessories,L,Blue,Summer,3.6
1813,Boots,Footwear,S,Blue,Summer,4.9
1814,Shorts,Clothing,M,Olive,Spring,3.5
1815,Jeans,Clothing,M,White,Summer,3.8
1816,Shoes,Footwear,L,White,Winter,4.5
1817,Hat,Accessories,M,Purple,Summer,4
1818,T-shirt,Clothing,M,White,Summer,4.7
1819,Sunglasses,Accessories,M,White,Fall,3.8
1820,Socks,Clothing,S,Peach,Spring,4.5
1821,Shirt,Clothing,XL,Gold,Fall,5
1822,Shorts,Clothing,M,Teal,Spring,2.8
1823,Shirt,Clothing,S,Cyan,Summer,4.4
1824,Socks,Clothing,L,Pink,Fall,4.7
1825,Pants,Clothing,XL,Magenta,Winter,3.8
1826,Boots,Footwear,M,Pink,Winter,4.9
1827,T-shirt,Clothing,M,Turquoise,Winter,4.2
1828,T-shirt,Clothing,S,Pink,Spring,4.9
1829,Coat,Outerwear,L,Gray,Spring,3.9
1830,Hat,Accessories,M,White,Spring,4.9
1831,Sunglasses,Accessories,M,Blue,Winter,4.8
1832,Blouse,Clothing,M,Cyan,Summer,3.3
1833,Jewelry,Accessories,M,Blue,Fall,4.6
1834,Jewelry,Accessories,M,Yellow,Spring,4.5
1835,Skirt,Clothing,M,Charcoal,Summer,4.1
1836,Scarf,Accessories,M,Lavender,Fall,3.2
1837,Pants,Clothing,M,Teal,Fall,4.2
1838,Hat,Accessories,M,Beige,Winter,4.8
1839,Gloves,Accessories,L,Blue,Fall,4.1
1840,Shirt,Clothing,XL,Purple,Winter,3.7
1841,Sandals,Footwear,M,Gold,Winter,2.6
1842,Socks,Clothing,L,Blue,Winter,3
1843,Handbag,Accessories,M,Black,Summer,4.4
1844,Jacket,Outerwear,M,Charcoal,Fall,4.7
1845,Shorts,Clothing,M,Purple,Spring,2.7
1846,Sandals,Footwear,M,Orange,Winter,2.8
1847,Scarf,Accessories,M,Yellow,Summer,2.9
1848,Sandals,Footwear,XL,Cyan,Summer,4.4
1849,Jeans,Clothing,XL,Yellow,Winter,2.7
1850,Skirt,Clothing,M,Maroon,Winter,4.5
1851,Gloves,Accessories,S,Black,Winter,2.8
1852,Skirt,Clothing,S,Lavender,Fall,3.1
1853,Sweater,Clothing,XL,Violet,Winter,3.8
1854,Blouse,Clothing,XL,Olive,Spring,2.9
1855,Sweater,Clothing,M,Teal,Spring,3.8
1856,Shirt,Clothing,XL,Teal,Spring,4.7
1857,Jewelry,Accessories,XL,Beige,Summer,3.2
1858,T-shirt,Clothing,L,Maroon,Summer,4
1859,Scarf,Accessories,S,Peach,Spring,4.9
1860,Belt,Accessories,L,Beige,Summer,3.7
1861,T-shirt,Clothing,M,Silver,Summer,4.8
1862,Sneakers,Footwear,S,Peach,Fall,3.6
1863,Gloves,Accessories,M,Turquoise,Winter,4.6
1864,Sandals,Footwear,L,Orange,Spring,4.3
1865,Backpack,Accessories,S,Cyan,Fall,3.2
1866,Pants,Clothing,S,Silver,Summer,3.8
1867,T-shirt,Clothing,XL,Gold,Winter,4.2
1868,Skirt,Clothing,M,Brown,Fall,3.4
1869,Gloves,Accessories,M,Silver,Spring,4.7
1870,Blouse,Clothing,S,Beige,Spring,3.9
1871,Blouse,Clothing,L,Violet,Spring,4.3
1872,Jeans,Clothing,XL,Violet,Fall,2.7
1873,T-shirt,Clothing,M,Lavender,Summer,4.6
1874,Sweater,Clothing,XL,Red,Fall,2.9
1875,Pants,Clothing,L,Purple,Fall,3.6
1876,Boots,Footwear,M,Brown,Winter,3.9
1877,Skirt,Clothing,M,Gray,Fall,2.6
1878,Gloves,Accessories,L,Pink,Fall,3.6
1879,Socks,Clothing,L,Magenta,Summer,3.4
1880,T-shirt,Clothing,L,Charcoal,Spring,3.5
1881,Blouse,Clothing,L,Yellow,Fall,3.1
1882,Blouse,Clothing,M,Red,Winter,4.3
1883,Scarf,Accessories,L,Blue,Winter,5
1884,Backpack,Accessories,M,Cyan,Spring,4.9
1885,Shorts,Clothing,S,Pink,Summer,4.3
1886,Jewelry,Accessories,S,Maroon,Winter,4.4
1887,Gloves,Accessories,L,Beige,Spring,4.4
1888,Hoodie,Clothing,XL,Gold,Fall,3.5
1889,Hoodie,Clothing,XL,Turquoise,Winter,3.4
1890,Skirt,Clothing,L,Peach,Spring,2.5
1891,Sunglasses,Accessories,M,Lavender,Spring,3.4
1892,Jewelry,Accessories,M,Gray,Summer,2.6
1893,Jacket,Outerwear,M,Blue,Fall,4.6
1894,Dress,Clothing,L,Red,Summer,3.7
1895,Hoodie,Clothing,M,Purple,Fall,2.5
1896,Jeans,Clothing,L,Indigo,Fall,4.5
1897,Sandals,Footwear,M,Gold,Fall,2.9
1898,Sunglasses,Accessories,L,Teal,Winter,2.9
1899,Pants,Clothing,L,Magenta,Fall,3.5
1900,Shorts,Clothing,L,Maroon,Winter,4.2
1901,Jewelry,Accessories,S,Blue,Summer,3.3
1902,Socks,Clothing,S,Beige,Winter,3.9
1903,Sandals,Footwear,S,Olive,Spring,5
1904,Pants,Clothing,M,Gold,Summer,3.3
1905,T-shirt,Clothing,S,Silver,Spring,4.2
1906,Boots,Footwear,M,Teal,Summer,4.9
1907,Backpack,Accessories,M,Green,Spring,4.6
1908,Skirt,Clothing,L,Orange,Fall,4.8
1909,Scarf,Accessories,XL,Charcoal,Winter,2.7
1910,Sweater,Clothing,S,Black,Spring,4.3
1911,Sandals,Footwear,S,Yellow,Fall,3.8
1912,Jewelry,Accessories,M,Gray,Spring,4.9
1913,Sweater,Clothing,S,Charcoal,Winter,3.4
1914,Skirt,Clothing,M,Peach,Winter,3.6
1915,Shorts,Clothing,L,Green,Fall,3.4
1916,Backpack,Accessories,M,Magenta,Fall,4.7
1917,Hoodie,Clothing,S,Beige,Winter,3
1918,Skirt,Clothing,L,Black,Winter,3.4
1919,Skirt,Clothing,S,Purple,Summer,4.6
1920,Backpack,Accessories,M,Olive,Summer,3.1
1921,Blouse,Clothing,M,Purple,Spring,2.8
1922,Shirt,Clothing,M,Green,Fall,3.5
1923,Gloves,Accessories,S,Peach,Summer,4.6
1924,Sandals,Footwear,XL,Blue,Summer,4.3
1925,Jacket,Outerwear,M,Gray,Fall,4.8
1926,Sneakers,Footwear,L,Black,Winter,2.9
1927,Backpack,Accessories,M,Silver,Spring,3
1928,Pants,Clothing,M,Pink,Summer,2.9
1929,Sunglasses,Accessories,S,Lavender,Summer,3.7
1930,Jeans,Clothing,L,Brown,Fall,4.7
1931,Pants,Clothing,L,Turquoise,Spring,3.5
1932,Jewelry,Accessories,S,Olive,Spring,2.7
1933,Hoodie,Clothing,M,White,Spring,5
1934,Sandals,Footwear,L,Violet,Summer,4.1
1935,Jacket,Outerwear,L,Gold,Winter,2.7
1936,Blouse,Clothing,XL,Violet,Spring,4.8
1937,Jewelry,Accessories,S,Teal,Summer,4.3
1938,Socks,Clothing,M,Olive,Summer,4.5
1939,Jeans,Clothing,L,Blue,Spring,3.8
1940,Gloves,Accessories,L,Magenta,Winter,3.7
1941,Hat,Accessories,L,Gray,Fall,3.9
1942,Shoes,Footwear,XL,Peach,Winter,3.3
1943,Pants,Clothing,M,Cyan,Fall,3.4
1944,Socks,Clothing,L,Violet,Summer,3.8
1945,Hoodie,Clothing,M,Gold,Winter,2.7
1946,Hoodie,Clothing,M,Gold,Winter,2.9
1947,Pants,Clothing,M,White,Summer,4.5
1948,Shirt,Clothing,M,Gray,Summer,2.6
1949,T-shirt,Clothing,L,Brown,Winter,3.1
1950,Dress,Clothing,L,Gray,Winter,4.7
1951,Backpack,Accessories,L,Blue,Summer,4.6
1952,Gloves,Accessories,L,Gold,Summer,2.7
1953,Shoes,Footwear,L,Yellow,Summer,4.6
1954,Skirt,Clothing,XL,Green,Spring,4.8
1955,Gloves,Accessories,M,Pink,Winter,4.2
1956,Hoodie,Clothing,M,Pink,Winter,4.9
1957,Socks,Clothing,M,Pink,Winter,4.9
1958,Gloves,Accessories,M,Cyan,Spring,4.5
1959,Shorts,Clothing,M,Gray,Winter,2.7
1960,Shoes,Footwear,M,White,Fall,3.1
1961,Jeans,Clothing,L,Red,Summer,3.3
1962,Boots,Footwear,L,Black,Summer,2.6
1963,Hat,Accessories,M,Silver,Fall,4.4
1964,Shorts,Clothing,L,Pink,Spring,3.9
1965,Pants,Clothing,S,Cyan,Summer,4.6
1966,Sweater,Clothing,M,White,Fall,4.9
1967,Jacket,Outerwear,XL,Purple,Winter,3.7
1968,Dress,Clothing,L,Yellow,Fall,3.7
1969,Shirt,Clothing,S,Blue,Spring,4.2
1970,Dress,Clothing,S,Cyan,Winter,3.5
1971,Belt,Accessories,M,Indigo,Spring,2.9
1972,Hat,Accessories,XL,Indigo,Spring,3.4
1973,Backpack,Accessories,M,Silver,Summer,3.3
1974,Skirt,Clothing,XL,Red,Fall,4.5
1975,Gloves,Accessories,M,Peach,Winter,4.6
1976,Jacket,Outerwear,L,Turquoise,Fall,2.9
1977,Handbag,Accessories,M,Pink,Spring,3.2
1978,Sandals,Footwear,M,Teal,Summer,2.6
1979,Sunglasses,Accessories,L,Magenta,Spring,3.8
1980,Jeans,Clothing,L,Blue,Spring,2.8
1981,Sandals,Footwear,M,Green,Winter,4.4
1982,Shoes,Footwear,L,Violet,Summer,4.7
1983,Sunglasses,Accessories,M,Turquoise,Summer,2.7
1984,Scarf,Accessories,M,Pink,Summer,2.6
1985,Skirt,Clothing,M,Black,Summer,3.4
1986,Gloves,Accessories,M,Gold,Spring,3.9
1987,Coat,Outerwear,L,Green,Summer,3.4
1988,Belt,Accessories,XL,White,Summer,3.4
1989,Pants,Clothing,M,Gold,Winter,3.9
1990,Jewelry,Accessories,S,Charcoal,Spring,4
1991,Backpack,Accessories,L,White,Spring,3.4
1992,Sneakers,Footwear,M,Brown,Summer,3.7
1993,Hoodie,Clothing,L,Gold,Winter,4.9
1994,Blouse,Clothing,S,Purple,Spring,5
1995,Sunglasses,Accessories,M,Brown,Fall,2.9
1996,Boots,Footwear,S,Teal,Spring,3
1997,Sneakers,Footwear,L,Indigo,Summer,3.3
1998,Backpack,Accessories,M,Purple,Fall,4.7
1999,Pants,Clothing,M,Orange,Fall,3.4
2000,Socks,Clothing,L,Indigo,Winter,4.6
2001,Belt,Accessories,M,Lavender,Winter,3.6
2002,Sunglasses,Accessories,S,Purple,Winter,2.6
2003,Shirt,Clothing,M,Red,Summer,2.7
2004,Sneakers,Footwear,S,Blue,Spring,3.1
2005,Shoes,Footwear,L,Blue,Fall,3.2
2006,Sandals,Footwear,M,Cyan,Winter,3.4
2007,Scarf,Accessories,S,Pink,Fall,4.4
2008,Shirt,Clothing,M,Silver,Summer,3.2
2009,Skirt,Clothing,M,Gray,Spring,2.5
2010,Boots,Footwear,M,Indigo,Summer,3.8
2011,Sweater,Clothing,M,Maroon,Summer,4.4
2012,Sandals,Footwear,M,Beige,Spring,3.7
2013,Jeans,Clothing,L,Green,Fall,3.2
2014,Backpack,Accessories,M,Peach,Winter,4.9
2015,Skirt,Clothing,L,Black,Summer,3.9
2016,Belt,Accessories,S,Pink,Summer,4.5
2017,Shoes,Footwear,S,Violet,Winter,3.4
2018,Socks,Clothing,S,Green,Winter,4.1
2019,Backpack,Accessories,S,Gold,Fall,4.5
2020,Shirt,Clothing,S,Red,Winter,4.7
2021,Sweater,Clothing,M,Beige,Winter,4.8
2022,Handbag,Accessories,M,Green,Winter,4.4
2023,Jewelry,Accessories,S,Black,Winter,4
2024,Socks,Clothing,S,Teal,Winter,4.1
2025,Socks,Clothing,L,Silver,Fall,3.7
2026,Shirt,Clothing,M,Turquoise,Summer,3
2027,Scarf,Accessories,M,Orange,Winter,3.6
2028,Shoes,Footwear,S,Gold,Fall,4.8
2029,Shoes,Footwear,XL,Purple,Fall,3.7
2030,Scarf,Accessories,M,Pink,Spring,4.6
2031,Sunglasses,Accessories,S,Green,Summer,2.8
2032,Socks,Clothing,L,Charcoal,Spring,4
2033,Blouse,Clothing,M,Maroon,Winter,4.2
2034,Jeans,Clothing,L,Olive,Summer,3.6
2035,Shorts,Clothing,M,Peach,Spring,2.9
2036,T-shirt,Clothing,S,Yellow,Summer,4.1
2037,Blouse,Clothing,S,Lavender,Winter,3.1
2038,Belt,Accessories,S,Green,Summer,4.3
2039,Blouse,Clothing,L,Orange,Spring,4.4
2040,T-shirt,Clothing,M,Olive,Spring,3.1
2041,Jewelry,Accessories,XL,Gray,Spring,2.9
2042,Jacket,Outerwear,S,Lavender,Winter,3.2
2043,Shoes,Footwear,M,Red,Spring,4
2044,Gloves,Accessories,M,Charcoal,Summer,2.7
2045,Jeans,Clothing,L,Orange,Spring,3
2046,Jewelry,Accessories,M,Red,Fall,4.4
2047,Pants,Clothing,M,Maroon,Winter,2.8
2048,Jewelry,Accessories,M,Silver,Summer,3.1
2049,Sneakers,Footwear,XL,Pink,Winter,3.9
2050,Boots,Footwear,L,Blue,Fall,2.7
2051,Hat,Accessories,M,Teal,Summer,3.4
2052,T-shirt,Clothing,L,Black,Spring,3.8
2053,Backpack,Accessories,M,Gray,Winter,3.7
2054,Sunglasses,Accessories,S,Purple,Spring,4.5
2055,Sweater,Clothing,XL,Gold,Spring,2.9
2056,Handbag,Accessories,M,Silver,Fall,3.4
2057,Backpack,Accessories,L,Blue,Spring,4.4
2058,Socks,Clothing,L,Yellow,Spring,4.2
2059,Shirt,Clothing,M,Brown,Winter,3.3
2060,Shorts,Clothing,XL,Beige,Spring,3.7
2061,Belt,Accessories,M,Blue,Fall,3.2
2062,Sweater,Clothing,S,Magenta,Summer,2.6
2063,Coat,Outerwear,L,Silver,Fall,2.8
2064,Shorts,Clothing,M,Cyan,Fall,2.9
2065,Shoes,Footwear,M,Green,Summer,4
2066,Sneakers,Footwear,M,Blue,Spring,2.9
2067,Sneakers,Footwear,M,Olive,Fall,4.7
2068,Pants,Clothing,XL,Beige,Fall,3.1
2069,Jewelry,Accessories,XL,Black,Summer,3.9
2070,T-shirt,Clothing,M,Indigo,Fall,3.4
2071,Jewelry,Accessories,XL,Red,Spring,3.1
2072,Jacket,Outerwear,S,Yellow,Fall,4.8
2073,Backpack,Accessories,M,Beige,Winter,3.9
2074,Belt,Accessories,S,Green,Winter,3.5
2075,Scarf,Accessories,M,White,Summer,3.1
2076,Sweater,Clothing,S,Turquoise,Fall,4.7
2077,Gloves,Accessories,S,Indigo,Fall,4.6
2078,Scarf,Accessories,L,Orange,Fall,3.3
2079,Dress,Clothing,M,Blue,Spring,3.2
2080,Jeans,Clothing,L,Violet,Summer,3.1
2081,Sunglasses,Accessories,S,Gray,Fall,3.5
2082,Coat,Outerwear,S,Cyan,Spring,4.3
2083,Jeans,Clothing,M,Yellow,Summer,2.9
2084,Scarf,Accessories,L,Orange,Fall,2.7
2085,Blouse,Clothing,S,Brown,Summer,4
2086,Jeans,Clothing,M,Teal,Fall,4.6
2087,Dress,Clothing,L,Beige,Summer,4.7
2088,Hat,Accessories,M,Blue,Summer,4.7
2089,Sandals,Footwear,L,Orange,Spring,4
2090,Jacket,Outerwear,L,Gold,Spring,3.6
2091,Socks,Clothing,S,Teal,Winter,3.4
2092,Jeans,Clothing,XL,Beige,Fall,3
2093,Sandals,Footwear,M,Silver,Fall,2.6
2094,Dress,Clothing,M,Maroon,Spring,4.2
2095,Socks,Clothing,M,Indigo,Spring,3.4
2096,Hoodie,Clothing,M,Gray,Fall,4
2097,Dress,Clothing,L,Blue,Summer,4.7
2098,Sneakers,Footwear,S,Cyan,Winter,3.9
2099,T-shirt,Clothing,M,White,Summer,3.3
2100,T-shirt,Clothing,L,Green,Summer,2.9
2101,Sweater,Clothing,M,Silver,Spring,4.4
2102,Shirt,Clothing,M,Blue,Winter,3.6
2103,Hat,Accessories,M,Brown,Spring,4.5
2104,Pants,Clothing,S,Red,Summer,3.7
2105,Shoes,Footwear,M,Gold,Spring,2.8
2106,Gloves,Accessories,M,Silver,Spring,4.5
2107,Jewelry,Accessories,M,Gray,Fall,4.4
2108,Pants,Clothing,M,Black,Winter,3.3
2109,Hoodie,Clothing,XL,Beige,Winter,4.2
2110,Jewelry,Accessories,L,Peach,Fall,2.7
2111,Socks,Clothing,L,Cyan,Spring,3.9
2112,Sunglasses,Accessories,XL,Pink,Spring,2.6
2113,Belt,Accessories,M,Lavender,Fall,4.5
2114,Dress,Clothing,M,Brown,Spring,2.7
2115,Shirt,Clothing,M,Magenta,Winter,2.9
2116,Scarf,Accessories,M,Violet,Winter,3.4
2117,Jacket,Outerwear,M,Teal,Summer,2.9
2118,Dress,Clothing,L,Brown,Summer,3.8
2119,Socks,Clothing,M,Olive,Fall,4.2
2120,Jewelry,Accessories,M,Indigo,Spring,3.5
2121,Scarf,Accessories,S,Red,Fall,3.1
2122,Backpack,Accessories,M,Olive,Winter,3.5
2123,Jacket,Outerwear,L,Teal,Fall,4
2124,Coat,Outerwear,L,Cyan,Spring,3.7
2125,Skirt,Clothing,M,Teal,Fall,4.2
2126,Coat,Outerwear,M,Beige,Fall,4.8
2127,Shoes,Footwear,XL,Magenta,Winter,4.1
2128,Boots,Footwear,M,Indigo,Spring,4.5
2129,Coat,Outerwear,L,Cyan,Fall,2.7
2130,Skirt,Clothing,L,Orange,Fall,2.8
2131,Backpack,Accessories,L,Violet,Summer,3.7
2132,Shorts,Clothing,M,Red,Fall,3.6
2133,Skirt,Clothing,M,Magenta,Fall,4.7
2134,Hat,Accessories,M,Olive,Summer,3.8
2135,Sandals,Footwear,XL,Maroon,Winter,2.9
2136,Sunglasses,Accessories,S,Yellow,Winter,4.6
2137,Sunglasses,Accessories,M,Red,Summer,2.8
2138,Socks,Clothing,XL,Purple,Winter,4.6
2139,Sweater,Clothing,M,Teal,Fall,2.8
2140,Boots,Footwear,M,Red,Winter,3
2141,Handbag,Accessories,M,Brown,Fall,3.7
2142,Dress,Clothing,M,Peach,Winter,4.1
2143,Hat,Accessories,M,Maroon,Winter,4.3
2144,Sandals,Footwear,L,Red,Fall,3.8
2145,Shoes,Footwear,L,Orange,Winter,3.7
2146,Skirt,Clothing,S,White,Winter,4.8
2147,Sunglasses,Accessories,XL,White,Summer,4.6
2148,Skirt,Clothing,S,Charcoal,Fall,4.8
2149,T-shirt,Clothing,XL,Turquoise,Winter,4.6
2150,Sandals,Footwear,L,Orange,Winter,4
2151,Shirt,Clothing,M,Orange,Spring,2.6
2152,Jeans,Clothing,L,Brown,Fall,2.6
2153,Shorts,Clothing,L,Magenta,Summer,4.5
2154,Shirt,Clothing,M,Violet,Fall,4.2
2155,Scarf,Accessories,M,Violet,Spring,3.4
2156,Handbag,Accessories,L,Yellow,Fall,3.7
2157,Skirt,Clothing,M,Maroon,Winter,3.6
2158,Handbag,Accessories,L,Turquoise,Winter,4
2159,Gloves,Accessories,XL,Olive,Spring,4.6
2160,Shirt,Clothing,M,Peach,Fall,3
2161,Blouse,Clothing,L,Charcoal,Winter,3.3
2162,Dress,Clothing,S,Peach,Summer,3.8
2163,Shorts,Clothing,S,Black,Summer,2.7
2164,Shoes,Footwear,L,Gray,Spring,4.5
2165,Sandals,Footwear,S,Olive,Winter,4.8
2166,Pants,Clothing,M,Turquoise,Summer,4.2
2167,Jacket,Outerwear,S,Purple,Spring,3.5
2168,Skirt,Clothing,L,Green,Winter,4.9
2169,Handbag,Accessories,M,Beige,Spring,4.1
2170,Coat,Outerwear,M,Brown,Fall,2.9
2171,Sweater,Clothing,M,Turquoise,Fall,4
2172,Shorts,Clothing,M,Yellow,Summer,4.6
2173,Skirt,Clothing,S,Lavender,Fall,2.8
2174,Gloves,Accessories,S,Cyan,Summer,5
2175,Backpack,Accessories,S,Olive,Spring,2.9
2176,Dress,Clothing,M,Silver,Spring,3.3
2177,Belt,Accessories,S,Red,Winter,3.4
2178,Gloves,Accessories,XL,Green,Winter,3
2179,Jewelry,Accessories,M,Gold,Summer,4.7
2180,Socks,Clothing,L,Lavender,Fall,2.9
2181,Coat,Outerwear,M,Yellow,Summer,4.1
2182,Handbag,Accessories,M,Black,Fall,3.2
2183,Blouse,Clothing,M,Maroon,Winter,2.7
2184,Shorts,Clothing,M,Maroon,Spring,4.7
2185,Shoes,Footwear,S,Gold,Spring,3.2
2186,Shorts,Clothing,M,Violet,Winter,2.5
2187,Sandals,Footwear,XL,Teal,Winter,4.3
2188,Blouse,Clothing,M,Violet,Spring,4.4
2189,Coat,Outerwear,M,Brown,Winter,4.7
2190,Blouse,Clothing,XL,Brown,Fall,4
2191,Belt,Accessories,S,Maroon,Spring,4.6
2192,Blouse,Clothing,S,Maroon,Summer,3.8
2193,Scarf,Accessories,L,Yellow,Winter,3.2
2194,Shirt,Clothing,L,Turquoise,Spring,5
2195,Socks,Clothing,M,Silver,Summer,3.5
2196,Jeans,Clothing,M,Brown,Fall,3.7
2197,Dress,Clothing,M,Gray,Spring,4.8
2198,Boots,Footwear,M,Indigo,Summer,3.7
2199,Scarf,Accessories,L,Turquoise,Summer,3.5
2200,Scarf,Accessories,M,Maroon,Summer,4.9
2201,Gloves,Accessories,L,Charcoal,Summer,4.7
2202,Pants,Clothing,L,Peach,Spring,4.9
2203,Dress,Clothing,M,Red,Summer,4.3
2204,Dress,Clothing,M,Indigo,Winter,3.1
2205,Jeans,Clothing,S,Lavender,Winter,3.4
2206,Sweater,Clothing,XL,Red,Fall,2.7
2207,Sandals,Footwear,L,Green,Spring,2.6
2208,Handbag,Accessories,M,Gray,Fall,2.9
2209,Scarf,Accessories,XL,Violet,Summer,2.7
2210,Sandals,Footwear,XL,Beige,Summer,4.5
2211,Sunglasses,Accessories,M,Orange,Summer,3.1
2212,Sweater,Clothing,L,Purple,Winter,3.2
2213,Pants,Clothing,M,Brown,Winter,3.3
2214,Hat,Accessories,M,Maroon,Fall,2.9
2215,Belt,Accessories,L,Gold,Fall,4.1
2216,Sandals,Footwear,M,Indigo,Winter,2.7
2217,Pants,Clothing,XL,Silver,Winter,4
2218,Jewelry,Accessories,XL,Red,Fall,2.6
2219,Sunglasses,Accessories,M,Magenta,Winter,3.5
2220,Blouse,Clothing,S,Purple,Fall,2.8
2221,Belt,Accessories,XL,Beige,Fall,4.5
2222,Shorts,Clothing,XL,White,Fall,3
2223,Pants,Clothing,M,Teal,Summer,4.4
2224,Sandals,Footwear,M,Gray,Fall,4.7
2225,Gloves,Accessories,L,Charcoal,Winter,4.3
2226,Belt,Accessories,S,Olive,Spring,4.8
2227,Shirt,Clothing,L,Blue,Spring,4.8
2228,Scarf,Accessories,S,Gray,Summer,4.4
2229,Gloves,Accessories,M,Green,Fall,3.7
2230,Pants,Clothing,M,Silver,Fall,3.9
2231,Sneakers,Footwear,S,Teal,Spring,3.8
2232,Jacket,Outerwear,M,Beige,Fall,4.1
2233,Shoes,Footwear,L,Lavender,Spring,4
2234,Blouse,Clothing,XL,Gray,Summer,4.5
2235,Boots,Footwear,S,Yellow,Winter,4
2236,Socks,Clothing,M,Gray,Spring,4.5
2237,T-shirt,Clothing,M,Yellow,Winter,2.7
2238,Sandals,Footwear,S,Black,Summer,3.8
2239,Sneakers,Footwear,L,Beige,Winter,3.8
2240,Jewelry,Accessories,L,Indigo,Summer,3.8
2241,Sandals,Footwear,L,Green,Winter,4.3
2242,Jacket,Outerwear,M,Purple,Summer,3.5
2243,Skirt,Clothing,M,Orange,Spring,3.8
2244,Shirt,Clothing,M,Teal,Winter,3.7
2245,Shorts,Clothing,M,Gold,Summer,4.8
2246,Socks,Clothing,L,Gray,Fall,4.9
2247,Jacket,Outerwear,M,Cyan,Fall,4.3
2248,Jewelry,Accessories,L,Teal,Summer,4.4
2249,T-shirt,Clothing,M,Violet,Winter,3.4
2250,Gloves,Accessories,XL,Indigo,Spring,4.3
2251,Shoes,Footwear,L,Pink,Summer,4.6
2252,Shoes,Footwear,L,Gold,Fall,3.8
2253,Shoes,Footwear,S,Maroon,Summer,3.9
2254,Hoodie,Clothing,M,Brown,Spring,2.6
2255,Belt,Accessories,M,Gold,Winter,4.2
2256,Coat,Outerwear,L,Teal,Spring,4.6
2257,Blouse,Clothing,M,Turquoise,Fall,5
2258,Skirt,Clothing,L,Olive,Fall,4.2
2259,T-shirt,Clothing,L,Cyan,Winter,4.3
2260,Jeans,Clothing,XL,Beige,Spring,3.3
2261,Scarf,Accessories,M,Blue,Fall,4.9
2262,Backpack,Accessories,L,Gold,Spring,4.4
2263,Backpack,Accessories,M,Green,Winter,3.1
2264,Scarf,Accessories,XL,Green,Winter,3.5
2265,Hat,Accessories,M,Turquoise,Summer,3.9
2266,Coat,Outerwear,XL,Yellow,Fall,3.9
2267,Dress,Clothing,M,Yellow,Fall,4.3
2268,Gloves,Accessories,S,Blue,Spring,3.8
2269,Sweater,Clothing,L,Charcoal,Spring,2.7
2270,Skirt,Clothing,M,Yellow,Fall,4.4
2271,Blouse,Clothing,L,Purple,Spring,3.5
2272,Dress,Clothing,M,Green,Summer,3.4
2273,Jacket,Outerwear,L,Charcoal,Spring,4
2274,Coat,Outerwear,L,Silver,Winter,4.8
2275,Dress,Clothing,L,Turquoise,Spring,4.5
2276,Shorts,Clothing,M,Gray,Winter,4.4
2277,Jeans,Clothing,L,Red,Summer,4.1
2278,Hat,Accessories,M,Beige,Summer,4.6
2279,Gloves,Accessories,M,Maroon,Fall,3.8
2280,Sneakers,Footwear,L,Indigo,Spring,2.9
2281,Shoes,Footwear,M,Red,Summer,2.8
2282,Hoodie,Clothing,XL,Maroon,Summer,3
2283,Sneakers,Footwear,S,Red,Fall,4.2
2284,Handbag,Accessories,S,Black,Winter,4.1
2285,Blouse,Clothing,XL,Black,Fall,4.1
2286,Belt,Accessories,L,Pink,Summer,4.6
2287,Socks,Clothing,L,Blue,Spring,2.5
2288,Blouse,Clothing,L,Green,Summer,3
2289,Jewelry,Accessories,M,Orange,Fall,3.8
2290,Shorts,Clothing,M,Orange,Fall,4.1
2291,Boots,Footwear,L,Magenta,Winter,3.3
2292,Coat,Outerwear,M,Indigo,Spring,5
2293,T-shirt,Clothing,S,Beige,Spring,3.8
2294,Sweater,Clothing,L,Green,Fall,3.3
2295,Sunglasses,Accessories,M,Red,Winter,5
2296,Hat,Accessories,L,Beige,Spring,2.9
2297,Gloves,Accessories,M,Green,Fall,2.5
2298,Socks,Clothing,M,Orange,Summer,4.7
2299,Handbag,Accessories,L,Cyan,Spring,2.9
2300,Coat,Outerwear,M,Violet,Summer,3.7
2301,Coat,Outerwear,XL,Lavender,Summer,4.4
2302,Pants,Clothing,L,Turquoise,Winter,2.9
2303,Belt,Accessories,L,Pink,Summer,3.6
2304,Sunglasses,Accessories,S,Beige,Spring,4.8
2305,Hoodie,Clothing,L,Silver,Winter,4.7
2306,Handbag,Accessories,M,Gold,Summer,2.6
2307,Gloves,Accessories,L,Silver,Winter,3.4
2308,Skirt,Clothing,L,Green,Fall,3.5
2309,Sunglasses,Accessories,M,Teal,Winter,3.4
2310,Dress,Clothing,S,Gold,Fall,5
2311,Gloves,Accessories,M,Cyan,Spring,4.6
2312,Sneakers,Footwear,L,Gold,Spring,4.8
2313,T-shirt,Clothing,L,Violet,Summer,3.7
2314,Dress,Clothing,M,Black,Summer,4.7
2315,Handbag,Accessories,XL,Brown,Winter,4.4
2316,Socks,Clothing,M,Indigo,Winter,3.5
2317,Sneakers,Footwear,L,Yellow,Winter,3.8
2318,Jacket,Outerwear,M,Purple,Summer,4.7
2319,Hoodie,Clothing,L,White,Spring,3.1
2320,Sandals,Footwear,XL,Turquoise,Winter,5
2321,Shoes,Footwear,M,Olive,Spring,3.7
2322,Sandals,Footwear,M,Beige,Winter,3
2323,Coat,Outerwear,S,Lavender,Spring,4.5
2324,Gloves,Accessories,L,White,Winter,4.7
2325,Coat,Outerwear,L,Brown,Winter,3.5
2326,Boots,Footwear,M,Charcoal,Summer,4.4
2327,Skirt,Clothing,L,Maroon,Winter,2.6
2328,Skirt,Clothing,M,Red,Winter,4.2
2329,Pants,Clothing,M,Maroon,Fall,2.6
2330,Hat,Accessories,S,Teal,Spring,4.8
2331,Backpack,Accessories,L,Orange,Summer,2.9
2332,Scarf,Accessories,S,Olive,Spring,4.3
2333,Scarf,Accessories,XL,Olive,Fall,2.6
2334,Shirt,Clothing,M,Beige,Spring,3.8
2335,Boots,Footwear,L,Green,Summer,4.2
2336,Coat,Outerwear,M,Black,Summer,3.9
2337,Belt,Accessories,M,Green,Winter,3.1
2338,Boots,Footwear,S,Violet,Fall,3.6
2339,Sneakers,Footwear,S,Silver,Fall,4
2340,Shirt,Clothing,L,Maroon,Spring,3.4
2341,Blouse,Clothing,M,Cyan,Summer,2.6
2342,Jacket,Outerwear,L,Teal,Summer,4.5
2343,Skirt,Clothing,M,Olive,Fall,4.9
2344,Socks,Clothing,M,Red,Summer,4.4
2345,Sandals,Footwear,XL,Lavender,Fall,3.5
2346,T-shirt,Clothing,S,Orange,Winter,3.3
2347,Jacket,Outerwear,L,Brown,Winter,3.1
2348,Belt,Accessories,S,Gray,Fall,4.2
2349,Shoes,Footwear,M,Orange,Spring,4.9
2350,Blouse,Clothing,M,Orange,Fall,3.9
2351,Shoes,Footwear,M,Turquoise,Winter,4.2
2352,Sweater,Clothing,S,Cyan,Fall,4.9
2353,Boots,Footwear,M,Yellow,Fall,2.8
2354,Handbag,Accessories,M,White,Fall,4.1
2355,Blouse,Clothing,M,Blue,Summer,4.8
2356,Skirt,Clothing,S,Purple,Winter,4.1
2357,Backpack,Accessories,M,Gray,Summer,3
2358,Shirt,Clothing,L,Cyan,Fall,4.2
2359,Sweater,Clothing,L,Pink,Spring,3.8
2360,Scarf,Accessories,S,Gold,Spring,3.3
2361,Handbag,Accessories,L,Silver,Fall,4.7
2362,Scarf,Accessories,M,Gray,Spring,4.3
2363,Jeans,Clothing,M,Brown,Fall,2.7
2364,Socks,Clothing,XL,Pink,Winter,4.2
2365,Sunglasses,Accessories,L,Maroon,Winter,4.2
2366,Sneakers,Footwear,S,Peach,Winter,2.5
2367,Shoes,Footwear,L,Brown,Winter,3.6
2368,Socks,Clothing,L,Green,Winter,3.4
2369,Sunglasses,Accessories,M,Lavender,Summer,3.3
2370,Sweater,Clothing,M,Cyan,Winter,4.6
2371,Shoes,Footwear,M,Black,Spring,3.9
2372,Socks,Clothing,M,Charcoal,Winter,3.7
2373,Boots,Footwear,XL,Silver,Spring,3.1
2374,Hoodie,Clothing,M,Gray,Spring,4.9
2375,Gloves,Accessories,L,Peach,Winter,4.7
2376,Backpack,Accessories,L,Peach,Fall,2.9
2377,Gloves,Accessories,XL,Cyan,Spring,4.1
2378,Blouse,Clothing,L,Magenta,Fall,4
2379,Scarf,Accessories,L,Teal,Summer,2.7
2380,Hat,Accessories,M,Peach,Spring,4
2381,Scarf,Accessories,M,Black,Fall,2.5
2382,Sandals,Footwear,M,Teal,Summer,4.5
2383,Sweater,Clothing,M,Turquoise,Spring,3.9
2384,Backpack,Accessories,L,Gold,Spring,4.9
2385,Blouse,Clothing,L,Green,Winter,3.3
2386,Scarf,Accessories,M,Brown,Fall,3.8
2387,Socks,Clothing,L,Blue,Summer,2.9
2388,Hat,Accessories,M,Gold,Summer,4
2389,Dress,Clothing,M,Peach,Fall,4.1
2390,Coat,Outerwear,M,Violet,Spring,3.1
2391,Shirt,Clothing,XL,Yellow,Winter,4.6
2392,Shirt,Clothing,M,Black,Winter,4.6
2393,Jeans,Clothing,L,Silver,Spring,2.6
2394,Socks,Clothing,M,Brown,Winter,5
2395,Sandals,Footwear,L,Peach,Fall,2.9
2396,Blouse,Clothing,M,Cyan,Winter,3.5
2397,Shirt,Clothing,M,Olive,Spring,3.7
2398,Sunglasses,Accessories,L,Black,Fall,2.9
2399,Jacket,Outerwear,M,Orange,Winter,4.3
2400,Dress,Clothing,L,Beige,Spring,3.2
2401,Sunglasses,Accessories,M,Peach,Winter,4.2
2402,Boots,Footwear,M,Pink,Winter,4.2
2403,Scarf,Accessories,M,Brown,Winter,3.8
2404,Shorts,Clothing,M,Magenta,Fall,4.4
2405,Shorts,Clothing,L,Cyan,Winter,3.1
2406,Jeans,Clothing,XL,Silver,Fall,5
2407,Scarf,Accessories,M,Indigo,Winter,4.7
2408,Shorts,Clothing,M,Beige,Summer,3
2409,Sneakers,Footwear,XL,Black,Fall,4.2
2410,Jewelry,Accessories,L,Yellow,Spring,3
2411,Shoes,Footwear,M,Maroon,Summer,3.7
2412,Hoodie,Clothing,M,Cyan,Summer,2.7
2413,Jacket,Outerwear,M,Pink,Winter,4.3
2414,Shorts,Clothing,XL,Violet,Fall,2.7
2415,Socks,Clothing,M,Lavender,Summer,3.7
2416,Coat,Outerwear,XL,Lavender,Fall,4.3
2417,Sandals,Footwear,S,Black,Summer,4
2418,Backpack,Accessories,M,Olive,Fall,3.3
2419,Pants,Clothing,S,Indigo,Fall,4
2420,Sweater,Clothing,M,Blue,Fall,2.7
2421,Jacket,Outerwear,S,Green,Winter,4.2
2422,Sneakers,Footwear,L,Pink,Spring,4.6
2423,Jewelry,Accessories,M,Peach,Winter,4.8
2424,Backpack,Accessories,M,Purple,Summer,2.8
2425,Jewelry,Accessories,M,Peach,Winter,4.5
2426,Shoes,Footwear,S,Olive,Summer,3
2427,Jacket,Outerwear,M,Olive,Fall,4.6
2428,Jacket,Outerwear,M,Purple,Spring,3.3
2429,T-shirt,Clothing,M,Violet,Spring,4.4
2430,Sneakers,Footwear,XL,Maroon,Summer,4.4
2431,Jacket,Outerwear,XL,White,Summer,4.3
2432,Hoodie,Clothing,S,Olive,Fall,3.4
2433,Jacket,Outerwear,M,Peach,Winter,2.8
2434,T-shirt,Clothing,M,Blue,Spring,3.4
2435,Gloves,Accessories,M,Brown,Spring,5
2436,Sneakers,Footwear,S,Black,Fall,4.5
2437,T-shirt,Clothing,M,Yellow,Fall,2.7
2438,Sneakers,Footwear,XL,Magenta,Winter,3.4
2439,Jeans,Clothing,S,Cyan,Winter,3.4
2440,Handbag,Accessories,M,Maroon,Summer,2.8
2441,Socks,Clothing,M,Red,Spring,4.7
2442,Jewelry,Accessories,M,Black,Fall,4.7
2443,Blouse,Clothing,L,Violet,Winter,4.7
2444,Backpack,Accessories,M,Green,Spring,3.4
2445,Scarf,Accessories,S,Gold,Fall,3.7
2446,Scarf,Accessories,M,Brown,Summer,4.1
2447,Shirt,Clothing,L,Peach,Spring,2.9
2448,Pants,Clothing,L,Peach,Fall,3.2
2449,Hat,Accessories,S,Violet,Fall,3
2450,Coat,Outerwear,S,Violet,Fall,4.1
2451,T-shirt,Clothing,M,Magenta,Fall,4.5
2452,Socks,Clothing,M,Purple,Fall,3.4
2453,Shirt,Clothing,L,Purple,Winter,4.1
2454,Sweater,Clothing,XL,Cyan,Spring,4.6
2455,Gloves,Accessories,M,Magenta,Winter,4.6
2456,Belt,Accessories,L,Lavender,Spring,3.4
2457,Jeans,Clothing,M,Green,Winter,3.3
2458,Handbag,Accessories,M,Maroon,Fall,3.6
2459,T-shirt,Clothing,L,Turquoise,Fall,4.6
2460,Socks,Clothing,L,Violet,Fall,4.3
2461,Jeans,Clothing,S,Lavender,Winter,4
2462,Scarf,Accessories,L,Red,Summer,4.8
2463,Pants,Clothing,XL,Orange,Spring,4.3
2464,Blouse,Clothing,XL,Indigo,Summer,3.3
2465,Jacket,Outerwear,L,Teal,Winter,2.8
2466,Sandals,Footwear,M,Brown,Spring,4.4
2467,Shorts,Clothing,S,Pink,Summer,3.7
2468,Shorts,Clothing,M,Lavender,Spring,3.6
2469,Skirt,Clothing,L,Cyan,Winter,3.7
2470,Sandals,Footwear,M,Yellow,Fall,5
2471,Blouse,Clothing,XL,Pink,Fall,2.7
2472,Sandals,Footwear,M,Gray,Spring,4.3
2473,Shirt,Clothing,M,Peach,Summer,4.1
2474,Socks,Clothing,M,Red,Winter,2.6
2475,T-shirt,Clothing,M,Olive,Fall,3.2
2476,Dress,Clothing,S,Lavender,Summer,3.5
2477,Hat,Accessories,M,Turquoise,Summer,3.7
2478,Gloves,Accessories,L,Turquoise,Spring,3.8
2479,Socks,Clothing,S,Maroon,Winter,4.8
2480,Dress,Clothing,S,Olive,Fall,4.2
2481,Socks,Clothing,XL,Maroon,Summer,2.9
2482,Belt,Accessories,XL,Cyan,Fall,2.9
2483,Handbag,Accessories,S,Peach,Winter,4.8
2484,Skirt,Clothing,S,Teal,Fall,2.9
2485,Hoodie,Clothing,M,Green,Summer,4.8
2486,Blouse,Clothing,M,Beige,Spring,4.6
2487,Jeans,Clothing,L,Magenta,Spring,4.4
2488,Boots,Footwear,L,Violet,Spring,3
2489,Handbag,Accessories,XL,Charcoal,Summer,4.4
2490,Coat,Outerwear,M,Green,Winter,3.9
2491,Blouse,Clothing,M,Gray,Spring,4
2492,Handbag,Accessories,M,Magenta,Spring,2.5
2493,Sunglasses,Accessories,S,Silver,Summer,4.1
2494,Socks,Clothing,S,Beige,Fall,4.8
2495,Shoes,Footwear,S,Peach,Winter,2.6
2496,Backpack,Accessories,XL,Orange,Spring,3.1
2497,Scarf,Accessories,S,Yellow,Summer,3.2
2498,Backpack,Accessories,M,Violet,Summer,4.2
2499,Coat,Outerwear,S,Green,Fall,2.6
2500,Hoodie,Clothing,L,Pink,Summer,3.1
2501,Gloves,Accessories,M,Violet,Fall,2.9
2502,Shorts,Clothing,M,Violet,Fall,4.6
2503,Skirt,Clothing,L,Pink,Spring,4.1
2504,Boots,Footwear,M,Violet,Summer,2.5
2505,Shorts,Clothing,M,Turquoise,Winter,4
2506,Handbag,Accessories,M,Cyan,Summer,3.5
2507,Dress,Clothing,XL,Orange,Spring,4.4
2508,Shoes,Footwear,M,Cyan,Fall,2.9
2509,Sneakers,Footwear,XL,Indigo,Spring,3.1
2510,Socks,Clothing,M,Black,Spring,4.4
2511,Jacket,Outerwear,L,Purple,Winter,4.4
2512,Backpack,Accessories,M,Cyan,Summer,2.7
2513,Socks,Clothing,M,Green,Summer,4.9
2514,Handbag,Accessories,L,Teal,Winter,3.5
2515,Hat,Accessories,L,Teal,Spring,4.8
2516,Blouse,Clothing,M,Magenta,Summer,4.2
2517,Shorts,Clothing,XL,Brown,Spring,4.6
2518,Shirt,Clothing,L,Orange,Spring,2.9
2519,Boots,Footwear,XL,Blue,Fall,4
2520,Jacket,Outerwear,L,Magenta,Spring,4.9
2521,Jacket,Outerwear,L,Magenta,Summer,3.1
2522,Handbag,Accessories,M,Magenta,Fall,4.4
2523,Belt,Accessories,S,Olive,Winter,2.5
2524,Handbag,Accessories,S,Cyan,Spring,3.4
2525,Coat,Outerwear,M,Purple,Spring,3.7
2526,Sweater,Clothing,M,Purple,Winter,4.2
2527,Shorts,Clothing,S,Peach,Spring,3.4
2528,Pants,Clothing,M,Gold,Fall,3.6
2529,Jewelry,Accessories,S,Peach,Fall,4.7
2530,Gloves,Accessories,M,Magenta,Spring,4.7
2531,Skirt,Clothing,S,Cyan,Spring,3.6
2532,Sandals,Footwear,M,Violet,Summer,4.6
2533,Socks,Clothing,S,Charcoal,Summer,2.6
2534,Jewelry,Accessories,S,Blue,Summer,3.1
2535,Sunglasses,Accessories,XL,Red,Fall,3.2
2536,Coat,Outerwear,S,Purple,Winter,3.9
2537,Belt,Accessories,L,Gray,Spring,4.9
2538,Coat,Outerwear,M,Purple,Summer,4.1
2539,Scarf,Accessories,M,Silver,Summer,4.2
2540,Sandals,Footwear,M,Purple,Fall,4.1
2541,Belt,Accessories,M,Charcoal,Summer,3.9
2542,Scarf,Accessories,M,Silver,Spring,2.7
2543,Jewelry,Accessories,M,White,Winter,3.7
2544,Scarf,Accessories,L,Peach,Spring,2.7
2545,Pants,Clothing,M,Red,Spring,2.5
2546,Shoes,Footwear,L,Olive,Spring,3.9
2547,Boots,Footwear,L,Gray,Summer,3
2548,Jacket,Outerwear,M,Beige,Summer,3.2
2549,Backpack,Accessories,L,Pink,Winter,3.8
2550,Jacket,Outerwear,M,Red,Fall,2.7
2551,Boots,Footwear,XL,Peach,Fall,3
2552,Shoes,Footwear,M,Maroon,Winter,4.1
2553,Belt,Accessories,XL,Purple,Spring,3.2
2554,Jewelry,Accessories,M,Maroon,Summer,4.5
2555,Jewelry,Accessories,M,Gray,Summer,4.3
2556,Pants,Clothing,M,Gray,Fall,3.5
2557,T-shirt,Clothing,XL,Magenta,Fall,3.1
2558,Shorts,Clothing,L,Cyan,Spring,3.9
2559,Hoodie,Clothing,M,Silver,Fall,2.7
2560,Belt,Accessories,S,Green,Winter,4
2561,Boots,Footwear,M,Violet,Spring,2.7
2562,Hoodie,Clothing,L,Magenta,Spring,2.7
2563,Shorts,Clothing,XL,Yellow,Spring,4.7
2564,Backpack,Accessories,XL,Gray,Winter,4.5
2565,Scarf,Accessories,L,Indigo,Winter,3
2566,Socks,Clothing,S,Indigo,Fall,3.6
2567,Handbag,Accessories,S,Yellow,Fall,3.3
2568,Sunglasses,Accessories,XL,Gold,Spring,4.3
2569,T-shirt,Clothing,XL,Green,Winter,4.3
2570,Dress,Clothing,M,Charcoal,Spring,4.8
2571,Sneakers,Footwear,XL,Olive,Spring,4
2572,Sunglasses,Accessories,L,Black,Winter,3.5
2573,Blouse,Clothing,M,Silver,Fall,3.9
2574,T-shirt,Clothing,M,Red,Summer,4.4
2575,Hat,Accessories,M,Brown,Summer,4.6
2576,Shorts,Clothing,M,Silver,Fall,4
2577,Hoodie,Clothing,M,Silver,Winter,4.2
2578,Socks,Clothing,L,Black,Fall,4.5
2579,Sunglasses,Accessories,M,Purple,Fall,3.9
2580,Blouse,Clothing,M,Purple,Summer,3.7
2581,Jeans,Clothing,S,Turquoise,Summer,3.6
2582,Dress,Clothing,M,Gold,Winter,4.7
2583,Dress,Clothing,S,Indigo,Fall,3.6
2584,Jeans,Clothing,M,Lavender,Fall,2.5
2585,Socks,Clothing,L,Blue,Summer,2.9
2586,Sunglasses,Accessories,L,Maroon,Fall,4.4
2587,Coat,Outerwear,L,Yellow,Winter,4.6
2588,Scarf,Accessories,M,Purple,Winter,3.7
2589,Backpack,Accessories,M,Peach,Summer,3.2
2590,Pants,Clothing,M,Silver,Winter,4.9
2591,Gloves,Accessories,M,Turquoise,Summer,5
2592,Jacket,Outerwear,S,Olive,Spring,3.3
2593,Shorts,Clothing,XL,Peach,Summer,4.4
2594,Pants,Clothing,S,Indigo,Fall,4.7
2595,Skirt,Clothing,L,Indigo,Fall,3.6
2596,Blouse,Clothing,XL,Maroon,Summer,3.2
2597,Shirt,Clothing,L,Black,Spring,3
2598,Jewelry,Accessories,XL,Teal,Summer,4.4
2599,Backpack,Accessories,XL,Olive,Fall,3.3
2600,Jewelry,Accessories,M,Gold,Winter,3.4
2601,Belt,Accessories,M,Gray,Fall,3.9
2602,Dress,Clothing,L,Orange,Winter,2.9
2603,Coat,Outerwear,M,Black,Fall,2.9
2604,Dress,Clothing,M,Teal,Spring,2.7
2605,Sweater,Clothing,M,Beige,Spring,3.4
2606,Hoodie,Clothing,M,White,Spring,3.7
2607,Shoes,Footwear,L,Turquoise,Spring,4.7
2608,Shoes,Footwear,XL,Teal,Spring,3.1
2609,Jacket,Outerwear,L,Orange,Fall,4.2
2610,Backpack,Accessories,M,Black,Summer,3
2611,Jeans,Clothing,M,Violet,Spring,3.1
2612,Jacket,Outerwear,L,Maroon,Fall,4.2
2613,Sunglasses,Accessories,M,Turquoise,Winter,3.8
2614,Gloves,Accessories,M,Gold,Fall,2.9
2615,Jacket,Outerwear,M,Turquoise,Spring,4.2
2616,T-shirt,Clothing,M,Maroon,Fall,3.1
2617,Sandals,Footwear,XL,Purple,Spring,3.6
2618,Shorts,Clothing,S,Maroon,Spring,4.8
2619,Handbag,Accessories,L,Brown,Fall,4.1
2620,Pants,Clothing,L,Indigo,Winter,3.9
2621,Blouse,Clothing,S,Lavender,Winter,3
2622,Shoes,Footwear,M,Beige,Winter,3
2623,Backpack,Accessories,M,Yellow,Spring,4.9
2624,Shoes,Footwear,M,Gold,Fall,4.8
2625,Dress,Clothing,M,Indigo,Summer,3.3
2626,Skirt,Clothing,L,Cyan,Summer,2.7
2627,Jacket,Outerwear,XL,Silver,Fall,4.2
2628,Shirt,Clothing,L,Silver,Fall,3.6
2629,Hoodie,Clothing,M,Silver,Summer,3.8
2630,Scarf,Accessories,M,Peach,Winter,3.8
2631,Skirt,Clothing,S,Pink,Spring,4.2
2632,Skirt,Clothing,S,Violet,Summer,2.7
2633,Scarf,Accessories,M,Black,Fall,5
2634,Sunglasses,Accessories,M,Purple,Fall,4.7
2635,Sandals,Footwear,S,Black,Summer,3.2
2636,Hoodie,Clothing,XL,Peach,Spring,2.9
2637,Jacket,Outerwear,S,Magenta,Winter,4.2
2638,Pants,Clothing,M,Magenta,Spring,3.7
2639,Shirt,Clothing,S,Black,Spring,4.2
2640,Blouse,Clothing,XL,Pink,Winter,2.6
2641,Skirt,Clothing,L,Olive,Summer,4
2642,Sunglasses,Accessories,XL,Olive,Winter,2.7
2643,Belt,Accessories,L,Peach,Summer,4
2644,Gloves,Accessories,S,Silver,Spring,2.9
2645,Pants,Clothing,M,Turquoise,Spring,3.3
2646,Scarf,Accessories,L,Olive,Spring,4
2647,T-shirt,Clothing,S,Lavender,Summer,3.9
2648,Shoes,Footwear,M,Red,Summer,3.3
2649,Pants,Clothing,M,Gray,Spring,3.9
2650,Gloves,Accessories,M,Magenta,Fall,3.9
2651,Socks,Clothing,L,Maroon,Summer,4.2
2652,Sneakers,Footwear,M,Cyan,Summer,4.6
2653,Shorts,Clothing,L,Cyan,Summer,3.3
2654,Blouse,Clothing,L,Lavender,Fall,4.8
2655,Coat,Outerwear,S,Pink,Fall,4.1
2656,Sunglasses,Accessories,M,Gray,Summer,3.4
2657,Shorts,Clothing,L,Yellow,Winter,3.6
2658,Dress,Clothing,M,Pink,Summer,2.7
2659,Handbag,Accessories,XL,Indigo,Summer,3.2
2660,Boots,Footwear,L,Gray,Summer,4.4
2661,Pants,Clothing,L,Yellow,Spring,4.9
2662,Boots,Footwear,XL,Olive,Fall,4.8
2663,Skirt,Clothing,M,Cyan,Summer,2.8
2664,Sneakers,Footwear,L,Silver,Fall,2.9
2665,Jewelry,Accessories,L,Silver,Winter,3.2
2666,T-shirt,Clothing,L,Red,Winter,3.5
2667,Sandals,Footwear,S,Brown,Winter,4.1
2668,Boots,Footwear,M,Orange,Summer,4.1
2669,Coat,Outerwear,M,Black,Summer,4.8
2670,Belt,Accessories,L,Teal,Spring,2.8
2671,Sunglasses,Accessories,M,Yellow,Fall,4.7
2672,Sandals,Footwear,XL,Gray,Winter,4.8
2673,Boots,Footwear,M,Maroon,Spring,2.9
2674,Hoodie,Clothing,M,Olive,Summer,2.6
2675,Hat,Accessories,S,Charcoal,Fall,3.3
2676,Shorts,Clothing,M,Peach,Winter,3.4
2677,Backpack,Accessories,M,Maroon,Spring,3.6
2678,Shorts,Clothing,L,Olive,Spring,3.8
2679,Belt,Accessories,M,Magenta,Spring,3.4
2680,Shorts,Clothing,S,Yellow,Spring,3.8
2681,Socks,Clothing,L,Indigo,Fall,3.3
2682,Shoes,Footwear,L,Olive,Summer,4.8
2683,Sneakers,Footwear,L,Maroon,Winter,3.9
2684,Backpack,Accessories,M,Indigo,Summer,4.2
2685,Dress,Clothing,M,Gray,Summer,4.7
2686,Boots,Footwear,M,Gray,Winter,2.7
2687,Socks,Clothing,M,Black,Winter,3.8
2688,Dress,Clothing,M,White,Fall,3.6
2689,Handbag,Accessories,XL,Turquoise,Spring,2.9
2690,Blouse,Clothing,M,Orange,Fall,3.9
2691,Belt,Accessories,L,Yellow,Summer,4.7
2692,Pants,Clothing,L,Blue,Winter,3.3
2693,Sneakers,Footwear,XL,Violet,Spring,4.2
2694,Boots,Footwear,L,Lavender,Summer,2.6
2695,Sunglasses,Accessories,M,Olive,Spring,4.9
2696,Hat,Accessories,M,Orange,Fall,3.6
2697,Coat,Outerwear,M,White,Spring,4.7
2698,Jacket,Outerwear,L,Red,Winter,3.2
2699,Hoodie,Clothing,M,Magenta,Summer,3.6
2700,Boots,Footwear,M,Violet,Fall,3.6
2701,T-shirt,Clothing,XL,Olive,Winter,3.2
2702,Sweater,Clothing,L,Silver,Summer,2.8
2703,Shoes,Footwear,L,Gray,Fall,4
2704,Scarf,Accessories,XL,Olive,Winter,4.4
2705,Dress,Clothing,L,Beige,Spring,3.4
2706,Jacket,Outerwear,S,Turquoise,Spring,5
2707,Shoes,Footwear,S,Blue,Spring,3.1
2708,Backpack,Accessories,M,Pink,Fall,4.2
2709,Dress,Clothing,M,Teal,Summer,3.3
2710,Shirt,Clothing,S,Cyan,Winter,2.9
2711,Jacket,Outerwear,L,Purple,Summer,4.7
2712,Sunglasses,Accessories,L,Red,Spring,4
2713,Jacket,Outerwear,L,Brown,Fall,4.6
2714,Coat,Outerwear,M,Magenta,Fall,3.8
2715,Sweater,Clothing,S,Olive,Winter,3.6
2716,Sneakers,Footwear,XL,Pink,Winter,4.1
2717,Shoes,Footwear,L,Black,Spring,2.7
2718,Sunglasses,Accessories,XL,Beige,Winter,4.3
2719,Shorts,Clothing,M,Peach,Winter,4.9
2720,Hoodie,Clothing,S,Peach,Fall,4.2
2721,Scarf,Accessories,M,Peach,Spring,2.8
2722,Sandals,Footwear,S,Teal,Spring,4.9
2723,Hat,Accessories,M,Green,Spring,2.8
2724,Shoes,Footwear,XL,Brown,Summer,2.9
2725,Sneakers,Footwear,M,Brown,Spring,2.5
2726,Backpack,Accessories,S,Violet,Summer,2.7
2727,Belt,Accessories,L,Blue,Winter,3.3
2728,Shirt,Clothing,L,Charcoal,Winter,3.7
2729,Skirt,Clothing,M,Pink,Winter,4
2730,Gloves,Accessories,S,Violet,Summer,4.1
2731,Gloves,Accessories,M,Teal,Winter,4.1
2732,Handbag,Accessories,M,Red,Summer,2.5
2733,Socks,Clothing,L,Orange,Winter,4.2
2734,Backpack,Accessories,M,Magenta,Summer,4.7
2735,Jeans,Clothing,XL,Yellow,Summer,2.7
2736,Skirt,Clothing,M,Yellow,Spring,3
2737,Hoodie,Clothing,M,Pink,Spring,4.8
2738,Jewelry,Accessories,S,Indigo,Spring,4.4
2739,Sneakers,Footwear,M,Charcoal,Summer,4.3
2740,Shirt,Clothing,XL,Blue,Winter,2.5
2741,Sunglasses,Accessories,M,Lavender,Summer,4.9
2742,Dress,Clothing,L,Yellow,Fall,4.9
2743,Shoes,Footwear,M,Black,Spring,3.9
2744,Belt,Accessories,S,Beige,Fall,4.1
2745,Shirt,Clothing,M,Silver,Winter,3.3
2746,Boots,Footwear,M,Magenta,Summer,4.1
2747,Hoodie,Clothing,M,Orange,Fall,3.7
2748,Jeans,Clothing,M,Teal,Winter,3.1
2749,Jacket,Outerwear,L,Turquoise,Spring,3
2750,Jacket,Outerwear,M,Cyan,Spring,3.4
2751,Sandals,Footwear,L,Pink,Spring,2.7
2752,Dress,Clothing,S,Indigo,Fall,3.1
2753,Sweater,Clothing,S,Peach,Winter,4
2754,Gloves,Accessories,M,Beige,Spring,3.6
2755,Sunglasses,Accessories,L,Gold,Summer,3.6
2756,Belt,Accessories,M,Indigo,Winter,3.3
2757,Hat,Accessories,L,Violet,Winter,4.1
2758,Hat,Accessories,XL,Brown,Fall,4.3
2759,Blouse,Clothing,M,Purple,Summer,3.2
2760,Shoes,Footwear,M,Turquoise,Summer,3.9
2761,Skirt,Clothing,S,Violet,Fall,5
2762,Sneakers,Footwear,M,Purple,Fall,3.4
2763,T-shirt,Clothing,M,Charcoal,Fall,3.8
2764,Handbag,Accessories,M,Green,Fall,2.9
2765,Sweater,Clothing,XL,White,Spring,2.6
2766,Gloves,Accessories,M,Purple,Summer,4.3
2767,Dress,Clothing,M,Cyan,Winter,2.8
2768,Dress,Clothing,M,Green,Spring,4.5
2769,Blouse,Clothing,M,Beige,Spring,3.8
2770,Shirt,Clothing,L,Lavender,Fall,3
2771,Boots,Footwear,S,Blue,Fall,3.3
2772,Jacket,Outerwear,S,Beige,Summer,3.1
2773,Backpack,Accessories,L,Blue,Spring,3.5
2774,Pants,Clothing,S,Maroon,Spring,4.6
2775,Boots,Footwear,L,Yellow,Fall,4.1
2776,Socks,Clothing,L,Red,Fall,3.6
2777,Scarf,Accessories,L,Green,Fall,2.9
2778,Blouse,Clothing,M,Magenta,Fall,4.8
2779,Belt,Accessories,L,Yellow,Spring,3.2
2780,Sunglasses,Accessories,L,Blue,Winter,4.3
2781,Boots,Footwear,M,Charcoal,Winter,4.1
2782,Sandals,Footwear,M,Blue,Spring,4.6
2783,Gloves,Accessories,S,Cyan,Spring,3.8
2784,Skirt,Clothing,M,Silver,Spring,4.5
2785,Skirt,Clothing,M,Black,Winter,3.1
2786,Blouse,Clothing,S,Green,Summer,2.9
2787,Handbag,Accessories,M,Violet,Spring,3.8
2788,Boots,Footwear,XL,Pink,Spring,4.1
2789,Boots,Footwear,M,Olive,Summer,3.1
2790,Sweater,Clothing,L,Orange,Fall,5
2791,Socks,Clothing,M,Black,Spring,4.5
2792,Gloves,Accessories,M,Yellow,Fall,2.8
2793,Shorts,Clothing,L,Violet,Winter,3.2
2794,Boots,Footwear,M,Silver,Spring,3.1
2795,Jacket,Outerwear,M,Gold,Fall,3.3
2796,Scarf,Accessories,M,Magenta,Winter,3.4
2797,Jacket,Outerwear,M,Red,Winter,3.8
2798,Jewelry,Accessories,M,Green,Winter,3.5
2799,Hoodie,Clothing,XL,Red,Winter,4.8
2800,T-shirt,Clothing,L,Pink,Spring,3.9
2801,Shirt,Clothing,L,Violet,Fall,3.4
2802,Shirt,Clothing,M,Indigo,Winter,2.6
2803,Coat,Outerwear,L,Red,Fall,3.1
2804,T-shirt,Clothing,M,Violet,Winter,3.3
2805,Hoodie,Clothing,M,Cyan,Spring,2.8
2806,Sunglasses,Accessories,S,Black,Fall,4.3
2807,Blouse,Clothing,L,Purple,Spring,2.7
2808,Hoodie,Clothing,M,Charcoal,Spring,4.4
2809,Skirt,Clothing,M,Beige,Spring,3.9
2810,Shorts,Clothing,XL,Teal,Summer,3
2811,Jeans,Clothing,M,Purple,Summer,4
2812,Jacket,Outerwear,M,Blue,Fall,3.7
2813,Hoodie,Clothing,XL,Magenta,Fall,3.8
2814,Shirt,Clothing,S,Maroon,Summer,3.3
2815,T-shirt,Clothing,L,Gold,Winter,3.6
2816,Blouse,Clothing,L,Black,Fall,3.9
2817,Skirt,Clothing,M,Black,Spring,3.5
2818,Backpack,Accessories,XL,Yellow,Winter,3.4
2819,Shorts,Clothing,M,Turquoise,Fall,4.7
2820,Shirt,Clothing,L,Lavender,Spring,3
2821,Backpack,Accessories,L,Yellow,Summer,3.9
2822,Shoes,Footwear,L,Olive,Summer,4.5
2823,Skirt,Clothing,S,Brown,Fall,4.1
2824,Dress,Clothing,M,Olive,Summer,4.5
2825,Hat,Accessories,M,Purple,Fall,4
2826,Handbag,Accessories,M,Yellow,Winter,4.3
2827,Handbag,Accessories,L,Brown,Fall,3.6
2828,Blouse,Clothing,M,Magenta,Fall,3.1
2829,Scarf,Accessories,L,Lavender,Fall,2.6
2830,Jewelry,Accessories,XL,Teal,Fall,3.4
2831,Skirt,Clothing,L,Cyan,Spring,2.9
2832,Hoodie,Clothing,L,Pink,Winter,5
2833,Scarf,Accessories,M,Magenta,Summer,4.6
2834,Jeans,Clothing,M,Teal,Fall,3.3
2835,Jacket,Outerwear,M,Indigo,Fall,2.9
2836,T-shirt,Clothing,S,Pink,Winter,4.9
2837,Pants,Clothing,M,Charcoal,Winter,5
2838,Shoes,Footwear,M,Brown,Summer,4.5
2839,Jacket,Outerwear,M,Blue,Fall,3.7
2840,Scarf,Accessories,L,Teal,Summer,2.8
2841,T-shirt,Clothing,L,Pink,Spring,3.5
2842,Dress,Clothing,XL,Magenta,Winter,3
2843,Coat,Outerwear,L,Green,Fall,4.3
2844,Sweater,Clothing,M,White,Summer,3.6
2845,Hat,Accessories,M,Indigo,Summer,4.4
2846,Backpack,Accessories,L,Lavender,Summer,4.1
2847,Socks,Clothing,XL,Black,Fall,2.8
2848,Jewelry,Accessories,L,Charcoal,Winter,2.8
2849,Boots,Footwear,L,Gray,Fall,4.9
2850,Coat,Outerwear,M,Gold,Spring,4.1
2851,Sweater,Clothing,M,Silver,Spring,3
2852,Blouse,Clothing,L,Teal,Summer,3
2853,Belt,Accessories,M,Magenta,Spring,3
2854,Hat,Accessories,M,Magenta,Winter,3.2
2855,Sandals,Footwear,M,Beige,Fall,2.7
2856,Boots,Footwear,S,Maroon,Winter,3.8
2857,Jacket,Outerwear,M,Indigo,Winter,3.5
2858,Dress,Clothing,S,Maroon,Spring,3.8
2859,Jeans,Clothing,L,Teal,Summer,3.8
2860,Shorts,Clothing,L,Yellow,Fall,3.4
2861,Shirt,Clothing,M,Gold,Spring,2.9
2862,Coat,Outerwear,M,Teal,Fall,3.4
2863,Coat,Outerwear,S,Violet,Summer,4.7
2864,T-shirt,Clothing,M,Yellow,Fall,3.9
2865,Sweater,Clothing,S,Maroon,Fall,3.6
2866,Skirt,Clothing,M,Silver,Fall,3.7
2867,Blouse,Clothing,S,Violet,Summer,3.1
2868,Sneakers,Footwear,L,White,Summer,4.9
2869,Backpack,Accessories,M,Black,Winter,2.6
2870,Socks,Clothing,M,White,Summer,4.2
2871,Jewelry,Accessories,M,Blue,Winter,4.8
2872,Shorts,Clothing,S,Black,Summer,2.7
2873,Jewelry,Accessories,L,Olive,Fall,2.6
2874,Sweater,Clothing,M,Teal,Spring,2.6
2875,Shirt,Clothing,L,Silver,Summer,3.1
2876,Pants,Clothing,M,Pink,Fall,2.6
2877,Hoodie,Clothing,M,Charcoal,Spring,3.4
2878,Socks,Clothing,M,Silver,Summer,3.6
2879,Dress,Clothing,L,Turquoise,Summer,4.3
2880,Blouse,Clothing,XL,Turquoise,Winter,4.9
2881,Skirt,Clothing,L,Beige,Winter,4.8
2882,Backpack,Accessories,M,Cyan,Winter,4.2
2883,Blouse,Clothing,L,Gold,Winter,2.6
2884,Socks,Clothing,XL,Silver,Spring,3.2
2885,Boots,Footwear,M,Purple,Summer,3.4
2886,Backpack,Accessories,M,Yellow,Summer,3.5
2887,Hat,Accessories,L,Blue,Spring,4.2
2888,Sandals,Footwear,L,Blue,Winter,2.8
2889,Hoodie,Clothing,L,Green,Spring,5
2890,Sunglasses,Accessories,M,Charcoal,Fall,3.3
2891,Jeans,Clothing,M,Violet,Winter,3.7
2892,T-shirt,Clothing,XL,Black,Winter,2.5
2893,Dress,Clothing,M,Teal,Spring,3.2
2894,Belt,Accessories,S,Orange,Spring,3.1
2895,Jewelry,Accessories,S,Brown,Spring,3.5
2896,Hoodie,Clothing,L,Green,Summer,4.6
2897,Blouse,Clothing,M,Silver,Summer,3.3
2898,Jacket,Outerwear,L,Violet,Fall,2.5
2899,Sneakers,Footwear,XL,Peach,Summer,4.6
2900,Boots,Footwear,M,Gold,Spring,4.2
2901,Blouse,Clothing,XL,Violet,Winter,4
2902,Blouse,Clothing,L,Olive,Winter,2.6
2903,Boots,Footwear,S,Orange,Spring,4.6
2904,Scarf,Accessories,S,Teal,Spring,3.5
2905,Sandals,Footwear,M,Gray,Spring,4
2906,Sunglasses,Accessories,L,Black,Winter,4.8
2907,Coat,Outerwear,M,Indigo,Spring,3.9
2908,Sunglasses,Accessories,XL,Lavender,Summer,3.7
2909,Blouse,Clothing,M,Beige,Winter,3.1
2910,Backpack,Accessories,M,Indigo,Winter,3
2911,Belt,Accessories,M,Blue,Summer,2.9
2912,Socks,Clothing,XL,Orange,Fall,2.9
2913,Shoes,Footwear,M,Yellow,Winter,4
2914,Coat,Outerwear,L,Cyan,Winter,3.5
2915,Sweater,Clothing,M,Yellow,Fall,3.8
2916,Shirt,Clothing,M,Cyan,Fall,4.5
2917,Shorts,Clothing,M,Green,Winter,2.7
2918,Shirt,Clothing,XL,White,Winter,2.9
2919,Sunglasses,Accessories,S,Black,Fall,4.9
2920,Shoes,Footwear,L,Charcoal,Winter,3.8
2921,Sunglasses,Accessories,XL,Brown,Spring,4.9
2922,Handbag,Accessories,M,Cyan,Fall,4.6
2923,Sunglasses,Accessories,L,Beige,Winter,3.5
2924,Shirt,Clothing,M,Magenta,Spring,4.2
2925,Shirt,Clothing,L,Indigo,Winter,3.7
2926,Sweater,Clothing,M,Maroon,Spring,2.8
2927,Handbag,Accessories,M,Gray,Winter,4.8
2928,Shirt,Clothing,M,Black,Summer,2.7
2929,Jewelry,Accessories,L,Yellow,Spring,3.6
2930,Socks,Clothing,XL,White,Winter,4.5
2931,T-shirt,Clothing,M,Orange,Spring,4
2932,Jewelry,Accessories,M,Magenta,Fall,4.5
2933,Backpack,Accessories,L,Black,Spring,3.9
2934,Hat,Accessories,M,Brown,Summer,3.8
2935,Gloves,Accessories,M,Orange,Fall,4.7
2936,Sneakers,Footwear,XL,Gray,Spring,4.6
2937,Skirt,Clothing,M,White,Spring,3.6
2938,Handbag,Accessories,M,White,Spring,4.3
2939,Sunglasses,Accessories,M,Violet,Fall,3
2940,Sweater,Clothing,M,Beige,Winter,4.3
2941,Handbag,Accessories,L,Beige,Summer,4.8
2942,Skirt,Clothing,L,Purple,Spring,3.7
2943,Socks,Clothing,M,Brown,Summer,2.6
2944,Shirt,Clothing,M,Orange,Spring,3.4
2945,Sneakers,Footwear,XL,Cyan,Summer,3.9
2946,Belt,Accessories,M,Charcoal,Summer,4.8
2947,Pants,Clothing,L,Purple,Spring,2.8
2948,Jewelry,Accessories,L,Peach,Spring,4.4
2949,Pants,Clothing,M,Violet,Winter,3.1
2950,Jewelry,Accessories,M,Peach,Spring,3.8
2951,Jeans,Clothing,S,Maroon,Winter,4.1
2952,Scarf,Accessories,L,Maroon,Fall,4.6
2953,Belt,Accessories,M,Peach,Spring,4.9
2954,Dress,Clothing,M,Silver,Summer,4.8
2955,T-shirt,Clothing,M,Indigo,Winter,3.9
2956,Boots,Footwear,M,Silver,Winter,2.6
2957,Dress,Clothing,M,Olive,Fall,3.7
2958,Jewelry,Accessories,S,Gray,Fall,4.7
2959,Skirt,Clothing,M,Black,Summer,4.5
2960,Handbag,Accessories,L,Maroon,Summer,4.7
2961,Coat,Outerwear,S,Olive,Spring,3.6
2962,Hoodie,Clothing,S,Gold,Fall,2.8
2963,Pants,Clothing,L,Pink,Fall,4
2964,Boots,Footwear,M,Brown,Spring,3.6
2965,Coat,Outerwear,S,White,Fall,3.8
2966,Scarf,Accessories,M,Blue,Summer,4.4
2967,Boots,Footwear,L,Orange,Fall,2.8
2968,Sneakers,Footwear,L,Silver,Summer,3.4
2969,Sweater,Clothing,S,Gray,Fall,4.9
2970,Belt,Accessories,S,Blue,Fall,4.3
2971,Jewelry,Accessories,M,White,Winter,3.4
2972,Handbag,Accessories,L,Yellow,Fall,3.9
2973,Jacket,Outerwear,S,Indigo,Fall,4.2
2974,Boots,Footwear,M,Blue,Summer,2.7
2975,Sneakers,Footwear,XL,Peach,Summer,4.1
2976,Scarf,Accessories,XL,Lavender,Winter,4.5
2977,Coat,Outerwear,M,Silver,Summer,2.8
2978,Shorts,Clothing,L,Gold,Winter,3.4
2979,Shorts,Clothing,S,Cyan,Spring,3.9
2980,Jeans,Clothing,L,Olive,Fall,2.6
2981,Gloves,Accessories,L,Teal,Fall,4.4
2982,Pants,Clothing,L,Pink,Winter,4.9
2983,Dress,Clothing,M,Orange,Summer,3.6
2984,Pants,Clothing,M,Charcoal,Winter,2.8
2985,Gloves,Accessories,L,Red,Spring,4.3
2986,Belt,Accessories,S,Teal,Summer,3
2987,Belt,Accessories,S,Silver,Summer,3.3
2988,Skirt,Clothing,L,Black,Winter,2.5
2989,Socks,Clothing,S,Pink,Spring,5
2990,Belt,Accessories,XL,Teal,Summer,4.3
2991,Shirt,Clothing,M,Teal,Fall,4.2
2992,Dress,Clothing,L,Green,Summer,3.9
2993,Socks,Clothing,M,Charcoal,Spring,3.9
2994,Jacket,Outerwear,L,Indigo,Spring,4.2
2995,Sweater,Clothing,S,White,Winter,3.5
2996,Jeans,Clothing,M,Orange,Summer,2.5
2997,Jewelry,Accessories,M,White,Spring,2.9
2998,Sweater,Clothing,S,Yellow,Spring,2.7
2999,Hoodie,Clothing,M,Red,Summer,4.7
3000,Sunglasses,Accessories,S,Charcoal,Winter,3.8
3001,Sandals,Footwear,M,Lavender,Winter,3.7
3002,Coat,Outerwear,L,Charcoal,Summer,4.7
3003,Belt,Accessories,M,Maroon,Fall,3.6
3004,Blouse,Clothing,M,Brown,Fall,2.8
3005,Skirt,Clothing,M,Lavender,Winter,3.7
3006,Shorts,Clothing,XL,Brown,Spring,3.5
3007,Dress,Clothing,M,Olive,Summer,3.7
3008,Sunglasses,Accessories,L,Lavender,Winter,3
3009,Shoes,Footwear,M,Gold,Winter,4.9
3010,Belt,Accessories,M,Silver,Winter,4.6
3011,Belt,Accessories,M,Violet,Winter,3.3
3012,Belt,Accessories,S,Brown,Summer,3
3013,Belt,Accessories,M,Teal,Fall,3.5
3014,Skirt,Clothing,L,Peach,Summer,4.2
3015,T-shirt,Clothing,M,Maroon,Spring,4.5
3016,Scarf,Accessories,XL,Lavender,Spring,2.8
3017,Blouse,Clothing,L,Lavender,Summer,4.9
3018,Sunglasses,Accessories,S,Purple,Summer,3.3
3019,Boots,Footwear,M,Green,Summer,3
3020,Jacket,Outerwear,M,Yellow,Winter,3.9
3021,Jeans,Clothing,S,Charcoal,Fall,2.8
3022,Sunglasses,Accessories,S,Blue,Summer,4.5
3023,Sandals,Footwear,M,Lavender,Fall,4
3024,Backpack,Accessories,M,Brown,Summer,2.9
3025,Blouse,Clothing,S,White,Spring,4
3026,Shoes,Footwear,XL,Green,Summer,3.4
3027,Shirt,Clothing,L,Magenta,Fall,2.5
3028,Hoodie,Clothing,XL,Peach,Winter,2.8
3029,Dress,Clothing,L,Charcoal,Summer,3
3030,Dress,Clothing,M,Gold,Summer,3.1
3031,Sneakers,Footwear,XL,Purple,Spring,2.6
3032,Blouse,Clothing,L,Teal,Summer,4.9
3033,Backpack,Accessories,XL,Green,Summer,3.5
3034,Sweater,Clothing,L,Orange,Spring,2.6
3035,Boots,Footwear,L,Peach,Spring,3.5
3036,Handbag,Accessories,M,Gold,Spring,4.5
3037,Hoodie,Clothing,S,Violet,Spring,4.3
3038,Belt,Accessories,L,Charcoal,Summer,4.8
3039,Jewelry,Accessories,M,Brown,Summer,4.2
3040,Blouse,Clothing,L,Blue,Spring,3.2
3041,Handbag,Accessories,M,Gold,Fall,4.1
3042,Handbag,Accessories,M,Orange,Winter,4
3043,Coat,Outerwear,L,Turquoise,Winter,2.9
3044,Belt,Accessories,S,Peach,Fall,2.6
3045,Boots,Footwear,M,Magenta,Winter,2.7
3046,Socks,Clothing,L,Black,Winter,4.6
3047,Shoes,Footwear,M,White,Spring,3.2
3048,Sneakers,Footwear,M,Violet,Fall,4.1
3049,Jewelry,Accessories,M,Olive,Summer,3.9
3050,Handbag,Accessories,L,Red,Summer,3
3051,Coat,Outerwear,S,Green,Spring,3.6
3052,Sunglasses,Accessories,L,Gold,Summer,4.6
3053,Shoes,Footwear,XL,Olive,Spring,4.5
3054,Shoes,Footwear,L,Brown,Winter,3.2
3055,Boots,Footwear,S,Magenta,Summer,4.9
3056,Sandals,Footwear,M,Violet,Fall,5
3057,Gloves,Accessories,M,Beige,Spring,3.8
3058,Backpack,Accessories,M,Blue,Spring,3.4
3059,Handbag,Accessories,S,Orange,Winter,3.8
3060,Sweater,Clothing,L,Maroon,Spring,3.2
3061,Coat,Outerwear,S,Charcoal,Summer,4.7
3062,T-shirt,Clothing,L,Olive,Fall,4.5
3063,Backpack,Accessories,L,Green,Fall,3.3
3064,Sunglasses,Accessories,L,Brown,Winter,3.9
3065,Belt,Accessories,S,Cyan,Winter,3.6
3066,Jacket,Outerwear,M,Beige,Fall,2.8
3067,Skirt,Clothing,L,Teal,Summer,4.3
3068,Belt,Accessories,S,Gray,Spring,3.5
3069,Boots,Footwear,M,Indigo,Winter,4.2
3070,Jeans,Clothing,L,Magenta,Spring,4.6
3071,Shoes,Footwear,XL,Red,Fall,2.6
3072,Sweater,Clothing,L,Turquoise,Spring,3.4
3073,Jewelry,Accessories,L,Peach,Spring,3.1
3074,Shirt,Clothing,L,White,Winter,3.6
3075,Boots,Footwear,L,Maroon,Winter,4.2
3076,Shorts,Clothing,XL,Beige,Winter,3.6
3077,Handbag,Accessories,M,Blue,Summer,3.6
3078,Sweater,Clothing,S,Red,Spring,3
3079,Belt,Accessories,M,Blue,Spring,2.5
3080,Belt,Accessories,M,Maroon,Fall,4
3081,Hoodie,Clothing,L,Yellow,Spring,4.1
3082,Sneakers,Footwear,L,Pink,Winter,4.9
3083,T-shirt,Clothing,M,Maroon,Spring,4
3084,Pants,Clothing,S,Purple,Summer,3.5
3085,Scarf,Accessories,S,Indigo,Spring,3.2
3086,Sweater,Clothing,L,Gray,Winter,2.8
3087,Handbag,Accessories,M,Lavender,Summer,3.5
3088,Shirt,Clothing,M,Charcoal,Spring,3.1
3089,Dress,Clothing,M,Teal,Spring,3.3
3090,Sandals,Footwear,L,Blue,Fall,4.6
3091,Shirt,Clothing,M,Peach,Summer,4.9
3092,Dress,Clothing,L,Orange,Winter,3.4
3093,Sunglasses,Accessories,L,Silver,Fall,3.5
3094,Socks,Clothing,L,Red,Summer,4.8
3095,Sandals,Footwear,M,Gray,Summer,2.7
3096,Hat,Accessories,S,Beige,Fall,3.4
3097,Shirt,Clothing,L,White,Winter,3.5
3098,Shoes,Footwear,M,Silver,Fall,3.7
3099,Pants,Clothing,L,Cyan,Summer,3.3
3100,Shirt,Clothing,S,Maroon,Fall,2.9
3101,Hat,Accessories,L,Purple,Winter,3.9
3102,Jewelry,Accessories,S,Brown,Summer,2.7
3103,Jacket,Outerwear,M,Green,Summer,4.3
3104,Shirt,Clothing,S,Peach,Winter,3
3105,Pants,Clothing,S,Turquoise,Summer,5
3106,Skirt,Clothing,M,Olive,Fall,2.7
3107,Sandals,Footwear,M,Yellow,Winter,4.7
3108,Blouse,Clothing,L,Gray,Winter,4.6
3109,Socks,Clothing,M,Purple,Fall,3.2
3110,Jacket,Outerwear,M,Gray,Winter,4.3
3111,Handbag,Accessories,L,Lavender,Fall,4.6
3112,Belt,Accessories,XL,Indigo,Spring,4.9
3113,Blouse,Clothing,S,Green,Fall,3.8
3114,Shirt,Clothing,L,Green,Summer,2.6
3115,Handbag,Accessories,M,Olive,Spring,4.7
3116,Scarf,Accessories,M,Charcoal,Fall,4.1
3117,Coat,Outerwear,L,Gray,Spring,3.7
3118,Hoodie,Clothing,M,Olive,Fall,3
3119,Shorts,Clothing,L,Blue,Summer,4.7
3120,Sandals,Footwear,XL,Silver,Winter,4.7
3121,Shirt,Clothing,M,Magenta,Fall,4
3122,Hoodie,Clothing,L,Black,Fall,2.6
3123,Socks,Clothing,M,Pink,Fall,3
3124,Handbag,Accessories,XL,Red,Fall,3.3
3125,Jewelry,Accessories,M,Peach,Summer,3.4
3126,Coat,Outerwear,L,Lavender,Spring,4
3127,Sunglasses,Accessories,L,Lavender,Winter,2.6
3128,Gloves,Accessories,M,Beige,Winter,3.4
3129,Jacket,Outerwear,S,Indigo,Fall,4.4
3130,Sandals,Footwear,S,Cyan,Summer,4.7
3131,Pants,Clothing,M,Yellow,Summer,4.5
3132,Jacket,Outerwear,M,Peach,Fall,2.9
3133,Sweater,Clothing,M,Yellow,Summer,4.2
3134,T-shirt,Clothing,M,Orange,Spring,4.1
3135,Boots,Footwear,L,Gray,Spring,4.4
3136,Shoes,Footwear,L,Yellow,Spring,4.7
3137,Skirt,Clothing,M,Gray,Fall,3.1
3138,Coat,Outerwear,M,Turquoise,Spring,2.7
3139,Blouse,Clothing,L,Gray,Fall,4.6
3140,Sunglasses,Accessories,M,Olive,Winter,4.4
3141,Gloves,Accessories,XL,Peach,Summer,4.6
3142,Sunglasses,Accessories,S,Peach,Winter,4.9
3143,Sneakers,Footwear,L,Magenta,Winter,4
3144,Hoodie,Clothing,M,Purple,Summer,2.9
3145,Boots,Footwear,L,Beige,Spring,2.6
3146,Handbag,Accessories,XL,Purple,Spring,4.6
3147,Shirt,Clothing,S,Yellow,Winter,4.9
3148,Sweater,Clothing,M,Pink,Winter,4.3
3149,Shorts,Clothing,L,Purple,Fall,4.3
3150,Belt,Accessories,M,Lavender,Winter,4.6
3151,Blouse,Clothing,M,Peach,Spring,2.6
3152,T-shirt,Clothing,L,Orange,Fall,3.1
3153,Belt,Accessories,M,Red,Fall,3.1
3154,Socks,Clothing,L,Red,Fall,3.1
3155,Belt,Accessories,M,Gold,Winter,4.4
3156,Handbag,Accessories,M,Brown,Fall,4.3
3157,Shirt,Clothing,M,Black,Winter,3.1
3158,Belt,Accessories,L,Red,Fall,3.1
3159,Jewelry,Accessories,M,Gray,Winter,4.9
3160,Hat,Accessories,L,Pink,Winter,2.9
3161,Backpack,Accessories,XL,Turquoise,Fall,3.8
3162,Dress,Clothing,S,Charcoal,Winter,4.2
3163,Shoes,Footwear,L,Blue,Winter,3.9
3164,Pants,Clothing,XL,Turquoise,Summer,2.8
3165,Dress,Clothing,L,Silver,Winter,2.6
3166,Jacket,Outerwear,M,Lavender,Spring,3
3167,Shirt,Clothing,M,Gold,Winter,2.7
3168,Dress,Clothing,M,Blue,Fall,2.8
3169,Jeans,Clothing,M,Orange,Spring,2.9
3170,T-shirt,Clothing,M,White,Fall,3.8
3171,Sunglasses,Accessories,XL,Charcoal,Spring,4.4
3172,Jewelry,Accessories,M,Maroon,Spring,3.1
3173,Socks,Clothing,M,Olive,Fall,3.7
3174,Skirt,Clothing,L,Teal,Summer,4.9
3175,Pants,Clothing,L,Orange,Winter,3.8
3176,Socks,Clothing,M,Maroon,Fall,3.4
3177,Sandals,Footwear,XL,Turquoise,Spring,4.6
3178,Belt,Accessories,L,Beige,Fall,3.2
3179,Sandals,Footwear,L,Beige,Spring,2.7
3180,Shorts,Clothing,M,Olive,Spring,4.3
3181,Handbag,Accessories,L,Turquoise,Fall,3.8
3182,Jacket,Outerwear,M,Charcoal,Summer,4.4
3183,Sunglasses,Accessories,L,Green,Fall,3.6
3184,Sneakers,Footwear,M,Green,Winter,3.5
3185,Sweater,Clothing,L,Green,Spring,4.2
3186,Skirt,Clothing,L,Gold,Fall,4.7
3187,Jewelry,Accessories,S,Cyan,Winter,4.8
3188,Blouse,Clothing,L,Indigo,Winter,3.2
3189,Blouse,Clothing,M,Lavender,Winter,3.5
3190,Boots,Footwear,M,Beige,Summer,4.2
3191,Jeans,Clothing,S,Purple,Fall,3.4
3192,Hoodie,Clothing,XL,Maroon,Winter,4.7
3193,Sweater,Clothing,S,Maroon,Fall,3
3194,Gloves,Accessories,L,Teal,Winter,4
3195,Sneakers,Footwear,L,Gold,Summer,4.6
3196,Sunglasses,Accessories,S,Red,Spring,4.9
3197,Belt,Accessories,L,Maroon,Winter,2.8
3198,Sweater,Clothing,M,Teal,Spring,3.2
3199,Gloves,Accessories,L,Peach,Winter,2.8
3200,Handbag,Accessories,XL,Pink,Winter,4.2
3201,Socks,Clothing,L,Black,Spring,4.8
3202,Pants,Clothing,S,Indigo,Fall,2.8
3203,Scarf,Accessories,L,Green,Fall,4.5
3204,Coat,Outerwear,L,Teal,Spring,4.1
3205,Jacket,Outerwear,XL,Lavender,Fall,4.3
3206,Hoodie,Clothing,XL,Magenta,Fall,4.4
3207,Boots,Footwear,M,Brown,Winter,3
3208,Socks,Clothing,XL,Beige,Summer,2.7
3209,Jewelry,Accessories,L,Indigo,Winter,3.3
3210,Shoes,Footwear,L,Peach,Fall,4.3
3211,Socks,Clothing,M,Magenta,Summer,2.9
3212,Pants,Clothing,L,Turquoise,Winter,4.9
3213,Sneakers,Footwear,M,Indigo,Winter,3.6
3214,Sunglasses,Accessories,M,Brown,Winter,3.3
3215,Skirt,Clothing,M,Yellow,Spring,3.1
3216,Coat,Outerwear,M,Magenta,Summer,2.7
3217,Hoodie,Clothing,S,Olive,Winter,3.4
3218,Sunglasses,Accessories,M,Silver,Fall,3.4
3219,Skirt,Clothing,M,Teal,Fall,3.9
3220,Coat,Outerwear,L,White,Summer,3.5
3221,Handbag,Accessories,M,Blue,Fall,4.1
3222,T-shirt,Clothing,M,Yellow,Winter,3.2
3223,Sunglasses,Accessories,S,Maroon,Fall,4.6
3224,Shirt,Clothing,S,Gray,Spring,3.9
3225,Hoodie,Clothing,L,Indigo,Winter,2.7
3226,Blouse,Clothing,M,Pink,Fall,3
3227,Sneakers,Footwear,XL,Beige,Spring,3.3
3228,Scarf,Accessories,XL,White,Fall,2.7
3229,Jewelry,Accessories,M,Yellow,Spring,4.6
3230,Pants,Clothing,M,Teal,Fall,2.7
3231,Sneakers,Footwear,M,Olive,Summer,2.5
3232,Shoes,Footwear,M,Maroon,Winter,4.4
3233,T-shirt,Clothing,M,White,Spring,4
3234,Belt,Accessories,M,Lavender,Fall,3.8
3235,Jewelry,Accessories,M,Black,Winter,2.5
3236,Belt,Accessories,M,Green,Summer,4
3237,Belt,Accessories,L,Olive,Fall,4.1
3238,T-shirt,Clothing,M,Gray,Summer,2.8
3239,Sneakers,Footwear,XL,Teal,Fall,3.4
3240,Sunglasses,Accessories,M,Charcoal,Fall,2.7
3241,Sandals,Footwear,M,Violet,Fall,3.8
3242,Handbag,Accessories,M,Lavender,Summer,4.4
3243,Socks,Clothing,S,Beige,Fall,2.8
3244,Hoodie,Clothing,L,Black,Summer,5
3245,Sweater,Clothing,M,Black,Fall,4.7
3246,Pants,Clothing,M,Purple,Fall,3.2
3247,Sneakers,Footwear,M,Magenta,Summer,2.9
3248,Gloves,Accessories,M,Teal,Summer,3.7
3249,T-shirt,Clothing,S,Teal,Summer,4.2
3250,Backpack,Accessories,M,Pink,Summer,3.4
3251,Coat,Outerwear,M,Teal,Spring,2.9
3252,Coat,Outerwear,M,Gold,Winter,3.7
3253,Sandals,Footwear,L,Brown,Spring,2.7
3254,Backpack,Accessories,M,Brown,Fall,3.2
3255,Sweater,Clothing,S,Magenta,Winter,4.9
3256,Shorts,Clothing,M,Black,Fall,2.8
3257,Sunglasses,Accessories,L,Teal,Winter,4.7
3258,Shirt,Clothing,M,Brown,Fall,3.3
3259,Shoes,Footwear,M,Magenta,Spring,4.3
3260,Hat,Accessories,XL,Indigo,Fall,3.7
3261,Scarf,Accessories,M,Violet,Summer,4.5
3262,Belt,Accessories,L,Cyan,Winter,3.4
3263,T-shirt,Clothing,M,Violet,Spring,2.7
3264,Shorts,Clothing,S,Black,Fall,4.4
3265,Pants,Clothing,S,Charcoal,Winter,4
3266,Sunglasses,Accessories,M,White,Winter,3.2
3267,Coat,Outerwear,S,Gray,Winter,4.2
3268,Hoodie,Clothing,L,Pink,Winter,3
3269,Dress,Clothing,M,Cyan,Fall,2.8
3270,Blouse,Clothing,M,Blue,Winter,4.9
3271,Socks,Clothing,M,Indigo,Winter,4.7
3272,Socks,Clothing,XL,Magenta,Spring,4.4
3273,Shoes,Footwear,M,Lavender,Winter,3.1
3274,Belt,Accessories,S,Orange,Summer,2.6
3275,Sweater,Clothing,M,Cyan,Spring,3.9
3276,Pants,Clothing,XL,Green,Summer,2.6
3277,Scarf,Accessories,M,White,Summer,4
3278,Skirt,Clothing,M,Blue,Spring,4.9
3279,Dress,Clothing,M,Black,Summer,3.3
3280,Hat,Accessories,S,Red,Fall,3
3281,Handbag,Accessories,L,Red,Winter,2.7
3282,Pants,Clothing,L,Gold,Winter,3.1
3283,T-shirt,Clothing,M,Red,Fall,4.8
3284,Jacket,Outerwear,L,Purple,Spring,2.9
3285,Scarf,Accessories,L,White,Spring,4.5
3286,Hat,Accessories,XL,Magenta,Fall,4.6
3287,Jacket,Outerwear,L,Pink,Winter,5
3288,Skirt,Clothing,L,Black,Spring,4.3
3289,Handbag,Accessories,XL,White,Spring,4.9
3290,Backpack,Accessories,M,Maroon,Summer,4
3291,Coat,Outerwear,L,Black,Spring,3.1
3292,Belt,Accessories,L,Olive,Fall,2.6
3293,Handbag,Accessories,L,Gray,Spring,4.9
3294,Coat,Outerwear,M,Gold,Spring,3.5
3295,Sweater,Clothing,S,Magenta,Spring,4.5
3296,Blouse,Clothing,S,Lavender,Summer,2.8
3297,Blouse,Clothing,M,Green,Spring,4.2
3298,Belt,Accessories,M,Violet,Fall,4.1
3299,Jacket,Outerwear,M,Brown,Fall,3.5
3300,Shorts,Clothing,L,Teal,Spring,4
3301,Hat,Accessories,M,Charcoal,Spring,4
3302,Pants,Clothing,XL,Charcoal,Summer,2.5
3303,Blouse,Clothing,XL,Beige,Winter,4.2
3304,Belt,Accessories,S,Turquoise,Summer,3.4
3305,Handbag,Accessories,XL,Orange,Fall,4.8
3306,Hoodie,Clothing,L,Cyan,Summer,4.9
3307,Jacket,Outerwear,L,Orange,Summer,3.6
3308,Scarf,Accessories,S,Green,Winter,4
3309,Jeans,Clothing,M,Pink,Fall,2.6
3310,Handbag,Accessories,M,Blue,Summer,3.1
3311,Jacket,Outerwear,M,Pink,Winter,3.6
3312,Hat,Accessories,L,Blue,Summer,4
3313,Sneakers,Footwear,L,Black,Summer,3.9
3314,Hat,Accessories,XL,Black,Fall,3.9
3315,Socks,Clothing,M,Violet,Spring,3.3
3316,Scarf,Accessories,S,Gold,Summer,2.9
3317,Socks,Clothing,M,Olive,Summer,3.1
3318,Hat,Accessories,XL,Pink,Summer,4.7
3319,Jacket,Outerwear,M,Olive,Summer,3.9
3320,Shorts,Clothing,M,Indigo,Summer,4.3
3321,Blouse,Clothing,XL,Silver,Fall,4.2
3322,Coat,Outerwear,S,Charcoal,Winter,4.3
3323,Sweater,Clothing,XL,Orange,Winter,4.6
3324,Handbag,Accessories,M,Yellow,Winter,3.8
3325,T-shirt,Clothing,S,Red,Fall,3.3
3326,Sandals,Footwear,M,Maroon,Fall,3.7
3327,Gloves,Accessories,M,Magenta,Summer,4.3
3328,Shorts,Clothing,M,Black,Spring,4.1
3329,Sandals,Footwear,M,Violet,Spring,3.2
3330,Backpack,Accessories,M,Gray,Winter,3.8
3331,Sneakers,Footwear,M,Black,Spring,3.2
3332,Sunglasses,Accessories,M,Pink,Summer,3.5
3333,T-shirt,Clothing,M,Silver,Summer,3.1
3334,Jeans,Clothing,M,Violet,Spring,4.2
3335,Shirt,Clothing,M,Beige,Summer,3.4
3336,Hat,Accessories,XL,Cyan,Winter,3.5
3337,Blouse,Clothing,M,Brown,Fall,4
3338,Jacket,Outerwear,L,Blue,Winter,4.4
3339,Skirt,Clothing,L,White,Winter,2.9
3340,Gloves,Accessories,M,Cyan,Fall,3.6
3341,T-shirt,Clothing,XL,Maroon,Fall,4.4
3342,Jacket,Outerwear,XL,Olive,Summer,4.5
3343,Jacket,Outerwear,M,Violet,Spring,3.8
3344,Shorts,Clothing,XL,Green,Winter,3.6
3345,Hat,Accessories,XL,Magenta,Fall,4.3
3346,Handbag,Accessories,M,Turquoise,Summer,4
3347,Jeans,Clothing,M,Black,Summer,3.4
3348,Shoes,Footwear,XL,Cyan,Summer,4.4
3349,T-shirt,Clothing,L,Gray,Winter,2.8
3350,Jewelry,Accessories,M,Red,Fall,2.8
3351,Handbag,Accessories,S,Olive,Fall,4.9
3352,Shirt,Clothing,L,Cyan,Spring,4.2
3353,Belt,Accessories,M,Teal,Summer,2.9
3354,Dress,Clothing,L,Teal,Fall,4.6
3355,Skirt,Clothing,M,Orange,Fall,2.8
3356,Blouse,Clothing,M,Peach,Spring,2.6
3357,Jeans,Clothing,M,Silver,Summer,3.5
3358,Hoodie,Clothing,M,Pink,Winter,3.5
3359,T-shirt,Clothing,M,Magenta,Fall,3.4
3360,Sunglasses,Accessories,L,Red,Fall,3.9
3361,Jacket,Outerwear,M,Maroon,Spring,3.3
3362,Shoes,Footwear,M,Silver,Spring,4.1
3363,Handbag,Accessories,M,Gray,Summer,3
3364,Sweater,Clothing,M,Turquoise,Winter,3
3365,Scarf,Accessories,M,Peach,Fall,3.2
3366,Skirt,Clothing,L,Teal,Fall,3.9
3367,Gloves,Accessories,M,Red,Spring,3.6
3368,T-shirt,Clothing,M,Blue,Summer,3.1
3369,Sandals,Footwear,M,Blue,Spring,4.8
3370,Sweater,Clothing,M,Indigo,Winter,3.8
3371,Belt,Accessories,M,Charcoal,Summer,2.8
3372,Hoodie,Clothing,S,Turquoise,Winter,4
3373,Socks,Clothing,M,Maroon,Winter,4.6
3374,Sandals,Footwear,M,Purple,Spring,3.5
3375,Blouse,Clothing,S,Lavender,Spring,3.7
3376,Boots,Footwear,XL,Yellow,Fall,4.9
3377,Hat,Accessories,M,Green,Winter,4.1
3378,Shirt,Clothing,M,Yellow,Winter,4.6
3379,Shorts,Clothing,L,Gold,Fall,4.5
3380,Handbag,Accessories,L,Turquoise,Summer,5
3381,Dress,Clothing,L,Blue,Summer,3.8
3382,Hat,Accessories,L,Turquoise,Winter,4.7
3383,Sweater,Clothing,M,Maroon,Spring,2.8
3384,Coat,Outerwear,M,Pink,Fall,2.6
3385,Hoodie,Clothing,L,Maroon,Summer,3.8
3386,Jewelry,Accessories,M,Olive,Winter,2.8
3387,T-shirt,Clothing,M,Lavender,Fall,2.6
3388,Pants,Clothing,S,Pink,Spring,3.4
3389,Sweater,Clothing,M,Cyan,Spring,4.5
3390,Pants,Clothing,L,Maroon,Fall,3.8
3391,Socks,Clothing,S,Red,Summer,3
3392,Hoodie,Clothing,M,Silver,Fall,3.7
3393,Scarf,Accessories,XL,Blue,Winter,4.4
3394,Dress,Clothing,M,Gold,Fall,3.1
3395,Sandals,Footwear,S,Yellow,Spring,4.2
3396,Dress,Clothing,M,Silver,Winter,3.1
3397,Pants,Clothing,XL,Black,Winter,5
3398,Blouse,Clothing,L,Yellow,Summer,2.7
3399,Jeans,Clothing,L,Pink,Winter,3.8
3400,Pants,Clothing,XL,Yellow,Winter,3.3
3401,Sunglasses,Accessories,M,Lavender,Fall,4.8
3402,Backpack,Accessories,L,Peach,Winter,3.4
3403,Hoodie,Clothing,M,Black,Spring,4.4
3404,Boots,Footwear,M,Olive,Summer,3.9
3405,Gloves,Accessories,L,Olive,Fall,3.9
3406,Blouse,Clothing,M,White,Summer,4.2
3407,Sweater,Clothing,M,Red,Spring,4
3408,Dress,Clothing,S,Purple,Spring,2.6
3409,Socks,Clothing,L,Purple,Summer,4.4
3410,Shirt,Clothing,M,Teal,Summer,3.2
3411,Sandals,Footwear,L,Teal,Summer,4.3
3412,Shoes,Footwear,L,Gray,Winter,4.9
3413,Sandals,Footwear,M,Magenta,Fall,3.8
3414,Gloves,Accessories,XL,Black,Winter,2.5
3415,Boots,Footwear,M,Maroon,Spring,4.9
3416,Blouse,Clothing,M,Gold,Fall,3
3417,Sandals,Footwear,M,Purple,Spring,3.2
3418,Coat,Outerwear,M,Blue,Summer,2.9
3419,Jacket,Outerwear,M,Beige,Summer,2.8
3420,Jewelry,Accessories,L,Indigo,Winter,3.1
3421,Hat,Accessories,M,Purple,Winter,3.4
3422,Shoes,Footwear,M,Maroon,Summer,2.9
3423,Coat,Outerwear,L,Beige,Winter,3.2
3424,Boots,Footwear,M,Brown,Spring,3.8
3425,Scarf,Accessories,L,Green,Summer,3.6
3426,Hat,Accessories,M,Blue,Summer,4.3
3427,Socks,Clothing,XL,Magenta,Fall,4.8
3428,T-shirt,Clothing,XL,Turquoise,Winter,2.5
3429,Jewelry,Accessories,M,Gray,Fall,2.5
3430,Skirt,Clothing,S,Purple,Winter,4.6
3431,Socks,Clothing,M,Lavender,Winter,4.2
3432,Belt,Accessories,S,Green,Summer,4.2
3433,Boots,Footwear,M,Gray,Summer,4.8
3434,Socks,Clothing,M,Yellow,Spring,4.5
3435,Pants,Clothing,S,Orange,Summer,3.3
3436,Socks,Clothing,M,Beige,Summer,2.7
3437,Belt,Accessories,L,Peach,Winter,2.8
3438,Jacket,Outerwear,S,Green,Winter,3.5
3439,Shirt,Clothing,M,Violet,Fall,3
3440,Gloves,Accessories,M,Gray,Summer,4.5
3441,Handbag,Accessories,L,Magenta,Fall,4.3
3442,Sweater,Clothing,XL,Charcoal,Fall,4.1
3443,Skirt,Clothing,M,Violet,Spring,4.3
3444,Dress,Clothing,L,Silver,Summer,5
3445,Pants,Clothing,S,Green,Summer,3.8
3446,Hat,Accessories,M,Magenta,Fall,4.9
3447,Boots,Footwear,S,Purple,Spring,5
3448,Sandals,Footwear,M,Blue,Fall,4.3
3449,Coat,Outerwear,S,Yellow,Winter,4.1
3450,Blouse,Clothing,M,Brown,Spring,4.5
3451,Shorts,Clothing,M,Pink,Spring,3.6
3452,Blouse,Clothing,XL,Silver,Fall,3
3453,Jacket,Outerwear,M,Indigo,Spring,3.7
3454,Shirt,Clothing,L,Pink,Winter,4.3
3455,Handbag,Accessories,S,Lavender,Fall,4.6
3456,T-shirt,Clothing,M,Orange,Fall,4.7
3457,Hoodie,Clothing,M,Red,Fall,4.6
3458,Jewelry,Accessories,M,Gray,Summer,3
3459,Jewelry,Accessories,L,Violet,Spring,3.4
3460,Hoodie,Clothing,L,Green,Fall,3.8
3461,Scarf,Accessories,M,Gold,Spring,3.1
3462,Shoes,Footwear,S,Maroon,Spring,4.4
3463,Jeans,Clothing,L,Olive,Spring,4.5
3464,Jewelry,Accessories,M,Yellow,Fall,2.8
3465,Coat,Outerwear,S,Peach,Winter,2.7
3466,Backpack,Accessories,M,Gold,Spring,3.4
3467,Socks,Clothing,S,Purple,Summer,4.6
3468,Scarf,Accessories,M,Charcoal,Fall,5
3469,Sunglasses,Accessories,S,Indigo,Winter,3.5
3470,Socks,Clothing,L,Magenta,Fall,3.3
3471,Coat,Outerwear,S,Olive,Summer,4.5
3472,Sandals,Footwear,S,Blue,Spring,3.1
3473,Blouse,Clothing,S,White,Summer,4
3474,Dress,Clothing,M,Cyan,Spring,2.5
3475,Pants,Clothing,M,Cyan,Winter,4.4
3476,Sneakers,Footwear,M,Orange,Spring,4.4
3477,Boots,Footwear,XL,Orange,Summer,3.2
3478,Handbag,Accessories,S,Teal,Spring,3.8
3479,Handbag,Accessories,M,Magenta,Fall,4.6
3480,Sweater,Clothing,S,Orange,Summer,4.9
3481,Sandals,Footwear,L,Peach,Winter,3.5
3482,Socks,Clothing,S,Maroon,Summer,3.4
3483,Gloves,Accessories,M,Gold,Winter,3.9
3484,Hoodie,Clothing,L,White,Winter,3.9
3485,Dress,Clothing,L,Gray,Fall,4.2
3486,Shirt,Clothing,XL,Brown,Winter,3.4
3487,Shorts,Clothing,L,Charcoal,Winter,4.9
3488,Sandals,Footwear,L,Beige,Fall,2.9
3489,Sweater,Clothing,XL,Teal,Spring,4.9
3490,Dress,Clothing,L,Black,Summer,4.6
3491,Boots,Footwear,M,Violet,Spring,3.6
3492,Pants,Clothing,M,Orange,Winter,4.3
3493,Gloves,Accessories,M,Turquoise,Fall,4.6
3494,Pants,Clothing,XL,Black,Winter,4.7
3495,Scarf,Accessories,M,Silver,Winter,3.5
3496,Shorts,Clothing,XL,Gray,Spring,2.8
3497,Shoes,Footwear,M,Pink,Summer,4
3498,Handbag,Accessories,M,Red,Spring,4.3
3499,Sandals,Footwear,M,Lavender,Summer,3.8
3500,Socks,Clothing,L,Indigo,Fall,3
3501,Shirt,Clothing,S,Silver,Fall,4.6
3502,Shoes,Footwear,M,Silver,Fall,4.8
3503,Backpack,Accessories,M,Green,Fall,4.7
3504,Shirt,Clothing,M,Pink,Spring,3.9
3505,Handbag,Accessories,S,Violet,Fall,4
3506,Jewelry,Accessories,L,Red,Winter,3.7
3507,Shirt,Clothing,L,Olive,Winter,3.7
3508,Handbag,Accessories,S,Purple,Spring,4.2
3509,Pants,Clothing,M,Gray,Fall,4.7
3510,T-shirt,Clothing,L,Brown,Winter,4.3
3511,Sneakers,Footwear,S,Orange,Fall,4.9
3512,Jewelry,Accessories,M,Blue,Summer,3.9
3513,Shirt,Clothing,M,White,Fall,3.4
3514,Blouse,Clothing,XL,Charcoal,Spring,4.2
3515,Sneakers,Footwear,XL,Gray,Winter,4.7
3516,Dress,Clothing,XL,Charcoal,Winter,4
3517,Boots,Footwear,S,White,Summer,4
3518,Skirt,Clothing,M,Orange,Winter,3.1
3519,Shirt,Clothing,M,Black,Spring,4.2
3520,Shorts,Clothing,M,White,Winter,3.7
3521,Hat,Accessories,S,Brown,Spring,3.1
3522,Shoes,Footwear,M,Pink,Winter,3.7
3523,Pants,Clothing,M,Yellow,Spring,3.2
3524,Backpack,Accessories,M,Cyan,Summer,2.8
3525,Pants,Clothing,L,Silver,Summer,2.9
3526,Sunglasses,Accessories,L,Olive,Winter,3.5
3527,Sweater,Clothing,M,Olive,Spring,3.8
3528,Blouse,Clothing,S,Charcoal,Spring,4.7
3529,Scarf,Accessories,L,Gray,Summer,4.5
3530,T-shirt,Clothing,S,Maroon,Winter,3.9
3531,Sunglasses,Accessories,L,Black,Spring,3.4
3532,Shoes,Footwear,XL,Violet,Winter,4.6
3533,Pants,Clothing,L,Indigo,Fall,4.6
3534,Sneakers,Footwear,L,Yellow,Fall,4.7
3535,Shoes,Footwear,M,Gray,Fall,3.2
3536,Shorts,Clothing,M,Red,Summer,5
3537,Handbag,Accessories,L,Peach,Spring,4.5
3538,Handbag,Accessories,M,Gray,Spring,3.5
3539,Shoes,Footwear,S,White,Spring,4.5
3540,Jewelry,Accessories,S,Green,Spring,3.2
3541,Shorts,Clothing,M,Magenta,Spring,4.6
3542,Blouse,Clothing,M,Olive,Winter,4
3543,Coat,Outerwear,S,Olive,Spring,4.2
3544,Hat,Accessories,M,Blue,Winter,4.1
3545,Socks,Clothing,XL,Charcoal,Fall,3.6
3546,Sandals,Footwear,M,Yellow,Spring,3.7
3547,Scarf,Accessories,M,Violet,Summer,3.6
3548,Scarf,Accessories,L,Magenta,Summer,3.8
3549,Blouse,Clothing,M,Red,Fall,3
3550,T-shirt,Clothing,M,Cyan,Summer,3.4
3551,Shoes,Footwear,S,Orange,Winter,4.8
3552,Gloves,Accessories,L,Black,Spring,2.6
3553,Sunglasses,Accessories,M,Blue,Winter,2.9
3554,Shoes,Footwear,M,Charcoal,Spring,4.9
3555,Dress,Clothing,M,Indigo,Spring,5
3556,Blouse,Clothing,L,Silver,Spring,4.6
3557,Sweater,Clothing,M,Brown,Fall,4.2
3558,Jacket,Outerwear,M,Peach,Summer,4.9
3559,Backpack,Accessories,L,Magenta,Summer,4.8
3560,Shorts,Clothing,M,Beige,Fall,3
3561,Socks,Clothing,XL,Violet,Fall,3.5
3562,Sneakers,Footwear,L,Black,Spring,3.4
3563,Sneakers,Footwear,M,Cyan,Winter,3.4
3564,Blouse,Clothing,M,Green,Summer,4.9
3565,Gloves,Accessories,S,Brown,Summer,4.4
3566,Handbag,Accessories,S,Gray,Spring,4.2
3567,Jeans,Clothing,S,Orange,Spring,3.1
3568,Scarf,Accessories,S,Silver,Summer,4
3569,Sandals,Footwear,M,Purple,Spring,4.8
3570,Sandals,Footwear,M,Olive,Fall,3.3
3571,Dress,Clothing,XL,Teal,Winter,4.7
3572,Skirt,Clothing,M,White,Summer,3.2
3573,Shorts,Clothing,M,Black,Spring,5
3574,Jeans,Clothing,L,Maroon,Fall,4.9
3575,Socks,Clothing,M,Cyan,Fall,4.9
3576,Coat,Outerwear,M,Violet,Fall,3.7
3577,Boots,Footwear,L,Yellow,Spring,3
3578,Belt,Accessories,S,Yellow,Winter,2.6
3579,Shoes,Footwear,L,Olive,Winter,2.6
3580,Scarf,Accessories,L,Olive,Fall,4.8
3581,Blouse,Clothing,M,Magenta,Summer,3.2
3582,Dress,Clothing,M,Orange,Fall,4.9
3583,Shorts,Clothing,S,Beige,Summer,3.4
3584,Blouse,Clothing,L,Brown,Summer,2.7
3585,Sneakers,Footwear,L,Indigo,Fall,4.8
3586,Gloves,Accessories,XL,Gray,Winter,4.1
3587,Hoodie,Clothing,M,Yellow,Winter,4.6
3588,Sweater,Clothing,S,Violet,Summer,4.4
3589,Sunglasses,Accessories,M,Magenta,Spring,3.5
3590,Belt,Accessories,M,Blue,Spring,4.8
3591,Dress,Clothing,M,Gray,Fall,2.9
3592,Jacket,Outerwear,M,Gold,Winter,3.2
3593,Boots,Footwear,L,Lavender,Spring,4.4
3594,Sandals,Footwear,M,Black,Spring,4.6
3595,Scarf,Accessories,L,Charcoal,Summer,2.6
3596,Blouse,Clothing,M,Violet,Spring,3.1
3597,Hoodie,Clothing,M,Charcoal,Spring,4.3
3598,Sunglasses,Accessories,M,Maroon,Summer,3.1
3599,Hoodie,Clothing,XL,Purple,Spring,4.6
3600,Scarf,Accessories,S,Peach,Spring,4.6
3601,Dress,Clothing,XL,Olive,Spring,2.7
3602,T-shirt,Clothing,M,Indigo,Summer,3
3603,Skirt,Clothing,S,Magenta,Summer,3.3
3604,Jeans,Clothing,M,Gold,Spring,2.7
3605,Hoodie,Clothing,M,Orange,Fall,3.3
3606,Jeans,Clothing,M,Gold,Fall,4.3
3607,Sandals,Footwear,XL,Purple,Fall,4.8
3608,Hat,Accessories,L,Charcoal,Fall,3.3
3609,Gloves,Accessories,M,Cyan,Fall,4.3
3610,Socks,Clothing,M,Cyan,Summer,3
3611,Jacket,Outerwear,XL,Green,Fall,4.8
3612,T-shirt,Clothing,M,Silver,Spring,2.9
3613,Sandals,Footwear,M,Teal,Summer,3.6
3614,Hat,Accessories,M,Magenta,Fall,3.5
3615,Gloves,Accessories,L,Maroon,Spring,4.7
3616,Dress,Clothing,M,Gold,Winter,4.4
3617,Hoodie,Clothing,L,Purple,Winter,3.3
3618,Belt,Accessories,M,Lavender,Fall,4.3
3619,Gloves,Accessories,M,Maroon,Fall,4
3620,Scarf,Accessories,S,Magenta,Winter,4.9
3621,Sandals,Footwear,M,Turquoise,Summer,2.9
3622,Sneakers,Footwear,XL,Silver,Summer,4
3623,Dress,Clothing,M,Purple,Fall,4.3
3624,Jewelry,Accessories,M,Violet,Winter,2.7
3625,Hat,Accessories,XL,Peach,Fall,5
3626,Scarf,Accessories,L,Green,Winter,4.4
3627,Blouse,Clothing,L,Teal,Fall,3.5
3628,Belt,Accessories,M,Silver,Winter,3.3
3629,Blouse,Clothing,L,Purple,Summer,3.8
3630,T-shirt,Clothing,L,Lavender,Summer,4.5
3631,Hat,Accessories,M,Lavender,Winter,4.8
3632,Hat,Accessories,M,Peach,Fall,2.9
3633,Sneakers,Footwear,L,Green,Spring,3.2
3634,Gloves,Accessories,M,Orange,Spring,2.8
3635,Socks,Clothing,M,Pink,Winter,3.3
3636,Sandals,Footwear,L,Cyan,Fall,3.3
3637,Sandals,Footwear,L,Lavender,Summer,4.2
3638,Boots,Footwear,L,Yellow,Winter,3.6
3639,Backpack,Accessories,M,Olive,Spring,4.6
3640,Coat,Outerwear,M,Brown,Summer,3.6
3641,Sunglasses,Accessories,L,Pink,Spring,4
3642,Jacket,Outerwear,M,Cyan,Fall,2.7
3643,Dress,Clothing,L,Maroon,Summer,4.4
3644,Scarf,Accessories,XL,Magenta,Fall,3.2
3645,Blouse,Clothing,M,Violet,Winter,2.6
3646,Backpack,Accessories,L,Silver,Summer,3.4
3647,Jewelry,Accessories,M,Maroon,Spring,5
3648,Shorts,Clothing,M,Gray,Winter,2.9
3649,Skirt,Clothing,M,White,Winter,5
3650,Skirt,Clothing,M,Brown,Fall,4.4
3651,Jeans,Clothing,M,Silver,Summer,3.5
3652,Handbag,Accessories,M,Yellow,Spring,3.8
3653,Handbag,Accessories,S,Magenta,Fall,3.8
3654,Coat,Outerwear,M,Blue,Spring,3.9
3655,Jewelry,Accessories,M,Green,Winter,3.3
3656,Sweater,Clothing,M,Yellow,Fall,2.9
3657,Jacket,Outerwear,XL,Cyan,Spring,3.7
3658,Shoes,Footwear,L,Gold,Winter,3.7
3659,T-shirt,Clothing,M,Magenta,Fall,4.6
3660,Sandals,Footwear,S,Gray,Fall,4.9
3661,Shoes,Footwear,L,Indigo,Winter,3.1
3662,Sandals,Footwear,S,White,Winter,3.5
3663,Shorts,Clothing,M,Indigo,Spring,4.9
3664,Backpack,Accessories,M,Green,Summer,4.4
3665,Jacket,Outerwear,M,Turquoise,Fall,4.4
3666,Socks,Clothing,M,Peach,Fall,3.4
3667,Jewelry,Accessories,M,Olive,Winter,3
3668,Pants,Clothing,L,Cyan,Fall,2.6
3669,Blouse,Clothing,XL,Magenta,Summer,3.2
3670,Socks,Clothing,S,Silver,Fall,4.6
3671,Shoes,Footwear,S,White,Winter,3.8
3672,Handbag,Accessories,L,Pink,Summer,4.8
3673,Sandals,Footwear,S,Pink,Fall,4.5
3674,Socks,Clothing,M,Pink,Summer,4.2
3675,Handbag,Accessories,M,Blue,Winter,2.7
3676,Hat,Accessories,M,White,Winter,4.5
3677,Jewelry,Accessories,S,Teal,Spring,4.9
3678,Backpack,Accessories,M,Gray,Fall,2.8
3679,Shirt,Clothing,S,Beige,Fall,3.5
3680,Coat,Outerwear,M,Violet,Summer,2.5
3681,Sunglasses,Accessories,S,Blue,Winter,2.9
3682,Gloves,Accessories,XL,Magenta,Fall,4.2
3683,Shirt,Clothing,M,Maroon,Fall,4.6
3684,Socks,Clothing,M,Purple,Winter,3
3685,Skirt,Clothing,L,Charcoal,Spring,4.4
3686,Shorts,Clothing,L,Red,Summer,2.6
3687,Sandals,Footwear,M,Charcoal,Spring,4.8
3688,Shirt,Clothing,L,Lavender,Summer,2.9
3689,Sunglasses,Accessories,L,White,Spring,3
3690,Jewelry,Accessories,L,Red,Fall,4.5
3691,Blouse,Clothing,S,Violet,Fall,3.7
3692,Sandals,Footwear,XL,Orange,Summer,4.8
3693,Coat,Outerwear,L,Turquoise,Spring,4.8
3694,Blouse,Clothing,M,Violet,Summer,4.7
3695,Sweater,Clothing,M,Blue,Winter,2.6
3696,Skirt,Clothing,M,White,Fall,4.6
3697,Blouse,Clothing,L,Turquoise,Fall,3.4
3698,Hoodie,Clothing,L,Pink,Winter,3
3699,Skirt,Clothing,XL,Maroon,Spring,4
3700,Backpack,Accessories,M,Olive,Fall,2.6
3701,Handbag,Accessories,XL,Charcoal,Summer,3.4
3702,Sandals,Footwear,M,Charcoal,Spring,4.5
3703,Shoes,Footwear,M,Indigo,Spring,2.7
3704,Sandals,Footwear,S,Teal,Fall,2.9
3705,Sunglasses,Accessories,L,Black,Winter,4
3706,Skirt,Clothing,L,Teal,Summer,3.2
3707,Sandals,Footwear,M,Green,Spring,4
3708,Gloves,Accessories,M,Gold,Fall,3.4
3709,Hoodie,Clothing,M,Red,Fall,4.9
3710,Socks,Clothing,M,Silver,Fall,3.6
3711,Jewelry,Accessories,M,Yellow,Summer,3.6
3712,Hat,Accessories,XL,Peach,Fall,3.2
3713,Blouse,Clothing,M,Turquoise,Spring,3.7
3714,Shoes,Footwear,M,Peach,Spring,2.6
3715,Hat,Accessories,S,Peach,Winter,3.9
3716,Sunglasses,Accessories,S,Orange,Fall,3.4
3717,Shirt,Clothing,M,Charcoal,Fall,3.4
3718,T-shirt,Clothing,XL,White,Summer,4.2
3719,Pants,Clothing,L,Turquoise,Fall,2.9
3720,Pants,Clothing,M,Red,Summer,4.1
3721,Hat,Accessories,M,Peach,Fall,3.6
3722,Coat,Outerwear,L,Pink,Fall,4
3723,Jacket,Outerwear,XL,Yellow,Fall,4
3724,Sandals,Footwear,M,Beige,Spring,3.6
3725,Gloves,Accessories,L,Green,Winter,3.1
3726,Dress,Clothing,S,Turquoise,Winter,4.4
3727,Belt,Accessories,XL,Orange,Fall,4.3
3728,Socks,Clothing,M,Gold,Summer,3.5
3729,Jacket,Outerwear,L,Red,Winter,3
3730,Boots,Footwear,M,Teal,Spring,4.7
3731,Shirt,Clothing,M,Teal,Summer,2.5
3732,Hat,Accessories,M,Lavender,Spring,3.1
3733,Shoes,Footwear,L,Pink,Spring,3.3
3734,Socks,Clothing,M,Maroon,Fall,4.7
3735,Hoodie,Clothing,M,Beige,Spring,3.4
3736,Sandals,Footwear,L,Orange,Spring,3.1
3737,Jeans,Clothing,M,Red,Spring,4.6
3738,Jewelry,Accessories,S,Maroon,Winter,4.9
3739,Shorts,Clothing,M,Brown,Spring,2.7
3740,Sunglasses,Accessories,M,Olive,Fall,4.2
3741,Pants,Clothing,M,Silver,Summer,2.6
3742,Shirt,Clothing,M,Purple,Spring,3.2
3743,Shirt,Clothing,M,Gray,Fall,4.4
3744,Pants,Clothing,L,Cyan,Fall,3.6
3745,Hoodie,Clothing,M,Gray,Summer,2.7
3746,Socks,Clothing,L,Gold,Spring,4.3
3747,Coat,Outerwear,XL,Cyan,Summer,2.6
3748,Sweater,Clothing,L,Olive,Spring,4.3
3749,Backpack,Accessories,M,Violet,Fall,3.9
3750,Blouse,Clothing,L,Yellow,Winter,2.9
3751,Hoodie,Clothing,M,Gold,Fall,3.1
3752,Jewelry,Accessories,S,Silver,Fall,4.2
3753,Coat,Outerwear,L,Pink,Winter,4.1
3754,Sunglasses,Accessories,S,Turquoise,Winter,4.2
3755,Shoes,Footwear,M,Turquoise,Summer,4.4
3756,Skirt,Clothing,M,Peach,Fall,3.4
3757,Skirt,Clothing,L,Teal,Spring,4.8
3758,Skirt,Clothing,L,Red,Fall,4.5
3759,Sandals,Footwear,S,Black,Spring,2.7
3760,Sneakers,Footwear,M,Pink,Spring,3.5
3761,Socks,Clothing,M,Peach,Fall,3.1
3762,Backpack,Accessories,M,Green,Summer,2.8
3763,Shorts,Clothing,L,Green,Fall,2.9
3764,Shirt,Clothing,XL,Red,Winter,4.5
3765,Socks,Clothing,M,Maroon,Fall,3.5
3766,Jewelry,Accessories,M,Green,Summer,4.3
3767,Handbag,Accessories,M,Black,Fall,4.9
3768,Shorts,Clothing,XL,Black,Summer,3.1
3769,Sweater,Clothing,M,Yellow,Winter,4
3770,Gloves,Accessories,L,Green,Summer,3.6
3771,Pants,Clothing,L,Black,Summer,4
3772,T-shirt,Clothing,M,Red,Winter,2.6
3773,Pants,Clothing,L,Yellow,Fall,3.1
3774,Sweater,Clothing,M,Violet,Summer,3.5
3775,Gloves,Accessories,S,Cyan,Winter,3.9
3776,Belt,Accessories,S,Pink,Spring,2.7
3777,Sneakers,Footwear,L,Olive,Spring,4.1
3778,Shorts,Clothing,M,Maroon,Fall,4.3
3779,Sneakers,Footwear,M,Cyan,Fall,2.9
3780,Jeans,Clothing,XL,Lavender,Spring,4
3781,Sneakers,Footwear,L,Yellow,Fall,4.1
3782,Boots,Footwear,M,Pink,Winter,3.7
3783,Jacket,Outerwear,L,Orange,Spring,2.8
3784,Gloves,Accessories,XL,Orange,Summer,3.2
3785,Socks,Clothing,M,Violet,Winter,4.5
3786,Jeans,Clothing,L,Lavender,Winter,3.8
3787,Boots,Footwear,L,Yellow,Fall,3.6
3788,Blouse,Clothing,M,Pink,Fall,3.6
3789,Hat,Accessories,XL,Teal,Spring,3.2
3790,Shirt,Clothing,M,Magenta,Summer,3.8
3791,Handbag,Accessories,XL,Beige,Summer,4.4
3792,Sunglasses,Accessories,M,Gray,Spring,3.7
3793,Scarf,Accessories,S,Turquoise,Summer,2.6
3794,Sunglasses,Accessories,M,Pink,Fall,4
3795,Scarf,Accessories,M,Violet,Summer,3.6
3796,Gloves,Accessories,M,Charcoal,Spring,2.5
3797,Shorts,Clothing,M,Lavender,Fall,3.2
3798,Sunglasses,Accessories,M,Gray,Summer,2.5
3799,Jewelry,Accessories,S,Brown,Winter,3.2
3800,Jacket,Outerwear,L,Violet,Winter,2.6
3801,Sweater,Clothing,M,Turquoise,Fall,4.8
3802,Blouse,Clothing,M,Peach,Spring,5
3803,Scarf,Accessories,S,Turquoise,Spring,3.2
3804,Handbag,Accessories,M,Violet,Spring,3.6
3805,Hat,Accessories,M,Olive,Fall,2.7
3806,Scarf,Accessories,M,Green,Fall,3.1
3807,Boots,Footwear,M,Teal,Spring,3
3808,Blouse,Clothing,L,Peach,Spring,2.9
3809,Socks,Clothing,M,Pink,Winter,4.7
3810,Shoes,Footwear,S,Maroon,Winter,3.7
3811,Skirt,Clothing,L,Peach,Fall,3.9
3812,Belt,Accessories,M,Maroon,Winter,4
3813,Skirt,Clothing,M,Pink,Spring,2.8
3814,Pants,Clothing,M,Orange,Summer,4.1
3815,Dress,Clothing,M,Orange,Winter,4.2
3816,Hat,Accessories,M,Brown,Fall,4.3
3817,Coat,Outerwear,S,Silver,Summer,4.3
3818,Scarf,Accessories,M,Magenta,Fall,2.6
3819,Sneakers,Footwear,XL,Indigo,Winter,3.8
3820,Pants,Clothing,S,Gold,Spring,2.9
3821,Belt,Accessories,M,Purple,Winter,5
3822,Sneakers,Footwear,M,Gold,Summer,4.6
3823,Hat,Accessories,S,Gold,Spring,3.2
3824,Shirt,Clothing,M,Gold,Summer,3
3825,Shorts,Clothing,M,Olive,Summer,4
3826,Shorts,Clothing,L,Green,Fall,4.1
3827,Jacket,Outerwear,M,Gray,Summer,4
3828,Jewelry,Accessories,M,Red,Summer,4.1
3829,Blouse,Clothing,M,Charcoal,Spring,3.4
3830,Pants,Clothing,M,Indigo,Spring,2.9
3831,Hat,Accessories,M,Indigo,Summer,3
3832,Backpack,Accessories,L,Silver,Spring,4
3833,Boots,Footwear,XL,Purple,Winter,4.8
3834,Jacket,Outerwear,L,Gray,Summer,4.6
3835,Hoodie,Clothing,M,Magenta,Winter,4.1
3836,Sandals,Footwear,L,Silver,Winter,2.6
3837,Skirt,Clothing,M,Violet,Spring,2.5
3838,Hoodie,Clothing,M,Green,Spring,4.8
3839,Dress,Clothing,L,Green,Summer,4.2
3840,Sandals,Footwear,M,Peach,Spring,3.9
3841,Jeans,Clothing,M,Turquoise,Spring,3.7
3842,Jeans,Clothing,L,Pink,Fall,4.2
3843,Jacket,Outerwear,L,Lavender,Winter,4.2
3844,Hat,Accessories,L,Silver,Winter,4
3845,Shorts,Clothing,S,Cyan,Fall,5
3846,Sweater,Clothing,M,Green,Winter,4.9
3847,Blouse,Clothing,L,Orange,Summer,4
3848,Sweater,Clothing,S,Blue,Fall,3.2
3849,Jewelry,Accessories,M,Magenta,Winter,3
3850,Hoodie,Clothing,S,Cyan,Winter,2.6
3851,Jewelry,Accessories,L,Indigo,Summer,4.4
3852,Scarf,Accessories,M,Pink,Summer,3.9
3853,Hat,Accessories,M,Peach,Fall,4
3854,Sunglasses,Accessories,M,Lavender,Fall,4
3855,T-shirt,Clothing,M,Black,Spring,4.2
3856,Shirt,Clothing,XL,Lavender,Summer,4.4
3857,Sandals,Footwear,S,Brown,Summer,2.5
3858,Hat,Accessories,S,Yellow,Summer,3.1
3859,T-shirt,Clothing,M,Olive,Winter,3.5
3860,Shorts,Clothing,S,Blue,Fall,3
3861,Sunglasses,Accessories,M,Turquoise,Summer,4.4
3862,Jacket,Outerwear,M,Yellow,Spring,4.9
3863,Shirt,Clothing,L,Turquoise,Winter,2.8
3864,Scarf,Accessories,M,Orange,Summer,3.3
3865,T-shirt,Clothing,S,Blue,Winter,4.9
3866,Shorts,Clothing,M,Olive,Spring,4.2
3867,Hat,Accessories,M,Beige,Winter,3.3
3868,Jacket,Outerwear,L,Lavender,Summer,2.7
3869,Dress,Clothing,XL,Magenta,Winter,3.3
3870,Coat,Outerwear,L,Cyan,Spring,3.8
3871,Sandals,Footwear,L,Lavender,Fall,3.2
3872,T-shirt,Clothing,M,Black,Fall,4.1
3873,Jacket,Outerwear,M,Green,Spring,4.3
3874,Sandals,Footwear,L,Silver,Summer,4
3875,Sweater,Clothing,XL,Beige,Summer,3.9
3876,Hat,Accessories,M,Pink,Winter,3.3
3877,Shoes,Footwear,S,Cyan,Fall,2.6
3878,Hoodie,Clothing,M,Olive,Spring,4.2
3879,Hat,Accessories,M,Pink,Summer,3.4
3880,Skirt,Clothing,L,Maroon,Winter,4.1
3881,Shirt,Clothing,M,Red,Winter,3.9
3882,Scarf,Accessories,L,Silver,Spring,2.8
3883,Pants,Clothing,L,Blue,Fall,2.6
3884,Hat,Accessories,XL,Purple,Fall,4
3885,Sandals,Footwear,M,Brown,Fall,4.9
3886,Socks,Clothing,L,Purple,Winter,3.2
3887,Jewelry,Accessories,S,Brown,Summer,3.9
3888,Shirt,Clothing,M,Charcoal,Spring,2.7
3889,Sneakers,Footwear,M,Violet,Spring,3.4
3890,Dress,Clothing,S,Yellow,Spring,3.5
3891,Shirt,Clothing,XL,Green,Winter,2.6
3892,Dress,Clothing,L,Peach,Winter,4.7
3893,Jewelry,Accessories,L,Indigo,Summer,3.5
3894,Hat,Accessories,L,White,Fall,3.3
3895,Skirt,Clothing,L,White,Spring,3.9
3896,Hoodie,Clothing,L,Turquoise,Summer,4.2
3897,Backpack,Accessories,L,White,Spring,4.5
3898,Belt,Accessories,L,Green,Spring,2.9
3899,Shoes,Footwear,S,Brown,Summer,3.8
3900,Handbag,Accessories,M,Beige,Spring,3.1
