_purchase_id,purchase_id,customer_id,product_id,product_item ,purchase_amount,purchase_shipping type,purchase_discount,purchase_promocode,purchase_payment type,purchase_date
200,1,1,1,Blouse,53,Express,Yes,Yes,Venmo,2024-02-16
201,2,2,2,Sweater,64,Express,Yes,Yes,Cash,2024-02-11
202,3,3,3,Jeans,73,Free Shipping,Yes,Yes,Credit Card,2024-03-17
203,4,4,4,Sandals,90,Next Day Air,Yes,Yes,PayPal,2024-05-20
205,5,5,5,Blouse,49,Free Shipping,Yes,Yes,PayPal,2024-04-06
206,6,6,6,Sneakers,20,Standard,Yes,Yes,Venmo,2024-06-16
207,7,7,7,Shirt,85,Free Shipping,Yes,Yes,Cash,2024-10-26
208,8,8,8,Shorts,34,Free Shipping,Yes,Yes,Credit Card,2024-02-17
209,9,9,9,Coat,97,Express,Yes,Yes,Venmo,2024-08-27
211,10,10,10,Handbag,31,2-Day Shipping,Yes,Yes,Cash,2024-05-28
212,11,11,11,Shoes,34,Store Pickup,Yes,Yes,Bank Transfer,2024-10-05
213,12,12,12,Shorts,68,Store Pickup,Yes,Yes,Bank Transfer,2024-01-20
214,13,13,13,Coat,72,Express,Yes,Yes,Venmo,2024-02-17
215,14,14,14,Dress,51,Express,Yes,Yes,PayPal,2024-03-06
217,15,15,15,Coat,53,Free Shipping,Yes,Yes,Debit Card,2024-01-24
218,16,16,16,Skirt,81,Store Pickup,Yes,Yes,PayPal,2024-02-22
219,17,17,17,Sunglasses,36,Next Day Air,Yes,Yes,Debit Card,2024-05-18
220,18,18,18,Dress,38,2-Day Shipping,Yes,Yes,Venmo,2024-02-24
221,19,19,19,Sweater,48,Free Shipping,Yes,Yes,Cash,2024-06-23
223,20,20,20,Pants,90,Standard,Yes,Yes,Debit Card,2024-06-09
224,21,21,21,Pants,51,Express,Yes,Yes,Cash,2024-12-15
225,22,22,22,Pants,62,Store Pickup,Yes,Yes,Debit Card,2024-01-17
226,23,23,23,Pants,37,Store Pickup,Yes,Yes,Debit Card,2024-08-23
227,24,24,24,Pants,88,Express,Yes,Yes,Credit Card,2024-12-01
229,25,25,25,Jacket,22,Store Pickup,Yes,Yes,Debit Card,2024-10-14
230,26,26,26,Hoodie,25,Express,Yes,Yes,PayPal,2024-06-22
231,27,27,27,Jewelry,20,Next Day Air,Yes,Yes,Credit Card,2024-04-06
232,28,28,28,Shorts,56,Next Day Air,Yes,Yes,Bank Transfer,2024-08-17
233,29,29,29,Handbag,94,Free Shipping,Yes,Yes,PayPal,2024-11-13
235,30,30,30,Dress,48,Store Pickup,Yes,Yes,Credit Card,2024-09-09
236,31,31,31,Jewelry,31,Standard,Yes,Yes,Credit Card,2024-01-08
237,32,32,32,Dress,79,Store Pickup,Yes,Yes,Venmo,2024-01-23
238,33,33,33,Jacket,67,Free Shipping,Yes,Yes,Venmo,2024-06-11
239,34,34,34,Pants,38,Store Pickup,Yes,Yes,Cash,2024-07-01
241,35,35,35,T-shirt,91,2-Day Shipping,Yes,Yes,PayPal,2024-05-11
242,36,36,36,Blouse,33,2-Day Shipping,Yes,Yes,Credit Card,2024-06-20
243,37,37,37,T-shirt,69,Free Shipping,Yes,Yes,PayPal,2024-12-05
244,38,38,38,Jeans,45,Store Pickup,Yes,Yes,PayPal,2024-08-15
245,39,39,39,Dress,37,2-Day Shipping,Yes,Yes,Venmo,2024-02-10
247,40,40,40,Pants,60,Express,Yes,Yes,Credit Card,2024-07-24
248,41,41,41,Handbag,76,Next Day Air,Yes,Yes,Debit Card,2024-02-23
249,42,42,42,Scarf,39,Standard,Yes,Yes,Venmo,2024-03-20
250,43,43,43,Coat,100,Free Shipping,Yes,Yes,PayPal,2024-05-15
251,44,44,44,Scarf,69,Store Pickup,Yes,Yes,PayPal,2024-09-23
253,45,45,45,Hat,53,Free Shipping,Yes,Yes,PayPal,2024-06-26
254,46,46,46,Socks,21,2-Day Shipping,Yes,Yes,PayPal,2024-09-14
255,47,47,47,Shirt,43,Store Pickup,Yes,Yes,Cash,2024-07-28
256,48,48,48,Jewelry,54,Free Shipping,Yes,Yes,Cash,2024-12-06
257,49,49,49,Shirt,55,Store Pickup,Yes,Yes,Cash,2024-06-24
259,50,50,50,Hoodie,30,Next Day Air,Yes,Yes,Debit Card,2024-03-19
260,51,51,51,Blouse,28,Store Pickup,Yes,Yes,Debit Card,2024-03-16
261,52,52,52,Skirt,59,2-Day Shipping,Yes,Yes,Credit Card,2024-02-17
262,53,53,53,T-shirt,20,Free Shipping,Yes,Yes,Credit Card,2024-06-07
263,54,54,54,Skirt,24,Next Day Air,Yes,Yes,Credit Card,2024-01-21
265,55,55,55,Coat,94,Next Day Air,Yes,Yes,Debit Card,2024-07-22
266,56,56,56,Jacket,28,2-Day Shipping,Yes,Yes,Credit Card,2024-02-22
267,57,57,57,Backpack,73,Store Pickup,Yes,Yes,Credit Card,2024-06-07
268,58,58,58,Coat,64,Store Pickup,Yes,Yes,Debit Card,2024-07-20
269,59,59,59,Hoodie,54,Free Shipping,Yes,Yes,Venmo,2024-08-10
271,60,60,60,Belt,79,Standard,Yes,Yes,Debit Card,2024-05-28
272,61,61,61,Sweater,37,Express,Yes,Yes,Cash,2024-07-28
273,62,62,62,Scarf,68,Store Pickup,Yes,Yes,Credit Card,2024-02-26
274,63,63,63,Sneakers,21,Free Shipping,Yes,Yes,Credit Card,2024-05-13
275,64,64,64,Sunglasses,79,2-Day Shipping,Yes,Yes,Credit Card,2024-01-08
277,65,65,65,Boots,83,Standard,Yes,Yes,Debit Card,2024-11-01
278,66,66,66,Backpack,36,2-Day Shipping,Yes,Yes,Venmo,2024-05-21
279,67,67,67,Blouse,94,2-Day Shipping,Yes,Yes,Venmo,2024-01-17
280,68,68,68,Coat,33,Store Pickup,Yes,Yes,Debit Card,2024-02-28
281,69,69,69,Handbag,46,Next Day Air,Yes,Yes,Cash,2024-08-11
283,70,70,70,Belt,70,Express,Yes,Yes,Cash,2024-06-04
284,71,71,71,Belt,29,Express,Yes,Yes,Debit Card,2024-10-16
285,72,72,72,Dress,48,Express,Yes,Yes,Bank Transfer,2024-07-10
286,73,73,73,Dress,26,Store Pickup,Yes,Yes,Bank Transfer,2024-02-22
287,74,74,74,Pants,85,Free Shipping,Yes,Yes,Bank Transfer,2024-04-23
289,75,75,75,Gloves,58,Express,Yes,Yes,Cash,2024-05-03
290,76,76,76,Scarf,85,Free Shipping,Yes,Yes,Credit Card,2024-06-06
291,77,77,77,Hat,43,Free Shipping,Yes,Yes,Venmo,2024-08-06
292,78,78,78,Dress,53,Next Day Air,Yes,Yes,Debit Card,2024-06-12
293,79,79,79,Skirt,91,Free Shipping,Yes,Yes,Venmo,2024-04-23
295,80,80,80,Jacket,96,2-Day Shipping,Yes,Yes,Bank Transfer,2024-12-03
296,81,81,81,Sandals,72,Store Pickup,Yes,Yes,Credit Card,2024-07-01
297,82,82,82,Shoes,96,Express,Yes,Yes,Credit Card,2024-08-14
298,83,83,83,Pants,28,2-Day Shipping,Yes,Yes,Credit Card,2024-03-16
299,84,84,84,Dress,40,Standard,Yes,Yes,Bank Transfer,2024-08-02
301,85,85,85,Coat,32,Standard,Yes,Yes,Bank Transfer,2024-03-15
302,86,86,86,Sunglasses,95,Next Day Air,Yes,Yes,Debit Card,2024-12-23
303,87,87,87,Hoodie,41,2-Day Shipping,Yes,Yes,Cash,2024-04-17
304,88,88,88,Shoes,53,2-Day Shipping,Yes,Yes,Debit Card,2024-09-01
305,89,89,89,T-shirt,47,Free Shipping,Yes,Yes,Credit Card,2024-10-24
307,90,90,90,Jacket,83,Next Day Air,Yes,Yes,Cash,2024-10-06
308,91,91,91,Hat,48,Express,Yes,Yes,Credit Card,2024-07-23
309,92,92,92,Scarf,99,Standard,Yes,Yes,Credit Card,2024-01-14
310,93,93,93,Jacket,87,2-Day Shipping,Yes,Yes,Venmo,2024-12-14
311,94,94,94,Sweater,62,Standard,Yes,Yes,Credit Card,2024-11-18
313,95,95,95,Skirt,76,Free Shipping,Yes,Yes,Credit Card,2024-04-12
314,96,96,96,Sneakers,100,Free Shipping,Yes,Yes,PayPal,2024-10-03
315,97,97,97,Gloves,73,Express,Yes,Yes,Venmo,2024-05-26
316,98,98,98,Shoes,92,Store Pickup,Yes,Yes,Cash,2024-02-04
317,99,99,99,Jeans,67,Next Day Air,Yes,Yes,Bank Transfer,2024-05-23
319,100,100,100,Hoodie,40,Express,Yes,Yes,Debit Card,2024-07-23
320,101,101,101,Sunglasses,98,Express,Yes,Yes,Cash,2024-11-27
321,102,102,102,Coat,85,Express,Yes,Yes,Credit Card,2024-05-06
322,103,103,103,Socks,67,Next Day Air,Yes,Yes,Credit Card,2024-02-23
323,104,104,104,Boots,89,Next Day Air,Yes,Yes,Venmo,2024-02-17
325,105,105,105,Sunglasses,24,2-Day Shipping,Yes,Yes,PayPal,2024-05-03
326,106,106,106,Backpack,96,Next Day Air,Yes,Yes,Bank Transfer,2024-10-03
327,107,107,107,Jacket,35,Standard,Yes,Yes,Credit Card,2024-06-21
328,108,108,108,Sneakers,67,Next Day Air,Yes,Yes,PayPal,2024-01-10
329,109,109,109,Socks,79,Next Day Air,Yes,Yes,Bank Transfer,2024-03-22
331,110,110,110,T-shirt,85,Next Day Air,Yes,Yes,Bank Transfer,2024-04-14
332,111,111,111,Backpack,26,Standard,Yes,Yes,Venmo,2024-08-10
333,112,112,112,Belt,75,Free Shipping,Yes,Yes,Credit Card,2024-07-04
334,113,113,113,Gloves,65,Free Shipping,Yes,Yes,PayPal,2024-05-13
335,114,114,114,Hat,54,Next Day Air,Yes,Yes,PayPal,2024-12-07
337,115,115,115,Coat,95,Store Pickup,Yes,Yes,Cash,2024-07-01
338,116,116,116,Skirt,94,Standard,Yes,Yes,Debit Card,2024-04-01
339,117,117,117,Shoes,86,Free Shipping,Yes,Yes,Venmo,2024-04-27
340,118,118,118,Sandals,32,Express,Yes,Yes,Cash,2024-06-23
341,119,119,119,Sweater,45,2-Day Shipping,Yes,Yes,Cash,2024-11-27
343,120,120,120,Coat,76,Express,Yes,Yes,Cash,2024-09-25
344,121,121,121,Hat,84,Express,Yes,Yes,Bank Transfer,2024-06-14
345,122,122,122,Shorts,72,Standard,Yes,Yes,Cash,2024-01-20
346,123,123,123,Backpack,40,2-Day Shipping,Yes,Yes,Cash,2024-04-17
347,124,124,124,Sweater,89,Free Shipping,Yes,Yes,Cash,2024-10-10
349,125,125,125,Sweater,86,Next Day Air,Yes,Yes,PayPal,2024-04-21
350,126,126,126,Shorts,54,Next Day Air,Yes,Yes,Venmo,2024-02-27
351,127,127,127,Shorts,36,Store Pickup,Yes,Yes,Cash,2024-05-19
352,128,128,128,Sweater,89,Next Day Air,Yes,Yes,Credit Card,2024-12-11
353,129,129,129,Scarf,32,Standard,Yes,Yes,Credit Card,2024-05-11
355,130,130,130,Dress,67,2-Day Shipping,Yes,Yes,PayPal,2024-08-12
356,131,131,131,Scarf,39,Next Day Air,Yes,Yes,PayPal,2024-11-25
357,132,132,132,Skirt,29,Standard,Yes,Yes,Credit Card,2024-07-10
358,133,133,133,Backpack,58,2-Day Shipping,Yes,Yes,PayPal,2024-09-18
359,134,134,134,Sweater,65,Next Day Air,Yes,Yes,Venmo,2024-01-11
361,135,135,135,Hat,94,Store Pickup,Yes,Yes,Cash,2024-10-10
362,136,136,136,Sandals,81,Express,Yes,Yes,PayPal,2024-11-15
363,137,137,137,Blouse,86,Free Shipping,Yes,Yes,Debit Card,2024-02-11
364,138,138,138,Sneakers,43,Free Shipping,Yes,Yes,PayPal,2024-03-02
365,139,139,139,Skirt,29,Store Pickup,Yes,Yes,Bank Transfer,2024-02-25
367,140,140,140,Coat,95,Store Pickup,Yes,Yes,Venmo,2024-10-03
368,141,141,141,Shirt,28,2-Day Shipping,Yes,Yes,Credit Card,2024-09-04
369,142,142,142,Gloves,46,Free Shipping,Yes,Yes,PayPal,2024-10-03
370,143,143,143,Jacket,58,Free Shipping,Yes,Yes,Credit Card,2024-11-22
371,144,144,144,Coat,48,Store Pickup,Yes,Yes,PayPal,2024-10-19
373,145,145,145,Shoes,43,Express,Yes,Yes,Cash,2024-09-06
374,146,146,146,Jewelry,95,Standard,Yes,Yes,Debit Card,2024-11-14
375,147,147,147,Skirt,30,Standard,Yes,Yes,Venmo,2024-11-11
376,148,148,148,Shoes,64,2-Day Shipping,Yes,Yes,Bank Transfer,2024-08-24
377,149,149,149,Gloves,90,Store Pickup,Yes,Yes,Debit Card,2024-09-24
379,150,150,150,Pants,76,Free Shipping,Yes,Yes,PayPal,2024-08-12
380,151,151,151,Boots,96,Standard,Yes,Yes,Debit Card,2024-09-26
381,152,152,152,Sunglasses,47,Next Day Air,Yes,Yes,Venmo,2024-11-08
382,153,153,153,Shirt,85,Express,Yes,Yes,Venmo,2024-06-02
383,154,154,154,Hoodie,55,Standard,Yes,Yes,Debit Card,2024-01-21
385,155,155,155,Dress,98,Next Day Air,Yes,Yes,Venmo,2024-10-18
386,156,156,156,Socks,77,Free Shipping,Yes,Yes,Bank Transfer,2024-05-08
387,157,157,157,Shorts,26,Standard,Yes,Yes,Debit Card,2024-10-05
388,158,158,158,Hat,68,Next Day Air,Yes,Yes,Bank Transfer,2024-11-24
389,159,159,159,Shirt,73,Standard,Yes,Yes,Bank Transfer,2024-09-02
391,160,160,160,Gloves,27,Store Pickup,Yes,Yes,Bank Transfer,2024-11-22
392,161,161,161,Gloves,23,Free Shipping,Yes,Yes,Venmo,2024-07-02
393,162,162,162,Backpack,49,Express,Yes,Yes,Venmo,2024-11-10
394,163,163,163,Sunglasses,74,Store Pickup,Yes,Yes,PayPal,2024-07-25
395,164,164,164,Skirt,67,Standard,Yes,Yes,Debit Card,2024-06-20
397,165,165,165,Handbag,65,Free Shipping,Yes,Yes,Credit Card,2024-03-09
398,166,166,166,Handbag,60,Store Pickup,Yes,Yes,Cash,2024-02-02
399,167,167,167,Sneakers,31,Store Pickup,Yes,Yes,Cash,2024-09-01
400,168,168,168,Gloves,27,Express,Yes,Yes,Credit Card,2024-11-09
401,169,169,169,Shoes,80,Express,Yes,Yes,Cash,2024-06-22
403,170,170,170,Jacket,30,Standard,Yes,Yes,PayPal,2024-07-17
404,171,171,171,Shirt,25,Store Pickup,Yes,Yes,Venmo,2024-10-21
405,172,172,172,Shorts,35,Store Pickup,Yes,Yes,Credit Card,2024-07-09
406,173,173,173,Jewelry,67,Next Day Air,Yes,Yes,Credit Card,2024-08-02
407,174,174,174,Hat,46,Standard,Yes,Yes,Cash,2024-09-27
409,175,175,175,Shoes,35,Express,Yes,Yes,Venmo,2024-12-09
410,176,176,176,Coat,86,Next Day Air,Yes,Yes,Bank Transfer,2024-10-18
411,177,177,177,Backpack,81,Next Day Air,Yes,Yes,Credit Card,2024-05-27
412,178,178,178,Hoodie,42,Next Day Air,Yes,Yes,Bank Transfer,2024-10-09
413,179,179,179,Skirt,43,2-Day Shipping,Yes,Yes,PayPal,2024-10-10
415,180,180,180,Boots,31,Store Pickup,Yes,Yes,Bank Transfer,2024-11-11
416,181,181,181,Sandals,81,Store Pickup,Yes,Yes,Debit Card,2024-10-01
417,182,182,182,Pants,61,Next Day Air,Yes,Yes,Bank Transfer,2024-07-01
418,183,183,183,Gloves,96,Store Pickup,Yes,Yes,Debit Card,2024-07-09
419,184,184,184,Skirt,29,2-Day Shipping,Yes,Yes,Credit Card,2024-03-07
421,185,185,185,Sneakers,33,Express,Yes,Yes,Cash,2024-03-21
422,186,186,186,T-shirt,32,Store Pickup,Yes,Yes,Bank Transfer,2024-08-25
423,187,187,187,Backpack,56,Standard,Yes,Yes,Debit Card,2024-06-02
424,188,188,188,Shoes,94,Store Pickup,Yes,Yes,Bank Transfer,2024-04-15
425,189,189,189,Hoodie,53,Express,Yes,Yes,Bank Transfer,2024-04-25
427,190,190,190,Blouse,82,Next Day Air,Yes,Yes,Credit Card,2024-10-19
428,191,191,191,Coat,70,Free Shipping,Yes,Yes,Venmo,2024-10-07
429,192,192,192,Hat,76,Free Shipping,Yes,Yes,Cash,2024-11-28
430,193,193,193,Shoes,29,Express,Yes,Yes,PayPal,2024-08-28
431,194,194,194,Belt,100,Standard,Yes,Yes,Venmo,2024-09-23
433,195,195,195,Backpack,94,Express,Yes,Yes,Debit Card,2024-04-10
434,196,196,196,Jacket,25,Free Shipping,Yes,Yes,Credit Card,2024-09-18
435,197,197,197,Boots,88,Next Day Air,Yes,Yes,Credit Card,2024-07-05
436,198,198,198,Scarf,78,2-Day Shipping,Yes,Yes,Credit Card,2024-09-18
437,199,199,199,Jewelry,45,Standard,Yes,Yes,Credit Card,2024-12-24
439,200,200,200,Hat,73,Express,Yes,Yes,Cash,2024-06-27
440,201,201,201,Dress,61,Next Day Air,Yes,Yes,Venmo,2024-07-02
441,202,202,202,Blouse,22,Free Shipping,Yes,Yes,Bank Transfer,2024-11-21
442,203,203,203,Hat,38,Express,Yes,Yes,Venmo,2024-04-20
443,204,204,204,Scarf,38,Next Day Air,Yes,Yes,Bank Transfer,2024-11-08
445,205,205,205,Sneakers,100,Store Pickup,Yes,Yes,Cash,2024-11-20
446,206,206,206,Shirt,64,Standard,Yes,Yes,PayPal,2024-02-16
447,207,207,207,T-shirt,55,Free Shipping,Yes,Yes,Venmo,2024-08-21
448,208,208,208,Gloves,91,Express,Yes,Yes,Bank Transfer,2024-08-16
449,209,209,209,Skirt,38,Store Pickup,Yes,Yes,Credit Card,2024-05-23
451,210,210,210,Sandals,97,Store Pickup,Yes,Yes,Cash,2024-12-09
452,211,211,211,Jacket,22,2-Day Shipping,Yes,Yes,PayPal,2024-11-24
453,212,212,212,Skirt,92,2-Day Shipping,Yes,Yes,Debit Card,2024-10-24
454,213,213,213,Handbag,84,Express,Yes,Yes,Debit Card,2024-09-23
455,214,214,214,Handbag,93,Store Pickup,Yes,Yes,Debit Card,2024-11-26
457,215,215,215,Jacket,50,Next Day Air,Yes,Yes,Cash,2024-08-03
458,216,216,216,Scarf,64,2-Day Shipping,Yes,Yes,PayPal,2024-04-03
459,217,217,217,Shorts,61,Free Shipping,Yes,Yes,Venmo,2024-05-26
460,218,218,218,Sunglasses,48,Next Day Air,Yes,Yes,Bank Transfer,2024-01-27
461,219,219,219,T-shirt,45,Store Pickup,Yes,Yes,Credit Card,2024-04-06
463,220,220,220,Belt,88,Free Shipping,Yes,Yes,Cash,2024-03-27
464,221,221,221,Sneakers,57,Express,Yes,Yes,Debit Card,2024-05-07
465,222,222,222,Hat,68,Store Pickup,Yes,Yes,Bank Transfer,2024-07-18
466,223,223,223,Gloves,94,2-Day Shipping,Yes,Yes,PayPal,2024-03-04
467,224,224,224,Pants,41,Free Shipping,Yes,Yes,PayPal,2024-05-16
469,225,225,225,Socks,83,Free Shipping,Yes,Yes,Cash,2024-08-18
470,226,226,226,Jacket,22,Next Day Air,Yes,Yes,Bank Transfer,2024-04-08
471,227,227,227,Shoes,74,Free Shipping,Yes,Yes,PayPal,2024-03-07
472,228,228,228,Jeans,90,Standard,Yes,Yes,Venmo,2024-01-26
473,229,229,229,Socks,79,Store Pickup,Yes,Yes,Credit Card,2024-03-02
475,230,230,230,Sandals,28,Next Day Air,Yes,Yes,PayPal,2024-03-01
476,231,231,231,Scarf,88,Standard,Yes,Yes,Credit Card,2024-10-13
477,232,232,232,Blouse,26,2-Day Shipping,Yes,Yes,Debit Card,2024-04-17
478,233,233,233,Jewelry,27,Express,Yes,Yes,Bank Transfer,2024-01-13
479,234,234,234,Sweater,83,Next Day Air,Yes,Yes,Bank Transfer,2024-09-10
481,235,235,235,Gloves,39,Next Day Air,Yes,Yes,Credit Card,2024-08-09
482,236,236,236,Sunglasses,89,Free Shipping,Yes,Yes,Debit Card,2024-01-01
483,237,237,237,Coat,68,Next Day Air,Yes,Yes,PayPal,2024-01-27
484,238,238,238,Dress,90,Store Pickup,Yes,Yes,Debit Card,2024-07-14
485,239,239,239,Skirt,34,Free Shipping,Yes,Yes,Cash,2024-11-06
487,240,240,240,Pants,51,Express,Yes,Yes,Credit Card,2024-08-19
488,241,241,241,Sweater,45,Free Shipping,Yes,Yes,Bank Transfer,2024-01-22
489,242,242,242,Hoodie,88,Free Shipping,Yes,Yes,Venmo,2024-01-17
490,243,243,243,Coat,85,Store Pickup,Yes,Yes,Debit Card,2024-06-27
491,244,244,244,Jewelry,100,2-Day Shipping,Yes,Yes,Debit Card,2024-01-05
493,245,245,245,Belt,42,2-Day Shipping,Yes,Yes,PayPal,2024-05-27
494,246,246,246,Sandals,53,Next Day Air,Yes,Yes,Venmo,2024-07-12
495,247,247,247,Sunglasses,86,Express,Yes,Yes,Venmo,2024-03-27
496,248,248,248,Sweater,66,Standard,Yes,Yes,Debit Card,2024-04-18
497,249,249,249,Belt,100,Express,Yes,Yes,PayPal,2024-02-11
499,250,250,250,Handbag,47,Standard,Yes,Yes,Credit Card,2024-09-04
500,251,251,251,Skirt,25,Express,Yes,Yes,Bank Transfer,2024-11-10
501,252,252,252,Handbag,51,Standard,Yes,Yes,PayPal,2024-02-22
502,253,253,253,Shorts,41,Free Shipping,Yes,Yes,Venmo,2024-06-14
503,254,254,254,Boots,73,2-Day Shipping,Yes,Yes,Bank Transfer,2024-01-25
505,255,255,255,Sunglasses,42,Store Pickup,Yes,Yes,PayPal,2024-12-06
506,256,256,256,Scarf,20,Free Shipping,Yes,Yes,Debit Card,2024-03-11
507,257,257,257,Jewelry,30,Express,Yes,Yes,Credit Card,2024-03-04
508,258,258,258,Handbag,53,Express,Yes,Yes,Credit Card,2024-06-16
509,259,259,259,Gloves,74,Express,Yes,Yes,Cash,2024-05-01
511,260,260,260,Jeans,57,Standard,Yes,Yes,Debit Card,2024-10-23
512,261,261,261,Hat,57,2-Day Shipping,Yes,Yes,Credit Card,2024-02-25
513,262,262,262,Jeans,77,Standard,Yes,Yes,Credit Card,2024-02-22
514,263,263,263,Pants,40,Next Day Air,Yes,Yes,Debit Card,2024-07-22
515,264,264,264,Shorts,46,Store Pickup,Yes,Yes,Venmo,2024-08-04
517,265,265,265,Pants,78,Store Pickup,Yes,Yes,Cash,2024-09-26
518,266,266,266,Backpack,59,2-Day Shipping,Yes,Yes,Bank Transfer,2024-05-02
519,267,267,267,Jewelry,75,Express,Yes,Yes,Credit Card,2024-07-06
520,268,268,268,Sweater,54,2-Day Shipping,Yes,Yes,Venmo,2024-04-14
521,269,269,269,Shoes,42,Store Pickup,Yes,Yes,Cash,2024-05-22
523,270,270,270,Blouse,44,Next Day Air,Yes,Yes,Cash,2024-02-11
524,271,271,271,Jeans,52,Free Shipping,Yes,Yes,Bank Transfer,2024-09-19
525,272,272,272,Sunglasses,69,Express,Yes,Yes,Credit Card,2024-06-12
526,273,273,273,Jewelry,26,2-Day Shipping,Yes,Yes,Debit Card,2024-08-17
527,274,274,274,Coat,33,Express,Yes,Yes,Debit Card,2024-04-01
529,275,275,275,Jewelry,32,Express,Yes,Yes,Cash,2024-05-16
530,276,276,276,Backpack,85,Express,Yes,Yes,Credit Card,2024-12-11
531,277,277,277,Skirt,30,Express,Yes,Yes,Bank Transfer,2024-09-15
532,278,278,278,Shirt,29,Store Pickup,Yes,Yes,Bank Transfer,2024-02-14
533,279,279,279,Sweater,95,Express,Yes,Yes,Debit Card,2024-05-28
535,280,280,280,Sneakers,69,Standard,Yes,Yes,Bank Transfer,2024-07-03
536,281,281,281,Sandals,69,2-Day Shipping,Yes,Yes,Cash,2024-10-01
537,282,282,282,Belt,61,Standard,Yes,Yes,Debit Card,2024-04-03
538,283,283,283,Skirt,94,2-Day Shipping,Yes,Yes,Cash,2024-06-03
539,284,284,284,Sweater,30,Next Day Air,Yes,Yes,Venmo,2024-09-07
541,285,285,285,Skirt,45,Standard,Yes,Yes,PayPal,2024-08-14
542,286,286,286,Handbag,39,Express,Yes,Yes,Debit Card,2024-06-18
543,287,287,287,Jewelry,51,Store Pickup,Yes,Yes,Debit Card,2024-06-04
544,288,288,288,Scarf,37,2-Day Shipping,Yes,Yes,Venmo,2024-03-19
545,289,289,289,T-shirt,62,2-Day Shipping,Yes,Yes,Venmo,2024-02-10
547,290,290,290,Coat,85,2-Day Shipping,Yes,Yes,Credit Card,2024-09-07
548,291,291,291,T-shirt,33,Standard,Yes,Yes,PayPal,2024-01-11
549,292,292,292,Dress,26,Next Day Air,Yes,Yes,Bank Transfer,2024-10-14
550,293,293,293,Shoes,99,Free Shipping,Yes,Yes,Cash,2024-05-19
551,294,294,294,Handbag,39,Express,Yes,Yes,PayPal,2024-04-01
553,295,295,295,Skirt,20,Store Pickup,Yes,Yes,Credit Card,2024-05-23
554,296,296,296,Sunglasses,42,Store Pickup,Yes,Yes,Credit Card,2024-12-17
555,297,297,297,Sandals,74,2-Day Shipping,Yes,Yes,Credit Card,2024-04-12
556,298,298,298,Shoes,26,Standard,Yes,Yes,Credit Card,2024-07-14
557,299,299,299,T-shirt,53,Standard,Yes,Yes,Venmo,2024-02-14
559,300,300,300,Sneakers,80,Next Day Air,Yes,Yes,PayPal,2024-08-15
560,301,301,301,Hat,98,Store Pickup,Yes,Yes,PayPal,2024-04-07
561,302,302,302,Skirt,95,Standard,Yes,Yes,Credit Card,2024-04-07
562,303,303,303,Sweater,44,Express,Yes,Yes,Bank Transfer,2024-08-02
563,304,304,304,Sandals,60,Next Day Air,Yes,Yes,Venmo,2024-06-17
565,305,305,305,Dress,84,Next Day Air,Yes,Yes,Credit Card,2024-12-21
566,306,306,306,Sweater,59,2-Day Shipping,Yes,Yes,PayPal,2024-11-26
567,307,307,307,Jacket,49,Express,Yes,Yes,Cash,2024-08-07
568,308,308,308,Gloves,32,Free Shipping,Yes,Yes,Credit Card,2024-12-23
569,309,309,309,Handbag,29,Standard,Yes,Yes,Venmo,2024-09-09
571,310,310,310,Dress,22,Standard,Yes,Yes,Cash,2024-04-13
572,311,311,311,Pants,85,Standard,Yes,Yes,Cash,2024-01-28
573,312,312,312,Jeans,52,Store Pickup,Yes,Yes,Bank Transfer,2024-02-08
574,313,313,313,Pants,89,Next Day Air,Yes,Yes,PayPal,2024-04-07
575,314,314,314,Dress,77,Express,Yes,Yes,Credit Card,2024-04-27
577,315,315,315,Pants,24,Store Pickup,Yes,Yes,Debit Card,2024-07-19
578,316,316,316,Jewelry,24,Express,Yes,Yes,Debit Card,2024-04-12
579,317,317,317,Handbag,22,Free Shipping,Yes,Yes,Venmo,2024-09-08
580,318,318,318,Sweater,82,Standard,Yes,Yes,Cash,2024-11-09
581,319,319,319,Backpack,67,Standard,Yes,Yes,Cash,2024-01-20
583,320,320,320,Shorts,74,Standard,Yes,Yes,Cash,2024-03-03
584,321,321,321,Jewelry,72,Standard,Yes,Yes,Debit Card,2024-06-04
585,322,322,322,Sneakers,36,Free Shipping,Yes,Yes,Debit Card,2024-07-17
586,323,323,323,Belt,95,Standard,Yes,Yes,Credit Card,2024-02-05
587,324,324,324,Hoodie,78,Next Day Air,Yes,Yes,PayPal,2024-02-22
589,325,325,325,Shirt,82,Standard,Yes,Yes,Venmo,2024-07-23
590,326,326,326,Pants,70,Free Shipping,Yes,Yes,Debit Card,2024-12-06
591,327,327,327,Scarf,41,Store Pickup,Yes,Yes,Bank Transfer,2024-09-03
592,328,328,328,Coat,42,Free Shipping,Yes,Yes,PayPal,2024-08-06
593,329,329,329,Coat,50,Free Shipping,Yes,Yes,Credit Card,2024-10-25
595,330,330,330,Socks,31,2-Day Shipping,Yes,Yes,Bank Transfer,2024-08-12
596,331,331,331,Sweater,51,Express,Yes,Yes,Venmo,2024-01-10
597,332,332,332,Shirt,98,Store Pickup,Yes,Yes,PayPal,2024-11-26
598,333,333,333,Shirt,86,2-Day Shipping,Yes,Yes,Credit Card,2024-02-22
599,334,334,334,Sweater,64,Standard,Yes,Yes,Bank Transfer,2024-01-20
601,335,335,335,Blouse,46,Next Day Air,Yes,Yes,Credit Card,2024-09-14
602,336,336,336,Sweater,85,Standard,Yes,Yes,Venmo,2024-03-23
603,337,337,337,Hat,81,Express,Yes,Yes,PayPal,2024-11-21
604,338,338,338,Sweater,59,2-Day Shipping,Yes,Yes,Bank Transfer,2024-01-27
605,339,339,339,Hoodie,79,Express,Yes,Yes,Cash,2024-02-09
607,340,340,340,Shorts,33,2-Day Shipping,Yes,Yes,Credit Card,2024-05-05
608,341,341,341,Shorts,47,Express,Yes,Yes,Venmo,2024-06-26
609,342,342,342,Hat,20,Store Pickup,Yes,Yes,Debit Card,2024-06-27
610,343,343,343,Coat,36,Next Day Air,Yes,Yes,Credit Card,2024-03-20
611,344,344,344,Sandals,39,Next Day Air,Yes,Yes,Venmo,2024-08-12
613,345,345,345,Skirt,71,Standard,Yes,Yes,Debit Card,2024-02-24
614,346,346,346,Shoes,59,Next Day Air,Yes,Yes,Bank Transfer,2024-01-08
615,347,347,347,Jeans,50,Next Day Air,Yes,Yes,Cash,2024-03-27
616,348,348,348,Sandals,41,Store Pickup,Yes,Yes,PayPal,2024-10-03
617,349,349,349,Blouse,59,Free Shipping,Yes,Yes,PayPal,2024-11-16
619,350,350,350,Hat,87,2-Day Shipping,Yes,Yes,Bank Transfer,2024-12-05
620,351,351,351,Sweater,68,2-Day Shipping,Yes,Yes,Bank Transfer,2024-05-18
621,352,352,352,Skirt,90,Standard,Yes,Yes,Debit Card,2024-01-05
622,353,353,353,Jeans,71,Next Day Air,Yes,Yes,Cash,2024-11-08
623,354,354,354,Sneakers,64,Store Pickup,Yes,Yes,Debit Card,2024-09-19
625,355,355,355,Jewelry,76,Free Shipping,Yes,Yes,Venmo,2024-09-06
626,356,356,356,Jewelry,42,2-Day Shipping,Yes,Yes,PayPal,2024-09-12
627,357,357,357,Pants,80,Standard,Yes,Yes,Cash,2024-04-20
628,358,358,358,Belt,56,Standard,Yes,Yes,Credit Card,2024-03-24
629,359,359,359,Hat,25,Express,Yes,Yes,Credit Card,2024-07-17
631,360,360,360,Sneakers,74,Store Pickup,Yes,Yes,Credit Card,2024-12-09
632,361,361,361,Pants,30,Standard,Yes,Yes,Debit Card,2024-07-08
633,362,362,362,T-shirt,96,Free Shipping,Yes,Yes,Cash,2024-05-05
634,363,363,363,Sneakers,64,Free Shipping,Yes,Yes,Venmo,2024-11-02
635,364,364,364,Shorts,88,Free Shipping,Yes,Yes,Bank Transfer,2024-12-11
637,365,365,365,Shoes,88,Free Shipping,Yes,Yes,Venmo,2024-08-24
638,366,366,366,Gloves,88,Standard,Yes,Yes,PayPal,2024-08-04
639,367,367,367,Socks,36,Store Pickup,Yes,Yes,Venmo,2024-05-07
640,368,368,368,Dress,40,Store Pickup,Yes,Yes,Bank Transfer,2024-03-12
641,369,369,369,Handbag,39,Standard,Yes,Yes,Cash,2024-03-21
643,370,370,370,Belt,40,Store Pickup,Yes,Yes,PayPal,2024-06-08
644,371,371,371,Scarf,34,Express,Yes,Yes,PayPal,2024-01-12
645,372,372,372,Sneakers,83,2-Day Shipping,Yes,Yes,PayPal,2024-02-07
646,373,373,373,Sweater,85,Standard,Yes,Yes,Debit Card,2024-06-09
647,374,374,374,Coat,27,Express,Yes,Yes,Venmo,2024-07-20
649,375,375,375,Jewelry,78,Store Pickup,Yes,Yes,Bank Transfer,2024-04-01
650,376,376,376,Sunglasses,32,Standard,Yes,Yes,Debit Card,2024-08-02
651,377,377,377,Shoes,51,Express,Yes,Yes,Venmo,2024-09-09
652,378,378,378,Scarf,32,Standard,Yes,Yes,Credit Card,2024-03-04
653,379,379,379,Dress,62,Next Day Air,Yes,Yes,Credit Card,2024-01-27
655,380,380,380,T-shirt,29,2-Day Shipping,Yes,Yes,Debit Card,2024-11-06
656,381,381,381,Backpack,69,Store Pickup,Yes,Yes,Bank Transfer,2024-09-24
657,382,382,382,Jewelry,25,Store Pickup,Yes,Yes,Credit Card,2024-02-07
658,383,383,383,Jeans,76,Store Pickup,Yes,Yes,PayPal,2024-02-10
659,384,384,384,Sunglasses,77,Standard,Yes,Yes,PayPal,2024-11-02
661,385,385,385,Sweater,33,2-Day Shipping,Yes,Yes,Venmo,2024-10-24
662,386,386,386,Shorts,93,Next Day Air,Yes,Yes,Credit Card,2024-10-08
663,387,387,387,Jewelry,39,Express,Yes,Yes,PayPal,2024-03-15
664,388,388,388,Coat,93,Store Pickup,Yes,Yes,PayPal,2024-08-19
665,389,389,389,Handbag,82,Store Pickup,Yes,Yes,PayPal,2024-08-20
667,390,390,390,Boots,42,Standard,Yes,Yes,Bank Transfer,2024-04-21
668,391,391,391,Gloves,71,2-Day Shipping,Yes,Yes,PayPal,2024-02-10
669,392,392,392,Sweater,86,Standard,Yes,Yes,Cash,2024-03-10
670,393,393,393,T-shirt,82,Next Day Air,Yes,Yes,Credit Card,2024-03-27
671,394,394,394,Shoes,65,Standard,Yes,Yes,PayPal,2024-10-01
673,395,395,395,Scarf,29,Store Pickup,Yes,Yes,Debit Card,2024-03-28
674,396,396,396,Sneakers,65,Store Pickup,Yes,Yes,PayPal,2024-01-21
675,397,397,397,Dress,88,Standard,Yes,Yes,Bank Transfer,2024-09-09
676,398,398,398,Belt,46,Free Shipping,Yes,Yes,Cash,2024-09-26
677,399,399,399,Boots,67,Free Shipping,Yes,Yes,Debit Card,2024-02-07
679,400,400,400,Scarf,35,2-Day Shipping,Yes,Yes,Debit Card,2024-10-20
680,401,401,401,Boots,66,Free Shipping,Yes,Yes,PayPal,2024-02-22
681,402,402,402,T-shirt,91,Standard,Yes,Yes,Cash,2024-11-03
682,403,403,403,Backpack,78,Express,Yes,Yes,PayPal,2024-10-03
683,404,404,404,Sneakers,45,Next Day Air,Yes,Yes,Bank Transfer,2024-01-15
685,405,405,405,T-shirt,93,Store Pickup,Yes,Yes,Credit Card,2024-04-11
686,406,406,406,Jeans,74,Standard,Yes,Yes,Cash,2024-08-02
687,407,407,407,Gloves,55,Express,Yes,Yes,Cash,2024-03-13
688,408,408,408,Hoodie,76,Next Day Air,Yes,Yes,Credit Card,2024-05-24
689,409,409,409,Sneakers,66,Express,Yes,Yes,Cash,2024-05-12
691,410,410,410,Shorts,51,2-Day Shipping,Yes,Yes,Bank Transfer,2024-01-19
692,411,411,411,Sweater,26,2-Day Shipping,Yes,Yes,Credit Card,2024-04-18
693,412,412,412,Jeans,29,Express,Yes,Yes,PayPal,2024-07-08
694,413,413,413,Jacket,74,Store Pickup,Yes,Yes,Bank Transfer,2024-08-19
695,414,414,414,Jewelry,99,Free Shipping,Yes,Yes,Cash,2024-08-16
697,415,415,415,Backpack,88,Store Pickup,Yes,Yes,Debit Card,2024-12-17
698,416,416,416,Coat,31,Express,Yes,Yes,Bank Transfer,2024-02-05
699,417,417,417,Belt,55,Free Shipping,Yes,Yes,Bank Transfer,2024-03-17
700,418,418,418,Sandals,81,Free Shipping,Yes,Yes,Debit Card,2024-11-18
701,419,419,419,Sweater,73,Standard,Yes,Yes,Venmo,2024-04-07
703,420,420,420,Shorts,91,Free Shipping,Yes,Yes,Credit Card,2024-02-23
704,421,421,421,Socks,54,Free Shipping,Yes,Yes,Debit Card,2024-05-02
705,422,422,422,Shirt,40,Standard,Yes,Yes,Cash,2024-12-07
706,423,423,423,Pants,59,Store Pickup,Yes,Yes,Debit Card,2024-09-21
707,424,424,424,Scarf,26,Store Pickup,Yes,Yes,Credit Card,2024-05-27
709,425,425,425,Sweater,23,Standard,Yes,Yes,PayPal,2024-12-12
710,426,426,426,Jeans,87,Store Pickup,Yes,Yes,Credit Card,2024-02-23
711,427,427,427,Pants,71,Express,Yes,Yes,Credit Card,2024-12-08
712,428,428,428,Backpack,91,Store Pickup,Yes,Yes,Credit Card,2024-02-25
713,429,429,429,Coat,64,Free Shipping,Yes,Yes,Debit Card,2024-12-21
715,430,430,430,Sandals,94,2-Day Shipping,Yes,Yes,Cash,2024-12-18
716,431,431,431,Shirt,40,Store Pickup,Yes,Yes,Debit Card,2024-08-03
717,432,432,432,Hat,76,Store Pickup,Yes,Yes,Cash,2024-12-18
718,433,433,433,Shirt,86,Free Shipping,Yes,Yes,Venmo,2024-10-15
719,434,434,434,Skirt,92,Store Pickup,Yes,Yes,Credit Card,2024-09-11
721,435,435,435,Shoes,52,Store Pickup,Yes,Yes,PayPal,2024-05-21
722,436,436,436,Coat,28,Next Day Air,Yes,Yes,Bank Transfer,2024-02-02
723,437,437,437,Pants,46,Free Shipping,Yes,Yes,Bank Transfer,2024-06-15
724,438,438,438,Jewelry,50,Next Day Air,Yes,Yes,PayPal,2024-08-26
725,439,439,439,Belt,23,Express,Yes,Yes,Credit Card,2024-12-12
727,440,440,440,Jacket,50,Free Shipping,Yes,Yes,Cash,2024-08-28
728,441,441,441,Shirt,89,Store Pickup,Yes,Yes,Debit Card,2024-12-24
729,442,442,442,Hoodie,81,Standard,Yes,Yes,Credit Card,2024-01-17
730,443,443,443,Sunglasses,69,Store Pickup,Yes,Yes,Credit Card,2024-11-18
731,444,444,444,Sunglasses,67,Free Shipping,Yes,Yes,PayPal,2024-07-26
733,445,445,445,Dress,20,Store Pickup,Yes,Yes,Debit Card,2024-08-08
734,446,446,446,Boots,29,Standard,Yes,Yes,Venmo,2024-10-13
735,447,447,447,Shirt,74,Store Pickup,Yes,Yes,Venmo,2024-07-08
736,448,448,448,Shorts,82,Standard,Yes,Yes,Bank Transfer,2024-05-01
737,449,449,449,Gloves,23,Next Day Air,Yes,Yes,Bank Transfer,2024-08-13
739,450,450,450,Jewelry,45,2-Day Shipping,Yes,Yes,Bank Transfer,2024-07-06
740,451,451,451,Boots,21,Store Pickup,Yes,Yes,Credit Card,2024-07-24
741,452,452,452,Jewelry,31,Express,Yes,Yes,Credit Card,2024-08-01
742,453,453,453,Pants,45,Express,Yes,Yes,PayPal,2024-08-06
743,454,454,454,Jewelry,56,Next Day Air,Yes,Yes,Credit Card,2024-02-11
745,455,455,455,Jacket,97,Next Day Air,Yes,Yes,Cash,2024-08-24
746,456,456,456,Blouse,100,Store Pickup,Yes,Yes,Debit Card,2024-11-28
747,457,457,457,Blouse,96,2-Day Shipping,Yes,Yes,Credit Card,2024-10-09
748,458,458,458,Gloves,99,Next Day Air,Yes,Yes,Debit Card,2024-05-27
749,459,459,459,Shorts,91,2-Day Shipping,Yes,Yes,PayPal,2024-02-03
751,460,460,460,Hat,30,Standard,Yes,Yes,PayPal,2024-02-25
752,461,461,461,Shoes,65,Store Pickup,Yes,Yes,Bank Transfer,2024-06-04
753,462,462,462,Boots,93,Express,Yes,Yes,Venmo,2024-02-20
754,463,463,463,Jacket,81,Express,Yes,Yes,Venmo,2024-11-21
755,464,464,464,Jewelry,81,Standard,Yes,Yes,Venmo,2024-07-08
757,465,465,465,Sunglasses,52,Next Day Air,Yes,Yes,PayPal,2024-02-05
758,466,466,466,Skirt,88,Next Day Air,Yes,Yes,Cash,2024-07-07
759,467,467,467,Jeans,24,Free Shipping,Yes,Yes,PayPal,2024-02-26
760,468,468,468,Backpack,51,2-Day Shipping,Yes,Yes,Debit Card,2024-03-20
761,469,469,469,Backpack,38,Free Shipping,Yes,Yes,Cash,2024-09-15
763,470,470,470,Shorts,46,2-Day Shipping,Yes,Yes,Debit Card,2024-09-04
764,471,471,471,Dress,63,Express,Yes,Yes,Cash,2024-07-18
765,472,472,472,Scarf,72,2-Day Shipping,Yes,Yes,Bank Transfer,2024-01-10
766,473,473,473,Jeans,39,Free Shipping,Yes,Yes,Bank Transfer,2024-12-09
767,474,474,474,Coat,42,Store Pickup,Yes,Yes,PayPal,2024-04-12
769,475,475,475,Sweater,76,2-Day Shipping,Yes,Yes,Cash,2024-06-19
770,476,476,476,Sneakers,66,Free Shipping,Yes,Yes,Debit Card,2024-07-28
771,477,477,477,Scarf,90,Free Shipping,Yes,Yes,Debit Card,2024-04-20
772,478,478,478,Sweater,56,Free Shipping,Yes,Yes,Debit Card,2024-07-16
773,479,479,479,Jewelry,43,Free Shipping,Yes,Yes,Venmo,2024-02-06
775,480,480,480,Handbag,84,Store Pickup,Yes,Yes,Venmo,2024-02-24
776,481,481,481,Hoodie,88,Standard,Yes,Yes,Debit Card,2024-06-04
777,482,482,482,Hat,88,2-Day Shipping,Yes,Yes,PayPal,2024-09-19
778,483,483,483,Belt,42,2-Day Shipping,Yes,Yes,Venmo,2024-01-23
779,484,484,484,Hoodie,73,Store Pickup,Yes,Yes,Debit Card,2024-11-19
781,485,485,485,Hat,73,Free Shipping,Yes,Yes,Bank Transfer,2024-08-24
782,486,486,486,Shoes,44,Next Day Air,Yes,Yes,Debit Card,2024-03-14
783,487,487,487,Sandals,63,Store Pickup,Yes,Yes,Venmo,2024-11-15
784,488,488,488,Jacket,68,Store Pickup,Yes,Yes,Credit Card,2024-01-18
785,489,489,489,Sweater,29,Standard,Yes,Yes,Venmo,2024-04-19
787,490,490,490,Socks,85,Standard,Yes,Yes,PayPal,2024-08-13
788,491,491,491,Sneakers,42,2-Day Shipping,Yes,Yes,Cash,2024-12-22
789,492,492,492,Coat,69,2-Day Shipping,Yes,Yes,Credit Card,2024-08-27
790,493,493,493,Shirt,62,Standard,Yes,Yes,Debit Card,2024-09-11
791,494,494,494,Backpack,48,Store Pickup,Yes,Yes,Cash,2024-07-20
793,495,495,495,Boots,68,Express,Yes,Yes,Debit Card,2024-01-21
794,496,496,496,Handbag,36,Free Shipping,Yes,Yes,Debit Card,2024-11-16
795,497,497,497,Dress,63,Express,Yes,Yes,Venmo,2024-09-09
796,498,498,498,Sneakers,39,Free Shipping,Yes,Yes,Cash,2024-01-04
797,499,499,499,Boots,78,Free Shipping,Yes,Yes,Bank Transfer,2024-03-18
799,500,500,500,Shoes,99,Express,Yes,Yes,PayPal,2024-12-08
800,501,501,501,T-shirt,31,Next Day Air,Yes,Yes,Venmo,2024-09-09
801,502,502,502,Boots,45,Next Day Air,Yes,Yes,Venmo,2024-03-22
802,503,503,503,Pants,30,Express,Yes,Yes,PayPal,2024-09-17
803,504,504,504,Shoes,24,Next Day Air,Yes,Yes,Bank Transfer,2024-08-20
805,505,505,505,Shoes,22,Free Shipping,Yes,Yes,PayPal,2024-12-13
806,506,506,506,T-shirt,63,Express,Yes,Yes,Cash,2024-05-20
807,507,507,507,Scarf,40,2-Day Shipping,Yes,Yes,Debit Card,2024-10-15
808,508,508,508,Shorts,20,Store Pickup,Yes,Yes,Debit Card,2024-03-14
809,509,509,509,Jewelry,20,Store Pickup,Yes,Yes,PayPal,2024-12-05
811,510,510,510,T-shirt,80,Free Shipping,Yes,Yes,Debit Card,2024-08-25
812,511,511,511,Shirt,87,2-Day Shipping,Yes,Yes,Venmo,2024-09-12
813,512,512,512,Shirt,46,Free Shipping,Yes,Yes,PayPal,2024-11-05
814,513,513,513,Gloves,49,Next Day Air,Yes,Yes,Bank Transfer,2024-12-14
815,514,514,514,Scarf,65,Store Pickup,Yes,Yes,Venmo,2024-11-06
817,515,515,515,Skirt,62,Standard,Yes,Yes,PayPal,2024-02-23
818,516,516,516,Hat,67,Next Day Air,Yes,Yes,Cash,2024-04-21
819,517,517,517,Hoodie,41,2-Day Shipping,Yes,Yes,Debit Card,2024-09-15
820,518,518,518,Boots,49,Free Shipping,Yes,Yes,Cash,2024-11-20
821,519,519,519,Blouse,100,Next Day Air,Yes,Yes,Venmo,2024-09-16
823,520,520,520,Belt,54,2-Day Shipping,Yes,Yes,Bank Transfer,2024-07-21
824,521,521,521,Sunglasses,84,Free Shipping,Yes,Yes,Debit Card,2024-05-08
825,522,522,522,Shorts,41,Standard,Yes,Yes,Bank Transfer,2024-12-01
826,523,523,523,Gloves,88,Store Pickup,Yes,Yes,Cash,2024-05-05
827,524,524,524,Sandals,40,Express,Yes,Yes,PayPal,2024-05-11
829,525,525,525,Shirt,39,Free Shipping,Yes,Yes,PayPal,2024-07-09
830,526,526,526,Coat,37,Next Day Air,Yes,Yes,Debit Card,2024-04-19
831,527,527,527,Pants,52,Standard,Yes,Yes,Cash,2024-02-08
832,528,528,528,T-shirt,23,Next Day Air,Yes,Yes,Bank Transfer,2024-01-11
833,529,529,529,Sneakers,88,Express,Yes,Yes,Cash,2024-12-02
835,530,530,530,Shorts,84,Standard,Yes,Yes,Credit Card,2024-11-21
836,531,531,531,Coat,37,Store Pickup,Yes,Yes,Credit Card,2024-12-07
837,532,532,532,Sandals,51,Next Day Air,Yes,Yes,Cash,2024-10-27
838,533,533,533,Pants,76,Express,Yes,Yes,Bank Transfer,2024-01-26
839,534,534,534,Sandals,60,Next Day Air,Yes,Yes,Debit Card,2024-04-12
841,535,535,535,Gloves,72,Next Day Air,Yes,Yes,PayPal,2024-11-08
842,536,536,536,T-shirt,45,Free Shipping,Yes,Yes,Bank Transfer,2024-05-06
843,537,537,537,Jacket,84,Store Pickup,Yes,Yes,Debit Card,2024-10-20
844,538,538,538,Blouse,49,Store Pickup,Yes,Yes,Debit Card,2024-07-01
845,539,539,539,Socks,22,Free Shipping,Yes,Yes,Cash,2024-03-26
847,540,540,540,Coat,48,Store Pickup,Yes,Yes,Debit Card,2024-02-07
848,541,541,541,Dress,37,Next Day Air,Yes,Yes,Cash,2024-05-19
849,542,542,542,Jacket,27,Next Day Air,Yes,Yes,Cash,2024-09-11
850,543,543,543,Boots,79,Next Day Air,Yes,Yes,Cash,2024-05-25
851,544,544,544,Skirt,98,Express,Yes,Yes,Credit Card,2024-04-11
853,545,545,545,Sandals,64,Standard,Yes,Yes,Bank Transfer,2024-08-02
854,546,546,546,Coat,32,2-Day Shipping,Yes,Yes,Debit Card,2024-07-24
855,547,547,547,Hoodie,74,Free Shipping,Yes,Yes,Venmo,2024-02-25
856,548,548,548,Jacket,50,Free Shipping,Yes,Yes,Venmo,2024-12-07
857,549,549,549,Backpack,64,Store Pickup,Yes,Yes,Debit Card,2024-02-28
859,550,550,550,Backpack,29,Express,Yes,Yes,Venmo,2024-09-06
860,551,551,551,Belt,62,Store Pickup,Yes,Yes,PayPal,2024-07-09
861,552,552,552,Coat,78,2-Day Shipping,Yes,Yes,Cash,2024-10-02
862,553,553,553,T-shirt,94,Express,Yes,Yes,Bank Transfer,2024-11-22
863,554,554,554,Sunglasses,59,Express,Yes,Yes,Credit Card,2024-02-17
865,555,555,555,Sneakers,47,Express,Yes,Yes,Bank Transfer,2024-08-28
866,556,556,556,Gloves,57,Express,Yes,Yes,Venmo,2024-10-24
867,557,557,557,Coat,90,Store Pickup,Yes,Yes,Cash,2024-02-20
868,558,558,558,Shirt,60,Free Shipping,Yes,Yes,Debit Card,2024-03-10
869,559,559,559,Sneakers,77,Express,Yes,Yes,Debit Card,2024-10-12
871,560,560,560,Scarf,41,Store Pickup,Yes,Yes,Bank Transfer,2024-10-11
872,561,561,561,Jewelry,48,Free Shipping,Yes,Yes,Debit Card,2024-09-12
873,562,562,562,Jacket,65,Next Day Air,Yes,Yes,PayPal,2024-09-01
874,563,563,563,Jeans,62,Standard,Yes,Yes,Debit Card,2024-08-21
875,564,564,564,Shoes,99,Standard,Yes,Yes,Debit Card,2024-09-23
877,565,565,565,Hoodie,58,Next Day Air,Yes,Yes,Bank Transfer,2024-02-23
878,566,566,566,Backpack,43,Store Pickup,Yes,Yes,Venmo,2024-09-08
879,567,567,567,Sneakers,93,Store Pickup,Yes,Yes,Debit Card,2024-05-22
880,568,568,568,Blouse,50,Next Day Air,Yes,Yes,Venmo,2024-01-05
881,569,569,569,Pants,88,Free Shipping,Yes,Yes,PayPal,2024-06-19
883,570,570,570,Skirt,33,Express,Yes,Yes,Credit Card,2024-10-22
884,571,571,571,T-shirt,99,Standard,Yes,Yes,Cash,2024-10-19
885,572,572,572,Jacket,76,Free Shipping,Yes,Yes,Venmo,2024-03-26
886,573,573,573,Scarf,97,Next Day Air,Yes,Yes,Bank Transfer,2024-07-20
887,574,574,574,Pants,68,2-Day Shipping,Yes,Yes,Credit Card,2024-07-17
889,575,575,575,Sneakers,79,Free Shipping,Yes,Yes,Bank Transfer,2024-10-23
890,576,576,576,Jeans,86,Express,Yes,Yes,PayPal,2024-09-13
891,577,577,577,Hat,68,2-Day Shipping,Yes,Yes,Credit Card,2024-01-02
892,578,578,578,Skirt,52,Store Pickup,Yes,Yes,Venmo,2024-10-16
893,579,579,579,Sandals,90,Next Day Air,Yes,Yes,Credit Card,2024-09-10
895,580,580,580,Sandals,41,Free Shipping,Yes,Yes,Credit Card,2024-02-05
896,581,581,581,Sweater,80,Free Shipping,Yes,Yes,PayPal,2024-05-13
897,582,582,582,Sweater,100,Store Pickup,Yes,Yes,Bank Transfer,2024-12-06
898,583,583,583,Jacket,77,Store Pickup,Yes,Yes,Bank Transfer,2024-03-05
899,584,584,584,Shorts,78,Store Pickup,Yes,Yes,PayPal,2024-03-17
901,585,585,585,Socks,94,Free Shipping,Yes,Yes,Debit Card,2024-04-15
902,586,586,586,Socks,23,Next Day Air,Yes,Yes,Cash,2024-10-16
903,587,587,587,Hoodie,20,2-Day Shipping,Yes,Yes,Venmo,2024-01-13
904,588,588,588,Socks,86,Express,Yes,Yes,Debit Card,2024-10-25
905,589,589,589,Boots,60,Standard,Yes,Yes,Debit Card,2024-11-13
907,590,590,590,Shirt,70,2-Day Shipping,Yes,Yes,PayPal,2024-11-12
908,591,591,591,Belt,39,Standard,Yes,Yes,Venmo,2024-11-22
909,592,592,592,Backpack,37,Store Pickup,Yes,Yes,Debit Card,2024-11-05
910,593,593,593,Boots,29,Free Shipping,Yes,Yes,Venmo,2024-11-04
911,594,594,594,Coat,35,Store Pickup,Yes,Yes,PayPal,2024-01-28
913,595,595,595,Hoodie,83,Next Day Air,Yes,Yes,Debit Card,2024-01-16
914,596,596,596,Shoes,77,Next Day Air,Yes,Yes,PayPal,2024-08-06
915,597,597,597,Shoes,37,Store Pickup,Yes,Yes,Venmo,2024-07-24
916,598,598,598,Jewelry,69,Standard,Yes,Yes,Bank Transfer,2024-07-20
917,599,599,599,Dress,66,2-Day Shipping,Yes,Yes,Cash,2024-12-06
919,600,600,600,Boots,26,Standard,Yes,Yes,Debit Card,2024-04-14
920,601,601,601,Hat,63,2-Day Shipping,Yes,Yes,Venmo,2024-03-07
921,602,602,602,Backpack,38,Store Pickup,Yes,Yes,Cash,2024-06-01
922,603,603,603,Shoes,58,Next Day Air,Yes,Yes,Cash,2024-06-12
923,604,604,604,Handbag,46,2-Day Shipping,Yes,Yes,PayPal,2024-02-17
925,605,605,605,Sunglasses,92,Store Pickup,Yes,Yes,Credit Card,2024-09-06
926,606,606,606,Hat,32,Standard,Yes,Yes,Bank Transfer,2024-12-01
927,607,607,607,Scarf,90,Standard,Yes,Yes,PayPal,2024-04-26
928,608,608,608,Hoodie,23,Next Day Air,Yes,Yes,Cash,2024-11-05
929,609,609,609,Backpack,25,Next Day Air,Yes,Yes,Venmo,2024-09-06
931,610,610,610,Sweater,54,Next Day Air,Yes,Yes,Credit Card,2024-09-09
932,611,611,611,Shorts,72,Free Shipping,Yes,Yes,Bank Transfer,2024-08-26
933,612,612,612,Scarf,33,Store Pickup,Yes,Yes,Cash,2024-01-22
934,613,613,613,Hat,43,Express,Yes,Yes,Credit Card,2024-10-05
935,614,614,614,Coat,51,Standard,Yes,Yes,Cash,2024-11-15
937,615,615,615,Jewelry,85,Standard,Yes,Yes,Credit Card,2024-12-19
938,616,616,616,Sandals,100,Next Day Air,Yes,Yes,Venmo,2024-08-05
939,617,617,617,Gloves,72,Free Shipping,Yes,Yes,Credit Card,2024-05-21
940,618,618,618,Backpack,57,Standard,Yes,Yes,Bank Transfer,2024-09-11
941,619,619,619,Jacket,94,Express,Yes,Yes,Debit Card,2024-04-19
943,620,620,620,Backpack,34,Store Pickup,Yes,Yes,Debit Card,2024-08-20
944,621,621,621,Backpack,89,2-Day Shipping,Yes,Yes,Venmo,2024-10-03
945,622,622,622,Sunglasses,27,Store Pickup,Yes,Yes,Credit Card,2024-09-27
946,623,623,623,Socks,63,Next Day Air,Yes,Yes,Bank Transfer,2024-05-10
947,624,624,624,Shoes,70,Standard,Yes,Yes,PayPal,2024-09-25
949,625,625,625,Pants,87,Express,Yes,Yes,PayPal,2024-11-26
950,626,626,626,Jewelry,79,Next Day Air,Yes,Yes,Venmo,2024-11-18
951,627,627,627,Sunglasses,79,Standard,Yes,Yes,Venmo,2024-03-14
952,628,628,628,Sandals,44,Express,Yes,Yes,PayPal,2024-02-09
953,629,629,629,Sweater,85,2-Day Shipping,Yes,Yes,Credit Card,2024-11-15
955,630,630,630,Shoes,90,Standard,Yes,Yes,Debit Card,2024-04-17
956,631,631,631,Jewelry,94,2-Day Shipping,Yes,Yes,Debit Card,2024-10-06
957,632,632,632,Boots,68,Store Pickup,Yes,Yes,Cash,2024-06-18
958,633,633,633,Backpack,51,Next Day Air,Yes,Yes,Venmo,2024-02-14
959,634,634,634,Sandals,33,Express,Yes,Yes,Debit Card,2024-05-25
961,635,635,635,Sneakers,60,Standard,Yes,Yes,PayPal,2024-06-02
962,636,636,636,Hoodie,59,2-Day Shipping,Yes,Yes,Cash,2024-09-10
963,637,637,637,Handbag,30,Store Pickup,Yes,Yes,Bank Transfer,2024-07-25
964,638,638,638,Sweater,20,2-Day Shipping,Yes,Yes,Cash,2024-02-13
965,639,639,639,Sandals,20,Express,Yes,Yes,PayPal,2024-08-06
967,640,640,640,Dress,24,2-Day Shipping,Yes,Yes,Credit Card,2024-05-25
968,641,641,641,Skirt,88,Store Pickup,Yes,Yes,Debit Card,2024-07-03
969,642,642,642,Blouse,78,2-Day Shipping,Yes,Yes,Credit Card,2024-01-23
970,643,643,643,Skirt,25,2-Day Shipping,Yes,Yes,Debit Card,2024-05-25
971,644,644,644,Sweater,57,Next Day Air,Yes,Yes,Bank Transfer,2024-02-11
973,645,645,645,Backpack,93,Next Day Air,Yes,Yes,Cash,2024-07-05
974,646,646,646,Hoodie,42,Express,Yes,Yes,Venmo,2024-07-01
975,647,647,647,Boots,54,Standard,Yes,Yes,Venmo,2024-05-15
976,648,648,648,Blouse,70,Express,Yes,Yes,Credit Card,2024-06-19
977,649,649,649,Hoodie,31,Store Pickup,Yes,Yes,Credit Card,2024-01-22
979,650,650,650,Pants,93,Store Pickup,Yes,Yes,PayPal,2024-05-27
980,651,651,651,Gloves,40,Next Day Air,Yes,Yes,Bank Transfer,2024-04-25
981,652,652,652,Hat,32,Next Day Air,Yes,Yes,Venmo,2024-07-24
982,653,653,653,Sunglasses,27,Free Shipping,Yes,Yes,Venmo,2024-01-13
983,654,654,654,Scarf,68,2-Day Shipping,Yes,Yes,Cash,2024-02-04
985,655,655,655,Handbag,59,2-Day Shipping,Yes,Yes,Venmo,2024-08-28
986,656,656,656,Handbag,36,Free Shipping,Yes,Yes,Venmo,2024-11-14
987,657,657,657,Jeans,23,Standard,Yes,Yes,PayPal,2024-07-19
988,658,658,658,Jacket,80,Free Shipping,Yes,Yes,PayPal,2024-01-28
989,659,659,659,Backpack,37,Store Pickup,Yes,Yes,Venmo,2024-10-17
991,660,660,660,Shorts,52,2-Day Shipping,Yes,Yes,Cash,2024-03-16
992,661,661,661,Coat,79,2-Day Shipping,Yes,Yes,Credit Card,2024-11-07
993,662,662,662,Shirt,68,Store Pickup,Yes,Yes,Credit Card,2024-10-13
994,663,663,663,Gloves,98,Express,Yes,Yes,Venmo,2024-10-23
995,664,664,664,Dress,83,Express,Yes,Yes,Credit Card,2024-11-03
997,665,665,665,Pants,83,Express,Yes,Yes,PayPal,2024-02-21
998,666,666,666,Pants,55,2-Day Shipping,Yes,Yes,Credit Card,2024-03-01
999,667,667,667,Hoodie,26,Free Shipping,Yes,Yes,Debit Card,2024-12-21
1000,668,668,668,Sunglasses,76,Standard,Yes,Yes,Bank Transfer,2024-12-12
1001,669,669,669,T-shirt,85,Express,Yes,Yes,Bank Transfer,2024-11-21
1003,670,670,670,Jacket,89,Free Shipping,Yes,Yes,Venmo,2024-05-21
1004,671,671,671,Sweater,41,Next Day Air,Yes,Yes,Cash,2024-05-07
1005,672,672,672,Jacket,30,Express,Yes,Yes,Cash,2024-12-10
1006,673,673,673,Socks,53,2-Day Shipping,Yes,Yes,Cash,2024-12-03
1007,674,674,674,Shirt,66,Free Shipping,Yes,Yes,Venmo,2024-05-27
1009,675,675,675,Jewelry,33,Store Pickup,Yes,Yes,Bank Transfer,2024-02-17
1010,676,676,676,Sunglasses,86,2-Day Shipping,Yes,Yes,Cash,2024-05-09
1011,677,677,677,Pants,60,2-Day Shipping,Yes,Yes,Venmo,2024-12-14
1012,678,678,678,Socks,62,Express,Yes,Yes,PayPal,2024-07-16
1013,679,679,679,Blouse,74,Store Pickup,Yes,Yes,Debit Card,2024-11-02
1015,680,680,680,Sandals,95,Express,Yes,Yes,Venmo,2024-11-07
1016,681,681,681,Sneakers,25,Express,Yes,Yes,PayPal,2024-05-08
1017,682,682,682,Shirt,59,2-Day Shipping,Yes,Yes,Credit Card,2024-02-22
1018,683,683,683,Jacket,29,Standard,Yes,Yes,Credit Card,2024-06-10
1019,684,684,684,Sandals,36,Free Shipping,Yes,Yes,Bank Transfer,2024-01-04
1021,685,685,685,Hat,82,Express,Yes,Yes,Debit Card,2024-08-13
1022,686,686,686,Blouse,71,Standard,Yes,Yes,Cash,2024-12-16
1023,687,687,687,Sweater,35,2-Day Shipping,Yes,Yes,Venmo,2024-09-22
1024,688,688,688,Gloves,38,Free Shipping,Yes,Yes,Bank Transfer,2024-12-08
1025,689,689,689,Scarf,59,Store Pickup,Yes,Yes,Venmo,2024-06-23
1027,690,690,690,Hoodie,91,Express,Yes,Yes,Credit Card,2024-07-28
1028,691,691,691,Shorts,68,Standard,Yes,Yes,Bank Transfer,2024-05-23
1029,692,692,692,Backpack,21,Standard,Yes,Yes,PayPal,2024-08-02
1030,693,693,693,Sunglasses,95,2-Day Shipping,Yes,Yes,Debit Card,2024-04-21
1031,694,694,694,Shorts,52,Free Shipping,Yes,Yes,Cash,2024-03-12
1033,695,695,695,Dress,21,2-Day Shipping,Yes,Yes,Venmo,2024-09-23
1034,696,696,696,Shorts,67,Next Day Air,Yes,Yes,Debit Card,2024-06-10
1035,697,697,697,Belt,42,Standard,Yes,Yes,Cash,2024-11-24
1036,698,698,698,Scarf,63,Free Shipping,Yes,Yes,Debit Card,2024-08-18
1037,699,699,699,Boots,41,Standard,Yes,Yes,Debit Card,2024-01-09
1039,700,700,700,Handbag,46,2-Day Shipping,Yes,Yes,PayPal,2024-10-21
1040,701,701,701,Pants,79,Standard,Yes,Yes,PayPal,2024-02-22
1041,702,702,702,Boots,90,Next Day Air,Yes,Yes,Debit Card,2024-09-16
1042,703,703,703,Shirt,71,Store Pickup,Yes,Yes,Cash,2024-01-04
1043,704,704,704,Dress,87,Standard,Yes,Yes,Venmo,2024-07-25
1045,705,705,705,Hoodie,66,Express,Yes,Yes,PayPal,2024-05-27
1046,706,706,706,Pants,90,Free Shipping,Yes,Yes,Cash,2024-08-01
1047,707,707,707,Jeans,47,Express,Yes,Yes,Debit Card,2024-06-08
1048,708,708,708,Shirt,38,Next Day Air,Yes,Yes,Venmo,2024-03-28
1049,709,709,709,Backpack,50,Store Pickup,Yes,Yes,Cash,2024-06-28
1051,710,710,710,Jacket,79,Standard,Yes,Yes,Debit Card,2024-07-15
1052,711,711,711,Scarf,91,Standard,Yes,Yes,PayPal,2024-05-11
1053,712,712,712,Boots,60,2-Day Shipping,Yes,Yes,Bank Transfer,2024-03-20
1054,713,713,713,Blouse,81,Next Day Air,Yes,Yes,Bank Transfer,2024-06-19
1055,714,714,714,Hoodie,90,Express,Yes,Yes,Bank Transfer,2024-08-19
1057,715,715,715,Jacket,70,Store Pickup,Yes,Yes,Debit Card,2024-09-27
1058,716,716,716,Jeans,63,Express,Yes,Yes,Debit Card,2024-05-04
1059,717,717,717,Jewelry,29,Express,Yes,Yes,Venmo,2024-04-01
1060,718,718,718,Socks,90,Express,Yes,Yes,Venmo,2024-04-24
1061,719,719,719,Shirt,22,Standard,Yes,Yes,Bank Transfer,2024-07-21
1063,720,720,720,Shorts,22,Next Day Air,Yes,Yes,Venmo,2024-06-07
1064,721,721,721,Jewelry,62,Free Shipping,Yes,Yes,Debit Card,2024-10-10
1065,722,722,722,Blouse,57,Next Day Air,Yes,Yes,Debit Card,2024-07-03
1066,723,723,723,Sweater,32,Store Pickup,Yes,Yes,Cash,2024-08-10
1067,724,724,724,Jewelry,53,Express,Yes,Yes,PayPal,2024-10-19
1069,725,725,725,T-shirt,79,Store Pickup,Yes,Yes,Venmo,2024-11-24
1070,726,726,726,Hat,61,Standard,Yes,Yes,Debit Card,2024-12-28
1071,727,727,727,Shorts,78,Next Day Air,Yes,Yes,Bank Transfer,2024-07-19
1072,728,728,728,Sweater,97,Next Day Air,Yes,Yes,Venmo,2024-02-02
1073,729,729,729,Jeans,78,Next Day Air,Yes,Yes,PayPal,2024-02-27
1075,730,730,730,Sunglasses,56,Express,Yes,Yes,PayPal,2024-08-09
1076,731,731,731,Boots,25,Standard,Yes,Yes,Venmo,2024-06-09
1077,732,732,732,Coat,28,Free Shipping,Yes,Yes,PayPal,2024-03-09
1078,733,733,733,Shirt,57,Express,Yes,Yes,Cash,2024-04-16
1079,734,734,734,Dress,36,2-Day Shipping,Yes,Yes,Debit Card,2024-11-26
1081,735,735,735,Shirt,69,Express,Yes,Yes,Bank Transfer,2024-01-21
1082,736,736,736,Sunglasses,48,2-Day Shipping,Yes,Yes,Cash,2024-10-21
1083,737,737,737,Dress,58,2-Day Shipping,Yes,Yes,Credit Card,2024-03-03
1084,738,738,738,Sunglasses,24,Store Pickup,Yes,Yes,PayPal,2024-03-11
1085,739,739,739,Sunglasses,31,2-Day Shipping,Yes,Yes,Venmo,2024-01-26
1087,740,740,740,Shorts,29,Free Shipping,Yes,Yes,Venmo,2024-06-02
1088,741,741,741,Jeans,69,Next Day Air,Yes,Yes,Credit Card,2024-07-13
1089,742,742,742,T-shirt,79,Free Shipping,Yes,Yes,Bank Transfer,2024-07-22
1090,743,743,743,Pants,39,Express,Yes,Yes,Debit Card,2024-06-03
1091,744,744,744,Sunglasses,84,Free Shipping,Yes,Yes,Cash,2024-09-15
1093,745,745,745,Boots,66,Next Day Air,Yes,Yes,Debit Card,2024-03-13
1094,746,746,746,T-shirt,92,Standard,Yes,Yes,Venmo,2024-11-22
1095,747,747,747,Sandals,45,Free Shipping,Yes,Yes,Credit Card,2024-02-01
1096,748,748,748,Shorts,74,Next Day Air,Yes,Yes,Bank Transfer,2024-05-08
1097,749,749,749,Hat,39,Free Shipping,Yes,Yes,Bank Transfer,2024-11-15
1099,750,750,750,Scarf,71,Standard,Yes,Yes,Debit Card,2024-01-14
1100,751,751,751,T-shirt,95,Free Shipping,Yes,Yes,Venmo,2024-10-26
1101,752,752,752,Gloves,72,Free Shipping,Yes,Yes,Credit Card,2024-09-05
1102,753,753,753,Scarf,85,2-Day Shipping,Yes,Yes,PayPal,2024-10-20
1103,754,754,754,Boots,54,Store Pickup,Yes,Yes,Venmo,2024-09-12
1105,755,755,755,Gloves,41,Store Pickup,Yes,Yes,Debit Card,2024-03-05
1106,756,756,756,Coat,24,Free Shipping,Yes,Yes,PayPal,2024-04-26
1107,757,757,757,Belt,99,Standard,Yes,Yes,Cash,2024-06-07
1108,758,758,758,Hoodie,32,Store Pickup,Yes,Yes,Debit Card,2024-10-28
1109,759,759,759,Shoes,71,2-Day Shipping,Yes,Yes,Bank Transfer,2024-06-11
1111,760,760,760,Dress,49,Next Day Air,Yes,Yes,Credit Card,2024-02-01
1112,761,761,761,Gloves,50,Free Shipping,Yes,Yes,Cash,2024-10-19
1113,762,762,762,Jewelry,91,Express,Yes,Yes,Bank Transfer,2024-09-22
1114,763,763,763,Belt,46,Standard,Yes,Yes,Debit Card,2024-09-15
1115,764,764,764,Sweater,50,2-Day Shipping,Yes,Yes,Credit Card,2024-04-22
1117,765,765,765,Skirt,39,Free Shipping,Yes,Yes,Debit Card,2024-11-16
1118,766,766,766,Sneakers,99,Store Pickup,Yes,Yes,Cash,2024-07-16
1119,767,767,767,Gloves,48,Next Day Air,Yes,Yes,PayPal,2024-02-24
1120,768,768,768,Coat,77,Next Day Air,Yes,Yes,Cash,2024-10-17
1121,769,769,769,Backpack,95,Express,Yes,Yes,Venmo,2024-04-07
1123,770,770,770,Socks,100,Store Pickup,Yes,Yes,PayPal,2024-03-08
1124,771,771,771,Sneakers,54,Express,Yes,Yes,Credit Card,2024-04-21
1125,772,772,772,Sweater,68,Next Day Air,Yes,Yes,Bank Transfer,2024-11-15
1126,773,773,773,Jeans,22,Free Shipping,Yes,Yes,Debit Card,2024-09-18
1127,774,774,774,Hat,84,Express,Yes,Yes,Debit Card,2024-01-05
1129,775,775,775,Hat,46,Standard,Yes,Yes,Credit Card,2024-07-20
1130,776,776,776,Handbag,53,Store Pickup,Yes,Yes,PayPal,2024-12-18
1131,777,777,777,Shirt,60,Standard,Yes,Yes,Venmo,2024-04-07
1132,778,778,778,Socks,32,Express,Yes,Yes,Venmo,2024-03-16
1133,779,779,779,Socks,50,Store Pickup,Yes,Yes,Debit Card,2024-07-25
1135,780,780,780,Dress,94,Express,Yes,Yes,Cash,2024-04-10
1136,781,781,781,Shoes,26,Free Shipping,Yes,Yes,Cash,2024-04-09
1137,782,782,782,Scarf,44,Store Pickup,Yes,Yes,Credit Card,2024-02-06
1138,783,783,783,Hoodie,57,Standard,Yes,Yes,Cash,2024-07-03
1139,784,784,784,T-shirt,65,Next Day Air,Yes,Yes,PayPal,2024-01-22
1141,785,785,785,Jeans,72,Store Pickup,Yes,Yes,Bank Transfer,2024-12-24
1142,786,786,786,Shorts,62,Next Day Air,Yes,Yes,PayPal,2024-04-21
1143,787,787,787,Hat,21,Express,Yes,Yes,Bank Transfer,2024-01-12
1144,788,788,788,Handbag,85,Free Shipping,Yes,Yes,Venmo,2024-04-17
1145,789,789,789,Pants,51,Store Pickup,Yes,Yes,Bank Transfer,2024-06-13
1147,790,790,790,Handbag,84,Standard,Yes,Yes,Credit Card,2024-10-12
1148,791,791,791,Sweater,37,Store Pickup,Yes,Yes,Bank Transfer,2024-07-10
1149,792,792,792,Scarf,44,2-Day Shipping,Yes,Yes,PayPal,2024-08-08
1150,793,793,793,Sneakers,45,Next Day Air,Yes,Yes,Venmo,2024-04-12
1151,794,794,794,Pants,35,Free Shipping,Yes,Yes,Credit Card,2024-07-13
1153,795,795,795,Backpack,50,Store Pickup,Yes,Yes,Debit Card,2024-12-08
1154,796,796,796,Sandals,26,Store Pickup,Yes,Yes,Venmo,2024-07-18
1155,797,797,797,Socks,78,2-Day Shipping,Yes,Yes,Credit Card,2024-09-28
1156,798,798,798,Coat,82,2-Day Shipping,Yes,Yes,Debit Card,2024-09-27
1157,799,799,799,Socks,39,2-Day Shipping,Yes,Yes,PayPal,2024-03-18
1159,800,800,800,Belt,55,Free Shipping,Yes,Yes,PayPal,2024-08-12
1160,801,801,801,Socks,20,Free Shipping,Yes,Yes,Cash,2024-08-22
1161,802,802,802,Belt,29,Express,Yes,Yes,Credit Card,2024-11-08
1162,803,803,803,Pants,41,Next Day Air,Yes,Yes,Bank Transfer,2024-12-07
1163,804,804,804,Shorts,38,Express,Yes,Yes,Venmo,2024-02-18
1165,805,805,805,Boots,47,Store Pickup,Yes,Yes,Venmo,2024-06-11
1166,806,806,806,Dress,30,Next Day Air,Yes,Yes,Debit Card,2024-08-08
1167,807,807,807,Jeans,56,Standard,Yes,Yes,PayPal,2024-08-17
1168,808,808,808,T-shirt,89,Express,Yes,Yes,Credit Card,2024-12-15
1169,809,809,809,Shoes,96,Next Day Air,Yes,Yes,Cash,2024-10-13
1171,810,810,810,Boots,81,Next Day Air,Yes,Yes,PayPal,2024-09-01
1172,811,811,811,Scarf,83,Store Pickup,Yes,Yes,Debit Card,2024-09-06
1173,812,812,812,Sneakers,35,Free Shipping,Yes,Yes,Venmo,2024-02-28
1174,813,813,813,Boots,56,Standard,Yes,Yes,Credit Card,2024-06-18
1175,814,814,814,Handbag,45,Store Pickup,Yes,Yes,Debit Card,2024-07-16
1177,815,815,815,Shirt,62,Express,Yes,Yes,PayPal,2024-02-13
1178,816,816,816,Hat,84,Next Day Air,Yes,Yes,Venmo,2024-05-11
1179,817,817,817,Sweater,24,Store Pickup,Yes,Yes,Debit Card,2024-06-07
1180,818,818,818,Handbag,21,Store Pickup,Yes,Yes,PayPal,2024-03-12
1181,819,819,819,Shirt,91,Store Pickup,Yes,Yes,Debit Card,2024-02-24
1183,820,820,820,Sunglasses,36,Next Day Air,Yes,Yes,Debit Card,2024-12-16
1184,821,821,821,Sneakers,39,2-Day Shipping,Yes,Yes,Debit Card,2024-03-27
1185,822,822,822,Hoodie,39,Standard,Yes,Yes,Credit Card,2024-05-13
1186,823,823,823,Shirt,59,Standard,Yes,Yes,Bank Transfer,2024-02-05
1187,824,824,824,Sunglasses,27,Free Shipping,Yes,Yes,Credit Card,2024-12-03
1189,825,825,825,Blouse,94,Store Pickup,Yes,Yes,Cash,2024-03-28
1190,826,826,826,Belt,94,Next Day Air,Yes,Yes,Cash,2024-10-08
1191,827,827,827,Dress,94,Standard,Yes,Yes,PayPal,2024-01-28
1192,828,828,828,Shoes,51,Free Shipping,Yes,Yes,Bank Transfer,2024-11-10
1193,829,829,829,Socks,62,2-Day Shipping,Yes,Yes,PayPal,2024-09-02
1195,830,830,830,Socks,57,2-Day Shipping,Yes,Yes,Credit Card,2024-03-22
1196,831,831,831,Shorts,76,Express,Yes,Yes,Credit Card,2024-10-24
1197,832,832,832,Gloves,63,Express,Yes,Yes,Cash,2024-07-27
1198,833,833,833,Jacket,80,Express,Yes,Yes,Cash,2024-10-08
1199,834,834,834,Handbag,68,Standard,Yes,Yes,Credit Card,2024-11-18
1201,835,835,835,Backpack,89,Free Shipping,Yes,Yes,Credit Card,2024-06-28
1202,836,836,836,Boots,26,Next Day Air,Yes,Yes,Debit Card,2024-06-11
1203,837,837,837,Gloves,90,Store Pickup,Yes,Yes,Cash,2024-12-18
1204,838,838,838,Hoodie,28,Express,Yes,Yes,Cash,2024-05-13
1205,839,839,839,Coat,29,Express,Yes,Yes,Credit Card,2024-05-06
1207,840,840,840,Shirt,31,Free Shipping,Yes,Yes,Debit Card,2024-04-11
1208,841,841,841,Shirt,24,2-Day Shipping,Yes,Yes,PayPal,2024-07-20
1209,842,842,842,Sweater,88,Store Pickup,Yes,Yes,PayPal,2024-07-10
1210,843,843,843,Shirt,87,Express,Yes,Yes,PayPal,2024-05-08
1211,844,844,844,Hoodie,80,Express,Yes,Yes,PayPal,2024-07-18
1213,845,845,845,Sandals,48,Express,Yes,Yes,Venmo,2024-02-23
1214,846,846,846,Belt,21,Standard,Yes,Yes,Venmo,2024-02-05
1215,847,847,847,Boots,72,Express,Yes,Yes,Debit Card,2024-04-27
1216,848,848,848,Hoodie,44,Standard,Yes,Yes,PayPal,2024-10-24
1217,849,849,849,Sandals,73,Store Pickup,Yes,Yes,Credit Card,2024-11-14
1219,850,850,850,Jeans,61,Express,Yes,Yes,PayPal,2024-05-20
1220,851,851,851,Shoes,20,Store Pickup,Yes,Yes,Venmo,2024-12-27
1221,852,852,852,Sandals,86,Express,Yes,Yes,Debit Card,2024-06-13
1222,853,853,853,Dress,60,Next Day Air,Yes,Yes,Debit Card,2024-03-28
1223,854,854,854,Hat,43,Free Shipping,Yes,Yes,Cash,2024-02-18
1225,855,855,855,Pants,44,Free Shipping,Yes,Yes,Venmo,2024-04-05
1226,856,856,856,Socks,76,2-Day Shipping,Yes,Yes,Credit Card,2024-03-28
1227,857,857,857,Shirt,33,Express,Yes,Yes,Debit Card,2024-08-03
1228,858,858,858,Shorts,60,Standard,Yes,Yes,Debit Card,2024-11-14
1229,859,859,859,Jacket,26,Free Shipping,Yes,Yes,PayPal,2024-11-11
1231,860,860,860,Hoodie,73,Next Day Air,Yes,Yes,Debit Card,2024-12-06
1232,861,861,861,Shoes,87,Standard,Yes,Yes,Cash,2024-03-14
1233,862,862,862,Skirt,100,2-Day Shipping,Yes,Yes,Credit Card,2024-05-14
1234,863,863,863,Coat,84,Standard,Yes,Yes,PayPal,2024-01-10
1235,864,864,864,Sneakers,41,Standard,Yes,Yes,PayPal,2024-07-01
1237,865,865,865,Jeans,59,Next Day Air,Yes,Yes,PayPal,2024-12-06
1238,866,866,866,Blouse,26,Store Pickup,Yes,Yes,Venmo,2024-01-06
1239,867,867,867,Sunglasses,69,Free Shipping,Yes,Yes,PayPal,2024-07-09
1240,868,868,868,Jacket,20,Free Shipping,Yes,Yes,Bank Transfer,2024-05-16
1241,869,869,869,Dress,83,Next Day Air,Yes,Yes,Credit Card,2024-07-16
1243,870,870,870,Hat,54,2-Day Shipping,Yes,Yes,PayPal,2024-03-25
1244,871,871,871,Hoodie,66,Standard,Yes,Yes,Bank Transfer,2024-10-06
1245,872,872,872,Handbag,42,Next Day Air,Yes,Yes,Debit Card,2024-05-02
1246,873,873,873,Jeans,33,Standard,Yes,Yes,Cash,2024-04-09
1247,874,874,874,Boots,77,Free Shipping,Yes,Yes,Venmo,2024-06-24
1249,875,875,875,Jacket,65,Free Shipping,Yes,Yes,Venmo,2024-09-02
1250,876,876,876,Sandals,39,Free Shipping,Yes,Yes,Bank Transfer,2024-08-02
1251,877,877,877,Belt,51,2-Day Shipping,Yes,Yes,Debit Card,2024-07-19
1252,878,878,878,Handbag,65,Next Day Air,Yes,Yes,Venmo,2024-02-13
1253,879,879,879,Sunglasses,89,Express,Yes,Yes,Debit Card,2024-07-12
1255,880,880,880,Skirt,76,Free Shipping,Yes,Yes,PayPal,2024-03-19
1256,881,881,881,Backpack,75,Express,Yes,Yes,Debit Card,2024-05-08
1257,882,882,882,Sandals,61,Next Day Air,Yes,Yes,Venmo,2024-07-21
1258,883,883,883,Boots,35,Next Day Air,Yes,Yes,Cash,2024-11-18
1259,884,884,884,Sneakers,37,Free Shipping,Yes,Yes,Bank Transfer,2024-11-21
1261,885,885,885,Skirt,91,Express,Yes,Yes,Bank Transfer,2024-02-25
1262,886,886,886,Dress,99,Free Shipping,Yes,Yes,Debit Card,2024-10-16
1263,887,887,887,Shorts,54,Express,Yes,Yes,Bank Transfer,2024-06-21
1264,888,888,888,Handbag,47,2-Day Shipping,Yes,Yes,PayPal,2024-12-25
1265,889,889,889,Scarf,77,Express,Yes,Yes,Cash,2024-04-17
1267,890,890,890,Belt,84,Free Shipping,Yes,Yes,Venmo,2024-10-07
1268,891,891,891,Gloves,51,2-Day Shipping,Yes,Yes,Credit Card,2024-05-04
1269,892,892,892,Skirt,26,Store Pickup,Yes,Yes,PayPal,2024-08-17
1270,893,893,893,Shorts,64,Free Shipping,Yes,Yes,Debit Card,2024-06-22
1271,894,894,894,Backpack,51,Express,Yes,Yes,Venmo,2024-04-09
1273,895,895,895,Hoodie,60,Free Shipping,Yes,Yes,Debit Card,2024-03-22
1274,896,896,896,Hat,69,Next Day Air,Yes,Yes,Debit Card,2024-03-28
1275,897,897,897,Jewelry,29,Express,Yes,Yes,Cash,2024-05-11
1276,898,898,898,Shirt,91,Express,Yes,Yes,Venmo,2024-05-20
1277,899,899,899,Belt,70,2-Day Shipping,Yes,Yes,Bank Transfer,2024-03-21
1279,900,900,900,Sweater,58,Standard,Yes,Yes,PayPal,2024-07-16
1280,901,901,901,Hat,98,Free Shipping,Yes,Yes,Bank Transfer,2024-11-09
1281,902,902,902,Scarf,68,2-Day Shipping,Yes,Yes,Cash,2024-06-13
1282,903,903,903,Hat,44,Next Day Air,Yes,Yes,Cash,2024-08-01
1283,904,904,904,Jacket,45,Express,Yes,Yes,PayPal,2024-02-04
1285,905,905,905,T-shirt,99,Free Shipping,Yes,Yes,PayPal,2024-04-22
1286,906,906,906,Dress,68,Standard,Yes,Yes,Venmo,2024-03-01
1287,907,907,907,Pants,56,Standard,Yes,Yes,Debit Card,2024-05-08
1288,908,908,908,Sweater,43,Express,Yes,Yes,Credit Card,2024-02-10
1289,909,909,909,Sunglasses,99,Free Shipping,Yes,Yes,PayPal,2024-12-20
1291,910,910,910,Belt,56,Express,Yes,Yes,PayPal,2024-11-21
1292,911,911,911,Hoodie,25,Express,Yes,Yes,Credit Card,2024-04-08
1293,912,912,912,Pants,74,2-Day Shipping,Yes,Yes,Bank Transfer,2024-01-01
1294,913,913,913,Hoodie,56,Next Day Air,Yes,Yes,Bank Transfer,2024-02-11
1295,914,914,914,Sneakers,47,Next Day Air,Yes,Yes,Cash,2024-10-18
1297,915,915,915,Dress,67,Standard,Yes,Yes,Venmo,2024-07-14
1298,916,916,916,Dress,22,Store Pickup,Yes,Yes,Credit Card,2024-01-02
1299,917,917,917,Jeans,34,Standard,Yes,Yes,Venmo,2024-04-20
1300,918,918,918,Sweater,64,Standard,Yes,Yes,Bank Transfer,2024-05-10
1301,919,919,919,Shorts,42,2-Day Shipping,Yes,Yes,Cash,2024-05-17
1303,920,920,920,Shirt,82,2-Day Shipping,Yes,Yes,Debit Card,2024-01-26
1304,921,921,921,Belt,81,Free Shipping,Yes,Yes,Cash,2024-07-22
1305,922,922,922,Coat,24,Express,Yes,Yes,PayPal,2024-08-09
1306,923,923,923,Sneakers,60,Standard,Yes,Yes,Credit Card,2024-10-12
1307,924,924,924,Shirt,24,2-Day Shipping,Yes,Yes,PayPal,2024-05-20
1309,925,925,925,Socks,78,Standard,Yes,Yes,Cash,2024-01-17
1310,926,926,926,Jeans,88,Express,Yes,Yes,Cash,2024-12-07
1311,927,927,927,Jeans,63,Express,Yes,Yes,Cash,2024-05-13
1312,928,928,928,Sneakers,78,Standard,Yes,Yes,Venmo,2024-06-08
1313,929,929,929,Dress,37,Store Pickup,Yes,Yes,Cash,2024-02-20
1315,930,930,930,Boots,94,2-Day Shipping,Yes,Yes,Debit Card,2024-11-13
1316,931,931,931,T-shirt,78,Store Pickup,Yes,Yes,Credit Card,2024-10-10
1317,932,932,932,Coat,36,Standard,Yes,Yes,Bank Transfer,2024-12-04
1318,933,933,933,Skirt,24,Standard,Yes,Yes,Debit Card,2024-02-09
1319,934,934,934,Sneakers,84,Store Pickup,Yes,Yes,Debit Card,2024-05-20
1321,935,935,935,Jeans,47,Express,Yes,Yes,Bank Transfer,2024-03-16
1322,936,936,936,Hoodie,51,Store Pickup,Yes,Yes,Bank Transfer,2024-09-27
1323,937,937,937,Shoes,84,Free Shipping,Yes,Yes,Cash,2024-08-03
1324,938,938,938,Shorts,24,Express,Yes,Yes,Venmo,2024-08-24
1325,939,939,939,Blouse,97,Free Shipping,Yes,Yes,Debit Card,2024-11-27
1327,940,940,940,T-shirt,89,Next Day Air,Yes,Yes,Credit Card,2024-02-02
1328,941,941,941,Belt,44,Store Pickup,Yes,Yes,PayPal,2024-04-02
1329,942,942,942,Handbag,35,2-Day Shipping,Yes,Yes,PayPal,2024-02-17
1330,943,943,943,Dress,91,Express,Yes,Yes,PayPal,2024-02-06
1331,944,944,944,Hat,63,Next Day Air,Yes,Yes,Venmo,2024-02-15
1333,945,945,945,Belt,97,Express,Yes,Yes,Cash,2024-05-18
1334,946,946,946,Boots,38,Store Pickup,Yes,Yes,Venmo,2024-08-19
1335,947,947,947,Coat,24,Next Day Air,Yes,Yes,PayPal,2024-03-04
1336,948,948,948,Blouse,32,Store Pickup,Yes,Yes,Cash,2024-02-14
1337,949,949,949,Hat,90,Express,Yes,Yes,Venmo,2024-06-23
1339,950,950,950,Jeans,36,Standard,Yes,Yes,Venmo,2024-07-05
1340,951,951,951,Backpack,37,Free Shipping,Yes,Yes,PayPal,2024-01-10
1341,952,952,952,Dress,51,Express,Yes,Yes,Bank Transfer,2024-06-12
1342,953,953,953,Hat,71,2-Day Shipping,Yes,Yes,PayPal,2024-11-02
1343,954,954,954,Sunglasses,50,2-Day Shipping,Yes,Yes,Venmo,2024-03-25
1345,955,955,955,Hat,74,Standard,Yes,Yes,Credit Card,2024-11-01
1346,956,956,956,Dress,75,Free Shipping,Yes,Yes,PayPal,2024-08-20
1347,957,957,957,Shirt,99,2-Day Shipping,Yes,Yes,Debit Card,2024-04-01
1348,958,958,958,Scarf,23,Store Pickup,Yes,Yes,Cash,2024-03-26
1349,959,959,959,Sneakers,53,Free Shipping,Yes,Yes,Credit Card,2024-01-20
1351,960,960,960,Skirt,99,Standard,Yes,Yes,Cash,2024-04-05
1352,961,961,961,Jewelry,48,Standard,Yes,Yes,Venmo,2024-05-17
1353,962,962,962,Boots,72,Next Day Air,Yes,Yes,Debit Card,2024-09-14
1354,963,963,963,Sunglasses,64,Standard,Yes,Yes,Debit Card,2024-03-05
1355,964,964,964,Boots,63,2-Day Shipping,Yes,Yes,Credit Card,2024-03-09
1357,965,965,965,Sandals,51,Next Day Air,Yes,Yes,Venmo,2024-04-06
1358,966,966,966,Boots,55,Store Pickup,Yes,Yes,Credit Card,2024-04-02
1359,967,967,967,Dress,55,Express,Yes,Yes,Cash,2024-05-20
1360,968,968,968,Hoodie,26,Store Pickup,Yes,Yes,Cash,2024-06-27
1361,969,969,969,Shorts,67,Next Day Air,Yes,Yes,Bank Transfer,2024-08-16
1363,970,970,970,Coat,31,Express,Yes,Yes,PayPal,2024-10-20
1364,971,971,971,Jeans,66,Free Shipping,Yes,Yes,Cash,2024-12-05
1365,972,972,972,Sunglasses,67,Next Day Air,Yes,Yes,Credit Card,2024-08-15
1366,973,973,973,Sneakers,61,Standard,Yes,Yes,Credit Card,2024-02-15
1367,974,974,974,Jacket,75,2-Day Shipping,Yes,Yes,Bank Transfer,2024-09-19
1369,975,975,975,Skirt,90,2-Day Shipping,Yes,Yes,Bank Transfer,2024-03-23
1370,976,976,976,Sweater,40,2-Day Shipping,Yes,Yes,Bank Transfer,2024-07-02
1371,977,977,977,T-shirt,90,Express,Yes,Yes,Credit Card,2024-10-20
1372,978,978,978,Belt,20,Express,Yes,Yes,Cash,2024-03-03
1373,979,979,979,Gloves,40,Standard,Yes,Yes,Credit Card,2024-07-06
1375,980,980,980,Hat,33,Store Pickup,Yes,Yes,Debit Card,2024-09-05
1376,981,981,981,Boots,98,Free Shipping,Yes,Yes,PayPal,2024-05-08
1377,982,982,982,Belt,42,Next Day Air,Yes,Yes,Credit Card,2024-05-08
1378,983,983,983,Coat,62,Standard,Yes,Yes,PayPal,2024-06-24
1379,984,984,984,Hat,45,Free Shipping,Yes,Yes,Venmo,2024-02-12
1381,985,985,985,Shoes,78,Free Shipping,Yes,Yes,Credit Card,2024-06-25
1382,986,986,986,Handbag,80,Express,Yes,Yes,Bank Transfer,2024-09-28
1383,987,987,987,Scarf,96,Store Pickup,Yes,Yes,Bank Transfer,2024-05-28
1384,988,988,988,Handbag,47,Express,Yes,Yes,PayPal,2024-08-28
1385,989,989,989,Pants,84,2-Day Shipping,Yes,Yes,PayPal,2024-01-12
1387,990,990,990,Shoes,31,Store Pickup,Yes,Yes,Bank Transfer,2024-03-11
1388,991,991,991,Sunglasses,63,Store Pickup,Yes,Yes,Cash,2024-03-25
1389,992,992,992,Shorts,97,Standard,Yes,Yes,Bank Transfer,2024-03-03
1390,993,993,993,Jacket,99,Express,Yes,Yes,Debit Card,2024-01-26
1391,994,994,994,Sandals,90,Store Pickup,Yes,Yes,Cash,2024-12-28
1393,995,995,995,Shoes,68,Express,Yes,Yes,Debit Card,2024-11-13
1394,996,996,996,Jewelry,80,2-Day Shipping,Yes,Yes,Venmo,2024-05-18
1395,997,997,997,Sandals,91,Standard,Yes,Yes,Bank Transfer,2024-07-23
1396,998,998,998,Pants,30,Express,Yes,Yes,Cash,2024-04-21
1397,999,999,999,Shoes,90,Next Day Air,Yes,Yes,Bank Transfer,2024-03-01
1399,1000,1000,1000,Socks,28,Standard,Yes,Yes,Debit Card,2024-04-08
1400,1001,1001,1001,Socks,46,Express,Yes,Yes,Bank Transfer,2024-01-12
1401,1002,1002,1002,Dress,60,Standard,Yes,Yes,Debit Card,2024-11-12
1402,1003,1003,1003,Shoes,59,Store Pickup,Yes,Yes,Bank Transfer,2024-03-20
1403,1004,1004,1004,Hat,68,Store Pickup,Yes,Yes,Cash,2024-11-06
1405,1005,1005,1005,Backpack,79,2-Day Shipping,Yes,Yes,Cash,2024-06-20
1406,1006,1006,1006,Backpack,94,Store Pickup,Yes,Yes,Debit Card,2024-01-15
1407,1007,1007,1007,Pants,83,Next Day Air,Yes,Yes,Venmo,2024-07-23
1408,1008,1008,1008,Gloves,62,Standard,Yes,Yes,Credit Card,2024-03-25
1409,1009,1009,1009,Scarf,85,Store Pickup,Yes,Yes,PayPal,2024-04-04
1411,1010,1010,1010,Hoodie,30,Express,Yes,Yes,Venmo,2024-06-13
1412,1011,1011,1011,Jeans,24,2-Day Shipping,Yes,Yes,Credit Card,2024-04-25
1413,1012,1012,1012,Backpack,25,Next Day Air,Yes,Yes,Debit Card,2024-03-25
1414,1013,1013,1013,Sandals,37,Express,Yes,Yes,Credit Card,2024-06-06
1415,1014,1014,1014,Belt,69,2-Day Shipping,Yes,Yes,Venmo,2024-08-23
1417,1015,1015,1015,Shoes,97,Standard,Yes,Yes,Debit Card,2024-08-28
1418,1016,1016,1016,Gloves,24,Standard,Yes,Yes,Cash,2024-06-26
1419,1017,1017,1017,Belt,30,Express,Yes,Yes,Bank Transfer,2024-08-06
1420,1018,1018,1018,Jacket,53,Express,Yes,Yes,Credit Card,2024-11-27
1421,1019,1019,1019,Dress,70,Next Day Air,Yes,Yes,Cash,2024-05-14
1423,1020,1020,1020,Shirt,76,Standard,Yes,Yes,Venmo,2024-01-03
1424,1021,1021,1021,Scarf,95,Express,Yes,Yes,Debit Card,2024-10-25
1425,1022,1022,1022,Coat,51,2-Day Shipping,Yes,Yes,PayPal,2024-01-15
1426,1023,1023,1023,Handbag,41,Store Pickup,Yes,Yes,Cash,2024-02-21
1427,1024,1024,1024,Sunglasses,71,Free Shipping,Yes,Yes,Bank Transfer,2024-12-11
1429,1025,1025,1025,T-shirt,66,Free Shipping,Yes,Yes,Venmo,2024-07-27
1430,1026,1026,1026,Shirt,84,Free Shipping,Yes,Yes,Credit Card,2024-01-19
1431,1027,1027,1027,Handbag,95,Express,Yes,Yes,PayPal,2024-12-07
1432,1028,1028,1028,Jewelry,90,Next Day Air,Yes,Yes,Cash,2024-06-23
1433,1029,1029,1029,Hoodie,36,Standard,Yes,Yes,Cash,2024-08-13
1435,1030,1030,1030,Gloves,22,2-Day Shipping,Yes,Yes,Venmo,2024-04-27
1436,1031,1031,1031,Coat,89,Next Day Air,Yes,Yes,Debit Card,2024-01-11
1437,1032,1032,1032,Sandals,50,Free Shipping,Yes,Yes,Cash,2024-03-07
1438,1033,1033,1033,Boots,36,Free Shipping,Yes,Yes,Credit Card,2024-09-09
1439,1034,1034,1034,Pants,52,Free Shipping,Yes,Yes,Bank Transfer,2024-05-15
1441,1035,1035,1035,Socks,29,Next Day Air,Yes,Yes,Bank Transfer,2024-10-07
1442,1036,1036,1036,Blouse,89,Express,Yes,Yes,Venmo,2024-10-04
1443,1037,1037,1037,Handbag,47,2-Day Shipping,Yes,Yes,Bank Transfer,2024-09-08
1444,1038,1038,1038,Jewelry,25,Standard,Yes,Yes,Debit Card,2024-05-11
1445,1039,1039,1039,Pants,74,Express,Yes,Yes,Bank Transfer,2024-10-25
1447,1040,1040,1040,Belt,46,Standard,Yes,Yes,Venmo,2024-09-12
1448,1041,1041,1041,Jeans,22,Next Day Air,Yes,Yes,Cash,2024-10-15
1449,1042,1042,1042,Shirt,25,Next Day Air,Yes,Yes,Cash,2024-08-27
1450,1043,1043,1043,Belt,80,Next Day Air,Yes,Yes,Credit Card,2024-03-03
1451,1044,1044,1044,Jeans,76,2-Day Shipping,Yes,Yes,Debit Card,2024-03-19
1453,1045,1045,1045,Jeans,30,Next Day Air,Yes,Yes,Bank Transfer,2024-08-11
1454,1046,1046,1046,Sweater,79,2-Day Shipping,Yes,Yes,PayPal,2024-09-12
1455,1047,1047,1047,Sneakers,22,Standard,Yes,Yes,Venmo,2024-01-08
1456,1048,1048,1048,Socks,36,Standard,Yes,Yes,Credit Card,2024-11-11
1457,1049,1049,1049,Socks,77,Standard,Yes,Yes,Venmo,2024-11-14
1459,1050,1050,1050,Sunglasses,33,Store Pickup,Yes,Yes,Cash,2024-09-17
1460,1051,1051,1051,Sneakers,64,Next Day Air,Yes,Yes,Venmo,2024-02-03
1461,1052,1052,1052,Socks,53,Free Shipping,Yes,Yes,PayPal,2024-09-25
1462,1053,1053,1053,Shoes,36,2-Day Shipping,Yes,Yes,Credit Card,2024-09-12
1463,1054,1054,1054,Blouse,70,2-Day Shipping,Yes,Yes,Debit Card,2024-03-12
1465,1055,1055,1055,Shorts,96,Express,Yes,Yes,PayPal,2024-01-12
1466,1056,1056,1056,Jacket,27,Next Day Air,Yes,Yes,Debit Card,2024-05-20
1467,1057,1057,1057,Sweater,64,2-Day Shipping,Yes,Yes,Venmo,2024-02-24
1468,1058,1058,1058,Jacket,23,2-Day Shipping,Yes,Yes,Credit Card,2024-03-09
1469,1059,1059,1059,Scarf,33,Next Day Air,Yes,Yes,Bank Transfer,2024-08-24
1471,1060,1060,1060,Jacket,34,Standard,Yes,Yes,Debit Card,2024-12-18
1472,1061,1061,1061,Sweater,35,Next Day Air,Yes,Yes,Debit Card,2024-07-04
1473,1062,1062,1062,Coat,62,Free Shipping,Yes,Yes,Venmo,2024-07-03
1474,1063,1063,1063,Boots,75,Next Day Air,Yes,Yes,Debit Card,2024-11-02
1475,1064,1064,1064,Hoodie,29,Free Shipping,Yes,Yes,Cash,2024-07-02
1477,1065,1065,1065,Hat,28,Express,Yes,Yes,Credit Card,2024-05-17
1478,1066,1066,1066,T-shirt,20,Store Pickup,Yes,Yes,PayPal,2024-04-14
1479,1067,1067,1067,Coat,96,Store Pickup,Yes,Yes,PayPal,2024-12-03
1480,1068,1068,1068,Dress,43,2-Day Shipping,Yes,Yes,PayPal,2024-06-13
1481,1069,1069,1069,Shirt,94,Standard,Yes,Yes,Credit Card,2024-09-19
1483,1070,1070,1070,Skirt,81,Next Day Air,Yes,Yes,Venmo,2024-11-05
1484,1071,1071,1071,Jewelry,75,Free Shipping,Yes,Yes,Debit Card,2024-06-09
1485,1072,1072,1072,Hat,81,Express,Yes,Yes,Credit Card,2024-08-17
1486,1073,1073,1073,Shorts,92,Express,Yes,Yes,Debit Card,2024-10-07
1487,1074,1074,1074,Scarf,96,Store Pickup,Yes,Yes,Credit Card,2024-03-08
1489,1075,1075,1075,Jewelry,71,Standard,Yes,Yes,Bank Transfer,2024-10-24
1490,1076,1076,1076,Sunglasses,50,Next Day Air,Yes,Yes,Debit Card,2024-07-04
1491,1077,1077,1077,Coat,72,Standard,Yes,Yes,Venmo,2024-03-16
1492,1078,1078,1078,Jacket,28,Standard,Yes,Yes,PayPal,2024-02-01
1493,1079,1079,1079,Sweater,59,Express,Yes,Yes,Credit Card,2024-09-11
1495,1080,1080,1080,Coat,33,Free Shipping,Yes,Yes,Bank Transfer,2024-07-14
1496,1081,1081,1081,Scarf,59,Express,Yes,Yes,Cash,2024-11-11
1497,1082,1082,1082,Belt,30,Standard,Yes,Yes,Credit Card,2024-04-17
1498,1083,1083,1083,Hat,85,Next Day Air,Yes,Yes,Venmo,2024-12-25
1499,1084,1084,1084,Backpack,97,Store Pickup,Yes,Yes,Cash,2024-07-20
1501,1085,1085,1085,T-shirt,36,Next Day Air,Yes,Yes,Cash,2024-11-17
1502,1086,1086,1086,Jewelry,85,Store Pickup,Yes,Yes,Venmo,2024-01-09
1503,1087,1087,1087,Sunglasses,62,Free Shipping,Yes,Yes,PayPal,2024-12-08
1504,1088,1088,1088,Jeans,71,Next Day Air,Yes,Yes,Bank Transfer,2024-12-18
1505,1089,1089,1089,Pants,21,Free Shipping,Yes,Yes,PayPal,2024-01-07
1507,1090,1090,1090,Backpack,61,Next Day Air,Yes,Yes,PayPal,2024-04-24
1508,1091,1091,1091,Scarf,58,Store Pickup,Yes,Yes,Cash,2024-03-23
1509,1092,1092,1092,Sweater,80,Store Pickup,Yes,Yes,Credit Card,2024-04-25
1510,1093,1093,1093,Jewelry,50,2-Day Shipping,Yes,Yes,Venmo,2024-04-23
1511,1094,1094,1094,Sneakers,48,2-Day Shipping,Yes,Yes,Venmo,2024-01-03
1513,1095,1095,1095,Jewelry,40,Next Day Air,Yes,Yes,Cash,2024-12-11
1514,1096,1096,1096,Coat,34,Free Shipping,Yes,Yes,Bank Transfer,2024-08-07
1515,1097,1097,1097,Coat,46,Standard,Yes,Yes,Credit Card,2024-10-28
1516,1098,1098,1098,Sunglasses,27,Store Pickup,Yes,Yes,Bank Transfer,2024-06-09
1517,1099,1099,1099,Handbag,98,Next Day Air,Yes,Yes,Credit Card,2024-05-11
1519,1100,1100,1100,Sweater,73,Next Day Air,Yes,Yes,Bank Transfer,2024-09-08
1520,1101,1101,1101,Pants,28,Express,Yes,Yes,Credit Card,2024-04-23
1521,1102,1102,1102,Gloves,76,Free Shipping,Yes,Yes,Cash,2024-11-13
1522,1103,1103,1103,Sweater,83,Express,Yes,Yes,Cash,2024-09-21
1523,1104,1104,1104,Hoodie,23,Free Shipping,Yes,Yes,Debit Card,2024-04-12
1525,1105,1105,1105,Hat,28,Express,Yes,Yes,Bank Transfer,2024-09-28
1526,1106,1106,1106,T-shirt,83,Next Day Air,Yes,Yes,Venmo,2024-05-21
1527,1107,1107,1107,Skirt,96,Store Pickup,Yes,Yes,Venmo,2024-01-13
1528,1108,1108,1108,Sneakers,62,Store Pickup,Yes,Yes,Bank Transfer,2024-10-05
1529,1109,1109,1109,Shorts,25,Standard,Yes,Yes,Cash,2024-11-27
1531,1110,1110,1110,Hoodie,97,Next Day Air,Yes,Yes,Venmo,2024-02-26
1532,1111,1111,1111,Hoodie,61,Standard,Yes,Yes,Cash,2024-09-05
1533,1112,1112,1112,Shoes,66,Next Day Air,Yes,Yes,Credit Card,2024-07-18
1534,1113,1113,1113,Hoodie,67,Free Shipping,Yes,Yes,PayPal,2024-03-24
1535,1114,1114,1114,Sunglasses,80,Next Day Air,Yes,Yes,PayPal,2024-06-11
1537,1115,1115,1115,Skirt,25,Next Day Air,Yes,Yes,Bank Transfer,2024-09-10
1538,1116,1116,1116,Hat,58,2-Day Shipping,Yes,Yes,Cash,2024-11-07
1539,1117,1117,1117,Backpack,96,Express,Yes,Yes,PayPal,2024-12-23
1540,1118,1118,1118,Sunglasses,77,Store Pickup,Yes,Yes,Credit Card,2024-04-24
1541,1119,1119,1119,Belt,65,Standard,Yes,Yes,PayPal,2024-07-07
1543,1120,1120,1120,Jewelry,36,Standard,Yes,Yes,Credit Card,2024-04-15
1544,1121,1121,1121,Sneakers,84,Next Day Air,Yes,Yes,Debit Card,2024-12-05
1545,1122,1122,1122,T-shirt,58,Express,Yes,Yes,Cash,2024-10-25
1546,1123,1123,1123,Handbag,62,2-Day Shipping,Yes,Yes,Credit Card,2024-03-21
1547,1124,1124,1124,Hat,67,Store Pickup,Yes,Yes,Cash,2024-10-02
1549,1125,1125,1125,Sweater,20,Express,Yes,Yes,Cash,2024-05-14
1550,1126,1126,1126,Sandals,90,2-Day Shipping,Yes,Yes,Bank Transfer,2024-08-27
1551,1127,1127,1127,Scarf,58,Standard,Yes,Yes,Venmo,2024-02-04
1552,1128,1128,1128,Shirt,53,Store Pickup,Yes,Yes,Debit Card,2024-03-15
1553,1129,1129,1129,Gloves,30,Next Day Air,Yes,Yes,Debit Card,2024-12-05
1555,1130,1130,1130,Hoodie,65,Express,Yes,Yes,Venmo,2024-12-17
1556,1131,1131,1131,Jewelry,41,Standard,Yes,Yes,PayPal,2024-08-14
1557,1132,1132,1132,Shirt,73,Express,Yes,Yes,Bank Transfer,2024-03-02
1558,1133,1133,1133,Hoodie,98,Store Pickup,Yes,Yes,Cash,2024-03-14
1559,1134,1134,1134,Shoes,36,2-Day Shipping,Yes,Yes,Cash,2024-12-26
1561,1135,1135,1135,T-shirt,81,Express,Yes,Yes,Venmo,2024-07-24
1562,1136,1136,1136,Skirt,90,2-Day Shipping,Yes,Yes,Bank Transfer,2024-12-13
1563,1137,1137,1137,Handbag,83,Free Shipping,Yes,Yes,Cash,2024-06-17
1564,1138,1138,1138,Shirt,91,2-Day Shipping,Yes,Yes,Bank Transfer,2024-02-21
1565,1139,1139,1139,Pants,36,Express,Yes,Yes,Venmo,2024-08-26
1567,1140,1140,1140,Coat,53,Standard,Yes,Yes,Debit Card,2024-04-04
1568,1141,1141,1141,Jeans,39,Store Pickup,Yes,Yes,Credit Card,2024-12-14
1569,1142,1142,1142,Gloves,33,Next Day Air,Yes,Yes,PayPal,2024-12-13
1570,1143,1143,1143,T-shirt,76,Store Pickup,Yes,Yes,Venmo,2024-04-03
1571,1144,1144,1144,Boots,23,Standard,Yes,Yes,PayPal,2024-01-24
1573,1145,1145,1145,Jeans,54,2-Day Shipping,Yes,Yes,Bank Transfer,2024-09-06
1574,1146,1146,1146,Sneakers,89,Express,Yes,Yes,Cash,2024-07-27
1575,1147,1147,1147,Sneakers,38,Standard,Yes,Yes,Bank Transfer,2024-08-16
1576,1148,1148,1148,Hat,36,Next Day Air,Yes,Yes,Debit Card,2024-01-20
1577,1149,1149,1149,Pants,66,Store Pickup,Yes,Yes,PayPal,2024-05-03
1579,1150,1150,1150,Jewelry,42,Store Pickup,Yes,Yes,Venmo,2024-03-18
1580,1151,1151,1151,Jewelry,36,Next Day Air,Yes,Yes,Venmo,2024-01-19
1581,1152,1152,1152,Blouse,86,Express,Yes,Yes,Credit Card,2024-03-19
1582,1153,1153,1153,Handbag,49,Standard,Yes,Yes,PayPal,2024-10-08
1583,1154,1154,1154,Shirt,41,Free Shipping,Yes,Yes,Bank Transfer,2024-07-19
1585,1155,1155,1155,Dress,82,2-Day Shipping,Yes,Yes,Credit Card,2024-04-07
1586,1156,1156,1156,T-shirt,53,Express,Yes,Yes,PayPal,2024-11-04
1587,1157,1157,1157,Shoes,21,Express,Yes,Yes,Venmo,2024-06-26
1588,1158,1158,1158,Belt,66,Standard,Yes,Yes,Cash,2024-10-19
1589,1159,1159,1159,Belt,89,2-Day Shipping,Yes,Yes,Bank Transfer,2024-08-12
1591,1160,1160,1160,Handbag,55,2-Day Shipping,Yes,Yes,Venmo,2024-11-08
1592,1161,1161,1161,Scarf,42,Next Day Air,Yes,Yes,Venmo,2024-06-26
1593,1162,1162,1162,Shorts,52,2-Day Shipping,Yes,Yes,PayPal,2024-11-02
1594,1163,1163,1163,Sandals,92,Express,Yes,Yes,PayPal,2024-12-10
1595,1164,1164,1164,Pants,56,2-Day Shipping,Yes,Yes,Debit Card,2024-08-28
1597,1165,1165,1165,Dress,96,Standard,Yes,Yes,PayPal,2024-12-20
1598,1166,1166,1166,T-shirt,64,Next Day Air,Yes,Yes,Venmo,2024-01-21
1599,1167,1167,1167,Dress,48,Store Pickup,Yes,Yes,Venmo,2024-02-10
1600,1168,1168,1168,Socks,83,Free Shipping,Yes,Yes,PayPal,2024-06-14
1601,1169,1169,1169,Scarf,91,Standard,Yes,Yes,Debit Card,2024-06-20
1603,1170,1170,1170,Backpack,94,2-Day Shipping,Yes,Yes,Cash,2024-09-15
1604,1171,1171,1171,Skirt,62,Express,Yes,Yes,Cash,2024-04-15
1605,1172,1172,1172,Socks,55,Next Day Air,Yes,Yes,Debit Card,2024-05-05
1606,1173,1173,1173,Coat,68,Store Pickup,Yes,Yes,Bank Transfer,2024-05-01
1607,1174,1174,1174,Jewelry,76,Express,Yes,Yes,Cash,2024-02-07
1609,1175,1175,1175,Backpack,31,Express,Yes,Yes,Bank Transfer,2024-02-05
1610,1176,1176,1176,Belt,81,Store Pickup,Yes,Yes,PayPal,2024-03-20
1611,1177,1177,1177,Dress,83,Free Shipping,Yes,Yes,PayPal,2024-12-16
1612,1178,1178,1178,Skirt,21,Standard,Yes,Yes,Debit Card,2024-05-17
1613,1179,1179,1179,Dress,22,Express,Yes,Yes,Debit Card,2024-05-11
1615,1180,1180,1180,T-shirt,33,Free Shipping,Yes,Yes,Bank Transfer,2024-06-11
1616,1181,1181,1181,Skirt,23,Standard,Yes,Yes,Cash,2024-04-01
1617,1182,1182,1182,Shorts,96,Free Shipping,Yes,Yes,Bank Transfer,2024-07-19
1618,1183,1183,1183,Jewelry,21,Express,Yes,Yes,PayPal,2024-04-27
1619,1184,1184,1184,Pants,39,2-Day Shipping,Yes,Yes,Credit Card,2024-04-12
1621,1185,1185,1185,Belt,73,Express,Yes,Yes,Credit Card,2024-10-05
1622,1186,1186,1186,Jeans,64,Standard,Yes,Yes,Credit Card,2024-05-04
1623,1187,1187,1187,Jeans,68,2-Day Shipping,Yes,Yes,Credit Card,2024-08-18
1624,1188,1188,1188,Hat,89,Express,Yes,Yes,Credit Card,2024-09-21
1625,1189,1189,1189,Blouse,29,Next Day Air,Yes,Yes,Credit Card,2024-06-19
1627,1190,1190,1190,Shirt,97,Free Shipping,Yes,Yes,Debit Card,2024-06-13
1628,1191,1191,1191,Shirt,45,Next Day Air,Yes,Yes,Credit Card,2024-01-13
1629,1192,1192,1192,T-shirt,70,Free Shipping,Yes,Yes,Venmo,2024-01-13
1630,1193,1193,1193,Coat,56,2-Day Shipping,Yes,Yes,Venmo,2024-06-01
1631,1194,1194,1194,Jacket,55,2-Day Shipping,Yes,Yes,Credit Card,2024-09-03
1633,1195,1195,1195,Hoodie,46,2-Day Shipping,Yes,Yes,Credit Card,2024-01-11
1634,1196,1196,1196,Scarf,95,2-Day Shipping,Yes,Yes,Venmo,2024-02-28
1635,1197,1197,1197,Belt,88,2-Day Shipping,Yes,Yes,Bank Transfer,2024-12-27
1636,1198,1198,1198,Sneakers,92,Standard,Yes,Yes,PayPal,2024-11-26
1637,1199,1199,1199,Socks,49,2-Day Shipping,Yes,Yes,Cash,2024-06-01
1639,1200,1200,1200,Sandals,89,Free Shipping,Yes,Yes,Debit Card,2024-09-17
1640,1201,1201,1201,Coat,22,Store Pickup,Yes,Yes,PayPal,2024-01-04
1641,1202,1202,1202,Shoes,61,2-Day Shipping,Yes,Yes,Venmo,2024-07-23
1642,1203,1203,1203,Scarf,29,Standard,Yes,Yes,Venmo,2024-05-09
1643,1204,1204,1204,Sneakers,82,Free Shipping,Yes,Yes,Bank Transfer,2024-12-04
1645,1205,1205,1205,Belt,94,2-Day Shipping,Yes,Yes,Credit Card,2024-04-19
1646,1206,1206,1206,Handbag,99,Standard,Yes,Yes,Bank Transfer,2024-03-15
1647,1207,1207,1207,Handbag,59,Free Shipping,Yes,Yes,Venmo,2024-09-10
1648,1208,1208,1208,Boots,90,Next Day Air,Yes,Yes,Credit Card,2024-07-25
1649,1209,1209,1209,Boots,100,2-Day Shipping,Yes,Yes,Debit Card,2024-02-17
1651,1210,1210,1210,Pants,62,Next Day Air,Yes,Yes,Bank Transfer,2024-12-05
1652,1211,1211,1211,Sunglasses,78,Next Day Air,Yes,Yes,Cash,2024-09-08
1653,1212,1212,1212,Hoodie,94,Store Pickup,Yes,Yes,Venmo,2024-05-20
1654,1213,1213,1213,Shoes,74,Free Shipping,Yes,Yes,Credit Card,2024-08-18
1655,1214,1214,1214,Handbag,52,Express,Yes,Yes,Debit Card,2024-04-21
1657,1215,1215,1215,Jacket,81,Free Shipping,Yes,Yes,Cash,2024-11-17
1658,1216,1216,1216,Blouse,20,2-Day Shipping,Yes,Yes,Credit Card,2024-02-19
1659,1217,1217,1217,Pants,32,Free Shipping,Yes,Yes,Venmo,2024-08-08
1660,1218,1218,1218,Boots,63,Free Shipping,Yes,Yes,Cash,2024-11-24
1661,1219,1219,1219,Boots,79,Store Pickup,Yes,Yes,Cash,2024-03-10
1663,1220,1220,1220,Sweater,23,Next Day Air,Yes,Yes,Credit Card,2024-01-11
1664,1221,1221,1221,Gloves,64,Express,Yes,Yes,Bank Transfer,2024-12-05
1665,1222,1222,1222,Socks,69,Standard,Yes,Yes,Cash,2024-12-07
1666,1223,1223,1223,Jeans,69,Store Pickup,Yes,Yes,Bank Transfer,2024-10-27
1667,1224,1224,1224,Pants,24,Free Shipping,Yes,Yes,Bank Transfer,2024-12-10
1669,1225,1225,1225,Shorts,50,Store Pickup,Yes,Yes,Venmo,2024-08-17
1670,1226,1226,1226,Gloves,97,Free Shipping,Yes,Yes,Debit Card,2024-11-12
1671,1227,1227,1227,Sandals,91,Store Pickup,Yes,Yes,Venmo,2024-10-25
1672,1228,1228,1228,Blouse,37,Store Pickup,Yes,Yes,Bank Transfer,2024-04-19
1673,1229,1229,1229,Jacket,55,Express,Yes,Yes,Cash,2024-01-23
1675,1230,1230,1230,Jewelry,52,Express,Yes,Yes,Bank Transfer,2024-01-25
1676,1231,1231,1231,Hat,80,Standard,Yes,Yes,Venmo,2024-03-13
1677,1232,1232,1232,Socks,79,2-Day Shipping,Yes,Yes,Credit Card,2024-04-02
1678,1233,1233,1233,Handbag,23,Free Shipping,Yes,Yes,Debit Card,2024-08-01
1679,1234,1234,1234,Pants,73,Next Day Air,Yes,Yes,Venmo,2024-02-07
1681,1235,1235,1235,Gloves,99,Store Pickup,Yes,Yes,Bank Transfer,2024-10-28
1682,1236,1236,1236,Sweater,22,Store Pickup,Yes,Yes,PayPal,2024-05-12
1683,1237,1237,1237,Hat,68,Store Pickup,Yes,Yes,Debit Card,2024-07-25
1684,1238,1238,1238,Dress,92,2-Day Shipping,Yes,Yes,Credit Card,2024-03-09
1685,1239,1239,1239,Pants,77,Express,Yes,Yes,Venmo,2024-12-07
1687,1240,1240,1240,Coat,37,Standard,Yes,Yes,Debit Card,2024-03-13
1688,1241,1241,1241,Scarf,79,Store Pickup,Yes,Yes,Debit Card,2024-12-15
1689,1242,1242,1242,Hoodie,51,Express,Yes,Yes,Credit Card,2024-12-07
1690,1243,1243,1243,Socks,27,Next Day Air,Yes,Yes,Bank Transfer,2024-07-27
1691,1244,1244,1244,Blouse,23,Store Pickup,Yes,Yes,Debit Card,2024-04-08
1693,1245,1245,1245,Socks,76,2-Day Shipping,Yes,Yes,Cash,2024-07-22
1694,1246,1246,1246,Dress,31,Standard,Yes,Yes,Bank Transfer,2024-09-13
1695,1247,1247,1247,Hoodie,60,Standard,Yes,Yes,Cash,2024-02-09
1696,1248,1248,1248,T-shirt,99,Express,Yes,Yes,Venmo,2024-05-14
1697,1249,1249,1249,Hat,37,Free Shipping,Yes,Yes,Credit Card,2024-02-02
1699,1250,1250,1250,Boots,50,Express,Yes,Yes,Venmo,2024-02-14
1700,1251,1251,1251,Jeans,26,Free Shipping,Yes,Yes,Cash,2024-12-02
1701,1252,1252,1252,Shorts,86,Next Day Air,Yes,Yes,Credit Card,2024-04-07
1702,1253,1253,1253,Sandals,41,Standard,Yes,Yes,Cash,2024-09-16
1703,1254,1254,1254,Sandals,23,Express,Yes,Yes,PayPal,2024-02-16
1705,1255,1255,1255,Sneakers,56,2-Day Shipping,Yes,Yes,Credit Card,2024-04-11
1706,1256,1256,1256,Hat,68,Standard,Yes,Yes,Cash,2024-10-20
1707,1257,1257,1257,Coat,48,Express,Yes,Yes,Cash,2024-01-25
1708,1258,1258,1258,Dress,67,Free Shipping,Yes,Yes,Cash,2024-05-28
1709,1259,1259,1259,Boots,87,2-Day Shipping,Yes,Yes,Debit Card,2024-04-13
1711,1260,1260,1260,Skirt,64,Standard,Yes,Yes,Credit Card,2024-11-11
1712,1261,1261,1261,Shirt,93,Store Pickup,Yes,Yes,Debit Card,2024-04-09
1713,1262,1262,1262,Shirt,29,Next Day Air,Yes,Yes,Credit Card,2024-07-25
1714,1263,1263,1263,Boots,62,Store Pickup,Yes,Yes,Venmo,2024-12-28
1715,1264,1264,1264,Hoodie,70,2-Day Shipping,Yes,Yes,Credit Card,2024-01-14
1717,1265,1265,1265,Sweater,92,Next Day Air,Yes,Yes,Venmo,2024-01-10
1718,1266,1266,1266,Shirt,79,Next Day Air,Yes,Yes,Bank Transfer,2024-05-04
1719,1267,1267,1267,Blouse,31,Standard,Yes,Yes,Debit Card,2024-10-17
1720,1268,1268,1268,T-shirt,83,Standard,Yes,Yes,Cash,2024-04-12
1721,1269,1269,1269,Jacket,88,Next Day Air,Yes,Yes,Debit Card,2024-12-04
1723,1270,1270,1270,Jewelry,53,Standard,Yes,Yes,PayPal,2024-04-20
1724,1271,1271,1271,Hoodie,98,Standard,Yes,Yes,Cash,2024-11-14
1725,1272,1272,1272,Jewelry,57,Store Pickup,Yes,Yes,PayPal,2024-04-01
1726,1273,1273,1273,Sandals,80,Express,Yes,Yes,Bank Transfer,2024-12-09
1727,1274,1274,1274,Jeans,29,Next Day Air,Yes,Yes,Credit Card,2024-04-16
1729,1275,1275,1275,Hat,73,2-Day Shipping,Yes,Yes,PayPal,2024-03-25
1730,1276,1276,1276,Sweater,32,Standard,Yes,Yes,PayPal,2024-11-20
1731,1277,1277,1277,Boots,68,Next Day Air,Yes,Yes,Bank Transfer,2024-05-14
1732,1278,1278,1278,Blouse,97,Express,Yes,Yes,Venmo,2024-05-25
1733,1279,1279,1279,Shorts,98,Next Day Air,Yes,Yes,Venmo,2024-10-03
1735,1280,1280,1280,Hoodie,56,Express,Yes,Yes,Debit Card,2024-09-22
1736,1281,1281,1281,Pants,78,2-Day Shipping,Yes,Yes,Venmo,2024-12-11
1737,1282,1282,1282,Belt,81,Store Pickup,Yes,Yes,Venmo,2024-04-26
1738,1283,1283,1283,Shirt,68,Free Shipping,Yes,Yes,Venmo,2024-01-22
1739,1284,1284,1284,Shirt,94,2-Day Shipping,Yes,Yes,Debit Card,2024-12-14
1741,1285,1285,1285,Dress,93,Express,Yes,Yes,PayPal,2024-03-09
1742,1286,1286,1286,Gloves,99,Next Day Air,Yes,Yes,Bank Transfer,2024-09-01
1743,1287,1287,1287,Gloves,49,Next Day Air,Yes,Yes,Debit Card,2024-02-16
1744,1288,1288,1288,Jeans,28,Standard,Yes,Yes,PayPal,2024-02-11
1745,1289,1289,1289,Belt,93,Standard,Yes,Yes,PayPal,2024-02-23
1747,1290,1290,1290,Jacket,24,Next Day Air,Yes,Yes,PayPal,2024-09-20
1748,1291,1291,1291,Skirt,35,Free Shipping,Yes,Yes,PayPal,2024-04-06
1749,1292,1292,1292,Sandals,68,2-Day Shipping,Yes,Yes,Debit Card,2024-03-16
1750,1293,1293,1293,Belt,61,Free Shipping,Yes,Yes,Bank Transfer,2024-06-20
1751,1294,1294,1294,Sweater,74,Standard,Yes,Yes,Debit Card,2024-11-03
1753,1295,1295,1295,Shirt,64,Standard,Yes,Yes,Cash,2024-08-06
1754,1296,1296,1296,Sneakers,60,Standard,Yes,Yes,PayPal,2024-10-20
1755,1297,1297,1297,Jeans,29,Express,Yes,Yes,Cash,2024-04-26
1756,1298,1298,1298,Sandals,85,Standard,Yes,Yes,Venmo,2024-08-28
1757,1299,1299,1299,Pants,81,Free Shipping,Yes,Yes,Bank Transfer,2024-07-19
1759,1300,1300,1300,Belt,23,2-Day Shipping,Yes,Yes,Venmo,2024-10-17
1760,1301,1301,1301,T-shirt,100,Next Day Air,Yes,Yes,Credit Card,2024-03-09
1761,1302,1302,1302,Shirt,54,Express,Yes,Yes,Debit Card,2024-11-21
1762,1303,1303,1303,Sneakers,25,Next Day Air,Yes,Yes,Credit Card,2024-09-25
1763,1304,1304,1304,Blouse,32,Next Day Air,Yes,Yes,Credit Card,2024-07-17
1765,1305,1305,1305,Backpack,63,2-Day Shipping,Yes,Yes,PayPal,2024-05-22
1766,1306,1306,1306,Pants,56,Express,Yes,Yes,PayPal,2024-03-16
1767,1307,1307,1307,Sweater,33,Next Day Air,Yes,Yes,PayPal,2024-02-20
1768,1308,1308,1308,Coat,32,Express,Yes,Yes,PayPal,2024-07-20
1769,1309,1309,1309,Dress,38,Next Day Air,Yes,Yes,Credit Card,2024-07-16
1771,1310,1310,1310,Blouse,21,Store Pickup,Yes,Yes,Cash,2024-07-25
1772,1311,1311,1311,Hoodie,59,Store Pickup,Yes,Yes,Credit Card,2024-02-27
1773,1312,1312,1312,Shoes,87,Express,Yes,Yes,Venmo,2024-11-08
1774,1313,1313,1313,T-shirt,79,Store Pickup,Yes,Yes,Bank Transfer,2024-01-05
1775,1314,1314,1314,Shoes,28,Free Shipping,Yes,Yes,Credit Card,2024-06-16
1777,1315,1315,1315,Boots,67,Free Shipping,Yes,Yes,Debit Card,2024-08-18
1778,1316,1316,1316,Shorts,75,2-Day Shipping,Yes,Yes,Debit Card,2024-04-28
1779,1317,1317,1317,Belt,32,Standard,Yes,Yes,Debit Card,2024-05-09
1780,1318,1318,1318,Pants,43,Free Shipping,Yes,Yes,Cash,2024-05-15
1781,1319,1319,1319,Shorts,93,Express,Yes,Yes,Credit Card,2024-04-17
1783,1320,1320,1320,Sunglasses,24,Standard,Yes,Yes,Bank Transfer,2024-04-05
1784,1321,1321,1321,Hat,31,Free Shipping,Yes,Yes,Debit Card,2024-09-19
1785,1322,1322,1322,T-shirt,84,Express,Yes,Yes,Bank Transfer,2024-12-14
1786,1323,1323,1323,Pants,74,Next Day Air,Yes,Yes,Bank Transfer,2024-12-25
1787,1324,1324,1324,Shorts,62,Standard,Yes,Yes,Debit Card,2024-03-15
1789,1325,1325,1325,Jewelry,77,Free Shipping,Yes,Yes,Credit Card,2024-08-16
1790,1326,1326,1326,Backpack,73,Express,Yes,Yes,Cash,2024-06-16
1791,1327,1327,1327,Shoes,50,Free Shipping,Yes,Yes,Cash,2024-03-06
1792,1328,1328,1328,Coat,40,Standard,Yes,Yes,Cash,2024-12-17
1793,1329,1329,1329,Sweater,97,Standard,Yes,Yes,Bank Transfer,2024-12-03
1795,1330,1330,1330,Gloves,63,Express,Yes,Yes,PayPal,2024-10-27
1796,1331,1331,1331,Handbag,65,Standard,Yes,Yes,PayPal,2024-10-22
1797,1332,1332,1332,Socks,91,Standard,Yes,Yes,PayPal,2024-03-26
1798,1333,1333,1333,Hoodie,60,Store Pickup,Yes,Yes,Bank Transfer,2024-04-02
1799,1334,1334,1334,Pants,69,Next Day Air,Yes,Yes,Bank Transfer,2024-01-13
1801,1335,1335,1335,Coat,52,Store Pickup,Yes,Yes,Venmo,2024-05-19
1802,1336,1336,1336,Boots,49,2-Day Shipping,Yes,Yes,Credit Card,2024-10-25
1803,1337,1337,1337,Sneakers,85,Store Pickup,Yes,Yes,Debit Card,2024-04-19
1804,1338,1338,1338,Sweater,86,Express,Yes,Yes,Credit Card,2024-05-22
1805,1339,1339,1339,Handbag,51,Standard,Yes,Yes,PayPal,2024-02-10
1807,1340,1340,1340,Belt,56,Next Day Air,Yes,Yes,Bank Transfer,2024-12-05
1808,1341,1341,1341,Belt,72,Next Day Air,Yes,Yes,Debit Card,2024-10-05
1809,1342,1342,1342,Hoodie,27,Standard,Yes,Yes,Bank Transfer,2024-09-11
1810,1343,1343,1343,Sunglasses,43,2-Day Shipping,Yes,Yes,Bank Transfer,2024-06-27
1811,1344,1344,1344,Sneakers,56,Standard,Yes,Yes,Bank Transfer,2024-05-11
1813,1345,1345,1345,T-shirt,37,Next Day Air,Yes,Yes,Cash,2024-11-25
1814,1346,1346,1346,Dress,21,Standard,Yes,Yes,Venmo,2024-11-24
1815,1347,1347,1347,Hoodie,91,Free Shipping,Yes,Yes,Venmo,2024-02-27
1816,1348,1348,1348,Sweater,95,2-Day Shipping,Yes,Yes,Bank Transfer,2024-08-24
1817,1349,1349,1349,Belt,54,Standard,Yes,Yes,Credit Card,2024-04-11
1819,1350,1350,1350,Socks,36,Next Day Air,Yes,Yes,Cash,2024-04-10
1820,1351,1351,1351,Sunglasses,71,Next Day Air,Yes,Yes,Cash,2024-09-18
1821,1352,1352,1352,Coat,31,2-Day Shipping,Yes,Yes,Bank Transfer,2024-06-05
1822,1353,1353,1353,Hat,89,Next Day Air,Yes,Yes,Credit Card,2024-03-20
1823,1354,1354,1354,Pants,83,Next Day Air,Yes,Yes,Cash,2024-12-10
1825,1355,1355,1355,Backpack,42,2-Day Shipping,Yes,Yes,Bank Transfer,2024-03-21
1826,1356,1356,1356,Shorts,91,2-Day Shipping,Yes,Yes,PayPal,2024-07-26
1827,1357,1357,1357,Jacket,61,Free Shipping,Yes,Yes,Bank Transfer,2024-03-23
1828,1358,1358,1358,Backpack,66,Next Day Air,Yes,Yes,Cash,2024-07-15
1829,1359,1359,1359,Scarf,22,Store Pickup,Yes,Yes,Venmo,2024-05-22
1831,1360,1360,1360,Hoodie,68,Store Pickup,Yes,Yes,Bank Transfer,2024-12-26
1832,1361,1361,1361,Skirt,43,Express,Yes,Yes,Bank Transfer,2024-09-07
1833,1362,1362,1362,Dress,32,Next Day Air,Yes,Yes,Debit Card,2024-11-20
1834,1363,1363,1363,Coat,46,Express,Yes,Yes,Cash,2024-09-11
1835,1364,1364,1364,Blouse,90,Express,Yes,Yes,PayPal,2024-06-05
1837,1365,1365,1365,Hat,75,Express,Yes,Yes,Cash,2024-09-19
1838,1366,1366,1366,Handbag,69,Store Pickup,Yes,Yes,Bank Transfer,2024-01-02
1839,1367,1367,1367,Belt,40,Free Shipping,Yes,Yes,Credit Card,2024-10-24
1840,1368,1368,1368,Belt,63,Express,Yes,Yes,Cash,2024-10-13
1841,1369,1369,1369,Shirt,36,Express,Yes,Yes,Cash,2024-07-02
1843,1370,1370,1370,Shoes,75,Standard,Yes,Yes,Venmo,2024-01-15
1844,1371,1371,1371,Scarf,67,2-Day Shipping,Yes,Yes,Bank Transfer,2024-07-20
1845,1372,1372,1372,Pants,64,Store Pickup,Yes,Yes,Credit Card,2024-04-21
1846,1373,1373,1373,Blouse,61,2-Day Shipping,Yes,Yes,PayPal,2024-10-05
1847,1374,1374,1374,Gloves,40,Store Pickup,Yes,Yes,Cash,2024-01-16
1849,1375,1375,1375,Handbag,97,Free Shipping,Yes,Yes,Bank Transfer,2024-10-25
1850,1376,1376,1376,Sneakers,31,2-Day Shipping,Yes,Yes,Credit Card,2024-05-02
1851,1377,1377,1377,Sandals,65,Free Shipping,Yes,Yes,PayPal,2024-03-23
1852,1378,1378,1378,Sunglasses,54,Next Day Air,Yes,Yes,Venmo,2024-05-12
1853,1379,1379,1379,Jacket,49,Free Shipping,Yes,Yes,Venmo,2024-11-26
1855,1380,1380,1380,T-shirt,64,2-Day Shipping,Yes,Yes,Venmo,2024-11-07
1856,1381,1381,1381,Sneakers,35,Standard,Yes,Yes,Cash,2024-01-01
1857,1382,1382,1382,Shoes,86,Standard,Yes,Yes,Venmo,2024-01-16
1858,1383,1383,1383,Jacket,55,Express,Yes,Yes,Bank Transfer,2024-02-07
1859,1384,1384,1384,Scarf,58,Express,Yes,Yes,Venmo,2024-04-13
1861,1385,1385,1385,Sneakers,96,Standard,Yes,Yes,Bank Transfer,2024-11-12
1862,1386,1386,1386,Jewelry,64,Store Pickup,Yes,Yes,Bank Transfer,2024-09-10
1863,1387,1387,1387,Jacket,56,Next Day Air,Yes,Yes,Debit Card,2024-09-23
1864,1388,1388,1388,Blouse,85,Standard,Yes,Yes,Credit Card,2024-02-23
1865,1389,1389,1389,Dress,23,Express,Yes,Yes,Cash,2024-03-11
1867,1390,1390,1390,Scarf,72,Store Pickup,Yes,Yes,Debit Card,2024-09-08
1868,1391,1391,1391,Hat,38,Standard,Yes,Yes,Debit Card,2024-06-19
1869,1392,1392,1392,Blouse,29,Express,Yes,Yes,Credit Card,2024-02-25
1870,1393,1393,1393,Gloves,46,Express,Yes,Yes,Venmo,2024-04-25
1871,1394,1394,1394,Gloves,58,Express,Yes,Yes,PayPal,2024-04-18
1873,1395,1395,1395,Coat,43,Next Day Air,Yes,Yes,Cash,2024-11-04
1874,1396,1396,1396,Scarf,32,Next Day Air,Yes,Yes,PayPal,2024-04-27
1875,1397,1397,1397,Pants,30,Next Day Air,Yes,Yes,Debit Card,2024-01-07
1876,1398,1398,1398,Sunglasses,67,Store Pickup,Yes,Yes,PayPal,2024-08-05
1877,1399,1399,1399,Dress,45,Free Shipping,Yes,Yes,Credit Card,2024-07-14
1879,1400,1400,1400,Hat,81,Store Pickup,Yes,Yes,Venmo,2024-02-01
1880,1401,1401,1401,Backpack,23,Next Day Air,Yes,Yes,Credit Card,2024-11-20
1881,1402,1402,1402,Sandals,59,2-Day Shipping,Yes,Yes,PayPal,2024-11-03
1882,1403,1403,1403,Sunglasses,21,Express,Yes,Yes,PayPal,2024-08-13
1883,1404,1404,1404,Backpack,20,Store Pickup,Yes,Yes,Credit Card,2024-03-22
1885,1405,1405,1405,Jewelry,28,Next Day Air,Yes,Yes,Debit Card,2024-12-20
1886,1406,1406,1406,Socks,100,Store Pickup,Yes,Yes,Credit Card,2024-01-07
1887,1407,1407,1407,Shirt,46,Express,Yes,Yes,Debit Card,2024-05-01
1888,1408,1408,1408,Handbag,61,Express,Yes,Yes,Credit Card,2024-04-08
1889,1409,1409,1409,Blouse,58,Free Shipping,Yes,Yes,Venmo,2024-12-07
1891,1410,1410,1410,Backpack,50,Standard,Yes,Yes,Cash,2024-05-14
1892,1411,1411,1411,Hat,93,Store Pickup,Yes,Yes,Debit Card,2024-07-09
1893,1412,1412,1412,Skirt,24,Store Pickup,Yes,Yes,Venmo,2024-08-28
1894,1413,1413,1413,Shorts,100,2-Day Shipping,Yes,Yes,Venmo,2024-06-05
1895,1414,1414,1414,Blouse,79,Store Pickup,Yes,Yes,Bank Transfer,2024-09-11
1897,1415,1415,1415,Socks,51,Store Pickup,Yes,Yes,Credit Card,2024-07-02
1898,1416,1416,1416,Belt,90,Free Shipping,Yes,Yes,Credit Card,2024-12-22
1899,1417,1417,1417,Boots,56,Free Shipping,Yes,Yes,Cash,2024-07-16
1900,1418,1418,1418,Shorts,25,Standard,Yes,Yes,Debit Card,2024-04-08
1901,1419,1419,1419,Shirt,75,2-Day Shipping,Yes,Yes,Venmo,2024-08-20
1903,1420,1420,1420,Handbag,75,Free Shipping,Yes,Yes,Debit Card,2024-08-23
1904,1421,1421,1421,Jeans,53,Store Pickup,Yes,Yes,PayPal,2024-06-27
1905,1422,1422,1422,Dress,100,Standard,Yes,Yes,Bank Transfer,2024-05-08
1906,1423,1423,1423,Dress,27,Free Shipping,Yes,Yes,PayPal,2024-11-08
1907,1424,1424,1424,Sandals,60,Free Shipping,Yes,Yes,Venmo,2024-10-06
1909,1425,1425,1425,Jacket,23,Standard,Yes,Yes,Bank Transfer,2024-09-23
1910,1426,1426,1426,Coat,40,Next Day Air,Yes,Yes,Credit Card,2024-12-06
1911,1427,1427,1427,Pants,38,Free Shipping,Yes,Yes,PayPal,2024-06-26
1912,1428,1428,1428,Backpack,90,Store Pickup,Yes,Yes,Credit Card,2024-06-13
1913,1429,1429,1429,Blouse,97,Express,Yes,Yes,PayPal,2024-08-28
1915,1430,1430,1430,Skirt,38,Standard,Yes,Yes,Credit Card,2024-09-22
1916,1431,1431,1431,Sandals,30,Free Shipping,Yes,Yes,Credit Card,2024-07-23
1917,1432,1432,1432,Pants,88,Express,Yes,Yes,Venmo,2024-11-19
1918,1433,1433,1433,Hat,33,Express,Yes,Yes,Debit Card,2024-02-26
1919,1434,1434,1434,Hoodie,60,Next Day Air,Yes,Yes,Debit Card,2024-12-10
1921,1435,1435,1435,Sweater,64,Free Shipping,Yes,Yes,Debit Card,2024-06-04
1922,1436,1436,1436,Scarf,95,Standard,Yes,Yes,Cash,2024-11-03
1923,1437,1437,1437,Sneakers,83,Free Shipping,Yes,Yes,PayPal,2024-01-11
1924,1438,1438,1438,Boots,97,Free Shipping,Yes,Yes,Cash,2024-02-02
1925,1439,1439,1439,Coat,38,Standard,Yes,Yes,Debit Card,2024-04-28
1927,1440,1440,1440,Boots,48,Next Day Air,Yes,Yes,Cash,2024-06-24
1928,1441,1441,1441,Sandals,76,Standard,Yes,Yes,Venmo,2024-03-20
1929,1442,1442,1442,Pants,25,Free Shipping,Yes,Yes,Venmo,2024-06-03
1930,1443,1443,1443,Hoodie,92,2-Day Shipping,Yes,Yes,Credit Card,2024-05-24
1931,1444,1444,1444,Sandals,47,Next Day Air,Yes,Yes,Cash,2024-09-05
1933,1445,1445,1445,Sweater,36,Express,Yes,Yes,Cash,2024-10-11
1934,1446,1446,1446,Belt,51,2-Day Shipping,Yes,Yes,Credit Card,2024-09-28
1935,1447,1447,1447,Jeans,35,Express,Yes,Yes,Credit Card,2024-06-14
1936,1448,1448,1448,Hoodie,57,Next Day Air,Yes,Yes,PayPal,2024-07-06
1937,1449,1449,1449,Boots,95,Free Shipping,Yes,Yes,Credit Card,2024-06-20
1939,1450,1450,1450,Socks,41,Store Pickup,Yes,Yes,Cash,2024-01-15
1940,1451,1451,1451,Dress,44,Free Shipping,Yes,Yes,Cash,2024-02-20
1941,1452,1452,1452,Jacket,34,Next Day Air,Yes,Yes,PayPal,2024-11-13
1942,1453,1453,1453,Jacket,25,2-Day Shipping,Yes,Yes,Bank Transfer,2024-04-19
1943,1454,1454,1454,Boots,93,2-Day Shipping,Yes,Yes,Bank Transfer,2024-01-16
1945,1455,1455,1455,Sneakers,50,Free Shipping,Yes,Yes,Credit Card,2024-02-17
1946,1456,1456,1456,Pants,79,Express,Yes,Yes,PayPal,2024-10-03
1947,1457,1457,1457,Coat,100,Store Pickup,Yes,Yes,PayPal,2024-05-16
1948,1458,1458,1458,Shirt,57,Express,Yes,Yes,Venmo,2024-04-11
1949,1459,1459,1459,Sweater,28,2-Day Shipping,Yes,Yes,Venmo,2024-04-19
1951,1460,1460,1460,Shoes,35,Express,Yes,Yes,Venmo,2024-12-23
1952,1461,1461,1461,Boots,85,Standard,Yes,Yes,Venmo,2024-11-11
1953,1462,1462,1462,Sunglasses,95,2-Day Shipping,Yes,Yes,Venmo,2024-08-18
1954,1463,1463,1463,Sneakers,90,2-Day Shipping,Yes,Yes,Venmo,2024-06-04
1955,1464,1464,1464,Jewelry,49,Store Pickup,Yes,Yes,Bank Transfer,2024-08-18
1957,1465,1465,1465,Belt,92,2-Day Shipping,Yes,Yes,Bank Transfer,2024-01-04
1958,1466,1466,1466,Gloves,72,Store Pickup,Yes,Yes,Cash,2024-02-12
1959,1467,1467,1467,Shorts,71,Store Pickup,Yes,Yes,PayPal,2024-07-26
1960,1468,1468,1468,Jewelry,27,Store Pickup,Yes,Yes,Debit Card,2024-02-05
1961,1469,1469,1469,Gloves,39,Express,Yes,Yes,Cash,2024-11-22
1963,1470,1470,1470,Jewelry,98,Standard,Yes,Yes,PayPal,2024-01-25
1964,1471,1471,1471,Sandals,27,Next Day Air,Yes,Yes,Cash,2024-03-22
1965,1472,1472,1472,Jewelry,71,2-Day Shipping,Yes,Yes,Venmo,2024-05-20
1966,1473,1473,1473,Hat,24,Store Pickup,Yes,Yes,Cash,2024-05-11
1967,1474,1474,1474,Shorts,63,Express,Yes,Yes,Credit Card,2024-09-06
1969,1475,1475,1475,Sweater,72,Next Day Air,Yes,Yes,Credit Card,2024-11-28
1970,1476,1476,1476,Blouse,61,Express,Yes,Yes,Cash,2024-03-09
1971,1477,1477,1477,Hat,56,Next Day Air,Yes,Yes,Credit Card,2024-11-28
1972,1478,1478,1478,Belt,32,Standard,Yes,Yes,PayPal,2024-07-26
1973,1479,1479,1479,Gloves,23,Free Shipping,Yes,Yes,Venmo,2024-08-12
1975,1480,1480,1480,Coat,100,Standard,Yes,Yes,Bank Transfer,2024-05-18
1976,1481,1481,1481,Jewelry,74,Express,Yes,Yes,Cash,2024-11-08
1977,1482,1482,1482,Skirt,33,Standard,Yes,Yes,PayPal,2024-04-16
1978,1483,1483,1483,Gloves,67,2-Day Shipping,Yes,Yes,Bank Transfer,2024-04-12
1979,1484,1484,1484,Jewelry,61,Next Day Air,Yes,Yes,Debit Card,2024-07-15
1981,1485,1485,1485,Shorts,46,Store Pickup,Yes,Yes,Venmo,2024-06-24
1982,1486,1486,1486,Gloves,56,Standard,Yes,Yes,Cash,2024-03-20
1983,1487,1487,1487,Sneakers,73,Free Shipping,Yes,Yes,Venmo,2024-05-04
1984,1488,1488,1488,Skirt,44,Store Pickup,Yes,Yes,PayPal,2024-07-28
1985,1489,1489,1489,Hat,44,Standard,Yes,Yes,Credit Card,2024-12-03
1987,1490,1490,1490,Jewelry,26,Next Day Air,Yes,Yes,Venmo,2024-06-27
1988,1491,1491,1491,Sneakers,52,Express,Yes,Yes,Venmo,2024-05-24
1989,1492,1492,1492,Shirt,54,Free Shipping,Yes,Yes,Bank Transfer,2024-08-08
1990,1493,1493,1493,Jacket,38,Free Shipping,Yes,Yes,Venmo,2024-06-28
1991,1494,1494,1494,Belt,44,Standard,Yes,Yes,Credit Card,2024-10-05
1993,1495,1495,1495,T-shirt,76,Next Day Air,Yes,Yes,Bank Transfer,2024-05-22
1994,1496,1496,1496,Jewelry,23,Next Day Air,Yes,Yes,PayPal,2024-12-16
1995,1497,1497,1497,T-shirt,98,Standard,Yes,Yes,Venmo,2024-01-05
1996,1498,1498,1498,Jacket,33,2-Day Shipping,Yes,Yes,Debit Card,2024-05-07
1997,1499,1499,1499,Sweater,32,Standard,Yes,Yes,Venmo,2024-07-04
1999,1500,1500,1500,Boots,85,Free Shipping,Yes,Yes,Credit Card,2024-10-09
2000,1501,1501,1501,Jeans,69,Next Day Air,Yes,Yes,Debit Card,2024-08-25
2001,1502,1502,1502,Jeans,55,Standard,Yes,Yes,Debit Card,2024-05-06
2002,1503,1503,1503,Pants,66,Store Pickup,Yes,Yes,Cash,2024-08-23
2003,1504,1504,1504,Jacket,30,2-Day Shipping,Yes,Yes,Cash,2024-11-15
2005,1505,1505,1505,Jacket,80,Next Day Air,Yes,Yes,Bank Transfer,2024-01-11
2006,1506,1506,1506,Belt,20,Express,Yes,Yes,Cash,2024-07-02
2007,1507,1507,1507,Shirt,30,2-Day Shipping,Yes,Yes,PayPal,2024-09-05
2008,1508,1508,1508,Dress,86,2-Day Shipping,Yes,Yes,Venmo,2024-01-19
2009,1509,1509,1509,Blouse,84,Store Pickup,Yes,Yes,Cash,2024-05-03
2011,1510,1510,1510,Dress,54,Free Shipping,Yes,Yes,Debit Card,2024-08-09
2012,1511,1511,1511,Blouse,30,Free Shipping,Yes,Yes,Venmo,2024-10-27
2013,1512,1512,1512,Dress,91,Express,Yes,Yes,Credit Card,2024-01-22
2014,1513,1513,1513,Sneakers,23,Standard,Yes,Yes,PayPal,2024-02-12
2015,1514,1514,1514,Socks,35,Free Shipping,Yes,Yes,Cash,2024-05-01
2017,1515,1515,1515,Shoes,90,2-Day Shipping,Yes,Yes,Venmo,2024-01-02
2018,1516,1516,1516,Jeans,93,2-Day Shipping,Yes,Yes,Cash,2024-09-07
2019,1517,1517,1517,Jeans,68,Express,Yes,Yes,Bank Transfer,2024-12-03
2020,1518,1518,1518,Gloves,41,Standard,Yes,Yes,Cash,2024-03-07
2021,1519,1519,1519,Belt,73,Next Day Air,Yes,Yes,Venmo,2024-01-25
2023,1520,1520,1520,Sunglasses,73,Next Day Air,Yes,Yes,PayPal,2024-10-03
2024,1521,1521,1521,Hat,66,2-Day Shipping,Yes,Yes,Cash,2024-06-14
2025,1522,1522,1522,Backpack,59,2-Day Shipping,Yes,Yes,Bank Transfer,2024-07-03
2026,1523,1523,1523,Shorts,72,Free Shipping,Yes,Yes,Debit Card,2024-05-27
2027,1524,1524,1524,Socks,88,2-Day Shipping,Yes,Yes,Debit Card,2024-07-03
2029,1525,1525,1525,Socks,76,Free Shipping,Yes,Yes,Cash,2024-07-25
2030,1526,1526,1526,Belt,31,2-Day Shipping,Yes,Yes,Cash,2024-01-04
2031,1527,1527,1527,Jacket,22,Next Day Air,Yes,Yes,PayPal,2024-08-03
2032,1528,1528,1528,Hat,75,2-Day Shipping,Yes,Yes,Debit Card,2024-10-22
2033,1529,1529,1529,T-shirt,75,Store Pickup,Yes,Yes,Venmo,2024-03-18
2035,1530,1530,1530,Backpack,63,Free Shipping,Yes,Yes,Credit Card,2024-12-09
2036,1531,1531,1531,Coat,21,Next Day Air,Yes,Yes,Bank Transfer,2024-05-17
2037,1532,1532,1532,Backpack,83,Next Day Air,Yes,Yes,PayPal,2024-03-01
2038,1533,1533,1533,Jacket,46,Next Day Air,Yes,Yes,PayPal,2024-01-20
2039,1534,1534,1534,Shoes,59,2-Day Shipping,Yes,Yes,Bank Transfer,2024-07-21
2041,1535,1535,1535,Blouse,66,Free Shipping,Yes,Yes,Venmo,2024-07-15
2042,1536,1536,1536,Sandals,74,2-Day Shipping,Yes,Yes,Venmo,2024-11-25
2043,1537,1537,1537,Sunglasses,82,Store Pickup,Yes,Yes,Cash,2024-06-09
2044,1538,1538,1538,Shoes,89,Next Day Air,Yes,Yes,Venmo,2024-04-03
2045,1539,1539,1539,Dress,65,Standard,Yes,Yes,Venmo,2024-10-20
2047,1540,1540,1540,Belt,55,2-Day Shipping,Yes,Yes,Cash,2024-04-04
2048,1541,1541,1541,Shorts,95,Next Day Air,Yes,Yes,Bank Transfer,2024-12-19
2049,1542,1542,1542,Handbag,77,Store Pickup,Yes,Yes,Cash,2024-02-01
2050,1543,1543,1543,Blouse,44,Next Day Air,Yes,Yes,PayPal,2024-02-09
2051,1544,1544,1544,Jeans,89,Standard,Yes,Yes,Venmo,2024-11-06
2053,1545,1545,1545,Jewelry,24,Standard,Yes,Yes,Debit Card,2024-04-27
2054,1546,1546,1546,Belt,43,Store Pickup,Yes,Yes,Bank Transfer,2024-01-08
2055,1547,1547,1547,Sneakers,51,Express,Yes,Yes,Bank Transfer,2024-08-25
2056,1548,1548,1548,Hat,46,Standard,Yes,Yes,Cash,2024-06-07
2057,1549,1549,1549,Dress,32,Store Pickup,Yes,Yes,Bank Transfer,2024-07-01
2059,1550,1550,1550,Sneakers,55,2-Day Shipping,Yes,Yes,Debit Card,2024-04-05
2060,1551,1551,1551,Sunglasses,26,Free Shipping,Yes,Yes,Bank Transfer,2024-07-18
2061,1552,1552,1552,Handbag,29,2-Day Shipping,Yes,Yes,Credit Card,2024-06-01
2062,1553,1553,1553,Blouse,49,Express,Yes,Yes,Credit Card,2024-05-26
2063,1554,1554,1554,Blouse,45,Free Shipping,Yes,Yes,Debit Card,2024-05-03
2065,1555,1555,1555,Shorts,48,Standard,Yes,Yes,Cash,2024-02-10
2066,1556,1556,1556,Shorts,47,Free Shipping,Yes,Yes,Cash,2024-02-23
2067,1557,1557,1557,Hoodie,57,Standard,Yes,Yes,Credit Card,2024-10-06
2068,1558,1558,1558,Backpack,34,Next Day Air,Yes,Yes,PayPal,2024-11-01
2069,1559,1559,1559,Sunglasses,75,Express,Yes,Yes,Credit Card,2024-10-14
2071,1560,1560,1560,Scarf,94,Store Pickup,Yes,Yes,PayPal,2024-09-20
2072,1561,1561,1561,Hat,84,Free Shipping,Yes,Yes,Debit Card,2024-12-10
2073,1562,1562,1562,Scarf,38,Standard,Yes,Yes,Bank Transfer,2024-08-06
2074,1563,1563,1563,Scarf,75,Next Day Air,Yes,Yes,Venmo,2024-12-23
2075,1564,1564,1564,Pants,44,Next Day Air,Yes,Yes,Cash,2024-09-06
2077,1565,1565,1565,Backpack,33,Next Day Air,Yes,Yes,Debit Card,2024-08-14
2078,1566,1566,1566,Sunglasses,93,Free Shipping,Yes,Yes,PayPal,2024-11-15
2079,1567,1567,1567,Sneakers,99,Free Shipping,Yes,Yes,Cash,2024-01-14
2080,1568,1568,1568,Backpack,33,Standard,Yes,Yes,Cash,2024-05-13
2081,1569,1569,1569,Sneakers,76,Store Pickup,Yes,Yes,Debit Card,2024-04-18
2083,1570,1570,1570,Skirt,63,Standard,Yes,Yes,Debit Card,2024-08-01
2084,1571,1571,1571,Pants,41,Next Day Air,Yes,Yes,Bank Transfer,2024-01-13
2085,1572,1572,1572,Jewelry,88,Next Day Air,Yes,Yes,Bank Transfer,2024-01-11
2086,1573,1573,1573,Skirt,92,2-Day Shipping,Yes,Yes,Debit Card,2024-08-20
2087,1574,1574,1574,T-shirt,31,2-Day Shipping,Yes,Yes,Debit Card,2024-07-21
2089,1575,1575,1575,Skirt,25,Free Shipping,Yes,Yes,PayPal,2024-04-17
2090,1576,1576,1576,Shirt,28,Next Day Air,Yes,Yes,Cash,2024-04-19
2091,1577,1577,1577,Dress,75,2-Day Shipping,Yes,Yes,PayPal,2024-05-14
2092,1578,1578,1578,Boots,34,Standard,Yes,Yes,Venmo,2024-05-03
2093,1579,1579,1579,Pants,97,2-Day Shipping,Yes,Yes,PayPal,2024-12-15
2095,1580,1580,1580,Jacket,80,Free Shipping,Yes,Yes,Bank Transfer,2024-07-11
2096,1581,1581,1581,Sneakers,71,Standard,Yes,Yes,Cash,2024-07-15
2097,1582,1582,1582,Jewelry,77,Free Shipping,Yes,Yes,Cash,2024-09-03
2098,1583,1583,1583,Belt,41,Next Day Air,Yes,Yes,Cash,2024-05-18
2099,1584,1584,1584,Scarf,92,Next Day Air,Yes,Yes,Venmo,2024-08-24
2101,1585,1585,1585,Blouse,95,Store Pickup,Yes,Yes,Credit Card,2024-04-02
2102,1586,1586,1586,Sweater,25,Next Day Air,Yes,Yes,Debit Card,2024-11-01
2103,1587,1587,1587,Boots,77,Express,Yes,Yes,Bank Transfer,2024-11-14
2104,1588,1588,1588,Socks,99,Free Shipping,Yes,Yes,Credit Card,2024-06-17
2105,1589,1589,1589,Belt,24,Next Day Air,Yes,Yes,Venmo,2024-01-26
2107,1590,1590,1590,Sneakers,72,Store Pickup,Yes,Yes,Cash,2024-08-10
2108,1591,1591,1591,Jeans,80,Free Shipping,Yes,Yes,PayPal,2024-01-02
2109,1592,1592,1592,Skirt,100,Next Day Air,Yes,Yes,PayPal,2024-12-09
2110,1593,1593,1593,Shoes,83,Free Shipping,Yes,Yes,Bank Transfer,2024-06-12
2111,1594,1594,1594,Dress,95,2-Day Shipping,Yes,Yes,Bank Transfer,2024-03-13
2113,1595,1595,1595,Handbag,41,Store Pickup,Yes,Yes,Cash,2024-06-19
2114,1596,1596,1596,Backpack,35,Standard,Yes,Yes,Debit Card,2024-04-01
2115,1597,1597,1597,Jewelry,30,Store Pickup,Yes,Yes,Debit Card,2024-10-12
2116,1598,1598,1598,Hat,21,Store Pickup,Yes,Yes,Bank Transfer,2024-01-12
2117,1599,1599,1599,Jewelry,85,Express,Yes,Yes,Venmo,2024-11-22
2119,1600,1600,1600,Shirt,54,2-Day Shipping,Yes,Yes,Debit Card,2024-12-27
2120,1601,1601,1601,Boots,26,Next Day Air,Yes,Yes,PayPal,2024-03-04
2121,1602,1602,1602,Shirt,59,Store Pickup,Yes,Yes,Credit Card,2024-05-28
2122,1603,1603,1603,Sunglasses,48,Free Shipping,Yes,Yes,Venmo,2024-01-20
2123,1604,1604,1604,Shorts,98,Next Day Air,Yes,Yes,Debit Card,2024-06-15
2125,1605,1605,1605,Sweater,92,2-Day Shipping,Yes,Yes,Credit Card,2024-06-01
2126,1606,1606,1606,Belt,46,Next Day Air,Yes,Yes,Credit Card,2024-12-03
2127,1607,1607,1607,T-shirt,21,Standard,Yes,Yes,PayPal,2024-05-12
2128,1608,1608,1608,Shorts,72,Free Shipping,Yes,Yes,Debit Card,2024-11-23
2129,1609,1609,1609,Sandals,58,Next Day Air,Yes,Yes,Bank Transfer,2024-09-25
2131,1610,1610,1610,Shirt,93,Standard,Yes,Yes,Venmo,2024-09-28
2132,1611,1611,1611,Socks,31,2-Day Shipping,Yes,Yes,PayPal,2024-04-23
2133,1612,1612,1612,Pants,26,Next Day Air,Yes,Yes,Debit Card,2024-02-03
2134,1613,1613,1613,Skirt,68,Standard,Yes,Yes,Venmo,2024-07-28
2135,1614,1614,1614,Jewelry,31,Next Day Air,Yes,Yes,Credit Card,2024-06-06
2137,1615,1615,1615,T-shirt,41,Free Shipping,Yes,Yes,Cash,2024-07-06
2138,1616,1616,1616,Jewelry,62,Standard,Yes,Yes,Cash,2024-11-05
2139,1617,1617,1617,Hat,41,Standard,Yes,Yes,Cash,2024-05-15
2140,1618,1618,1618,Blouse,64,Standard,Yes,Yes,Credit Card,2024-02-19
2141,1619,1619,1619,Sandals,72,Standard,Yes,Yes,Debit Card,2024-06-04
2143,1620,1620,1620,Handbag,78,Store Pickup,Yes,Yes,Venmo,2024-02-11
2144,1621,1621,1621,Hat,47,2-Day Shipping,Yes,Yes,PayPal,2024-02-22
2145,1622,1622,1622,Scarf,46,2-Day Shipping,Yes,Yes,Debit Card,2024-06-10
2146,1623,1623,1623,Shorts,43,Store Pickup,Yes,Yes,Bank Transfer,2024-12-27
2147,1624,1624,1624,Backpack,58,Next Day Air,Yes,Yes,Debit Card,2024-08-04
2149,1625,1625,1625,Sweater,32,Free Shipping,Yes,Yes,PayPal,2024-02-03
2150,1626,1626,1626,Skirt,45,Next Day Air,Yes,Yes,PayPal,2024-02-01
2151,1627,1627,1627,Sneakers,35,Next Day Air,Yes,Yes,Credit Card,2024-07-22
2152,1628,1628,1628,Sunglasses,21,Next Day Air,Yes,Yes,Credit Card,2024-02-06
2153,1629,1629,1629,Dress,64,Next Day Air,Yes,Yes,Cash,2024-12-05
2155,1630,1630,1630,Blouse,88,Next Day Air,Yes,Yes,Venmo,2024-05-01
2156,1631,1631,1631,Shoes,48,Store Pickup,Yes,Yes,Venmo,2024-08-05
2157,1632,1632,1632,Sweater,36,2-Day Shipping,Yes,Yes,Bank Transfer,2024-08-17
2158,1633,1633,1633,Gloves,28,2-Day Shipping,Yes,Yes,Debit Card,2024-07-02
2159,1634,1634,1634,Socks,80,2-Day Shipping,Yes,Yes,Debit Card,2024-03-19
2161,1635,1635,1635,Coat,23,Store Pickup,Yes,Yes,Cash,2024-06-14
2162,1636,1636,1636,Sunglasses,24,Standard,Yes,Yes,Cash,2024-07-07
2163,1637,1637,1637,Boots,22,Free Shipping,Yes,Yes,Cash,2024-11-03
2164,1638,1638,1638,Dress,21,Next Day Air,Yes,Yes,Venmo,2024-03-19
2165,1639,1639,1639,Jacket,51,Free Shipping,Yes,Yes,Venmo,2024-05-27
2167,1640,1640,1640,Gloves,65,Free Shipping,Yes,Yes,PayPal,2024-06-22
2168,1641,1641,1641,Scarf,51,2-Day Shipping,Yes,Yes,PayPal,2024-03-15
2169,1642,1642,1642,Hoodie,32,Free Shipping,Yes,Yes,Bank Transfer,2024-06-03
2170,1643,1643,1643,Coat,70,Store Pickup,Yes,Yes,PayPal,2024-03-27
2171,1644,1644,1644,Scarf,77,2-Day Shipping,Yes,Yes,PayPal,2024-06-04
2173,1645,1645,1645,Coat,90,Next Day Air,Yes,Yes,Debit Card,2024-07-28
2174,1646,1646,1646,Scarf,36,Standard,Yes,Yes,Venmo,2024-08-28
2175,1647,1647,1647,Handbag,77,Standard,Yes,Yes,Bank Transfer,2024-06-04
2176,1648,1648,1648,Boots,78,Store Pickup,Yes,Yes,Debit Card,2024-07-17
2177,1649,1649,1649,Pants,69,Express,Yes,Yes,Credit Card,2024-08-06
2179,1650,1650,1650,T-shirt,63,Free Shipping,Yes,Yes,Credit Card,2024-08-28
2180,1651,1651,1651,Scarf,36,Next Day Air,Yes,Yes,Credit Card,2024-01-16
2181,1652,1652,1652,Coat,80,Standard,Yes,Yes,Debit Card,2024-12-27
2182,1653,1653,1653,Sweater,35,Next Day Air,Yes,Yes,Bank Transfer,2024-06-21
2183,1654,1654,1654,Belt,93,2-Day Shipping,Yes,Yes,Debit Card,2024-02-27
2185,1655,1655,1655,Belt,25,Store Pickup,Yes,Yes,Credit Card,2024-04-03
2186,1656,1656,1656,Sweater,81,Next Day Air,Yes,Yes,PayPal,2024-04-23
2187,1657,1657,1657,Blouse,42,2-Day Shipping,Yes,Yes,PayPal,2024-05-24
2188,1658,1658,1658,Skirt,36,Store Pickup,Yes,Yes,Debit Card,2024-03-18
2189,1659,1659,1659,Jewelry,66,Store Pickup,Yes,Yes,Cash,2024-03-20
2191,1660,1660,1660,Gloves,37,Next Day Air,Yes,Yes,Venmo,2024-11-03
2192,1661,1661,1661,T-shirt,45,Standard,Yes,Yes,Venmo,2024-12-12
2193,1662,1662,1662,Gloves,86,2-Day Shipping,Yes,Yes,Debit Card,2024-06-28
2194,1663,1663,1663,Sunglasses,24,Free Shipping,Yes,Yes,Debit Card,2024-12-21
2195,1664,1664,1664,Shirt,22,Standard,Yes,Yes,Cash,2024-06-17
2197,1665,1665,1665,Handbag,53,Next Day Air,Yes,Yes,PayPal,2024-05-17
2198,1666,1666,1666,Jacket,41,Next Day Air,Yes,Yes,Venmo,2024-09-24
2199,1667,1667,1667,Skirt,64,Store Pickup,Yes,Yes,PayPal,2024-07-14
2200,1668,1668,1668,Handbag,40,2-Day Shipping,Yes,Yes,Bank Transfer,2024-02-15
2201,1669,1669,1669,Blouse,33,Standard,Yes,Yes,Debit Card,2024-06-28
2203,1670,1670,1670,T-shirt,59,Store Pickup,Yes,Yes,Bank Transfer,2024-02-09
2204,1671,1671,1671,Pants,73,Free Shipping,Yes,Yes,Cash,2024-09-21
2205,1672,1672,1672,Hoodie,22,Free Shipping,Yes,Yes,Bank Transfer,2024-12-15
2206,1673,1673,1673,Boots,73,Free Shipping,Yes,Yes,Venmo,2024-10-23
2207,1674,1674,1674,Blouse,62,Next Day Air,Yes,Yes,Venmo,2024-09-16
2209,1675,1675,1675,Coat,56,Free Shipping,Yes,Yes,Debit Card,2024-02-26
2210,1676,1676,1676,Pants,90,Next Day Air,Yes,Yes,Credit Card,2024-04-09
2211,1677,1677,1677,Sunglasses,44,Next Day Air,Yes,Yes,Bank Transfer,2024-02-12
2212,1678,1678,1678,Jeans,35,Next Day Air,No,No,Debit Card,2024-08-19
2213,1679,1679,1679,Pants,71,2-Day Shipping,No,No,Venmo,2024-07-15
2215,1680,1680,1680,Dress,52,Next Day Air,No,No,Debit Card,2024-11-20
2216,1681,1681,1681,Shoes,37,Store Pickup,No,No,Credit Card,2024-06-19
2217,1682,1682,1682,Sneakers,95,2-Day Shipping,No,No,Credit Card,2024-01-15
2218,1683,1683,1683,Socks,97,2-Day Shipping,No,No,Credit Card,2024-09-20
2219,1684,1684,1684,Coat,57,Next Day Air,No,No,Venmo,2024-03-06
2221,1685,1685,1685,Shirt,93,Standard,No,No,PayPal,2024-03-12
2222,1686,1686,1686,Blouse,48,Standard,No,No,PayPal,2024-01-28
2223,1687,1687,1687,Gloves,75,Store Pickup,No,No,Cash,2024-09-13
2224,1688,1688,1688,Skirt,70,Free Shipping,No,No,PayPal,2024-01-20
2225,1689,1689,1689,Handbag,26,Next Day Air,No,No,Venmo,2024-02-23
2227,1690,1690,1690,Shirt,73,Store Pickup,No,No,Bank Transfer,2024-12-08
2228,1691,1691,1691,Coat,30,Free Shipping,No,No,Cash,2024-07-07
2229,1692,1692,1692,Shoes,61,Next Day Air,No,No,Cash,2024-08-03
2230,1693,1693,1693,Handbag,75,Standard,No,No,Cash,2024-01-05
2231,1694,1694,1694,Jacket,88,Standard,No,No,Bank Transfer,2024-09-04
2233,1695,1695,1695,Shirt,67,Express,No,No,Debit Card,2024-07-02
2234,1696,1696,1696,Hat,95,2-Day Shipping,No,No,PayPal,2024-09-13
2235,1697,1697,1697,Sunglasses,69,Free Shipping,No,No,Credit Card,2024-05-08
2236,1698,1698,1698,Shirt,87,Next Day Air,No,No,Credit Card,2024-11-04
2237,1699,1699,1699,Belt,41,Standard,No,No,Bank Transfer,2024-12-27
2239,1700,1700,1700,Sweater,67,Free Shipping,No,No,Debit Card,2024-03-18
2240,1701,1701,1701,Hoodie,70,Express,No,No,Bank Transfer,2024-11-22
2241,1702,1702,1702,Handbag,41,Next Day Air,No,No,Debit Card,2024-12-02
2242,1703,1703,1703,Jeans,83,Express,No,No,Bank Transfer,2024-08-27
2243,1704,1704,1704,Backpack,22,Next Day Air,No,No,Bank Transfer,2024-05-26
2245,1705,1705,1705,Sneakers,20,Store Pickup,No,No,Cash,2024-06-22
2246,1706,1706,1706,Jewelry,29,2-Day Shipping,No,No,Venmo,2024-06-16
2247,1707,1707,1707,Sunglasses,87,Standard,No,No,Venmo,2024-03-27
2248,1708,1708,1708,Shorts,81,2-Day Shipping,No,No,Cash,2024-11-03
2249,1709,1709,1709,Boots,58,Express,No,No,Credit Card,2024-04-06
2251,1710,1710,1710,Skirt,83,Standard,No,No,Bank Transfer,2024-01-09
2252,1711,1711,1711,Pants,59,Store Pickup,No,No,Credit Card,2024-09-09
2253,1712,1712,1712,T-shirt,93,Express,No,No,Credit Card,2024-03-19
2254,1713,1713,1713,T-shirt,87,2-Day Shipping,No,No,Cash,2024-11-11
2255,1714,1714,1714,Jacket,22,Free Shipping,No,No,PayPal,2024-02-11
2257,1715,1715,1715,Jeans,71,Standard,No,No,Cash,2024-08-03
2258,1716,1716,1716,Dress,69,2-Day Shipping,No,No,PayPal,2024-03-08
2259,1717,1717,1717,Blouse,47,Standard,No,No,Cash,2024-12-04
2260,1718,1718,1718,Hoodie,50,Express,No,No,Debit Card,2024-06-16
2261,1719,1719,1719,T-shirt,96,2-Day Shipping,No,No,PayPal,2024-12-11
2263,1720,1720,1720,Sweater,39,Free Shipping,No,No,Venmo,2024-01-28
2264,1721,1721,1721,Shorts,84,Express,No,No,Debit Card,2024-01-24
2265,1722,1722,1722,Jewelry,28,Free Shipping,No,No,Credit Card,2024-05-01
2266,1723,1723,1723,T-shirt,51,Standard,No,No,Cash,2024-07-16
2267,1724,1724,1724,Scarf,20,Standard,No,No,PayPal,2024-04-16
2269,1725,1725,1725,Shoes,72,Free Shipping,No,No,PayPal,2024-12-10
2270,1726,1726,1726,Sunglasses,33,Next Day Air,No,No,Venmo,2024-04-20
2271,1727,1727,1727,Coat,28,Express,No,No,Debit Card,2024-06-04
2272,1728,1728,1728,Blouse,53,Express,No,No,PayPal,2024-05-17
2273,1729,1729,1729,Jeans,48,Express,No,No,Debit Card,2024-10-25
2275,1730,1730,1730,Shorts,21,Store Pickup,No,No,Venmo,2024-01-19
2276,1731,1731,1731,Shirt,22,Free Shipping,No,No,Credit Card,2024-09-03
2277,1732,1732,1732,Backpack,87,Next Day Air,No,No,Cash,2024-11-01
2278,1733,1733,1733,Belt,50,Free Shipping,No,No,Cash,2024-12-23
2279,1734,1734,1734,Blouse,85,Express,No,No,Credit Card,2024-08-02
2281,1735,1735,1735,Jeans,98,Next Day Air,No,No,PayPal,2024-03-20
2282,1736,1736,1736,Dress,34,Express,No,No,Venmo,2024-12-01
2283,1737,1737,1737,Shorts,61,2-Day Shipping,No,No,Cash,2024-06-18
2284,1738,1738,1738,Jewelry,98,Store Pickup,No,No,Venmo,2024-07-08
2285,1739,1739,1739,Handbag,61,2-Day Shipping,No,No,Credit Card,2024-03-09
2287,1740,1740,1740,Jewelry,98,Express,No,No,Cash,2024-12-12
2288,1741,1741,1741,Pants,21,Next Day Air,No,No,Bank Transfer,2024-10-28
2289,1742,1742,1742,Pants,51,Next Day Air,No,No,Bank Transfer,2024-01-10
2290,1743,1743,1743,Sandals,80,Express,No,No,Venmo,2024-03-23
2291,1744,1744,1744,Skirt,72,Standard,No,No,Bank Transfer,2024-02-05
2293,1745,1745,1745,Sunglasses,63,Standard,No,No,PayPal,2024-01-20
2294,1746,1746,1746,Skirt,27,Store Pickup,No,No,Cash,2024-01-02
2295,1747,1747,1747,Handbag,44,Store Pickup,No,No,Bank Transfer,2024-06-11
2296,1748,1748,1748,Coat,23,Express,No,No,Venmo,2024-12-11
2297,1749,1749,1749,Skirt,93,2-Day Shipping,No,No,Bank Transfer,2024-02-25
2299,1750,1750,1750,Hoodie,70,2-Day Shipping,No,No,Debit Card,2024-11-12
2300,1751,1751,1751,Sunglasses,85,Express,No,No,Venmo,2024-11-05
2301,1752,1752,1752,Sweater,40,2-Day Shipping,No,No,Cash,2024-12-17
2302,1753,1753,1753,Boots,29,Store Pickup,No,No,Venmo,2024-12-08
2303,1754,1754,1754,Skirt,27,Next Day Air,No,No,Credit Card,2024-11-06
2305,1755,1755,1755,Dress,93,2-Day Shipping,No,No,Credit Card,2024-11-06
2306,1756,1756,1756,Belt,20,Next Day Air,No,No,Cash,2024-04-13
2307,1757,1757,1757,Jewelry,55,Free Shipping,No,No,Bank Transfer,2024-10-24
2308,1758,1758,1758,Dress,94,Standard,No,No,Debit Card,2024-11-26
2309,1759,1759,1759,Hat,56,Free Shipping,No,No,Venmo,2024-01-18
2311,1760,1760,1760,Sweater,58,Next Day Air,No,No,PayPal,2024-03-14
2312,1761,1761,1761,Skirt,44,Standard,No,No,PayPal,2024-03-14
2313,1762,1762,1762,Hoodie,95,2-Day Shipping,No,No,Cash,2024-10-05
2314,1763,1763,1763,Sandals,42,Express,No,No,Bank Transfer,2024-07-23
2315,1764,1764,1764,Jewelry,93,Store Pickup,No,No,PayPal,2024-12-26
2317,1765,1765,1765,Dress,56,Store Pickup,No,No,Venmo,2024-08-25
2318,1766,1766,1766,Hoodie,88,2-Day Shipping,No,No,Venmo,2024-03-15
2319,1767,1767,1767,Sweater,54,2-Day Shipping,No,No,Cash,2024-02-15
2320,1768,1768,1768,Jewelry,89,2-Day Shipping,No,No,Debit Card,2024-09-28
2321,1769,1769,1769,Sandals,45,2-Day Shipping,No,No,PayPal,2024-06-22
2323,1770,1770,1770,Socks,75,Free Shipping,No,No,Cash,2024-12-12
2324,1771,1771,1771,Backpack,22,Express,No,No,Bank Transfer,2024-09-04
2325,1772,1772,1772,Shirt,82,Store Pickup,No,No,Credit Card,2024-09-28
2326,1773,1773,1773,Shoes,34,2-Day Shipping,No,No,Bank Transfer,2024-06-10
2327,1774,1774,1774,Coat,92,Free Shipping,No,No,PayPal,2024-06-09
2329,1775,1775,1775,Sweater,78,Express,No,No,PayPal,2024-04-17
2330,1776,1776,1776,Jacket,47,2-Day Shipping,No,No,Cash,2024-03-04
2331,1777,1777,1777,Jacket,64,Free Shipping,No,No,Venmo,2024-06-17
2332,1778,1778,1778,Sneakers,44,Free Shipping,No,No,Cash,2024-12-02
2333,1779,1779,1779,Belt,94,Store Pickup,No,No,Debit Card,2024-02-02
2335,1780,1780,1780,Scarf,62,Free Shipping,No,No,Venmo,2024-02-11
2336,1781,1781,1781,Jewelry,81,Next Day Air,No,No,Credit Card,2024-06-04
2337,1782,1782,1782,T-shirt,33,Express,No,No,Bank Transfer,2024-10-16
2338,1783,1783,1783,Pants,88,Next Day Air,No,No,Bank Transfer,2024-09-04
2339,1784,1784,1784,Handbag,49,Free Shipping,No,No,Credit Card,2024-02-24
2341,1785,1785,1785,Backpack,31,Standard,No,No,Debit Card,2024-07-19
2342,1786,1786,1786,Gloves,29,Next Day Air,No,No,Venmo,2024-09-27
2343,1787,1787,1787,Jacket,34,2-Day Shipping,No,No,Venmo,2024-05-21
2344,1788,1788,1788,Sweater,38,2-Day Shipping,No,No,Bank Transfer,2024-10-05
2345,1789,1789,1789,Blouse,41,Store Pickup,No,No,Cash,2024-06-05
2347,1790,1790,1790,Blouse,34,2-Day Shipping,No,No,Debit Card,2024-04-08
2348,1791,1791,1791,Gloves,26,Store Pickup,No,No,PayPal,2024-08-28
2349,1792,1792,1792,Jeans,98,Store Pickup,No,No,Cash,2024-02-07
2350,1793,1793,1793,Sneakers,59,Express,No,No,Debit Card,2024-09-01
2351,1794,1794,1794,Hat,92,Store Pickup,No,No,Cash,2024-10-13
2353,1795,1795,1795,Backpack,40,Express,No,No,Debit Card,2024-04-28
2354,1796,1796,1796,Jeans,20,2-Day Shipping,No,No,Debit Card,2024-11-27
2355,1797,1797,1797,Skirt,35,Store Pickup,No,No,Venmo,2024-04-01
2356,1798,1798,1798,Belt,35,2-Day Shipping,No,No,Venmo,2024-03-28
2357,1799,1799,1799,Dress,82,Express,No,No,Cash,2024-12-05
2359,1800,1800,1800,Hoodie,48,Express,No,No,Venmo,2024-10-13
2360,1801,1801,1801,Coat,58,Express,No,No,Credit Card,2024-02-13
2361,1802,1802,1802,Sweater,57,Express,No,No,Debit Card,2024-05-26
2362,1803,1803,1803,Shorts,96,Store Pickup,No,No,Venmo,2024-12-16
2363,1804,1804,1804,Sneakers,97,Free Shipping,No,No,Venmo,2024-06-24
2365,1805,1805,1805,Sweater,42,Next Day Air,No,No,Credit Card,2024-12-28
2366,1806,1806,1806,T-shirt,62,Store Pickup,No,No,Debit Card,2024-03-01
2367,1807,1807,1807,Handbag,67,Standard,No,No,Venmo,2024-09-19
2368,1808,1808,1808,Sneakers,46,Standard,No,No,Venmo,2024-06-08
2369,1809,1809,1809,Jacket,71,Next Day Air,No,No,Debit Card,2024-03-11
2371,1810,1810,1810,Backpack,99,Free Shipping,No,No,Debit Card,2024-11-06
2372,1811,1811,1811,Jeans,28,Standard,No,No,Cash,2024-09-01
2373,1812,1812,1812,Belt,77,Standard,No,No,Bank Transfer,2024-08-04
2374,1813,1813,1813,Boots,63,Express,No,No,PayPal,2024-06-05
2375,1814,1814,1814,Shorts,62,Free Shipping,No,No,PayPal,2024-03-28
2377,1815,1815,1815,Jeans,92,Free Shipping,No,No,Cash,2024-07-24
2378,1816,1816,1816,Shoes,72,2-Day Shipping,No,No,Credit Card,2024-01-21
2379,1817,1817,1817,Hat,79,Express,No,No,Cash,2024-08-26
2380,1818,1818,1818,T-shirt,27,Free Shipping,No,No,Cash,2024-06-26
2381,1819,1819,1819,Sunglasses,39,Express,No,No,Debit Card,2024-10-10
2383,1820,1820,1820,Socks,86,Next Day Air,No,No,Cash,2024-03-03
2384,1821,1821,1821,Shirt,94,Express,No,No,PayPal,2024-10-01
2385,1822,1822,1822,Shorts,53,Express,No,No,PayPal,2024-05-26
2386,1823,1823,1823,Shirt,85,Standard,No,No,Cash,2024-08-09
2387,1824,1824,1824,Socks,50,Free Shipping,No,No,Bank Transfer,2024-10-08
2389,1825,1825,1825,Pants,47,Express,No,No,Cash,2024-02-01
2390,1826,1826,1826,Boots,75,Next Day Air,No,No,Credit Card,2024-02-27
2391,1827,1827,1827,T-shirt,60,Express,No,No,Debit Card,2024-02-24
2392,1828,1828,1828,T-shirt,36,2-Day Shipping,No,No,Bank Transfer,2024-04-15
2393,1829,1829,1829,Coat,80,Express,No,No,Cash,2024-03-05
2395,1830,1830,1830,Hat,96,2-Day Shipping,No,No,Credit Card,2024-04-04
2396,1831,1831,1831,Sunglasses,80,Express,No,No,Venmo,2024-02-27
2397,1832,1832,1832,Blouse,71,Free Shipping,No,No,Bank Transfer,2024-08-07
2398,1833,1833,1833,Jewelry,29,Free Shipping,No,No,Cash,2024-09-28
2399,1834,1834,1834,Jewelry,53,2-Day Shipping,No,No,PayPal,2024-03-24
2401,1835,1835,1835,Skirt,35,2-Day Shipping,No,No,Venmo,2024-07-04
2402,1836,1836,1836,Scarf,75,2-Day Shipping,No,No,Credit Card,2024-10-11
2403,1837,1837,1837,Pants,52,2-Day Shipping,No,No,Credit Card,2024-09-24
2404,1838,1838,1838,Hat,77,Free Shipping,No,No,Venmo,2024-02-04
2405,1839,1839,1839,Gloves,24,Next Day Air,No,No,Credit Card,2024-11-21
2407,1840,1840,1840,Shirt,78,Store Pickup,No,No,Cash,2024-12-13
2408,1841,1841,1841,Sandals,98,Store Pickup,No,No,Bank Transfer,2024-01-14
2409,1842,1842,1842,Socks,57,Standard,No,No,PayPal,2024-12-03
2410,1843,1843,1843,Handbag,78,Express,No,No,Debit Card,2024-06-03
2411,1844,1844,1844,Jacket,76,Next Day Air,No,No,Credit Card,2024-11-22
2413,1845,1845,1845,Shorts,26,2-Day Shipping,No,No,Credit Card,2024-04-07
2414,1846,1846,1846,Sandals,78,2-Day Shipping,No,No,Bank Transfer,2024-02-08
2415,1847,1847,1847,Scarf,53,Standard,No,No,Venmo,2024-07-17
2416,1848,1848,1848,Sandals,100,Free Shipping,No,No,Credit Card,2024-07-04
2417,1849,1849,1849,Jeans,73,Express,No,No,Cash,2024-02-16
2419,1850,1850,1850,Skirt,40,Store Pickup,No,No,Bank Transfer,2024-02-21
2420,1851,1851,1851,Gloves,76,Store Pickup,No,No,Debit Card,2024-01-15
2421,1852,1852,1852,Skirt,80,Free Shipping,No,No,Bank Transfer,2024-10-26
2422,1853,1853,1853,Sweater,80,Store Pickup,No,No,Cash,2024-02-04
2423,1854,1854,1854,Blouse,67,Express,No,No,PayPal,2024-05-23
2425,1855,1855,1855,Sweater,61,Express,No,No,Credit Card,2024-05-06
2426,1856,1856,1856,Shirt,76,Standard,No,No,Cash,2024-04-20
2427,1857,1857,1857,Jewelry,55,Free Shipping,No,No,PayPal,2024-06-28
2428,1858,1858,1858,T-shirt,85,Next Day Air,No,No,Cash,2024-08-27
2429,1859,1859,1859,Scarf,69,2-Day Shipping,No,No,Debit Card,2024-03-06
2431,1860,1860,1860,Belt,26,Store Pickup,No,No,Debit Card,2024-06-13
2432,1861,1861,1861,T-shirt,64,Next Day Air,No,No,Credit Card,2024-07-15
2433,1862,1862,1862,Sneakers,60,Standard,No,No,Debit Card,2024-09-15
2434,1863,1863,1863,Gloves,36,Express,No,No,PayPal,2024-02-20
2435,1864,1864,1864,Sandals,21,2-Day Shipping,No,No,Debit Card,2024-05-07
2437,1865,1865,1865,Backpack,72,2-Day Shipping,No,No,Venmo,2024-11-28
2438,1866,1866,1866,Pants,62,Store Pickup,No,No,Bank Transfer,2024-06-02
2439,1867,1867,1867,T-shirt,44,Standard,No,No,Credit Card,2024-12-12
2440,1868,1868,1868,Skirt,52,2-Day Shipping,No,No,Venmo,2024-09-15
2441,1869,1869,1869,Gloves,58,Next Day Air,No,No,Cash,2024-04-19
2443,1870,1870,1870,Blouse,77,2-Day Shipping,No,No,Debit Card,2024-03-01
2444,1871,1871,1871,Blouse,99,Store Pickup,No,No,Debit Card,2024-05-14
2445,1872,1872,1872,Jeans,96,Standard,No,No,Cash,2024-11-04
2446,1873,1873,1873,T-shirt,64,Standard,No,No,Credit Card,2024-08-24
2447,1874,1874,1874,Sweater,44,Express,No,No,Bank Transfer,2024-10-08
2449,1875,1875,1875,Pants,33,Free Shipping,No,No,Cash,2024-09-19
2450,1876,1876,1876,Boots,71,Next Day Air,No,No,Credit Card,2024-01-04
2451,1877,1877,1877,Skirt,36,Standard,No,No,Venmo,2024-11-19
2452,1878,1878,1878,Gloves,62,Express,No,No,Credit Card,2024-11-11
2453,1879,1879,1879,Socks,29,Store Pickup,No,No,Credit Card,2024-06-11
2455,1880,1880,1880,T-shirt,33,Express,No,No,Cash,2024-03-14
2456,1881,1881,1881,Blouse,33,2-Day Shipping,No,No,Debit Card,2024-10-06
2457,1882,1882,1882,Blouse,41,Standard,No,No,Cash,2024-02-19
2458,1883,1883,1883,Scarf,54,Store Pickup,No,No,Bank Transfer,2024-12-17
2459,1884,1884,1884,Backpack,58,Store Pickup,No,No,Debit Card,2024-05-12
2461,1885,1885,1885,Shorts,30,Next Day Air,No,No,Bank Transfer,2024-06-06
2462,1886,1886,1886,Jewelry,53,Standard,No,No,Cash,2024-01-25
2463,1887,1887,1887,Gloves,91,Next Day Air,No,No,Cash,2024-03-28
2464,1888,1888,1888,Hoodie,44,Express,No,No,PayPal,2024-09-05
2465,1889,1889,1889,Hoodie,89,Free Shipping,No,No,Credit Card,2024-02-22
2467,1890,1890,1890,Skirt,57,Next Day Air,No,No,Bank Transfer,2024-04-27
2468,1891,1891,1891,Sunglasses,57,Store Pickup,No,No,Credit Card,2024-04-20
2469,1892,1892,1892,Jewelry,74,Next Day Air,No,No,Debit Card,2024-08-11
2470,1893,1893,1893,Jacket,30,2-Day Shipping,No,No,Venmo,2024-11-03
2471,1894,1894,1894,Dress,20,Express,No,No,PayPal,2024-06-15
2473,1895,1895,1895,Hoodie,90,Free Shipping,No,No,Debit Card,2024-09-18
2474,1896,1896,1896,Jeans,61,Express,No,No,Debit Card,2024-09-04
2475,1897,1897,1897,Sandals,51,Standard,No,No,Venmo,2024-10-23
2476,1898,1898,1898,Sunglasses,97,Free Shipping,No,No,Debit Card,2024-01-04
2477,1899,1899,1899,Pants,97,Next Day Air,No,No,Venmo,2024-10-13
2479,1900,1900,1900,Shorts,40,Store Pickup,No,No,PayPal,2024-02-16
2480,1901,1901,1901,Jewelry,85,Free Shipping,No,No,Cash,2024-06-20
2481,1902,1902,1902,Socks,76,Store Pickup,No,No,Cash,2024-01-13
2482,1903,1903,1903,Sandals,22,Store Pickup,No,No,Venmo,2024-04-27
2483,1904,1904,1904,Pants,63,Standard,No,No,Bank Transfer,2024-07-14
2485,1905,1905,1905,T-shirt,71,Free Shipping,No,No,Cash,2024-03-22
2486,1906,1906,1906,Boots,35,2-Day Shipping,No,No,Bank Transfer,2024-07-26
2487,1907,1907,1907,Backpack,30,2-Day Shipping,No,No,PayPal,2024-04-03
2488,1908,1908,1908,Skirt,74,Store Pickup,No,No,Credit Card,2024-11-05
2489,1909,1909,1909,Scarf,71,Next Day Air,No,No,Debit Card,2024-01-03
2491,1910,1910,1910,Sweater,84,Store Pickup,No,No,Credit Card,2024-05-21
2492,1911,1911,1911,Sandals,38,Express,No,No,Debit Card,2024-10-18
2493,1912,1912,1912,Jewelry,81,Express,No,No,Debit Card,2024-05-12
2494,1913,1913,1913,Sweater,56,2-Day Shipping,No,No,Credit Card,2024-02-01
2495,1914,1914,1914,Skirt,48,Express,No,No,Cash,2024-01-09
2497,1915,1915,1915,Shorts,97,Standard,No,No,Credit Card,2024-11-16
2498,1916,1916,1916,Backpack,74,2-Day Shipping,No,No,Cash,2024-09-05
2499,1917,1917,1917,Hoodie,50,Next Day Air,No,No,Debit Card,2024-01-08
2500,1918,1918,1918,Skirt,71,Free Shipping,No,No,PayPal,2024-12-25
2501,1919,1919,1919,Skirt,33,Standard,No,No,Debit Card,2024-08-21
2503,1920,1920,1920,Backpack,56,Express,No,No,PayPal,2024-07-10
2504,1921,1921,1921,Blouse,84,Standard,No,No,Cash,2024-05-08
2505,1922,1922,1922,Shirt,36,Store Pickup,No,No,Venmo,2024-10-08
2506,1923,1923,1923,Gloves,63,Standard,No,No,PayPal,2024-08-08
2507,1924,1924,1924,Sandals,36,Standard,No,No,Cash,2024-08-06
2509,1925,1925,1925,Jacket,63,Free Shipping,No,No,PayPal,2024-11-02
2510,1926,1926,1926,Sneakers,32,Express,No,No,Credit Card,2024-01-22
2511,1927,1927,1927,Backpack,93,Express,No,No,PayPal,2024-05-03
2512,1928,1928,1928,Pants,29,Standard,No,No,Cash,2024-06-24
2513,1929,1929,1929,Sunglasses,92,Standard,No,No,PayPal,2024-08-13
2515,1930,1930,1930,Jeans,33,Standard,No,No,Venmo,2024-10-20
2516,1931,1931,1931,Pants,52,Store Pickup,No,No,Cash,2024-03-15
2517,1932,1932,1932,Jewelry,42,Store Pickup,No,No,Debit Card,2024-05-01
2518,1933,1933,1933,Hoodie,36,Free Shipping,No,No,Credit Card,2024-05-07
2519,1934,1934,1934,Sandals,67,Next Day Air,No,No,Venmo,2024-08-01
2521,1935,1935,1935,Jacket,43,Free Shipping,No,No,Bank Transfer,2024-02-24
2522,1936,1936,1936,Blouse,68,Free Shipping,No,No,Cash,2024-04-24
2523,1937,1937,1937,Jewelry,60,2-Day Shipping,No,No,PayPal,2024-07-06
2524,1938,1938,1938,Socks,53,2-Day Shipping,No,No,Bank Transfer,2024-07-08
2525,1939,1939,1939,Jeans,23,Standard,No,No,Debit Card,2024-03-21
2527,1940,1940,1940,Gloves,57,Store Pickup,No,No,PayPal,2024-12-18
2528,1941,1941,1941,Hat,89,2-Day Shipping,No,No,PayPal,2024-11-02
2529,1942,1942,1942,Shoes,99,Standard,No,No,Credit Card,2024-02-10
2530,1943,1943,1943,Pants,28,Express,No,No,PayPal,2024-09-28
2531,1944,1944,1944,Socks,53,Next Day Air,No,No,Cash,2024-07-09
2533,1945,1945,1945,Hoodie,45,Free Shipping,No,No,Cash,2024-01-05
2534,1946,1946,1946,Hoodie,38,2-Day Shipping,No,No,Credit Card,2024-02-02
2535,1947,1947,1947,Pants,49,Standard,No,No,Credit Card,2024-08-13
2536,1948,1948,1948,Shirt,32,Store Pickup,No,No,PayPal,2024-08-04
2537,1949,1949,1949,T-shirt,37,Next Day Air,No,No,PayPal,2024-02-08
2539,1950,1950,1950,Dress,80,Store Pickup,No,No,PayPal,2024-02-02
2540,1951,1951,1951,Backpack,78,Free Shipping,No,No,PayPal,2024-08-02
2541,1952,1952,1952,Gloves,53,Next Day Air,No,No,Bank Transfer,2024-08-08
2542,1953,1953,1953,Shoes,82,2-Day Shipping,No,No,Cash,2024-08-03
2543,1954,1954,1954,Skirt,33,Standard,No,No,PayPal,2024-05-15
2545,1955,1955,1955,Gloves,77,Free Shipping,No,No,Venmo,2024-12-18
2546,1956,1956,1956,Hoodie,56,Express,No,No,Cash,2024-12-17
2547,1957,1957,1957,Socks,37,Express,No,No,Credit Card,2024-02-08
2548,1958,1958,1958,Gloves,54,Store Pickup,No,No,Cash,2024-04-16
2549,1959,1959,1959,Shorts,67,Store Pickup,No,No,Cash,2024-01-08
2551,1960,1960,1960,Shoes,90,Store Pickup,No,No,Credit Card,2024-11-17
2552,1961,1961,1961,Jeans,72,2-Day Shipping,No,No,Credit Card,2024-08-20
2553,1962,1962,1962,Boots,59,Free Shipping,No,No,Debit Card,2024-08-01
2554,1963,1963,1963,Hat,45,Standard,No,No,PayPal,2024-10-16
2555,1964,1964,1964,Shorts,30,Standard,No,No,Credit Card,2024-04-03
2557,1965,1965,1965,Pants,51,Express,No,No,Debit Card,2024-07-18
2558,1966,1966,1966,Sweater,90,Express,No,No,Debit Card,2024-10-10
2559,1967,1967,1967,Jacket,95,Express,No,No,Credit Card,2024-12-19
2560,1968,1968,1968,Dress,81,Standard,No,No,Venmo,2024-11-21
2561,1969,1969,1969,Shirt,70,Standard,No,No,Credit Card,2024-05-24
2563,1970,1970,1970,Dress,32,Next Day Air,No,No,Bank Transfer,2024-01-08
2564,1971,1971,1971,Belt,94,Next Day Air,No,No,Credit Card,2024-04-09
2565,1972,1972,1972,Hat,29,Next Day Air,No,No,Venmo,2024-04-24
2566,1973,1973,1973,Backpack,31,Express,No,No,PayPal,2024-08-01
2567,1974,1974,1974,Skirt,20,Standard,No,No,Venmo,2024-10-14
2569,1975,1975,1975,Gloves,44,2-Day Shipping,No,No,PayPal,2024-01-15
2570,1976,1976,1976,Jacket,77,Express,No,No,Cash,2024-11-28
2571,1977,1977,1977,Handbag,51,Next Day Air,No,No,PayPal,2024-05-14
2572,1978,1978,1978,Sandals,49,Free Shipping,No,No,Bank Transfer,2024-08-23
2573,1979,1979,1979,Sunglasses,78,Store Pickup,No,No,Cash,2024-05-11
2575,1980,1980,1980,Jeans,98,Store Pickup,No,No,Debit Card,2024-05-07
2576,1981,1981,1981,Sandals,94,Store Pickup,No,No,PayPal,2024-02-20
2577,1982,1982,1982,Shoes,91,Express,No,No,PayPal,2024-06-16
2578,1983,1983,1983,Sunglasses,77,2-Day Shipping,No,No,PayPal,2024-08-24
2579,1984,1984,1984,Scarf,97,Next Day Air,No,No,Debit Card,2024-07-25
2581,1985,1985,1985,Skirt,58,2-Day Shipping,No,No,PayPal,2024-06-02
2582,1986,1986,1986,Gloves,97,2-Day Shipping,No,No,Credit Card,2024-03-22
2583,1987,1987,1987,Coat,48,2-Day Shipping,No,No,Venmo,2024-06-02
2584,1988,1988,1988,Belt,23,Express,No,No,Cash,2024-08-06
2585,1989,1989,1989,Pants,79,Free Shipping,No,No,Bank Transfer,2024-12-07
2587,1990,1990,1990,Jewelry,42,Express,No,No,PayPal,2024-04-08
2588,1991,1991,1991,Backpack,95,2-Day Shipping,No,No,PayPal,2024-03-13
2589,1992,1992,1992,Sneakers,29,Next Day Air,No,No,Venmo,2024-06-06
2590,1993,1993,1993,Hoodie,98,2-Day Shipping,No,No,Venmo,2024-12-15
2591,1994,1994,1994,Blouse,96,Express,No,No,Cash,2024-05-26
2593,1995,1995,1995,Sunglasses,66,Next Day Air,No,No,Credit Card,2024-09-12
2594,1996,1996,1996,Boots,80,Standard,No,No,Debit Card,2024-05-04
2595,1997,1997,1997,Sneakers,27,Next Day Air,No,No,Cash,2024-08-18
2596,1998,1998,1998,Backpack,25,Express,No,No,Debit Card,2024-10-10
2597,1999,1999,1999,Pants,45,2-Day Shipping,No,No,Cash,2024-10-27
2599,2000,2000,2000,Socks,89,2-Day Shipping,No,No,Debit Card,2024-12-16
2600,2001,2001,2001,Belt,27,2-Day Shipping,No,No,Cash,2024-12-19
2601,2002,2002,2002,Sunglasses,90,Free Shipping,No,No,Debit Card,2024-12-23
2602,2003,2003,2003,Shirt,65,Express,No,No,PayPal,2024-06-18
2603,2004,2004,2004,Sneakers,72,Express,No,No,Cash,2024-05-01
2605,2005,2005,2005,Shoes,70,2-Day Shipping,No,No,Cash,2024-10-05
2606,2006,2006,2006,Sandals,82,Store Pickup,No,No,PayPal,2024-02-24
2607,2007,2007,2007,Scarf,97,Express,No,No,Credit Card,2024-09-09
2608,2008,2008,2008,Shirt,25,2-Day Shipping,No,No,PayPal,2024-07-05
2609,2009,2009,2009,Skirt,48,Free Shipping,No,No,PayPal,2024-03-02
2611,2010,2010,2010,Boots,99,Next Day Air,No,No,Venmo,2024-07-02
2612,2011,2011,2011,Sweater,21,2-Day Shipping,No,No,Debit Card,2024-08-18
2613,2012,2012,2012,Sandals,94,Express,No,No,Bank Transfer,2024-04-06
2614,2013,2013,2013,Jeans,53,Store Pickup,No,No,Cash,2024-11-22
2615,2014,2014,2014,Backpack,70,Standard,No,No,Debit Card,2024-12-23
2617,2015,2015,2015,Skirt,26,Standard,No,No,PayPal,2024-07-06
2618,2016,2016,2016,Belt,82,Next Day Air,No,No,Credit Card,2024-07-16
2619,2017,2017,2017,Shoes,47,Standard,No,No,Debit Card,2024-02-04
2620,2018,2018,2018,Socks,32,Next Day Air,No,No,Bank Transfer,2024-01-05
2621,2019,2019,2019,Backpack,97,Store Pickup,No,No,Bank Transfer,2024-11-28
2623,2020,2020,2020,Shirt,68,Store Pickup,No,No,Cash,2024-12-08
2624,2021,2021,2021,Sweater,23,Next Day Air,No,No,Cash,2024-02-26
2625,2022,2022,2022,Handbag,33,Standard,No,No,Venmo,2024-01-13
2626,2023,2023,2023,Jewelry,38,Store Pickup,No,No,Cash,2024-01-04
2627,2024,2024,2024,Socks,68,Store Pickup,No,No,Cash,2024-02-08
2629,2025,2025,2025,Socks,23,Express,No,No,PayPal,2024-09-03
2630,2026,2026,2026,Shirt,29,Express,No,No,Debit Card,2024-08-17
2631,2027,2027,2027,Scarf,35,Express,No,No,Bank Transfer,2024-01-27
2632,2028,2028,2028,Shoes,73,Standard,No,No,Credit Card,2024-09-23
2633,2029,2029,2029,Shoes,84,2-Day Shipping,No,No,Venmo,2024-11-03
2635,2030,2030,2030,Scarf,23,Next Day Air,No,No,PayPal,2024-04-20
2636,2031,2031,2031,Sunglasses,67,Standard,No,No,Credit Card,2024-07-17
2637,2032,2032,2032,Socks,51,Standard,No,No,Credit Card,2024-05-22
2638,2033,2033,2033,Blouse,36,Next Day Air,No,No,Cash,2024-02-13
2639,2034,2034,2034,Jeans,55,Express,No,No,Venmo,2024-06-01
2641,2035,2035,2035,Shorts,30,Store Pickup,No,No,PayPal,2024-03-21
2642,2036,2036,2036,T-shirt,70,Express,No,No,Bank Transfer,2024-06-15
2643,2037,2037,2037,Blouse,63,Next Day Air,No,No,Cash,2024-01-24
2644,2038,2038,2038,Belt,87,Express,No,No,Venmo,2024-06-08
2645,2039,2039,2039,Blouse,70,Next Day Air,No,No,Credit Card,2024-03-19
2647,2040,2040,2040,T-shirt,51,Next Day Air,No,No,Debit Card,2024-04-16
2648,2041,2041,2041,Jewelry,25,Free Shipping,No,No,Venmo,2024-04-08
2649,2042,2042,2042,Jacket,32,Next Day Air,No,No,PayPal,2024-12-10
2650,2043,2043,2043,Shoes,52,2-Day Shipping,No,No,Venmo,2024-05-17
2651,2044,2044,2044,Gloves,33,Standard,No,No,PayPal,2024-06-16
2653,2045,2045,2045,Jeans,68,Free Shipping,No,No,PayPal,2024-05-04
2654,2046,2046,2046,Jewelry,20,Express,No,No,PayPal,2024-10-08
2655,2047,2047,2047,Pants,32,Free Shipping,No,No,Cash,2024-12-20
2656,2048,2048,2048,Jewelry,82,Store Pickup,No,No,Cash,2024-08-09
2657,2049,2049,2049,Sneakers,64,Express,No,No,Bank Transfer,2024-01-18
2659,2050,2050,2050,Boots,24,Standard,No,No,Venmo,2024-10-01
2660,2051,2051,2051,Hat,96,Store Pickup,No,No,Debit Card,2024-07-28
2661,2052,2052,2052,T-shirt,94,Free Shipping,No,No,Credit Card,2024-05-18
2662,2053,2053,2053,Backpack,48,2-Day Shipping,No,No,Bank Transfer,2024-01-02
2663,2054,2054,2054,Sunglasses,60,2-Day Shipping,No,No,Credit Card,2024-04-02
2665,2055,2055,2055,Sweater,56,Express,No,No,PayPal,2024-04-23
2666,2056,2056,2056,Handbag,33,2-Day Shipping,No,No,Bank Transfer,2024-09-09
2667,2057,2057,2057,Backpack,46,2-Day Shipping,No,No,PayPal,2024-05-14
2668,2058,2058,2058,Socks,37,Standard,No,No,PayPal,2024-04-06
2669,2059,2059,2059,Shirt,98,Store Pickup,No,No,Bank Transfer,2024-02-25
2671,2060,2060,2060,Shorts,50,Express,No,No,PayPal,2024-04-20
2672,2061,2061,2061,Belt,63,Next Day Air,No,No,Bank Transfer,2024-09-15
2673,2062,2062,2062,Sweater,70,Store Pickup,No,No,Debit Card,2024-08-11
2674,2063,2063,2063,Coat,63,Standard,No,No,Cash,2024-10-25
2675,2064,2064,2064,Shorts,86,Standard,No,No,Cash,2024-11-22
2677,2065,2065,2065,Shoes,99,2-Day Shipping,No,No,Bank Transfer,2024-08-08
2678,2066,2066,2066,Sneakers,40,Free Shipping,No,No,Bank Transfer,2024-03-18
2679,2067,2067,2067,Sneakers,92,Store Pickup,No,No,Debit Card,2024-10-10
2680,2068,2068,2068,Pants,21,2-Day Shipping,No,No,Cash,2024-09-22
2681,2069,2069,2069,Jewelry,81,Store Pickup,No,No,Venmo,2024-06-16
2683,2070,2070,2070,T-shirt,82,Free Shipping,No,No,Debit Card,2024-11-13
2684,2071,2071,2071,Jewelry,88,Express,No,No,Cash,2024-04-16
2685,2072,2072,2072,Jacket,100,Store Pickup,No,No,PayPal,2024-11-19
2686,2073,2073,2073,Backpack,66,Next Day Air,No,No,Bank Transfer,2024-02-18
2687,2074,2074,2074,Belt,25,Next Day Air,No,No,PayPal,2024-02-08
2689,2075,2075,2075,Scarf,53,Free Shipping,No,No,Debit Card,2024-08-08
2690,2076,2076,2076,Sweater,28,Express,No,No,Debit Card,2024-11-18
2691,2077,2077,2077,Gloves,23,Free Shipping,No,No,Debit Card,2024-10-21
2692,2078,2078,2078,Scarf,34,Free Shipping,No,No,Bank Transfer,2024-11-23
2693,2079,2079,2079,Dress,42,Next Day Air,No,No,Debit Card,2024-03-05
2695,2080,2080,2080,Jeans,24,Next Day Air,No,No,PayPal,2024-08-17
2696,2081,2081,2081,Sunglasses,47,Free Shipping,No,No,Debit Card,2024-11-24
2697,2082,2082,2082,Coat,78,Standard,No,No,Bank Transfer,2024-03-09
2698,2083,2083,2083,Jeans,89,Free Shipping,No,No,Venmo,2024-06-18
2699,2084,2084,2084,Scarf,59,Store Pickup,No,No,Credit Card,2024-11-25
2701,2085,2085,2085,Blouse,94,Standard,No,No,Bank Transfer,2024-07-11
2702,2086,2086,2086,Jeans,49,Free Shipping,No,No,Debit Card,2024-09-15
2703,2087,2087,2087,Dress,89,2-Day Shipping,No,No,Cash,2024-06-27
2704,2088,2088,2088,Hat,91,Standard,No,No,Credit Card,2024-07-25
2705,2089,2089,2089,Sandals,89,Standard,No,No,Debit Card,2024-04-07
2707,2090,2090,2090,Jacket,57,Free Shipping,No,No,Credit Card,2024-05-15
2708,2091,2091,2091,Socks,71,Free Shipping,No,No,Debit Card,2024-12-16
2709,2092,2092,2092,Jeans,97,Next Day Air,No,No,Bank Transfer,2024-09-06
2710,2093,2093,2093,Sandals,45,Next Day Air,No,No,Bank Transfer,2024-11-14
2711,2094,2094,2094,Dress,91,Store Pickup,No,No,Debit Card,2024-05-25
2713,2095,2095,2095,Socks,25,Standard,No,No,Venmo,2024-04-08
2714,2096,2096,2096,Hoodie,63,Store Pickup,No,No,Bank Transfer,2024-10-21
2715,2097,2097,2097,Dress,52,Free Shipping,No,No,Debit Card,2024-08-09
2716,2098,2098,2098,Sneakers,43,Next Day Air,No,No,Credit Card,2024-01-25
2717,2099,2099,2099,T-shirt,28,2-Day Shipping,No,No,Venmo,2024-08-20
2719,2100,2100,2100,T-shirt,78,Express,No,No,PayPal,2024-07-21
2720,2101,2101,2101,Sweater,31,Free Shipping,No,No,Cash,2024-05-12
2721,2102,2102,2102,Shirt,23,Next Day Air,No,No,Bank Transfer,2024-02-25
2722,2103,2103,2103,Hat,25,Store Pickup,No,No,Cash,2024-04-09
2723,2104,2104,2104,Pants,86,Store Pickup,No,No,Venmo,2024-06-07
2725,2105,2105,2105,Shoes,88,Free Shipping,No,No,Venmo,2024-04-18
2726,2106,2106,2106,Gloves,35,Free Shipping,No,No,Venmo,2024-04-25
2727,2107,2107,2107,Jewelry,34,Standard,No,No,Credit Card,2024-10-21
2728,2108,2108,2108,Pants,75,Standard,No,No,PayPal,2024-01-11
2729,2109,2109,2109,Hoodie,46,Express,No,No,Credit Card,2024-12-10
2731,2110,2110,2110,Jewelry,31,Free Shipping,No,No,Venmo,2024-11-25
2732,2111,2111,2111,Socks,93,Store Pickup,No,No,Debit Card,2024-03-27
2733,2112,2112,2112,Sunglasses,85,Free Shipping,No,No,Bank Transfer,2024-04-02
2734,2113,2113,2113,Belt,68,2-Day Shipping,No,No,Cash,2024-10-28
2735,2114,2114,2114,Dress,40,Store Pickup,No,No,PayPal,2024-05-19
2737,2115,2115,2115,Shirt,51,Standard,No,No,Debit Card,2024-02-06
2738,2116,2116,2116,Scarf,85,Store Pickup,No,No,Bank Transfer,2024-01-15
2739,2117,2117,2117,Jacket,23,Express,No,No,Debit Card,2024-07-26
2740,2118,2118,2118,Dress,28,Free Shipping,No,No,Debit Card,2024-07-06
2741,2119,2119,2119,Socks,44,2-Day Shipping,No,No,Debit Card,2024-11-26
2743,2120,2120,2120,Jewelry,57,Store Pickup,No,No,Venmo,2024-04-19
2744,2121,2121,2121,Scarf,98,Next Day Air,No,No,PayPal,2024-10-19
2745,2122,2122,2122,Backpack,68,2-Day Shipping,No,No,Bank Transfer,2024-01-08
2746,2123,2123,2123,Jacket,36,Express,No,No,Debit Card,2024-11-09
2747,2124,2124,2124,Coat,71,Express,No,No,Debit Card,2024-05-11
2749,2125,2125,2125,Skirt,60,Next Day Air,No,No,Venmo,2024-10-06
2750,2126,2126,2126,Coat,87,Store Pickup,No,No,PayPal,2024-11-28
2751,2127,2127,2127,Shoes,38,Express,No,No,Credit Card,2024-12-11
2752,2128,2128,2128,Boots,45,2-Day Shipping,No,No,Debit Card,2024-04-18
2753,2129,2129,2129,Coat,47,2-Day Shipping,No,No,PayPal,2024-11-09
2755,2130,2130,2130,Skirt,57,Store Pickup,No,No,PayPal,2024-09-17
2756,2131,2131,2131,Backpack,68,Free Shipping,No,No,Credit Card,2024-07-16
2757,2132,2132,2132,Shorts,52,Express,No,No,Bank Transfer,2024-09-20
2758,2133,2133,2133,Skirt,87,2-Day Shipping,No,No,Debit Card,2024-11-18
2759,2134,2134,2134,Hat,34,Standard,No,No,Bank Transfer,2024-06-01
2761,2135,2135,2135,Sandals,41,Standard,No,No,Credit Card,2024-01-25
2762,2136,2136,2136,Sunglasses,94,Next Day Air,No,No,Debit Card,2024-01-25
2763,2137,2137,2137,Sunglasses,93,Standard,No,No,Bank Transfer,2024-08-05
2764,2138,2138,2138,Socks,51,2-Day Shipping,No,No,Credit Card,2024-02-10
2765,2139,2139,2139,Sweater,42,Next Day Air,No,No,Venmo,2024-09-07
2767,2140,2140,2140,Boots,95,Free Shipping,No,No,Cash,2024-12-26
2768,2141,2141,2141,Handbag,90,Standard,No,No,Cash,2024-10-24
2769,2142,2142,2142,Dress,98,2-Day Shipping,No,No,PayPal,2024-02-27
2770,2143,2143,2143,Hat,39,Next Day Air,No,No,Venmo,2024-12-20
2771,2144,2144,2144,Sandals,66,Next Day Air,No,No,Venmo,2024-10-17
2773,2145,2145,2145,Shoes,23,Free Shipping,No,No,PayPal,2024-01-16
2774,2146,2146,2146,Skirt,73,Standard,No,No,PayPal,2024-02-15
2775,2147,2147,2147,Sunglasses,23,Standard,No,No,PayPal,2024-06-18
2776,2148,2148,2148,Skirt,43,Standard,No,No,Cash,2024-10-10
2777,2149,2149,2149,T-shirt,45,2-Day Shipping,No,No,PayPal,2024-12-08
2779,2150,2150,2150,Sandals,21,Standard,No,No,Bank Transfer,2024-01-07
2780,2151,2151,2151,Shirt,40,2-Day Shipping,No,No,Cash,2024-04-21
2781,2152,2152,2152,Jeans,58,2-Day Shipping,No,No,Venmo,2024-11-15
2782,2153,2153,2153,Shorts,48,Next Day Air,No,No,Bank Transfer,2024-08-05
2783,2154,2154,2154,Shirt,94,Free Shipping,No,No,PayPal,2024-11-07
2785,2155,2155,2155,Scarf,74,Store Pickup,No,No,Cash,2024-04-05
2786,2156,2156,2156,Handbag,51,Store Pickup,No,No,PayPal,2024-11-07
2787,2157,2157,2157,Skirt,83,Next Day Air,No,No,Debit Card,2024-01-20
2788,2158,2158,2158,Handbag,68,Next Day Air,No,No,Venmo,2024-12-06
2789,2159,2159,2159,Gloves,84,Standard,No,No,Bank Transfer,2024-03-24
2791,2160,2160,2160,Shirt,58,Free Shipping,No,No,Cash,2024-11-24
2792,2161,2161,2161,Blouse,92,Express,No,No,PayPal,2024-01-04
2793,2162,2162,2162,Dress,69,Express,No,No,Debit Card,2024-07-20
2794,2163,2163,2163,Shorts,48,Free Shipping,No,No,PayPal,2024-06-01
2795,2164,2164,2164,Shoes,60,Express,No,No,Bank Transfer,2024-05-12
2797,2165,2165,2165,Sandals,20,Next Day Air,No,No,PayPal,2024-02-23
2798,2166,2166,2166,Pants,55,Express,No,No,Credit Card,2024-07-18
2799,2167,2167,2167,Jacket,88,Express,No,No,Credit Card,2024-05-14
2800,2168,2168,2168,Skirt,48,Standard,No,No,Venmo,2024-02-15
2801,2169,2169,2169,Handbag,74,Next Day Air,No,No,Cash,2024-03-16
2803,2170,2170,2170,Coat,42,Next Day Air,No,No,Bank Transfer,2024-11-09
2804,2171,2171,2171,Sweater,32,Next Day Air,No,No,Venmo,2024-11-07
2805,2172,2172,2172,Shorts,98,Store Pickup,No,No,Cash,2024-08-05
2806,2173,2173,2173,Skirt,89,Store Pickup,No,No,PayPal,2024-09-17
2807,2174,2174,2174,Gloves,97,2-Day Shipping,No,No,Venmo,2024-08-12
2809,2175,2175,2175,Backpack,49,Store Pickup,No,No,Cash,2024-03-12
2810,2176,2176,2176,Dress,50,Free Shipping,No,No,Credit Card,2024-03-25
2811,2177,2177,2177,Belt,91,2-Day Shipping,No,No,Debit Card,2024-02-12
2812,2178,2178,2178,Gloves,93,Express,No,No,PayPal,2024-01-01
2813,2179,2179,2179,Jewelry,98,Standard,No,No,Venmo,2024-07-01
2815,2180,2180,2180,Socks,82,Next Day Air,No,No,PayPal,2024-10-08
2816,2181,2181,2181,Coat,37,Store Pickup,No,No,Cash,2024-07-03
2817,2182,2182,2182,Handbag,63,Free Shipping,No,No,Bank Transfer,2024-09-03
2818,2183,2183,2183,Blouse,99,Store Pickup,No,No,Venmo,2024-01-28
2819,2184,2184,2184,Shorts,37,Store Pickup,No,No,Cash,2024-04-04
2821,2185,2185,2185,Shoes,34,Free Shipping,No,No,PayPal,2024-05-01
2822,2186,2186,2186,Shorts,32,Express,No,No,Debit Card,2024-01-12
2823,2187,2187,2187,Sandals,23,Next Day Air,No,No,PayPal,2024-01-11
2824,2188,2188,2188,Blouse,78,Free Shipping,No,No,PayPal,2024-03-11
2825,2189,2189,2189,Coat,54,Next Day Air,No,No,Credit Card,2024-12-02
2827,2190,2190,2190,Blouse,94,Express,No,No,Credit Card,2024-09-16
2828,2191,2191,2191,Belt,75,Express,No,No,Credit Card,2024-04-04
2829,2192,2192,2192,Blouse,69,Next Day Air,No,No,Cash,2024-07-24
2830,2193,2193,2193,Scarf,35,Next Day Air,No,No,Credit Card,2024-02-16
2831,2194,2194,2194,Shirt,78,Express,No,No,PayPal,2024-05-13
2833,2195,2195,2195,Socks,29,Standard,No,No,Bank Transfer,2024-07-08
2834,2196,2196,2196,Jeans,62,Next Day Air,No,No,Cash,2024-10-23
2835,2197,2197,2197,Dress,58,Next Day Air,No,No,PayPal,2024-04-08
2836,2198,2198,2198,Boots,88,2-Day Shipping,No,No,Venmo,2024-07-14
2837,2199,2199,2199,Scarf,80,Free Shipping,No,No,Venmo,2024-06-12
2839,2200,2200,2200,Scarf,47,Store Pickup,No,No,Debit Card,2024-06-05
2840,2201,2201,2201,Gloves,51,Next Day Air,No,No,Debit Card,2024-07-22
2841,2202,2202,2202,Pants,25,2-Day Shipping,No,No,Venmo,2024-04-07
2842,2203,2203,2203,Dress,36,Next Day Air,No,No,Credit Card,2024-07-08
2843,2204,2204,2204,Dress,79,Free Shipping,No,No,Cash,2024-12-18
2845,2205,2205,2205,Jeans,41,2-Day Shipping,No,No,Debit Card,2024-12-16
2846,2206,2206,2206,Sweater,68,Express,No,No,PayPal,2024-09-24
2847,2207,2207,2207,Sandals,51,Store Pickup,No,No,Bank Transfer,2024-05-10
2848,2208,2208,2208,Handbag,38,Next Day Air,No,No,Credit Card,2024-09-16
2849,2209,2209,2209,Scarf,46,2-Day Shipping,No,No,PayPal,2024-06-04
2851,2210,2210,2210,Sandals,20,2-Day Shipping,No,No,Bank Transfer,2024-06-24
2852,2211,2211,2211,Sunglasses,25,Store Pickup,No,No,PayPal,2024-08-02
2853,2212,2212,2212,Sweater,89,Free Shipping,No,No,Debit Card,2024-12-10
2854,2213,2213,2213,Pants,77,Next Day Air,No,No,Bank Transfer,2024-02-08
2855,2214,2214,2214,Hat,94,Express,No,No,Debit Card,2024-11-12
2857,2215,2215,2215,Belt,100,Standard,No,No,Debit Card,2024-11-27
2858,2216,2216,2216,Sandals,96,Express,No,No,Credit Card,2024-01-04
2859,2217,2217,2217,Pants,36,Store Pickup,No,No,Venmo,2024-01-18
2860,2218,2218,2218,Jewelry,27,Store Pickup,No,No,Bank Transfer,2024-11-26
2861,2219,2219,2219,Sunglasses,67,Store Pickup,No,No,Debit Card,2024-01-19
2863,2220,2220,2220,Blouse,91,Store Pickup,No,No,Bank Transfer,2024-10-04
2864,2221,2221,2221,Belt,62,Store Pickup,No,No,Cash,2024-10-08
2865,2222,2222,2222,Shorts,88,Free Shipping,No,No,Credit Card,2024-09-17
2866,2223,2223,2223,Pants,66,Store Pickup,No,No,Credit Card,2024-08-03
2867,2224,2224,2224,Sandals,65,Next Day Air,No,No,PayPal,2024-09-06
2869,2225,2225,2225,Gloves,25,Standard,No,No,Cash,2024-01-10
2870,2226,2226,2226,Belt,64,Free Shipping,No,No,Credit Card,2024-04-20
2871,2227,2227,2227,Shirt,72,Store Pickup,No,No,Cash,2024-05-23
2872,2228,2228,2228,Scarf,74,Next Day Air,No,No,Credit Card,2024-07-14
2873,2229,2229,2229,Gloves,50,Free Shipping,No,No,Credit Card,2024-10-13
2875,2230,2230,2230,Pants,97,Express,No,No,Venmo,2024-10-04
2876,2231,2231,2231,Sneakers,36,Express,No,No,Venmo,2024-05-15
2877,2232,2232,2232,Jacket,49,Store Pickup,No,No,Credit Card,2024-11-22
2878,2233,2233,2233,Shoes,64,Store Pickup,No,No,Cash,2024-04-05
2879,2234,2234,2234,Blouse,31,Express,No,No,Credit Card,2024-06-08
2881,2235,2235,2235,Boots,66,Express,No,No,Cash,2024-01-18
2882,2236,2236,2236,Socks,82,2-Day Shipping,No,No,Credit Card,2024-05-24
2883,2237,2237,2237,T-shirt,88,Standard,No,No,Debit Card,2024-02-13
2884,2238,2238,2238,Sandals,34,Next Day Air,No,No,Venmo,2024-06-12
2885,2239,2239,2239,Sneakers,84,Standard,No,No,Debit Card,2024-01-04
2887,2240,2240,2240,Jewelry,96,2-Day Shipping,No,No,Credit Card,2024-07-27
2888,2241,2241,2241,Sandals,71,Next Day Air,No,No,Debit Card,2024-01-15
2889,2242,2242,2242,Jacket,77,Free Shipping,No,No,Bank Transfer,2024-08-05
2890,2243,2243,2243,Skirt,66,Next Day Air,No,No,Credit Card,2024-04-21
2891,2244,2244,2244,Shirt,21,2-Day Shipping,No,No,Debit Card,2024-12-22
2893,2245,2245,2245,Shorts,37,2-Day Shipping,No,No,PayPal,2024-07-03
2894,2246,2246,2246,Socks,90,Free Shipping,No,No,PayPal,2024-10-06
2895,2247,2247,2247,Jacket,96,Store Pickup,No,No,PayPal,2024-09-05
2896,2248,2248,2248,Jewelry,37,Next Day Air,No,No,Venmo,2024-08-11
2897,2249,2249,2249,T-shirt,66,Free Shipping,No,No,PayPal,2024-01-01
2899,2250,2250,2250,Gloves,45,Next Day Air,No,No,Debit Card,2024-05-19
2900,2251,2251,2251,Shoes,89,Store Pickup,No,No,Credit Card,2024-06-09
2901,2252,2252,2252,Shoes,94,Free Shipping,No,No,Debit Card,2024-11-22
2902,2253,2253,2253,Shoes,96,Express,No,No,Bank Transfer,2024-08-16
2903,2254,2254,2254,Hoodie,31,Store Pickup,No,No,PayPal,2024-05-06
2905,2255,2255,2255,Belt,79,Store Pickup,No,No,PayPal,2024-02-08
2906,2256,2256,2256,Coat,39,Store Pickup,No,No,Bank Transfer,2024-04-13
2907,2257,2257,2257,Blouse,22,Standard,No,No,Credit Card,2024-10-18
2908,2258,2258,2258,Skirt,32,Standard,No,No,Bank Transfer,2024-09-03
2909,2259,2259,2259,T-shirt,71,Store Pickup,No,No,Credit Card,2024-01-24
2911,2260,2260,2260,Jeans,96,Free Shipping,No,No,Cash,2024-05-05
2912,2261,2261,2261,Scarf,82,Express,No,No,PayPal,2024-10-22
2913,2262,2262,2262,Backpack,76,Standard,No,No,Bank Transfer,2024-04-08
2914,2263,2263,2263,Backpack,22,2-Day Shipping,No,No,PayPal,2024-02-09
2915,2264,2264,2264,Scarf,40,Store Pickup,No,No,Cash,2024-12-16
2917,2265,2265,2265,Hat,92,2-Day Shipping,No,No,PayPal,2024-08-12
2918,2266,2266,2266,Coat,94,Store Pickup,No,No,PayPal,2024-10-03
2919,2267,2267,2267,Dress,44,Store Pickup,No,No,Debit Card,2024-10-22
2920,2268,2268,2268,Gloves,49,Express,No,No,Venmo,2024-04-08
2921,2269,2269,2269,Sweater,26,2-Day Shipping,No,No,Bank Transfer,2024-04-06
2923,2270,2270,2270,Skirt,38,Store Pickup,No,No,Credit Card,2024-09-18
2924,2271,2271,2271,Blouse,72,Express,No,No,Venmo,2024-04-14
2925,2272,2272,2272,Dress,99,Free Shipping,No,No,PayPal,2024-07-07
2926,2273,2273,2273,Jacket,38,Standard,No,No,PayPal,2024-05-03
2927,2274,2274,2274,Coat,96,Express,No,No,PayPal,2024-01-23
2929,2275,2275,2275,Dress,27,Next Day Air,No,No,PayPal,2024-04-28
2930,2276,2276,2276,Shorts,24,Standard,No,No,Debit Card,2024-12-01
2931,2277,2277,2277,Jeans,82,2-Day Shipping,No,No,Debit Card,2024-08-02
2932,2278,2278,2278,Hat,56,Next Day Air,No,No,Credit Card,2024-07-08
2933,2279,2279,2279,Gloves,25,Store Pickup,No,No,Cash,2024-10-02
2935,2280,2280,2280,Sneakers,67,Free Shipping,No,No,Bank Transfer,2024-05-04
2936,2281,2281,2281,Shoes,21,Standard,No,No,Credit Card,2024-07-08
2937,2282,2282,2282,Hoodie,27,Store Pickup,No,No,Bank Transfer,2024-07-01
2938,2283,2283,2283,Sneakers,97,2-Day Shipping,No,No,Credit Card,2024-10-24
2939,2284,2284,2284,Handbag,45,Free Shipping,No,No,Credit Card,2024-12-17
2941,2285,2285,2285,Blouse,63,Express,No,No,Venmo,2024-10-07
2942,2286,2286,2286,Belt,100,2-Day Shipping,No,No,PayPal,2024-06-17
2943,2287,2287,2287,Socks,38,Store Pickup,No,No,Venmo,2024-04-05
2944,2288,2288,2288,Blouse,45,Store Pickup,No,No,Debit Card,2024-06-17
2945,2289,2289,2289,Jewelry,91,Next Day Air,No,No,PayPal,2024-10-25
2947,2290,2290,2290,Shorts,82,Free Shipping,No,No,Venmo,2024-10-20
2948,2291,2291,2291,Boots,48,Standard,No,No,PayPal,2024-02-28
2949,2292,2292,2292,Coat,30,2-Day Shipping,No,No,Credit Card,2024-05-04
2950,2293,2293,2293,T-shirt,34,Next Day Air,No,No,Debit Card,2024-05-15
2951,2294,2294,2294,Sweater,68,Express,No,No,Debit Card,2024-11-07
2953,2295,2295,2295,Sunglasses,95,Express,No,No,Debit Card,2024-12-27
2954,2296,2296,2296,Hat,22,2-Day Shipping,No,No,PayPal,2024-03-27
2955,2297,2297,2297,Gloves,88,Next Day Air,No,No,Venmo,2024-09-13
2956,2298,2298,2298,Socks,83,Standard,No,No,Bank Transfer,2024-07-13
2957,2299,2299,2299,Handbag,87,2-Day Shipping,No,No,Cash,2024-04-19
2959,2300,2300,2300,Coat,57,Store Pickup,No,No,Credit Card,2024-06-09
2960,2301,2301,2301,Coat,88,2-Day Shipping,No,No,Credit Card,2024-07-06
2961,2302,2302,2302,Pants,20,Next Day Air,No,No,Debit Card,2024-01-24
2962,2303,2303,2303,Belt,39,Store Pickup,No,No,Venmo,2024-06-06
2963,2304,2304,2304,Sunglasses,71,2-Day Shipping,No,No,Credit Card,2024-03-10
2965,2305,2305,2305,Hoodie,73,Free Shipping,No,No,Debit Card,2024-01-10
2966,2306,2306,2306,Handbag,63,Free Shipping,No,No,Cash,2024-08-10
2967,2307,2307,2307,Gloves,78,Standard,No,No,Cash,2024-01-26
2968,2308,2308,2308,Skirt,96,Next Day Air,No,No,Debit Card,2024-11-13
2969,2309,2309,2309,Sunglasses,81,2-Day Shipping,No,No,Bank Transfer,2024-01-24
2971,2310,2310,2310,Dress,95,2-Day Shipping,No,No,Bank Transfer,2024-10-25
2972,2311,2311,2311,Gloves,68,Standard,No,No,PayPal,2024-05-22
2973,2312,2312,2312,Sneakers,28,2-Day Shipping,No,No,Bank Transfer,2024-03-08
2974,2313,2313,2313,T-shirt,30,Free Shipping,No,No,Cash,2024-06-05
2975,2314,2314,2314,Dress,31,Next Day Air,No,No,Bank Transfer,2024-06-19
2977,2315,2315,2315,Handbag,95,Express,No,No,Bank Transfer,2024-02-28
2978,2316,2316,2316,Socks,79,2-Day Shipping,No,No,Debit Card,2024-01-19
2979,2317,2317,2317,Sneakers,39,Standard,No,No,Debit Card,2024-12-09
2980,2318,2318,2318,Jacket,34,Next Day Air,No,No,Bank Transfer,2024-08-19
2981,2319,2319,2319,Hoodie,28,Store Pickup,No,No,Credit Card,2024-04-06
2983,2320,2320,2320,Sandals,38,Free Shipping,No,No,PayPal,2024-12-28
2984,2321,2321,2321,Shoes,55,Free Shipping,No,No,Debit Card,2024-04-26
2985,2322,2322,2322,Sandals,31,Next Day Air,No,No,Debit Card,2024-01-12
2986,2323,2323,2323,Coat,84,Store Pickup,No,No,Venmo,2024-03-02
2987,2324,2324,2324,Gloves,93,Express,No,No,Credit Card,2024-02-04
2989,2325,2325,2325,Coat,28,Free Shipping,No,No,Debit Card,2024-12-05
2990,2326,2326,2326,Boots,55,2-Day Shipping,No,No,Cash,2024-06-28
2991,2327,2327,2327,Skirt,63,Standard,No,No,Bank Transfer,2024-01-10
2992,2328,2328,2328,Skirt,94,2-Day Shipping,No,No,Venmo,2024-01-07
2993,2329,2329,2329,Pants,36,Express,No,No,Venmo,2024-10-28
2995,2330,2330,2330,Hat,97,Free Shipping,No,No,Bank Transfer,2024-05-09
2996,2331,2331,2331,Backpack,63,Store Pickup,No,No,PayPal,2024-08-28
2997,2332,2332,2332,Scarf,77,2-Day Shipping,No,No,Credit Card,2024-05-06
2998,2333,2333,2333,Scarf,53,Store Pickup,No,No,Venmo,2024-09-28
2999,2334,2334,2334,Shirt,77,Next Day Air,No,No,PayPal,2024-05-24
3001,2335,2335,2335,Boots,79,Standard,No,No,Credit Card,2024-06-17
3002,2336,2336,2336,Coat,37,Store Pickup,No,No,Venmo,2024-06-01
3003,2337,2337,2337,Belt,94,Free Shipping,No,No,Credit Card,2024-12-16
3004,2338,2338,2338,Boots,76,Store Pickup,No,No,Cash,2024-09-28
3005,2339,2339,2339,Sneakers,68,Express,No,No,PayPal,2024-11-08
3007,2340,2340,2340,Shirt,65,Next Day Air,No,No,Bank Transfer,2024-03-10
3008,2341,2341,2341,Blouse,24,Standard,No,No,Credit Card,2024-06-12
3009,2342,2342,2342,Jacket,31,Express,No,No,Venmo,2024-06-21
3010,2343,2343,2343,Skirt,89,Standard,No,No,Debit Card,2024-09-10
3011,2344,2344,2344,Socks,49,2-Day Shipping,No,No,PayPal,2024-08-06
3013,2345,2345,2345,Sandals,92,Express,No,No,Venmo,2024-10-24
3014,2346,2346,2346,T-shirt,32,Express,No,No,Bank Transfer,2024-01-02
3015,2347,2347,2347,Jacket,67,Standard,No,No,Debit Card,2024-02-16
3016,2348,2348,2348,Belt,64,Express,No,No,Cash,2024-11-16
3017,2349,2349,2349,Shoes,84,Next Day Air,No,No,PayPal,2024-03-19
3019,2350,2350,2350,Blouse,34,Standard,No,No,Credit Card,2024-10-24
3020,2351,2351,2351,Shoes,26,Free Shipping,No,No,Cash,2024-01-20
3021,2352,2352,2352,Sweater,50,Store Pickup,No,No,PayPal,2024-11-21
3022,2353,2353,2353,Boots,46,Store Pickup,No,No,Bank Transfer,2024-09-24
3023,2354,2354,2354,Handbag,71,Standard,No,No,Debit Card,2024-09-11
3025,2355,2355,2355,Blouse,78,Next Day Air,No,No,Venmo,2024-07-19
3026,2356,2356,2356,Skirt,35,Next Day Air,No,No,Cash,2024-02-07
3027,2357,2357,2357,Backpack,58,Free Shipping,No,No,Debit Card,2024-07-15
3028,2358,2358,2358,Shirt,67,2-Day Shipping,No,No,Credit Card,2024-10-18
3029,2359,2359,2359,Sweater,93,Standard,No,No,Credit Card,2024-04-02
3031,2360,2360,2360,Scarf,81,2-Day Shipping,No,No,Bank Transfer,2024-03-13
3032,2361,2361,2361,Handbag,80,2-Day Shipping,No,No,Venmo,2024-11-09
3033,2362,2362,2362,Scarf,64,2-Day Shipping,No,No,Credit Card,2024-04-15
3034,2363,2363,2363,Jeans,41,Standard,No,No,Credit Card,2024-09-25
3035,2364,2364,2364,Socks,79,Express,No,No,Cash,2024-12-18
3037,2365,2365,2365,Sunglasses,60,Free Shipping,No,No,PayPal,2024-12-15
3038,2366,2366,2366,Sneakers,91,Next Day Air,No,No,Venmo,2024-12-06
3039,2367,2367,2367,Shoes,66,Express,No,No,Credit Card,2024-12-08
3040,2368,2368,2368,Socks,85,Standard,No,No,Bank Transfer,2024-02-03
3041,2369,2369,2369,Sunglasses,38,Standard,No,No,Debit Card,2024-08-02
3043,2370,2370,2370,Sweater,23,Standard,No,No,PayPal,2024-02-05
3044,2371,2371,2371,Shoes,71,Store Pickup,No,No,Venmo,2024-05-03
3045,2372,2372,2372,Socks,25,Next Day Air,No,No,Debit Card,2024-02-20
3046,2373,2373,2373,Boots,39,Express,No,No,PayPal,2024-04-13
3047,2374,2374,2374,Hoodie,20,Express,No,No,Debit Card,2024-05-06
3049,2375,2375,2375,Gloves,73,Standard,No,No,Debit Card,2024-12-28
3050,2376,2376,2376,Backpack,63,Next Day Air,No,No,Credit Card,2024-11-20
3051,2377,2377,2377,Gloves,94,Express,No,No,Cash,2024-03-17
3052,2378,2378,2378,Blouse,94,Next Day Air,No,No,Cash,2024-11-17
3053,2379,2379,2379,Scarf,71,Store Pickup,No,No,PayPal,2024-06-15
3055,2380,2380,2380,Hat,77,2-Day Shipping,No,No,Debit Card,2024-05-25
3056,2381,2381,2381,Scarf,66,Next Day Air,No,No,PayPal,2024-10-04
3057,2382,2382,2382,Sandals,23,Free Shipping,No,No,PayPal,2024-08-18
3058,2383,2383,2383,Sweater,60,Express,No,No,Debit Card,2024-05-03
3059,2384,2384,2384,Backpack,72,2-Day Shipping,No,No,Bank Transfer,2024-05-14
3061,2385,2385,2385,Blouse,35,2-Day Shipping,No,No,PayPal,2024-01-06
3062,2386,2386,2386,Scarf,31,Express,No,No,PayPal,2024-11-03
3063,2387,2387,2387,Socks,33,Standard,No,No,Venmo,2024-06-23
3064,2388,2388,2388,Hat,95,2-Day Shipping,No,No,Debit Card,2024-07-02
3065,2389,2389,2389,Dress,68,Store Pickup,No,No,Debit Card,2024-10-25
3067,2390,2390,2390,Coat,87,Store Pickup,No,No,Bank Transfer,2024-03-06
3068,2391,2391,2391,Shirt,64,Express,No,No,Debit Card,2024-12-18
3069,2392,2392,2392,Shirt,74,Next Day Air,No,No,Bank Transfer,2024-01-27
3070,2393,2393,2393,Jeans,62,2-Day Shipping,No,No,Cash,2024-05-21
3071,2394,2394,2394,Socks,97,2-Day Shipping,No,No,PayPal,2024-12-19
3073,2395,2395,2395,Sandals,47,2-Day Shipping,No,No,Debit Card,2024-09-09
3074,2396,2396,2396,Blouse,83,2-Day Shipping,No,No,PayPal,2024-12-23
3075,2397,2397,2397,Shirt,82,2-Day Shipping,No,No,Venmo,2024-03-28
3076,2398,2398,2398,Sunglasses,26,Store Pickup,No,No,Venmo,2024-11-22
3077,2399,2399,2399,Jacket,81,Free Shipping,No,No,Bank Transfer,2024-12-14
3079,2400,2400,2400,Dress,44,Store Pickup,No,No,Cash,2024-04-08
3080,2401,2401,2401,Sunglasses,88,Next Day Air,No,No,Credit Card,2024-01-11
3081,2402,2402,2402,Boots,76,Standard,No,No,PayPal,2024-02-14
3082,2403,2403,2403,Scarf,89,Free Shipping,No,No,Cash,2024-02-19
3083,2404,2404,2404,Shorts,22,Standard,No,No,Debit Card,2024-11-27
3085,2405,2405,2405,Shorts,33,2-Day Shipping,No,No,Credit Card,2024-12-05
3086,2406,2406,2406,Jeans,97,Standard,No,No,Debit Card,2024-11-12
3087,2407,2407,2407,Scarf,57,Standard,No,No,PayPal,2024-02-12
3088,2408,2408,2408,Shorts,38,Express,No,No,Credit Card,2024-07-18
3089,2409,2409,2409,Sneakers,55,Next Day Air,No,No,Debit Card,2024-09-25
3091,2410,2410,2410,Jewelry,37,Store Pickup,No,No,Cash,2024-04-27
3092,2411,2411,2411,Shoes,43,Free Shipping,No,No,PayPal,2024-06-26
3093,2412,2412,2412,Hoodie,96,Free Shipping,No,No,Cash,2024-08-15
3094,2413,2413,2413,Jacket,51,2-Day Shipping,No,No,Bank Transfer,2024-02-27
3095,2414,2414,2414,Shorts,95,2-Day Shipping,No,No,Bank Transfer,2024-09-28
3097,2415,2415,2415,Socks,26,Next Day Air,No,No,Credit Card,2024-07-12
3098,2416,2416,2416,Coat,34,Standard,No,No,Bank Transfer,2024-10-27
3099,2417,2417,2417,Sandals,83,Next Day Air,No,No,Credit Card,2024-07-27
3100,2418,2418,2418,Backpack,24,Standard,No,No,Venmo,2024-10-28
3101,2419,2419,2419,Pants,69,Next Day Air,No,No,Cash,2024-10-07
3103,2420,2420,2420,Sweater,40,Next Day Air,No,No,Credit Card,2024-11-15
3104,2421,2421,2421,Jacket,87,Free Shipping,No,No,PayPal,2024-01-11
3105,2422,2422,2422,Sneakers,46,Standard,No,No,Debit Card,2024-04-16
3106,2423,2423,2423,Jewelry,82,Store Pickup,No,No,Credit Card,2024-02-17
3107,2424,2424,2424,Backpack,81,Free Shipping,No,No,Credit Card,2024-06-08
3109,2425,2425,2425,Jewelry,57,Next Day Air,No,No,Bank Transfer,2024-02-07
3110,2426,2426,2426,Shoes,49,2-Day Shipping,No,No,Bank Transfer,2024-07-05
3111,2427,2427,2427,Jacket,42,Free Shipping,No,No,Debit Card,2024-09-02
3112,2428,2428,2428,Jacket,26,Standard,No,No,Cash,2024-05-22
3113,2429,2429,2429,T-shirt,38,Next Day Air,No,No,Debit Card,2024-05-28
3115,2430,2430,2430,Sneakers,57,Standard,No,No,Credit Card,2024-06-14
3116,2431,2431,2431,Jacket,100,Express,No,No,Cash,2024-07-23
3117,2432,2432,2432,Hoodie,73,Express,No,No,Bank Transfer,2024-09-16
3118,2433,2433,2433,Jacket,66,Store Pickup,No,No,Venmo,2024-02-08
3119,2434,2434,2434,T-shirt,73,Standard,No,No,Cash,2024-04-14
3121,2435,2435,2435,Gloves,45,Store Pickup,No,No,Credit Card,2024-04-28
3122,2436,2436,2436,Sneakers,27,Free Shipping,No,No,Cash,2024-09-03
3123,2437,2437,2437,T-shirt,24,Store Pickup,No,No,Credit Card,2024-10-10
3124,2438,2438,2438,Sneakers,59,Store Pickup,No,No,Credit Card,2024-01-25
3125,2439,2439,2439,Jeans,20,Express,No,No,Venmo,2024-02-08
3127,2440,2440,2440,Handbag,44,Standard,No,No,Bank Transfer,2024-07-09
3128,2441,2441,2441,Socks,90,Standard,No,No,Bank Transfer,2024-03-14
3129,2442,2442,2442,Jewelry,36,Free Shipping,No,No,Credit Card,2024-10-10
3130,2443,2443,2443,Blouse,95,Free Shipping,No,No,Debit Card,2024-02-12
3131,2444,2444,2444,Backpack,30,2-Day Shipping,No,No,Bank Transfer,2024-04-13
3133,2445,2445,2445,Scarf,65,Express,No,No,Debit Card,2024-11-07
3134,2446,2446,2446,Scarf,96,Store Pickup,No,No,Cash,2024-07-25
3135,2447,2447,2447,Shirt,65,2-Day Shipping,No,No,Credit Card,2024-04-27
3136,2448,2448,2448,Pants,47,Store Pickup,No,No,Venmo,2024-10-18
3137,2449,2449,2449,Hat,25,Free Shipping,No,No,PayPal,2024-09-27
3139,2450,2450,2450,Coat,56,Express,No,No,Venmo,2024-10-08
3140,2451,2451,2451,T-shirt,76,Standard,No,No,Venmo,2024-10-04
3141,2452,2452,2452,Socks,60,Store Pickup,No,No,Venmo,2024-09-15
3142,2453,2453,2453,Shirt,67,Express,No,No,Bank Transfer,2024-01-09
3143,2454,2454,2454,Sweater,95,Store Pickup,No,No,Cash,2024-04-25
3145,2455,2455,2455,Gloves,72,Express,No,No,Venmo,2024-01-12
3146,2456,2456,2456,Belt,98,Express,No,No,Cash,2024-05-03
3147,2457,2457,2457,Jeans,83,2-Day Shipping,No,No,PayPal,2024-02-21
3148,2458,2458,2458,Handbag,37,2-Day Shipping,No,No,Cash,2024-09-05
3149,2459,2459,2459,T-shirt,85,Free Shipping,No,No,Bank Transfer,2024-11-10
3151,2460,2460,2460,Socks,36,2-Day Shipping,No,No,Cash,2024-10-02
3152,2461,2461,2461,Jeans,36,Store Pickup,No,No,Credit Card,2024-01-13
3153,2462,2462,2462,Scarf,86,Next Day Air,No,No,Credit Card,2024-06-27
3154,2463,2463,2463,Pants,99,Standard,No,No,Bank Transfer,2024-03-10
3155,2464,2464,2464,Blouse,21,Standard,No,No,Cash,2024-07-11
3157,2465,2465,2465,Jacket,84,Express,No,No,Cash,2024-01-01
3158,2466,2466,2466,Sandals,63,Free Shipping,No,No,Bank Transfer,2024-03-28
3159,2467,2467,2467,Shorts,84,Express,No,No,Cash,2024-06-21
3160,2468,2468,2468,Shorts,72,Express,No,No,Credit Card,2024-03-21
3161,2469,2469,2469,Skirt,21,2-Day Shipping,No,No,Venmo,2024-01-04
3163,2470,2470,2470,Sandals,92,Standard,No,No,PayPal,2024-09-02
3164,2471,2471,2471,Blouse,72,Next Day Air,No,No,Credit Card,2024-10-27
3165,2472,2472,2472,Sandals,83,Store Pickup,No,No,Cash,2024-03-04
3166,2473,2473,2473,Shirt,73,Standard,No,No,Credit Card,2024-08-03
3167,2474,2474,2474,Socks,98,Next Day Air,No,No,Cash,2024-02-01
3169,2475,2475,2475,T-shirt,76,Store Pickup,No,No,Bank Transfer,2024-10-14
3170,2476,2476,2476,Dress,43,Next Day Air,No,No,Venmo,2024-08-12
3171,2477,2477,2477,Hat,60,Next Day Air,No,No,Cash,2024-07-07
3172,2478,2478,2478,Gloves,40,2-Day Shipping,No,No,PayPal,2024-03-02
3173,2479,2479,2479,Socks,93,2-Day Shipping,No,No,Bank Transfer,2024-12-10
3175,2480,2480,2480,Dress,98,Standard,No,No,Credit Card,2024-11-07
3176,2481,2481,2481,Socks,91,Next Day Air,No,No,Credit Card,2024-07-19
3177,2482,2482,2482,Belt,92,Free Shipping,No,No,Debit Card,2024-11-03
3178,2483,2483,2483,Handbag,87,Next Day Air,No,No,Credit Card,2024-01-07
3179,2484,2484,2484,Skirt,96,Standard,No,No,Debit Card,2024-10-16
3181,2485,2485,2485,Hoodie,97,2-Day Shipping,No,No,Cash,2024-06-19
3182,2486,2486,2486,Blouse,55,2-Day Shipping,No,No,Bank Transfer,2024-05-23
3183,2487,2487,2487,Jeans,58,Store Pickup,No,No,Credit Card,2024-03-12
3184,2488,2488,2488,Boots,21,Next Day Air,No,No,PayPal,2024-05-05
3185,2489,2489,2489,Handbag,82,Express,No,No,PayPal,2024-06-01
3187,2490,2490,2490,Coat,34,Express,No,No,Venmo,2024-12-11
3188,2491,2491,2491,Blouse,78,Free Shipping,No,No,Cash,2024-05-16
3189,2492,2492,2492,Handbag,47,Express,No,No,Bank Transfer,2024-05-25
3190,2493,2493,2493,Sunglasses,96,Next Day Air,No,No,Bank Transfer,2024-07-27
3191,2494,2494,2494,Socks,23,2-Day Shipping,No,No,Venmo,2024-10-28
3193,2495,2495,2495,Shoes,27,Store Pickup,No,No,Debit Card,2024-12-11
3194,2496,2496,2496,Backpack,37,Free Shipping,No,No,Credit Card,2024-05-16
3195,2497,2497,2497,Scarf,79,Store Pickup,No,No,Credit Card,2024-08-09
3196,2498,2498,2498,Backpack,40,Standard,No,No,Bank Transfer,2024-07-13
3197,2499,2499,2499,Coat,39,Next Day Air,No,No,Cash,2024-09-07
3199,2500,2500,2500,Hoodie,73,Next Day Air,No,No,Cash,2024-07-18
3200,2501,2501,2501,Gloves,84,Store Pickup,No,No,Cash,2024-11-21
3201,2502,2502,2502,Shorts,94,Free Shipping,No,No,Venmo,2024-11-10
3202,2503,2503,2503,Skirt,47,Standard,No,No,PayPal,2024-04-22
3203,2504,2504,2504,Boots,77,Store Pickup,No,No,Debit Card,2024-07-18
3205,2505,2505,2505,Shorts,94,Store Pickup,No,No,Cash,2024-02-07
3206,2506,2506,2506,Handbag,75,Express,No,No,PayPal,2024-07-25
3207,2507,2507,2507,Dress,82,Free Shipping,No,No,Venmo,2024-04-15
3208,2508,2508,2508,Shoes,36,Store Pickup,No,No,Credit Card,2024-11-18
3209,2509,2509,2509,Sneakers,90,2-Day Shipping,No,No,Debit Card,2024-03-16
3211,2510,2510,2510,Socks,48,Free Shipping,No,No,Bank Transfer,2024-03-06
3212,2511,2511,2511,Jacket,42,Standard,No,No,Credit Card,2024-02-17
3213,2512,2512,2512,Backpack,33,Store Pickup,No,No,PayPal,2024-06-23
3214,2513,2513,2513,Socks,63,Free Shipping,No,No,Credit Card,2024-06-08
3215,2514,2514,2514,Handbag,53,2-Day Shipping,No,No,Cash,2024-02-01
3217,2515,2515,2515,Hat,37,Free Shipping,No,No,PayPal,2024-04-23
3218,2516,2516,2516,Blouse,92,2-Day Shipping,No,No,Cash,2024-07-28
3219,2517,2517,2517,Shorts,73,Standard,No,No,Debit Card,2024-04-14
3220,2518,2518,2518,Shirt,38,Standard,No,No,Venmo,2024-05-07
3221,2519,2519,2519,Boots,51,Store Pickup,No,No,Venmo,2024-09-15
3223,2520,2520,2520,Jacket,90,Standard,No,No,Credit Card,2024-03-11
3224,2521,2521,2521,Jacket,56,Next Day Air,No,No,Cash,2024-06-16
3225,2522,2522,2522,Handbag,33,Standard,No,No,PayPal,2024-09-05
3226,2523,2523,2523,Belt,53,2-Day Shipping,No,No,Debit Card,2024-12-13
3227,2524,2524,2524,Handbag,24,Express,No,No,Bank Transfer,2024-03-07
3229,2525,2525,2525,Coat,59,Express,No,No,Credit Card,2024-04-23
3230,2526,2526,2526,Sweater,72,Standard,No,No,PayPal,2024-12-06
3231,2527,2527,2527,Shorts,28,Express,No,No,PayPal,2024-05-11
3232,2528,2528,2528,Pants,36,Express,No,No,Bank Transfer,2024-09-27
3233,2529,2529,2529,Jewelry,47,2-Day Shipping,No,No,Debit Card,2024-11-05
3235,2530,2530,2530,Gloves,62,Next Day Air,No,No,Bank Transfer,2024-05-23
3236,2531,2531,2531,Skirt,98,Free Shipping,No,No,Debit Card,2024-03-23
3237,2532,2532,2532,Sandals,28,Free Shipping,No,No,Cash,2024-08-22
3238,2533,2533,2533,Socks,86,Next Day Air,No,No,Debit Card,2024-06-01
3239,2534,2534,2534,Jewelry,46,Standard,No,No,Cash,2024-07-27
3241,2535,2535,2535,Sunglasses,42,Free Shipping,No,No,Cash,2024-09-15
3242,2536,2536,2536,Coat,80,Express,No,No,Bank Transfer,2024-01-02
3243,2537,2537,2537,Belt,39,Express,No,No,PayPal,2024-03-25
3244,2538,2538,2538,Coat,49,2-Day Shipping,No,No,PayPal,2024-06-12
3245,2539,2539,2539,Scarf,32,Next Day Air,No,No,Credit Card,2024-07-11
3247,2540,2540,2540,Sandals,73,Next Day Air,No,No,Cash,2024-11-26
3248,2541,2541,2541,Belt,42,Free Shipping,No,No,Debit Card,2024-06-25
3249,2542,2542,2542,Scarf,58,Next Day Air,No,No,Venmo,2024-05-26
3250,2543,2543,2543,Jewelry,22,Express,No,No,PayPal,2024-12-15
3251,2544,2544,2544,Scarf,56,Next Day Air,No,No,PayPal,2024-05-09
3253,2545,2545,2545,Pants,70,Next Day Air,No,No,Venmo,2024-04-07
3254,2546,2546,2546,Shoes,50,Free Shipping,No,No,Debit Card,2024-04-03
3255,2547,2547,2547,Boots,21,Express,No,No,Credit Card,2024-08-12
3256,2548,2548,2548,Jacket,97,2-Day Shipping,No,No,Cash,2024-06-05
3257,2549,2549,2549,Backpack,63,Standard,No,No,Credit Card,2024-01-17
3259,2550,2550,2550,Jacket,60,Standard,No,No,Debit Card,2024-09-07
3260,2551,2551,2551,Boots,52,Store Pickup,No,No,Debit Card,2024-11-11
3261,2552,2552,2552,Shoes,32,Next Day Air,No,No,Debit Card,2024-02-22
3262,2553,2553,2553,Belt,48,2-Day Shipping,No,No,Credit Card,2024-05-13
3263,2554,2554,2554,Jewelry,25,Store Pickup,No,No,Venmo,2024-06-04
3265,2555,2555,2555,Jewelry,68,Store Pickup,No,No,Debit Card,2024-07-23
3266,2556,2556,2556,Pants,74,Standard,No,No,Credit Card,2024-09-26
3267,2557,2557,2557,T-shirt,88,Standard,No,No,Bank Transfer,2024-11-18
3268,2558,2558,2558,Shorts,23,Standard,No,No,PayPal,2024-04-28
3269,2559,2559,2559,Hoodie,32,Express,No,No,PayPal,2024-10-21
3271,2560,2560,2560,Belt,71,Free Shipping,No,No,Debit Card,2024-02-13
3272,2561,2561,2561,Boots,62,Next Day Air,No,No,Debit Card,2024-03-14
3273,2562,2562,2562,Hoodie,20,Free Shipping,No,No,Debit Card,2024-05-12
3274,2563,2563,2563,Shorts,62,Standard,No,No,Cash,2024-03-17
3275,2564,2564,2564,Backpack,81,Standard,No,No,Venmo,2024-02-20
3277,2565,2565,2565,Scarf,90,2-Day Shipping,No,No,Bank Transfer,2024-12-11
3278,2566,2566,2566,Socks,43,Store Pickup,No,No,Venmo,2024-09-14
3279,2567,2567,2567,Handbag,38,Standard,No,No,PayPal,2024-10-24
3280,2568,2568,2568,Sunglasses,25,Store Pickup,No,No,Cash,2024-03-02
3281,2569,2569,2569,T-shirt,98,Express,No,No,PayPal,2024-12-25
3283,2570,2570,2570,Dress,75,Free Shipping,No,No,Bank Transfer,2024-05-23
3284,2571,2571,2571,Sneakers,27,Store Pickup,No,No,PayPal,2024-05-26
3285,2572,2572,2572,Sunglasses,27,Standard,No,No,Cash,2024-01-26
3286,2573,2573,2573,Blouse,42,Next Day Air,No,No,Bank Transfer,2024-09-05
3287,2574,2574,2574,T-shirt,90,Store Pickup,No,No,Bank Transfer,2024-08-12
3289,2575,2575,2575,Hat,63,2-Day Shipping,No,No,Credit Card,2024-07-03
3290,2576,2576,2576,Shorts,96,Express,No,No,PayPal,2024-09-27
3291,2577,2577,2577,Hoodie,40,Free Shipping,No,No,Debit Card,2024-02-02
3292,2578,2578,2578,Socks,39,Next Day Air,No,No,Bank Transfer,2024-09-20
3293,2579,2579,2579,Sunglasses,48,Free Shipping,No,No,Cash,2024-09-11
3295,2580,2580,2580,Blouse,20,Express,No,No,Venmo,2024-06-12
3296,2581,2581,2581,Jeans,29,Store Pickup,No,No,Bank Transfer,2024-06-24
3297,2582,2582,2582,Dress,81,Express,No,No,Credit Card,2024-01-09
3298,2583,2583,2583,Dress,98,2-Day Shipping,No,No,Venmo,2024-10-05
3299,2584,2584,2584,Jeans,93,Next Day Air,No,No,Cash,2024-10-03
3301,2585,2585,2585,Socks,30,Store Pickup,No,No,Bank Transfer,2024-07-19
3302,2586,2586,2586,Sunglasses,37,Free Shipping,No,No,Debit Card,2024-10-01
3303,2587,2587,2587,Coat,28,Express,No,No,Credit Card,2024-01-07
3304,2588,2588,2588,Scarf,29,Express,No,No,PayPal,2024-12-06
3305,2589,2589,2589,Backpack,49,Free Shipping,No,No,Venmo,2024-08-24
3307,2590,2590,2590,Pants,53,2-Day Shipping,No,No,PayPal,2024-02-03
3308,2591,2591,2591,Gloves,66,Free Shipping,No,No,Venmo,2024-07-25
3309,2592,2592,2592,Jacket,61,Express,No,No,Cash,2024-05-11
3310,2593,2593,2593,Shorts,23,Store Pickup,No,No,Venmo,2024-08-09
3311,2594,2594,2594,Pants,36,Store Pickup,No,No,Bank Transfer,2024-10-13
3313,2595,2595,2595,Skirt,81,Free Shipping,No,No,Cash,2024-11-17
3314,2596,2596,2596,Blouse,56,Free Shipping,No,No,Bank Transfer,2024-08-17
3315,2597,2597,2597,Shirt,78,Next Day Air,No,No,Credit Card,2024-03-10
3316,2598,2598,2598,Jewelry,25,Store Pickup,No,No,Venmo,2024-08-01
3317,2599,2599,2599,Backpack,86,Express,No,No,Debit Card,2024-09-21
3319,2600,2600,2600,Jewelry,99,Express,No,No,Credit Card,2024-02-17
3320,2601,2601,2601,Belt,83,Express,No,No,Bank Transfer,2024-10-08
3321,2602,2602,2602,Dress,33,Store Pickup,No,No,Cash,2024-02-16
3322,2603,2603,2603,Coat,44,Free Shipping,No,No,Venmo,2024-10-13
3323,2604,2604,2604,Dress,58,2-Day Shipping,No,No,Cash,2024-04-22
3325,2605,2605,2605,Sweater,54,Store Pickup,No,No,Debit Card,2024-03-16
3326,2606,2606,2606,Hoodie,93,2-Day Shipping,No,No,Venmo,2024-05-06
3327,2607,2607,2607,Shoes,98,Standard,No,No,Bank Transfer,2024-03-07
3328,2608,2608,2608,Shoes,36,Express,No,No,PayPal,2024-05-03
3329,2609,2609,2609,Jacket,68,2-Day Shipping,No,No,Credit Card,2024-09-27
3331,2610,2610,2610,Backpack,95,Store Pickup,No,No,Debit Card,2024-08-10
3332,2611,2611,2611,Jeans,93,Express,No,No,Cash,2024-05-27
3333,2612,2612,2612,Jacket,99,2-Day Shipping,No,No,Cash,2024-10-13
3334,2613,2613,2613,Sunglasses,22,Next Day Air,No,No,Venmo,2024-02-09
3335,2614,2614,2614,Gloves,88,Express,No,No,Bank Transfer,2024-11-26
3337,2615,2615,2615,Jacket,65,Express,No,No,Bank Transfer,2024-04-12
3338,2616,2616,2616,T-shirt,62,2-Day Shipping,No,No,Debit Card,2024-10-23
3339,2617,2617,2617,Sandals,55,Express,No,No,Cash,2024-04-27
3340,2618,2618,2618,Shorts,97,Standard,No,No,Bank Transfer,2024-04-18
3341,2619,2619,2619,Handbag,77,Express,No,No,Venmo,2024-10-20
3343,2620,2620,2620,Pants,40,Free Shipping,No,No,Credit Card,2024-02-25
3344,2621,2621,2621,Blouse,23,Standard,No,No,Debit Card,2024-02-17
3345,2622,2622,2622,Shoes,46,Express,No,No,Bank Transfer,2024-02-09
3346,2623,2623,2623,Backpack,75,2-Day Shipping,No,No,Credit Card,2024-03-04
3347,2624,2624,2624,Shoes,76,Next Day Air,No,No,Cash,2024-11-21
3349,2625,2625,2625,Dress,59,Standard,No,No,Credit Card,2024-08-26
3350,2626,2626,2626,Skirt,51,Standard,No,No,Credit Card,2024-07-25
3351,2627,2627,2627,Jacket,46,Express,No,No,Credit Card,2024-11-20
3352,2628,2628,2628,Shirt,26,Next Day Air,No,No,Bank Transfer,2024-09-05
3353,2629,2629,2629,Hoodie,51,Next Day Air,No,No,Credit Card,2024-07-24
3355,2630,2630,2630,Scarf,44,Free Shipping,No,No,Venmo,2024-12-25
3356,2631,2631,2631,Skirt,82,Free Shipping,No,No,Cash,2024-04-18
3357,2632,2632,2632,Skirt,44,Express,No,No,Cash,2024-07-05
3358,2633,2633,2633,Scarf,27,Next Day Air,No,No,Cash,2024-09-24
3359,2634,2634,2634,Sunglasses,90,Next Day Air,No,No,Credit Card,2024-11-13
3361,2635,2635,2635,Sandals,58,Store Pickup,No,No,PayPal,2024-06-10
3362,2636,2636,2636,Hoodie,80,2-Day Shipping,No,No,PayPal,2024-03-13
3363,2637,2637,2637,Jacket,40,Store Pickup,No,No,Venmo,2024-01-07
3364,2638,2638,2638,Pants,23,Store Pickup,No,No,PayPal,2024-05-20
3365,2639,2639,2639,Shirt,34,Store Pickup,No,No,Credit Card,2024-04-16
3367,2640,2640,2640,Blouse,35,Free Shipping,No,No,Debit Card,2024-01-16
3368,2641,2641,2641,Skirt,75,Store Pickup,No,No,Venmo,2024-08-08
3369,2642,2642,2642,Sunglasses,60,Next Day Air,No,No,Bank Transfer,2024-01-05
3370,2643,2643,2643,Belt,87,Store Pickup,No,No,Bank Transfer,2024-07-01
3371,2644,2644,2644,Gloves,41,Next Day Air,No,No,Cash,2024-03-26
3373,2645,2645,2645,Pants,83,Standard,No,No,Bank Transfer,2024-03-02
3374,2646,2646,2646,Scarf,81,Store Pickup,No,No,Bank Transfer,2024-04-02
3375,2647,2647,2647,T-shirt,56,Next Day Air,No,No,Debit Card,2024-08-24
3376,2648,2648,2648,Shoes,58,2-Day Shipping,No,No,Debit Card,2024-07-18
3377,2649,2649,2649,Pants,84,Next Day Air,No,No,PayPal,2024-03-19
3379,2650,2650,2650,Gloves,21,Store Pickup,No,No,Bank Transfer,2024-09-16
3380,2651,2651,2651,Socks,35,Standard,No,No,Credit Card,2024-08-18
3381,2652,2652,2652,Sneakers,43,Store Pickup,No,No,PayPal,2024-07-01
3382,2653,2653,2653,Shorts,20,2-Day Shipping,No,No,Credit Card,2024-07-28
3383,2654,2654,2654,Blouse,36,Express,No,No,Venmo,2024-10-21
3385,2655,2655,2655,Coat,70,Next Day Air,No,No,PayPal,2024-09-03
3386,2656,2656,2656,Sunglasses,83,Standard,No,No,Credit Card,2024-07-07
3387,2657,2657,2657,Shorts,76,Express,No,No,Bank Transfer,2024-02-21
3388,2658,2658,2658,Dress,81,Express,No,No,Credit Card,2024-06-17
3389,2659,2659,2659,Handbag,47,Next Day Air,No,No,PayPal,2024-07-03
3391,2660,2660,2660,Boots,35,2-Day Shipping,No,No,Credit Card,2024-08-04
3392,2661,2661,2661,Pants,85,Express,No,No,Venmo,2024-05-11
3393,2662,2662,2662,Boots,96,Express,No,No,Bank Transfer,2024-11-14
3394,2663,2663,2663,Skirt,98,2-Day Shipping,No,No,PayPal,2024-08-14
3395,2664,2664,2664,Sneakers,52,Free Shipping,No,No,Bank Transfer,2024-10-18
3397,2665,2665,2665,Jewelry,84,Store Pickup,No,No,PayPal,2024-01-11
3398,2666,2666,2666,T-shirt,71,Store Pickup,No,No,Venmo,2024-02-12
3399,2667,2667,2667,Sandals,95,Store Pickup,No,No,Venmo,2024-12-17
3400,2668,2668,2668,Boots,47,Free Shipping,No,No,Cash,2024-07-17
3401,2669,2669,2669,Coat,75,Next Day Air,No,No,PayPal,2024-07-07
3403,2670,2670,2670,Belt,28,Free Shipping,No,No,Credit Card,2024-04-09
3404,2671,2671,2671,Sunglasses,44,Express,No,No,Bank Transfer,2024-11-28
3405,2672,2672,2672,Sandals,64,2-Day Shipping,No,No,PayPal,2024-01-13
3406,2673,2673,2673,Boots,28,Standard,No,No,Cash,2024-03-24
3407,2674,2674,2674,Hoodie,21,2-Day Shipping,No,No,Cash,2024-06-26
3409,2675,2675,2675,Hat,41,Express,No,No,Cash,2024-10-19
3410,2676,2676,2676,Shorts,38,Free Shipping,No,No,Cash,2024-02-12
3411,2677,2677,2677,Backpack,77,Free Shipping,No,No,Cash,2024-03-05
3412,2678,2678,2678,Shorts,43,Next Day Air,No,No,PayPal,2024-04-11
3413,2679,2679,2679,Belt,91,2-Day Shipping,No,No,Credit Card,2024-04-13
3415,2680,2680,2680,Shorts,68,Express,No,No,Debit Card,2024-05-04
3416,2681,2681,2681,Socks,37,Next Day Air,No,No,Venmo,2024-09-04
3417,2682,2682,2682,Shoes,23,Standard,No,No,Debit Card,2024-08-06
3418,2683,2683,2683,Sneakers,65,2-Day Shipping,No,No,Venmo,2024-12-09
3419,2684,2684,2684,Backpack,30,Next Day Air,No,No,Cash,2024-06-13
3421,2685,2685,2685,Dress,45,Free Shipping,No,No,Credit Card,2024-08-16
3422,2686,2686,2686,Boots,25,Express,No,No,Credit Card,2024-12-01
3423,2687,2687,2687,Socks,72,2-Day Shipping,No,No,Cash,2024-02-10
3424,2688,2688,2688,Dress,75,2-Day Shipping,No,No,Debit Card,2024-10-22
3425,2689,2689,2689,Handbag,63,2-Day Shipping,No,No,Credit Card,2024-04-08
3427,2690,2690,2690,Blouse,35,Standard,No,No,PayPal,2024-10-15
3428,2691,2691,2691,Belt,32,Free Shipping,No,No,Bank Transfer,2024-08-20
3429,2692,2692,2692,Pants,25,2-Day Shipping,No,No,Cash,2024-12-07
3430,2693,2693,2693,Sneakers,90,Free Shipping,No,No,Debit Card,2024-05-07
3431,2694,2694,2694,Boots,70,Standard,No,No,Cash,2024-06-20
3433,2695,2695,2695,Sunglasses,27,Express,No,No,Credit Card,2024-04-11
3434,2696,2696,2696,Hat,92,Standard,No,No,PayPal,2024-11-21
3435,2697,2697,2697,Coat,20,Free Shipping,No,No,Debit Card,2024-04-16
3436,2698,2698,2698,Jacket,52,Standard,No,No,Bank Transfer,2024-01-12
3437,2699,2699,2699,Hoodie,57,Store Pickup,No,No,Venmo,2024-06-04
3439,2700,2700,2700,Boots,96,2-Day Shipping,No,No,Debit Card,2024-10-23
3440,2701,2701,2701,T-shirt,68,Standard,No,No,Cash,2024-01-11
3441,2702,2702,2702,Sweater,30,Store Pickup,No,No,Bank Transfer,2024-07-03
3442,2703,2703,2703,Shoes,37,Next Day Air,No,No,Debit Card,2024-11-02
3443,2704,2704,2704,Scarf,42,Free Shipping,No,No,PayPal,2024-12-07
3445,2705,2705,2705,Dress,54,Next Day Air,No,No,Debit Card,2024-03-06
3446,2706,2706,2706,Jacket,81,Store Pickup,No,No,Credit Card,2024-04-28
3447,2707,2707,2707,Shoes,40,Express,No,No,Debit Card,2024-04-08
3448,2708,2708,2708,Backpack,88,Standard,No,No,Cash,2024-10-27
3449,2709,2709,2709,Dress,94,Store Pickup,No,No,Debit Card,2024-07-10
3451,2710,2710,2710,Shirt,54,Standard,No,No,Credit Card,2024-02-22
3452,2711,2711,2711,Jacket,51,Standard,No,No,Bank Transfer,2024-07-19
3453,2712,2712,2712,Sunglasses,22,Standard,No,No,Venmo,2024-05-10
3454,2713,2713,2713,Jacket,95,Standard,No,No,Debit Card,2024-10-03
3455,2714,2714,2714,Coat,57,2-Day Shipping,No,No,Debit Card,2024-09-09
3457,2715,2715,2715,Sweater,45,Store Pickup,No,No,Credit Card,2024-01-26
3458,2716,2716,2716,Sneakers,92,Express,No,No,PayPal,2024-12-04
3459,2717,2717,2717,Shoes,40,Store Pickup,No,No,Debit Card,2024-04-22
3460,2718,2718,2718,Sunglasses,62,Free Shipping,No,No,Credit Card,2024-12-17
3461,2719,2719,2719,Shorts,90,Next Day Air,No,No,Venmo,2024-12-15
3463,2720,2720,2720,Hoodie,82,Free Shipping,No,No,Bank Transfer,2024-09-23
3464,2721,2721,2721,Scarf,52,Store Pickup,No,No,Bank Transfer,2024-04-03
3465,2722,2722,2722,Sandals,70,Free Shipping,No,No,PayPal,2024-03-23
3466,2723,2723,2723,Hat,83,2-Day Shipping,No,No,PayPal,2024-04-06
3467,2724,2724,2724,Shoes,49,Store Pickup,No,No,PayPal,2024-06-25
3469,2725,2725,2725,Sneakers,91,Next Day Air,No,No,Debit Card,2024-03-16
3470,2726,2726,2726,Backpack,99,Free Shipping,No,No,Debit Card,2024-06-08
3471,2727,2727,2727,Belt,92,Free Shipping,No,No,PayPal,2024-01-17
3472,2728,2728,2728,Shirt,87,2-Day Shipping,No,No,Credit Card,2024-01-06
3473,2729,2729,2729,Skirt,28,Express,No,No,Debit Card,2024-02-01
3475,2730,2730,2730,Gloves,71,Free Shipping,No,No,Credit Card,2024-07-05
3476,2731,2731,2731,Gloves,32,Store Pickup,No,No,Bank Transfer,2024-02-25
3477,2732,2732,2732,Handbag,33,2-Day Shipping,No,No,Bank Transfer,2024-08-16
3478,2733,2733,2733,Socks,75,Store Pickup,No,No,Debit Card,2024-12-13
3479,2734,2734,2734,Backpack,83,Express,No,No,PayPal,2024-08-16
3481,2735,2735,2735,Jeans,93,2-Day Shipping,No,No,Cash,2024-06-26
3482,2736,2736,2736,Skirt,29,Express,No,No,PayPal,2024-03-01
3483,2737,2737,2737,Hoodie,25,Store Pickup,No,No,Credit Card,2024-05-21
3484,2738,2738,2738,Jewelry,76,Free Shipping,No,No,Cash,2024-04-11
3485,2739,2739,2739,Sneakers,81,2-Day Shipping,No,No,Venmo,2024-06-08
3487,2740,2740,2740,Shirt,80,Store Pickup,No,No,Credit Card,2024-01-17
3488,2741,2741,2741,Sunglasses,70,Free Shipping,No,No,Bank Transfer,2024-07-11
3489,2742,2742,2742,Dress,81,2-Day Shipping,No,No,Venmo,2024-10-16
3490,2743,2743,2743,Shoes,86,Free Shipping,No,No,Debit Card,2024-03-16
3491,2744,2744,2744,Belt,94,2-Day Shipping,No,No,Venmo,2024-09-27
3493,2745,2745,2745,Shirt,66,Store Pickup,No,No,Credit Card,2024-01-02
3494,2746,2746,2746,Boots,98,Standard,No,No,PayPal,2024-08-21
3495,2747,2747,2747,Hoodie,25,Standard,No,No,PayPal,2024-11-14
3496,2748,2748,2748,Jeans,62,Free Shipping,No,No,Credit Card,2024-12-09
3497,2749,2749,2749,Jacket,98,Free Shipping,No,No,Venmo,2024-04-20
3499,2750,2750,2750,Jacket,53,Standard,No,No,Bank Transfer,2024-04-10
3500,2751,2751,2751,Sandals,66,2-Day Shipping,No,No,PayPal,2024-04-08
3501,2752,2752,2752,Dress,52,Free Shipping,No,No,Venmo,2024-09-16
3502,2753,2753,2753,Sweater,64,Free Shipping,No,No,Venmo,2024-12-18
3503,2754,2754,2754,Gloves,59,Next Day Air,No,No,PayPal,2024-05-25
3505,2755,2755,2755,Sunglasses,61,Free Shipping,No,No,Venmo,2024-07-21
3506,2756,2756,2756,Belt,97,Store Pickup,No,No,Credit Card,2024-12-07
3507,2757,2757,2757,Hat,23,Free Shipping,No,No,PayPal,2024-12-14
3508,2758,2758,2758,Hat,98,Next Day Air,No,No,Venmo,2024-09-24
3509,2759,2759,2759,Blouse,98,Standard,No,No,Bank Transfer,2024-08-24
3511,2760,2760,2760,Shoes,59,Free Shipping,No,No,Cash,2024-07-24
3512,2761,2761,2761,Skirt,82,Next Day Air,No,No,Credit Card,2024-09-13
3513,2762,2762,2762,Sneakers,82,Next Day Air,No,No,Credit Card,2024-09-13
3514,2763,2763,2763,T-shirt,41,Store Pickup,No,No,Debit Card,2024-09-19
3515,2764,2764,2764,Handbag,52,2-Day Shipping,No,No,Venmo,2024-10-02
3517,2765,2765,2765,Sweater,41,Next Day Air,No,No,Debit Card,2024-05-10
3518,2766,2766,2766,Gloves,70,2-Day Shipping,No,No,Credit Card,2024-08-27
3519,2767,2767,2767,Dress,91,Standard,No,No,Credit Card,2024-02-07
3520,2768,2768,2768,Dress,95,Free Shipping,No,No,Cash,2024-04-26
3521,2769,2769,2769,Blouse,25,2-Day Shipping,No,No,PayPal,2024-03-06
3523,2770,2770,2770,Shirt,89,Standard,No,No,Cash,2024-10-12
3524,2771,2771,2771,Boots,44,Express,No,No,Bank Transfer,2024-09-25
3525,2772,2772,2772,Jacket,52,2-Day Shipping,No,No,Bank Transfer,2024-08-10
3526,2773,2773,2773,Backpack,94,Store Pickup,No,No,Bank Transfer,2024-03-27
3527,2774,2774,2774,Pants,98,Express,No,No,Bank Transfer,2024-04-11
3529,2775,2775,2775,Boots,40,Standard,No,No,Credit Card,2024-09-22
3530,2776,2776,2776,Socks,25,Free Shipping,No,No,Debit Card,2024-10-09
3531,2777,2777,2777,Scarf,62,Free Shipping,No,No,Bank Transfer,2024-10-10
3532,2778,2778,2778,Blouse,24,Standard,No,No,Credit Card,2024-11-15
3533,2779,2779,2779,Belt,57,Standard,No,No,Credit Card,2024-04-10
3535,2780,2780,2780,Sunglasses,66,Express,No,No,Credit Card,2024-01-04
3536,2781,2781,2781,Boots,70,Next Day Air,No,No,PayPal,2024-12-04
3537,2782,2782,2782,Sandals,39,Standard,No,No,PayPal,2024-05-12
3538,2783,2783,2783,Gloves,34,Free Shipping,No,No,PayPal,2024-05-03
3539,2784,2784,2784,Skirt,38,Next Day Air,No,No,Credit Card,2024-04-11
3541,2785,2785,2785,Skirt,70,Express,No,No,PayPal,2024-02-14
3542,2786,2786,2786,Blouse,80,Next Day Air,No,No,Bank Transfer,2024-06-04
3543,2787,2787,2787,Handbag,51,Next Day Air,No,No,Debit Card,2024-03-13
3544,2788,2788,2788,Boots,79,Next Day Air,No,No,Venmo,2024-05-24
3545,2789,2789,2789,Boots,92,Free Shipping,No,No,Credit Card,2024-08-10
3547,2790,2790,2790,Sweater,85,Express,No,No,Credit Card,2024-10-21
3548,2791,2791,2791,Socks,63,Free Shipping,No,No,Debit Card,2024-05-04
3549,2792,2792,2792,Gloves,60,Express,No,No,Venmo,2024-09-27
3550,2793,2793,2793,Shorts,44,Express,No,No,Credit Card,2024-12-19
3551,2794,2794,2794,Boots,57,Standard,No,No,Debit Card,2024-05-19
3553,2795,2795,2795,Jacket,24,Standard,No,No,Cash,2024-09-14
3554,2796,2796,2796,Scarf,35,Store Pickup,No,No,PayPal,2024-12-08
3555,2797,2797,2797,Jacket,73,Store Pickup,No,No,Cash,2024-12-10
3556,2798,2798,2798,Jewelry,42,Express,No,No,Venmo,2024-12-23
3557,2799,2799,2799,Hoodie,20,Store Pickup,No,No,PayPal,2024-12-21
3559,2800,2800,2800,T-shirt,89,Free Shipping,No,No,Bank Transfer,2024-03-10
3560,2801,2801,2801,Shirt,76,Free Shipping,No,No,Cash,2024-10-12
3561,2802,2802,2802,Shirt,56,Express,No,No,PayPal,2024-01-05
3562,2803,2803,2803,Coat,100,Store Pickup,No,No,Credit Card,2024-09-02
3563,2804,2804,2804,T-shirt,44,Free Shipping,No,No,Bank Transfer,2024-02-16
3565,2805,2805,2805,Hoodie,76,Standard,No,No,Bank Transfer,2024-03-20
3566,2806,2806,2806,Sunglasses,97,Standard,No,No,Cash,2024-10-07
3567,2807,2807,2807,Blouse,39,Standard,No,No,Credit Card,2024-05-27
3568,2808,2808,2808,Hoodie,100,2-Day Shipping,No,No,Debit Card,2024-05-03
3569,2809,2809,2809,Skirt,62,Free Shipping,No,No,PayPal,2024-04-06
3571,2810,2810,2810,Shorts,98,Standard,No,No,Debit Card,2024-07-04
3572,2811,2811,2811,Jeans,31,Standard,No,No,Debit Card,2024-07-10
3573,2812,2812,2812,Jacket,89,Store Pickup,No,No,Credit Card,2024-10-03
3574,2813,2813,2813,Hoodie,91,Store Pickup,No,No,Credit Card,2024-10-03
3575,2814,2814,2814,Shirt,50,2-Day Shipping,No,No,Debit Card,2024-06-10
3577,2815,2815,2815,T-shirt,32,Standard,No,No,Bank Transfer,2024-02-19
3578,2816,2816,2816,Blouse,67,Free Shipping,No,No,Venmo,2024-09-14
3579,2817,2817,2817,Skirt,28,Free Shipping,No,No,Venmo,2024-03-28
3580,2818,2818,2818,Backpack,65,Standard,No,No,Venmo,2024-02-02
3581,2819,2819,2819,Shorts,73,Next Day Air,No,No,Debit Card,2024-10-14
3583,2820,2820,2820,Shirt,27,Free Shipping,No,No,Cash,2024-03-23
3584,2821,2821,2821,Backpack,89,Free Shipping,No,No,Cash,2024-06-04
3585,2822,2822,2822,Shoes,72,Standard,No,No,Venmo,2024-06-09
3586,2823,2823,2823,Skirt,37,Standard,No,No,PayPal,2024-11-03
3587,2824,2824,2824,Dress,63,Standard,No,No,Debit Card,2024-06-03
3589,2825,2825,2825,Hat,90,Free Shipping,No,No,Debit Card,2024-10-14
3590,2826,2826,2826,Handbag,62,2-Day Shipping,No,No,Bank Transfer,2024-01-17
3591,2827,2827,2827,Handbag,43,Express,No,No,Venmo,2024-11-10
3592,2828,2828,2828,Blouse,96,Next Day Air,No,No,Bank Transfer,2024-11-20
3593,2829,2829,2829,Scarf,83,Standard,No,No,PayPal,2024-09-13
3595,2830,2830,2830,Jewelry,67,Next Day Air,No,No,Cash,2024-10-27
3596,2831,2831,2831,Skirt,90,Store Pickup,No,No,Venmo,2024-04-14
3597,2832,2832,2832,Hoodie,53,Express,No,No,Credit Card,2024-01-11
3598,2833,2833,2833,Scarf,37,Standard,No,No,PayPal,2024-08-11
3599,2834,2834,2834,Jeans,56,Free Shipping,No,No,Cash,2024-10-07
3601,2835,2835,2835,Jacket,43,2-Day Shipping,No,No,Credit Card,2024-09-26
3602,2836,2836,2836,T-shirt,84,Free Shipping,No,No,Venmo,2024-12-06
3603,2837,2837,2837,Pants,50,2-Day Shipping,No,No,Cash,2024-01-13
3604,2838,2838,2838,Shoes,88,Express,No,No,PayPal,2024-08-24
3605,2839,2839,2839,Jacket,50,Free Shipping,No,No,Bank Transfer,2024-11-06
3607,2840,2840,2840,Scarf,80,Store Pickup,No,No,Bank Transfer,2024-07-10
3608,2841,2841,2841,T-shirt,47,Store Pickup,No,No,Cash,2024-05-21
3609,2842,2842,2842,Dress,33,2-Day Shipping,No,No,Cash,2024-02-21
3610,2843,2843,2843,Coat,100,Standard,No,No,Debit Card,2024-10-12
3611,2844,2844,2844,Sweater,26,Store Pickup,No,No,Venmo,2024-07-20
3613,2845,2845,2845,Hat,79,Standard,No,No,Venmo,2024-08-11
3614,2846,2846,2846,Backpack,77,Express,No,No,Debit Card,2024-08-01
3615,2847,2847,2847,Socks,36,Next Day Air,No,No,PayPal,2024-09-14
3616,2848,2848,2848,Jewelry,21,Free Shipping,No,No,PayPal,2024-01-25
3617,2849,2849,2849,Boots,72,Store Pickup,No,No,Bank Transfer,2024-11-09
3619,2850,2850,2850,Coat,25,Express,No,No,PayPal,2024-05-26
3620,2851,2851,2851,Sweater,79,Store Pickup,No,No,Debit Card,2024-05-07
3621,2852,2852,2852,Blouse,73,Store Pickup,No,No,Debit Card,2024-07-25
3622,2853,2853,2853,Belt,71,Store Pickup,No,No,Venmo,2024-04-24
3623,2854,2854,2854,Hat,48,Next Day Air,No,No,PayPal,2024-01-03
3625,2855,2855,2855,Sandals,28,Store Pickup,No,No,Venmo,2024-10-23
3626,2856,2856,2856,Boots,95,2-Day Shipping,No,No,PayPal,2024-01-15
3627,2857,2857,2857,Jacket,48,2-Day Shipping,No,No,Credit Card,2024-01-02
3628,2858,2858,2858,Dress,93,Next Day Air,No,No,Debit Card,2024-03-10
3629,2859,2859,2859,Jeans,87,2-Day Shipping,No,No,Bank Transfer,2024-07-01
3631,2860,2860,2860,Shorts,32,Express,No,No,Bank Transfer,2024-11-21
3632,2861,2861,2861,Shirt,38,Next Day Air,No,No,Bank Transfer,2024-03-02
3633,2862,2862,2862,Coat,54,Free Shipping,No,No,Credit Card,2024-10-14
3634,2863,2863,2863,Coat,75,Store Pickup,No,No,Bank Transfer,2024-07-13
3635,2864,2864,2864,T-shirt,56,2-Day Shipping,No,No,Venmo,2024-11-18
3637,2865,2865,2865,Sweater,43,Store Pickup,No,No,Venmo,2024-10-12
3638,2866,2866,2866,Skirt,97,Free Shipping,No,No,Cash,2024-11-18
3639,2867,2867,2867,Blouse,75,Free Shipping,No,No,Cash,2024-08-20
3640,2868,2868,2868,Sneakers,55,Next Day Air,No,No,Cash,2024-08-23
3641,2869,2869,2869,Backpack,49,Next Day Air,No,No,PayPal,2024-01-21
3643,2870,2870,2870,Socks,58,Standard,No,No,Bank Transfer,2024-06-02
3644,2871,2871,2871,Jewelry,34,Free Shipping,No,No,Debit Card,2024-12-07
3645,2872,2872,2872,Shorts,43,2-Day Shipping,No,No,Venmo,2024-08-15
3646,2873,2873,2873,Jewelry,48,Next Day Air,No,No,Cash,2024-09-16
3647,2874,2874,2874,Sweater,40,Free Shipping,No,No,Bank Transfer,2024-04-06
3649,2875,2875,2875,Shirt,29,Standard,No,No,Debit Card,2024-07-20
3650,2876,2876,2876,Pants,81,Free Shipping,No,No,Debit Card,2024-11-10
3651,2877,2877,2877,Hoodie,84,2-Day Shipping,No,No,Bank Transfer,2024-04-03
3652,2878,2878,2878,Socks,46,Standard,No,No,Venmo,2024-06-12
3653,2879,2879,2879,Dress,86,Next Day Air,No,No,Bank Transfer,2024-07-19
3655,2880,2880,2880,Blouse,57,Free Shipping,No,No,Venmo,2024-02-12
3656,2881,2881,2881,Skirt,61,Store Pickup,No,No,PayPal,2024-01-20
3657,2882,2882,2882,Backpack,90,Free Shipping,No,No,Bank Transfer,2024-12-10
3658,2883,2883,2883,Blouse,51,Store Pickup,No,No,Credit Card,2024-12-06
3659,2884,2884,2884,Socks,48,Standard,No,No,PayPal,2024-03-05
3661,2885,2885,2885,Boots,50,2-Day Shipping,No,No,Credit Card,2024-07-27
3662,2886,2886,2886,Backpack,82,Next Day Air,No,No,Credit Card,2024-06-10
3663,2887,2887,2887,Hat,33,Free Shipping,No,No,PayPal,2024-03-06
3664,2888,2888,2888,Sandals,28,Express,No,No,Cash,2024-12-28
3665,2889,2889,2889,Hoodie,42,2-Day Shipping,No,No,Debit Card,2024-05-13
3667,2890,2890,2890,Sunglasses,43,Store Pickup,No,No,Venmo,2024-10-20
3668,2891,2891,2891,Jeans,55,Free Shipping,No,No,Credit Card,2024-12-02
3669,2892,2892,2892,T-shirt,73,Free Shipping,No,No,PayPal,2024-02-07
3670,2893,2893,2893,Dress,39,Standard,No,No,Credit Card,2024-04-25
3671,2894,2894,2894,Belt,20,Free Shipping,No,No,Debit Card,2024-04-04
3673,2895,2895,2895,Jewelry,32,Standard,No,No,Venmo,2024-04-09
3674,2896,2896,2896,Hoodie,86,Standard,No,No,Bank Transfer,2024-07-08
3675,2897,2897,2897,Blouse,91,Free Shipping,No,No,Venmo,2024-06-23
3676,2898,2898,2898,Jacket,59,Free Shipping,No,No,Cash,2024-10-28
3677,2899,2899,2899,Sneakers,33,Express,No,No,Credit Card,2024-08-24
3679,2900,2900,2900,Boots,64,2-Day Shipping,No,No,Bank Transfer,2024-05-21
3680,2901,2901,2901,Blouse,67,Standard,No,No,Cash,2024-01-06
3681,2902,2902,2902,Blouse,43,Free Shipping,No,No,Credit Card,2024-01-14
3682,2903,2903,2903,Boots,32,Standard,No,No,PayPal,2024-04-04
3683,2904,2904,2904,Scarf,39,2-Day Shipping,No,No,Credit Card,2024-04-21
3685,2905,2905,2905,Sandals,41,2-Day Shipping,No,No,Venmo,2024-03-25
3686,2906,2906,2906,Sunglasses,53,Standard,No,No,Debit Card,2024-12-10
3687,2907,2907,2907,Coat,27,Standard,No,No,Venmo,2024-04-05
3688,2908,2908,2908,Sunglasses,82,Next Day Air,No,No,PayPal,2024-07-23
3689,2909,2909,2909,Blouse,87,Store Pickup,No,No,Debit Card,2024-12-21
3691,2910,2910,2910,Backpack,78,Next Day Air,No,No,Credit Card,2024-02-06
3692,2911,2911,2911,Belt,32,Store Pickup,No,No,Credit Card,2024-07-05
3693,2912,2912,2912,Socks,38,Next Day Air,No,No,Venmo,2024-10-26
3694,2913,2913,2913,Shoes,37,Standard,No,No,Cash,2024-02-02
3695,2914,2914,2914,Coat,83,Express,No,No,Cash,2024-12-02
3697,2915,2915,2915,Sweater,72,Express,No,No,Debit Card,2024-09-10
3698,2916,2916,2916,Shirt,30,Express,No,No,Debit Card,2024-10-15
3699,2917,2917,2917,Shorts,66,Express,No,No,Credit Card,2024-01-19
3700,2918,2918,2918,Shirt,45,Store Pickup,No,No,Venmo,2024-12-06
3701,2919,2919,2919,Sunglasses,73,Free Shipping,No,No,Cash,2024-10-19
3703,2920,2920,2920,Shoes,67,Standard,No,No,Debit Card,2024-02-03
3704,2921,2921,2921,Sunglasses,72,Free Shipping,No,No,Debit Card,2024-03-24
3705,2922,2922,2922,Handbag,24,Standard,No,No,Cash,2024-09-11
3706,2923,2923,2923,Sunglasses,68,Express,No,No,PayPal,2024-02-05
3707,2924,2924,2924,Shirt,70,2-Day Shipping,No,No,Cash,2024-05-26
3709,2925,2925,2925,Shirt,64,Free Shipping,No,No,Debit Card,2024-12-05
3710,2926,2926,2926,Sweater,91,Store Pickup,No,No,Credit Card,2024-05-04
3711,2927,2927,2927,Handbag,82,2-Day Shipping,No,No,Cash,2024-12-06
3712,2928,2928,2928,Shirt,24,Express,No,No,Venmo,2024-08-27
3713,2929,2929,2929,Jewelry,80,Store Pickup,No,No,Credit Card,2024-04-20
3715,2930,2930,2930,Socks,53,Next Day Air,No,No,Venmo,2024-12-14
3716,2931,2931,2931,T-shirt,50,Free Shipping,No,No,Venmo,2024-03-05
3717,2932,2932,2932,Jewelry,31,2-Day Shipping,No,No,Credit Card,2024-10-28
3718,2933,2933,2933,Backpack,88,Express,No,No,PayPal,2024-03-28
3719,2934,2934,2934,Hat,52,Standard,No,No,Venmo,2024-07-01
3721,2935,2935,2935,Gloves,22,Next Day Air,No,No,Bank Transfer,2024-11-14
3722,2936,2936,2936,Sneakers,27,Standard,No,No,Venmo,2024-05-06
3723,2937,2937,2937,Skirt,34,Express,No,No,PayPal,2024-04-25
3724,2938,2938,2938,Handbag,39,2-Day Shipping,No,No,Credit Card,2024-05-09
3725,2939,2939,2939,Sunglasses,53,Standard,No,No,Cash,2024-09-12
3727,2940,2940,2940,Sweater,46,Express,No,No,Venmo,2024-12-27
3728,2941,2941,2941,Handbag,85,Next Day Air,No,No,Cash,2024-06-05
3729,2942,2942,2942,Skirt,86,Free Shipping,No,No,PayPal,2024-03-13
3730,2943,2943,2943,Socks,63,Free Shipping,No,No,Bank Transfer,2024-08-06
3731,2944,2944,2944,Shirt,44,Standard,No,No,Credit Card,2024-03-16
3733,2945,2945,2945,Sneakers,95,Free Shipping,No,No,Venmo,2024-08-22
3734,2946,2946,2946,Belt,49,Free Shipping,No,No,Credit Card,2024-08-20
3735,2947,2947,2947,Pants,77,Free Shipping,No,No,Bank Transfer,2024-05-20
3736,2948,2948,2948,Jewelry,63,Standard,No,No,Venmo,2024-03-12
3737,2949,2949,2949,Pants,83,Standard,No,No,Debit Card,2024-12-05
3739,2950,2950,2950,Jewelry,93,Store Pickup,No,No,PayPal,2024-04-06
3740,2951,2951,2951,Jeans,91,2-Day Shipping,No,No,Debit Card,2024-01-05
3741,2952,2952,2952,Scarf,99,Free Shipping,No,No,Cash,2024-11-03
3742,2953,2953,2953,Belt,24,Next Day Air,No,No,Debit Card,2024-04-01
3743,2954,2954,2954,Dress,82,Next Day Air,No,No,Credit Card,2024-07-09
3745,2955,2955,2955,T-shirt,28,Express,No,No,Credit Card,2024-12-01
3746,2956,2956,2956,Boots,67,Free Shipping,No,No,Credit Card,2024-02-28
3747,2957,2957,2957,Dress,88,Standard,No,No,Venmo,2024-09-28
3748,2958,2958,2958,Jewelry,70,Standard,No,No,Cash,2024-11-26
3749,2959,2959,2959,Skirt,100,Standard,No,No,PayPal,2024-06-13
3751,2960,2960,2960,Handbag,28,Free Shipping,No,No,PayPal,2024-08-16
3752,2961,2961,2961,Coat,48,Standard,No,No,Credit Card,2024-03-16
3753,2962,2962,2962,Hoodie,43,Free Shipping,No,No,Debit Card,2024-09-09
3754,2963,2963,2963,Pants,40,Express,No,No,Credit Card,2024-10-26
3755,2964,2964,2964,Boots,97,Free Shipping,No,No,Credit Card,2024-05-25
3757,2965,2965,2965,Coat,25,2-Day Shipping,No,No,Venmo,2024-11-25
3758,2966,2966,2966,Scarf,45,Standard,No,No,PayPal,2024-08-01
3759,2967,2967,2967,Boots,49,Store Pickup,No,No,Debit Card,2024-10-17
3760,2968,2968,2968,Sneakers,36,Free Shipping,No,No,Venmo,2024-06-18
3761,2969,2969,2969,Sweater,48,Express,No,No,Cash,2024-09-14
3763,2970,2970,2970,Belt,62,Next Day Air,No,No,Cash,2024-09-25
3764,2971,2971,2971,Jewelry,74,Free Shipping,No,No,Credit Card,2024-12-12
3765,2972,2972,2972,Handbag,100,Next Day Air,No,No,PayPal,2024-11-20
3766,2973,2973,2973,Jacket,39,Free Shipping,No,No,Venmo,2024-09-08
3767,2974,2974,2974,Boots,65,Store Pickup,No,No,Bank Transfer,2024-08-01
3769,2975,2975,2975,Sneakers,99,Store Pickup,No,No,Credit Card,2024-07-23
3770,2976,2976,2976,Scarf,68,2-Day Shipping,No,No,Cash,2024-02-17
3771,2977,2977,2977,Coat,97,Express,No,No,Cash,2024-06-17
3772,2978,2978,2978,Shorts,47,Standard,No,No,Venmo,2024-12-01
3773,2979,2979,2979,Shorts,56,Free Shipping,No,No,Bank Transfer,2024-05-03
3775,2980,2980,2980,Jeans,91,Next Day Air,No,No,PayPal,2024-09-21
3776,2981,2981,2981,Gloves,93,2-Day Shipping,No,No,Bank Transfer,2024-09-02
3777,2982,2982,2982,Pants,36,Standard,No,No,Venmo,2024-01-21
3778,2983,2983,2983,Dress,45,Store Pickup,No,No,Credit Card,2024-08-05
3779,2984,2984,2984,Pants,44,2-Day Shipping,No,No,Credit Card,2024-02-27
3781,2985,2985,2985,Gloves,32,2-Day Shipping,No,No,Debit Card,2024-05-11
3782,2986,2986,2986,Belt,36,Express,No,No,Cash,2024-06-14
3783,2987,2987,2987,Belt,85,2-Day Shipping,No,No,Credit Card,2024-08-03
3784,2988,2988,2988,Skirt,36,Store Pickup,No,No,Cash,2024-02-06
3785,2989,2989,2989,Socks,55,2-Day Shipping,No,No,Debit Card,2024-05-24
3787,2990,2990,2990,Belt,20,2-Day Shipping,No,No,Credit Card,2024-07-04
3788,2991,2991,2991,Shirt,91,Free Shipping,No,No,Venmo,2024-09-14
3789,2992,2992,2992,Dress,71,Standard,No,No,PayPal,2024-06-01
3790,2993,2993,2993,Socks,64,Store Pickup,No,No,Venmo,2024-05-25
3791,2994,2994,2994,Jacket,21,Free Shipping,No,No,Cash,2024-05-12
3793,2995,2995,2995,Sweater,100,Store Pickup,No,No,Bank Transfer,2024-12-16
3794,2996,2996,2996,Jeans,96,Standard,No,No,Debit Card,2024-07-04
3795,2997,2997,2997,Jewelry,91,Express,No,No,Venmo,2024-04-03
3796,2998,2998,2998,Sweater,40,Next Day Air,No,No,Venmo,2024-05-15
3797,2999,2999,2999,Hoodie,53,Express,No,No,Debit Card,2024-08-07
3799,3000,3000,3000,Sunglasses,48,Standard,No,No,Cash,2024-01-23
3800,3001,3001,3001,Sandals,70,Express,No,No,PayPal,2024-12-23
3801,3002,3002,3002,Coat,29,Express,No,No,Credit Card,2024-08-11
3802,3003,3003,3003,Belt,29,Next Day Air,No,No,Bank Transfer,2024-10-20
3803,3004,3004,3004,Blouse,53,Express,No,No,Credit Card,2024-10-19
3805,3005,3005,3005,Skirt,79,Store Pickup,No,No,Venmo,2024-02-09
3806,3006,3006,3006,Shorts,65,Express,No,No,Venmo,2024-05-08
3807,3007,3007,3007,Dress,99,Store Pickup,No,No,Venmo,2024-07-12
3808,3008,3008,3008,Sunglasses,60,Next Day Air,No,No,Venmo,2024-12-19
3809,3009,3009,3009,Shoes,86,Free Shipping,No,No,PayPal,2024-01-09
3811,3010,3010,3010,Belt,73,Free Shipping,No,No,Venmo,2024-12-24
3812,3011,3011,3011,Belt,45,Free Shipping,No,No,Credit Card,2024-01-20
3813,3012,3012,3012,Belt,70,Next Day Air,No,No,Credit Card,2024-07-28
3814,3013,3013,3013,Belt,65,Standard,No,No,PayPal,2024-09-23
3815,3014,3014,3014,Skirt,55,Store Pickup,No,No,Cash,2024-08-28
3817,3015,3015,3015,T-shirt,65,Express,No,No,PayPal,2024-03-09
3818,3016,3016,3016,Scarf,21,Express,No,No,Bank Transfer,2024-04-19
3819,3017,3017,3017,Blouse,26,Store Pickup,No,No,Bank Transfer,2024-06-26
3820,3018,3018,3018,Sunglasses,71,Next Day Air,No,No,Cash,2024-07-10
3821,3019,3019,3019,Boots,41,Free Shipping,No,No,Debit Card,2024-07-23
3823,3020,3020,3020,Jacket,44,2-Day Shipping,No,No,PayPal,2024-12-09
3824,3021,3021,3021,Jeans,81,Store Pickup,No,No,Venmo,2024-11-28
3825,3022,3022,3022,Sunglasses,77,2-Day Shipping,No,No,Cash,2024-07-06
3826,3023,3023,3023,Sandals,26,Free Shipping,No,No,PayPal,2024-10-06
3827,3024,3024,3024,Backpack,31,Express,No,No,PayPal,2024-06-16
3829,3025,3025,3025,Blouse,82,Free Shipping,No,No,Credit Card,2024-05-13
3830,3026,3026,3026,Shoes,60,Store Pickup,No,No,PayPal,2024-08-24
3831,3027,3027,3027,Shirt,70,Free Shipping,No,No,Credit Card,2024-11-27
3832,3028,3028,3028,Hoodie,26,2-Day Shipping,No,No,Credit Card,2024-02-17
3833,3029,3029,3029,Dress,100,Free Shipping,No,No,PayPal,2024-07-20
3835,3030,3030,3030,Dress,82,Free Shipping,No,No,Debit Card,2024-07-27
3836,3031,3031,3031,Sneakers,24,2-Day Shipping,No,No,Credit Card,2024-05-22
3837,3032,3032,3032,Blouse,74,2-Day Shipping,No,No,Credit Card,2024-08-15
3838,3033,3033,3033,Backpack,58,Next Day Air,No,No,Credit Card,2024-08-03
3839,3034,3034,3034,Sweater,56,Store Pickup,No,No,PayPal,2024-05-26
3841,3035,3035,3035,Boots,37,2-Day Shipping,No,No,Credit Card,2024-05-18
3842,3036,3036,3036,Handbag,64,Free Shipping,No,No,Cash,2024-04-09
3843,3037,3037,3037,Hoodie,58,Next Day Air,No,No,Venmo,2024-05-02
3844,3038,3038,3038,Belt,44,Next Day Air,No,No,Cash,2024-08-25
3845,3039,3039,3039,Jewelry,39,Free Shipping,No,No,Debit Card,2024-06-13
3847,3040,3040,3040,Blouse,48,Next Day Air,No,No,PayPal,2024-05-19
3848,3041,3041,3041,Handbag,32,Express,No,No,Cash,2024-10-28
3849,3042,3042,3042,Handbag,79,Express,No,No,PayPal,2024-01-15
3850,3043,3043,3043,Coat,27,Next Day Air,No,No,PayPal,2024-01-03
3851,3044,3044,3044,Belt,98,Store Pickup,No,No,Credit Card,2024-11-19
3853,3045,3045,3045,Boots,67,Free Shipping,No,No,Bank Transfer,2024-01-01
3854,3046,3046,3046,Socks,37,2-Day Shipping,No,No,PayPal,2024-12-23
3855,3047,3047,3047,Shoes,49,Store Pickup,No,No,Cash,2024-05-23
3856,3048,3048,3048,Sneakers,74,2-Day Shipping,No,No,PayPal,2024-11-27
3857,3049,3049,3049,Jewelry,93,Standard,No,No,Venmo,2024-08-12
3859,3050,3050,3050,Handbag,60,Next Day Air,No,No,Bank Transfer,2024-06-17
3860,3051,3051,3051,Coat,76,Standard,No,No,Venmo,2024-05-26
3861,3052,3052,3052,Sunglasses,64,Express,No,No,Debit Card,2024-07-03
3862,3053,3053,3053,Shoes,38,Store Pickup,No,No,Bank Transfer,2024-03-21
3863,3054,3054,3054,Shoes,91,Next Day Air,No,No,Bank Transfer,2024-12-14
3865,3055,3055,3055,Boots,70,2-Day Shipping,No,No,Venmo,2024-06-22
3866,3056,3056,3056,Sandals,22,Standard,No,No,Debit Card,2024-10-14
3867,3057,3057,3057,Gloves,59,Standard,No,No,Cash,2024-04-19
3868,3058,3058,3058,Backpack,22,Next Day Air,No,No,Bank Transfer,2024-03-24
3869,3059,3059,3059,Handbag,74,Store Pickup,No,No,Bank Transfer,2024-02-10
3871,3060,3060,3060,Sweater,71,Express,No,No,Credit Card,2024-05-21
3872,3061,3061,3061,Coat,80,Store Pickup,No,No,Venmo,2024-06-14
3873,3062,3062,3062,T-shirt,59,Express,No,No,PayPal,2024-10-24
3874,3063,3063,3063,Backpack,96,Standard,No,No,PayPal,2024-09-26
3875,3064,3064,3064,Sunglasses,43,Store Pickup,No,No,Credit Card,2024-02-12
3877,3065,3065,3065,Belt,76,Express,No,No,Bank Transfer,2024-12-08
3878,3066,3066,3066,Jacket,59,Store Pickup,No,No,Venmo,2024-11-22
3879,3067,3067,3067,Skirt,48,Free Shipping,No,No,Venmo,2024-08-02
3880,3068,3068,3068,Belt,22,Free Shipping,No,No,Cash,2024-04-08
3881,3069,3069,3069,Boots,40,Express,No,No,Debit Card,2024-12-20
3883,3070,3070,3070,Jeans,73,Express,No,No,Debit Card,2024-04-10
3884,3071,3071,3071,Shoes,26,Free Shipping,No,No,PayPal,2024-11-13
3885,3072,3072,3072,Sweater,41,Next Day Air,No,No,PayPal,2024-04-19
3886,3073,3073,3073,Jewelry,98,Standard,No,No,PayPal,2024-05-06
3887,3074,3074,3074,Shirt,63,Free Shipping,No,No,Debit Card,2024-01-26
3889,3075,3075,3075,Boots,55,Next Day Air,No,No,Debit Card,2024-02-19
3890,3076,3076,3076,Shorts,90,Standard,No,No,PayPal,2024-02-10
3891,3077,3077,3077,Handbag,46,Express,No,No,Venmo,2024-06-28
3892,3078,3078,3078,Sweater,88,Store Pickup,No,No,Debit Card,2024-03-22
3893,3079,3079,3079,Belt,95,2-Day Shipping,No,No,Bank Transfer,2024-05-26
3895,3080,3080,3080,Belt,31,Store Pickup,No,No,Bank Transfer,2024-10-11
3896,3081,3081,3081,Hoodie,42,Next Day Air,No,No,Cash,2024-04-23
3897,3082,3082,3082,Sneakers,44,Next Day Air,No,No,Credit Card,2024-01-01
3898,3083,3083,3083,T-shirt,99,Next Day Air,No,No,Bank Transfer,2024-03-16
3899,3084,3084,3084,Pants,20,Store Pickup,No,No,PayPal,2024-07-20
3901,3085,3085,3085,Scarf,37,Store Pickup,No,No,PayPal,2024-04-18
3902,3086,3086,3086,Sweater,50,Store Pickup,No,No,Venmo,2024-02-23
3903,3087,3087,3087,Handbag,73,Next Day Air,No,No,Venmo,2024-06-22
3904,3088,3088,3088,Shirt,84,Free Shipping,No,No,Bank Transfer,2024-03-07
3905,3089,3089,3089,Dress,64,Store Pickup,No,No,Bank Transfer,2024-05-28
3907,3090,3090,3090,Sandals,21,Free Shipping,No,No,Cash,2024-10-11
3908,3091,3091,3091,Shirt,36,Store Pickup,No,No,Bank Transfer,2024-07-11
3909,3092,3092,3092,Dress,81,2-Day Shipping,No,No,Credit Card,2024-12-21
3910,3093,3093,3093,Sunglasses,54,Next Day Air,No,No,Bank Transfer,2024-10-10
3911,3094,3094,3094,Socks,63,Store Pickup,No,No,Cash,2024-08-24
3913,3095,3095,3095,Sandals,59,Store Pickup,No,No,Cash,2024-06-08
3914,3096,3096,3096,Hat,53,Standard,No,No,Venmo,2024-11-17
3915,3097,3097,3097,Shirt,63,Next Day Air,No,No,Bank Transfer,2024-01-05
3916,3098,3098,3098,Shoes,33,Free Shipping,No,No,Bank Transfer,2024-11-14
3917,3099,3099,3099,Pants,64,Next Day Air,No,No,Bank Transfer,2024-06-14
3919,3100,3100,3100,Shirt,98,Free Shipping,No,No,Bank Transfer,2024-10-07
3920,3101,3101,3101,Hat,85,Express,No,No,Bank Transfer,2024-02-21
3921,3102,3102,3102,Jewelry,82,Express,No,No,PayPal,2024-06-09
3922,3103,3103,3103,Jacket,85,Standard,No,No,Cash,2024-07-09
3923,3104,3104,3104,Shirt,37,2-Day Shipping,No,No,Bank Transfer,2024-02-04
3925,3105,3105,3105,Pants,56,2-Day Shipping,No,No,Debit Card,2024-08-14
3926,3106,3106,3106,Skirt,33,Express,No,No,Debit Card,2024-11-14
3927,3107,3107,3107,Sandals,57,Next Day Air,No,No,PayPal,2024-01-08
3928,3108,3108,3108,Blouse,31,Standard,No,No,Credit Card,2024-01-16
3929,3109,3109,3109,Socks,69,2-Day Shipping,No,No,PayPal,2024-11-17
3931,3110,3110,3110,Jacket,92,Free Shipping,No,No,Bank Transfer,2024-02-24
3932,3111,3111,3111,Handbag,46,Next Day Air,No,No,Bank Transfer,2024-10-05
3933,3112,3112,3112,Belt,81,Free Shipping,No,No,Debit Card,2024-03-17
3934,3113,3113,3113,Blouse,97,Express,No,No,Venmo,2024-09-20
3935,3114,3114,3114,Shirt,93,Express,No,No,Debit Card,2024-07-14
3937,3115,3115,3115,Handbag,56,Store Pickup,No,No,Venmo,2024-05-26
3938,3116,3116,3116,Scarf,53,Free Shipping,No,No,Bank Transfer,2024-10-17
3939,3117,3117,3117,Coat,66,Store Pickup,No,No,Venmo,2024-03-04
3940,3118,3118,3118,Hoodie,50,Free Shipping,No,No,PayPal,2024-10-11
3941,3119,3119,3119,Shorts,97,Standard,No,No,Debit Card,2024-08-21
3943,3120,3120,3120,Sandals,79,2-Day Shipping,No,No,Credit Card,2024-12-07
3944,3121,3121,3121,Shirt,76,Store Pickup,No,No,Debit Card,2024-09-07
3945,3122,3122,3122,Hoodie,38,Standard,No,No,Venmo,2024-11-12
3946,3123,3123,3123,Socks,45,Express,No,No,Credit Card,2024-09-20
3947,3124,3124,3124,Handbag,77,Next Day Air,No,No,Venmo,2024-11-02
3949,3125,3125,3125,Jewelry,51,Standard,No,No,Cash,2024-08-19
3950,3126,3126,3126,Coat,26,Standard,No,No,Cash,2024-03-04
3951,3127,3127,3127,Sunglasses,76,Store Pickup,No,No,Bank Transfer,2024-02-18
3952,3128,3128,3128,Gloves,94,Free Shipping,No,No,Credit Card,2024-01-19
3953,3129,3129,3129,Jacket,32,Standard,No,No,Cash,2024-11-02
3955,3130,3130,3130,Sandals,20,Express,No,No,Venmo,2024-07-22
3956,3131,3131,3131,Pants,20,Store Pickup,No,No,Venmo,2024-08-22
3957,3132,3132,3132,Jacket,59,Store Pickup,No,No,Bank Transfer,2024-10-05
3958,3133,3133,3133,Sweater,97,Express,No,No,Cash,2024-07-01
3959,3134,3134,3134,T-shirt,68,Next Day Air,No,No,Cash,2024-03-15
3961,3135,3135,3135,Boots,66,Store Pickup,No,No,Bank Transfer,2024-05-17
3962,3136,3136,3136,Shoes,85,Free Shipping,No,No,Venmo,2024-04-26
3963,3137,3137,3137,Skirt,32,Next Day Air,No,No,Cash,2024-10-06
3964,3138,3138,3138,Coat,44,2-Day Shipping,No,No,Bank Transfer,2024-04-25
3965,3139,3139,3139,Blouse,95,Next Day Air,No,No,Cash,2024-10-24
3967,3140,3140,3140,Sunglasses,85,Next Day Air,No,No,Venmo,2024-12-24
3968,3141,3141,3141,Gloves,44,Free Shipping,No,No,Bank Transfer,2024-07-26
3969,3142,3142,3142,Sunglasses,30,Express,No,No,Credit Card,2024-12-05
3970,3143,3143,3143,Sneakers,21,2-Day Shipping,No,No,Venmo,2024-02-27
3971,3144,3144,3144,Hoodie,22,Store Pickup,No,No,Cash,2024-08-24
3973,3145,3145,3145,Boots,70,Free Shipping,No,No,Debit Card,2024-04-23
3974,3146,3146,3146,Handbag,29,Standard,No,No,PayPal,2024-04-05
3975,3147,3147,3147,Shirt,83,Free Shipping,No,No,PayPal,2024-01-26
3976,3148,3148,3148,Sweater,99,Express,No,No,Credit Card,2024-01-03
3977,3149,3149,3149,Shorts,35,Free Shipping,No,No,Venmo,2024-09-11
3979,3150,3150,3150,Belt,40,Free Shipping,No,No,Venmo,2024-12-14
3980,3151,3151,3151,Blouse,25,Express,No,No,Bank Transfer,2024-04-22
3981,3152,3152,3152,T-shirt,64,2-Day Shipping,No,No,Bank Transfer,2024-10-09
3982,3153,3153,3153,Belt,90,Store Pickup,No,No,PayPal,2024-09-08
3983,3154,3154,3154,Socks,88,Next Day Air,No,No,Venmo,2024-09-21
3985,3155,3155,3155,Belt,55,Standard,No,No,Cash,2024-12-09
3986,3156,3156,3156,Handbag,90,Free Shipping,No,No,Cash,2024-10-11
3987,3157,3157,3157,Shirt,50,2-Day Shipping,No,No,Cash,2024-12-17
3988,3158,3158,3158,Belt,34,Store Pickup,No,No,Debit Card,2024-11-03
3989,3159,3159,3159,Jewelry,77,2-Day Shipping,No,No,Credit Card,2024-01-28
3991,3160,3160,3160,Hat,89,Store Pickup,No,No,Bank Transfer,2024-02-27
3992,3161,3161,3161,Backpack,87,Next Day Air,No,No,Cash,2024-11-12
3993,3162,3162,3162,Dress,77,2-Day Shipping,No,No,Cash,2024-12-05
3994,3163,3163,3163,Shoes,85,Standard,No,No,Bank Transfer,2024-01-26
3995,3164,3164,3164,Pants,66,Express,No,No,Cash,2024-06-08
3997,3165,3165,3165,Dress,32,Standard,No,No,Credit Card,2024-02-26
3998,3166,3166,3166,Jacket,92,Store Pickup,No,No,Bank Transfer,2024-05-19
3999,3167,3167,3167,Shirt,80,Next Day Air,No,No,Bank Transfer,2024-02-07
4000,3168,3168,3168,Dress,78,2-Day Shipping,No,No,Cash,2024-09-23
4001,3169,3169,3169,Jeans,24,2-Day Shipping,No,No,PayPal,2024-03-10
4003,3170,3170,3170,T-shirt,59,Free Shipping,No,No,Venmo,2024-09-05
4004,3171,3171,3171,Sunglasses,41,Express,No,No,Credit Card,2024-05-24
4005,3172,3172,3172,Jewelry,26,Express,No,No,Bank Transfer,2024-04-18
4006,3173,3173,3173,Socks,52,Standard,No,No,Debit Card,2024-11-08
4007,3174,3174,3174,Skirt,46,Next Day Air,No,No,PayPal,2024-08-20
4009,3175,3175,3175,Pants,52,Store Pickup,No,No,PayPal,2024-02-05
4010,3176,3176,3176,Socks,42,Store Pickup,No,No,Debit Card,2024-11-21
4011,3177,3177,3177,Sandals,37,2-Day Shipping,No,No,Credit Card,2024-05-19
4012,3178,3178,3178,Belt,52,Standard,No,No,Credit Card,2024-09-10
4013,3179,3179,3179,Sandals,34,Free Shipping,No,No,Credit Card,2024-05-18
4015,3180,3180,3180,Shorts,88,Free Shipping,No,No,Debit Card,2024-04-01
4016,3181,3181,3181,Handbag,88,Standard,No,No,PayPal,2024-10-01
4017,3182,3182,3182,Jacket,51,Free Shipping,No,No,PayPal,2024-06-27
4018,3183,3183,3183,Sunglasses,97,Free Shipping,No,No,Credit Card,2024-10-13
4019,3184,3184,3184,Sneakers,56,Standard,No,No,Cash,2024-02-28
4021,3185,3185,3185,Sweater,53,2-Day Shipping,No,No,Venmo,2024-03-10
4022,3186,3186,3186,Skirt,71,Express,No,No,PayPal,2024-10-10
4023,3187,3187,3187,Jewelry,93,Store Pickup,No,No,Venmo,2024-12-23
4024,3188,3188,3188,Blouse,72,Free Shipping,No,No,Debit Card,2024-01-18
4025,3189,3189,3189,Blouse,59,Standard,No,No,Bank Transfer,2024-12-16
4027,3190,3190,3190,Boots,87,Store Pickup,No,No,PayPal,2024-06-08
4028,3191,3191,3191,Jeans,78,Free Shipping,No,No,Credit Card,2024-10-11
4029,3192,3192,3192,Hoodie,68,Store Pickup,No,No,Credit Card,2024-12-01
4030,3193,3193,3193,Sweater,76,Free Shipping,No,No,Cash,2024-09-11
4031,3194,3194,3194,Gloves,99,Express,No,No,Credit Card,2024-12-05
4033,3195,3195,3195,Sneakers,52,Standard,No,No,Credit Card,2024-08-11
4034,3196,3196,3196,Sunglasses,58,Next Day Air,No,No,Credit Card,2024-04-09
4035,3197,3197,3197,Belt,59,Express,No,No,Debit Card,2024-02-26
4036,3198,3198,3198,Sweater,71,Free Shipping,No,No,Credit Card,2024-05-15
4037,3199,3199,3199,Gloves,94,Free Shipping,No,No,Debit Card,2024-01-19
4039,3200,3200,3200,Handbag,40,Express,No,No,PayPal,2024-01-11
4040,3201,3201,3201,Socks,24,Free Shipping,No,No,Credit Card,2024-05-03
4041,3202,3202,3202,Pants,38,2-Day Shipping,No,No,Cash,2024-10-28
4042,3203,3203,3203,Scarf,37,Standard,No,No,Venmo,2024-10-18
4043,3204,3204,3204,Coat,29,Express,No,No,Venmo,2024-05-26
4045,3205,3205,3205,Jacket,92,Free Shipping,No,No,Debit Card,2024-09-06
4046,3206,3206,3206,Hoodie,24,2-Day Shipping,No,No,Bank Transfer,2024-09-12
4047,3207,3207,3207,Boots,52,Free Shipping,No,No,PayPal,2024-12-21
4048,3208,3208,3208,Socks,29,Next Day Air,No,No,PayPal,2024-07-27
4049,3209,3209,3209,Jewelry,30,2-Day Shipping,No,No,PayPal,2024-12-10
4051,3210,3210,3210,Shoes,31,Standard,No,No,Debit Card,2024-11-28
4052,3211,3211,3211,Socks,67,Express,No,No,Venmo,2024-08-21
4053,3212,3212,3212,Pants,65,Standard,No,No,Cash,2024-02-23
4054,3213,3213,3213,Sneakers,22,2-Day Shipping,No,No,Debit Card,2024-12-05
4055,3214,3214,3214,Sunglasses,56,Standard,No,No,Credit Card,2024-01-21
4057,3215,3215,3215,Skirt,78,Free Shipping,No,No,Debit Card,2024-05-09
4058,3216,3216,3216,Coat,90,Free Shipping,No,No,PayPal,2024-08-16
4059,3217,3217,3217,Hoodie,85,Next Day Air,No,No,Cash,2024-02-28
4060,3218,3218,3218,Sunglasses,58,Express,No,No,Venmo,2024-11-14
4061,3219,3219,3219,Skirt,34,Express,No,No,PayPal,2024-10-18
4063,3220,3220,3220,Coat,40,2-Day Shipping,No,No,Credit Card,2024-07-16
4064,3221,3221,3221,Handbag,29,Free Shipping,No,No,Cash,2024-10-21
4065,3222,3222,3222,T-shirt,76,Standard,No,No,Cash,2024-02-18
4066,3223,3223,3223,Sunglasses,84,Store Pickup,No,No,PayPal,2024-09-19
4067,3224,3224,3224,Shirt,65,Standard,No,No,Venmo,2024-04-21
4069,3225,3225,3225,Hoodie,80,Free Shipping,No,No,PayPal,2024-02-28
4070,3226,3226,3226,Blouse,98,Store Pickup,No,No,Credit Card,2024-09-09
4071,3227,3227,3227,Sneakers,71,Next Day Air,No,No,Bank Transfer,2024-04-04
4072,3228,3228,3228,Scarf,69,Free Shipping,No,No,Debit Card,2024-09-01
4073,3229,3229,3229,Jewelry,95,2-Day Shipping,No,No,PayPal,2024-04-10
4075,3230,3230,3230,Pants,67,Express,No,No,Cash,2024-09-18
4076,3231,3231,3231,Sneakers,49,Next Day Air,No,No,Debit Card,2024-08-17
4077,3232,3232,3232,Shoes,97,Free Shipping,No,No,Credit Card,2024-01-09
4078,3233,3233,3233,T-shirt,34,Next Day Air,No,No,Bank Transfer,2024-05-13
4079,3234,3234,3234,Belt,74,Express,No,No,Debit Card,2024-10-18
4081,3235,3235,3235,Jewelry,96,2-Day Shipping,No,No,Debit Card,2024-01-26
4082,3236,3236,3236,Belt,68,Free Shipping,No,No,Venmo,2024-08-21
4083,3237,3237,3237,Belt,84,Next Day Air,No,No,Cash,2024-10-12
4084,3238,3238,3238,T-shirt,57,Express,No,No,Cash,2024-08-14
4085,3239,3239,3239,Sneakers,84,2-Day Shipping,No,No,Cash,2024-09-11
4087,3240,3240,3240,Sunglasses,32,2-Day Shipping,No,No,Cash,2024-10-20
4088,3241,3241,3241,Sandals,37,2-Day Shipping,No,No,Bank Transfer,2024-09-15
4089,3242,3242,3242,Handbag,58,Store Pickup,No,No,PayPal,2024-07-07
4090,3243,3243,3243,Socks,74,Express,No,No,Venmo,2024-11-19
4091,3244,3244,3244,Hoodie,99,Store Pickup,No,No,Bank Transfer,2024-08-09
4093,3245,3245,3245,Sweater,81,Express,No,No,Credit Card,2024-09-07
4094,3246,3246,3246,Pants,76,Next Day Air,No,No,Cash,2024-09-17
4095,3247,3247,3247,Sneakers,98,Store Pickup,No,No,Cash,2024-07-25
4096,3248,3248,3248,Gloves,91,Express,No,No,PayPal,2024-07-08
4097,3249,3249,3249,T-shirt,79,Free Shipping,No,No,Bank Transfer,2024-06-15
4099,3250,3250,3250,Backpack,83,Express,No,No,Credit Card,2024-06-23
4100,3251,3251,3251,Coat,90,2-Day Shipping,No,No,Venmo,2024-03-15
4101,3252,3252,3252,Coat,20,Standard,No,No,Venmo,2024-12-22
4102,3253,3253,3253,Sandals,21,Store Pickup,No,No,Credit Card,2024-04-14
4103,3254,3254,3254,Backpack,60,2-Day Shipping,No,No,Venmo,2024-09-17
4105,3255,3255,3255,Sweater,31,Store Pickup,No,No,Bank Transfer,2024-12-08
4106,3256,3256,3256,Shorts,40,Next Day Air,No,No,Bank Transfer,2024-10-28
4107,3257,3257,3257,Sunglasses,26,Free Shipping,No,No,Venmo,2024-12-17
4108,3258,3258,3258,Shirt,98,Express,No,No,Venmo,2024-10-06
4109,3259,3259,3259,Shoes,51,Express,No,No,Credit Card,2024-05-09
4111,3260,3260,3260,Hat,95,2-Day Shipping,No,No,Debit Card,2024-11-06
4112,3261,3261,3261,Scarf,36,2-Day Shipping,No,No,Credit Card,2024-06-23
4113,3262,3262,3262,Belt,52,Store Pickup,No,No,Debit Card,2024-01-14
4114,3263,3263,3263,T-shirt,35,Standard,No,No,Cash,2024-05-03
4115,3264,3264,3264,Shorts,68,Express,No,No,Debit Card,2024-09-07
4117,3265,3265,3265,Pants,50,Express,No,No,Cash,2024-12-12
4118,3266,3266,3266,Sunglasses,100,Express,No,No,Credit Card,2024-02-16
4119,3267,3267,3267,Coat,74,Next Day Air,No,No,Bank Transfer,2024-12-18
4120,3268,3268,3268,Hoodie,45,Store Pickup,No,No,Credit Card,2024-02-17
4121,3269,3269,3269,Dress,97,Free Shipping,No,No,Bank Transfer,2024-09-01
4123,3270,3270,3270,Blouse,60,Express,No,No,Cash,2024-01-08
4124,3271,3271,3271,Socks,25,Express,No,No,PayPal,2024-01-23
4125,3272,3272,3272,Socks,55,Standard,No,No,Credit Card,2024-05-25
4126,3273,3273,3273,Shoes,99,Next Day Air,No,No,PayPal,2024-01-17
4127,3274,3274,3274,Belt,45,Free Shipping,No,No,PayPal,2024-06-28
4129,3275,3275,3275,Sweater,20,Store Pickup,No,No,Cash,2024-03-21
4130,3276,3276,3276,Pants,88,2-Day Shipping,No,No,Debit Card,2024-08-05
4131,3277,3277,3277,Scarf,99,Store Pickup,No,No,PayPal,2024-08-26
4132,3278,3278,3278,Skirt,86,Store Pickup,No,No,Credit Card,2024-03-10
4133,3279,3279,3279,Dress,70,2-Day Shipping,No,No,Bank Transfer,2024-07-26
4135,3280,3280,3280,Hat,50,Express,No,No,Debit Card,2024-09-11
4136,3281,3281,3281,Handbag,57,Next Day Air,No,No,PayPal,2024-02-17
4137,3282,3282,3282,Pants,69,Free Shipping,No,No,Bank Transfer,2024-01-14
4138,3283,3283,3283,T-shirt,94,Next Day Air,No,No,Credit Card,2024-09-04
4139,3284,3284,3284,Jacket,24,Express,No,No,Debit Card,2024-03-16
4141,3285,3285,3285,Scarf,79,2-Day Shipping,No,No,Venmo,2024-04-26
4142,3286,3286,3286,Hat,31,Free Shipping,No,No,Cash,2024-10-27
4143,3287,3287,3287,Jacket,67,Express,No,No,Venmo,2024-02-16
4144,3288,3288,3288,Skirt,63,2-Day Shipping,No,No,Credit Card,2024-04-14
4145,3289,3289,3289,Handbag,61,Next Day Air,No,No,Credit Card,2024-04-15
4147,3290,3290,3290,Backpack,50,2-Day Shipping,No,No,Venmo,2024-06-01
4148,3291,3291,3291,Coat,82,Free Shipping,No,No,PayPal,2024-05-03
4149,3292,3292,3292,Belt,51,2-Day Shipping,No,No,Cash,2024-11-15
4150,3293,3293,3293,Handbag,23,Standard,No,No,Bank Transfer,2024-04-11
4151,3294,3294,3294,Coat,91,2-Day Shipping,No,No,Credit Card,2024-03-16
4153,3295,3295,3295,Sweater,60,Store Pickup,No,No,Bank Transfer,2024-03-08
4154,3296,3296,3296,Blouse,34,Next Day Air,No,No,Cash,2024-06-18
4155,3297,3297,3297,Blouse,23,Next Day Air,No,No,Venmo,2024-03-13
4156,3298,3298,3298,Belt,82,Free Shipping,No,No,PayPal,2024-11-08
4157,3299,3299,3299,Jacket,73,Express,No,No,Bank Transfer,2024-11-14
4159,3300,3300,3300,Shorts,32,2-Day Shipping,No,No,Venmo,2024-05-03
4160,3301,3301,3301,Hat,80,Express,No,No,Bank Transfer,2024-03-25
4161,3302,3302,3302,Pants,58,Free Shipping,No,No,Credit Card,2024-07-15
4162,3303,3303,3303,Blouse,82,Standard,No,No,Venmo,2024-01-03
4163,3304,3304,3304,Belt,60,Next Day Air,No,No,Credit Card,2024-06-04
4165,3305,3305,3305,Handbag,79,Next Day Air,No,No,Bank Transfer,2024-09-18
4166,3306,3306,3306,Hoodie,41,Standard,No,No,PayPal,2024-07-08
4167,3307,3307,3307,Jacket,39,Store Pickup,No,No,Venmo,2024-06-06
4168,3308,3308,3308,Scarf,36,Store Pickup,No,No,Cash,2024-02-15
4169,3309,3309,3309,Jeans,70,Express,No,No,Cash,2024-10-10
4171,3310,3310,3310,Handbag,47,Store Pickup,No,No,PayPal,2024-06-06
4172,3311,3311,3311,Jacket,27,Free Shipping,No,No,PayPal,2024-02-14
4173,3312,3312,3312,Hat,52,Express,No,No,Bank Transfer,2024-06-20
4174,3313,3313,3313,Sneakers,75,Next Day Air,No,No,Cash,2024-07-16
4175,3314,3314,3314,Hat,30,Express,No,No,Credit Card,2024-10-08
4177,3315,3315,3315,Socks,94,Standard,No,No,Credit Card,2024-03-18
4178,3316,3316,3316,Scarf,68,Standard,No,No,PayPal,2024-07-25
4179,3317,3317,3317,Socks,45,Free Shipping,No,No,Debit Card,2024-07-21
4180,3318,3318,3318,Hat,67,Standard,No,No,Cash,2024-07-15
4181,3319,3319,3319,Jacket,46,Free Shipping,No,No,PayPal,2024-08-06
4183,3320,3320,3320,Shorts,31,Next Day Air,No,No,Credit Card,2024-06-16
4184,3321,3321,3321,Blouse,44,2-Day Shipping,No,No,Cash,2024-11-12
4185,3322,3322,3322,Coat,100,Next Day Air,No,No,Venmo,2024-12-23
4186,3323,3323,3323,Sweater,92,Next Day Air,No,No,PayPal,2024-02-25
4187,3324,3324,3324,Handbag,78,Free Shipping,No,No,Credit Card,2024-02-25
4189,3325,3325,3325,T-shirt,32,Standard,No,No,Venmo,2024-10-03
4190,3326,3326,3326,Sandals,97,2-Day Shipping,No,No,Venmo,2024-11-02
4191,3327,3327,3327,Gloves,95,Standard,No,No,Debit Card,2024-06-06
4192,3328,3328,3328,Shorts,64,Express,No,No,Debit Card,2024-04-12
4193,3329,3329,3329,Sandals,35,Free Shipping,No,No,Cash,2024-04-06
4195,3330,3330,3330,Backpack,54,Express,No,No,Debit Card,2024-01-15
4196,3331,3331,3331,Sneakers,96,2-Day Shipping,No,No,Bank Transfer,2024-03-07
4197,3332,3332,3332,Sunglasses,58,Free Shipping,No,No,PayPal,2024-07-22
4198,3333,3333,3333,T-shirt,23,2-Day Shipping,No,No,PayPal,2024-08-27
4199,3334,3334,3334,Jeans,35,Express,No,No,PayPal,2024-03-02
4201,3335,3335,3335,Shirt,23,Free Shipping,No,No,Credit Card,2024-07-17
4202,3336,3336,3336,Hat,94,Express,No,No,Bank Transfer,2024-01-18
4203,3337,3337,3337,Blouse,45,Free Shipping,No,No,Debit Card,2024-10-20
4204,3338,3338,3338,Jacket,23,2-Day Shipping,No,No,Bank Transfer,2024-02-27
4205,3339,3339,3339,Skirt,94,2-Day Shipping,No,No,Credit Card,2024-01-23
4207,3340,3340,3340,Gloves,99,Store Pickup,No,No,Cash,2024-09-14
4208,3341,3341,3341,T-shirt,36,Free Shipping,No,No,Credit Card,2024-11-23
4209,3342,3342,3342,Jacket,50,Standard,No,No,Credit Card,2024-08-11
4210,3343,3343,3343,Jacket,81,Free Shipping,No,No,Credit Card,2024-04-01
4211,3344,3344,3344,Shorts,31,2-Day Shipping,No,No,Cash,2024-01-02
4213,3345,3345,3345,Hat,48,Free Shipping,No,No,Cash,2024-11-25
4214,3346,3346,3346,Handbag,91,2-Day Shipping,No,No,Venmo,2024-07-24
4215,3347,3347,3347,Jeans,99,Express,No,No,Venmo,2024-06-07
4216,3348,3348,3348,Shoes,70,Standard,No,No,PayPal,2024-07-15
4217,3349,3349,3349,T-shirt,74,Standard,No,No,Cash,2024-12-09
4219,3350,3350,3350,Jewelry,79,Store Pickup,No,No,PayPal,2024-11-28
4220,3351,3351,3351,Handbag,33,2-Day Shipping,No,No,Cash,2024-11-07
4221,3352,3352,3352,Shirt,49,2-Day Shipping,No,No,Bank Transfer,2024-05-07
4222,3353,3353,3353,Belt,96,Next Day Air,No,No,Bank Transfer,2024-07-01
4223,3354,3354,3354,Dress,66,Free Shipping,No,No,Credit Card,2024-09-17
4225,3355,3355,3355,Skirt,45,Next Day Air,No,No,PayPal,2024-10-21
4226,3356,3356,3356,Blouse,28,Store Pickup,No,No,Bank Transfer,2024-04-09
4227,3357,3357,3357,Jeans,48,Store Pickup,No,No,PayPal,2024-07-07
4228,3358,3358,3358,Hoodie,67,Free Shipping,No,No,Credit Card,2024-12-11
4229,3359,3359,3359,T-shirt,59,2-Day Shipping,No,No,Cash,2024-11-25
4231,3360,3360,3360,Sunglasses,74,Next Day Air,No,No,Debit Card,2024-09-09
4232,3361,3361,3361,Jacket,81,2-Day Shipping,No,No,Cash,2024-03-06
4233,3362,3362,3362,Shoes,26,Free Shipping,No,No,Credit Card,2024-05-19
4234,3363,3363,3363,Handbag,61,Next Day Air,No,No,Venmo,2024-06-26
4235,3364,3364,3364,Sweater,23,Next Day Air,No,No,Bank Transfer,2024-02-11
4237,3365,3365,3365,Scarf,33,Standard,No,No,Credit Card,2024-09-09
4238,3366,3366,3366,Skirt,58,Express,No,No,Credit Card,2024-09-24
4239,3367,3367,3367,Gloves,65,2-Day Shipping,No,No,Debit Card,2024-05-02
4240,3368,3368,3368,T-shirt,48,Store Pickup,No,No,Venmo,2024-08-15
4241,3369,3369,3369,Sandals,25,Express,No,No,Bank Transfer,2024-03-15
4243,3370,3370,3370,Sweater,51,2-Day Shipping,No,No,Cash,2024-12-11
4244,3371,3371,3371,Belt,31,Store Pickup,No,No,Cash,2024-07-04
4245,3372,3372,3372,Hoodie,99,Next Day Air,No,No,PayPal,2024-12-25
4246,3373,3373,3373,Socks,25,Free Shipping,No,No,Credit Card,2024-12-06
4247,3374,3374,3374,Sandals,52,Store Pickup,No,No,Debit Card,2024-04-22
4249,3375,3375,3375,Blouse,47,2-Day Shipping,No,No,Debit Card,2024-05-09
4250,3376,3376,3376,Boots,98,Express,No,No,Credit Card,2024-11-14
4251,3377,3377,3377,Hat,46,Store Pickup,No,No,Cash,2024-12-18
4252,3378,3378,3378,Shirt,32,Next Day Air,No,No,PayPal,2024-01-18
4253,3379,3379,3379,Shorts,75,Next Day Air,No,No,Cash,2024-10-05
4255,3380,3380,3380,Handbag,51,Store Pickup,No,No,Cash,2024-07-12
4256,3381,3381,3381,Dress,52,Standard,No,No,PayPal,2024-08-18
4257,3382,3382,3382,Hat,66,Standard,No,No,Credit Card,2024-12-09
4258,3383,3383,3383,Sweater,35,Express,No,No,Bank Transfer,2024-04-09
4259,3384,3384,3384,Coat,43,Next Day Air,No,No,Venmo,2024-11-17
4261,3385,3385,3385,Hoodie,24,Free Shipping,No,No,Venmo,2024-06-20
4262,3386,3386,3386,Jewelry,83,Standard,No,No,Credit Card,2024-01-19
4263,3387,3387,3387,T-shirt,62,2-Day Shipping,No,No,Cash,2024-09-01
4264,3388,3388,3388,Pants,78,2-Day Shipping,No,No,Credit Card,2024-03-22
4265,3389,3389,3389,Sweater,61,Store Pickup,No,No,Credit Card,2024-04-10
4267,3390,3390,3390,Pants,57,Free Shipping,No,No,Venmo,2024-11-15
4268,3391,3391,3391,Socks,70,Next Day Air,No,No,PayPal,2024-08-13
4269,3392,3392,3392,Hoodie,57,2-Day Shipping,No,No,Debit Card,2024-10-05
4270,3393,3393,3393,Scarf,74,Free Shipping,No,No,Venmo,2024-01-03
4271,3394,3394,3394,Dress,90,Next Day Air,No,No,Debit Card,2024-11-09
4273,3395,3395,3395,Sandals,98,Store Pickup,No,No,PayPal,2024-03-27
4274,3396,3396,3396,Dress,43,Free Shipping,No,No,Debit Card,2024-01-18
4275,3397,3397,3397,Pants,37,Next Day Air,No,No,PayPal,2024-12-07
4276,3398,3398,3398,Blouse,38,Standard,No,No,Bank Transfer,2024-08-27
4277,3399,3399,3399,Jeans,60,Standard,No,No,Cash,2024-01-16
4279,3400,3400,3400,Pants,55,Standard,No,No,Debit Card,2024-12-16
4280,3401,3401,3401,Sunglasses,51,Free Shipping,No,No,Venmo,2024-10-27
4281,3402,3402,3402,Backpack,71,Standard,No,No,Credit Card,2024-01-09
4282,3403,3403,3403,Hoodie,61,2-Day Shipping,No,No,PayPal,2024-05-22
4283,3404,3404,3404,Boots,65,Standard,No,No,Cash,2024-08-05
4285,3405,3405,3405,Gloves,34,2-Day Shipping,No,No,Credit Card,2024-10-05
4286,3406,3406,3406,Blouse,87,Store Pickup,No,No,Bank Transfer,2024-07-27
4287,3407,3407,3407,Sweater,79,Store Pickup,No,No,Venmo,2024-05-04
4288,3408,3408,3408,Dress,46,Store Pickup,No,No,Cash,2024-03-21
4289,3409,3409,3409,Socks,72,Standard,No,No,Bank Transfer,2024-07-17
4291,3410,3410,3410,Shirt,93,Next Day Air,No,No,Credit Card,2024-06-22
4292,3411,3411,3411,Sandals,76,Free Shipping,No,No,Bank Transfer,2024-06-01
4293,3412,3412,3412,Shoes,56,2-Day Shipping,No,No,Cash,2024-01-16
4294,3413,3413,3413,Sandals,83,Store Pickup,No,No,Venmo,2024-09-06
4295,3414,3414,3414,Gloves,90,Express,No,No,PayPal,2024-02-22
4297,3415,3415,3415,Boots,94,Next Day Air,No,No,Bank Transfer,2024-04-06
4298,3416,3416,3416,Blouse,68,2-Day Shipping,No,No,Bank Transfer,2024-11-12
4299,3417,3417,3417,Sandals,53,Store Pickup,No,No,Bank Transfer,2024-04-19
4300,3418,3418,3418,Coat,35,2-Day Shipping,No,No,Debit Card,2024-07-01
4301,3419,3419,3419,Jacket,30,Free Shipping,No,No,Debit Card,2024-08-26
4303,3420,3420,3420,Jewelry,26,Store Pickup,No,No,Venmo,2024-01-19
4304,3421,3421,3421,Hat,60,Express,No,No,PayPal,2024-12-19
4305,3422,3422,3422,Shoes,30,Free Shipping,No,No,PayPal,2024-06-09
4306,3423,3423,3423,Coat,91,Next Day Air,No,No,Venmo,2024-12-04
4307,3424,3424,3424,Boots,71,Next Day Air,No,No,PayPal,2024-05-21
4309,3425,3425,3425,Scarf,64,2-Day Shipping,No,No,Credit Card,2024-08-24
4310,3426,3426,3426,Hat,54,Next Day Air,No,No,Debit Card,2024-07-09
4311,3427,3427,3427,Socks,35,2-Day Shipping,No,No,Credit Card,2024-10-27
4312,3428,3428,3428,T-shirt,38,Store Pickup,No,No,Cash,2024-12-27
4313,3429,3429,3429,Jewelry,69,Next Day Air,No,No,Venmo,2024-10-27
4315,3430,3430,3430,Skirt,96,Express,No,No,Debit Card,2024-02-01
4316,3431,3431,3431,Socks,73,Next Day Air,No,No,Bank Transfer,2024-12-16
4317,3432,3432,3432,Belt,49,Express,No,No,Venmo,2024-08-25
4318,3433,3433,3433,Boots,44,2-Day Shipping,No,No,PayPal,2024-08-11
4319,3434,3434,3434,Socks,93,Free Shipping,No,No,PayPal,2024-05-09
4321,3435,3435,3435,Pants,72,2-Day Shipping,No,No,Venmo,2024-08-13
4322,3436,3436,3436,Socks,91,2-Day Shipping,No,No,Debit Card,2024-08-03
4323,3437,3437,3437,Belt,83,2-Day Shipping,No,No,Bank Transfer,2024-12-08
4324,3438,3438,3438,Jacket,62,2-Day Shipping,No,No,PayPal,2024-01-22
4325,3439,3439,3439,Shirt,71,Store Pickup,No,No,Credit Card,2024-11-26
4327,3440,3440,3440,Gloves,93,Express,No,No,Venmo,2024-06-11
4328,3441,3441,3441,Handbag,63,2-Day Shipping,No,No,PayPal,2024-10-04
4329,3442,3442,3442,Sweater,96,Standard,No,No,Credit Card,2024-09-08
4330,3443,3443,3443,Skirt,78,Next Day Air,No,No,PayPal,2024-05-05
4331,3444,3444,3444,Dress,24,Free Shipping,No,No,Cash,2024-07-15
4333,3445,3445,3445,Pants,63,2-Day Shipping,No,No,Bank Transfer,2024-06-17
4334,3446,3446,3446,Hat,58,Standard,No,No,Debit Card,2024-10-09
4335,3447,3447,3447,Boots,55,2-Day Shipping,No,No,Cash,2024-04-05
4336,3448,3448,3448,Sandals,58,Express,No,No,Bank Transfer,2024-10-18
4337,3449,3449,3449,Coat,28,Express,No,No,Bank Transfer,2024-12-05
4339,3450,3450,3450,Blouse,37,Standard,No,No,Cash,2024-05-02
4340,3451,3451,3451,Shorts,78,Store Pickup,No,No,PayPal,2024-03-26
4341,3452,3452,3452,Blouse,73,Free Shipping,No,No,Credit Card,2024-11-01
4342,3453,3453,3453,Jacket,20,Next Day Air,No,No,Venmo,2024-05-03
4343,3454,3454,3454,Shirt,60,Standard,No,No,Venmo,2024-12-27
4345,3455,3455,3455,Handbag,71,Store Pickup,No,No,PayPal,2024-10-12
4346,3456,3456,3456,T-shirt,89,Standard,No,No,Venmo,2024-11-22
4347,3457,3457,3457,Hoodie,53,Express,No,No,Venmo,2024-09-05
4348,3458,3458,3458,Jewelry,87,Express,No,No,Cash,2024-06-06
4349,3459,3459,3459,Jewelry,37,Standard,No,No,Venmo,2024-05-12
4351,3460,3460,3460,Hoodie,37,Express,No,No,PayPal,2024-11-21
4352,3461,3461,3461,Scarf,78,Express,No,No,Bank Transfer,2024-03-25
4353,3462,3462,3462,Shoes,23,Standard,No,No,Cash,2024-05-12
4354,3463,3463,3463,Jeans,73,Standard,No,No,Credit Card,2024-05-28
4355,3464,3464,3464,Jewelry,27,2-Day Shipping,No,No,PayPal,2024-09-18
4357,3465,3465,3465,Coat,59,Next Day Air,No,No,PayPal,2024-01-26
4358,3466,3466,3466,Backpack,53,Standard,No,No,Debit Card,2024-03-08
4359,3467,3467,3467,Socks,42,Standard,No,No,Bank Transfer,2024-08-20
4360,3468,3468,3468,Scarf,45,Next Day Air,No,No,Credit Card,2024-10-21
4361,3469,3469,3469,Sunglasses,89,Standard,No,No,Debit Card,2024-12-10
4363,3470,3470,3470,Socks,85,Store Pickup,No,No,Cash,2024-10-27
4364,3471,3471,3471,Coat,69,Free Shipping,No,No,Cash,2024-06-22
4365,3472,3472,3472,Sandals,66,Store Pickup,No,No,Cash,2024-04-26
4366,3473,3473,3473,Blouse,42,Free Shipping,No,No,Debit Card,2024-08-17
4367,3474,3474,3474,Dress,40,Express,No,No,Cash,2024-05-21
4369,3475,3475,3475,Pants,82,Store Pickup,No,No,Venmo,2024-01-12
4370,3476,3476,3476,Sneakers,88,Express,No,No,Cash,2024-05-19
4371,3477,3477,3477,Boots,99,Free Shipping,No,No,Cash,2024-07-09
4372,3478,3478,3478,Handbag,85,Store Pickup,No,No,Debit Card,2024-05-25
4373,3479,3479,3479,Handbag,57,Store Pickup,No,No,PayPal,2024-10-17
4375,3480,3480,3480,Sweater,56,Standard,No,No,Cash,2024-08-20
4376,3481,3481,3481,Sandals,79,Free Shipping,No,No,PayPal,2024-02-02
4377,3482,3482,3482,Socks,67,Store Pickup,No,No,Debit Card,2024-07-20
4378,3483,3483,3483,Gloves,61,Next Day Air,No,No,Debit Card,2024-02-21
4379,3484,3484,3484,Hoodie,37,Express,No,No,Credit Card,2024-12-24
4381,3485,3485,3485,Dress,75,Free Shipping,No,No,Credit Card,2024-10-23
4382,3486,3486,3486,Shirt,21,Standard,No,No,Debit Card,2024-01-10
4383,3487,3487,3487,Shorts,89,Standard,No,No,PayPal,2024-12-06
4384,3488,3488,3488,Sandals,24,Store Pickup,No,No,Bank Transfer,2024-11-12
4385,3489,3489,3489,Sweater,27,Store Pickup,No,No,Cash,2024-05-23
4387,3490,3490,3490,Dress,26,2-Day Shipping,No,No,PayPal,2024-07-08
4388,3491,3491,3491,Boots,82,Store Pickup,No,No,Credit Card,2024-03-05
4389,3492,3492,3492,Pants,28,Express,No,No,Cash,2024-12-23
4390,3493,3493,3493,Gloves,65,Standard,No,No,Bank Transfer,2024-11-07
4391,3494,3494,3494,Pants,82,Store Pickup,No,No,Credit Card,2024-02-03
4393,3495,3495,3495,Scarf,38,Free Shipping,No,No,PayPal,2024-12-20
4394,3496,3496,3496,Shorts,33,Free Shipping,No,No,Cash,2024-05-12
4395,3497,3497,3497,Shoes,38,Free Shipping,No,No,PayPal,2024-07-23
4396,3498,3498,3498,Handbag,48,Store Pickup,No,No,Venmo,2024-05-01
4397,3499,3499,3499,Sandals,35,Standard,No,No,Bank Transfer,2024-08-09
4399,3500,3500,3500,Socks,29,Next Day Air,No,No,PayPal,2024-09-09
4400,3501,3501,3501,Shirt,48,Next Day Air,No,No,Debit Card,2024-11-10
4401,3502,3502,3502,Shoes,87,Standard,No,No,Bank Transfer,2024-10-16
4402,3503,3503,3503,Backpack,62,Next Day Air,No,No,Bank Transfer,2024-09-25
4403,3504,3504,3504,Shirt,96,Free Shipping,No,No,Cash,2024-03-06
4405,3505,3505,3505,Handbag,41,Next Day Air,No,No,Venmo,2024-10-20
4406,3506,3506,3506,Jewelry,42,2-Day Shipping,No,No,Bank Transfer,2024-01-13
4407,3507,3507,3507,Shirt,57,2-Day Shipping,No,No,Cash,2024-02-24
4408,3508,3508,3508,Handbag,65,Store Pickup,No,No,Credit Card,2024-04-14
4409,3509,3509,3509,Pants,54,Standard,No,No,Bank Transfer,2024-11-19
4411,3510,3510,3510,T-shirt,22,Next Day Air,No,No,Venmo,2024-12-20
4412,3511,3511,3511,Sneakers,96,2-Day Shipping,No,No,Venmo,2024-11-22
4413,3512,3512,3512,Jewelry,81,2-Day Shipping,No,No,Credit Card,2024-06-14
4414,3513,3513,3513,Shirt,46,Free Shipping,No,No,Debit Card,2024-10-12
4415,3514,3514,3514,Blouse,74,Store Pickup,No,No,Credit Card,2024-03-08
4417,3515,3515,3515,Sneakers,50,Express,No,No,Cash,2024-12-24
4418,3516,3516,3516,Dress,80,Next Day Air,No,No,Debit Card,2024-02-28
4419,3517,3517,3517,Boots,56,Free Shipping,No,No,PayPal,2024-06-26
4420,3518,3518,3518,Skirt,69,Next Day Air,No,No,Debit Card,2024-12-04
4421,3519,3519,3519,Shirt,97,Standard,No,No,PayPal,2024-04-26
4423,3520,3520,3520,Shorts,66,Next Day Air,No,No,Bank Transfer,2024-12-27
4424,3521,3521,3521,Hat,70,Express,No,No,Bank Transfer,2024-04-16
4425,3522,3522,3522,Shoes,50,Store Pickup,No,No,Venmo,2024-02-10
4426,3523,3523,3523,Pants,85,Store Pickup,No,No,Cash,2024-03-02
4427,3524,3524,3524,Backpack,59,Standard,No,No,Cash,2024-06-25
4429,3525,3525,3525,Pants,74,Free Shipping,No,No,Credit Card,2024-07-12
4430,3526,3526,3526,Sunglasses,38,Standard,No,No,Bank Transfer,2024-12-10
4431,3527,3527,3527,Sweater,99,Express,No,No,PayPal,2024-04-26
4432,3528,3528,3528,Blouse,97,Free Shipping,No,No,Cash,2024-04-02
4433,3529,3529,3529,Scarf,67,Free Shipping,No,No,PayPal,2024-06-16
4435,3530,3530,3530,T-shirt,20,Next Day Air,No,No,Bank Transfer,2024-02-14
4436,3531,3531,3531,Sunglasses,45,Express,No,No,PayPal,2024-04-28
4437,3532,3532,3532,Shoes,52,2-Day Shipping,No,No,Cash,2024-12-23
4438,3533,3533,3533,Pants,68,Standard,No,No,Credit Card,2024-11-06
4439,3534,3534,3534,Sneakers,98,Standard,No,No,Venmo,2024-10-25
4441,3535,3535,3535,Shoes,83,Express,No,No,Cash,2024-11-03
4442,3536,3536,3536,Shorts,51,Express,No,No,Debit Card,2024-06-01
4443,3537,3537,3537,Handbag,21,Express,No,No,Venmo,2024-05-08
4444,3538,3538,3538,Handbag,92,Standard,No,No,Credit Card,2024-05-03
4445,3539,3539,3539,Shoes,63,Store Pickup,No,No,Venmo,2024-03-09
4447,3540,3540,3540,Jewelry,56,Express,No,No,Credit Card,2024-05-18
4448,3541,3541,3541,Shorts,95,Free Shipping,No,No,Bank Transfer,2024-05-25
4449,3542,3542,3542,Blouse,66,Next Day Air,No,No,PayPal,2024-12-02
4450,3543,3543,3543,Coat,28,Express,No,No,Venmo,2024-04-12
4451,3544,3544,3544,Hat,83,Standard,No,No,PayPal,2024-01-09
4453,3545,3545,3545,Socks,55,2-Day Shipping,No,No,Cash,2024-10-02
4454,3546,3546,3546,Sandals,28,2-Day Shipping,No,No,Debit Card,2024-05-28
4455,3547,3547,3547,Scarf,79,Free Shipping,No,No,Bank Transfer,2024-07-14
4456,3548,3548,3548,Scarf,31,Standard,No,No,Credit Card,2024-06-17
4457,3549,3549,3549,Blouse,37,Standard,No,No,Debit Card,2024-11-26
4459,3550,3550,3550,T-shirt,34,2-Day Shipping,No,No,Bank Transfer,2024-07-10
4460,3551,3551,3551,Shoes,74,Standard,No,No,Cash,2024-01-12
4461,3552,3552,3552,Gloves,31,Store Pickup,No,No,Venmo,2024-03-06
4462,3553,3553,3553,Sunglasses,66,Next Day Air,No,No,PayPal,2024-12-06
4463,3554,3554,3554,Shoes,99,Free Shipping,No,No,Bank Transfer,2024-03-05
4465,3555,3555,3555,Dress,55,Free Shipping,No,No,Credit Card,2024-05-18
4466,3556,3556,3556,Blouse,23,Next Day Air,No,No,Cash,2024-04-03
4467,3557,3557,3557,Sweater,88,Express,No,No,Cash,2024-11-04
4468,3558,3558,3558,Jacket,26,Next Day Air,No,No,PayPal,2024-07-27
4469,3559,3559,3559,Backpack,94,Standard,No,No,Venmo,2024-07-01
4471,3560,3560,3560,Shorts,25,Next Day Air,No,No,Venmo,2024-11-08
4472,3561,3561,3561,Socks,96,Express,No,No,Credit Card,2024-11-05
4473,3562,3562,3562,Sneakers,29,Standard,No,No,Credit Card,2024-04-10
4474,3563,3563,3563,Sneakers,36,Free Shipping,No,No,Bank Transfer,2024-01-07
4475,3564,3564,3564,Blouse,90,Standard,No,No,Credit Card,2024-07-27
4477,3565,3565,3565,Gloves,38,Free Shipping,No,No,Venmo,2024-07-08
4478,3566,3566,3566,Handbag,52,Store Pickup,No,No,PayPal,2024-05-22
4479,3567,3567,3567,Jeans,88,Next Day Air,No,No,Venmo,2024-05-21
4480,3568,3568,3568,Scarf,56,Next Day Air,No,No,Credit Card,2024-08-16
4481,3569,3569,3569,Sandals,71,Next Day Air,No,No,PayPal,2024-05-13
4483,3570,3570,3570,Sandals,94,Express,No,No,Bank Transfer,2024-10-01
4484,3571,3571,3571,Dress,97,Standard,No,No,Debit Card,2024-02-15
4485,3572,3572,3572,Skirt,27,Standard,No,No,Bank Transfer,2024-06-03
4486,3573,3573,3573,Shorts,28,Standard,No,No,Credit Card,2024-05-16
4487,3574,3574,3574,Jeans,67,Free Shipping,No,No,PayPal,2024-10-01
4489,3575,3575,3575,Socks,70,Express,No,No,Bank Transfer,2024-09-03
4490,3576,3576,3576,Coat,95,Express,No,No,Venmo,2024-10-08
4491,3577,3577,3577,Boots,24,Express,No,No,Venmo,2024-04-03
4492,3578,3578,3578,Belt,35,Standard,No,No,Bank Transfer,2024-02-15
4493,3579,3579,3579,Shoes,22,Standard,No,No,Bank Transfer,2024-02-12
4495,3580,3580,3580,Scarf,66,Standard,No,No,Credit Card,2024-09-24
4496,3581,3581,3581,Blouse,83,2-Day Shipping,No,No,Cash,2024-07-05
4497,3582,3582,3582,Dress,95,Next Day Air,No,No,Credit Card,2024-11-21
4498,3583,3583,3583,Shorts,41,2-Day Shipping,No,No,PayPal,2024-07-21
4499,3584,3584,3584,Blouse,77,Store Pickup,No,No,Credit Card,2024-07-09
4501,3585,3585,3585,Sneakers,52,Express,No,No,Debit Card,2024-10-16
4502,3586,3586,3586,Gloves,41,Standard,No,No,Venmo,2024-01-12
4503,3587,3587,3587,Hoodie,28,Store Pickup,No,No,PayPal,2024-12-08
4504,3588,3588,3588,Sweater,90,Standard,No,No,Debit Card,2024-08-25
4505,3589,3589,3589,Sunglasses,55,2-Day Shipping,No,No,Cash,2024-03-22
4507,3590,3590,3590,Belt,73,Next Day Air,No,No,Cash,2024-04-13
4508,3591,3591,3591,Dress,87,2-Day Shipping,No,No,Venmo,2024-10-05
4509,3592,3592,3592,Jacket,89,2-Day Shipping,No,No,Bank Transfer,2024-12-26
4510,3593,3593,3593,Boots,82,2-Day Shipping,No,No,Venmo,2024-04-20
4511,3594,3594,3594,Sandals,80,Next Day Air,No,No,PayPal,2024-04-07
4513,3595,3595,3595,Scarf,87,2-Day Shipping,No,No,Venmo,2024-07-08
4514,3596,3596,3596,Blouse,41,Store Pickup,No,No,PayPal,2024-04-20
4515,3597,3597,3597,Hoodie,83,Standard,No,No,Cash,2024-05-01
4516,3598,3598,3598,Sunglasses,71,Standard,No,No,Bank Transfer,2024-06-09
4517,3599,3599,3599,Hoodie,76,Store Pickup,No,No,Bank Transfer,2024-03-22
4519,3600,3600,3600,Scarf,34,Express,No,No,Cash,2024-03-20
4520,3601,3601,3601,Dress,81,Free Shipping,No,No,Cash,2024-03-07
4521,3602,3602,3602,T-shirt,47,Next Day Air,No,No,PayPal,2024-06-06
4522,3603,3603,3603,Skirt,36,Store Pickup,No,No,Debit Card,2024-06-08
4523,3604,3604,3604,Jeans,51,Free Shipping,No,No,Cash,2024-03-04
4525,3605,3605,3605,Hoodie,86,Standard,No,No,Debit Card,2024-09-15
4526,3606,3606,3606,Jeans,41,Store Pickup,No,No,Bank Transfer,2024-09-28
4527,3607,3607,3607,Sandals,90,Express,No,No,Venmo,2024-09-28
4528,3608,3608,3608,Hat,93,Standard,No,No,Venmo,2024-10-04
4529,3609,3609,3609,Gloves,56,Next Day Air,No,No,Cash,2024-09-11
4531,3610,3610,3610,Socks,39,2-Day Shipping,No,No,Debit Card,2024-06-09
4532,3611,3611,3611,Jacket,86,2-Day Shipping,No,No,Bank Transfer,2024-09-03
4533,3612,3612,3612,T-shirt,82,Standard,No,No,Credit Card,2024-05-09
4534,3613,3613,3613,Sandals,29,Standard,No,No,Cash,2024-08-14
4535,3614,3614,3614,Hat,27,Store Pickup,No,No,Venmo,2024-11-14
4537,3615,3615,3615,Gloves,25,2-Day Shipping,No,No,Bank Transfer,2024-05-27
4538,3616,3616,3616,Dress,31,Free Shipping,No,No,Credit Card,2024-02-06
4539,3617,3617,3617,Hoodie,23,Store Pickup,No,No,Debit Card,2024-12-19
4540,3618,3618,3618,Belt,47,Express,No,No,Debit Card,2024-10-03
4541,3619,3619,3619,Gloves,67,2-Day Shipping,No,No,PayPal,2024-11-01
4543,3620,3620,3620,Scarf,75,2-Day Shipping,No,No,Venmo,2024-01-02
4544,3621,3621,3621,Sandals,82,Express,No,No,Credit Card,2024-06-08
4545,3622,3622,3622,Sneakers,32,2-Day Shipping,No,No,Cash,2024-08-11
4546,3623,3623,3623,Dress,41,Store Pickup,No,No,Credit Card,2024-10-18
4547,3624,3624,3624,Jewelry,89,2-Day Shipping,No,No,PayPal,2024-01-06
4549,3625,3625,3625,Hat,82,Store Pickup,No,No,Bank Transfer,2024-11-08
4550,3626,3626,3626,Scarf,99,Express,No,No,PayPal,2024-02-23
4551,3627,3627,3627,Blouse,98,Express,No,No,Venmo,2024-11-27
4552,3628,3628,3628,Belt,54,Next Day Air,No,No,Cash,2024-02-27
4553,3629,3629,3629,Blouse,88,Free Shipping,No,No,Credit Card,2024-07-22
4555,3630,3630,3630,T-shirt,43,Standard,No,No,Debit Card,2024-06-04
4556,3631,3631,3631,Hat,73,Store Pickup,No,No,Cash,2024-02-21
4557,3632,3632,3632,Hat,50,Store Pickup,No,No,Credit Card,2024-09-09
4558,3633,3633,3633,Sneakers,73,Express,No,No,Debit Card,2024-05-09
4559,3634,3634,3634,Gloves,51,Free Shipping,No,No,Bank Transfer,2024-04-07
4561,3635,3635,3635,Socks,22,Standard,No,No,PayPal,2024-12-03
4562,3636,3636,3636,Sandals,32,Free Shipping,No,No,Credit Card,2024-10-13
4563,3637,3637,3637,Sandals,38,2-Day Shipping,No,No,Cash,2024-07-04
4564,3638,3638,3638,Boots,66,Express,No,No,Credit Card,2024-01-03
4565,3639,3639,3639,Backpack,20,Express,No,No,PayPal,2024-04-22
4567,3640,3640,3640,Coat,44,2-Day Shipping,No,No,Venmo,2024-06-19
4568,3641,3641,3641,Sunglasses,31,Next Day Air,No,No,PayPal,2024-05-10
4569,3642,3642,3642,Jacket,45,Free Shipping,No,No,Bank Transfer,2024-11-15
4570,3643,3643,3643,Dress,71,Store Pickup,No,No,PayPal,2024-08-25
4571,3644,3644,3644,Scarf,96,Standard,No,No,Debit Card,2024-11-13
4573,3645,3645,3645,Blouse,32,Next Day Air,No,No,Venmo,2024-01-11
4574,3646,3646,3646,Backpack,90,Free Shipping,No,No,Credit Card,2024-06-20
4575,3647,3647,3647,Jewelry,68,2-Day Shipping,No,No,Debit Card,2024-04-07
4576,3648,3648,3648,Shorts,45,Store Pickup,No,No,Bank Transfer,2024-02-25
4577,3649,3649,3649,Skirt,67,Free Shipping,No,No,Cash,2024-02-02
4579,3650,3650,3650,Skirt,57,Standard,No,No,Credit Card,2024-10-07
4580,3651,3651,3651,Jeans,60,2-Day Shipping,No,No,PayPal,2024-07-17
4581,3652,3652,3652,Handbag,32,Express,No,No,Venmo,2024-05-20
4582,3653,3653,3653,Handbag,29,Store Pickup,No,No,Debit Card,2024-11-23
4583,3654,3654,3654,Coat,20,Next Day Air,No,No,Credit Card,2024-03-02
4585,3655,3655,3655,Jewelry,98,Next Day Air,No,No,Credit Card,2024-02-04
4586,3656,3656,3656,Sweater,27,Next Day Air,No,No,Credit Card,2024-09-07
4587,3657,3657,3657,Jacket,67,2-Day Shipping,No,No,Credit Card,2024-05-20
4588,3658,3658,3658,Shoes,82,Express,No,No,Debit Card,2024-02-01
4589,3659,3659,3659,T-shirt,72,Standard,No,No,PayPal,2024-09-06
4591,3660,3660,3660,Sandals,77,Store Pickup,No,No,Bank Transfer,2024-10-07
4592,3661,3661,3661,Shoes,74,2-Day Shipping,No,No,Bank Transfer,2024-12-26
4593,3662,3662,3662,Sandals,39,Next Day Air,No,No,Credit Card,2024-12-20
4594,3663,3663,3663,Shorts,80,Next Day Air,No,No,Debit Card,2024-03-17
4595,3664,3664,3664,Backpack,59,Express,No,No,Credit Card,2024-06-17
4597,3665,3665,3665,Jacket,68,Store Pickup,No,No,Debit Card,2024-11-03
4598,3666,3666,3666,Socks,77,Next Day Air,No,No,Credit Card,2024-11-13
4599,3667,3667,3667,Jewelry,50,2-Day Shipping,No,No,Cash,2024-01-11
4600,3668,3668,3668,Pants,45,Next Day Air,No,No,Venmo,2024-10-09
4601,3669,3669,3669,Blouse,71,Store Pickup,No,No,Venmo,2024-08-22
4603,3670,3670,3670,Socks,52,Store Pickup,No,No,PayPal,2024-10-23
4604,3671,3671,3671,Shoes,50,Free Shipping,No,No,PayPal,2024-01-20
4605,3672,3672,3672,Handbag,66,2-Day Shipping,No,No,Venmo,2024-06-25
4606,3673,3673,3673,Sandals,81,Free Shipping,No,No,PayPal,2024-09-15
4607,3674,3674,3674,Socks,28,2-Day Shipping,No,No,Bank Transfer,2024-08-09
4609,3675,3675,3675,Handbag,65,2-Day Shipping,No,No,Venmo,2024-02-12
4610,3676,3676,3676,Hat,80,Express,No,No,Bank Transfer,2024-02-03
4611,3677,3677,3677,Jewelry,94,Free Shipping,No,No,PayPal,2024-04-01
4612,3678,3678,3678,Backpack,30,Standard,No,No,Cash,2024-10-21
4613,3679,3679,3679,Shirt,45,Standard,No,No,Bank Transfer,2024-10-01
4615,3680,3680,3680,Coat,91,Store Pickup,No,No,Cash,2024-07-20
4616,3681,3681,3681,Sunglasses,36,Standard,No,No,Debit Card,2024-01-19
4617,3682,3682,3682,Gloves,73,Next Day Air,No,No,Debit Card,2024-10-09
4618,3683,3683,3683,Shirt,60,Store Pickup,No,No,Venmo,2024-10-21
4619,3684,3684,3684,Socks,77,Free Shipping,No,No,Venmo,2024-12-25
4621,3685,3685,3685,Skirt,86,Free Shipping,No,No,Credit Card,2024-03-16
4622,3686,3686,3686,Shorts,42,Standard,No,No,Cash,2024-06-09
4623,3687,3687,3687,Sandals,70,Free Shipping,No,No,Cash,2024-05-10
4624,3688,3688,3688,Shirt,44,Next Day Air,No,No,Bank Transfer,2024-06-20
4625,3689,3689,3689,Sunglasses,91,Next Day Air,No,No,Cash,2024-05-19
4627,3690,3690,3690,Jewelry,30,Standard,No,No,Bank Transfer,2024-09-11
4628,3691,3691,3691,Blouse,23,Store Pickup,No,No,Bank Transfer,2024-09-12
4629,3692,3692,3692,Sandals,21,Next Day Air,No,No,PayPal,2024-08-10
4630,3693,3693,3693,Coat,34,Free Shipping,No,No,Cash,2024-05-01
4631,3694,3694,3694,Blouse,46,2-Day Shipping,No,No,Venmo,2024-07-08
4633,3695,3695,3695,Sweater,41,Express,No,No,PayPal,2024-12-09
4634,3696,3696,3696,Skirt,33,Standard,No,No,Bank Transfer,2024-10-04
4635,3697,3697,3697,Blouse,48,Next Day Air,No,No,Bank Transfer,2024-11-28
4636,3698,3698,3698,Hoodie,66,Standard,No,No,Cash,2024-01-06
4637,3699,3699,3699,Skirt,54,2-Day Shipping,No,No,Venmo,2024-04-16
4639,3700,3700,3700,Backpack,55,Store Pickup,No,No,Bank Transfer,2024-11-20
4640,3701,3701,3701,Handbag,84,Store Pickup,No,No,Bank Transfer,2024-07-24
4641,3702,3702,3702,Sandals,66,Store Pickup,No,No,Cash,2024-03-15
4642,3703,3703,3703,Shoes,65,Store Pickup,No,No,Venmo,2024-05-27
4643,3704,3704,3704,Sandals,83,Standard,No,No,PayPal,2024-11-24
4645,3705,3705,3705,Sunglasses,61,Store Pickup,No,No,Credit Card,2024-01-26
4646,3706,3706,3706,Skirt,65,Free Shipping,No,No,Debit Card,2024-07-05
4647,3707,3707,3707,Sandals,55,Store Pickup,No,No,Cash,2024-03-01
4648,3708,3708,3708,Gloves,79,2-Day Shipping,No,No,Venmo,2024-10-01
4649,3709,3709,3709,Hoodie,96,Express,No,No,PayPal,2024-09-10
4651,3710,3710,3710,Socks,43,Free Shipping,No,No,PayPal,2024-09-19
4652,3711,3711,3711,Jewelry,40,2-Day Shipping,No,No,Bank Transfer,2024-06-06
4653,3712,3712,3712,Hat,62,Free Shipping,No,No,Cash,2024-11-21
4654,3713,3713,3713,Blouse,72,2-Day Shipping,No,No,PayPal,2024-05-04
4655,3714,3714,3714,Shoes,87,Express,No,No,Debit Card,2024-03-01
4657,3715,3715,3715,Hat,31,Express,No,No,Credit Card,2024-01-23
4658,3716,3716,3716,Sunglasses,34,Free Shipping,No,No,Bank Transfer,2024-09-10
4659,3717,3717,3717,Shirt,53,Next Day Air,No,No,Debit Card,2024-11-12
4660,3718,3718,3718,T-shirt,85,Express,No,No,Bank Transfer,2024-07-16
4661,3719,3719,3719,Pants,50,Standard,No,No,Bank Transfer,2024-11-08
4663,3720,3720,3720,Pants,91,Free Shipping,No,No,Bank Transfer,2024-08-19
4664,3721,3721,3721,Hat,56,Free Shipping,No,No,Credit Card,2024-09-12
4665,3722,3722,3722,Coat,60,Next Day Air,No,No,Cash,2024-10-01
4666,3723,3723,3723,Jacket,34,Standard,No,No,Credit Card,2024-11-19
4667,3724,3724,3724,Sandals,30,Free Shipping,No,No,Debit Card,2024-03-05
4669,3725,3725,3725,Gloves,71,Express,No,No,Bank Transfer,2024-12-22
4670,3726,3726,3726,Dress,100,Next Day Air,No,No,PayPal,2024-01-09
4671,3727,3727,3727,Belt,85,Next Day Air,No,No,Debit Card,2024-10-11
4672,3728,3728,3728,Socks,83,Next Day Air,No,No,Debit Card,2024-08-04
4673,3729,3729,3729,Jacket,31,Standard,No,No,Debit Card,2024-02-09
4675,3730,3730,3730,Boots,82,2-Day Shipping,No,No,Cash,2024-05-25
4676,3731,3731,3731,Shirt,79,2-Day Shipping,No,No,Credit Card,2024-07-19
4677,3732,3732,3732,Hat,62,2-Day Shipping,No,No,PayPal,2024-05-04
4678,3733,3733,3733,Shoes,92,Free Shipping,No,No,PayPal,2024-03-14
4679,3734,3734,3734,Socks,58,Next Day Air,No,No,Debit Card,2024-10-06
4681,3735,3735,3735,Hoodie,88,Next Day Air,No,No,Debit Card,2024-04-09
4682,3736,3736,3736,Sandals,44,2-Day Shipping,No,No,PayPal,2024-04-23
4683,3737,3737,3737,Jeans,56,Store Pickup,No,No,PayPal,2024-03-16
4684,3738,3738,3738,Jewelry,23,Free Shipping,No,No,PayPal,2024-02-22
4685,3739,3739,3739,Shorts,45,Free Shipping,No,No,Cash,2024-04-07
4687,3740,3740,3740,Sunglasses,31,Free Shipping,No,No,Credit Card,2024-10-18
4688,3741,3741,3741,Pants,96,Store Pickup,No,No,Debit Card,2024-06-23
4689,3742,3742,3742,Shirt,96,2-Day Shipping,No,No,Debit Card,2024-03-17
4690,3743,3743,3743,Shirt,80,Standard,No,No,Credit Card,2024-09-24
4691,3744,3744,3744,Pants,28,Free Shipping,No,No,Debit Card,2024-10-09
4693,3745,3745,3745,Hoodie,51,Next Day Air,No,No,Bank Transfer,2024-08-09
4694,3746,3746,3746,Socks,41,Express,No,No,Debit Card,2024-04-01
4695,3747,3747,3747,Coat,99,Next Day Air,No,No,PayPal,2024-06-03
4696,3748,3748,3748,Sweater,53,Store Pickup,No,No,Bank Transfer,2024-03-26
4697,3749,3749,3749,Backpack,25,2-Day Shipping,No,No,Venmo,2024-11-28
4699,3750,3750,3750,Blouse,95,2-Day Shipping,No,No,Venmo,2024-01-21
4700,3751,3751,3751,Hoodie,88,Free Shipping,No,No,PayPal,2024-10-24
4701,3752,3752,3752,Jewelry,97,Free Shipping,No,No,Credit Card,2024-10-08
4702,3753,3753,3753,Coat,81,2-Day Shipping,No,No,Venmo,2024-12-16
4703,3754,3754,3754,Sunglasses,26,Next Day Air,No,No,Bank Transfer,2024-01-25
4705,3755,3755,3755,Shoes,41,Express,No,No,Cash,2024-07-14
4706,3756,3756,3756,Skirt,93,Free Shipping,No,No,Credit Card,2024-10-13
4707,3757,3757,3757,Skirt,69,Express,No,No,Debit Card,2024-03-10
4708,3758,3758,3758,Skirt,44,2-Day Shipping,No,No,Cash,2024-11-01
4709,3759,3759,3759,Sandals,54,Store Pickup,No,No,Bank Transfer,2024-04-21
4711,3760,3760,3760,Sneakers,61,Store Pickup,No,No,Venmo,2024-04-24
4712,3761,3761,3761,Socks,80,Next Day Air,No,No,PayPal,2024-10-01
4713,3762,3762,3762,Backpack,30,Next Day Air,No,No,Venmo,2024-08-05
4714,3763,3763,3763,Shorts,94,Store Pickup,No,No,PayPal,2024-10-28
4715,3764,3764,3764,Shirt,24,Standard,No,No,Cash,2024-02-16
4717,3765,3765,3765,Socks,21,Next Day Air,No,No,Venmo,2024-09-01
4718,3766,3766,3766,Jewelry,52,Standard,No,No,Bank Transfer,2024-08-04
4719,3767,3767,3767,Handbag,59,Next Day Air,No,No,Debit Card,2024-09-21
4720,3768,3768,3768,Shorts,51,Free Shipping,No,No,Bank Transfer,2024-07-23
4721,3769,3769,3769,Sweater,35,Free Shipping,No,No,Bank Transfer,2024-12-04
4723,3770,3770,3770,Gloves,87,Standard,No,No,Venmo,2024-08-18
4724,3771,3771,3771,Pants,42,Store Pickup,No,No,Bank Transfer,2024-08-20
4725,3772,3772,3772,T-shirt,86,Express,No,No,Venmo,2024-12-08
4726,3773,3773,3773,Pants,26,Next Day Air,No,No,Cash,2024-09-12
4727,3774,3774,3774,Sweater,60,Store Pickup,No,No,Cash,2024-06-16
4729,3775,3775,3775,Gloves,83,Standard,No,No,PayPal,2024-12-17
4730,3776,3776,3776,Belt,63,2-Day Shipping,No,No,Cash,2024-04-11
4731,3777,3777,3777,Sneakers,25,Standard,No,No,Credit Card,2024-03-01
4732,3778,3778,3778,Shorts,65,Express,No,No,Cash,2024-10-10
4733,3779,3779,3779,Sneakers,60,Free Shipping,No,No,Debit Card,2024-10-10
4735,3780,3780,3780,Jeans,75,Express,No,No,PayPal,2024-03-09
4736,3781,3781,3781,Sneakers,57,Free Shipping,No,No,Venmo,2024-09-26
4737,3782,3782,3782,Boots,99,Standard,No,No,PayPal,2024-12-04
4738,3783,3783,3783,Jacket,45,Free Shipping,No,No,PayPal,2024-04-09
4739,3784,3784,3784,Gloves,66,Free Shipping,No,No,Debit Card,2024-06-06
4741,3785,3785,3785,Socks,53,Next Day Air,No,No,Venmo,2024-01-25
4742,3786,3786,3786,Jeans,94,Standard,No,No,Cash,2024-01-22
4743,3787,3787,3787,Boots,47,2-Day Shipping,No,No,Venmo,2024-10-28
4744,3788,3788,3788,Blouse,80,2-Day Shipping,No,No,PayPal,2024-10-08
4745,3789,3789,3789,Hat,65,Next Day Air,No,No,Debit Card,2024-05-23
4747,3790,3790,3790,Shirt,75,Express,No,No,Bank Transfer,2024-07-08
4748,3791,3791,3791,Handbag,45,Standard,No,No,Credit Card,2024-06-03
4749,3792,3792,3792,Sunglasses,51,Store Pickup,No,No,Venmo,2024-04-22
4750,3793,3793,3793,Scarf,58,Express,No,No,PayPal,2024-07-28
4751,3794,3794,3794,Sunglasses,20,Standard,No,No,Bank Transfer,2024-11-10
4753,3795,3795,3795,Scarf,82,2-Day Shipping,No,No,Venmo,2024-08-05
4754,3796,3796,3796,Gloves,92,Express,No,No,Cash,2024-03-15
4755,3797,3797,3797,Shorts,81,Free Shipping,No,No,Bank Transfer,2024-11-28
4756,3798,3798,3798,Sunglasses,44,Next Day Air,No,No,Cash,2024-07-20
4757,3799,3799,3799,Jewelry,72,Next Day Air,No,No,Credit Card,2024-12-09
4759,3800,3800,3800,Jacket,26,Store Pickup,No,No,Credit Card,2024-01-17
4760,3801,3801,3801,Sweater,26,Next Day Air,No,No,Venmo,2024-09-18
4761,3802,3802,3802,Blouse,84,Store Pickup,No,No,PayPal,2024-05-17
4762,3803,3803,3803,Scarf,72,2-Day Shipping,No,No,Bank Transfer,2024-05-16
4763,3804,3804,3804,Handbag,55,Standard,No,No,Debit Card,2024-03-24
4765,3805,3805,3805,Hat,77,2-Day Shipping,No,No,Cash,2024-10-17
4766,3806,3806,3806,Scarf,57,Standard,No,No,Credit Card,2024-09-26
4767,3807,3807,3807,Boots,71,Standard,No,No,PayPal,2024-03-03
4768,3808,3808,3808,Blouse,39,Next Day Air,No,No,PayPal,2024-05-19
4769,3809,3809,3809,Socks,28,Express,No,No,Debit Card,2024-02-16
4771,3810,3810,3810,Shoes,33,Standard,No,No,Credit Card,2024-01-19
4772,3811,3811,3811,Skirt,79,Free Shipping,No,No,Venmo,2024-11-23
4773,3812,3812,3812,Belt,30,Standard,No,No,Cash,2024-12-01
4774,3813,3813,3813,Skirt,75,Next Day Air,No,No,Bank Transfer,2024-05-11
4775,3814,3814,3814,Pants,89,Express,No,No,Venmo,2024-07-05
4777,3815,3815,3815,Dress,95,Free Shipping,No,No,Bank Transfer,2024-12-07
4778,3816,3816,3816,Hat,44,Express,No,No,Venmo,2024-10-14
4779,3817,3817,3817,Coat,86,Store Pickup,No,No,Credit Card,2024-08-20
4780,3818,3818,3818,Scarf,91,Express,No,No,PayPal,2024-11-14
4781,3819,3819,3819,Sneakers,41,Free Shipping,No,No,Cash,2024-12-20
4783,3820,3820,3820,Pants,99,Express,No,No,Cash,2024-03-05
4784,3821,3821,3821,Belt,65,Standard,No,No,Debit Card,2024-02-11
4785,3822,3822,3822,Sneakers,48,Free Shipping,No,No,Credit Card,2024-06-04
4786,3823,3823,3823,Hat,41,Free Shipping,No,No,PayPal,2024-03-26
4787,3824,3824,3824,Shirt,42,Standard,No,No,Bank Transfer,2024-07-06
4789,3825,3825,3825,Shorts,26,Free Shipping,No,No,Credit Card,2024-07-07
4790,3826,3826,3826,Shorts,35,Express,No,No,Debit Card,2024-11-11
4791,3827,3827,3827,Jacket,31,Express,No,No,Bank Transfer,2024-07-17
4792,3828,3828,3828,Jewelry,73,Standard,No,No,Cash,2024-08-25
4793,3829,3829,3829,Blouse,82,Free Shipping,No,No,Cash,2024-05-22
4795,3830,3830,3830,Pants,32,Free Shipping,No,No,Debit Card,2024-04-07
4796,3831,3831,3831,Hat,27,2-Day Shipping,No,No,Bank Transfer,2024-07-20
4797,3832,3832,3832,Backpack,86,Next Day Air,No,No,Debit Card,2024-03-12
4798,3833,3833,3833,Boots,38,2-Day Shipping,No,No,Cash,2024-01-18
4799,3834,3834,3834,Jacket,93,Free Shipping,No,No,PayPal,2024-06-06
4801,3835,3835,3835,Hoodie,59,2-Day Shipping,No,No,Cash,2024-02-23
4802,3836,3836,3836,Sandals,58,Express,No,No,PayPal,2024-12-06
4803,3837,3837,3837,Skirt,84,Free Shipping,No,No,PayPal,2024-03-08
4804,3838,3838,3838,Hoodie,100,Free Shipping,No,No,Bank Transfer,2024-04-20
4805,3839,3839,3839,Dress,25,Express,No,No,Venmo,2024-08-16
4807,3840,3840,3840,Sandals,29,Free Shipping,No,No,Venmo,2024-03-15
4808,3841,3841,3841,Jeans,42,Express,No,No,Venmo,2024-03-16
4809,3842,3842,3842,Jeans,57,2-Day Shipping,No,No,Bank Transfer,2024-10-25
4810,3843,3843,3843,Jacket,84,Next Day Air,No,No,Debit Card,2024-01-12
4811,3844,3844,3844,Hat,71,Free Shipping,No,No,Venmo,2024-12-11
4813,3845,3845,3845,Shorts,87,Next Day Air,No,No,Venmo,2024-09-06
4814,3846,3846,3846,Sweater,52,Standard,No,No,Venmo,2024-12-13
4815,3847,3847,3847,Blouse,58,Express,No,No,PayPal,2024-07-06
4816,3848,3848,3848,Sweater,34,2-Day Shipping,No,No,PayPal,2024-11-18
4817,3849,3849,3849,Jewelry,60,Next Day Air,No,No,Cash,2024-01-14
4819,3850,3850,3850,Hoodie,68,Express,No,No,PayPal,2024-12-17
4820,3851,3851,3851,Jewelry,74,2-Day Shipping,No,No,Debit Card,2024-08-18
4821,3852,3852,3852,Scarf,83,Free Shipping,No,No,Debit Card,2024-07-19
4822,3853,3853,3853,Hat,79,2-Day Shipping,No,No,PayPal,2024-11-15
4823,3854,3854,3854,Sunglasses,76,Store Pickup,No,No,Debit Card,2024-10-28
4825,3855,3855,3855,T-shirt,20,Free Shipping,No,No,Venmo,2024-03-16
4826,3856,3856,3856,Shirt,61,Next Day Air,No,No,Cash,2024-08-05
4827,3857,3857,3857,Sandals,78,Free Shipping,No,No,Debit Card,2024-07-09
4828,3858,3858,3858,Hat,21,Store Pickup,No,No,Credit Card,2024-08-11
4829,3859,3859,3859,T-shirt,77,Store Pickup,No,No,Credit Card,2024-01-17
4831,3860,3860,3860,Shorts,88,2-Day Shipping,No,No,Bank Transfer,2024-10-19
4832,3861,3861,3861,Sunglasses,64,Next Day Air,No,No,Cash,2024-08-15
4833,3862,3862,3862,Jacket,57,Standard,No,No,Credit Card,2024-04-08
4834,3863,3863,3863,Shirt,49,Next Day Air,No,No,Venmo,2024-01-16
4835,3864,3864,3864,Scarf,35,Free Shipping,No,No,Cash,2024-08-02
4837,3865,3865,3865,T-shirt,99,Express,No,No,Debit Card,2024-12-28
4838,3866,3866,3866,Shorts,42,Store Pickup,No,No,Cash,2024-05-27
4839,3867,3867,3867,Hat,32,2-Day Shipping,No,No,Credit Card,2024-01-18
4840,3868,3868,3868,Jacket,21,Standard,No,No,Credit Card,2024-08-09
4841,3869,3869,3869,Dress,29,2-Day Shipping,No,No,Cash,2024-01-22
4843,3870,3870,3870,Coat,64,Free Shipping,No,No,Bank Transfer,2024-05-14
4844,3871,3871,3871,Sandals,46,Next Day Air,No,No,Cash,2024-10-28
4845,3872,3872,3872,T-shirt,97,2-Day Shipping,No,No,Bank Transfer,2024-09-26
4846,3873,3873,3873,Jacket,94,Standard,No,No,Cash,2024-04-28
4847,3874,3874,3874,Sandals,43,Standard,No,No,Credit Card,2024-06-03
4849,3875,3875,3875,Sweater,54,2-Day Shipping,No,No,Credit Card,2024-08-10
4850,3876,3876,3876,Hat,51,2-Day Shipping,No,No,Credit Card,2024-01-19
4851,3877,3877,3877,Shoes,85,2-Day Shipping,No,No,Cash,2024-11-25
4852,3878,3878,3878,Hoodie,96,Next Day Air,No,No,Debit Card,2024-04-22
4853,3879,3879,3879,Hat,42,2-Day Shipping,No,No,Credit Card,2024-07-02
4855,3880,3880,3880,Skirt,63,Free Shipping,No,No,Debit Card,2024-01-08
4856,3881,3881,3881,Shirt,20,Free Shipping,No,No,PayPal,2024-02-21
4857,3882,3882,3882,Scarf,25,2-Day Shipping,No,No,Debit Card,2024-03-06
4858,3883,3883,3883,Pants,95,Free Shipping,No,No,Cash,2024-09-22
4859,3884,3884,3884,Hat,38,Next Day Air,No,No,Cash,2024-09-02
4861,3885,3885,3885,Sandals,29,Express,No,No,PayPal,2024-09-13
4862,3886,3886,3886,Socks,64,Free Shipping,No,No,Cash,2024-02-27
4863,3887,3887,3887,Jewelry,92,Express,No,No,Debit Card,2024-06-25
4864,3888,3888,3888,Shirt,34,Express,No,No,Credit Card,2024-03-28
4865,3889,3889,3889,Sneakers,69,Standard,No,No,Venmo,2024-03-06
4867,3890,3890,3890,Dress,65,Express,No,No,Bank Transfer,2024-04-14
4868,3891,3891,3891,Shirt,81,Standard,No,No,Debit Card,2024-01-11
4869,3892,3892,3892,Dress,30,Free Shipping,No,No,Bank Transfer,2024-12-21
4870,3893,3893,3893,Jewelry,86,Standard,No,No,PayPal,2024-07-13
4871,3894,3894,3894,Hat,64,Store Pickup,No,No,Bank Transfer,2024-10-26
4873,3895,3895,3895,Skirt,78,2-Day Shipping,No,No,Credit Card,2024-03-16
4874,3896,3896,3896,Hoodie,28,2-Day Shipping,No,No,Venmo,2024-07-18
4875,3897,3897,3897,Backpack,49,Store Pickup,No,No,Bank Transfer,2024-03-26
4876,3898,3898,3898,Belt,33,Standard,No,No,Venmo,2024-04-08
4877,3899,3899,3899,Shoes,77,Express,No,No,Venmo,2024-06-26
4879,3900,3900,3900,Handbag,81,Store Pickup,No,No,Venmo,2024-05-24
